Date,Close,High,Low,Open,Volume
2013-01-02,16.581403732299805,16.76170582486638,16.357915654650395,16.726068314487094,560518000
2013-01-03,16.37210464477539,16.600728199945454,16.338883301053652,16.546667910703256,352965200
2013-01-04,15.916069030761719,16.267310178110232,15.880733139391074,16.217175728983257,594333600
2013-01-07,15.82244873046875,15.9855345168026,15.559697257479101,15.7650657984686,484156400
2013-01-08,15.865025520324707,16.06375036014179,15.742409610256086,15.982810730314986,458707200
2013-01-09,15.61707592010498,15.855967370143448,15.583551341990933,15.78016166185468,407604400
2013-01-10,15.810667037963867,15.968014006071447,15.569357815394058,15.962880076150723,601146000
2013-01-11,15.713724136352539,15.865333974348712,15.675065619622298,15.734864706228342,350506800
2013-01-14,15.153485298156738,15.327142112488126,15.055632572023544,15.181571101548268,734207600
2013-01-15,14.675400733947754,15.070131071965049,14.598688562957516,15.049292123053254,876772400
2013-01-16,15.28455924987793,15.385734604338001,14.874125508198995,14.93875528203548,690804800
2013-01-17,15.181570053100586,15.42529538967642,15.161940798884212,15.412006529734866,453678400
2013-01-18,15.10063362121582,15.167679547645188,14.991908186875047,15.055934724007942,472922800
2013-01-22,15.244693756103516,15.338619024169095,14.998855459810697,15.238351748066254,461546400
2013-01-23,15.523755073547363,15.553352189526066,15.244695399375415,15.366708098690998,861509600
2013-01-24,13.605672836303711,14.065637811502683,13.598121136421598,13.892584205404505,1460852400
2013-01-25,13.284934997558594,13.778725382157667,13.137552648966906,13.641612507098234,1208026400
2013-01-28,13.585436820983887,13.687517026738272,13.163525519151923,13.223022170857035,785517600
2013-01-29,13.840335845947266,13.898625229640379,13.654598214342514,13.847282700469147,571158000
2013-01-30,13.796847343444824,13.971109044866965,13.726478784197454,13.801981274041788,417155200
2013-01-31,13.75637435913086,13.870836952617335,13.740972570877297,13.80137487146455,319334400
2013-02-01,13.699899673461914,13.87687913052377,13.540739776409712,13.865704808316412,539484400
2013-02-04,13.358625411987305,13.769966433150449,13.348960784705218,13.708657663521045,477117200
2013-02-05,13.827350616455078,13.88473353973243,13.355606438072613,13.410874820708072,573347600
2013-02-06,13.812553405761719,14.08889373298492,13.668492044249106,13.785975675710276,593706400
2013-02-07,14.223247528076172,14.277317880015966,13.794927083175674,14.072272670688635,704580800
2013-02-08,14.428601264953613,14.544946076929437,14.224161131498166,14.39883165887739,633158400
2013-02-11,14.57896900177002,14.73116065016295,14.37605058933076,14.474775371832848,517490400
2013-02-12,14.213533401489258,14.653396874746209,14.208672924061739,14.566213277631784,609053200
2013-02-13,14.186495780944824,14.38789732995661,14.071366074094952,14.192571377035243,475207600
2013-02-14,14.173738479614258,14.327143637592002,14.09566909423365,14.110857273983727,355275200
2013-02-15,13.978410720825195,14.282184010706574,13.971120006125139,14.24238845405495,391745200
2013-02-19,13.973247528076172,14.056482389990297,13.78673239135643,14.006967494647043,435783600
2013-02-20,13.634841918945312,13.903376723371288,13.633321803483918,13.903376723371288,476302400
2013-02-21,13.550093650817871,13.644567969771868,13.451671410457573,13.548270971672617,447182400
2013-02-22,13.694384574890137,13.71838196396923,13.566496109517002,13.646996545211913,330654800
2013-02-25,13.451058387756348,13.8253060749109,13.444071048711477,13.786727267739543,372579200
2013-02-26,13.638487815856934,13.716557185258655,13.29492061779681,13.482044080556102,501499600
2013-02-27,13.504828453063965,13.743897871476038,13.385750021906471,13.622084205510212,587350400
2013-02-28,13.408533096313477,13.605073344739269,13.408533096313477,13.48903271146763,322515200
2013-03-01,13.076505661010742,13.310714534082495,13.061620861487075,13.305245688393745,552448400
2013-03-04,12.759979248046875,13.007553708351914,12.728082773723902,12.995402516007726,582755600
2013-03-05,13.096861839294434,13.219889816146647,12.781242341036457,12.803417860300023,638433600
2013-03-06,12.93039321899414,13.221711925770906,12.89302871401205,13.199232223481244,460250000
2013-03-07,13.079849243164062,13.123289342119337,12.790657408549029,12.895155209753693,468473600
2013-03-08,13.11447811126709,13.227177549775933,13.02000464503221,13.056154026597438,391482000
2013-03-11,13.301300048828125,13.33593094221959,12.914596923146465,13.054636556482052,474236000
2013-03-12,13.014538764953613,13.331981734138003,12.988414515532254,13.232344401679025,465911600
2013-03-13,13.012107849121094,13.19892793914766,12.921280540424826,13.015146457865924,405549200
2013-03-14,13.138175964355469,13.20318240680542,13.075901512149734,13.148199480818585,303875600
2013-03-15,13.47718620300293,13.494501245813504,13.282467003776917,13.303124029927675,643960800
2013-03-18,13.843533515930176,13.896388755517682,13.402455081482943,13.410049169159713,606197200
2013-03-19,13.806173324584961,14.003017772730178,13.624212059093422,13.958361735480867,526775200
2013-03-20,13.732962608337402,13.90155755999763,13.657323465266575,13.895178589712916,308660800
2013-03-21,13.752704620361328,13.91218532885207,13.672813390201553,13.67645874697217,383255600
2013-03-22,14.031569480895996,14.037340079348239,13.76424979279737,13.808904198869339,395105200
2013-03-25,14.082297325134277,14.275801344131779,14.027618601365104,14.116015655149067,501135600
2013-03-26,14.0081787109375,14.150951134860701,13.989648552127763,14.138799945096657,294294000
2013-03-27,13.732962608337402,13.876343430759324,13.691953551659632,13.866015728614745,331237200
2013-03-28,13.446807861328125,13.725063641205498,13.415215576426675,13.664309309561244,442839600
2013-04-01,13.029121398925781,13.478401587019949,12.993580378797798,13.423722033766333,389732000
2013-04-02,13.055853843688965,13.309503907208978,12.952874513615233,12.98932809165997,529519200
2013-04-03,13.122684478759766,13.28338036029199,13.071650277945052,13.103850129102023,363216000
2013-04-04,12.992971420288086,13.214118239395239,12.917939840415759,13.176451167935532,358447600
2013-04-05,12.855666160583496,12.908826403321001,12.748737304410655,12.895155908160246,383695200
2013-04-08,12.947100639343262,12.986287011544123,12.834097813548851,12.90578740324725,300829200
2013-04-09,12.970494270324707,13.016667182069767,12.841998241556658,12.951660732063635,306614000
2013-04-10,13.235075950622559,13.27669336762079,12.941023664316958,13.004512410487672,375928000
2013-04-11,13.193768501281738,13.304948678556887,13.098686627693233,13.175237525381233,328364400
2013-04-12,13.056157112121582,13.188297673028437,13.034589152207078,13.188297673028437,238613200
2013-04-15,12.753904342651367,12.998137643870429,12.744790947899627,12.971101645020807,317520000
2013-04-16,12.948014259338379,12.95925289531656,12.77577476112843,12.80615193029096,305771200
2013-04-17,12.235970497131348,12.776687220885641,12.093501411668326,12.76666208123752,945056000
2013-04-18,11.90941333770752,12.326796993714948,11.8392414299396,12.30249542409342,666299200
2013-04-19,11.863239288330078,12.138761438916147,11.698289722518933,11.785473294357546,609274400
2013-04-22,12.110511779785156,12.217744835240188,11.885721211210912,11.927337016993683,429920400
2013-04-23,12.337128639221191,12.405477074630262,12.114765854385528,12.272120565276808,664238400
2013-04-24,12.316773414611816,12.614166942200978,11.923083718889322,11.95467681790424,969651200
2013-04-25,12.405475616455078,12.574373130136328,12.363554815045745,12.492050831904344,384837600
2013-04-26,12.67340087890625,12.721093083308187,12.40152408412103,12.448912914350906,764097600
2013-04-29,13.065876960754395,13.172197446777599,12.7584583227845,12.772128006854805,640326400
2013-04-30,13.450453758239746,13.525486152182042,13.125113298105951,13.217156549706235,691538400
2013-05-01,13.344440460205078,13.515768250477793,13.195592380233471,13.5014910022185,506909200
2013-05-02,13.533685684204102,13.626942412506551,13.385140233041222,13.420073685780471,421828400
2013-05-03,13.669170379638672,13.767896781219756,13.643956252067014,13.70957106287873,361300800
2013-05-06,13.995115280151367,14.040376427268798,13.800699518000078,13.843227053414838,496641600
2013-05-07,13.932842254638672,14.148216809807904,13.782170753800393,14.124522802122836,483753200
2013-05-08,14.090200424194336,14.136678331388552,13.846271310790447,13.94438935425117,472598000
2013-05-09,13.96727466583252,14.157777690315903,13.930886814652629,14.06023336131375,398487600
2013-05-10,13.851075172424316,14.057173888497845,13.774935378612614,14.003967157582885,334852000
2013-05-13,13.905197143554688,14.001825303003455,13.806124293304924,13.80642967552255,316948800
2013-05-14,13.572508811950684,13.919267123734846,13.52021903716315,13.877986625067495,447118000
2013-05-15,13.113523483276367,13.485051149235769,12.915070774652701,13.428787335521289,741613600
2013-05-16,13.288742065429688,13.388733540796187,12.809273881644426,12.941983723304425,603204000
2013-05-17,13.248383522033691,13.457234069807557,13.179582658959363,13.425432654970672,427904400
2013-05-20,13.544069290161133,13.631829125879138,13.151748636387488,13.207095494326934,451578400
2013-05-21,13.444080352783203,13.622046381661047,13.277122784412308,13.397907201563294,456022000
2013-05-22,13.495757102966309,13.709806409048793,13.400046700472405,13.578318919845968,443038400
2013-05-23,13.519913673400879,13.642839022734027,13.325741168504562,13.33063381721794,353021200
2013-05-24,13.611958503723145,13.62755341772041,13.465488465095815,13.480471797827885,276166800
2013-05-28,13.498505592346191,13.794198048369102,13.48046517867671,13.757199441317796,386145200
2013-05-29,13.6058349609375,13.68381030315265,13.436124930653262,13.454472358185038,330576400
2013-05-30,13.808571815490723,13.897861011105174,13.592382416430295,13.627241717944417,353519600
2013-05-31,13.752004623413086,13.97736695417028,13.744971032408946,13.836704932449699,384302800
2013-06-03,13.782276153564453,13.832424169483765,13.530310462207195,13.782581535841935,372352400
2013-06-04,13.739157676696777,13.895719140805221,13.680447535921116,13.858718899934198,292728800
2013-06-05,13.61072826385498,13.782273045155039,13.567918414082119,13.627240132898962,290589600
2013-06-06,13.407384872436523,13.668524275371597,13.272534919980338,13.621739547997198,416934000
2013-06-07,13.5098237991333,13.553550624820817,13.233394846058205,13.34745268466342,404535600
2013-06-10,13.420534133911133,13.732126949845256,13.356625949769553,13.59911173390495,450153200
2013-06-11,13.381087303161621,13.538871959078161,13.250212215344447,13.324212711087544,286112400
2013-06-12,13.215655326843262,13.492695767064506,13.194556193431382,13.439183661519575,265227200
2013-06-13,13.330938339233398,13.36702080463595,13.110468678260046,13.225138083754672,285832400
2013-06-14,13.150218963623047,13.341028144302314,13.102821846541833,13.313813199304004,271866000
2013-06-17,13.209847450256348,13.32298749237164,13.159699438344331,13.192723997771541,259414400
2013-06-18,13.20280933380127,13.298519685917316,13.155107665337752,13.196388143784201,195025600
2013-06-19,12.934643745422363,13.199451810325522,12.934643745422363,13.191501256600644,310940000
2013-06-20,12.746281623840332,13.02576683423663,12.695215827430962,12.821504465129317,357310800
2013-06-21,12.644149780273438,12.842909561504454,12.479026960622454,12.796735595236962,481118400
2013-06-24,12.309012413024902,12.496152166985377,12.171715299248973,12.457623370095567,480746000
2013-06-25,12.311765670776367,12.469549538207563,12.195567692011787,12.405641343937807,314162800
2013-06-26,12.17232608795166,12.3778124331817,12.09863179205784,12.350597483184016,367724000
2013-06-27,12.041144371032715,12.273845673689031,12.033806214313932,12.208408945142997,337246000
2013-06-28,12.125235557556152,12.23959795798809,11.89100489369088,11.96714551641329,578516400
2013-07-01,12.513272285461426,12.606537163512984,12.268645600262552,12.313596395664591,391053600
2013-07-02,12.796731948852539,12.892748524215554,12.520916291260779,12.535899616157339,469865200
2013-07-03,12.8673677444458,12.934029247962487,12.764930798559195,12.869202487199377,240928800
2013-07-05,12.764015197753906,12.943510553400923,12.700718603275515,12.854833754763916,274024800
2013-07-08,12.691544532775879,12.873486219125887,12.556999969108714,12.846272087441278,298138400
2013-07-09,12.91477108001709,12.949935774942425,12.548748297882689,12.647210423510016,352584400
2013-07-10,12.86523151397705,12.989686235009511,12.789397901983483,12.830678404260214,281405600
2013-07-11,13.065824508666992,13.09518040002013,12.878685600471536,12.933114682628547,326292400
2013-07-12,13.041975975036621,13.142272838679425,12.947183341998104,13.076835285666816,279563200
2013-07-15,13.07041072845459,13.193336071742609,12.989684478244222,12.996106487629794,241917200
2013-07-16,13.154808044433594,13.17040213658178,12.97042003025351,13.042278763078997,216538000
2013-07-17,13.158170700073242,13.216576283533202,13.094262520086886,13.139518702380338,198990400
2013-07-18,13.20251178741455,13.297609798653129,13.167347095985289,13.25204822764441,218878800
2013-07-19,12.994270324707031,13.270392202214149,12.975922894938767,13.243483455084057,268721600
2013-07-22,13.035856246948242,13.141045728415456,13.010170661708466,13.132178212259944,207796400
2013-07-23,12.812026023864746,13.055734977663448,12.803463888133622,13.026379900258368,369395600
2013-07-24,13.470070838928223,13.5948301131417,13.309534479795785,13.421756750132921,591936800
2013-07-25,13.408608436584473,13.49728606192913,13.326352820975604,13.475881540223607,229493600
2013-07-26,13.484748840332031,13.48627738477342,13.281402621288258,13.3107576967222,200152400
2013-07-29,13.692682266235352,13.759954555978604,13.460592540009051,13.478939156970759,248057600
2013-07-30,13.861780166625977,13.978895087458001,13.736713875097008,13.759036176607891,309422400
2013-07-31,13.837620735168457,13.984702296178927,13.74282812660338,13.912844384142257,322957600
2013-08-01,13.964526176452637,13.968195663951024,13.859948232339745,13.936089689666076,206250800
2013-08-02,14.14371395111084,14.153193867775748,13.963913981290592,14.005194486623164,274783600
2013-08-05,14.355008125305176,14.39231375433899,14.13178674870726,14.20945509561884,318855600
2013-08-06,14.226577758789062,14.429617753514261,14.132395916965288,14.311279686758851,334857600
2013-08-07,14.218321800231934,14.280090668727848,14.120165084659401,14.1822393354102,298858000
2013-08-08,14.190006256103516,14.285117368601512,14.095817339532019,14.277729938131474,255777200
2013-08-09,13.988086700439453,14.173076576534314,13.963463575598071,14.11705604969878,266865200
2013-08-12,14.385457992553711,14.425163368685412,14.055185340177268,14.06226537060698,364434000
2013-08-13,15.069090843200684,15.225762233346758,14.406697724628044,14.495654289425907,881941200
2013-08-14,15.343960762023926,15.520946797933817,15.18698194327692,15.324877384812197,756372400
2013-08-15,15.325798034667969,15.464002504805444,15.054008293682767,15.279936454246371,490294000
2013-08-16,15.461844444274902,15.48062041726833,15.3550373991624,15.394742779278252,362306000
2013-08-19,15.628369331359863,15.81305018626334,15.513250990248038,15.523715696224302,510518400
2013-08-20,15.423063278198242,15.715476657380112,15.415368448826571,15.689005852558061,358688400
2013-08-21,15.462764739990234,15.610200971106938,15.427058837703626,15.500624075912286,335879600
2013-08-22,15.48123836517334,15.562191066470291,15.334724266284168,15.543415089655651,244207600
2013-08-23,15.421525001525879,15.49324258829655,15.370122027786104,15.490780111332617,222731600
2013-08-26,15.48154067993164,15.704082429237959,15.405512965844396,15.413207792431258,330965600
2013-08-27,15.038926124572754,15.46738891625732,14.96843977312945,15.328568004085035,424188800
2013-08-28,15.110028266906738,15.260852515441965,14.959205662214615,14.959205662214615,307608000
2013-08-29,15.13465404510498,15.28239938535365,15.117109306498492,15.133115407858126,239657600
2013-08-30,14.996758460998535,15.173128041313467,14.974596167033468,15.143887358547511,272297200
2013-09-03,15.038619041442871,15.408597188457978,15.000759688515968,15.177745711364645,331928800
2013-09-04,15.349806785583496,15.459077975198868,15.275626716945352,15.376586635297274,345032800
2013-09-05,15.244538307189941,15.41106126756642,15.194366568770274,15.39782504209035,236367600
2013-09-06,15.33534049987793,15.371044773288304,15.080788099042607,15.342113133692422,359525600
2013-09-09,15.580042839050293,15.633908291149172,15.497244103797348,15.544029523480765,340687200
2013-09-10,15.225146293640137,15.619441780072123,15.06693626122083,15.58096598917808,743195600
2013-09-11,14.396233558654785,14.580297934685133,14.306969602065639,14.37468606605837,898696400
2013-09-12,14.549519538879395,14.632933063890174,14.343906013430106,14.420550192994334,404051200
2013-09-13,14.309739112854004,14.523045804613727,14.303584565232235,14.446403275682805,298835600
2013-09-16,13.854805946350098,14.208470482575594,13.765543644267405,14.189696155176716,543706800
2013-09-17,14.014863967895508,14.14998948445596,13.774162651757253,13.788321069223406,399380800
2013-09-18,14.302968978881836,14.354371947800994,14.179231988813026,14.256798362059566,456862000
2013-09-19,14.53751277923584,14.646167500148264,14.443632917344276,14.488264893009097,404541200
2013-09-20,14.38700008392334,14.72989095505912,14.343599339021944,14.712962659059023,699302800
2013-09-23,15.102022171020508,15.295014233405926,14.854548230628227,15.27008207144925,762106800
2013-09-24,15.05462646484375,15.25069588071447,15.015228471214124,15.232536343199284,364344400
2013-09-25,14.82161808013916,15.071245525815643,14.818540805758783,15.057703545930206,316957200
2013-09-26,14.96597671508789,15.038001700945784,14.894566526553078,14.959205725318435,237221600
2013-09-27,14.859169960021973,14.918267764885647,14.796685838282016,14.890873118893794,228040400
2013-09-30,14.674492835998535,14.825622881441117,14.60246618654171,14.689882499414063,260156400
2013-10-01,15.019536018371582,15.055856734908643,14.724660129082094,14.726815207578591,353883600
2013-10-02,15.068777084350586,15.137724770380741,14.889945102481512,14.947811646210704,289184000
2013-10-03,14.879483222961426,15.154659252573424,14.797300936288812,15.098022286037075,322753200
2013-10-04,14.86778450012207,14.916108543599188,14.731427749214602,14.893331459324639,258868400
2013-10-07,15.01306438446045,15.163886921556976,14.939191752366925,14.976436288857345,312292400
2013-10-08,14.80345630645752,15.102024205307195,14.791143923111427,15.080476712530082,290917200
2013-10-09,14.977363586425781,15.014299093133346,14.721579983274596,14.917341949663426,301725200
2013-10-10,15.071243286132812,15.155580646508499,14.99121443801801,15.122955296320871,278602800
2013-10-11,15.168816566467285,15.20051972015018,14.933347581556006,14.989675501503019,267738800
2013-10-14,15.268235206604004,15.315637056708011,15.062315954385294,15.077090813198405,261898000
2013-10-15,15.34950065612793,15.451691821493224,15.252236089266637,15.31348733613271,320073600
2013-10-16,15.424291610717773,15.467999745649877,15.36642505816296,15.414441704947974,251101200
2013-10-17,15.528636932373047,15.537255600342952,15.380276829069626,15.389510294258821,253593200
2013-10-18,15.663766860961914,15.675155407306228,15.56588585583405,15.574504526227129,290542000
2013-10-21,16.047592163085938,16.13808570525426,15.744714140478983,15.752408968288064,398106800
2013-10-22,16.001731872558594,16.26582676190548,15.637293517097484,16.203035245922536,534063600
2013-10-23,16.15840721130371,16.18026210969983,15.97495592840727,15.97495592840727,313723200
2013-10-24,16.372331619262695,16.38956896272793,16.081151035878083,16.15963963385964,384764800
2013-10-25,16.189184188842773,16.41295560821939,16.16302078326711,16.354165206296294,337792000
2013-10-28,16.309839248657227,16.34431391818442,16.104534799808295,16.28398324651183,550440800
2013-10-29,15.903536796569824,16.59824765365189,15.83766802733057,16.506522885626403,635807200
2013-10-30,16.15655517578125,16.237198816803943,15.914006167813168,15.993727613014308,354163600
2013-10-31,16.088838577270508,16.23627649736927,16.044823037823246,16.159633962592263,275696400
2013-11-01,16.00665283203125,16.153474279281436,15.877683515610219,16.12946595784867,274890000
2013-11-04,16.2135009765625,16.215656054908553,15.969105886598658,16.03959223625569,244627600
2013-11-05,16.173480987548828,16.27936581881335,16.098069709790302,16.146702792133322,265213200
2013-11-06,16.12766456604004,16.249647133748603,16.043453191509847,16.2276646432344,223375600
2013-11-07,15.866668701171875,16.197940410964588,15.863264267744558,16.086176118823026,262620400
2013-11-08,16.116519927978516,16.134167099003996,15.869768727005292,15.931379228902731,279316800
2013-11-11,16.06976890563965,16.150883384004928,15.926114698184554,16.098871109840946,227452400
2013-11-12,16.099496841430664,16.220550215069334,16.00630725499589,16.027049671947758,204276800
2013-11-13,16.118696212768555,16.168851705348096,16.00507171715089,16.037270835714022,197220800
2013-11-14,16.3518123626709,16.386486656604564,16.15707348560641,16.186175686146512,282419200
2013-11-15,16.253673553466797,16.380608190457842,16.238194042309964,16.302899787835656,317920400
2013-11-18,16.0567684173584,16.321786865505025,16.043456565658417,16.253675026114998,244944000
2013-11-19,16.085247039794922,16.20382350680962,16.036330010210737,16.069147492150467,208938800
2013-11-20,15.944384574890137,16.112188978069476,15.92364215965006,16.075345356005336,193916800
2013-11-21,16.134471893310547,16.136639553284922,15.903201919293911,16.024873616116448,262026800
2013-11-22,16.092987060546875,16.166052586089744,16.05366825092005,16.084318073209893,223725600
2013-11-25,16.214962005615234,16.28090613296167,16.130132292366252,16.130750678737076,229311600
2013-11-26,16.514041900634766,16.59887330540199,16.223019884631185,16.226733511402074,401382800
2013-11-27,16.90289878845215,16.904137215127616,16.5140410795563,16.604135380116404,363448400
2013-11-29,17.215900421142578,17.285869029820276,16.96017116667898,17.01187422675771,318127600
2013-12-02,17.06606101989746,17.47163506603664,17.053367558041092,17.27565939064418,472544800
2013-12-03,17.533246994018555,17.535105461166143,17.26575338624553,17.284948177274316,450968000
2013-12-04,17.49237823486328,17.622100547288724,17.36296511577453,17.50785774298155,377809600
2013-12-05,17.582170486450195,17.806320886646976,17.536041132371075,17.729230847413138,447580000
2013-12-06,17.33819580078125,17.546557378101078,17.324265566853136,17.51683513654715,344352400
2013-12-09,17.53664207458496,17.634165242288102,17.36543337623365,17.36543337623365,320493600
2013-12-10,17.509408950805664,17.581546912573796,17.37473290363663,17.448418485845636,278269600
2013-12-11,17.379688262939453,17.677215014082766,17.327986822594124,17.554303185404176,359718800
2013-12-12,17.354299545288086,17.502907482116903,17.33851084072436,17.40383662652478,262290000
2013-12-13,17.165128707885742,17.42674095829164,17.141600255490857,17.425811724964447,332822000
2013-12-16,17.26018524169922,17.419320676475532,17.183096859179855,17.18340605265799,282592800
2013-12-17,17.182466506958008,17.320237747122345,17.132620249250333,17.207853425750713,229902400
2013-12-18,17.051822662353516,17.072875924215396,16.6812320127903,17.018695975680874,565863200
2013-12-19,16.856456756591797,17.0279746986355,16.833855885616074,17.012495193618694,320308800
2013-12-20,16.997634887695312,17.07782176984511,16.867603401770282,16.886488994031964,436413600
2013-12-23,17.649967193603516,17.669471178591536,17.42303082164771,17.585259796815947,501306400
2013-12-24,17.57504653930664,17.70538727219746,17.52427102787262,17.643776763647697,167554800
2013-12-26,17.45832061767578,17.63169704403088,17.44222107101821,17.588352110722035,204008000
2013-12-27,17.340364456176758,17.474111243965407,17.32209890092022,17.455845688708873,225884400
2013-12-30,17.16792106628418,17.3403683166828,17.099809230423546,17.25894462981197,253629600
2013-12-31,17.369163513183594,17.377212463481946,17.151823667278244,17.15708822310198,223084400
2014-01-02,17.124879837036133,17.245623946739524,17.09051474000117,17.20382829032835,234684800
2014-01-03,16.74872589111328,17.142535819980477,16.731697103756858,17.11653050222712,392467600
2014-01-06,16.84005355834961,16.92890779823009,16.52023682657414,16.63943335336072,412610800
2014-01-07,16.719619750976562,16.902901973157732,16.653984778250567,16.85212812333735,317209200
2014-01-08,16.82550811767578,16.890523070885074,16.677829382118674,16.681543010584583,258529600
2014-01-09,16.610639572143555,16.93076548249289,16.574415998997605,16.928907015439027,279148800
2014-01-10,16.49980354309082,16.743148650041576,16.44314675060042,16.713117210071836,304976000
2014-01-13,16.586181640625,16.79578001488339,16.405065430962317,16.405994664475774,378492800
2014-01-14,16.916221618652344,16.926747424479206,16.64594022133949,16.66327820435873,332561600
2014-01-15,17.25585174560547,17.343778435151304,17.079379979551334,17.13696602535039,391638800
2014-01-16,17.159561157226562,17.2400572555832,17.07999263900258,17.17968518181572,229278000
2014-01-17,16.73912239074707,17.092065764215693,16.71528308802679,17.073800208857744,426739600
2014-01-21,16.999195098876953,17.03015413031059,16.731390548393993,16.74903772541232,328526800
2014-01-22,17.074731826782227,17.253678738684577,16.96017981107906,17.05615542204752,379985200
2014-01-23,17.219316482543945,17.22922390004371,16.86730223506985,17.026126801621057,403239200
2014-01-24,16.906309127807617,17.201975717107025,16.865441037237186,17.15182025085451,429354800
2014-01-27,17.043466567993164,17.176595037348882,16.896407856768477,17.030154713122297,554878800
2014-01-28,15.681220054626465,15.94437828681617,15.544065538244201,15.751188682729177,1065523200
2014-01-29,15.50320053100586,15.708156034190731,15.437256370260423,15.602273022235353,502810000
2014-01-30,15.473172187805176,15.681224626326946,15.377816611376748,15.558622001226498,678501600
2014-01-31,15.498554229736328,15.527347236350344,15.28028690361348,15.330751550154565,464797200
2014-02-03,15.527355194091797,15.719308118747396,15.458315765625011,15.560792731198342,401464000
2014-02-04,15.752118110656738,15.772862173590319,15.565429811456378,15.661096218061994,376681200
2014-02-05,15.869767189025879,15.953049328184468,15.673480666202856,15.683078887684632,328344800
2014-02-06,15.962273597717285,15.99310855868281,15.815889868365039,15.885967964191908,257765200
2014-02-07,16.185579299926758,16.2868017016443,16.1139460084574,16.238526658261698,370280400
2014-02-10,16.475543975830078,16.568980304539394,16.133257365818515,16.153812892400026,345559200
2014-02-11,16.692630767822266,16.74837920203136,16.4914300846023,16.526002563568646,282256800
2014-02-12,16.691383361816406,16.804753149410576,16.607915400443375,16.72346416074432,308100800
2014-02-13,16.9564266204834,16.969507106486642,16.637809334702755,16.652135660484284,307398000
2014-02-14,16.942724227905273,17.004705185543656,16.856142503729803,16.895383969865236,272924400
2014-02-18,17.005016326904297,17.16697054253016,16.993180014823267,17.005327371080682,260251600
2014-02-19,16.73653793334961,17.033041109591906,16.642479537035562,16.966389521583483,313768000
2014-02-20,16.542816162109375,16.725016487519166,16.475853521402893,16.600123128681496,305858000
2014-02-21,16.35906410217285,16.64933820908285,16.33881961519938,16.593899153062324,278784800
2014-02-24,16.430692672729492,16.504508265819005,16.270919122551334,16.293655283305323,288909600
2014-02-25,16.25970458984375,16.493604748828176,16.226690670475215,16.487688257937716,231952000
2014-02-26,16.11301612854004,16.35127765039836,16.058511869705377,16.307985952867543,276217200
2014-02-27,16.434429168701172,16.468999970358624,16.072520247192873,16.106468960714263,301882000
2014-02-28,16.38990020751953,16.59265613563041,16.261580324093014,16.478351539292685,371968800
2014-03-03,16.43723487854004,16.527244727500715,16.283065109707238,16.30206375136797,238781200
2014-03-04,16.545623779296875,16.589228184515797,16.437550057202877,16.538150401740186,259140000
2014-03-05,16.580503463745117,16.654939484575134,16.479903142504913,16.535654892101135,200062800
2014-03-06,16.530363082885742,16.645289760455494,16.447828250034686,16.593899268803614,185488800
2014-03-07,16.520706176757812,16.568670183679195,16.38397815161755,16.540950660328352,220729600
2014-03-10,16.535655975341797,16.610715752688034,16.45530013073787,16.45592388237783,178584000
2014-03-11,16.696678161621094,16.779212992360677,16.587669643536664,16.67674638256522,279224400
2014-03-12,16.712875366210938,16.735922579078622,16.56929602045902,16.64747124834357,199326400
2014-03-13,16.527240753173828,16.807859039510273,16.480833646286268,16.738717440259297,257742800
2014-03-14,16.341623306274414,16.534723534810226,16.288986977052627,16.469317760196255,237199200
2014-03-17,16.405471801757812,16.50607048835878,16.377752272786168,16.43537196694199,199544800
2014-03-18,16.55060386657715,16.568356669356415,16.357503671669363,16.37930503829804,209647200
2014-03-19,16.546247482299805,16.701350422062408,16.475858345751313,16.577393485935858,224756000
2014-03-20,16.466510772705078,16.590158293398986,16.424464927054856,16.503573259166753,208398400
2014-03-21,16.596393585205078,16.623802073551165,16.392704504862508,16.567117167959086,374046400
2014-03-24,16.793224334716797,16.83402433849115,16.664593461387998,16.769242335678165,355700800
2014-03-25,16.973873138427734,16.99754410317428,16.80568803137849,16.865177319141846,282293200
2014-03-26,16.81160545349121,17.098765796837903,16.782952792336037,17.0215253680638,299768000
2014-03-27,16.739341735839844,16.86516988224799,16.66646260836955,16.81907381333131,222031600
2014-03-28,16.720653533935547,16.785435532672196,16.639364575600922,16.766125849684194,200564000
2014-03-31,16.7169189453125,16.84368022900324,16.69168944287813,16.794470390559084,168669200
2014-04-01,16.869842529296875,16.87669548012874,16.71785339453658,16.748686683267227,200760000
2014-04-02,16.89788055419922,16.9268459276144,16.826558270595818,16.892586148342982,180420800
2014-04-03,16.780765533447266,16.89631425512251,16.744948889469708,16.86174345084862,162344000
2014-04-04,16.56368637084961,16.818454840296138,16.525066992500427,16.812538347541032,275251200
2014-04-07,16.30362892150879,16.535039214432572,16.25442071799353,16.445340364007766,289850400
2014-04-08,16.302690505981445,16.386160127014318,16.155060953257912,16.35719476133207,243888400
2014-04-09,16.5169620513916,16.522256453284204,16.25845618405354,16.277765864094768,206169600
2014-04-10,16.303932189941406,16.576764441327537,16.294276516062737,16.528176691169087,239652000
2014-04-11,16.183406829833984,16.283694476186042,16.106477440953306,16.16440651828406,271717600
2014-04-14,16.247875213623047,16.262823631074596,16.108655497112846,16.25472650231593,205674000
2014-04-15,16.132007598876953,16.24662151454524,15.925514260898783,16.20395358773592,266490000
2014-04-16,16.164714813232422,16.22949682600747,16.013036713174813,16.134814655026545,214765600
2014-04-17,16.349409103393555,16.437240007551257,16.170635189524045,16.1955519940139,284334400
2014-04-21,16.543445587158203,16.57365513302716,16.318886632195184,16.361867287698644,182548800
2014-04-22,16.5599422454834,16.563990807804313,16.397986445950536,16.454358601093585,202563200
2014-04-23,16.343490600585938,16.542197933618542,16.334145968382014,16.47772695743057,394940000
2014-04-24,17.683364868164062,17.75281922051539,17.464101955497515,17.697069112081646,759911600
2014-04-25,17.813234329223633,17.814789549857174,17.564695101945848,17.582446240556685,390275200
2014-04-28,18.503103256225586,18.55480478181797,17.832232590133984,17.84002033722479,669485600
2014-04-29,18.448286056518555,18.561966869829444,18.360456837332734,18.492201497780304,337377600
2014-04-30,18.378524780273438,18.669422644185214,18.36949285469226,18.4579458452182,456640800
2014-05-01,18.42181968688965,18.52522110508718,18.26235545520627,18.438013947447377,244048000
2014-05-02,18.456079483032227,18.506536851439513,18.36669334422098,18.448606103890842,191514400
2014-05-05,18.717063903808594,18.718311406672157,18.375712190257833,18.380073460268846,287067200
2014-05-06,18.51306915283203,18.824520805801605,18.51306915283203,18.743231832892977,374564400
2014-05-07,18.448286056518555,18.6027668796283,18.305017792667403,18.539230707167267,282864400
2014-05-08,18.415403366088867,18.616473340491293,18.365605880996622,18.423545719892072,230297200
2014-05-09,18.33867073059082,18.360906648138734,18.17549582670153,18.307350770000728,291597600
2014-05-12,18.56698226928711,18.592976574352527,18.39691786110706,18.399737911190083,213208800
2014-05-13,18.596120834350586,18.620549577220817,18.50028589758285,18.540999353947402,159737200
2014-05-14,18.59955596923828,18.710113321953344,18.532846554455162,18.55445690570752,166404000
2014-05-15,18.441396713256836,18.685060150562535,18.41696798049978,18.625554734844286,230846000
2014-05-16,18.713563919067383,18.714189482033394,18.334287099928428,18.435447656571164,276256400
2014-05-19,18.935300827026367,19.021115003966536,18.707922110967054,18.724208489309643,317755200
2014-05-20,18.939056396484375,18.991985027416348,18.814405489785653,18.932792405748685,234836000
2014-05-21,18.989168167114258,19.001381695554034,18.85606211675699,18.911496348412836,196859600
2014-05-22,19.019243240356445,19.10004793172497,18.919962692625745,18.998260113607984,200760000
2014-05-23,19.234081268310547,19.252873238988595,18.9941762968506,19.01860502241828,232209600
2014-05-27,19.59425163269043,19.601453966411114,19.28105883662366,19.288888405631216,348866000
2014-05-28,19.54352378845215,19.725801797946424,19.53631977855197,19.606474825508837,315481600
2014-05-29,19.899620056152344,19.94628637760385,19.661280600635823,19.663786197393325,376474000
2014-05-30,19.825084686279297,20.174919916210868,19.69667533792151,19.981053931380536,564020800
2014-06-02,19.6888370513916,19.882390169069215,19.496223950410915,19.855143065878973,369350800
2014-06-03,19.967273712158203,20.004857671456787,19.67631833592555,19.682895110645713,292709200
2014-06-04,20.195280075073242,20.291431126128295,19.922489415464305,19.964144556378894,335482000
2014-06-05,20.274511337280273,20.337776819553767,20.12605890988757,20.238494638099986,303805600
2014-06-06,20.218761444091797,20.396969913393704,20.184311999414085,20.354374770736754,349938400
2014-06-09,20.542293548583984,20.58175586692107,20.114786493789087,20.323058818406448,301660000
2014-06-10,20.662874221801758,20.83826268265618,20.513794531863997,20.768107632840078,251108000
2014-06-11,20.577362060546875,20.774673557804764,20.491860690506364,20.636554673410515,182724000
2014-06-12,20.233163833618164,20.63436360061612,20.147662463291052,20.61682442910608,218996000
2014-06-13,20.011749267578125,20.26606240020352,19.92405502623735,20.213444851821937,218100000
2014-06-16,20.213438034057617,20.334017784309562,20.049012014238404,20.062167233210957,142244000
2014-06-17,20.187129974365234,20.323054407089504,20.125744530860352,20.237553014689436,118904000
2014-06-18,20.20905113220215,20.233167078739452,20.02708596201258,20.22878144884482,134056000
2014-06-19,20.138898849487305,20.23536264877025,20.02489587349329,20.233169833524375,142112000
2014-06-20,19.930622100830078,20.2901667797871,19.928429286075044,20.136701526858687,403592000
2014-06-23,19.9130859375,20.086281531515954,19.86266122627902,20.0205104599456,174776000
2014-06-24,19.792509078979492,20.112591550462128,19.772778758212322,19.895549658882903,156144000
2014-06-25,19.810043334960938,19.88458231395437,19.65438693239143,19.77715780255833,147476000
2014-06-26,19.928436279296875,19.961321821652163,19.6872784230717,19.812242145919264,130516000
2014-06-27,20.16520881652832,20.169592774653424,19.899933352688127,19.910895756942963,256116000
2014-06-30,20.373483657836914,20.54887211202483,20.189325613676775,20.191518429326894,197929200
2014-07-01,20.50282859802246,20.623408353190957,20.417327198040446,20.50282859802246,152892000
2014-07-02,20.494060516357422,20.62121537131152,20.40855744443784,20.579561915648984,113860000
2014-07-03,20.614635467529297,20.629981827312058,20.43267029251388,20.535710853610027,91567200
2014-07-07,21.039947509765625,21.044331466368075,20.62997815339642,20.63874773922879,225872000
2014-07-08,20.90403175354004,21.22192312447617,20.59052601399795,21.105727309330227,260888000
2014-07-09,20.912792205810547,21.03556306914597,20.7746749845582,20.92375460687731,145744000
2014-07-10,20.83606719970703,20.947877371004665,20.502829501266906,20.55544703636468,158744000
2014-07-11,20.875530242919922,21.022417103445164,20.796605610148234,20.90622296981689,136072000
2014-07-14,21.14518165588379,21.241645438641193,20.969794936703025,21.015834013211514,171240000
2014-07-15,20.897449493408203,21.23287828398413,20.83387123591054,21.22191755363286,181911600
2014-07-16,20.77906608581543,21.28769055931937,20.77029649647231,21.25919064842534,213585200
2014-07-17,20.408557891845703,20.888682431183888,20.294556581167097,20.833873754917082,229192000
2014-07-18,20.702327728271484,20.770289933420607,20.39320607395914,20.524748199912757,199952000
2014-07-21,20.594911575317383,20.82729985956197,20.546679665916816,20.825107043872407,156316000
2014-07-22,20.765911102294922,20.803180599955144,20.63437061649953,20.757141513558157,220788000
2014-07-23,21.307424545288086,21.458695375870104,20.864569441517826,20.91937812556466,371672000
2014-07-24,21.272340774536133,21.335919032576278,21.138607485663393,21.274533589676242,182916000
2014-07-25,21.41265106201172,21.44992055664722,21.18683960640759,21.232878689068134,173876000
2014-07-28,21.708627700805664,21.756859621184155,21.38635397147684,21.44554662754129,221272000
2014-07-29,21.568307876586914,21.80069778188869,21.539807969460398,21.776581832540128,172572000
2014-07-30,21.51788330078125,21.63846136629719,21.41264992270782,21.58146155610906,132040000
2014-07-31,20.95882797241211,21.364411658470694,20.899635364823425,21.3008350947236,227372000
2014-08-01,21.075029373168945,21.182455571613776,20.785639659907456,20.80537165104895,194044000
2014-08-04,20.956634521484375,21.17367797884747,20.864556391308838,21.1276389137597,159832000
2014-08-05,20.853601455688477,20.9763723300143,20.68698264579792,20.90621730573844,223732000
2014-08-06,20.818525314331055,20.93252828625777,20.763716643535332,20.772486231577997,154232000
2014-08-07,20.816328048706055,21.14020471825456,20.73260338719381,20.915473727820157,186844000
2014-08-08,20.873607635498047,20.89123405379244,20.55193306589028,20.76785248762721,167460000
2014-08-11,21.149019241333008,21.168849386955173,20.895644880049108,20.99038480014837,146340000
2014-08-12,21.14460563659668,21.34510065585143,21.065288445411987,21.160028330385508,135180000
2014-08-13,21.42442512512207,21.42442512512207,21.16003551865573,21.184271428692426,127664000
2014-08-14,21.48170280456543,21.49712549831542,21.32747586706552,21.44424793130796,112464000
2014-08-15,21.587461471557617,21.63372955677702,21.340696669439787,21.56983505406041,195804000
2014-08-18,21.847444534301758,21.893712618013254,21.587460768007908,21.699825393758264,190288000
2014-08-19,22.149290084838867,22.182339198040932,21.882696818651606,21.902526958951935,277596000
2014-08-20,22.158103942871094,22.272672300253742,22.021501722076444,22.129462273762375,210796000
2014-08-21,22.160310745239258,22.239627957892193,22.056757624223035,22.15810702240223,133912000
2014-08-22,22.32334327697754,22.356392384403033,22.07437647214069,22.09640865010854,176736000
2014-08-25,22.371824264526367,22.510628555579373,22.314539233526727,22.42690557253999,161080000
2014-08-26,22.228612899780273,22.36301142806023,22.222003411659642,22.34538500577312,132608000
2014-08-27,22.50181770324707,22.598761353416176,22.186752521145774,22.257256535555587,209476000
2014-08-28,22.528247833251953,22.645019900257537,22.376222933442182,22.38283241935607,273840000
2014-08-29,22.583332061767578,22.671462474295744,22.5172338321345,22.662649264948147,178380000
2014-09-02,22.759599685668945,22.856541655555823,22.6318106333768,22.70672041378704,214256000
2014-09-03,21.798974990844727,22.737559096607686,21.719657787407318,22.715526913641256,501684000
2014-09-04,21.618310928344727,22.052350194464083,21.545603203202397,21.779147395655695,342872000
2014-09-05,21.805591583251953,21.898127790433684,21.660176102582067,21.768136691909113,233828000
2014-09-08,21.671188354492188,21.880496637064347,21.60288807551668,21.878294595189523,185426800
2014-09-09,21.58966827392578,22.71112454050749,21.182066944869003,21.829823642677457,759385200
2014-09-10,22.252843856811523,22.277079761824467,21.538990722565323,21.5940720192406,403478400
2014-09-11,22.347583770751953,22.349787493285962,21.948795720433214,22.122852819768717,249412400
2014-09-12,22.398256301879883,22.515028366317644,22.27046730719618,22.299108972509057,250504400
2014-09-15,22.391651153564453,22.704514238596122,22.349790505463233,22.65163497633984,245266000
2014-09-16,22.22199821472168,22.310128624598505,21.78795733286022,21.98845405735369,267632400
2014-09-17,22.380632400512695,22.429104209524965,22.162509259957492,22.312330451019164,243706000
2014-09-18,22.426897048950195,22.55027859410479,22.37622152522028,22.457742435238842,149197600
2014-09-19,22.244028091430664,22.55027993127608,22.142678718908574,22.537060959496376,283609600
2014-09-22,22.266063690185547,22.504015304441605,22.160308537814746,22.42910554492461,211153600
2014-09-23,22.61417579650879,22.680274021297212,22.151493265832897,22.164712238411507,253608800
2014-09-24,22.418088912963867,22.660446294752283,22.29690938159573,22.50842305106518,240687200
2014-09-25,21.5632266998291,22.18894942530188,21.530177585523646,22.14488506019313,400368000
2014-09-26,22.19776153564453,22.19776153564453,21.67999770698281,21.708639374790856,249482000
2014-09-29,22.056753158569336,22.12946086893865,21.73067116357669,21.735078608358407,199065200
2014-09-30,22.19776153564453,22.371818626818893,22.14928972785576,22.210980508333215,221056400
2014-10-01,21.85185432434082,22.184545861029893,21.746097484265874,22.16251199534282,205965200
2014-10-02,22.0104923248291,22.080996336033262,21.600687234408603,21.871686344589378,191031200
2014-10-03,21.94879722595215,22.078788288262775,21.821008205378796,21.909138622358622,173878400
2014-10-06,21.94879722595215,22.17573191503537,21.90473117698829,22.021503265083705,148204800
2014-10-07,21.757112503051758,22.058958618361885,21.752706738870703,21.90693369942461,168376800
2014-10-08,22.20878028869629,22.277080561120943,21.66016934384411,21.759316689985656,229618800
2014-10-09,22.257246017456055,22.556888357332955,22.166913579626364,22.371816037322372,309506000
2014-10-10,22.193359375,22.479781142426432,22.09861946647136,22.184546164794085,265326400
2014-10-13,21.99065399169922,22.424694831969507,21.99065399169922,22.32554918095088,214333600
2014-10-14,21.757112503051758,22.147087349565375,21.717453901631067,22.118445680019022,254754400
2014-10-15,21.490520477294922,21.84524418818746,20.97055286434491,21.585260381712455,403734400
2014-10-16,21.20850372314453,21.53017830585443,21.021227643744993,21.052073036542666,288618000
2014-10-17,21.519161224365234,21.812194134856952,21.32968142366742,21.481706344934878,272718800
2014-10-20,21.979642868041992,22.023707236555726,21.640341851452945,21.66237403570981,310069200
2014-10-21,22.576719284057617,22.69789711279081,22.312328085012577,22.69789711279081,378495600
2014-10-22,22.691286087036133,22.93805085320863,22.60535941543849,22.658236979279934,273052400
2014-10-23,23.096689224243164,23.145161033217498,22.832297997368894,22.931445337802145,284298800
2014-10-24,23.1826171875,23.242104250278015,23.03059226569821,23.17380397802403,188215600
2014-10-27,23.15837860107422,23.23989951857995,23.068044475112654,23.10109358658512,136750800
2014-10-28,23.51751136779785,23.51751136779785,23.211259474397874,23.222276406772554,192243600
2014-10-29,23.64970588684082,23.656317054760354,23.43378813467598,23.497682643648638,210751600
2014-10-30,23.570388793945312,23.651908035769168,23.332437193110163,23.565981348958875,162619200
2014-10-31,23.795120239257812,23.803933448467568,23.621063139497657,23.797323961797197,178557200
2014-11-03,24.103574752807617,24.301867748731677,23.797322890582347,23.84359097614001,209130400
2014-11-04,23.92731475830078,24.123404038503566,23.733429200613692,24.09476236959058,166297600
2014-11-05,23.984601974487305,24.08154560268648,23.823763835061218,24.037479553074164,149743600
2014-11-06,24.05319595336914,24.073112081450738,23.854044801973224,24.031068235240337,139874000
2014-11-07,24.121793746948242,24.1903901786877,24.020004894347654,24.064260330004725,134766000
2014-11-10,24.08196258544922,24.192602860099004,24.046556887207714,24.12400474181524,108782000
2014-11-11,24.27448081970215,24.285545524848807,23.986817056495784,24.053200222664803,109769200
2014-11-12,24.617460250854492,24.657290815868482,24.201453440447906,24.203665030333397,187769600
2014-11-13,24.964874267578125,25.104280421301244,24.694911697435142,24.739168825135433,238091600
2014-11-14,25.26581382751465,25.268027105770045,24.608610309304684,25.037895126071955,176254400
2014-11-17,25.223766326904297,25.951779449667406,25.071083914138924,25.28572460318432,186986800
2014-11-18,25.5512638092041,25.59994579733181,25.201640156501952,25.21270485861698,176896000
2014-11-19,25.37424087524414,25.611011001924584,25.181727872572964,25.54462784826567,167476800
2014-11-20,25.737140655517578,25.85884563532315,25.414071249767915,25.427349230988206,173582000
2014-11-21,25.772546768188477,26.01595504347046,25.675182782781015,26.002678750273688,228717200
2014-11-24,26.25050926208496,26.281488401929344,25.8057366022178,25.856630179860787,189803200
2014-11-25,26.022592544555664,26.49834606839973,25.989400124150425,26.347875225701063,275361600
2014-11-26,26.33238983154297,26.35451755257756,26.073491950140788,26.097832949749908,163073200
2014-11-28,26.31689453125,26.42089665454155,26.122168264987792,26.392129104043402,99257600
2014-12-01,25.4627628326416,26.3877159628522,24.6218957367275,26.29035194233405,335256000
2014-12-02,25.365386962890625,25.6132217683277,24.94938016742072,25.115340567647465,237395600
2014-12-03,25.653051376342773,25.7459887918311,25.47160141304995,25.61322081424257,172253600
2014-12-04,25.555694580078125,25.93408418215037,25.511439137868713,25.61765287446606,168178000
2014-12-05,25.447265625,25.686249046481173,25.367604484506273,25.666332917239355,153275600
2014-12-08,24.871929168701172,25.36981030633348,24.699330644439776,25.24810535295107,230659600
2014-12-09,25.252538681030273,25.29236925025259,24.19702944075726,24.38290599320698,240832000
2014-12-10,24.772354125976562,25.414067986836766,24.681629988508714,25.316705703729372,178261200
2014-12-11,24.699337005615234,25.181728699621257,24.637377029967293,24.840956430622807,165606800
2014-12-12,24.28111457824707,24.75465480232243,24.24792215935203,24.442648428240222,224112400
2014-12-15,23.94919204711914,24.694906338499198,23.53318357819661,24.495753527657183,268872400
2014-12-16,23.62169647216797,24.376263886456762,23.513269485657666,23.537610478908046,243162800
2014-12-17,24.210311889648438,24.30546092942983,23.637194242773553,23.703579099804852,213647200
2014-12-18,24.92725944519043,24.92725944519043,24.486911532419544,24.754660850648925,236024800
2014-12-19,24.734743118286133,25.057812564535336,24.708190528990247,24.840958540180257,353719200
2014-12-22,24.991437911987305,25.113141260249584,24.776795404835504,24.8188392698513,180670000
2014-12-23,24.902915954589844,25.077727810315643,24.885213103525682,25.05560009060384,104113600
2014-12-24,24.7856388092041,24.940534543475888,24.7856388092041,24.91176867517881,57918400
2014-12-26,25.223766326904297,25.341044733896688,24.785631837074746,24.80554627377772,134884000
2014-12-29,25.206066131591797,25.3963658353387,25.159595734369123,25.179511860069766,110395600
2014-12-30,24.89848518371582,25.208278271959955,24.807761041781163,25.146319991958432,119526000
2014-12-31,24.424945831298828,25.033467327108088,24.3873285440074,24.96487089872529,165613600
2015-01-02,24.192607879638672,24.659510070593672,23.754471558295847,24.64844536553832,212818400
2015-01-05,23.511058807373047,24.042132473375155,23.325183952802462,23.962471339063004,257142000
2015-01-06,23.513282775878906,23.77218073598248,23.152594229246873,23.575241088904985,263188400
2015-01-07,23.842979431152344,23.94255500406204,23.610634176714214,23.72127445249682,160423600
2015-01-08,24.759078979492188,24.816612391422495,24.05319353108403,24.170473633005646,237458000
2015-01-09,24.7856388092041,25.060026262015647,24.387333080738237,24.931683117483658,214798000
2015-01-12,24.174901962280273,24.9228296715174,24.075326382352763,24.916191524620462,198603200
2015-01-13,24.38954734802246,24.96045168588844,24.09967031003242,24.657296664253337,268367600
2015-01-14,24.29660415649414,24.44928658228224,24.00893877695945,24.12843047207833,195826400
2015-01-15,23.637187957763672,24.35413645717828,23.60178394813456,24.34086016459694,240056000
2015-01-16,23.453519821166992,23.805356695533074,23.278708022841688,23.68365174472551,314053200
2015-01-20,24.05762481689453,24.112944961639695,23.566381661439586,23.86289682691998,199599600
2015-01-21,24.241287231445312,24.57541967816757,23.958046682410192,24.108517538238907,194303600
2015-01-22,24.871929168701172,24.887418736564726,24.27889734612524,24.39838902174535,215185600
2015-01-23,25.000280380249023,25.17066568204172,24.67942253004134,24.849809520070863,185859200
2015-01-26,25.026836395263672,25.305650433694787,24.960453225890493,25.16845584914426,222460000
2015-01-27,24.150558471679688,24.889636367580913,24.12621747674591,24.876358386921034,382274800
2015-01-28,25.515859603881836,26.13765909552136,25.515859603881836,26.02923041081558,585908400
2015-01-29,26.310258865356445,26.374430430207553,25.571180918654623,25.73935461660109,337745600
2015-01-30,25.92523193359375,26.553667930939003,25.85663381010451,26.1996193628405,334982000
2015-02-02,26.25050926208496,26.370000953586086,25.686244910716674,26.12216783483101,250956400
2015-02-03,26.25494384765625,26.352306164841792,26.02481181826284,26.22175141960428,207662800
2015-02-04,26.4563045501709,26.666522105734966,26.179703836194584,26.221747684954753,280598800
2015-02-05,26.64513397216797,26.70955879365363,26.491847269498656,26.66290499248517,168984800
2015-02-06,26.420761108398438,26.714004163225805,26.314126499870483,26.662908024891667,174826400
2015-02-09,26.596261978149414,26.622919358205184,26.30968327825307,26.336342353208384,155559200
2015-02-10,27.10721778869629,27.1360988800661,26.694013099240877,26.69623341788492,248034000
2015-02-11,27.742572784423828,27.75145914200605,27.213847220027088,27.273828015082834,294247200
2015-02-12,28.093576431274414,28.320174313577628,27.895859634991865,28.004714549879026,297898000
2015-02-13,28.2313175201416,28.27574762139696,27.913637380956622,28.27574762139696,217088800
2015-02-17,28.397924423217773,28.631186622082282,28.195763624881966,28.322391239862906,252609600
2015-02-18,28.595645904541016,28.608974594134033,28.313509545559175,28.353497309237724,179566800
2015-02-19,28.53566551208496,28.664515170633745,28.50900813093667,28.54232985737203,149449600
2015-02-20,28.7689266204834,28.7689266204834,28.446804181843213,28.57343012705251,195793600
2015-02-23,29.546466827392578,29.546466827392578,28.80447366197079,28.88444919649405,283896400
2015-02-24,29.36208152770996,29.679763377916654,29.139927620359686,29.533140985513565,276912400
2015-02-25,28.611186981201172,29.235442019083592,28.469008681957035,29.226553968619438,298846800
2015-02-26,28.973304748535156,29.073273303207596,28.126899121283763,28.611192887820746,365150000
2015-02-27,28.53788948059082,29.00663431225127,28.489015354840497,28.880004971043817,248059200
2015-03-02,28.67783546447754,28.942199049457813,28.5023354403048,28.713380888800554,192386800
2015-03-03,28.737817764282227,28.773363188382582,28.45568146890777,28.648957593829557,151265200
2015-03-04,28.555660247802734,28.782258170449772,28.506789509388113,28.680069276765426,126665200
2015-03-05,28.082468032836914,28.602307210529034,27.93806769628933,28.56454146409485,226068400
2015-03-06,28.12468147277832,28.740046987832674,28.049149965508676,28.52455744842278,291368400
2015-03-09,28.244638442993164,28.78447402467503,27.782558059471576,28.426804519875816,354114000
2015-03-10,27.660383224487305,28.262420104484363,27.50265415510651,28.082475983552712,275426400
2015-03-11,27.15608787536621,27.718136880404018,27.12720848319452,27.713694548877402,275756000
2015-03-12,27.64704704284668,27.74701729622156,27.020573228981956,27.171637920724486,193450800
2015-03-13,27.455997467041016,27.85809714605445,27.23162326651431,27.635943264020362,207309200
2015-03-16,27.75812530517578,27.75812530517578,27.296046544920685,27.520420732700014,143497200
2015-03-17,28.222431182861328,28.284634002627094,27.91363740266719,27.969175876729444,204092400
2015-03-18,28.54010581970215,28.69339252092788,28.073583066505737,28.213539383994842,261083600
2015-03-19,28.324615478515625,28.713384710573685,28.302400432806465,28.602307787128524,183238000
2015-03-20,27.969173431396484,28.524556428562374,27.804780037116988,28.491234702958103,274780400
2015-03-23,28.260196685791016,28.40237504252727,28.10690995638173,28.240203648859215,150838800
2015-03-24,28.14467430114746,28.44457999143216,28.115793213344112,28.26463759420105,131369200
2015-03-25,27.409345626831055,28.173555530969583,27.409345626831055,28.11135271456754,206620800
2015-03-26,27.60039520263672,27.74257353801557,27.23606300636597,27.27160843766041,190291600
2015-03-27,27.380464553833008,27.702586988271232,27.304933051374206,27.673707595254548,158184800
2015-03-30,28.073579788208008,28.080244131848396,27.547074606928014,27.558182976261453,188398800
2015-03-31,27.642610549926758,28.10024705323261,27.62705984432607,28.0113851519859,168362400
2015-04-01,27.60262680053711,27.79590133678939,27.347149432819737,27.72925447741963,162485600
2015-04-02,27.8403263092041,27.89364276992168,27.58929301571328,27.775901475674658,128880400
2015-04-06,28.291292190551758,28.326837619766778,27.620388315662122,27.651489718775586,148776000
2015-04-07,27.993608474731445,28.46235156172454,27.986944130091178,28.355718657681365,140049200
2015-04-08,27.90252685546875,28.08025063657794,27.762570521902486,27.958065325202924,149316800
2015-04-09,28.11578941345215,28.120233439390283,27.693698473890716,27.958060390634056,129936000
2015-04-10,28.235754013061523,28.260191072168222,27.826991742366516,27.980276746427457,160752000
2015-04-13,28.18021583557129,28.56232242775019,28.126899385571637,28.517888945434937,145460400
2015-04-14,28.058032989501953,28.2779648347118,27.971393120331427,28.213540012397917,102098400
2015-04-15,28.164670944213867,28.24242446960834,27.99361318834602,28.082475086611023,115881600
2015-04-16,28.029155731201172,28.235758915493303,28.01582704024673,28.053592794550752,113476000
2015-04-17,27.713695526123047,28.022489272545602,27.649270699868765,27.891419301645175,207828000
2015-04-20,28.346834182739258,28.46235345227572,27.80700019732746,27.8958620865322,188217200
2015-04-21,28.193544387817383,28.480121347261836,28.140226246381843,28.45790799734594,129740400
2015-04-22,28.573436737060547,28.628975218287795,28.062483726709793,28.21132644962284,150618000
2015-04-23,28.80668830871582,28.973303690350882,28.46679320136418,28.50233862966466,183083600
2015-04-24,28.942203521728516,29.019958725725385,28.70894129953666,28.98885732208639,178103600
2015-04-27,29.468706130981445,29.57534241704705,29.135475364073407,29.393174637367302,387816800
2015-04-28,29.004411697387695,29.888583241459457,28.784481513019248,29.8708139130615,475696000
2015-04-29,28.577871322631836,29.233224506626065,28.502339826670195,28.91554612607042,253544400
2015-04-30,27.802555084228516,28.577871557806247,27.675927455621842,28.577871557806247,332781600
2015-05-01,28.646747589111328,28.908890979997583,27.83588712901878,28.01360924983499,234050400
2015-05-04,28.591205596923828,29.006635685468652,28.493457340795633,28.768929390811504,203953200
2015-05-05,27.94696044921875,28.535666910420105,27.942516422209852,28.46902006448425,197085600
2015-05-06,27.771451950073242,28.157999156225962,27.404897775923576,28.11578938435379,288564000
2015-05-07,27.94322967529297,28.126156702399538,27.66660698885533,27.833918356403263,175763600
2015-05-08,28.469703674316406,28.469703674316406,28.132849635444217,28.26000621009435,222201600
2015-05-11,28.17969512939453,28.456316106647098,28.025768130626794,28.41839260613247,168143200
2015-05-12,28.07931137084961,28.304622800272487,27.84507476175054,28.01907832189072,192640000
2015-05-13,28.11054039001465,28.373777003589282,28.079309071622678,28.141771708406623,138776800
2015-05-14,28.766401290893555,28.766401290893555,28.36708631302993,28.42285677051672,180814000
2015-05-15,28.726245880126953,28.886865057060014,28.60132061005864,28.79317110450878,152832000
2015-05-18,29.04301643371582,29.161249500528275,28.634776382587688,28.639238971134677,203531600
2015-05-19,29.016265869140625,29.196961672862123,28.92033887711524,29.15457556503415,178532800
2015-05-20,29.014022827148438,29.219257706248666,28.853403634120667,29.000638461722566,145819600
2015-05-21,29.310728073120117,29.364268949738317,28.962720885000174,29.016261761618374,158921600
2015-05-22,29.567262649536133,29.663189601300626,29.312949513264282,29.35756860001525,182384000
2015-05-26,28.91586685180664,29.649808007569362,28.804325932422774,29.58065318218476,282790400
2015-05-27,29.45572853088379,29.50480681445694,29.011797789416416,29.07649003378511,183332800
2015-05-28,29.397722244262695,29.435645745544992,29.246028239133516,29.41556919850586,122933200
2015-05-29,29.06309700012207,29.32410230095591,28.978324825780795,29.275024032017086,203538000
2015-06-01,29.121103286743164,29.310724221383353,29.01179535845598,29.063103230998106,128451200
2015-06-02,28.991718292236328,29.147874904120354,28.84894604651967,28.969408745984822,134670400
2015-06-03,29.02740478515625,29.210333508028192,28.97832651335931,29.147870871915426,123934000
2015-06-04,28.857860565185547,29.130020622006,28.757474440217543,28.906938831429102,153800400
2015-06-05,28.69947624206543,28.93148325289006,28.634784008714654,28.88909716029949,142507200
2015-06-08,28.50985336303711,28.8243995030071,28.293463755025808,28.755241288975867,210699200
2015-06-09,28.425079345703125,28.572314134068442,28.02353317212102,28.264460195478733,224301600
2015-06-10,28.750783920288086,28.853399643667018,28.521008233053088,28.536623891216717,156349200
2015-06-11,28.686094284057617,29.040793608725043,28.661555144391127,28.817711758651104,141563600
2015-06-12,28.36931610107422,28.628091842543252,28.355931735818686,28.596860522294136,147544800
2015-06-15,28.31354522705078,28.384931343996573,28.043616419162653,28.130618196003486,175955600
2015-06-16,28.465238571166992,28.52100902357993,28.19084889840366,28.33808200774466,125976400
2015-06-17,28.398317337036133,28.527703503552477,28.273390356222063,28.492011296162225,131672400
2015-06-18,28.527700424194336,28.62362566779641,28.38046731888597,28.382698613475533,141628800
2015-06-19,28.242158889770508,28.514318990371574,28.197543205269692,28.489779853302345,218867600
2015-06-22,28.46747398376465,28.56786013183758,28.34924087986294,28.440703550021485,136157200
2015-06-23,28.33807945251465,28.46746729892082,28.304616843688365,28.4384672789935,121075600
2015-06-24,28.579010009765625,28.956018802673047,28.358159500644405,28.378236046028565,221123600
2015-06-25,28.44293975830078,28.82217827428625,28.44293975830078,28.746331251881028,127752400
2015-06-26,28.275617599487305,28.55223854954749,28.222078445083824,28.480852443016506,176267200
2015-06-29,27.780378341674805,28.21315761039988,27.769225272035214,27.987844499138156,196645600
2015-06-30,27.98114585876465,28.13507282128492,27.853989320763194,28.012377169713865,177482800
2015-07-01,28.242158889770508,28.318007595797013,28.106078839469976,28.309084118500998,120955200
2015-07-02,28.206466674804688,28.262237131404994,28.057000557611623,28.20423537998648,108844000
2015-07-06,28.108308792114258,28.1596183586215,27.851764363536425,27.87184261198854,112241600
2015-07-07,28.039146423339844,28.141763826741865,27.61082815881909,28.08376209369595,187787200
2015-07-08,27.343135833740234,27.804915086186213,27.33644365213623,27.76922288363849,243046400
2015-07-09,26.785432815551758,27.67552875946639,26.595813617752484,27.628681783679212,314380000
2015-07-10,27.50153350830078,27.628690110037883,27.039754091257656,27.2026046102443,245418000
2015-07-13,28.032466888427734,28.054774733668854,27.73353631586235,27.891924229647643,165762000
2015-07-14,28.021312713623047,28.190855404641713,27.89415612085393,28.117237981991295,127072400
2015-07-15,28.291234970092773,28.36485237559187,28.014614003283636,28.045845320408258,134596800
2015-07-16,28.668243408203125,28.681631176702723,28.40946938252491,28.496471156000958,144889600
2015-07-17,28.91586685180664,28.91586685180664,28.623630187654307,28.795404156613902,184658800
2015-07-20,29.46240997314453,29.663182197578926,29.156785644182435,29.217018673095776,235600800
2015-07-21,29.167951583862305,29.652038784847903,29.072028023261137,29.63642482556907,307025600
2015-07-22,27.934301376342773,27.996764003795565,27.21374646227475,27.21374646227475,461802400
2015-07-23,27.920917510986328,28.351463729591224,27.89860797051689,28.152921073661876,203998000
2015-07-24,27.77368927001953,28.050310276957866,27.63984050549965,27.95661631199189,168649200
2015-07-27,27.38775634765625,27.575145975546818,27.242754515358953,27.459142467333766,177822000
2015-07-28,27.52383804321289,27.642072853388193,27.33868140119759,27.52383804321289,134472400
2015-07-29,27.43683433532715,27.55060654742132,27.276215142248162,27.47252824577996,148046800
2015-07-30,27.29851722717285,27.343132901067033,27.15128243976011,27.287362457709875,134513200
2015-07-31,27.05982208251953,27.358750867204524,26.972820319694556,27.34982739127645,171540000
2015-08-03,26.421810150146484,27.34313741374917,26.216573591216193,27.104439944865323,279904000
2015-08-04,25.574098587036133,26.25672838166463,25.264015006993834,26.19426574712073,496554400
2015-08-05,25.74363899230957,26.1987260496658,25.007468402061168,25.19708758379818,397250400
2015-08-06,25.79966163635254,26.106667700331585,25.57333038339867,25.98789944271197,211612000
2015-08-07,25.887056350708008,26.050643942348405,25.658483710958215,25.676411446145668,154681600
2015-08-10,26.828250885009766,26.88875487435523,26.11339802041557,26.11339802041557,219806400
2015-08-11,25.43215560913086,26.48314577691837,25.396301841596806,26.400231268115792,388331200
2015-08-12,25.824312210083008,25.86464876132336,24.567158357722324,25.217024256735492,404870000
2015-08-13,25.80415153503418,26.084266072518957,25.667455503966934,26.003592948948665,194143200
2015-08-14,25.985660552978516,26.06409226748677,25.548682636658828,25.61815048241141,171718000
2015-08-17,26.254568099975586,26.36437248612328,25.882575288173083,26.003584936240777,163538800
2015-08-18,26.106670379638672,26.317317022504323,25.996865978641605,26.09098403663909,138242800
2015-08-19,25.77277374267578,26.111150806013878,25.698823109092043,26.01703275037082,193146000
2015-08-20,25.243919372558594,25.62487441307107,25.015344980504512,25.564370432635133,274006400
2015-08-21,23.69993019104004,25.075852599969778,23.675279976084997,24.746437645282736,513102000
2015-08-24,23.10832405090332,24.38116427748664,20.616425097540755,21.25956853943907,648825200
2015-08-25,23.24726104736328,24.898816679691027,23.19347954452205,24.898816679691027,414406400
2015-08-26,24.580604553222656,24.625422182789382,23.54081981819115,23.997965110757313,387098400
2015-08-27,25.304424285888672,25.37613353297059,24.654558272511903,25.149802236992745,338464400
2015-08-28,25.38733673095703,25.39181781054846,24.995176443904853,25.136353531757695,212657600
2015-08-31,25.268566131591797,25.66520746167961,25.09825605819991,25.104978531809078,224917200
2015-09-01,24.139144897460938,25.071364966794416,24.05847179313516,24.683687496818415,307383600
2015-09-02,25.174448013305664,25.174448013305664,24.455114225615663,24.701616338576237,247555200
2015-09-03,24.73299789428711,25.27305792254712,24.659047233876898,25.208071133976063,212935600
2015-09-04,24.486486434936523,24.75091457032204,24.316178063434936,24.41925998608582,199985200
2015-09-08,25.167728424072266,25.22375132713337,24.7217865944172,25.042237668314055,219374400
2015-09-09,24.68368911743164,25.550922481347587,24.59853321856181,25.4926598985961,340043200
2015-09-10,25.22599220275879,25.38509703901559,24.627668020705055,24.710580821331632,251571200
2015-09-11,25.593494415283203,25.593494415283203,25.044470829651967,25.05119330225992,199662000
2015-09-14,25.839998245239258,26.1940633341851,25.739157723175833,26.124595494971757,233453600
2015-09-15,26.0573673248291,26.113390216982477,25.640556870433343,25.978935617750974,173364800
2015-09-16,26.086498260498047,26.115629546628753,25.86912918257928,26.050642791706853,148694000
2015-09-17,25.528512954711914,26.104428259816004,25.483695321581934,25.918433543611794,256450400
2015-09-18,25.423192977905273,25.61367221795262,25.06912952639982,25.14531985467209,297141200
2015-09-21,25.81759262084961,25.853448096928165,25.470251672175387,25.472491357167897,200888000
2015-09-22,25.411991119384766,25.586782316791407,25.21478939128829,25.407508329373417,201384800
2015-09-23,25.61815643310547,25.707793431800376,25.389583710632824,25.46353265309884,143026800
2015-09-24,25.770530700683594,25.88257648633874,25.181170483623408,25.378370450890582,200878000
2015-09-25,25.705543518066406,26.149245574241068,25.5509197893008,26.093222682332716,224607600
2015-09-28,25.196853637695312,25.67416800871761,25.196853637695312,25.512821824236045,208436000
2015-09-29,24.439428329467773,25.436636933681488,24.170519104557986,25.28425458365043,293461600
2015-09-30,24.717302322387695,24.995175406974322,24.365478604986556,24.688169322360896,265892000
2015-10-01,24.555959701538086,24.564923571343716,24.04727077558962,24.441672498620512,255716400
2015-10-02,24.7352294921875,24.87640829038758,24.10105158150218,24.20413350942164,232079200
2015-10-05,24.82486915588379,24.957084099471995,24.441672694460394,24.623186357849537,208258800
2015-10-06,24.943634033203125,25.039993484121485,24.598532783627668,24.791251685464392,192787200
2015-10-07,24.82486915588379,25.046719378879786,24.51786473357705,25.039996903892536,187062400
2015-10-08,24.53803253173828,24.692656297530114,24.248954135106484,24.692656297530114,247918400
2015-10-09,25.125144958496094,25.160998717114264,24.535783093498896,24.6500702616048,211064400
2015-10-12,25.008617401123047,25.266323033422697,24.972763641064162,25.261841954546423,121868800
2015-10-13,25.051198959350586,25.19909851917271,24.802457158588552,24.833829844298798,132197200
2015-10-14,24.697128295898438,24.990687664745778,24.551468453683423,24.939147568223436,177849600
2015-10-15,25.066884994506836,25.12066649653806,24.759878905615825,24.858479750742337,150694000
2015-10-16,24.883132934570312,25.09826067807755,24.76884573312845,25.04896024962485,156930400
2015-10-19,25.03775405883789,25.042235138369406,24.6747250681917,24.829348812117825,119036800
2015-10-20,25.494895935058594,25.584532900665106,24.833826519366045,24.950353377876468,195871200
2015-10-21,25.4926700592041,25.900516849435743,25.479223395785496,25.546451583827,167180800
2015-10-22,25.882572174072266,25.882572174072266,25.56884368457121,25.620385489645777,166616400
2015-10-23,26.68482780456543,26.71844188608165,26.068575912273154,26.151488709038865,237467600
2015-10-26,25.83327865600586,26.47193935630753,25.752605545474786,26.46073580242905,265335200
2015-10-27,25.669696807861328,26.115638671242813,25.544204332928846,25.860174350738166,279537600
2015-10-28,26.72740936279297,26.734133548180537,26.008075397842457,26.203035741676793,342205600
2015-10-29,27.009756088256836,27.04561155934761,26.503308672038912,26.599668113491663,204909200
2015-10-30,26.778945922851562,27.164383744411797,26.76774065909424,27.112841924684606,197461200
2015-11-02,27.15541648864746,27.195753039586744,26.803592792553772,27.070262307634753,128813200
2015-11-03,27.466903686523438,27.67306752074972,27.04785183483226,27.068020965182114,182076000
2015-11-04,27.339174270629883,27.747020900378182,27.254020081010584,27.592397154535842,179544400
2015-11-05,27.21314239501953,27.61148327358103,27.046605283344793,27.422439708246415,158210800
2015-11-06,27.244657516479492,27.41344566739177,27.145636302172225,27.255910746674388,132169200
2015-11-09,27.134376525878906,27.413439053970233,27.017350858292687,27.22214620581893,135485600
2015-11-10,26.27918815612793,26.57175496081074,26.119402251632547,26.308445866797292,236511600
2015-11-11,26.13064956665039,26.4254655769582,25.928103495178785,26.1891632577425,180872000
2015-11-12,26.042879104614258,26.290434643627425,26.02712561714073,26.1644067438392,130102400
2015-11-13,25.282207489013672,26.009122369930957,25.266454000795722,25.925852951063824,183249600
2015-11-16,25.69631004333496,25.709812546955103,24.980648162433805,25.066166880364666,152426800
2015-11-17,25.586027145385742,25.892096384430133,25.502757727542303,25.86283868024117,110467600
2015-11-18,26.396209716796875,26.441219192006294,25.993368560767326,26.051882252140704,186698800
2015-11-19,26.73153305053711,26.949832595551136,26.27693120190066,26.47497528260345,173183200
2015-11-20,26.84856414794922,26.988094560769092,26.747290246352513,26.826057691815596,137148400
2015-11-23,26.499736785888672,26.945338210890085,26.407465116019043,26.84181331206017,129930000
2015-11-24,26.754039764404297,26.859813920179256,26.35795157371696,26.405212037935286,171212800
2015-11-25,26.562747955322266,26.83280996896848,26.537992227812992,26.828307991056892,85553200
2015-11-27,26.51323890686035,26.648270784440793,26.465978436507857,26.621264065524375,52185600
2015-11-30,26.623510360717773,26.873316886396125,26.49973173375955,26.55374344506798,156721200
2015-12-01,26.407455444335938,26.738280337384804,26.299432040687964,26.72477784117907,139409600
2015-12-02,26.168907165527344,26.580750548158523,26.12389769161195,26.407460467881386,133546400
2015-12-03,25.92584991455078,26.283681557878825,25.70530110533081,26.229669849886356,166278000
2015-12-04,26.787799835205078,26.837311292183443,25.9056009997772,25.94611021757754,231108000
2015-12-07,26.61901092529297,26.97459163578406,26.513236764336625,26.776547530739133,128336800
2015-12-08,26.607759475708008,26.691027181077096,26.29943923103996,26.44797188091549,137238000
2015-12-09,26.020376205444336,26.486231330206245,25.89884855763669,26.474978102501257,185445600
2015-12-10,26.1441593170166,26.31744944950611,25.99562663474177,26.114903321856897,116850800
2015-12-11,25.471248626708984,25.96861066941635,25.396981453503482,25.923601197959165,187544800
2015-12-14,25.313716888427734,25.35872636544817,24.70832963559441,25.246200955895596,257274800
2015-12-15,24.865867614746094,25.385736239096286,24.834360633512954,25.192192373234604,213292400
2015-12-16,25.05715560913086,25.203438974640342,24.485528079849917,24.996392647735327,224954000
2015-12-17,24.526044845581055,25.261960443326753,24.526044845581055,25.21019798716026,179091200
2015-12-18,23.86213493347168,24.647561707984263,23.81262348506665,24.51028230604477,385813200
2015-12-21,24.154705047607422,24.163707286494162,23.758615121598442,24.143451819748623,190362400
2015-12-22,24.132205963134766,24.242480410582292,23.95666483921584,24.170464199616287,131157600
2015-12-23,24.442764282226562,24.496775986299763,24.125441872169134,24.141195357398864,130629600
2015-12-24,24.312236785888672,24.5305363288565,24.294232310447736,24.5305363288565,54281600
2015-12-28,24.0399227142334,24.235717498438177,23.89589036160037,24.213211048275888,106816800
2015-12-29,24.47202491760254,24.62731052796695,24.048930007408522,24.071434745301563,123724800
2015-12-30,24.152450561523438,24.463020031640784,24.1209435884826,24.436015035892215,100855200
2015-12-31,23.6888427734375,24.087181851303434,23.58981989254385,24.082681591717808,163649200
2016-01-04,23.70909881591797,23.713600792941097,22.955179062652647,23.092460172838408,270597600
2016-01-05,23.114967346191406,23.821626717292084,23.04745313673035,23.799121980805065,223164000
2016-01-06,22.662620544433594,23.038456779406197,22.475829638610904,22.6311135619092,273829600
2016-01-07,21.70615577697754,22.534343049252268,21.701655515047527,22.208019973767083,324377600
2016-01-08,21.820926666259766,22.30478625858172,21.775917190369956,22.178758352489098,283192000
2016-01-11,22.174259185791016,22.29353585732134,21.906448134391603,22.27328210570374,198957600
2016-01-12,22.496082305908203,22.660370178573043,22.24402474087501,22.628863197569107,196616800
2016-01-13,21.917699813842773,22.772893639718973,21.897446063656986,22.577098802915323,249758400
2016-01-14,22.39706039428711,22.61311072662906,21.546368434822075,22.04598160898453,252680400
2016-01-15,21.85918426513672,21.989714145273158,21.46084509223923,21.649886945952915,319335600
2016-01-19,21.7534122467041,22.201262880477753,21.492352481407988,22.147251166520476,212350800
2016-01-20,21.782670974731445,22.097742493626843,21.024249027026293,21.40233450630044,289337600
2016-01-21,21.672388076782227,22.027966959568353,21.366318917092187,21.843425411843562,208646000
2016-01-22,22.82465171813965,22.83365395617753,22.138247808514276,22.196759780258493,263202000
2016-01-25,22.379053115844727,22.84940848500449,22.32729067401783,22.847157496142078,207178000
2016-01-26,22.502830505371094,22.703125593310077,22.07073335276125,22.48932800591499,300308000
2016-01-27,21.024246215820312,21.746659108426698,21.006241738976197,21.61387995495452,533478800
2016-01-28,21.175029754638672,21.271801671005875,20.79244406686214,21.107515542267087,222715200
2016-01-29,21.90644073486328,21.90644073486328,21.23353942538852,21.332562311853426,257666000
2016-02-01,21.701644897460938,21.76465883566267,21.469842888932693,21.710647133918478,163774000
2016-02-02,21.262802124023438,21.613880852048318,21.217790930044938,21.474348726217194,149428800
2016-02-03,21.68364906311035,21.793923498895694,21.17278438887882,21.379830758884445,183857200
2016-02-04,21.85787582397461,22.02305515087919,21.538833187512928,21.690435019918965,185886800
2016-02-05,21.27410125732422,21.930290667138372,21.199432779222697,21.839781485384858,185672400
2016-02-08,21.498104095458984,21.65423060804116,21.052347960750858,21.072711612963058,216085600
2016-02-09,21.493581771850586,21.708541257399276,21.253733948753766,21.335192025714715,177324800
2016-02-10,21.33065414428711,21.8013001743883,21.2921883303902,21.704003175149282,169374400
2016-02-11,21.20168113708496,21.432479494048906,20.95051913314548,21.22204651037848,200298800
2016-02-12,21.267305374145508,21.38270458064832,21.045559774862276,21.312560811165437,161405600
2016-02-16,21.866924285888672,21.914441195131964,21.40759243688531,21.500363052174144,196231600
2016-02-17,22.201812744140625,22.22217639870214,21.756056558006573,21.87371725688323,179452800
2016-02-18,21.780942916870117,22.376037647567838,21.742475365374155,22.36472335718932,156084000
2016-02-19,21.731159210205078,21.894075297350927,21.676854423262476,21.722108124661634,141496800
2016-02-22,21.921232223510742,21.925758630555652,21.704011295953993,21.79225724382647,137123200
2016-02-23,21.425695419311523,21.83524717134706,21.394017478619176,21.812620317469428,127770400
2016-02-24,21.744741439819336,21.808097331140345,21.115705481248508,21.26504584763537,145022800
2016-02-25,21.89408302307129,21.89408302307129,21.55241176009324,21.733430082201536,110330800
2016-02-26,21.928016662597656,22.17917695216546,21.853346500833084,21.993634012407416,115964400
2016-02-29,21.878236770629883,22.226695802651435,21.869185684903833,21.916702590227032,140865200
2016-03-01,22.74712562561035,22.801430426399506,22.04341951361982,22.095462837185025,201628400
2016-03-02,22.796903610229492,22.82858155158241,22.54574155641827,22.74259881452711,132678400
2016-03-03,22.96660804748535,23.01412496042539,22.72902175646678,22.75843822137135,147822800
2016-03-04,23.30828285217285,23.475723675015796,22.937196852186524,23.163468887608364,184220400
2016-03-07,23.050329208374023,23.267550120715413,22.844420860215557,23.167989888522893,143315600
2016-03-08,22.860258102416992,23.02543740912557,22.717707374999783,22.80369010682502,126247600
2016-03-09,22.880619049072266,22.984703933653588,22.688286520238503,22.92360954350327,108806800
2016-03-10,22.891935348510742,23.134046293258795,22.661138693065695,22.946241865583367,134054400
2016-03-11,23.13857650756836,23.143101188243314,22.966609294506334,23.134050100574946,109632800
2016-03-14,23.197406768798828,23.28565444495634,23.029965957093875,23.059382424585884,100304400
2016-03-15,23.663524627685547,23.799287473548514,23.498345318901467,23.523235375380143,160270800
2016-03-16,23.97803497314453,24.054966595176918,23.665778627367274,23.67030503237959,153214000
2016-03-17,23.939579010009766,24.091180840249617,23.749509626611857,23.87622139799819,137682800
2016-03-18,23.96672821044922,24.097966375920844,23.80155062831962,24.06176202972802,176820800
2016-03-21,23.964466094970703,24.3581788545761,23.790235704617366,23.968990774965118,142010800
2016-03-22,24.147756576538086,24.276731592672608,23.806085253462125,23.815136343791437,129777600
2016-03-23,24.014245986938477,24.22694221270348,23.96220439530553,24.093442565514504,102814000
2016-03-24,23.9101619720459,24.041400147165657,23.733670087176467,23.86490826229623,104532000
2016-03-28,23.801546096801758,24.02781803847283,23.772129639541056,23.984825817133594,77645600
2016-03-29,24.364965438842773,24.38985549328066,23.73140324167166,23.733666444707314,124760400
2016-03-30,24.790359497070312,24.984953553052407,24.57313858659879,24.584452877002676,182404400
2016-03-31,24.661378860473633,24.867287159542954,24.636488808359363,24.826558140293965,103553600
2016-04-01,24.887657165527344,24.88992036893003,24.48263007236564,24.61386824862732,103496000
2016-04-04,25.143342971801758,25.385453920701245,24.951010408261794,24.984951550434623,149424800
2016-04-05,24.846927642822266,25.055099193778993,24.758681701370815,24.779047078954108,106314800
2016-04-06,25.107139587402344,25.111665993901667,24.70890040505678,24.94196200286057,105616400
2016-04-07,24.559566497802734,24.98495729540314,24.46453265892157,24.87860916442339,127207600
2016-04-08,24.58671760559082,24.837877950218115,24.475843076973312,24.64328560848277,94326800
2016-04-11,24.66817855834961,25.027952021761923,24.62518804200232,24.65686599144507,117630000
2016-04-12,24.989473342895508,25.003049106730835,24.586709570147267,24.74057283046198,108929200
2016-04-13,25.351512908935547,25.419393467312176,25.070936136412072,25.070936136412072,133029200
2016-04-14,25.365093231201172,25.43071232450725,25.1908645344577,25.256483627763778,101895600
2016-04-15,24.855981826782227,25.410349328859326,24.82883028837945,25.367357091296842,187756000
2016-04-18,24.3197078704834,24.652326158495402,24.19752082075094,24.63875039507552,243286000
2016-04-19,24.19074058532715,24.437376239107543,24.036875554768923,24.410222977367255,129539600
2016-04-20,24.240514755249023,24.457735632396414,23.998403824086175,24.12964197683712,122444000
2016-04-21,23.97803497314453,24.19525580315784,23.876211576179806,24.19525580315784,126210000
2016-04-22,23.91242218017578,24.093440449136978,23.672574441172625,23.760820372553717,134732400
2016-04-25,23.77666473388672,23.90563971871821,23.64768974905523,23.758562557621605,112126400
2016-04-26,23.611488342285156,23.826447828034933,23.51192981304323,23.51192981304323,224064800
2016-04-27,22.133928298950195,22.335310252927346,21.649706328003063,21.72211330329464,458408400
2016-04-28,21.457372665405273,22.1475011810835,21.32613450031771,22.086408504959696,328970800
2016-04-29,21.21074104309082,21.43248840706545,20.932427394109794,21.26730905441592,274126000
2016-05-02,21.188112258911133,21.287672502220374,20.907535431597918,21.262782441393064,192640400
2016-05-03,21.53656768798828,21.66327944767617,21.19715970912294,21.31482038221623,227325200
2016-05-04,21.312559127807617,21.69948402059538,21.22883787067222,21.541092593013676,164102000
2016-05-05,21.226055145263672,21.415004791770283,21.098571883441945,21.39906938404257,143562000
2016-05-06,21.1076717376709,21.2738549773596,20.90961595527273,21.255644328876752,174799600
2016-05-09,21.12360954284668,21.34670520938341,21.078078574390002,21.17141575710455,131745600
2016-05-10,21.26702880859375,21.301176601729335,20.968808337989397,21.246541174809746,134747200
2016-05-11,21.059864044189453,21.301172053655105,21.048480869965076,21.28068442424547,114876400
2016-05-12,20.565872192382812,21.121337992617917,20.367818073350588,21.1076795669824,305258800
2016-05-13,20.606843948364258,20.86864137283403,20.488466903791494,20.488466903791494,177571200
2016-05-16,21.37174415588379,21.48784594000559,20.86408651259446,21.0325467329084,245039200
2016-05-17,21.282958984375,21.558414770816327,21.173688157384767,21.52426872289968,187667600
2016-05-18,21.526552200317383,21.67452483291446,21.3740273385334,21.435493721946084,168249600
2016-05-19,21.44460105895996,21.544767482809316,21.30118237312697,21.544767482809316,121768400
2016-05-20,21.676803588867188,21.724609814970933,21.517447765025423,21.544766352868685,128104000
2016-05-23,21.952251434326172,22.12526562008119,21.779237248571153,21.824768211574394,152074400
2016-05-24,22.286901473999023,22.33015372721535,22.045591659714926,22.13209963980563,140560800
2016-05-25,22.6784610748291,22.70577792404892,22.334709581903283,22.46219284314023,152675200
2016-05-26,22.85829734802246,22.931145151117686,22.455356580254616,22.692112374521265,225324800
2016-05-27,22.844642639160156,22.871961223146894,22.594228364850043,22.63748235528845,145364800
2016-05-31,22.733091354370117,22.856022358466806,22.49633553946117,22.673901966435686,169228800
2016-06-01,22.41438865661621,22.660250742907195,22.38479482166296,22.541871929435537,116693200
2016-06-02,22.245927810668945,22.2732446616845,21.997788747358832,22.218609222824103,160766400
2016-06-03,22.29145622253418,22.371133263074594,22.18446059516739,22.26186238942752,114019600
2016-06-06,22.45307731628418,23.195215428971775,22.207217091339544,22.307381724899045,93170000
2016-06-07,22.544139862060547,22.735366431348574,22.5282044593556,22.594223052512856,89638000
2016-06-08,22.52366065979004,22.66480235461189,22.464471254668045,22.541871314818184,83392400
2016-06-09,22.685285568237305,22.76268560736526,22.414381957631843,22.423488151087273,106405600
2016-06-10,22.49861717224121,22.616994235748717,22.418940135569898,22.43032157690629,126851600
2016-06-13,22.159412384033203,22.564630152066556,22.10477696350067,22.466740749496882,152082000
2016-06-14,22.18673324584961,22.41893684645813,22.025102213221146,22.15486243585689,127727600
2016-06-15,22.1138916015625,22.403007691650878,22.088849995749197,22.268693466213215,117780800
2016-06-16,22.207223892211914,22.252753127152243,21.870301648434932,21.95680788955315,125307200
2016-06-17,21.701841354370117,22.0023388201696,21.695012142824737,21.99550960862422,244032800
2016-06-20,21.64948081970215,21.98412607462517,21.633545414078622,21.854365846882462,137647600
2016-06-21,21.833879470825195,21.93404413901869,21.553869628070824,21.61305902529588,142185600
2016-06-22,21.75191879272461,22.056968406470375,21.706387833101612,21.911272809333813,116876400
2016-06-23,21.877134323120117,21.920388318940777,21.6836324387491,21.84071127676792,128960800
2016-06-24,21.262483596801758,21.549322722239165,21.091746311608215,21.150935723454232,301245600
2016-06-27,20.95287322998047,21.182799854404006,20.82994221504597,21.17141667758771,181958400
2016-06-28,21.305734634399414,21.321671780789334,20.975643263432772,21.148657522111055,161779600
2016-06-29,21.490127563476562,21.52427535874932,21.314836358263275,21.392238143336794,146124000
2016-06-30,21.7633056640625,21.802005686783623,21.467362168347563,21.499232979627187,143345600
2016-07-01,21.829320907592773,21.961358097890752,21.7018376821071,21.738260716462143,104106000
2016-07-05,21.62444305419922,21.717780258564805,21.503788999251906,21.715503275406576,110820800
2016-07-06,21.74736976623535,21.776965330917307,21.483297087776542,21.535655532195683,123796400
2016-07-07,21.840707778930664,21.968191025990517,21.767859961063753,21.786070612908745,100558400
2016-07-08,22.009166717529297,22.056972932321376,21.86574807315307,21.96591273121933,115648400
2016-07-11,22.07746124267578,22.229986073522742,22.020548836822844,22.02510106508641,95179600
2016-07-12,22.17762565612793,22.241367272101378,22.109331811940137,22.120713250890383,96670000
2016-07-13,22.05242347717285,22.234542165451483,22.04559252834731,22.1753545035962,103568800
2016-07-14,22.4895076751709,22.535036907490163,22.154862433454767,22.170797838449396,155676000
2016-07-15,22.487232208251953,22.605610999187544,22.423490583976943,22.51910302038946,120548000
2016-07-18,22.72626495361328,22.794558806447593,22.44625512018853,22.469019737799965,145975600
2016-07-19,22.735370635986328,22.764964464531793,22.614714865387988,22.66479806510259,95119600
2016-07-20,22.755861282348633,22.869686119737427,22.705778076004894,22.76496747775924,105104000
2016-07-21,22.63519859313965,22.99260837665008,22.566903022041952,22.726258775660405,130808000
2016-07-22,22.459915161132812,22.6056107972683,22.380236394671762,22.59650460290621,113254800
2016-07-25,22.159412384033203,22.500886801811777,22.06379996389409,22.36657436449665,161531600
2016-07-26,22.006893157958984,22.302838423366524,21.949980740521315,22.041040955787416,224959200
2016-07-27,23.43653678894043,23.75524672811925,23.391007541984646,23.73703433460516,369379200
2016-07-28,23.752954483032227,23.77799607381708,23.406927912739864,23.409204894673483,159479200
2016-07-29,23.723371505737305,23.80077329539467,23.60271746054674,23.718819276618223,110934800
2016-08-01,24.142244338989258,24.165008954984405,23.76889907881645,23.76889907881645,152671600
2016-08-02,23.784841537475586,24.14680372858213,23.675568916731894,24.14225149876461,135266400
2016-08-03,24.083053588867188,24.09443502780804,23.85085000306549,23.859956196315437,120810400
2016-08-04,24.231826782226562,24.261580922637133,24.096784999236316,24.16545054939915,109634800
2016-08-05,24.600322723388672,24.639232378094874,24.302774401693636,24.323373014336774,162213600
2016-08-08,24.80403709411621,24.80403709411621,24.52708903271134,24.609485258853,112148800
2016-08-09,24.90474510192871,24.934500993309076,24.721639849436276,24.771994361398967,105260800
2016-08-10,24.71935272216797,24.925347677433617,24.664421316176433,24.881859368478118,96034000
2016-08-11,24.703332901000977,24.932215814288767,24.685021848840822,24.83837298164651,109938000
2016-08-12,24.760547637939453,24.82005766994111,24.668994145530196,24.668994145530196,74641600
2016-08-15,25.058094024658203,25.07182643622555,24.73765770026603,24.751390111833377,103472800
2016-08-16,25.03520965576172,25.22976150751289,24.996299983906624,25.092430377750215,135177600
2016-08-17,24.99859046936035,25.03292325340463,24.797172400960832,24.971123892877344,101424000
2016-08-18,24.9665470123291,25.085565351322884,24.952812850963635,25.000879796385863,87938800
2016-08-19,25.0306339263916,25.106165702014025,24.80175102783004,24.895592108196556,101472400
2016-08-22,24.836082458496094,24.971122523094618,24.685018915482996,24.91619111937978,103280800
2016-08-23,24.91390037536621,25.021475605068048,24.840657925859944,24.854390339443075,85030800
2016-08-24,24.726215362548828,24.891011302987323,24.64610670990169,24.8498123178777,94700400
2016-08-25,24.620935440063477,24.69188858590681,24.417229782571646,24.579736444939392,100344800
2016-08-26,24.476736068725586,24.707906523282393,24.332538734832134,24.58431130314203,111065200
2016-08-29,24.44926643371582,24.591174432069376,24.32795880029892,24.403490561337307,99881200
2016-08-30,24.261579513549805,24.376020926349568,24.14713810075004,24.21580364692485,99455600
2016-08-31,24.28447723388672,24.392052484670987,24.179191301227544,24.183769937477727,118649600
2016-09-01,24.428668975830078,24.444690706547647,24.174608855710293,24.293627177292564,106806000
2016-09-02,24.657560348510742,24.719357975103655,24.449276031081695,24.650692393344166,107210000
2016-09-06,24.65068817138672,24.788019311384804,24.60720160687611,24.696465800132074,107521600
2016-09-07,24.80175018310547,24.893303688659454,24.506491044468753,24.680442530397535,169457200
2016-09-08,24.151721954345703,24.552267014663258,24.087635024092958,24.547690125175723,212008000
2016-09-09,23.604684829711914,24.197492247375678,23.604684829711914,23.9502983802517,186228000
2016-09-12,24.1334171295166,24.197504071664408,23.46736695311289,23.49483353384975,181171200
2016-09-13,24.70790672302246,24.900169254355387,24.545400084314608,24.607199441122198,248704800
2016-09-14,25.582239151000977,25.87063207350197,24.856680828536582,24.886436721019322,443554800
2016-09-15,26.451997756958008,26.48861986063888,25.975920886534766,26.06060819161827,359934400
2016-09-16,26.3032169342041,26.580164975590975,26.101800653078442,26.348994552349193,319547600
2016-09-19,25.99651527404785,26.5916103520135,25.920983512266076,26.365016812905786,188092000
2016-09-20,25.994226455688477,26.1201127277421,25.751611181808023,25.87520813630495,138057200
2016-09-21,25.98965072631836,26.090358002216576,25.735590599557394,26.058314539943815,144012800
2016-09-22,26.234554290771484,26.307796736816936,26.09264628757944,26.172754940092023,124296000
2016-09-23,25.79738998413086,26.27346680818627,25.531886743255473,26.188779511350944,209924800
2016-09-26,25.8362979888916,25.953028742676437,25.53188509596385,25.552483716270608,119477600
2016-09-27,25.884363174438477,25.904963540976546,25.71270102031809,25.863764554138143,98429600
2016-09-28,26.081199645996094,26.239129368791218,25.96218133422534,26.021691363229483,118564400
2016-09-29,25.676071166992188,26.046861911321002,25.589096336403145,25.900377067046257,143548000
2016-09-30,25.875207901000977,25.9484503460104,25.58910432733329,25.74016610618626,145516400
2016-10-03,25.75389862060547,25.875208003159123,25.698967223190934,25.797386922770695,86807200
2016-10-04,25.863767623901367,26.16360366322302,25.779080322504882,25.87750003906482,118947200
2016-10-05,25.875207901000977,26.01482658464982,25.79280993208567,25.955316552380403,85812400
2016-10-06,26.067466735839844,26.17046331624547,25.893515286972285,26.02397843706358,115117200
2016-10-07,26.106386184692383,26.220827648586337,25.98050162215193,26.16360691663936,97433600
2016-10-10,26.561861038208008,26.722078368474566,26.257446364463615,26.326110186190167,144944000
2016-10-11,26.619077682495117,27.166107585717516,26.596187999190285,26.939512293910834,256164000
2016-10-12,26.857112884521484,27.003599515625737,26.722072840694022,26.85940220197684,150347200
2016-10-13,26.77471923828125,26.880005150259226,26.486326329501203,26.731230933637267,140769600
2016-10-14,26.92348861694336,27.047085563656005,26.809047193643227,26.980709328593424,142608800
2016-10-17,26.905179977416992,26.97155446787286,26.72893920331153,26.85482547052972,94499600
2016-10-18,26.886873245239258,27.056246094121228,26.882294609566905,27.049379886850563,98214000
2016-10-19,26.8067569732666,26.95324184091527,26.046866067500126,26.83651111173864,80138400
2016-10-20,26.793031692504883,26.866274150593316,26.625948153539685,26.747255811038844,96503200
2016-10-21,26.687740325927734,26.75869519784017,26.61449788277504,26.735805515536914,92770800
2016-10-24,26.928070068359375,26.94866868851393,26.779295853260383,26.80218379106691,94154800
2016-10-25,27.065399169921875,27.090576425127797,26.8502487149759,26.99673361095342,192516000
2016-10-26,26.456575393676758,26.481752654108615,25.93472262515837,26.16360554091121,264536800
2016-10-27,26.2025146484375,26.518372415621062,26.11553803054444,26.410797175324642,138248000
2016-10-28,26.028562545776367,26.369597563133876,25.966763187546174,26.06289532854449,151446800
2016-10-31,25.987361907958984,26.145291650936002,25.909540822203006,26.012539163976705,105677600
2016-11-01,25.518152236938477,26.04000493282985,25.2984248779441,25.969051797617304,175303200
2016-11-02,25.541044235229492,25.714995743584726,25.45864799046975,25.497557667819258,113326800
2016-11-03,25.26726531982422,25.64225915016258,25.202849374019138,25.531832315983266,107730400
2016-11-04,25.039506912231445,25.363889470404764,24.871565588447606,24.968189508038545,123348000
2016-11-07,25.400705337524414,25.423710787131366,25.182149178250135,25.32478577413851,130240000
2016-11-08,25.550235748291016,25.70207484006421,25.237356791185245,25.377692283204873,97016800
2016-11-09,25.508831024169922,25.61005710827959,24.8577682024011,25.27877301861398,236705600
2016-11-10,24.797958374023438,25.557148915104918,24.347044789302654,25.557148915104918,228538000
2016-11-11,24.9451961517334,25.046422262378318,24.512687619784305,24.643820647118066,136575600
2016-11-14,24.31943130493164,24.80255276055703,23.944437391630697,24.779547311280258,204702000
2016-11-15,24.64151382446289,24.772646821194414,24.422959414978134,24.517282287264077,129058000
2016-11-16,25.304079055786133,25.359294239810122,24.524182572280637,24.547188021355673,235362000
2016-11-17,25.294876098632812,25.386899648584652,25.03721226501154,25.262668119430153,110528000
2016-11-18,25.32018280029297,25.43061141206758,25.22816100488457,25.241963923155183,113715600
2016-11-21,25.70438575744629,25.764199584509182,25.308685645104998,25.333992170094515,117058400
2016-11-22,25.720487594604492,25.863122445096884,25.628464034646015,25.75499489378593,103862000
2016-11-23,25.58935546875,25.653771436366686,25.382302890551035,25.61926238079961,109705600
2016-11-25,25.718185424804688,25.736590487051203,25.524935781622954,25.566346294075945,45903600
2016-11-28,25.667572021484375,25.874624580847378,25.626161509611773,25.635364040606053,108776000
2016-11-29,25.64226722717285,25.773400231067928,25.322486713197073,25.485827700139822,114115200
2016-11-30,25.426010131835938,25.812507653355425,25.3684956301527,25.674473200356314,144649200
2016-12-01,25.18905258178711,25.522637770046657,25.083226101264454,25.39150476644213,148347600
2016-12-02,25.283370971679688,25.32708079195349,25.041809403796204,25.115427883165925,106112000
2016-12-05,25.101625442504883,25.313278355303645,24.903775446348597,25.306376896982407,137298000
2016-12-06,25.294876098632812,25.389200720014333,25.12003328444787,25.19135070193901,104782000
2016-12-07,25.5433406829834,25.580150807244582,25.113133325701664,25.136138775763236,119994800
2016-12-08,25.794103622436523,25.86542104085599,25.44441447910836,25.504230050636142,108273200
2016-12-09,26.215105056762695,26.38764853477176,25.837810125265783,25.837810125265783,137610400
2016-12-12,26.06557273864746,26.45667064611745,25.87922456055831,26.063271667134355,105497600
2016-12-13,26.500381469726562,26.668322826103353,26.169097389460877,26.189801766875863,174935200
2016-12-14,26.500381469726562,26.732738784998737,26.452069500555023,26.46587241883168,136127200
2016-12-15,26.64532470703125,26.854678386235026,26.509591292763613,26.544098597947777,186098000
2016-12-16,26.679824829101562,26.801755280446198,26.606206344032927,26.794853821721503,177404400
2016-12-19,26.833959579467773,27.00420197375097,26.629208141088593,26.640711740854886,111117600
2016-12-20,26.905282974243164,27.031815579034852,26.84316808520206,26.856971003832687,85700000
2016-12-21,26.93058967590332,27.008810310809384,26.866173714923793,26.870775857967068,95132800
2016-12-22,26.753448486328125,26.804061533698256,26.60391041597186,26.767251406445986,104343600
2016-12-23,26.806360244750977,26.806360244750977,26.592406211739476,26.592406211739476,56998000
2016-12-27,26.976600646972656,27.10083217333965,26.799455010129595,26.806356469060564,73187600
2016-12-28,26.8615665435791,27.151438294784008,26.732732898951845,27.03640932059712,83623600
2016-12-29,26.854671478271484,26.942092887589716,26.778751915988057,26.790253763022857,60158000
2016-12-30,26.64532470703125,26.96280420115161,26.55560220314498,26.83627332000099,122345200
2017-01-03,26.721237182617188,26.762647693029223,26.401456701458834,26.640717233261352,115127600
2017-01-04,26.691329956054688,26.804059646424857,26.629215064694332,26.65222051500545,84472400
2017-01-05,26.82706642150879,26.884580927728436,26.64301929952454,26.66832582267746,88774400
2017-01-06,27.126140594482422,27.183655096543283,26.794856500946796,26.866173921837206,127007600
2017-01-09,27.374601364135742,27.47582744741152,27.133041513413918,27.13534082970417,134247600
2017-01-10,27.402206420898438,27.464321303849857,27.21586001684107,27.3239857941859,97848400
2017-01-11,27.5494441986084,27.590854706860362,27.284877160065474,27.31708513812776,110354400
2017-01-12,27.434415817260742,27.44591941905576,27.195155292590645,27.35389587030523,108344800
2017-01-13,27.386104583740234,27.51953864524781,27.33319047134818,27.40220857356334,104447600
2017-01-17,27.606956481933594,27.662169903440613,27.19745357495073,27.225059408102727,137759200
2017-01-18,27.604658126831055,27.72198819488039,27.540242169534384,27.606959198221134,94852000
2017-01-19,27.556346893310547,27.627664311475066,27.462024026241657,27.468925485392642,102389200
2017-01-20,27.606956481933594,27.710481866659634,27.544841602138572,27.710481866659634,130391600
2017-01-23,27.625362396240234,27.793303737125175,27.55404322958216,27.606957336766985,88200800
2017-01-24,27.600059509277344,27.629966418453563,27.49193196465079,27.503435567135732,92844000
2017-01-25,28.039472579956055,28.09008562831899,27.67138007623037,27.703588060606148,129510400
2017-01-26,28.053272247314453,28.168301243893303,27.975051616935176,27.991155606248086,105350400
2017-01-27,28.055574417114258,28.14759797477796,27.975054462359783,28.099286001925275,82251600
2017-01-30,27.981952667236328,27.981952667236328,27.7587978915031,27.82091277645912,121510000
2017-01-31,27.917539596557617,27.92674212772511,27.749598229560107,27.87152869592351,196804000
2017-02-01,29.619966506958008,30.020268677283774,29.21966609183543,29.224266479391765,447940000
2017-02-02,29.569351196289062,29.76720119487324,29.396807715328656,29.44282036337326,134841600
2017-02-03,29.695884704589844,29.72119122299778,29.48423178263535,29.518739075734263,98029200
2017-02-06,29.9742488861084,30.0225626003887,29.654468474689068,29.707384330902197,107383600
2017-02-07,30.259531021118164,30.388362950360797,30.011067938833033,30.03177231808843,152735200
2017-02-08,30.376853942871094,30.418266204420902,30.188208225873115,30.2181168864143,92016400
2017-02-09,30.596364974975586,30.60329635703919,30.295992158254823,30.41845127554744,113399600
2017-02-10,30.52704620361328,30.716513372844734,30.510874154762057,30.605607739377785,80262000
2017-02-13,30.797374725341797,30.919837338912373,30.672606352471522,30.748855062524516,92141600
2017-02-14,31.19711685180664,31.213288904649293,30.788147600074634,30.838980095798494,132904800
2017-02-15,31.310317993164062,31.485922364828532,31.104678814998433,31.312630803712807,142492400
2017-02-16,31.273357391357422,31.400435071703008,31.155516852353124,31.347293303978862,90338400
2017-02-17,31.358840942382812,31.384257178844305,31.21558771448665,31.21558771448665,88792800
2017-02-21,31.585281372070312,31.596834850449913,31.418921155158582,31.476685021429972,98028800
2017-02-22,31.680015563964844,31.682324849434227,31.44896009446634,31.52289601137999,83347600
2017-02-23,31.54600715637207,31.765509176409616,31.49286537850821,31.742405741768746,83152800
2017-02-24,31.576032638549805,31.576032638549805,31.257175049984358,31.402741084003488,87106400
2017-02-27,31.63842010498047,31.756260637263946,31.488235477341306,31.686943299266535,81029600
2017-02-28,31.652280807495117,31.756255033330067,31.58527276652604,31.67307494753698,93931600
2017-03-01,32.29924011230469,32.38242021612314,31.793231633504373,31.86023616336788,145658400
2017-03-02,32.10746765136719,32.41245901933764,32.06125373976054,32.34776377384007,104844000
2017-03-03,32.29693603515625,32.30848951475482,32.02197943859438,32.065880545692764,84432400
2017-03-06,32.19525909423828,32.29461475112016,32.02428035196002,32.20219047429682,87000000
2017-03-07,32.23685836791992,32.343141903855376,32.06818534575366,32.130571306357986,69785200
2017-03-08,32.11669921875,32.301544235925455,32.07511094083889,32.105145744121764,74828800
2017-03-09,32.042762756347656,32.068178992623274,31.666144833241777,32.05662904255546,88623600
2017-03-10,32.14905548095703,32.19988796249569,32.0335277548467,32.174471721726356,78451200
2017-03-13,32.16291046142578,32.21605221540226,32.075111808252814,32.082043188092115,69686800
2017-03-14,32.1143913269043,32.266885211484286,32.07973090151632,32.18601793683025,61236400
2017-03-15,32.45404815673828,32.52105268203677,32.12363704927191,32.211439243327874,102767200
2017-03-16,32.507198333740234,32.58344707058321,32.40784263701985,32.51412971657805,76928000
2017-03-17,32.34543991088867,32.57880454657179,32.322332965499314,32.57880454657179,175540000
2017-03-20,32.68510818481445,32.694348852295555,32.40090741959065,32.44018642623199,86168000
2017-03-21,32.310791015625,32.99471665093121,32.2853747768826,32.83528783751306,158119600
2017-03-22,32.67585372924805,32.71744553391698,32.292300925150975,32.31309859029822,103440800
2017-03-23,32.560325622558594,32.712823028388804,32.488699014687725,32.638883610183065,81385200
2017-03-24,32.49562454223633,32.749786839514066,32.42862004147668,32.694332285846684,89582400
2017-03-27,32.551090240478516,32.62964824085136,32.02890271013015,32.20681637913718,94300400
2017-03-28,33.22577667236328,33.281227727729544,32.49101845812078,32.55802651752383,133499200
2017-03-29,33.299705505371094,33.38519840692117,33.084825660277524,33.19804055798778,116760000
2017-03-30,33.25580596923828,33.387509255140365,33.15645382776915,33.315882636755454,84829200
2017-03-31,33.19342803955078,33.33437201036823,33.04323987603545,33.2072908029711,78646800
2017-04-03,33.20266342163086,33.299706275752946,33.052478807647475,33.204976232250445,79942800
2017-04-04,33.449893951416016,33.47761947345894,33.080203871256245,33.098688727826826,79565600
2017-04-05,33.27660369873047,33.609324078860624,33.22808050761731,33.322814079164985,110871600
2017-04-06,33.19342803955078,33.39213587503724,33.14490484195315,33.33899058109066,84596000
2017-04-07,33.11949157714844,33.31357733372976,33.1033195269134,33.20960307310597,66688800
2017-04-10,33.08021926879883,33.244270243705806,33.01783328953814,33.179574978408624,75733600
2017-04-11,32.724388122558594,33.12180382246015,32.36162933373058,33.027070231356774,121517600
2017-04-12,32.76366424560547,32.84453153953262,32.58112846168498,32.71745385970046,81400000
2017-04-13,32.59037780761719,32.89768203463652,32.59037780761719,32.78908567149333,71291600
2017-04-17,32.770591735839844,32.782145212350784,32.548776973958354,32.68972092588931,66328400
2017-04-18,32.625022888183594,32.819108584656504,32.604228747624155,32.673546075114686,58790000
2017-04-19,32.5048828125,32.809877734444996,32.45174103996478,32.78215220540519,69313600
2017-04-20,32.91154098510742,33.02244662108617,32.6157902720797,32.629653035873716,93278400
2017-04-21,32.87226104736328,32.96699110581275,32.7752181779293,32.91154005220847,69283600
2017-04-24,33.18879699707031,33.260423605852495,33.08250996345363,33.156449382600115,68537200
2017-04-25,33.39444351196289,33.47993289925257,33.241946070614006,33.25119026285557,75486000
2017-04-26,33.19804382324219,33.41061792992952,33.12873001195959,33.38057959462292,80164800
2017-04-27,33.22346115112305,33.30895406388303,33.11255552381096,33.253499487413826,56985200
2017-04-28,33.19111251831055,33.341300669562116,33.103313848608956,33.2927774759267,83441600
2017-05-01,33.868099212646484,34.01135242507627,33.493790612103915,33.52613822541469,134411600
2017-05-02,34.08298873901367,34.217001325364414,33.928182007960174,34.08992012058126,181408800
2017-05-03,33.97900390625,34.078359553815964,33.33436094186979,33.63935221272565,182788000
2017-05-04,33.856544494628906,33.997488417226116,33.690184339247764,33.85423521005775,93487600
2017-05-05,34.41801834106445,34.42263691120523,33.90969357549422,33.90969357549422,109310800
2017-05-08,35.35379409790039,35.51322292684159,34.43419436903658,34.43419436903658,195009600
2017-05-09,35.58021926879883,35.785858416166704,35.45544738913163,35.55249022574761,156521600
2017-05-10,35.41155242919922,35.56867194825436,35.145840106230295,35.4970453320954,103222800
2017-05-11,35.717803955078125,35.74564745729754,35.3373091330769,35.36979026885097,109020400
2017-05-12,36.21662902832031,36.29087011398681,35.88485410936519,35.891814100515845,130108000
2017-05-15,36.12381362915039,36.344221550660954,35.973009140795185,36.19573587867911,104038800
2017-05-16,36.070465087890625,36.20734964530216,35.896458214516294,36.179509678419514,80194000
2017-05-17,34.85936737060547,35.86164838463973,34.73408401394015,35.63659927380828,203070800
2017-05-18,35.39066696166992,35.57627495183137,35.06353681745834,35.09601795022325,134272800
2017-05-19,35.511314392089844,35.72476235196621,35.41155217244053,35.58555900779195,107843200
2017-05-22,35.727081298828125,35.863965813263476,35.47651105501651,35.7294001152807,91865600
2017-05-23,35.68299865722656,35.938206531456125,35.569312928958254,35.938206531456125,79675600
2017-05-24,35.576271057128906,35.768839016074516,35.420825400187226,35.692275595758005,76712000
2017-05-25,35.699249267578125,35.81061621627435,35.50436241762813,35.666768125919795,76942400
2017-05-26,35.6389274597168,35.785094364401445,35.56932400319178,35.72941089114566,87710400
2017-05-30,35.65283966064453,35.829165310531,35.573957412551486,35.59483738289763,80507600
2017-05-31,35.44171905517578,35.76885283009231,35.35355797909039,35.722451704755954,97804800
2017-06-01,35.53915786743164,35.57396136205059,35.31643107865565,35.536839050528435,65616400
2017-06-02,36.06583023071289,36.06583023071289,35.471887231987566,35.631974149961714,111082800
2017-06-05,35.71316909790039,35.83381485504756,35.60412804722725,35.80829370526987,101326800
2017-06-06,35.83381652832031,36.14934914931527,35.67837080520811,35.70621077347326,106499600
2017-06-07,36.04724884033203,36.188774517651595,35.840760905243904,35.96604778821009,84278400
2017-06-08,35.9590950012207,36.086697185851556,35.82220692905555,36.01941609832216,85003200
2017-06-09,34.56472396850586,36.00550242241281,33.87797883138676,36.00550242241281,259530800
2017-06-12,33.738765716552734,33.89421140172117,33.06361832949146,33.813010334042374,289229200
2017-06-13,34.010223388671875,34.20975141652605,33.67612961736451,34.14247031488895,136661600
2017-06-14,33.67845916748047,34.22135989171264,33.37220529831581,34.22135989171264,126124800
2017-06-15,33.476585388183594,33.520667675588555,32.994009663374705,33.25153985910825,128661600
2017-06-16,33.007938385009766,33.525317729657,32.99169604737768,33.35827088059254,201444400
2017-06-19,33.95222091674805,34.04502670838691,33.330438043573054,33.330438043573054,130165600
2017-06-20,33.64365005493164,34.075187273103715,33.62741125315838,34.075187273103715,99600400
2017-06-21,33.843170166015625,33.88957482348066,33.55083994094887,33.76196909580847,85063200
2017-06-22,33.787498474121094,34.03574645919202,33.669171525002966,33.819979618154086,76425200
2017-06-23,33.93830871582031,34.14247796406717,33.666858350862896,33.6714995265539,141757600
2017-06-26,33.83156204223633,34.40230233407298,33.729477491780415,34.144772141850915,102769600
2017-06-27,33.34667205810547,33.91045609832989,33.321150911590316,33.643643468366285,99047600
2017-06-28,33.833892822265625,33.89885509731291,33.21442885223566,33.52300142879953,88329600
2017-06-29,33.33507537841797,33.67149150233917,33.010263961048665,33.57404807712838,125997600
2017-06-30,33.41394805908203,33.632037156573915,33.35826460647424,33.51371026230457,92096400
2017-07-03,33.293312072753906,33.710929238845075,33.200509831479685,33.613485823453566,57111200
2017-07-05,33.430198669433594,33.59260437172023,33.11234725637412,33.33739642246375,86278400
2017-07-06,33.11467742919922,33.293325533066074,33.04043631420027,33.18196209047765,96515200
2017-07-07,33.45108413696289,33.583331077798874,33.15411264967926,33.15411264967926,76806800
2017-07-10,33.65523147583008,33.8617193841169,33.263135623648154,33.43482359128211,84362400
2017-07-11,33.76429748535156,33.83854212620255,33.497488330174406,33.578689423403425,79127200
2017-07-12,33.813011169433594,33.91509221073657,33.59956319914471,33.843169948377934,99538000
2017-07-13,34.28399658203125,34.45104347027611,33.74341478259706,33.75733476658762,100797600
2017-07-14,34.57863235473633,34.64591697166014,34.181898803216576,34.330384475511416,80528400
2017-07-17,34.699283599853516,35.010174972615246,34.46959683558217,34.52759911588152,95174000
2017-07-18,34.8199348449707,34.831536010902305,34.49280108266514,34.61576565314673,71475200
2017-07-19,35.038021087646484,35.13082332697542,34.7897696101649,34.91273417035607,83692000
2017-07-20,34.880252838134766,35.205067754332376,34.845452883625036,35.149384286938314,68974800
2017-07-21,34.8640251159668,34.903466257001384,34.54153245439733,34.799062820124,105010400
2017-07-24,35.28627395629883,35.36747858219408,34.77817330554504,34.93594138266693,85972800
2017-07-25,35.43708801269531,35.692296019607944,35.218998788849156,35.218998788849156,75415600
2017-07-26,35.6041259765625,35.71316702089403,35.51132019177788,35.578604828269064,63124000
2017-07-27,34.931297302246094,35.72709053321311,34.17494874241261,35.671407062358746,129905200
2017-07-28,34.68537902832031,34.854744770786844,34.613456735225476,34.775862484178305,68854800
2017-07-31,34.5067138671875,34.87792985848564,34.367510525584244,34.77816410050082,79383600
2017-08-01,34.81296920776367,34.85241033339182,34.43247439209287,34.59256125152247,141474400
2017-08-02,36.457908630371094,37.06345250301335,36.230540711117264,36.95440794639433,279747200
2017-08-03,36.093658447265625,36.47415324084323,35.96605273047904,36.43703093410931,108389200
2017-08-04,36.283912658691406,36.51824063755716,36.12150695352806,36.209671567836246,82239600
2017-08-07,36.845367431640625,36.87088857620592,36.348868061152366,36.439351475487854,87481200
2017-08-08,37.1400260925293,37.54604211525849,36.720090086877995,36.79665353312838,144823600
2017-08-09,37.36738586425781,37.41610933395925,36.91496881779299,36.94976876745259,104526000
2017-08-10,36.17716979980469,37.26723470908686,36.016454281468874,37.24394126576149,163217200
2017-08-11,36.68028259277344,36.9341683844951,36.351867717935605,36.47531517491972,105028400
2017-08-14,37.23230743408203,37.31615887536622,36.97609370957996,37.108859972480495,88490800
2017-08-15,37.639915466308594,37.77966548996639,37.299850322653825,37.42096985308881,117862000
2017-08-16,37.488502502441406,37.85185741693669,37.30216564642129,37.719094761600296,110686400
2017-08-17,36.768795013427734,37.43261922350006,36.76413561275204,37.38836380228439,111762400
2017-08-18,36.68492889404297,37.15076926095145,36.503251435275054,36.768780302249695,109712400
2017-08-21,36.617393493652344,36.775777555216585,36.128259554669306,36.68493880130041,105474000
2017-08-22,37.21599578857422,37.26723852587376,36.806057444258705,36.85496870453865,86418400
2017-08-23,37.262577056884766,37.37670924800208,37.00636693869412,37.050622350639216,77596400
2017-08-24,37.09721755981445,37.43961068868213,36.92951465775347,37.36740240950668,79275600
2017-08-25,37.23463821411133,37.397681708539366,37.09721609409924,37.185723388742105,101920400
2017-08-28,37.6096305847168,37.73307802479244,37.25093143296134,37.29984624604826,103864000
2017-08-29,37.945030212402344,37.993941463572725,37.267231584971434,37.290525026344106,118067600
2017-08-30,38.047508239746094,38.17328355799448,37.87514604784771,38.15232159729966,109078400
2017-08-31,38.198917388916016,38.32003690260881,38.07779787522322,38.11506596467956,107140400
2017-09-01,38.2105598449707,38.41785868256609,38.112733786630436,38.385249996452664,66364400
2017-09-05,37.751708984375,38.25714542591725,37.397669261394455,38.140685318075796,117874000
2017-09-06,37.71211624145508,37.963670522676125,37.38835725576962,37.898453140961124,86606800
2017-09-07,37.56071472167969,37.78897910426357,37.35108793792291,37.75403893758368,87714000
2017-09-08,36.94813919067383,37.53509564260675,36.92484574480057,37.46755033610366,114446000
2017-09-11,37.616615295410156,37.74472212642734,37.24161360138557,37.38369507686272,126323200
2017-09-12,37.467552185058594,38.189606393791436,36.980749707380006,37.875162629389486,286856000
2017-09-13,37.18570327758789,37.25791151485799,36.78042446120834,37.236945998706176,179629600
2017-09-14,36.866607666015625,37.127477143471076,36.82235226093013,37.03198256595404,95042800
2017-09-15,37.23929214477539,37.493174374096036,36.80140092056649,36.91087372661872,196458400
2017-09-18,36.95745086669922,37.383695295624975,36.80139474584889,37.292856552023125,113077600
2017-09-19,36.971431732177734,37.21367079192962,36.90388642083373,37.1531092499511,83242400
2017-09-20,36.351871490478516,36.86196394189305,35.830128759626284,36.77811249504325,211805600
2017-09-21,35.72764205932617,36.28898079421191,35.57857322040231,36.28898079421191,150046800
2017-09-22,35.37825012207031,35.466760938093564,35.06846582006925,35.296726627935186,186581600
2017-09-25,35.066139221191406,35.36427681327334,34.74238026319241,34.93570446891562,177549200
2017-09-26,35.669395446777344,35.85107289889718,35.33166190394329,35.35262386670793,146640000
2017-09-27,35.92329025268555,36.03742245811878,35.762574706654625,35.823136248104575,102016800
2017-09-28,35.702022552490234,35.93494284761561,35.56692835482772,35.844104074679976,88022000
2017-09-29,35.89767074584961,35.90000222315323,35.40388091253344,35.68571600201449,105199200
2017-10-02,35.825462341308594,35.97453115605567,35.571580127050126,35.93027574081998,74795200
2017-10-03,35.98151779174805,36.123599280752316,35.84875510265796,35.872044994281765,64921200
2017-10-04,35.74860763549805,35.83711848924705,35.511031481879925,35.78354781391141,80655200
2017-10-05,36.193458557128906,36.205105274347744,35.881346438507066,35.91162363838112,85135200
2017-10-06,36.172508239746094,36.21676364697264,36.00014601004277,36.09564414626003,69630400
2017-10-09,36.29829406738281,36.505592965768344,36.21677410523374,36.29130674360093,65051600
2017-10-10,36.3122673034668,36.80140127367339,36.12593393775108,36.349535398242395,62468000
2017-10-11,36.46366882324219,36.56382283295449,36.277331897223505,36.32857464073067,67622400
2017-10-12,36.33555603027344,36.65465560938733,36.27266657277076,36.41707953274286,64500400
2017-10-13,36.5661506652832,36.63369597276531,36.43105649623809,36.50558912676728,65576800
2017-10-16,37.23929214477539,37.26724143854835,36.71987740828723,36.778107473034964,96486000
2017-10-17,37.376712799072266,37.46987947743301,37.0878904096244,37.21599725793115,75989200
2017-10-18,37.21134567260742,37.432622799826675,37.17408112588571,37.36507392286026,65496800
2017-10-19,36.33089828491211,36.5871119722712,36.107296843290385,36.51024786606347,170336800
2017-10-20,36.39380645751953,36.743186999511714,36.326261116530745,36.47765792976096,95896400
2017-10-23,36.37515640258789,36.72919619122614,36.21910025562893,36.542859273307,87937200
2017-10-24,36.591758728027344,36.66629133145303,36.38212845060341,36.40309041212193,71028800
2017-10-25,36.43104553222656,36.69657439034687,36.16551667410626,36.547505620070204,84828400
2017-10-26,36.663970947265625,36.761797008544235,36.51723007830754,36.62204346152888,68002000
2017-10-27,37.977638244628906,38.10574506181474,36.96443398170839,37.10185604283496,177816800
2017-10-30,38.83246612548828,39.146909898881574,38.13370534379751,38.173301361603585,178803200
2017-10-31,39.37282943725586,39.51491090283744,38.883699144821094,39.10730054876835,144187200
2017-11-01,38.87206268310547,39.58247019850598,38.573925029770365,39.566164074081144,134551200
2017-11-02,39.156227111816406,39.24706587583461,38.49706231483044,38.804518780172856,165573600
2017-11-03,40.178741455078125,40.588679798570986,39.85731038613164,40.528121815557064,237594400
2017-11-06,40.58634567260742,40.75870790356975,39.9970578389901,40.14845455042654,140105200
2017-11-07,40.7167854309082,40.81927090225437,40.43495393878697,40.50715864248612,97446000
2017-11-08,41.04985809326172,41.04985809326172,40.60497964998318,40.68184374390672,97638000
2017-11-09,40.965999603271484,41.017242323704934,40.32779707410559,40.786650081754416,117930400
2017-11-10,40.8304443359375,40.99641382075227,40.73694271175288,40.93329826265557,100582000
2017-11-13,40.66679763793945,40.7906888430598,40.53355413421182,40.55693131387321,67928400
2017-11-14,40.052024841308594,40.5522659440664,40.01462277065098,40.449412033186846,99130000
2017-11-15,39.52372741699219,39.81358806625075,39.360097843562826,39.731771496107484,116632400
2017-11-16,39.99592590332031,40.175916683207014,39.8089191140793,40.014623372072364,94550000
2017-11-17,39.773841857910156,40.0637024759367,39.65462680301197,39.98188591460903,87598000
2017-11-20,39.734107971191406,39.869687780332924,39.635930226680074,39.80657224212664,65049600
2017-11-21,40.4727783203125,40.60368196550586,39.921110410671325,39.921110410671325,100525200
2017-11-22,40.898231506347656,40.90758024098525,40.45175363167157,40.52421791740119,102355600
2017-11-24,40.90056228637695,41.024453513062106,40.82575815192538,40.93095191185509,56106800
2017-11-27,40.69485855102539,40.92627985240134,40.51954035609574,40.91926740995278,82867200
2017-11-28,40.45641326904297,40.87717392629052,40.17356511741134,40.74393400265719,105715200
2017-11-29,39.61723709106445,40.42136380660984,39.074921313258585,40.353575671955824,166665600
2017-11-30,40.17123794555664,40.2390260682573,39.37412381322835,39.83929907290369,166108800
2017-12-01,39.98423385620117,40.12916241108595,39.38815132748786,39.727099097349935,159037200
2017-12-04,39.69203567504883,40.351230160635915,39.65229731659654,40.31850424386007,130169600
2017-12-05,39.65463638305664,40.094101782104794,39.36477569500352,39.519056556395874,109400800
2017-12-06,39.507362365722656,39.785534421794935,38.9112834648331,39.15438974818077,114240000
2017-12-07,39.579830169677734,39.84163748488926,39.48398871791025,39.51203848258087,102693200
2017-12-08,39.591514587402344,39.97254053034316,39.46295079005944,39.85332546546157,93420800
2017-12-11,40.362918853759766,40.41434580408775,39.455938348183324,39.55177980714525,141095200
2017-12-12,40.136165618896484,40.29745887898939,40.08006609667753,40.24135578991373,77636800
2017-12-13,40.26941680908203,40.566286349142075,40.206301267674334,40.3231800504292,95273600
2017-12-14,40.25773239135742,40.47045265407189,40.124488853110634,40.29980704541993,81906000
2017-12-15,40.66679763793945,40.7135484304054,40.31382505293616,40.58732093406165,160677200
2017-12-18,41.239505767822266,41.421836368046534,40.874844567373735,40.87952071700584,117684400
2017-12-19,40.80003356933594,40.998728876380696,40.694843404900205,40.91457603146081,109745600
2017-12-20,40.755645751953125,41.00576457070534,40.49851092252701,40.877197155992285,93902400
2017-12-21,40.90990447998047,41.146001870600934,40.69718783621033,40.71354900872024,83799600
2017-12-22,40.90990447998047,41.00574592435399,40.79068942247038,40.83276406623033,65397600
2017-12-26,39.872032165527344,40.08241256095756,39.66398449497271,39.92579541025149,132742000
2017-12-27,39.87903594970703,39.921110592915475,39.670991891177096,39.76215718498556,85992800
2017-12-28,39.99122619628906,40.171220437009865,39.85097029526012,39.97252517169482,65920800
2017-12-29,39.55879211425781,39.87670254845045,39.556455822653554,39.860341373505804,103999600
2018-01-02,40.26707458496094,40.276426884472016,39.56580192963127,39.77618586634448,102223600
2018-01-03,40.26005935668945,40.802378551359595,40.196947390215975,40.330187330739136,118071600
2018-01-04,40.44706726074219,40.5499211500562,40.224998308918046,40.33252478094121,89738400
2018-01-05,40.90757369995117,40.99406285723671,40.45174716352319,40.54291247080879,94640000
2018-01-08,40.755645751953125,41.05017909277517,40.65746440482061,40.755645751953125,82271200
2018-01-09,40.75094985961914,40.921591854561065,40.53589336412295,40.802376800591794,86336000
2018-01-10,40.74160385131836,40.74394370972359,40.44005816620148,40.47746023211193,95839600
2018-01-11,40.97303009033203,41.02212075365002,40.788363163647276,40.8117367825329,74670800
2018-01-12,41.3961296081543,41.459245154422774,41.0595181171993,41.18340935111223,101672400
2018-01-16,41.18574523925781,41.933768721013166,41.17405664783749,41.585468671088606,118263600
2018-01-17,41.865989685058594,41.901051900072744,40.923946795192215,41.17640187701026,137547200
2018-01-18,41.90336608886719,42.099725089944926,41.66727230963817,41.92907955526688,124773600
2018-01-19,41.71636962890625,41.97817691644085,41.47092351341417,41.75143183103793,129700400
2018-01-22,41.37508773803711,41.5574183478053,41.28158614164321,41.44521571876117,108434400
2018-01-23,41.38443374633789,41.945453988337626,41.333010368506855,41.44521299016399,130756400
2018-01-24,40.72524642944336,41.44522021370444,40.486812695865126,41.433531621173195,204420400
2018-01-25,39.99825668334961,40.89588486778186,39.862676869004524,40.793030969529916,166116000
2018-01-26,40.09174728393555,40.206289742269604,39.75279962447954,40.206289742269604,156572000
2018-01-29,39.26192855834961,39.776194571434615,39.053884434411934,39.776194571434615,202561600
2018-01-30,39.030494689941406,39.12399627428952,38.499864103281,38.6938832793173,184192800
2018-01-31,39.13803482055664,39.37413228878434,38.92064195595757,39.007131130020674,129915600
2018-02-01,39.21984100341797,39.41619648711814,38.98140730643512,39.07724875688061,188923200
2018-02-02,37.51808547973633,38.99075870726561,37.424583889707215,38.80375196035035,346375200
2018-02-05,36.58071517944336,38.30818309023463,36.466172711856956,37.19082244248908,290954000
2018-02-06,38.10950469970703,38.27079802903582,35.99867366557429,36.19269291919745,272975200
2018-02-07,37.2936897277832,38.19599429823236,37.18382692611816,38.12353000555916,206434400
2018-02-08,36.267486572265625,37.634969821723445,36.23943680447615,37.46900037296808,217562000
2018-02-09,36.711082458496094,37.05845311203358,35.2629186182967,36.86599229990847,282690400
2018-02-12,38.18976974487305,38.4667265805271,36.96927155384121,37.201636376347686,243278000
2018-02-13,38.57234191894531,38.66857413140311,37.94096978650724,38.01138368785197,130196800
2018-02-14,39.28351593017578,39.32341630642415,38.22966752219258,38.26721850010876,162579600
2018-02-15,40.60258483886719,40.626053748209934,39.66608832808962,39.85150811191413,204588800
2018-02-16,40.47114181518555,41.03210351492394,40.31623556104345,40.454713937633706,160704400
2018-02-20,40.33501434326172,40.90066411551989,40.23408693219044,40.38195574267661,135722000
2018-02-21,40.15193176269531,40.86779600830932,40.13784612263408,40.565021002863894,149886400
2018-02-22,40.487586975097656,40.82791670005755,40.30216713810029,40.32329023698601,123967600
2018-02-23,41.19171905517578,41.22692422009872,40.73168460558105,40.762198136114456,135249600
2018-02-26,42.00615692138672,42.10473494491624,41.35835694616437,41.391216287340875,152648800
2018-02-27,41.870018005371094,42.360562232054455,41.81603557762197,42.036664084160634,155712400
2018-02-28,41.80664825439453,42.39342471689793,41.79022037577208,42.07421817804011,151128400
2018-03-01,41.07435607910156,42.19627249006448,40.52513412020834,41.90523004911441,195208000
2018-03-02,41.358367919921875,41.37949102026867,40.475853526050166,40.55800369148841,153816000
2018-03-05,41.50154113769531,41.71747451781942,40.96170589668479,41.123656827127995,113605600
2018-03-06,41.466312408447266,41.83715550694427,41.339570287355286,41.75735477953826,95154000
2018-03-07,41.08140182495117,41.27386626316505,40.903023033099316,41.0602787275082,126814000
2018-03-08,41.529693603515625,41.57193979190114,41.09078593320187,41.187014556102035,95096400
2018-03-09,42.24320602416992,42.24790123821032,41.63530652700031,41.76909326665948,128740800
2018-03-12,42.65161895751953,42.808874660866046,42.29720717069979,42.315980870782745,128828400
2018-03-13,42.24087142944336,43.069399648429766,42.069533676140765,42.855812120337546,126774000
2018-03-14,41.88175964355469,42.36995811673612,41.73389082089603,42.32301671345703,117473600
2018-03-15,41.93106460571289,42.304257335978754,41.79493555302338,41.89585943370716,90975200
2018-03-16,41.78318786621094,42.04136741352731,41.689301464223135,41.93105312956666,157618800
2018-03-19,41.1447868347168,41.65410862900461,40.75986142615176,41.61890345621556,133787200
2018-03-20,41.13068771362305,41.49683568443578,41.06027381583607,41.13068771362305,78597600
2018-03-21,40.198890686035156,41.09548343216158,40.196541287634304,41.08374718435731,148219600
2018-03-22,39.63088607788086,40.52982452051389,39.57220842812468,39.90080183419946,165963200
2018-03-23,38.71316909790039,39.88202694835137,38.71316909790039,39.52291999681884,164115200
2018-03-26,40.55094909667969,40.62840402011539,39.06523065201155,39.44781005466082,150164800
2018-03-27,39.51118469238281,41.10956343270425,39.17789604359712,40.76453853670361,163690400
2018-03-28,39.07463073730469,39.905508501898744,38.771855553481785,39.25535895321478,166674000
2018-03-29,39.37974548339844,40.31154688271614,39.173199002522075,39.386786515119255,153594000
2018-04-02,39.121559143066406,39.65200736477822,38.60285074845011,39.11217229534909,150347200
2018-04-03,39.52291488647461,39.60741083952156,38.6990820303163,39.34688194941007,121112000
2018-04-04,40.27869415283203,40.37257697878735,38.67327419175449,38.69909250610223,138422000
2018-04-05,40.55800247192383,40.89363699423224,40.389010511429944,40.50636584058401,107732800
2018-04-06,39.52057647705078,40.482887897857516,39.478326701909054,40.12847614077942,140021200
2018-04-09,39.91254425048828,40.62606300601005,39.8656028397066,39.872643872253846,116070800
2018-04-10,40.663604736328125,40.83963765726461,40.25990228446854,40.60492709601596,113634400
2018-04-11,40.473506927490234,40.820877702734585,40.29981974916783,40.424216112898584,89726400
2018-04-12,40.87251281738281,41.074364121464306,40.61432966748776,40.70117504412537,91557200
2018-04-13,41.01097869873047,41.27150758615567,40.80443582338923,41.02271494402695,100497200
2018-04-16,41.266815185546875,41.35365695260684,41.03445042603608,41.0813918249496,86313600
2018-04-17,41.83482360839844,41.999120331657075,41.40530272955087,41.42408000955185,106421600
2018-04-18,41.74094009399414,41.97095910385769,41.51561988120563,41.733899061182015,83018000
2018-04-19,40.55800247192383,41.165902217405765,40.52514312301671,40.78332269831539,139235200
2018-04-20,38.89622497558594,40.187132746463966,38.82815692390218,40.04161338015783,261964400
2018-04-23,38.78357696533203,39.17788901493464,38.51365765341196,39.156765922577186,146062000
2018-04-24,38.24374008178711,39.039408754872795,37.840037622972055,38.88449892224397,134768000
2018-04-25,38.41039276123047,38.825831574734394,38.11935387520056,38.16864110139597,113528400
2018-04-26,38.54417037963867,38.898582053680634,38.34466496108976,38.52069788990382,111852000
2018-04-27,38.098228454589844,38.56999549782901,37.70156694524858,38.49254056570322,142623200
2018-04-30,38.78827667236328,39.257697923260864,37.98556676309641,38.05363485006051,169709600
2018-05-01,39.68955612182617,39.71302502839153,38.79061427006014,39.05818415841722,214277600
2018-05-02,41.442848205566406,41.71980496672397,40.792698905965494,41.1283333112394,266157600
2018-05-03,41.51796340942383,41.66113703771084,40.94292307926782,41.28090696121748,136272800
2018-05-04,43.1468391418457,43.24541713920659,41.81837662148013,41.83715389451058,224805200
2018-05-07,43.459014892578125,44.04813720028736,43.36278268851024,43.463706525898886,169805600
2018-05-08,43.66790008544922,43.70780045059003,43.10928781068014,43.419107466689546,113611200
2018-05-09,43.97537612915039,43.98476297690126,43.473095611593955,43.7852611249509,92844800
2018-05-10,44.60439682006836,44.68185174084153,44.04343867998312,44.06456535393887,111957200
2018-05-11,44.434757232666016,44.78111254653238,44.16615551938289,44.64681348749568,104848800
2018-05-14,44.33108901977539,44.65623981059255,44.26276205405801,44.53371864959899,83115200
2018-05-15,43.928184509277344,44.0766235265029,43.61246038568903,44.00829297134428,94780800
2018-05-16,44.33816146850586,44.404137173242404,43.82452095930741,43.84101578429413,76732400
2018-05-17,44.05778121948242,44.51016293392808,43.90934217740125,44.29575178319089,69176000
2018-05-18,43.897560119628906,44.25098366663279,43.85515101968935,44.10490308433846,73190800
2018-05-21,44.20858383178711,44.59499351368546,44.03894020605506,44.295760507851,73603200
2018-05-22,44.09782791137695,44.50308713532342,44.00829280986027,44.385279304995024,60962800
2018-05-23,44.380577087402344,44.41356314433773,43.76797477836174,43.90699078528495,80233600
2018-05-24,44.33108901977539,44.49366441518397,43.873997617810524,44.47717318699425,92936000
2018-05-25,44.43241500854492,44.684521971347976,44.213290509081354,44.34994806456397,69844000
2018-05-29,44.27219009399414,44.47246488387322,44.02950620237712,44.20150825776424,90056400
2018-05-30,44.17794418334961,44.295752034505206,44.00830059006872,44.229779925474894,74762000
2018-05-31,44.02950668334961,44.34994419353032,43.85750822129398,44.11197362013253,109931200
2018-06-01,44.823524475097656,44.82823419974906,44.2368401871287,44.293389239832464,93770000
2018-06-04,45.19816207885742,45.57279019489144,45.085067544721014,45.153394518725605,105064800
2018-06-05,45.546878814697266,45.69531788361521,45.32304457734592,45.490333337174945,86264000
2018-06-06,45.70471954345703,45.728282544872066,45.21935191406509,45.62225622892292,83734400
2018-06-07,45.582210540771484,45.756563841147845,45.3183185372882,45.74242747573462,85388800
2018-06-08,45.167518615722656,45.23820402855917,44.71278214467778,45.04264261096891,106627200
2018-06-11,45.05679702758789,45.231153969750345,44.81647156094477,45.085073361177756,73234000
2018-06-12,45.30418395996094,45.381937568012425,45.0379370834704,45.09448614256514,67644400
2018-06-13,44.93191146850586,45.44555554341027,44.870652683238966,45.33717074386563,86553600
2018-06-14,44.95547866821289,45.13690377351365,44.818821123524955,45.132190452604284,86440400
2018-06-15,44.49367141723633,44.80468589134723,44.35701386908553,44.77405469747586,246876800
2018-06-18,44.47010803222656,44.58320256034685,44.10725784482574,44.26747838860552,73939600
2018-06-19,43.75148010253906,43.902274007400344,43.22369963791943,43.62189074792149,134314000
2018-06-20,43.942325592041016,44.10725585377342,43.76090050653034,43.90698467710195,82514800
2018-06-21,43.69728469848633,44.37821385591246,43.57476354074038,44.119035175144084,102847600
2018-06-22,43.57006072998047,43.85986707368123,43.51822498132365,43.852798889338096,108801600
2018-06-25,42.92210006713867,43.5700430674738,42.58281297536606,43.21190629335723,126652400
2018-06-26,43.45459747314453,43.94939183167297,43.009283988552895,43.11531391910178,98276800
2018-06-27,43.390987396240234,44.126107216581914,43.360356205322596,43.64309432120707,101141200
2018-06-28,43.70669937133789,43.873988050554196,43.30615351932165,43.37683892737374,69460800
2018-06-29,43.614810943603516,44.104891902626136,43.096457258455715,43.892835671059316,90950800
2018-07-02,44.1025505065918,44.13082683886514,43.216636658259354,43.31088510715263,70925200
2018-07-03,43.334434509277344,44.283965391794474,43.244899402321124,44.24626602094871,55819200
2018-07-05,43.68313980102539,43.92111390698373,43.41925142512887,43.65015375403833,66416800
2018-07-06,44.28868865966797,44.39706988118077,43.63603208674531,43.687867834498626,69940800
2018-07-09,44.90364456176758,44.92720397675285,44.60205672635557,44.649179151536714,79026400
2018-07-10,44.84944152832031,45.06856236255624,44.809383703042094,44.93426330823316,63756400
2018-07-11,44.26747131347656,44.71513962901053,44.20385407867217,44.41355187208477,75326000
2018-07-12,45.00965881347656,45.09919391389085,44.60439959451979,44.65623532684284,72164400
2018-07-13,45.08032989501953,45.200492547989725,44.979013324892584,45.02142599931108,50055600
2018-07-16,44.98137664794922,45.391345505498975,44.86592370559536,45.1251023128351,60172400
2018-07-17,45.10862350463867,45.20758166383214,44.5784881977529,44.708077547367004,62138000
2018-07-18,44.861228942871094,45.191093088092565,44.750489273536566,45.186379767318016,65573600
2018-07-19,45.20993423461914,45.36779629624371,44.693935361208126,44.693935361208126,81147200
2018-07-20,45.10627746582031,45.33953474554605,44.80704447184909,45.18638595390368,82704800
2018-07-23,45.14632034301758,45.22878726865295,44.66330748260312,44.92719589230041,63957600
2018-07-24,45.47383117675781,45.629338405290476,45.24999697549978,45.344241819647266,74791600
2018-07-25,45.90265655517578,45.90972473919883,45.33953152979535,45.48797058470053,66839600
2018-07-26,45.7589225769043,46.17125001494184,45.617551731493165,45.85316741037176,76304000
2018-07-27,44.99787902832031,45.98982256720947,44.790539686327264,45.942700152902404,96096000
2018-07-30,44.74577713012695,45.2853354853208,44.547860810814726,45.21465005836353,84118000
2018-07-31,44.83530807495117,45.27119853960078,44.61147388845953,44.837666532786,157492000
2018-08-01,47.4765625,47.5378212863695,46.48933216360012,46.91815445381714,271742800
2018-08-02,48.86433410644531,49.097594916163985,47.20560135629759,47.25979195423673,249616000
2018-08-03,49.005714416503906,49.18242620477099,48.414316664168645,48.779521745629395,133789600
2018-08-06,49.26017379760742,49.30258289590306,48.7889424198688,49.008063284816416,101701600
2018-08-07,48.798370361328125,49.361491770413686,48.71590342386616,49.31908266786328,102349600
2018-08-08,48.831356048583984,48.963300271358555,48.188126164952756,48.548617914751276,90102000
2018-08-09,49.215396881103516,49.4274495226711,48.819560729578775,49.368545611656835,93970400
2018-08-10,49.068817138671875,49.4400328797773,48.865476836370014,49.02862242410072,98444800
2018-08-13,49.385643005371094,49.87744283435731,49.10900627803238,49.48967807024764,103563600
2018-08-14,49.59370803833008,49.78522547543453,49.241408169898676,49.69065012134938,82992000
2018-08-15,49.709556579589844,49.827777553906756,49.25795159182296,49.46838478179435,115230400
2018-08-16,50.43781661987305,50.55367090797726,50.00039741215219,50.066600893302926,114001600
2018-08-17,51.4450569152832,51.53253931119231,50.39998358384993,50.46618706310315,141708000
2018-08-20,50.94380187988281,51.823362921071144,50.861045725428916,51.56800870100237,121150800
2018-08-21,50.84449768066406,51.35285026121521,50.60569250505204,51.26063800451161,104639200
2018-08-22,50.84685516357422,51.15659362058982,50.5607587429564,50.622235974791955,76072400
2018-08-23,50.950889587402344,51.31973854252035,50.74045634465841,50.75227555879988,75532800
2018-08-24,51.10929870605469,51.28426346034547,50.861033908194834,51.21333375337259,73905600
2018-08-27,51.530181884765625,51.71933624974518,51.14951003307881,51.34339064151377,82100400
2018-08-28,51.94630813598633,52.14491855568263,51.761883659437096,51.783162574157686,91107200
2018-08-29,52.72183609008789,52.84242381895519,51.877740027109745,52.052704797907644,109019200
2018-08-30,53.20655059814453,53.9702573574271,52.58470689450583,52.78568406644188,195175200
2018-08-31,53.8213005065918,54.11448631513181,53.43589884273721,53.55648297936392,173360400
2018-09-04,53.993892669677734,54.18777322429528,53.58484903952322,54.00571549067332,109560400
2018-09-05,53.6416015625,54.303639960299556,53.223101771937806,54.14286111353829,133332000
2018-09-06,52.750213623046875,53.75509216076385,52.32461728550888,53.49027465750758,137160000
2018-09-07,52.32463073730469,53.28694808475434,52.185130782082055,52.45467459718158,150479200
2018-09-10,51.62238311767578,52.45465998116174,51.18260084633692,52.24186001307081,158066000
2018-09-11,52.92754364013672,53.033941819572114,51.20387942357245,51.54671960522813,142996000
2018-09-12,52.270240783691406,53.19945622059127,51.97941449205581,53.18527027618349,197114800
2018-09-13,53.532840728759766,53.99153884293053,52.6249042019705,52.84952340827975,166825600
2018-09-14,52.92518997192383,53.6345161536313,52.61308832803869,53.37679517348761,127997200
2018-09-17,51.515987396240234,52.71474653653947,51.37175762273958,52.525592202926,148780400
2018-09-18,51.601104736328125,52.454660523096074,51.3362872360447,51.49470294727404,126286800
2018-09-19,51.631839752197266,51.92739226002057,50.90596466904896,51.66257836751287,108495200
2018-09-20,52.02433776855469,52.55633231761007,51.81626763486653,52.073992180573526,106435200
2018-09-21,51.46397399902344,52.338808803475615,51.37648799310484,52.20167199078347,384986800
2018-09-24,52.20402526855469,52.315153292233006,51.22042933428429,51.26535388953533,110773600
2018-09-25,52.53505325317383,52.68401288099076,51.94631132173357,51.95813414435409,98217600
2018-09-26,52.11654281616211,52.90389507297976,51.960490237444716,52.25367960280906,95938800
2018-09-27,53.1876335144043,53.53993343518666,52.8542493888135,52.92045647589352,120724800
2018-09-28,53.37442398071289,53.39806601850307,52.96774340940435,53.14980117088278,91717600
2018-10-01,53.73379898071289,54.24451448446557,53.51863953725298,53.89694451172983,94403200
2018-10-02,54.2114372253418,54.381675803439,53.58486718638655,53.73146011448484,99152800
2018-10-03,54.8711051940918,55.20212260237653,54.32965090961708,54.39349126972169,114619200
2018-10-04,53.90642166137695,54.93730909364432,53.60850238383533,54.566093361412044,128168000
2018-10-05,53.03157424926758,54.00571773627825,52.15437645532441,53.89931955853073,134322000
2018-10-08,52.908634185791016,53.15216918862936,52.06453440498348,52.53978519538805,118655600
2018-10-09,53.6416015625,53.73618053808223,52.54924055121309,52.87789482474594,107564000
2018-10-10,51.15658950805664,53.5186463057796,51.08329306782395,53.30821307731672,167962400
2018-10-11,50.70500183105469,51.89903502121608,50.20138266890426,50.72155450791742,212497600
2018-10-12,52.51613235473633,52.69819370350563,51.27008201426514,52.11654480060176,161351600
2018-10-15,51.393028259277344,52.44992418497444,51.37174934722611,52.29150849334037,123164000
2018-10-16,52.525596618652344,52.72421066994395,51.251174194641926,51.764252977522055,116736000
2018-10-17,52.298606872558594,52.64144705306185,51.86118772679396,52.56105763845365,91541600
2018-10-18,51.076202392578125,51.955766930543895,50.36214653480621,51.51125481132157,130325200
2018-10-19,51.854095458984375,52.31515664645652,51.40958333577089,51.558542953192145,132314800
2018-10-22,52.17093276977539,52.81169226211933,51.766618916580256,51.967592478519066,115168400
2018-10-23,52.662723541259766,52.785674386526175,50.76409464590403,51.0312752497084,155071200
2018-10-24,50.8563117980957,53.017391656334006,50.726267969157426,52.63199362779541,163702000
2018-10-25,51.96995162963867,52.3435304176031,51.248802817676285,51.47578872209439,119423200
2018-10-26,51.14241409301758,52.0621734864531,50.284128331310725,51.04783511210514,189033600
2018-10-29,50.18244934082031,51.94394144771941,48.72832893518345,51.825720452520564,183742000
2018-10-30,50.43308639526367,50.8775949642934,49.480225290241705,49.924733859271434,146640000
2018-10-31,51.74769973754883,52.12364167690508,51.21806832318598,51.27954555631616,153435600
2018-11-01,52.54214859008789,52.575250330223895,51.262996332298286,51.792627782293415,233292800
2018-11-02,49.05698776245117,50.51583454720711,48.57228091507329,49.54642446027015,365314800
2018-11-05,47.66433334350586,48.32637154602719,46.85570228184564,48.30509263572986,264654800
2018-11-06,48.179786682128906,48.40440585745062,47.68798689600997,47.74236754506671,127531600
2018-11-07,49.64100646972656,49.66701523890736,48.26491564822979,48.69996814378195,133697600
2018-11-08,49.467803955078125,49.854546748716004,49.05495802314485,49.82132950962304,101450400
2018-11-09,48.513980865478516,48.87937043055105,47.98724786748592,48.77022964453493,137463200
2018-11-12,46.07014083862305,47.417819511836335,45.979978204665024,47.21614107916425,204542000
2018-11-13,45.60983657836914,46.78430756047721,45.42476859914762,45.467478543802656,187531600
2018-11-14,44.321475982666016,46.14368479083384,44.11505123237931,46.00606949744506,243204000
2018-11-15,45.41527557373047,45.54814450930108,44.34519912826086,44.69872824786671,185915200
2018-11-16,45.91828155517578,46.259946609491415,44.95260676177665,45.19936284522291,147713200
2018-11-19,44.098445892333984,45.24681733279806,43.89202475558644,45.08073115263296,167701200
2018-11-20,41.99150848388672,43.05683851163266,41.64272573882717,42.32130943637899,271300800
2018-11-21,41.944061279296875,42.772124438484425,41.889490881307914,42.64399822705807,124496800
2018-11-23,40.878726959228516,41.901350698379524,40.83364927354388,41.507486637209176,94496000
2018-11-26,41.43155288696289,41.50985141346875,40.39706885921027,41.34139390950067,179994000
2018-11-27,41.341400146484375,41.467151357006,40.544182944086934,40.693658680506765,165549600
2018-11-28,42.93108367919922,43.01412494171261,41.50510695387888,41.932188199568884,184250000
2018-11-29,42.60129165649414,43.37240942608668,42.16234624717858,43.33919219005899,167080000
2018-11-30,42.37115478515625,42.786372167358834,42.003390093980876,42.77687945690844,158126000
2018-12-03,43.851688385009766,43.8801592662894,42.99515437591232,43.76627212076378,163210000
2018-12-04,41.92270278930664,43.27512383554187,41.82305109331107,42.93345880903892,165377200
2018-12-06,41.455284118652344,41.46951955718573,40.43503545235043,40.75297231428439,172393600
2018-12-07,39.97712326049805,41.400725443078066,39.93204194545113,41.16345841264806,169126400
2018-12-10,40.240482330322266,40.356740836565265,38.75281731229737,39.149052745025465,248104000
2018-12-11,40.010345458984375,40.760106616561835,39.62359899291814,40.72926436066037,189126800
2018-12-12,40.121849060058594,40.79094008262468,40.10286726659763,40.43029324768022,142510800
2018-12-13,40.560794830322266,40.94516985024621,40.22862246288901,40.45165403262589,127594400
2018-12-14,39.262935638427734,40.11709814501256,39.21548297037447,40.098116353709955,162814800
2018-12-17,38.89755630493164,39.943904744588174,38.61046161430654,39.25582820608512,177151600
2018-12-18,39.40294647216797,39.749354388209994,39.004335887479705,39.23923160455003,135366000
2018-12-19,38.17388916015625,39.730360169185076,37.74680781733559,39.38632372817106,196189200
2018-12-20,37.2105827331543,38.463352159374345,36.847564525579564,38.05762401069301,259092000
2018-12-21,35.76325607299805,37.52615187290748,35.50226452935719,37.21770403005254,382978400
2018-12-24,34.83790969848633,35.95781008841347,34.7809643222436,35.151100216804714,148676800
2018-12-26,37.2912483215332,37.305483760117355,34.81180927021201,35.18669150802309,234330000
2018-12-27,37.04924011230469,37.19634811223778,35.606659957323785,36.97568792254167,212468400
2018-12-28,37.068214416503906,37.611557756964785,36.66960768010855,37.369544455349704,169165600
2018-12-31,37.426490783691406,37.81086209224743,37.12753210334212,37.61393008515579,140014000
2019-01-02,37.469207763671875,37.689867977237725,36.59369187126671,36.750288975035055,148158800
2019-01-03,33.737003326416016,34.57455574581666,33.6919220064379,34.16170976436273,365248800
2019-01-04,35.17719650268555,35.24600594521999,34.11898793915867,34.292191797955375,234428400
2019-01-07,35.098907470703125,35.31244995449789,34.61725572428317,35.28160408429917,219111200
2019-01-08,35.768001556396484,36.021878993464554,35.238897140785376,35.48565323681881,164101200
2019-01-09,36.375404357910156,36.66487039683081,35.50226350768915,35.89612398881753,180396400
2019-01-10,36.49166488647461,36.53199984154206,35.79409933557466,36.183217066092084,143122800
2019-01-11,36.133392333984375,36.467939696000656,35.948324350827995,36.27338262516767,108092800
2019-01-14,35.59006118774414,35.89139138618135,35.40499315920053,35.79173964930465,129756800
2019-01-15,36.318458557128906,36.3943821085161,35.601911260051914,35.65411028555859,114843600
2019-01-16,36.76214599609375,36.98517753374155,36.30184748144305,36.320829274052095,122278800
2019-01-17,36.98044204711914,37.40752345530275,36.36354627747528,36.586577880660485,119284800
2019-01-18,37.20820617675781,37.459708573550046,37.00889918007144,37.369545970773025,135004000
2019-01-22,36.3730354309082,37.18685958381331,36.21169197229735,37.11093601889627,121576000
2019-01-23,36.5201301574707,36.80959613916495,35.99339721507011,36.57470054471934,92522400
2019-01-24,36.23067092895508,36.65300590810053,36.00289663164888,36.565218274806185,101766000
2019-01-25,37.43124771118164,37.51903897969798,36.61505211762605,36.89027913828178,134142000
2019-01-28,37.08482360839844,37.091941326997095,36.45843902887305,36.96381515140883,104768400
2019-01-29,36.700462341308594,37.519036488429236,36.565222017267494,37.07297331497307,166348800
2019-01-30,39.2083740234375,39.42191288765638,38.017292600660475,38.73383999592237,244439200
2019-01-31,39.490726470947266,40.09812951029959,39.04466327999454,39.412427913785926,162958400
2019-02-01,39.50971221923828,40.09338716493966,39.36972190100189,39.61411030589265,130672400
2019-02-04,40.63197326660156,40.72925360434192,39.69002299817537,39.72086886633868,125982000
2019-02-05,41.3271598815918,41.54070233089087,40.89296450420444,41.013969357855885,144406400
2019-02-06,41.341400146484375,41.656965666225744,41.01159918712273,41.43867685735861,112958400
2019-02-07,40.55841827392578,41.27021921626802,40.41605663729461,40.904826038437854,126966800
2019-02-08,40.6060791015625,40.665650250891964,40.131891443963546,40.26771540968325,95280000
2019-02-11,40.37255859375,40.79670853270349,40.32966911040256,40.75858212354943,83973600
2019-02-12,40.720458984375,40.74667043828146,40.436899701914584,40.5322157324539,89134000
2019-02-13,40.551265716552734,41.099320945808756,40.48931303829851,40.8395916413653,89960800
2019-02-14,40.69900894165039,40.80861781758018,40.36064525814671,40.43927960962729,87342800
2019-02-15,40.60846710205078,40.913471144288906,40.44881683274918,40.80624378561589,98507200
2019-02-19,40.72998809814453,40.851515580587275,40.38686130166285,40.43928420861173,75891200
2019-02-20,40.992095947265625,41.29948509114437,40.7442815842349,40.791937772979175,104457600
2019-02-21,40.760955810546875,41.07310799901791,40.579860855843705,40.93728769197398,68998800
2019-02-22,41.21608352661133,41.223231773038286,40.83721192224632,40.88486811040405,75652800
2019-02-25,41.516319274902344,41.90710582108216,41.44959988672047,41.49964124582385,87493600
2019-02-26,41.5401496887207,41.771286013409664,41.26373871380323,41.39241441823523,68280800
2019-02-27,41.66883087158203,41.6998090360794,41.15890192366394,41.27328116060738,111341600
2019-02-28,41.258968353271484,41.6783514880164,41.20416392486593,41.53776447622518,112861600
2019-03-01,41.692657470703125,41.735546954193026,41.19702505785762,41.52824051212283,103544800
2019-03-04,41.90234375,42.35508298576963,41.45436758783305,41.86421734557429,109744800
2019-03-05,41.82609176635742,41.93808580910875,41.590188724744905,41.923789316150554,78949600
2019-03-06,41.58543014526367,41.81656650222476,41.44722463850816,41.621171381521776,83241600
2019-03-07,41.10409927368164,41.566372044364236,40.98972366767753,41.4305480580372,99185600
2019-03-08,41.201786041259766,41.239912445241174,40.389234781584264,40.58462987503848,95997600
2019-03-11,42.629112243652344,42.68153514499979,41.783204847044914,41.81656454463562,128044000
2019-03-12,43.10806655883789,43.52744613325643,42.74110624977912,42.89122670675174,129870400
2019-03-13,43.298702239990234,43.67757393364114,43.1104553438934,43.427374341932726,124130000
2019-03-14,43.780025482177734,43.86819325045519,43.501232955961775,43.82053342503637,94318000
2019-03-15,44.34952926635742,44.63785523657547,43.78241438212483,44.04691043760487,156171600
2019-03-18,44.80227279663086,44.89043693766361,44.2708955054987,44.27328067856524,104879200
2019-03-19,44.447227478027344,45.03340921139079,44.30187372223758,44.88090720826174,126585600
2019-03-20,44.83562469482422,45.152543603093804,44.01830674487972,44.37573359295211,124140800
2019-03-21,46.4869384765625,46.782412668747526,45.228796167797555,45.278837530094265,204136800
2019-03-22,45.524269104003906,47.106478547794836,45.45993125023579,46.546508338197334,169630800
2019-03-25,44.97382736206055,45.745866978541436,44.46389856952138,45.63387294895227,175381200
2019-03-26,44.50918197631836,45.96033805607303,43.98257500926579,45.66963053267575,199202000
2019-03-27,44.90950012207031,45.21688566494624,44.45199411345279,44.97621952108113,119393600
2019-03-28,44.96906280517578,45.16922096451442,44.68550359481245,45.0238672363422,83121600
2019-03-29,45.26215362548828,45.2931317832796,44.92617150707696,45.233560640409536,94256000
2019-04-01,45.569557189941406,45.67439938040992,44.88806295425262,45.664869594343756,111448000
2019-04-02,46.23198318481445,46.336828999804766,45.524277569564575,45.53380735459335,91062800
2019-04-03,46.54890060424805,46.822926454826096,46.02467154689668,46.0485014625707,93087200
2019-04-04,46.62991714477539,46.79194893860823,46.02229064603285,46.41545880854789,76457200
2019-04-05,46.94207000732422,46.965899923630765,46.68710371939616,46.81101273950768,74106400
2019-04-08,47.68074417114258,47.71171869297622,46.7847918560636,46.803855058079535,103526800
2019-04-09,47.53777313232422,48.33602791999754,47.47343527844449,47.73316823079818,143072800
2019-04-10,47.80466079711914,47.833257424849805,47.223245724372106,47.34238803810109,86781200
2019-04-11,47.4067268371582,47.89521106023314,47.285202983703144,47.85946981978605,83603200
2019-04-12,47.38766098022461,47.690283464181285,46.753826657487316,47.4662953407457,111042800
2019-04-15,47.47343826293945,47.62117718246721,47.18273076972158,47.31855473245824,70146400
2019-04-16,47.47820281982422,47.983364968636586,47.3137858769923,47.52824418170382,102785600
2019-04-17,48.402748107910156,48.462319253167394,47.325700783597725,47.54730369870625,115627200
2019-04-18,48.576698303222656,48.64579923684503,48.25739781446443,48.40036639173176,96783200
2019-04-22,48.7363395690918,48.834037108916725,48.21449581375746,48.331256554226314,77758000
2019-04-23,49.43928909301758,49.50362695477499,48.58622976622122,48.712520316675125,93292000
2019-04-24,49.363037109375,49.6775708811361,49.33682565873371,49.4106933007407,70162400
2019-04-25,48.91506576538086,49.506010596011244,48.87693935413123,49.28440764800036,74172800
2019-04-26,48.68153762817383,48.848336097417246,48.16207538289125,48.82450618641079,74596400
2019-04-29,48.755409240722656,49.079476422813116,48.576695801391914,48.705367877898986,88818800
2019-04-30,47.816558837890625,48.467074622632694,47.44483553232372,48.38605875058526,186139600
2019-05-01,50.163665771484375,51.305047195466486,49.85627665797254,50.01116380100785,259309200
2019-05-02,49.837223052978516,50.671219159962654,49.59417537681596,50.00164001010491,127985200
2019-05-03,50.45675277709961,50.47819751368422,50.09455924795819,50.251827921445944,83569600
2019-05-06,49.67756652832031,49.76334911963592,48.490910378399384,48.6791535903768,129772400
2019-05-07,48.33839797973633,49.424974811594446,47.85468069393926,49.05801824979203,155054800
2019-05-08,48.347938537597656,48.92935347903369,48.07391273228292,48.10965396395561,105358000
2019-05-09,47.828487396240234,48.05723858660724,46.86105245762417,47.752234575494825,139634400
2019-05-10,47.1658935546875,47.56536448730354,46.11101450339134,47.22330340337194,164834800
2019-05-13,44.424644470214844,45.324043662968705,43.73813514502486,44.900658286424814,229722400
2019-05-14,45.127891540527344,45.37666024246978,44.35048432829495,44.58968654744338,146118800
2019-05-15,45.66849899291992,45.86703732389194,44.49640927747329,44.55620984764786,106178800
2019-05-16,45.467552185058594,46.039245266520595,45.17094015892705,45.42688825122322,132125600
2019-05-17,45.209224700927734,45.663707510433305,44.673410353458074,44.714074297471804,131516400
2019-05-20,43.795528411865234,44.09692550943149,43.123370837032205,43.89838725228515,154449200
2019-05-21,44.635135650634766,44.97001729820006,44.18064924329761,44.30503541950881,113459200
2019-05-22,43.721378326416016,44.422242678436454,43.666362841765874,44.17107963556311,118994400
2019-05-23,42.97508239746094,43.185577921397595,42.53255672055004,43.00857057058294,146118800
2019-05-24,42.81002426147461,43.56829490792796,42.726302019305706,43.104241988346736,94858800
2019-05-28,42.63301086425781,43.19752825231062,42.55646805143749,42.79806098088244,111792800
2019-05-29,42.42970275878906,42.900931555316085,42.09960243535015,42.20006695771477,113924800
2019-05-30,42.64976501464844,42.872221371398474,42.25986415074042,42.56604276106945,84873600
2019-05-31,41.877140045166016,42.575610183606656,41.858003426997364,42.15461188376971,108174400
2019-06-03,41.45375061035156,42.558863836181885,40.72896808562691,42.0039165147465,161584400
2019-06-04,42.97029113769531,43.01574014822659,41.74557681150609,41.96564243887218,123872000
2019-06-05,43.663978576660156,44.250027028807736,43.329096875378795,44.0801918196271,119093600
2019-06-06,44.30503463745117,44.36483519131341,43.570682084053516,43.79314204238784,90105200
2019-06-07,45.48429489135742,45.90768378892111,44.43659178289126,44.613599067232066,122737600
2019-06-10,46.06555938720703,46.732931908705964,45.835923672858236,45.88137267413092,104883600
2019-06-11,46.59897994995117,46.88363115164734,46.30954733221378,46.61094078992602,107731600
2019-06-12,46.450687408447266,46.87646713884036,46.259324870645045,46.393277552125554,73012800
2019-06-13,46.44111251831055,47.072606273434246,46.30955420885947,46.57267447769808,86698400
2019-06-14,46.10383987426758,46.30715958311369,45.52018583958195,45.8191886319466,75046000
2019-06-17,46.3789176940918,46.63486581817367,45.96748958898146,46.14210618535647,58676400
2019-06-18,47.46969223022461,47.909823554021955,46.694679170915634,46.89560821222261,106204000
2019-06-19,47.33094024658203,47.811739025879014,47.19698759262692,47.76389566380698,84496800
2019-06-20,47.711280822753906,47.98636194123762,47.36921971853001,47.928952089147415,86056000
2019-06-21,47.548622131347656,48.04377253215675,47.39792354850374,47.553407198246234,191202400
2019-06-24,47.50077438354492,47.87871430604713,47.402700603352024,47.491204251365325,72881600
2019-06-25,46.78077697753906,47.66343004792434,46.713797002206945,47.464891779808674,84281200
2019-06-26,47.792598724365234,48.07724991703019,47.206554083550465,47.30701856626707,104270000
2019-06-27,47.77825164794922,48.21599213856582,47.737587709468265,47.90980994600214,83598800
2019-06-28,47.342899322509766,47.72083923918838,47.1347945750101,47.52469168182497,124442400
2019-07-01,48.211212158203125,48.91446732715429,47.99592795243673,48.59871861867151,109012000
2019-07-02,48.49347686767578,48.58915996897758,48.16577091431776,48.17773175822263,67740800
2019-07-03,48.895328521728516,48.90250429660593,48.483900395720205,48.62502883489124,45448000
2019-07-05,48.852272033691406,49.055595395919944,48.534132619231094,48.641776546255905,69062000
2019-07-08,47.845237731933594,48.175334373362844,47.460121941985406,48.034205913986874,101354400
2019-07-09,48.137054443359375,48.20163641262728,47.555791170395594,47.64907988705199,82312000
2019-07-10,48.61306381225586,48.73266491650779,48.21359656204675,48.28296724647705,71588400
2019-07-11,48.259056091308594,48.89054991349479,48.24948960685378,48.63221103397268,80767200
2019-07-12,48.62981414794922,48.79725497916496,48.36669023465564,48.42649079222815,70380800
2019-07-15,49.086692810058594,49.2445635130071,48.79725649643611,48.81878382184684,67789600
2019-07-16,48.9168586730957,49.301974430162524,48.677656430195476,48.938385998971945,67467200
2019-07-17,48.64176940917969,49.05797890617675,48.62263279495951,48.80921022118632,56430000
2019-07-18,49.19432830810547,49.246953087288276,48.72549036173215,48.79725175606653,74162400
2019-07-19,48.45996856689453,49.39524996275497,48.40495308770733,49.22541480969587,83717200
2019-07-22,49.56747817993164,49.56986888785843,48.70395812670782,48.71352460835078,89111600
2019-07-23,49.95497512817383,49.97172103030687,49.58421107312243,49.864080794952606,73420800
2019-07-24,49.91432571411133,50.02914175520972,49.55552239198474,49.67512349936027,59966400
2019-07-25,49.51963806152344,50.050667211733845,49.45026738292767,49.96694498582467,55638400
2019-07-26,49.69186782836914,50.16787788464866,49.548345044101694,49.62967291854977,70475600
2019-07-29,50.15592956542969,50.385565347597584,49.85932109046995,49.8641061577897,86693600
2019-07-30,49.940650939941406,50.27075124912288,49.589023301883856,49.93586587243436,135742800
2019-07-31,50.95964431762695,52.95219944273716,50.54343475015479,51.768149068134655,277125600
2019-08-01,49.85691452026367,52.153257179746014,49.452665854213244,51.16535089156151,216071600
2019-08-02,48.80202865600586,49.37850312251167,48.23033560503574,49.16322262546881,163448400
2019-08-05,46.24736404418945,47.517527460024354,46.06557164067767,47.3596567424727,209572000
2019-08-06,47.122840881347656,47.3787890279519,46.4148006509655,46.957790753154114,143299200
2019-08-07,47.61080551147461,47.73519168066867,46.362173353172416,46.742503985009016,133457600
2019-08-08,48.66091537475586,48.684837061406505,47.69453982302289,47.88829307510755,108038000
2019-08-09,48.259925842285156,48.68491980321308,47.851734087471264,48.3343596886464,98478800
2019-08-12,48.13745880126953,48.51443488116721,47.8181106881789,47.93096316663212,89927600
2019-08-13,50.17601013183594,50.93716177711402,48.13746584722147,48.267127875565244,188874000
2019-08-14,48.682518005371094,49.56852841372435,48.644099355992225,48.780964420477915,146189600
2019-08-15,48.439998626708984,49.2563746314281,47.942967055319286,48.85298987534668,108909600
2019-08-16,49.58293914794922,49.74141334366734,48.94424278130665,49.04989224511873,110481600
2019-08-19,50.507362365722656,51.078824190677665,50.43052506876509,50.57218971325113,97654400
2019-08-20,50.509761810302734,51.2276951856261,50.50015898015101,50.634620585098965,107537200
2019-08-21,51.05721664428711,51.29972750063154,50.807502749106995,51.14125698244228,86141600
2019-08-22,51.01400375366211,51.48942268562583,50.60341217800857,51.189283823360064,89014800
2019-08-23,48.65610885620117,50.91555498677708,48.26232683356407,50.286461469002404,187272000
2019-08-26,49.580535888671875,49.74861290398016,49.23717515529538,49.429264742992345,104174400
2019-08-27,49.02107620239258,50.075163637483826,48.869805058122104,49.909486415436,103493200
2019-08-28,49.35002517700195,49.39564686397116,48.81938179356974,49.0066681246404,63755200
2019-08-29,50.185611724853516,50.26004923163214,49.621352927714746,50.06315640226348,83962000
2019-08-30,50.12077713012695,50.53136493485516,49.75100409655746,50.461734349049834,84573600
2019-09-03,49.390838623046875,49.69818045135938,49.03547532102372,49.56611865080238,80092000
2019-09-04,50.228824615478516,50.29845519886603,49.77981818268151,50.036735067652984,76752400
2019-09-05,51.21087646484375,51.37655364971593,50.78587894675467,50.90353466187631,95654800
2019-09-06,51.206085205078125,51.4846149241543,51.02600190350711,51.39577500112992,77449200
2019-09-09,51.424583435058594,51.96963654756328,50.68024137405337,51.58545739982879,109237600
2019-09-10,52.03207015991211,52.051279485915714,50.83391821884729,51.35015557390354,127111600
2019-09-11,53.68641662597656,53.715232436834135,52.279366045232415,52.36100656822533,177158400
2019-09-12,53.56637191772461,54.365942133767874,53.511147403478866,53.97696341496987,128906800
2019-09-13,52.524295806884766,53.014120770564304,52.10890468762575,52.82443464006696,159053200
2019-09-16,52.8004264831543,52.85565467101706,52.238567419766575,52.279385864836165,84632400
2019-09-17,52.99251174926758,53.02132756869173,52.61313582378596,52.81483190453855,73274800
2019-09-18,53.48954391479492,53.508753239988586,52.6899736146539,53.07895237436418,101360000
2019-09-19,53.05493927001953,53.72724727960935,52.91327096589523,53.307052941713785,88242400
2019-09-20,52.279380798339844,53.43911767399923,52.2169532408371,53.155788377866706,221652400
2019-09-23,52.517093658447266,52.78601688512093,52.2601730542611,52.572318178824,76662000
2019-09-24,52.26737594604492,53.42231327005474,52.149723866608696,53.07174949586762,124763200
2019-09-25,53.07174301147461,53.18459549366252,52.13771121007937,52.476268656643114,87613600
2019-09-26,52.798030853271484,53.050148246862,52.54351366759515,52.82444322143439,75334000
2019-09-27,52.54110336303711,53.054940879557066,52.17133028274097,52.95409101125522,101408000
2019-09-30,53.777671813964844,53.92413970007018,53.01411677472275,53.040529136604164,103909600
2019-10-01,53.92654037475586,54.798144667313224,53.832897210879736,54.04179631783716,139223200
2019-10-02,52.5747184753418,53.68403038252034,52.3274007167669,53.55917160743665,138449200
2019-10-03,53.021324157714844,53.054939558377036,51.65509168829448,52.44745522730388,114426000
2019-10-04,54.50760269165039,54.62285862206544,53.75845746297006,54.17865175845741,138478800
2019-10-07,54.51961135864258,55.208728860944525,54.22667560102354,54.32992525189106,122306000
2019-10-08,53.88092041015625,54.75972776925968,53.8641145411307,54.221881339577685,111820000
2019-10-09,54.51241683959961,54.6948999368784,54.17866259327657,54.51241683959961,74770400
2019-10-10,55.24715042114258,55.331190753868945,54.577242206069194,54.72850967565127,113013600
2019-10-11,56.716644287109375,57.06000139993357,55.78020880305277,55.93387975980706,166795600
2019-10-14,56.63499450683594,57.17764784685901,56.34686196781524,56.40208648570823,96427600
2019-10-15,56.5029411315918,57.062396724114954,56.39729167013194,56.75985808213798,87360000
2019-10-16,56.27482604980469,56.48372515630135,55.99389655879597,56.034714997954104,73903200
2019-10-17,56.49333572387695,56.702231195180964,56.07074153370897,56.447714031568175,67585200
2019-10-18,56.764652252197266,57.04558173135252,56.25561435236558,56.32764839764216,97433600
2019-10-21,57.74911117553711,57.864367125177715,56.9831599524487,57.0311814328969,87247200
2019-10-22,57.61705017089844,58.15489658740651,57.53540962798938,57.90518270314261,82293600
2019-10-23,58.39021682739258,58.40462657130632,57.919601112741944,58.130900057820426,75828800
2019-10-24,58.48625946044922,58.77919528194411,58.06126180732885,58.70956101444865,69275200
2019-10-25,59.206581115722656,59.242596306464485,58.318170993988126,58.385401792575365,73477200
2019-10-28,59.799659729003906,59.84768120784419,59.24020052419486,59.408277532037836,96572800
2019-10-29,58.416622161865234,59.96774132739238,58.24374555756727,59.78045498091568,142839600
2019-10-30,58.409420013427734,58.89924866845541,57.91719523037346,58.769586633499244,124522000
2019-10-31,59.73002624511719,59.82847265948915,56.96874904224295,59.365060070154456,139162000
2019-11-01,61.42521667480469,61.45162537567779,59.826076043549875,59.91731576023175,151125200
2019-11-04,61.82860565185547,61.9126459988458,61.319571313663445,61.78778354242281,103272000
2019-11-05,61.7397575378418,61.99427467320338,61.545268167001495,61.72054454973453,79897600
2019-11-06,61.76616668701172,61.826194451970366,61.31716017753835,61.65331419578515,75864400
2019-11-07,62.47903060913086,62.70059923548496,62.161130673338896,62.31285597676723,94940400
2019-11-08,62.650020599365234,62.72226723714008,61.85768150693457,62.30081136770355,69986400
2019-11-11,63.1461296081543,63.211151577858246,62.20206528912608,62.2068792814575,81821200
2019-11-12,63.088321685791016,63.28821627609812,62.837861804605424,62.98957972605956,87388800
2019-11-13,63.69282913208008,63.7674864521532,62.87400193315638,62.88845126287323,102734400
2019-11-14,63.25210189819336,63.791563071866,63.12205059753754,63.51942181384487,89182800
2019-11-15,64.00350952148438,64.00832351523762,63.34122157477898,63.502574886013555,100206400
2019-11-18,64.32621765136719,64.40568896392628,63.635031105699284,64.01313169523063,86703200
2019-11-19,64.1311264038086,64.54294688011666,63.91437917152046,64.51886222106107,76167200
2019-11-20,63.38454818725586,64.08054855468487,62.71262513008036,63.9505046207332,106234400
2019-11-21,63.100372314453125,63.5820361437923,62.90047770949757,63.50496816719241,121395200
2019-11-22,63.044986724853516,63.3821499803746,62.81860410694484,63.24006001374813,65325200
2019-11-25,64.15040588378906,64.1672658843364,63.22320139858819,63.26896005744073,84020400
2019-11-26,63.64947509765625,64.34066158536174,63.21838386975903,64.28767826489613,105207600
2019-11-27,64.50440979003906,64.53812978101467,63.895105428258134,63.96012738993233,65235600
2019-11-29,64.36234283447266,64.54296680875088,64.0372182108502,64.20580352668654,46617600
2019-12-02,63.618167877197266,64.60316965655018,63.44717925305146,64.36715170309243,94487200
2019-12-03,62.483856201171875,62.50311952452636,61.72282631052434,62.20930423351439,114430400
2019-12-04,63.03535842895508,63.41346639147771,62.780077124864164,62.87400512239632,67181600
2019-12-05,63.960166931152344,64.03483162167073,63.27380152922974,63.529082891614415,74424400
2019-12-06,65.19560241699219,65.26544572676671,64.37436474563619,64.41772007388622,106075600
2019-12-09,64.28285217285156,65.21727374488681,63.79877771559981,65.02461117015103,128042400
2019-12-10,64.6585464477539,65.04146825890689,64.02756074204926,64.68744509771174,90420400
2019-12-11,65.21007537841797,65.28955405101115,64.66338940620615,64.73804673524272,78756800
2019-12-12,65.3762435913086,65.64116022447391,64.3792030714425,64.48998371818132,137310400
2019-12-13,66.26490020751953,66.30102352499274,65.248589228168,65.37622984964455,133587600
2019-12-16,67.39922332763672,67.62320261796066,66.70563351279964,66.71044750574998,128186000
2019-12-17,67.53168487548828,67.85921278461262,67.14394163202556,67.32938692874545,114158400
2019-12-18,67.37031555175781,67.89051335467951,67.22100094482415,67.38476487826064,116028400
2019-12-19,67.43775177001953,67.71711767990757,67.18006720064264,67.31252181714845,98369200
2019-12-20,67.29808044433594,68.07114894305518,67.08614715319112,67.97000364021376,275978000
2019-12-23,68.39624786376953,68.45645582843835,67.52202704084159,67.56056102018223,98572000
2019-12-24,68.46128845214844,68.61061041883474,68.13617123413715,68.56244109414793,48478800
2019-12-26,69.8196029663086,69.8364629694818,68.56487035875298,68.59376902155901,93121200
2019-12-27,69.79306030273438,70.79733225195541,69.38846459856644,70.11096007726806,146266000
2019-12-30,70.20732879638672,70.48910541724575,68.69009042144484,69.7112155576161,144114400
2019-12-31,70.72028350830078,70.72750817106555,69.72564661991683,69.82438857743935,100805600
2020-01-02,72.33389282226562,72.39410082239243,71.09119881769524,71.34406947838406,135480400
2020-01-03,71.63063049316406,72.3892495107853,71.40665858931894,71.56319785492231,146322800
2020-01-06,72.20140075683594,72.23993474282962,70.50353879987532,70.7540060340311,118387200
2020-01-07,71.86184692382812,72.46633010238772,71.64268897397623,72.21104883104543,108872000
2020-01-08,73.01783752441406,73.31887745373415,71.56562119935828,71.56562119935828,132079200
2020-01-09,74.56878662109375,74.76144921222713,73.7427349209394,73.99319481949146,170108400
2020-01-10,74.73735809326172,75.30091119032697,74.23643098983341,74.80238740809561,140644800
2020-01-13,76.33409118652344,76.36058652225458,74.93485817482635,75.05287082554342,121532000
2020-01-14,75.30331420898438,76.48098568839895,75.18049494182533,76.2714631183451,161954400
2020-01-15,74.9806137084961,75.98247543934815,74.54952248725758,75.10344034713454,121923600
2020-01-16,75.91986083984375,76.03064882750155,75.1612416745226,75.52248959606675,108829200
2020-01-17,76.7603530883789,76.76275640961391,75.86204746774389,76.16790133072386,137816400
2020-01-21,76.24017333984375,76.8302072165908,76.10289736234121,76.38948797518701,110843200
2020-01-22,76.51231384277344,77.06381371935198,76.41838585398544,76.72423978617735,101832400
2020-01-23,76.8807601928711,76.96023147582108,76.0185779860032,76.5652710324243,104472000
2020-01-24,76.65921020507812,77.86818383448923,76.46895092458591,77.12642473209515,146537600
2020-01-27,74.4050521850586,75.08419286532549,73.4248641436704,74.67237218746828,161940000
2020-01-28,76.5098876953125,76.68087628820244,75.18531223152581,75.28405419350632,162234000
2020-01-29,78.1114273071289,78.95674973344263,77.39856685210137,78.13792264122904,216229200
2020-01-30,77.99824523925781,78.05122856412287,76.76518678742532,77.19627805111793,126743200
2020-01-31,74.53990173339844,77.71165450707113,74.24608645041388,77.29019858022654,199588400
2020-02-03,74.33519744873047,75.49841264105945,72.7842389592195,73.28516622775322,173788400
2020-02-04,76.78926086425781,76.9795201431656,75.53211792000401,75.93671379066781,136616400
2020-02-05,77.41544342041016,78.21259669148851,76.81336346644713,77.91396003658885,118826800
2020-02-06,78.3209457397461,78.32335641079244,77.12883215929374,77.68515330009288,105425600
2020-02-07,77.25635528564453,78.06988383321008,76.76630651671353,77.82123854389138,117684000
2020-02-10,77.62330627441406,77.62330627441406,75.76450341427329,75.84416334192943,109348800
2020-02-11,77.15496826171875,78.19059132825674,76.93770658748598,78.11817322586252,94323200
2020-02-12,78.98722076416016,78.99204618157108,77.60397618630914,77.60397618630914,113730400
2020-02-13,78.42474365234375,78.75063980830953,78.05781303227035,78.2605910618148,94747600
2020-02-14,78.44406127929688,78.69270656111114,77.93711251400148,78.3933612458328,80113600
2020-02-18,77.0077133178711,77.1887659353896,75.94794846047884,76.12900107799734,152531200
2020-02-19,78.12300872802734,78.35234502696264,77.24912913343354,77.24912913343354,93984000
2020-02-20,77.32152557373047,78.37163210197758,76.81699322453267,77.88399976313329,100566000
2020-02-21,75.5713882446289,77.35778064143899,74.95581205860155,76.9160079617277,129554000
2020-02-24,71.9817123413086,73.43013371315247,69.82115488187272,71.75962518984169,222195200
2020-02-25,69.54351043701172,73.03179362770307,69.07277807692655,72.65037937541128,230673600
2020-02-26,70.646728515625,71.90927139616765,69.16209855410392,69.16934036398257,198054800
2020-02-27,66.02870178222656,69.04142098650374,65.89351637245633,67.85854496748809,320605600
2020-02-28,65.99005889892578,67.20915102510166,61.88861568726967,62.103468343907636,426510000
2020-03-02,72.1337890625,72.7686815326321,67.0425894386722,68.14338895911868,341397200
2020-03-03,69.84286499023438,73.3866667341741,68.99311992366323,73.30700681770827,319475600
2020-03-04,73.08248138427734,73.24180855249296,70.76259766156525,71.5616425276586,219178400
2020-03-05,70.71192932128906,72.31242862903635,70.3474076125405,71.33957264179317,187572800
2020-03-06,69.77288055419922,70.20499505069894,67.88993546579478,68.07581358123565,226176800
2020-03-09,64.2543716430664,67.13189718407227,63.489119320777824,63.670171942415024,286744800
2020-03-10,68.88208770751953,69.14763308452109,65.0268727397902,66.90258302825225,285290000
2020-03-11,66.48975372314453,67.88748182990133,65.62794159632746,66.96290981260235,255598800
2020-03-12,59.92359161376953,65.17894700154001,59.86806983845157,61.784814276675704,418474000
2020-03-13,67.1029281616211,67.57366791219874,61.06301183278901,63.94537376560975,370732000
2020-03-16,58.4703369140625,62.54280864814437,57.93683361708763,58.40756965352153,322423600
2020-03-17,61.04128646850586,62.1879493594709,57.550590391518064,59.74977632698614,324056000
2020-03-18,59.547000885009766,60.35087498179023,57.24159672400037,57.881318208922394,300233600
2020-03-19,59.09074783325195,61.036459434063396,58.566902685612334,59.72081110917334,271857200
2020-03-20,55.339351654052734,60.79265701633852,55.04000992313828,59.67012828805372,401693200
2020-03-23,54.1636962890625,55.1606938155284,51.3247927605554,55.059304798459365,336752800
2020-03-24,59.597694396972656,59.79323063321941,56.56083807077307,57.05812866753022,287531200
2020-03-25,59.26939392089844,62.34245973328567,58.97488132854125,60.53193331315153,303602000
2020-03-26,62.388328552246094,62.44626304168301,59.47217348326275,59.510798931904375,252087200
2020-03-27,59.805301666259766,61.767909526223264,59.638732669554486,61.01473181958192,204216800
2020-03-30,61.51201629638672,61.68341437720142,60.206022667346865,60.52950610976303,167976400
2020-03-31,61.38648986816406,63.365997685508034,60.833677514674484,61.702731524008335,197002000
2020-04-01,58.156517028808594,60.041877740721404,57.726819101176545,59.50596168562525,176218400
2020-04-02,59.12696075439453,59.18006982201146,57.188490836952404,58.01891951220774,165934000
2020-04-03,58.277225494384766,59.31284498948773,57.68820030765842,58.61277624472143,129880000
2020-04-06,63.36117172241211,63.51566611882468,60.20120105165565,60.568131689303875,201820400
2020-04-07,62.62730407714844,65.58932954032026,62.52350234713508,65.37206051111131,202887200
2020-04-08,64.23021697998047,64.54403851459621,63.06182517929843,63.42633937506472,168895200
2020-04-09,64.69374084472656,65.19586439958498,63.89952839783749,64.86514268497035,161834800
2020-04-13,65.9635009765625,66.07213548949194,64.17228391165321,64.77096719479518,131022800
2020-04-14,69.29485321044922,69.58454027985593,67.12222229104349,67.59296193706734,194994800
2020-04-15,68.66239929199219,69.12106449233013,67.7450688913163,68.17235045630129,131154400
2020-04-16,69.20797729492188,69.57249897577765,68.16028687860133,69.37454631683273,157125200
2020-04-17,68.2689208984375,69.27075152318855,66.83498322406335,68.72517714348913,215250000
2020-04-20,66.85189056396484,67.99855755048588,66.83258151937916,67.09812692651032,130015200
2020-04-21,64.78543090820312,66.9290943328298,64.07570430499436,66.69493273426029,180991600
2020-04-22,66.65150451660156,67.08602784822331,65.71003238672124,66.05040482183006,116862400
2020-04-23,66.39320373535156,68.01543553598502,66.35457829164004,66.59598178954948,124814400
2020-04-24,68.30994415283203,68.31960235496462,66.86876505886688,66.91704870248016,126161200
2020-04-27,68.35823822021484,68.68895986495261,67.58091858862758,68.02750920842628,117087600
2020-04-28,67.25020599365234,69.00038194653797,67.15847882168735,68.81932926175669,112004800
2020-04-29,69.45903015136719,69.92735352024151,68.53204161617626,68.73481966758834,137280800
2020-04-30,70.9243392944336,71.10056648651737,69.60869475205328,69.99735081766806,183064000
2020-05-01,69.78250122070312,72.17963585405194,69.00518177066984,69.10174168301795,240616800
2020-05-04,70.76985168457031,70.89779524622708,69.11865261133845,69.80665406694762,133568000
2020-05-05,71.83203887939453,72.66246767070962,71.08368641004002,71.2285300116976,147751200
2020-05-06,72.57315063476562,73.20321036598678,72.14827802802382,72.53210878963873,142333600
2020-05-07,73.32388305664062,73.6690955962119,72.8966015934725,73.1983559121912,115215200
2020-05-08,75.06912994384766,75.1223827731926,73.65551811313698,73.98229650289032,133838400
2020-05-11,76.25037384033203,76.74416477518758,74.36958632362644,74.57775917368724,145946400
2020-05-12,75.37896728515625,77.38319884408511,75.25793879153254,76.93296900656856,162301200
2020-05-13,74.46884155273438,76.47791927324582,73.39410778103768,75.55809815483286,200622400
2020-05-14,74.92632293701172,74.98683718466037,72.98744407851115,73.70877656980059,158929200
2020-05-15,74.48335266113281,74.52934407916516,72.66792527667609,72.70181680027588,166348400
2020-05-18,76.23826599121094,76.61103581678174,75.11512542110488,75.80498930633232,135178400
2020-05-19,75.79771423339844,77.09997437404789,75.76624564907384,76.25519801175672,101729600
2020-05-20,77.27183532714844,77.34202651721908,76.61585573751951,76.6545857322091,111504800
2020-05-21,76.69576263427734,77.67367499164858,76.45854411277335,77.1338852173559,102688800
2020-05-22,77.1895523071289,77.27185079219365,76.33266854723075,76.43432834001963,81803200
2020-05-26,76.66671752929688,78.4845606060167,76.61104175906425,78.30544078691085,125522000
2020-05-27,77.000732421875,77.14596806852482,75.78560919845494,76.52388732434491,112945200
2020-05-28,77.03462982177734,78.29090607267398,76.4004417495467,76.67638285095582,133560800
2020-05-29,76.95960235595703,77.73660324937043,76.60377827424547,77.27669643163954,153532400
2020-06-01,77.9060287475586,78.02705721931588,76.78288098389504,76.91359380175058,80791200
2020-06-02,78.26669311523438,78.2909002875674,77.19922108217762,77.63976650286615,87642800
2020-06-03,78.69757080078125,78.9589964979716,78.0149682866651,78.58622664893751,104491200
2020-06-04,78.0197982788086,78.81858326292213,77.64702850562604,78.52085794063949,87560400
2020-06-05,80.24188995361328,80.30240419943048,78.2400813612976,78.26912701737099,137250400
2020-06-08,80.71630859375,80.75020011255444,79.2300827598663,79.93930785149966,95654400
2020-06-09,83.26519012451172,83.6573213064147,80.3653518160227,80.39682040985336,147712400
2020-06-10,85.4073715209961,85.87453965160508,83.77348714351568,84.2116096226659,166651600
2020-06-11,81.30694580078125,84.97653085136815,81.20528599627451,84.55293109627195,201662400
2020-06-12,82.00889587402344,84.18740853476542,80.90027823694467,83.44187634114364,200146000
2020-06-15,83.02313232421875,83.67426627857331,80.50331793854433,80.66549938713932,138808800
2020-06-16,85.22340393066406,85.49451390772815,83.44186840333514,85.07332981023045,165428800
2020-06-17,85.10482788085938,86.02706454807957,84.98379936928724,85.96655029229349,114406400
2020-06-18,85.13871002197266,85.55504835135272,84.53114459703605,85.06125001022909,96820400
2020-06-19,84.65215301513672,86.30782159170373,83.5459510308644,85.84307640546994,264476000
2020-06-22,86.86699676513672,87.0098095125726,84.99831637895207,85.04430780115948,135445200
2020-06-23,88.72115325927734,90.13718820813904,87.68998805980996,88.10874933547481,212155600
2020-06-24,87.15504455566406,89.26820486684538,86.78227469992099,88.35080675031271,192623200
2020-06-25,88.31208801269531,88.35081802484417,86.55233602258699,87.3099757261986,137522400
2020-06-26,85.5986328125,88.42828022008003,85.45097417587026,88.20800742576003,205256800
2020-06-29,87.57137298583984,87.6657787527797,85.02977472321102,85.50662726415537,130646000
2020-06-30,88.3023681640625,88.58800096545747,87.1404978146636,87.15985911945725,140223200
2020-07-01,88.13536071777344,88.92204587845694,88.08695375546539,88.37984062385425,110737200
2020-07-02,88.13536071777344,89.67484690422407,88.02160103220285,89.04065881814572,114041600
2020-07-06,90.49301147460938,90.96017971455592,89.52962194946613,89.56109054157537,118655600
2020-07-07,90.21220397949219,91.64759989931855,90.10085985246303,90.87059916943323,112424400
2020-07-08,92.31327056884766,92.34473915860562,91.10056271828748,91.18770707353977,117092000
2020-07-09,92.71025085449219,93.25729463316677,91.66456287634601,93.20404179945581,125642800
2020-07-10,92.87242126464844,92.93051996359854,91.69602787555728,92.30600881208682,90257200
2020-07-13,92.44397735595703,96.77921853086478,92.23096604261153,94.17468319640058,191649200
2020-07-14,93.9737777709961,94.16499745387678,90.89481289415856,91.82672629574613,170989200
2020-07-15,94.62006378173828,96.09418977539168,93.42430181349536,95.84487140313816,153198000
2020-07-16,93.45576477050781,94.31022548870118,92.8578838224014,93.49449476804814,110577600
2020-07-17,93.26697540283203,94.06092201052024,92.79496133182224,93.90600938284572,92186800
2020-07-20,95.23247528076172,95.37044953138843,93.01039399095433,93.35411815070974,90318000
2020-07-21,93.91810607910156,96.09661884897764,93.66878769091768,96.02158177786353,103433200
2020-07-22,94.18193817138672,94.86211761268852,93.53322731563136,93.620364272229,89001600
2020-07-23,89.89512634277344,93.99314942038049,89.08665688068213,93.91568941051719,197004400
2020-07-24,89.67242431640625,90.01614846898383,86.31267234298356,88.09663844239333,185438800
2020-07-27,91.79767608642578,91.88965891007823,90.50993871626743,90.73262697532834,121214000
2020-07-28,90.28968811035156,91.5459645894224,90.28484224245163,91.36926031193099,103625600
2020-07-29,92.0203628540039,92.20432848355908,90.73504115422307,90.77134821611126,90329200
2020-07-30,93.13385009765625,93.23793283077006,90.7883172670131,91.1949712384762,158130000
2020-07-31,102.8839111328125,103.03398529349649,97.6215868383854,99.61614157613516,374336800
2020-08-03,105.476318359375,108.09053052398437,104.46452205826068,104.76224738585148,308151200
2020-08-04,106.18074035644531,107.26999701904283,104.94382506056965,105.66515768756337,173071600
2020-08-05,106.56555938720703,106.88507629555588,105.4375732497871,105.90232578802099,121776800
2020-08-06,110.28356170654297,110.77735994512233,106.30899078686637,106.89718739322298,202428800
2020-08-07,107.77618408203125,110.26174118969138,106.98080610359243,109.80585245809037,198045600
2020-08-10,109.34269714355469,110.35874505613272,106.69709332777636,109.21902314455248,212403600
2020-08-11,106.09087371826172,109.10506522291367,105.83140397675015,108.60795666047292,187902400
2020-08-12,109.6167221069336,109.87376452711321,106.98566715289093,107.17965891895842,165598000
2020-08-13,111.55667114257812,112.55817011651827,110.50667052619417,110.99408465160128,210082000
2020-08-14,111.45726013183594,111.54698151987802,109.65068105796512,111.38208775805406,165565200
2020-08-17,111.166259765625,112.60182410704658,110.54062998121614,112.57757328432733,119561600
2020-08-18,112.09256744384766,112.5169308684593,110.58425829007268,110.91890034610189,105633600
2020-08-19,112.23322296142578,113.64453639963617,112.13865437861999,112.49996719549999,145538000
2020-08-20,114.72364044189453,114.837612647254,112.25747906222769,112.27445537799255,126907200
2020-08-21,120.63562774658203,121.1181872782855,115.66935990258521,115.68148161330981,338054800
2020-08-24,122.07845306396484,124.91805616382935,120.21610549023623,124.83317459173283,345937600
2020-08-25,121.07696533203125,121.42130925505194,119.35768781992573,120.95329871627834,211495600
2020-08-26,122.7234878540039,123.17937664467517,121.32672345710665,122.39127306939878,163022400
2020-08-27,121.25640869140625,123.65709200762272,120.11425938434616,123.32487721481381,155552400
2020-08-28,121.05997467041016,122.64587607239329,120.83687750115561,122.22878715620412,187630000
2020-08-31,125.1654052734375,127.06656032182518,122.2166916072517,123.7492518971319,225702700
2020-09-01,130.1510467529297,130.75244043183687,126.61064913629612,128.77368605712132,151948100
2020-09-02,127.45455932617188,133.83698910317142,123.18668026100194,133.45869988967056,200119000
2020-09-03,117.25041198730469,124.97140134269283,116.8818246649217,123.09935930505591,257599600
2020-09-04,117.32801818847656,119.98574406174012,107.56038329847304,116.46474218511382,332607200
2020-09-08,109.43243408203125,115.41717011939836,109.2966383541402,110.52850171438395,231366600
2020-09-09,113.79732513427734,115.56267714207601,111.79918148817357,113.73912907477926,176940500
2020-09-10,110.0822982788086,116.88181506989982,109.12202651754133,116.74601936225844,182274400
2020-09-11,108.63703155517578,111.77004920348398,106.69708456311906,111.12986314395623,180860300
2020-09-14,111.8961410522461,112.44902563888213,109.413011315819,111.27535861813932,140150100
2020-09-15,112.07073974609375,115.26195346815392,110.19869058392199,114.7769667152629,184642000
2020-09-16,108.76314544677734,112.51694623083202,108.6758513682307,111.77006975767836,154679000
2020-09-17,107.02690124511719,108.83105303274593,105.44584667867372,106.42552224944927,178011000
2020-09-18,103.63199615478516,107.55069115379253,102.90451581240214,107.08510787884254,287104900
2020-09-21,106.77468872070312,106.88138640178967,100.00427017683465,101.40103443810513,195713800
2020-09-22,108.45274353027344,109.47121874863322,105.88231946545223,109.29662320835186,183055400
2020-09-23,103.90357208251953,108.74373815268274,103.56407541081022,108.26845317272523,150718700
2020-09-24,104.9705581665039,106.93960365288808,101.84724157417912,102.01213533208141,167743300
2020-09-25,108.90863800048828,109.0638373334494,104.43705897382922,105.17424100477153,149981400
2020-09-28,111.5081787109375,111.85736984450415,109.39363569114487,111.55668035738763,137672400
2020-09-29,110.6642837524414,111.84765272079834,110.15990073985728,111.1104781178147,99382200
2020-09-30,112.33264923095703,113.73911550361659,110.20841190929694,110.37330565840851,142675200
2020-10-01,113.2832260131836,114.18530182393523,112.35205217632898,114.10770215411938,116120400
2020-10-02,109.62641143798828,111.90585528542881,108.85043700934379,109.50031753591523,144712000
2020-10-05,113.00190734863281,113.14740484674029,110.1404886205297,110.48967965586358,106243800
2020-10-06,109.76221466064453,112.63333559022071,108.87953514429641,112.22594105943094,161498200
2020-10-07,111.62458038330078,112.08046922763401,110.70310088509402,111.17839334850785,96849000
2020-10-08,111.51787567138672,112.90493833599005,111.14928093514196,112.75944080327828,83477200
2020-10-09,113.45781707763672,113.48691510258755,111.46936816913343,111.81855926916633,100506900
2020-10-12,120.66471099853516,121.42128918284882,115.69844376260184,116.45502194691551,240226800
2020-10-13,117.46379852294922,121.62498605023444,116.05733979847938,121.50858655705257,262330500
2020-10-14,117.55110931396484,119.33585728240598,116.02825097556021,117.36681195189107,150712000
2020-10-15,117.08552551269531,117.56081055796655,114.60239518602361,115.15527990408137,112559200
2020-10-16,115.44624328613281,117.90028246955836,115.24254973816036,117.63838547908625,115393800
2020-10-19,112.49755096435547,116.80422908289772,112.1871596819352,116.35804207693808,120639300
2020-10-20,113.98160552978516,115.40746797741103,112.15805033404632,112.71093501778782,124423700
2020-10-21,113.36083221435547,115.14558032107824,112.95343762450592,113.16683302863848,89946000
2020-10-22,112.27445220947266,114.49569279996962,111.14927920105526,113.92340448698165,101988000
2020-10-23,111.58576202392578,113.05042420827988,110.84858002778377,112.89522488264528,82572600
2020-10-26,111.59546661376953,113.05042702646372,109.49061825916863,110.58669317293085,111850700
2020-10-27,113.09892272949219,113.75850508779021,111.10077943831497,112.02225141814819,92276800
2020-10-28,107.86106872558594,111.96406058991157,107.76407283902445,111.59547326085323,143937800
2020-10-29,111.85735321044922,113.41901126991604,108.83103296967955,108.99593410290058,146129200
2020-10-30,105.5913314819336,108.6273463236584,104.48556211975591,107.72527053869118,190272600
2020-11-02,105.5040054321289,107.35665821287549,104.0975469359875,105.83380024244883,122866900
2020-11-03,107.1239013671875,108.14236934595198,105.46524717293197,106.3673230400161,107624400
2020-11-04,111.49845886230469,112.11924135480659,108.97652906147681,110.71278263905,138235500
2020-11-05,115.45596313476562,116.02825144019144,113.36082388514865,114.40838980980128,126387100
2020-11-06,115.3248062133789,115.82034093796346,112.83738439067113,114.96529408792372,114457900
2020-11-09,113.02198791503906,118.53122507296646,112.7596464655049,117.08347300114552,154515300
2020-11-10,112.68191528320312,114.25597883957684,110.8940807658282,112.27382528066764,138023400
2020-11-11,116.10210418701172,116.23813418126791,113.13858512576901,113.86732041488949,112295000
2020-11-12,115.8300552368164,117.11262917137141,115.2082016572188,116.22843412444456,103162300
2020-11-13,115.87865447998047,116.27702600238625,114.52806537956721,116.05355128357041,81581900
2020-11-16,116.88914489746094,117.55957633149036,114.80010222486767,115.54826720324448,91183000
2020-11-17,116.00492858886719,117.24863549686008,115.58712010448728,116.16039565890526,74271000
2020-11-18,114.68348693847656,116.42273584755772,114.65433871642078,115.24704394181461,76322100
2020-11-19,115.27622985839844,115.68431992677777,113.49811360078527,114.25599727436983,74113000
2020-11-20,114.01306915283203,115.40252482669361,113.96449124482857,115.27621337018954,73604300
2020-11-23,110.62202453613281,114.28513837643995,110.52486130551306,113.85761126601786,127959300
2020-11-24,111.90460205078125,112.56532241854126,109.39775058959653,110.68033196208322,113874200
2020-11-25,112.7402114868164,113.43979858279869,111.90459439029078,112.27382503154757,76499200
2020-11-27,113.28430938720703,114.158793086573,112.9248047758015,113.26487971081116,46691300
2020-11-30,115.6745834350586,117.54014397849063,113.49808872130923,113.65355580646789,169410200
2020-12-01,119.24052429199219,119.96925956195165,116.60736173944143,117.57900876605405,127728200
2020-12-02,119.59032440185547,119.87210294466338,117.4624149241799,118.56037345602128,89004200
2020-12-03,119.45429229736328,120.27047227200518,118.74498667961886,120.0178419599632,78967600
2020-12-04,118.78385925292969,119.3765645833526,118.07455360054387,119.12393425897255,78260400
2020-12-07,120.24131774902344,121.03806800243322,118.78384723085345,118.84214367939516,86712000
2020-12-08,120.85346221923828,121.43645640289948,119.6000365852931,120.84375108576852,82225500
2020-12-09,118.3271713256836,122.37893756571138,117.56928784632052,120.99920059491815,115089200
2020-12-10,119.74578857421875,120.35793100204793,116.74340254220034,117.08347755039478,81312200
2020-12-11,118.93932342529297,119.27939842297663,117.13205925122674,118.95875310526962,86939800
2020-12-14,118.3271713256836,119.85265683014165,118.09397811966689,119.12392157489586,79184500
2020-12-15,124.25421905517578,124.27365614702585,120.610542706532,120.81458769248664,157243700
2020-12-16,124.18621063232422,124.73033062366706,122.9716517851633,123.79755773169585,98208600
2020-12-17,125.05095672607422,125.90601076747856,124.40966619502098,125.2452831465328,94359800
2020-12-18,123.0688247680664,125.43964605507787,122.5441344465272,125.30361605465058,192541500
2020-12-21,124.59430694580078,124.672040495101,119.94983486476208,121.47532055765235,121251600
2020-12-22,128.14083862304688,130.5991048748753,125.97405467288996,127.87848972538272,168904800
2020-12-23,127.2469253540039,128.67523311498164,127.07202114631367,128.41289904268606,88223700
2020-12-24,128.228271484375,129.67603102914552,127.3829432351903,127.59670678746939,54930100
2020-12-28,132.81442260742188,133.44598718799116,129.7245776284665,130.19097883452193,124486200
2020-12-29,131.04603576660156,134.85489050709643,130.53106400488656,134.13588116304936,121047300
2020-12-30,129.92864990234375,132.13429294527648,129.61771571736733,131.7359140805847,96452100
2020-12-31,128.92784118652344,130.9197204767935,127.98534242224186,130.27842990655225,99116600
2021-01-04,125.74082946777344,129.8217435013824,123.16596368827079,129.73429883825594,143301900
2021-01-05,127.29547119140625,128.0047841932833,124.78862009202955,125.2355842462787,97664900
2021-01-06,123.01051330566406,127.3343470647896,122.79674977159817,124.09876065496377,155088000
2021-01-07,127.20802307128906,127.89789896268525,124.2347856325796,124.72060913109178,109578200
2021-01-08,128.3059844970703,128.86954151504634,126.53757990692247,128.67520026141898,105158200
2021-01-11,125.32305145263672,126.47931399049689,124.85666494889938,125.5271038877366,100384500
2021-01-12,125.14813995361328,126.0129052139805,123.26314235039197,124.85664288048969,91951100
2021-01-13,127.17887115478516,127.72299108513502,124.84692436009828,125.10925836684517,88636800
2021-01-14,125.25503540039062,127.28577434890036,125.1092794348303,127.09144788764522,90221800
2021-01-15,123.53520202636719,126.52787663913662,123.39917203606663,125.1287025525268,111598500
2021-01-19,124.20565032958984,125.0607045202907,123.34088500532488,124.15706500945309,90757300
2021-01-20,128.28659057617188,128.7335548533042,124.90526215662156,125.01214395162096,104319500
2021-01-21,132.98931884765625,135.70993338633443,129.80231790485385,130.00637029637122,120150900
2021-01-22,135.126953125,135.88483658611096,131.19177987621222,132.41604973812463,114459400
2021-01-25,138.8677978515625,140.97627022018892,132.6686847833474,139.01355380816258,157611700
2021-01-26,139.10101318359375,140.20869037046396,137.3617564370404,139.52854031294,98390600
2021-01-27,138.03216552734375,140.208660067174,136.42895396495652,139.3633171255217,140843800
2021-01-28,133.20310974121094,137.9641898687069,132.82416793009364,135.56422012291074,142621100
2021-01-29,128.2185821533203,132.86305498594893,126.51819940588042,131.97885239900157,177523800
2021-02-01,130.3367156982422,131.54156320206033,127.2177225988055,129.95777399701672,106239800
2021-02-02,131.1626434326172,132.4452098565485,130.79341280132044,131.8816527763116,83305400
2021-02-03,130.14236450195312,131.92047978488023,129.82171930409882,131.9107538289089,89880900
2021-02-04,133.49459838867188,133.5043095225396,130.7739834636992,132.43550657690793,84183100
2021-02-05,133.0810089111328,133.72325779067754,132.20522578325316,133.65514858435046,75693800
2021-02-08,133.2269744873047,133.2756324021585,131.29050232328603,132.3706427004726,71297200
2021-02-09,132.35118103027344,134.1708861386868,132.19549648512387,132.94477197557092,76774200
2021-02-10,131.74786376953125,133.3048279995829,130.7844904817518,132.80853804149436,73046600
2021-02-11,131.49488830566406,132.72098784651604,130.17147291387968,132.24416393424985,64280000
2021-02-12,131.7283935546875,131.88409294253404,130.09359452723146,130.7358433658653,60145100
2021-02-16,129.60704040527344,132.35117148769072,129.21779194968602,131.84517076789257,80576300
2021-02-17,127.3202896118164,128.66317119438432,125.98714852369966,127.7192638281322,97918500
2021-02-18,126.22067260742188,126.50286477250336,123.982542030246,125.72438263501022,96856700
2021-02-19,126.37635040283203,127.1937647700894,125.3351422926217,126.73640709556466,87668800
2021-02-22,122.61045837402344,126.23038738054991,122.22121733879867,124.56638176936013,103916400
2021-02-23,122.47422790527344,123.30136048380355,115.20517794881079,120.43072170415333,158273000
2021-02-24,121.97796630859375,122.1823162213377,118.94190197736167,121.57899955251936,111039900
2021-02-25,117.73526000976562,123.05811336412599,117.29736837706596,121.32599812486836,148199500
2021-02-26,117.99801635742188,121.49143907834177,117.93962535437853,119.2922327090467,164560400
2021-03-01,124.3523178100586,124.4885510714253,119.48682297794498,120.42099709481208,116307900
2021-03-02,121.75415802001953,125.25731317881322,121.6471165286429,124.95565484356455,102260900
2021-03-03,118.7764663696289,122.32827934815643,118.56238339310273,121.45248872789318,112966300
2021-03-04,116.89837646484375,120.2750310748952,115.42900236715201,118.47479946720621,178155000
2021-03-05,118.1536865234375,118.65970219404976,114.40725661331615,117.72552798386944,153766600
2021-03-08,113.22981262207031,117.74499188213018,113.08384627126932,117.67687524164398,154376600
2021-03-09,117.83255004882812,118.77645723226702,115.59442688495044,115.827968557669,129525800
2021-03-10,116.75241088867188,118.88349246045178,116.2366622283132,118.41640913957764,111943300
2021-03-11,118.67915344238281,119.89552719538874,117.99798711036199,119.24355264557505,103026500
2021-03-12,117.77417755126953,117.91041082516712,115.9544870681418,117.16112781873039,88105100
2021-03-15,120.65455627441406,120.66428934425417,117.18059275719496,118.14396621912681,92403800
2021-03-16,122.19203186035156,123.7976465733389,121.36489925795071,122.31853204805573,115227900
2021-03-17,121.40383911132812,122.47424657756945,119.04893377660937,120.71293967926185,111932600
2021-03-18,117.28762817382812,119.86634216018179,117.08327826271949,119.57440947336566,121229700
2021-03-19,116.76215362548828,118.16341864155612,116.46049529392347,116.67457827406234,185549500
2021-03-22,120.0706787109375,120.53776947303844,117.02488167357409,117.09299830303091,111912300
2021-03-23,119.2435531616211,120.89781850320577,118.85431207414345,120.01230226774646,95467100
2021-03-24,116.85945892333984,119.59387224546333,116.84000020937296,119.51602254128295,88530500
2021-03-25,117.34602355957031,118.38724678280408,115.79879946642953,116.32427390112565,98844700
2021-03-26,117.94932556152344,118.2120664416162,115.72092802368101,117.1124598512715,94071200
2021-03-29,118.1244888305664,119.28247903408416,117.48224734126221,118.37749665321657,80819200
2021-03-30,116.67457580566406,117.16112532326552,115.66255191815422,116.8789257121579,85671900
2021-03-31,118.8640365600586,120.19717735139929,117.89093762370798,118.37748709188328,118323800
2021-04-01,119.69120025634766,120.83945759642364,119.19491759115476,120.33344928473348,75089100
2021-04-05,122.51318359375,122.76619144970482,119.75931123714496,120.53779352124103,88651200
2021-04-06,122.8148422241211,123.71009165590245,122.26990907854241,123.09704186712644,80171300
2021-04-07,124.45935821533203,124.4788169278638,121.77360301243874,122.44504366920103,83466700
2021-04-08,126.85319519042969,126.88238697462579,125.0626964676061,125.48112193995918,88844600
2021-04-09,129.4221649169922,129.4610823431084,125.987126690143,126.3082511367721,106686700
2021-04-12,127.70954132080078,129.27623158953074,127.1159502289636,128.95510707935833,91420000
2021-04-13,130.81370544433594,131.03752892907758,128.380957683949,128.87724772998885,91266500
2021-04-14,128.47830200195312,131.36840816954856,128.1182600050981,131.31002458609288,87222800
2021-04-15,130.88182067871094,131.36837019796266,130.04495491166549,130.22012045971883,89347100
2021-04-16,130.5509796142578,131.04725481288563,129.69464764958488,130.68721289515452,84922400
2021-04-19,131.21270751953125,131.82576483686614,129.753058553166,129.91848365422268,94264200
2021-04-20,129.5292205810547,131.88411859918818,128.2641887932471,131.38784340823202,94812300
2021-04-21,129.9087371826172,130.15201197134868,127.76792201144299,128.79940473993418,68847100
2021-04-22,128.39068603515625,130.54122653689166,127.8749447465964,129.46108603950333,84566500
2021-04-23,130.70664978027344,131.4851170121257,128.60475261832673,128.60475261832673,78657500
2021-04-26,131.09591674804688,131.42676689058607,129.9671181870508,131.20295824690538,66905100
2021-04-27,130.77474975585938,131.76731470925472,130.50228327427,131.37806627247733,66015800
2021-04-28,129.98655700683594,131.38782184344353,129.50000754125335,130.69691506905932,107760100
2021-04-29,129.88922119140625,133.38265710155315,128.88693063436986,132.79879189335512,151101000
2021-04-30,127.92359924316406,129.96709820494203,127.54409123252586,128.23498319758693,109839500
2021-05-03,128.97451782226562,130.4633727552625,128.283625938946,128.48796838679135,75135100
2021-05-04,124.41071319580078,127.95280060042849,123.29164779323206,127.66086791309522,137564700
2021-05-05,124.65399169921875,126.94076551104096,124.5274840738415,125.72439172337612,84000900
2021-05-06,126.24990844726562,126.25963409486535,123.71011125778644,124.44966880408143,78128300
2021-05-07,126.92242431640625,127.945901693833,126.2108448725469,127.54626480413238,78973300
2021-05-10,123.64727020263672,126.26934761190338,123.6082792363769,126.14263998590019,88071200
2021-05-11,122.73103332519531,123.08193721891007,119.67030506781474,120.38187733150679,126142800
2021-05-12,119.67030334472656,121.49309231644543,119.16343556175418,120.284401882613,112172300
2021-05-13,121.81475830078125,122.96496595514449,121.1226852750631,121.43460561674969,105861300
2021-05-14,124.23213958740234,124.66103284772763,122.67253787272075,123.06244016058305,81918000
2021-05-17,123.08191680908203,123.72525662054227,122.0096912267483,123.61803331863223,74244600
2021-05-18,121.6977767944336,123.78374532662899,121.62954445690447,123.36460169987382,63342900
2021-05-19,121.54180908203125,121.76599784022277,119.75801143334377,120.05043995950335,92612000
2021-05-20,124.09566497802734,124.49531683623646,121.94146411990351,122.06818662946591,76857100
2021-05-21,122.26313781738281,124.76825004025154,122.04869119774337,124.59279439116175,79295400
2021-05-24,123.8909683227539,124.70976380781524,122.76025995557121,122.82849229292907,63092900
2021-05-25,123.69601440429688,125.08016771850949,123.13065653206684,124.59278434432386,72009500
2021-05-26,123.64727020263672,124.17363709199465,123.22812661130169,123.75449350065962,56575900
2021-05-27,122.1169204711914,124.41733561849655,121.92197306010468,123.24763627844212,94625600
2021-05-28,121.46385192871094,122.6238092325372,121.40536918625511,122.39961299184344,71311100
2021-06-01,121.14218139648438,122.18516577367905,120.81076927511776,121.92198599710954,67637100
2021-06-02,121.90247344970703,122.07792909380578,120.91797935921073,121.14216813753484,59278900
2021-06-03,120.42086029052734,121.69778300232346,120.02120840977952,121.5320769508381,76229200
2021-06-04,122.71153259277344,122.97471980574441,120.72303755703825,120.93748419375007,75169300
2021-06-07,122.72128295898438,123.13067702974456,121.6782985767518,122.98446273682511,71057600
2021-06-08,123.54004669189453,125.21662849111421,123.0234294041827,123.40358202860334,74403800
2021-06-09,123.92019653320312,124.52454534046706,123.32559732645998,123.99817846383709,56877900
2021-06-10,122.92594909667969,124.95343460907164,122.7602430768465,123.81296936037242,71186400
2021-06-11,124.13465881347656,124.22239035571975,122.91621888119515,123.33536251537065,53522400
2021-06-14,127.18563842773438,127.24412116871932,123.86173793219395,124.59280194157657,96906500
2021-06-15,126.3668441772461,127.30261260822043,126.12315618593904,126.65927274152149,62746300
2021-06-16,126.86392211914062,127.5852436992797,125.21660431374437,127.07836867341089,91815000
2021-06-17,128.46255493164062,129.20337594415264,126.37658632134162,126.52280804022224,96721700
2021-06-18,127.1661148071289,128.18959220522225,126.95166824074936,127.40980273496652,108953300
2021-06-21,128.95965576171875,129.06687904605207,125.94767651117064,127.0101523182265,79663300
2021-06-22,130.59725952148438,130.69474066397615,128.29684436989922,128.7939773736595,74783600
2021-06-23,130.32431030273438,130.9286665216875,129.8661757752273,130.39255006678223,60214200
2021-06-24,130.04165649414062,131.240597184488,129.5737648661965,131.05539194095186,68711000
2021-06-25,129.74923706054688,130.50954241745376,129.4568084909208,130.09040620403312,70783700
2021-06-28,131.37705993652344,131.83519451956099,129.98317185834844,130.04165459260284,62111300
2021-06-29,132.887939453125,133.04390333984907,130.95793469390316,131.39657011097157,64556100
2021-06-30,133.5020294189453,133.9406648079474,132.43953852296474,132.73196707347742,63261400
2021-07-01,133.80421447753906,133.86269721920397,132.33232940247316,133.15113240638843,52485800
2021-07-02,136.42633056640625,136.46531411179538,134.2721215635701,134.4183284507029,78852600
2021-07-06,138.43426513671875,139.53572463895688,136.53350195950557,136.53350195950557,108181800
2021-07-07,140.91989135742188,141.23180423568894,139.0581116318865,139.91588320227135,104911600
2021-07-08,139.6234588623047,140.42274763655988,137.11833949517367,138.00536723887996,105575500
2021-07-09,141.44625854492188,141.97261806281588,139.04836216143113,139.1458433075578,99890800
2021-07-12,140.85165405273438,142.62570970674338,140.364278087154,142.51848639937432,76299700
2021-07-13,141.96279907226562,143.73685383167867,140.0035540330859,140.39344865952586,100827100
2021-07-14,145.38424682617188,145.79365573228569,143.95136027537654,144.36076918149035,127050800
2021-07-15,144.73114013671875,146.21276700697837,143.37623575739534,145.47196100861444,106820300
2021-07-16,142.6939239501953,145.97883295333372,142.19680585690423,144.71166743629377,93251400
2021-07-19,138.85342407226562,140.43253247911716,138.09311867670348,140.12060468938105,121434600
2021-07-20,142.45997619628906,143.3860023478585,139.35053030452949,139.83790622702588,96350000
2021-07-21,141.72894287109375,142.4405225803077,140.97839449756518,141.8556653977963,74993500
2021-07-22,143.09361267089844,144.45825967498962,142.12860272787458,142.2553252616605,77338200
2021-07-23,144.8091583251953,144.96512221870486,143.21056560056124,143.8246641352954,71447400
2021-07-26,145.22828674316406,146.04707474588002,143.97084849928373,144.5264642055409,72434100
2021-07-27,143.06431579589844,145.44271240050767,141.8751174935938,145.35497344078965,104818600
2021-07-28,141.3195343017578,143.25929604709813,138.94113715127986,141.15382825419624,118931200
2021-07-29,141.96279907226562,142.84982645197215,140.92956492602576,141.03678817932575,56699500
2021-07-30,142.17730712890625,142.63544169374407,140.47149137109437,140.73467853831747,70440600
2021-08-02,141.8459014892578,143.2397895751834,141.582714310116,142.6646895204393,62880000
2021-08-03,143.63943481445312,144.30225894055675,141.51446802349406,142.12856645538005,64786600
2021-08-04,143.23977661132812,144.05856456840556,142.5866946784069,143.55170433223327,56368300
2021-08-05,143.34701538085938,144.107320690727,142.47948676454712,143.26903344221475,46397700
2021-08-06,142.66368103027344,143.61060825982952,142.16581806356817,142.86869219057516,54126800
2021-08-09,142.61489868164062,143.21038897818232,142.05846523172403,142.72228266612592,48908700
2021-08-10,142.1365509033203,144.19635994581478,141.84368416396723,142.95656585685202,69023100
2021-08-11,142.39031982421875,143.22986295766566,142.0681679932176,142.57580253562702,48493500
2021-08-12,145.3482666015625,145.50446416374155,142.37081574173467,142.71249604702388,72282600
2021-08-13,145.5532684326172,145.88517705910473,144.7430103885552,145.42635605950554,59375000
2021-08-16,147.5252227783203,147.59356480078714,142.9858407795006,145.00659283395282,103296000
2021-08-17,146.6173095703125,148.07185618392833,145.54347021491796,146.65635150331968,92229700
2021-08-18,142.87844848632812,147.13473517673972,142.67343732669485,146.2366215497856,86326000
2021-08-19,143.21035766601562,144.4794367790495,141.06269334170713,141.5800847276963,86960300
2021-08-20,144.66488647460938,144.9675098694575,143.28842371499448,143.93272733385453,60549600
2021-08-23,146.14871215820312,146.61728977008812,144.37199908209297,144.78200635446908,60131800
2021-08-24,146.06088256835938,147.27139120779157,145.60206158624175,145.89492826143862,48606400
2021-08-25,144.83084106445312,146.7442235104866,144.28416462153382,146.24634576040117,58991300
2021-08-26,144.0303955078125,145.57281315038713,144.00111032248313,144.82114019917077,48597200
2021-08-27,145.0651397705078,145.21156564308194,143.33723999505236,143.97177197062845,55802400
2021-08-30,149.47763061523438,149.83883931473636,145.07491826892314,145.45564049048158,90956700
2021-08-31,148.21835327148438,149.1652806367618,147.6911901527622,149.02861147557854,86453100
2021-09-01,148.8821258544922,151.293371319359,148.71617155840954,149.1945209265185,80313700
2021-09-02,149.9950408935547,151.03959539227287,148.7747752992504,150.20980882981786,71115500
2021-09-03,150.62957763671875,150.95172951907767,149.44835406806936,150.10241459437898,57808700
2021-09-07,152.96270751953125,153.51914078415754,150.71741625258127,151.2836211735212,82278300
2021-09-08,151.4202880859375,153.30437064554417,150.31716343749,153.24580029178898,74420200
2021-09-09,150.40504455566406,152.39651120399355,150.28788894400816,151.79126431107525,57305700
2021-09-10,145.42633056640625,151.7814665359228,145.16274910531013,151.3128888573864,140893200
2021-09-13,145.99258422851562,147.81809686029018,145.21161123932484,147.04689552955006,102404300
2021-09-14,144.5965576171875,147.4763957492906,143.4153491043727,146.7735217186003,109296300
2021-09-15,145.48492431640625,145.8851749521173,142.88819590848047,145.02610332343372,83281300
2021-09-16,145.25064086914062,145.42636685232276,143.71799510025087,144.90897545621797,68034100
2021-09-17,142.58555603027344,145.27991132028194,142.29268938190515,145.27991132028194,129868800
2021-09-20,139.53977966308594,141.39457695669392,137.90950701335717,140.37932278347847,123478900
2021-09-21,140.0181121826172,141.1602935933769,139.38358019514303,140.50621829477157,75834000
2021-09-22,142.38058471679688,142.94677480134484,140.28171911608493,141.01387841720836,76404300
2021-09-23,143.33729553222656,143.58134867828787,142.17560017364323,143.16156952123504,64838200
2021-09-24,143.4250946044922,143.96201429353556,142.09744541695585,142.19507259526048,53477900
2021-09-27,141.91200256347656,142.48797924389808,140.39888514559524,142.00962976919416,74150700
2021-09-28,138.53428649902344,141.30672576458994,138.31951860844126,139.84240736288436,108972300
2021-09-29,139.4324188232422,141.013878143942,138.65144592439347,139.08098176355122,74602000
2021-09-30,138.13401794433594,140.94551367693097,137.91925008166186,140.2426397437822,89056700
2021-10-01,139.25665283203125,139.5202342750178,135.80086848455736,138.52449374270236,94639600
2021-10-04,135.83018493652344,138.82716398233575,134.98088496397907,138.38785651091933,98322000
2021-10-05,137.75332641601562,138.8564511470798,136.0449547897289,136.17186716291496,80861100
2021-10-06,138.62216186523438,138.76858776803195,135.07850605934124,136.15234566592073,83221100
2021-10-07,139.88145446777344,140.7893396562003,139.32502120039112,139.65692980871162,61732700
2021-10-08,139.500732421875,140.7502829805711,139.16882381318146,140.60385709315267,58773200
2021-10-11,139.4128875732422,141.36531233280488,138.43667519346084,138.88573944232053,64452200
2021-10-12,138.143798828125,139.84241361250955,137.68497785008697,139.82288519545196,73035900
2021-10-13,137.55807495117188,138.0364094315763,135.88874541033104,137.88022678873125,78762700
2021-10-14,140.34027099609375,140.45742659800283,138.14379338196727,138.7295267040612,69907100
2021-10-15,141.3946075439453,141.45317790755652,140.09624319922384,140.35006796929892,67940300
2021-10-18,143.06390380859375,143.34699879821167,139.75454497889402,140.03763996851194,85589200
2021-10-19,145.22134399414062,145.62159463310732,143.06392303976392,143.51297237963328,76378900
2021-10-20,145.70944213867188,146.18779152686344,144.59656071553547,145.16276563549152,58418800
2021-10-21,145.92420959472656,146.0804071368253,144.35250720492448,145.27014914498275,61421000
2021-10-22,145.1529998779297,146.60754657748723,145.10418628692474,146.129212114762,58883400
2021-10-25,145.1041717529297,145.81680244360976,144.10843120026792,145.14321368433312,50720600
2021-10-26,145.76800537109375,147.25183711393476,145.465367092144,145.77776213009912,60893400
2021-10-27,145.3092041015625,146.16826078037482,144.95776708428832,145.80706700277705,56094900
2021-10-28,148.9407196044922,149.52643805425132,146.1585085567286,146.256135746264,100077900
2021-10-29,146.23658752441406,146.3732566337639,142.927228830471,143.7179583128391,124953200
2021-11-01,145.4165802001953,146.13896771640327,144.28417043944881,145.44586537540286,74588300
2021-11-02,146.45138549804688,147.96451766703325,145.11396440756303,145.12373606469237,69122000
2021-11-03,147.8863983154297,148.35497602206758,146.25612565424197,146.8125588879088,54511500
2021-11-04,147.3690185546875,148.80403696262286,147.0566234619275,147.97426542713765,60394600
2021-11-05,147.8969268798828,148.79635114627666,146.7042085245969,148.49328605752575,65463900
2021-11-08,147.0757293701172,148.18046407919945,146.80199217243356,148.02403856122066,55020900
2021-11-09,147.43743896484375,148.0435691533501,146.70421118808,146.84107977637362,56787900
2021-11-10,144.61209106445312,146.77267581374304,144.54366421842147,146.6651351263565,65187100
2021-11-11,144.56321716308594,146.0883289050465,144.37746369649008,145.62885311604722,41000000
2021-11-12,146.63575744628906,147.0365772200293,144.18187938974896,145.11063141972008,63804000
2021-11-15,146.6455841064453,148.48354686753203,146.08832372641191,147.00730510695527,59222800
2021-11-16,147.62319946289062,148.102247003654,146.00031832566742,146.58690654221206,59256200
2021-11-17,150.05752563476562,151.53375230300938,147.61343285568483,147.6232038564801,88807000
2021-11-18,154.33956909179688,155.12168178008048,149.627365877677,150.2726099643279,137827700
2021-11-19,156.95962524414062,157.41911583313842,153.02952027938457,154.12446895909494,117305600
2021-11-22,157.4191436767578,161.99447854129045,157.3995867561447,158.06437288139423,117467900
2021-11-23,157.8004150390625,158.18169292863084,155.502961782972,157.51689191338718,96041900
2021-11-24,158.3185577392578,158.51408217991857,156.06998937776268,157.15516717862224,69463600
2021-11-26,153.3032684326172,156.8618668141861,152.8633347292546,156.00155632601601,76959800
2021-11-29,156.6565704345703,157.58532267329434,155.2389847402696,155.8060160344783,88748200
2021-11-30,161.60337829589844,161.8184596016363,156.3436871388529,156.41212888047625,174048100
2021-12-01,161.08523559570312,166.4915664393558,160.85059737024878,163.7346232310991,152052500
2021-12-02,160.09783935546875,160.52800204808736,154.27113083970096,155.19011206164845,136739200
2021-12-03,158.2207794189453,161.27101721338744,156.14819360952984,160.35203598315746,118023100
2021-12-06,161.6230010986328,164.12575013017414,160.60624998109355,160.61602098349957,107497000
2021-12-07,167.35191345214844,167.7429772469704,164.57542763792551,165.2988844701773,120405400
2021-12-08,171.16468811035156,172.02501344578044,166.8826332677211,168.280661937793,116998900
2021-12-09,170.6562957763672,172.79732298545696,170.0306087537727,170.9984746601922,108923700
2021-12-10,175.4369659423828,175.61294836881706,170.78341894665584,171.29179439045112,115402700
2021-12-13,171.80996704101562,178.05706815750167,171.6046566651188,177.0696450374433,153237000
2021-12-14,170.4314727783203,173.76521877848376,168.35888695654498,171.33089709564845,139380400
2021-12-15,175.29034423828125,175.4858686850592,168.45665517933287,171.19404218690133,131063300
2021-12-16,168.40774536132812,177.08916675225177,166.9315188519041,175.27076132354634,150185800
2021-12-17,167.3128204345703,169.59071677301714,165.89524955752734,166.12987292514003,195432700
2021-12-20,165.95388793945312,166.76532847471316,163.71510567618958,164.51676029378936,107499100
2021-12-21,169.1214599609375,169.3267554134747,165.33799395674112,167.72343104614094,91185900
2021-12-22,171.71217346191406,171.9272548095711,168.300214735498,169.17031112645324,92135300
2021-12-23,172.3378448486328,172.89510508509778,171.35043687369296,171.91746810959268,68356600
2021-12-27,176.2973175048828,176.38530127238838,173.11022561335014,173.12976761664484,74919600
2021-12-28,175.28054809570312,177.2749361221624,174.5375492742612,176.1311025117923,79144300
2021-12-29,175.36854553222656,176.59059189162147,174.15627017338588,175.31966069433915,62348900
2021-12-30,174.21495056152344,176.53196092937984,174.10740987004013,175.4565540145469,59773000
2021-12-31,173.59902954101562,175.2218958133562,173.29594950484335,174.1073900997929,64062300
2022-01-03,177.93971252441406,178.79026689432098,173.73588518068755,173.85319685203027,104487900
2022-01-04,175.68136596679688,178.84891521802436,175.11433471652768,178.54585013474667,99310400
2022-01-05,171.00823974609375,176.140833320671,170.73450261552068,175.59335905952486,94537600
2022-01-06,168.15357971191406,171.3797850968752,167.80162976232634,168.83792269234627,96904000
2022-01-07,168.31982421875,170.24577103123758,167.20531821354683,169.02372431862173,86709100
2022-01-10,168.33934020996094,168.64240533418686,164.40923476090865,165.29888813158135,106765600
2022-01-11,171.16468811035156,171.26244286002324,166.99995985190662,168.46641535499305,76138300
2022-01-12,171.60462951660156,173.21772467571947,170.91051556767007,172.1814317936139,74805200
2022-01-13,168.33934020996094,172.6702655459411,167.94827640647682,171.84905393496265,84505800
2022-01-14,169.19967651367188,169.8937905683483,167.2639441267619,167.508353425533,80440800
2022-01-18,166.0028076171875,168.68152412823068,165.62152968734614,167.67455895666092,90956700
2022-01-19,162.5126495361328,167.25419656378617,162.2291412735544,166.19834645502328,94815000
2022-01-20,160.83111572265625,165.8854990523026,160.50849360575597,163.2458811802376,91420500
2022-01-21,158.77804565429688,162.61038131219433,158.67050497614542,160.74309086318223,122848900
2022-01-24,158.0056915283203,158.67049246380245,151.2404450916643,156.44148123567246,162294600
2022-01-25,156.2068328857422,159.1201868610098,153.50856023591945,155.424720331175,115798400
2022-01-26,156.118896484375,160.71378862428045,154.2907195812304,159.84369205931444,108275300
2022-01-27,155.6593475341797,160.1760252131081,154.7403664665498,158.81711052646853,121954600
2022-01-28,166.5209503173828,166.54050723879885,159.15934320684596,162.00427111169125,179935700
2022-01-31,170.87139892578125,171.0864802658057,165.71924760028926,166.3547206203823,115541600
2022-02-01,170.7052001953125,170.93005253238587,168.4566320719076,170.1186120178827,86213900
2022-02-02,171.90771484375,171.94682868403083,169.45385093947993,170.84209391826516,84914300
2022-02-03,169.03346252441406,172.29878204430065,168.27090671710556,170.57813105955574,89418100
2022-02-04,168.74957275390625,170.42346859121156,167.0756769166009,168.05455952783922,82465400
2022-02-07,168.03500366210938,170.2766384169295,167.33999039041194,169.20965988540354,77251200
2022-02-08,171.13807678222656,171.6471000057892,167.80986639624405,168.1035342150904,74829200
2022-02-09,172.55743408203125,172.91961588647231,171.20657123174874,172.3322952525055,71285000
2022-02-10,168.48529052734375,171.7743370940817,167.92733513885554,170.462637822063,90865900
2022-02-11,165.07876586914062,169.42500712943504,164.49143031742815,168.6908451580762,98670700
2022-02-14,165.313720703125,165.9989356288058,163.04270559336564,163.83559821712237,86185500
2022-02-15,169.14114379882812,169.29776862360237,166.65478818594016,167.3595849608588,62527400
2022-02-16,168.90621948242188,169.67953027359678,166.45901263665095,168.22100455291906,61177400
2022-02-17,165.313720703125,168.2797341887302,164.91237519788157,167.41831260412283,69589300
2022-02-18,163.76707458496094,166.93864489391834,162.68051421778296,166.23386310925557,82772700
2022-02-22,160.84999084472656,163.16993775264925,158.72580252665216,161.4960419882263,91162800
2022-02-23,156.68975830078125,162.6413518716535,156.37650867254357,162.04423283731927,90009200
2022-02-24,159.3033905029297,159.411068207212,148.79018396900835,149.35793777917277,141147500
2022-02-25,161.36880493164062,161.6330924831591,157.47284137265066,160.38012393186045,91974200
2022-02-28,161.63307189941406,161.92673963359974,158.9998756125995,159.6165763607333,95056600
2022-03-01,159.75364685058594,163.0818568508139,158.5496253630897,161.22197083806662,83474400
2022-03-02,163.04270935058594,163.82581854222389,159.5089420061074,160.9185355637426,79724800
2022-03-03,162.71966552734375,165.34307890598984,162.0540324670775,164.91236813214016,76678400
2022-03-04,159.72425842285156,162.05400359179123,158.67686189722227,161.01639051416453,83737200
2022-03-07,155.93600463867188,161.53521443024337,155.68148559760553,159.91026569329455,96418800
2022-03-08,154.11526489257812,159.4403881412621,152.50989817230385,155.4661275372027,131148300
2022-03-09,159.5089111328125,159.959203685233,156.04367342146804,158.06995256595388,91454900
2022-03-10,155.1724853515625,157.0029911685478,152.6861150001443,156.81700107101284,105342000
2022-03-11,151.46253967285156,155.9164596416208,151.23740079888486,155.57384466842046,96970100
2022-03-14,147.4392852783203,150.86537421208124,146.9302771053436,148.2517595892854,108732100
2022-03-15,151.81491088867188,152.28478532825997,147.20438184151632,147.713390079557,92964300
2022-03-16,156.21983337402344,156.62117872929153,151.19817698787602,153.73347873378214,102300200
2022-03-17,157.2281036376953,157.6000837703935,154.30125449850178,155.26055517399735,75615400
2022-03-18,160.5171661376953,161.0066074424884,156.3862803303168,157.1204422875064,123511700
2022-03-21,161.88763427734375,162.8371517415441,159.5676719986422,160.0571133745572,95811400
2022-03-22,165.25497436523438,165.84229498697943,161.42753966012307,162.01486028186812,81532000
2022-03-23,166.61566162109375,168.9943398505725,164.1097089009123,164.4425404319918,98062700
2022-03-24,170.3941192626953,170.46263328488442,166.61563143205333,167.4476727675763,90131400
2022-03-25,171.0303955078125,171.57856745870845,169.10199529276142,170.20813758146855,80546200
2022-03-28,171.8917999267578,172.0190445148475,168.36781639958284,168.53422465828777,90371900
2022-03-29,175.18087768554688,175.22980987775352,172.61619451618012,172.95880948102644,100589400
2022-03-30,174.01597595214844,175.81711647524634,172.96856432856262,174.77950323773482,92633200
2022-03-31,170.92271423339844,174.27049138056105,170.7171422878286,174.0845012718467,103049300
2022-04-01,170.62901306152344,171.18698327855927,168.30906622272897,170.35492714540266,78751300
2022-04-04,174.6718292236328,174.72077634534207,170.75629847192283,170.88355800105404,76468400
2022-04-05,171.36318969726562,174.53477477488693,170.73670541562527,173.7516656886956,73401800
2022-04-06,168.20140075683594,169.963392443072,166.5373033062765,168.72020734548278,89058800
2022-04-07,168.50485229492188,169.69909027693134,166.26321768469555,167.5455515170426,77594700
2022-04-08,166.49813842773438,168.1524524173325,165.62693350816983,168.1524524173325,76575500
2022-04-11,162.2498016357422,165.4605355802755,162.00508096962494,165.14730089465874,72246700
2022-04-12,164.11947631835938,166.28279871101802,163.12101178667447,164.47187468621496,79265200
2022-04-13,166.80157470703125,167.4280589196407,163.24824133176645,163.85514371182387,70618900
2022-04-14,161.79949951171875,167.65322825491936,161.55477886000992,167.01694559853848,75329400
2022-04-18,161.58416748046875,163.08185675186522,160.11584349387897,160.45844346214486,69023900
2022-04-19,163.86495971679688,164.27610359926777,160.44866861751814,161.53522902332887,67723800
2022-04-20,163.69851684570312,165.31368193809578,162.59238977382873,165.19620588083708,67929800
2022-04-21,162.90567016601562,167.90776176039836,162.40644532626558,165.3430936610523,87227800
2022-04-22,158.3734130859375,164.32502122927878,158.08954369720692,162.94480808191494,84882400
2022-04-25,159.44044494628906,159.72431440347455,155.11378449938243,157.71760155404482,96046400
2022-04-26,153.4888153076172,158.91181906878418,153.4105028966986,158.82372320771267,95623200
2022-04-27,153.263671875,156.41566043489684,152.09879906936447,152.61760570667977,88063200
2022-04-28,160.18435668945312,161.04577820352466,155.57381282317428,155.88706244158715,130216800
2022-04-29,154.32083129882812,162.69028026576657,153.9292842451666,158.42235165998022,131747600
2022-05-02,154.62432861328125,154.8886162063275,150.03336604127583,153.40072515321864,123055300
2022-05-03,156.11216735839844,157.31620351399488,153.0189101995976,154.81025192073247,88966500
2022-05-04,162.51406860351562,162.96434616624182,155.89681367917365,156.29815906862675,108256500
2022-05-05,153.45944213867188,160.61507214954577,151.67786848905013,160.38993331507154,130525300
2022-05-06,154.1848602294922,156.30235682996496,151.1458596477854,152.93984857664353,116124600
2022-05-09,149.0675811767578,152.7633948486293,148.50880608897836,151.8810971374127,131577900
2022-05-10,151.46937561035156,153.65550196924158,149.92046680625165,152.45950928453797,115366700
2022-05-11,143.61700439453125,152.39087300235883,142.9405806152843,150.47925033829725,142689800
2022-05-12,139.7545623779297,143.32293029647687,136.0685607235715,139.96043637411066,182602000
2022-05-13,144.21499633789062,145.18551933414366,140.29371306035543,141.74458368466105,113990900
2022-05-16,142.6759033203125,144.616949555646,141.34266624082053,142.68571610317943,86643800
2022-05-17,146.3031005859375,146.8226694807634,143.7934664467187,145.9305738468132,78336300
2022-05-18,138.0487823486328,144.46007380411618,137.14687404841018,143.96011558077154,109742900
2022-05-19,134.6470947265625,138.87227582415818,133.91185397987616,137.1273056487035,136095600
2022-05-20,134.88232421875,137.9311222550243,130.00033122355916,136.3528052981394,137426100
2022-05-23,140.29373168945312,140.44077384848245,134.94117272312687,135.07841705772444,117726300
2022-05-24,137.59783935546875,139.17615657107172,134.62746828487894,138.03898075989613,104132700
2022-05-25,137.7546844482422,138.99968110716551,135.61757730341805,135.70580258630076,92482700
2022-05-26,140.95053100585938,141.49950829001511,134.44120114221013,134.68628135538745,90601500
2022-05-27,146.6952362060547,146.7344424649416,142.40142537012454,142.52887188890233,90978500
2022-05-31,145.9109649658203,147.69515625482543,143.95032308788612,146.13644955191023,103718400
2022-06-01,145.7835235595703,148.75389460714223,144.7737792988703,146.95009283292427,74286600
2022-06-02,148.23431396484375,148.29313081917098,143.96991252402043,144.920824891666,72348100
2022-06-03,142.51904296875,145.05807025566116,141.61714962601158,144.00911981753086,88570300
2022-06-06,143.26409912109375,145.64628674294468,142.04849579123675,144.13658414441952,71598400
2022-06-07,145.7835235595703,146.06781003090646,141.26424373812605,141.50932395629872,67808200
2022-06-08,145.04827880859375,146.9206802540853,144.55811838609154,145.6560729457736,53950200
2022-06-09,139.83297729492188,145.0384790561678,139.72514139394366,144.18560463111925,69473000
2022-06-10,134.43141174316406,137.9899664897166,134.36278209908923,137.51941663931075,91437900
2022-06-13,129.28475952148438,132.53941799813305,128.85341581720851,130.2552678975913,122207100
2022-06-14,130.1473846435547,131.25515193955982,128.8925752102517,130.51011351307002,84784300
2022-06-15,132.7648468017578,134.63726323315953,129.5592083618082,131.64728162043858,91533000
2022-06-16,127.50055694580078,129.78470685138856,126.5006252583711,129.48080971072673,108123900
2022-06-17,128.97100830078125,130.4611001773296,127.25544681769559,127.51033981148552,134520300
2022-06-21,133.19618225097656,134.36276639582726,130.6963761788774,130.7943992837295,81000500
2022-06-22,132.68643188476562,135.04899374439105,131.27476747959807,132.13743964836019,73409200
2022-06-23,135.5489959716797,135.86269092971577,132.96094899420544,134.1275334387869,72433800
2022-06-24,138.87222290039062,139.1173030558868,137.0194175231798,137.14684903225404,89116800
2022-06-27,138.87222290039062,140.66621143364327,138.19579927786032,139.89174976551223,70207900
2022-06-28,134.73532104492188,140.59763645444562,134.61768731128618,139.33302894232776,67083400
2022-06-29,136.49008178710938,137.90174634957765,133.98046254650382,134.75492447437682,66242400
2022-06-30,134.0294952392578,135.6470189893978,131.13755113159218,134.54906419941244,98964500
2022-07-01,136.19595336914062,136.3037892489926,132.99031531614665,133.36282702594735,71051600
2022-07-05,138.7742156982422,138.82323473193733,134.2353254229341,135.05880629688934,73353800
2022-07-06,140.1074981689453,141.28388056736821,138.3037108274626,138.56840172862474,74064300
2022-07-07,143.469970703125,143.66603189279604,140.4603783389641,140.47017616296918,66253700
2022-07-08,144.1463623046875,144.646335480772,142.14651447587394,142.4013924960781,64547800
2022-07-11,142.01905822753906,143.75423009408246,140.95051223046443,142.80331779694055,63141600
2022-07-12,142.98960876464844,145.52863633565593,142.19555121961218,142.89157069008422,77588800
2022-07-13,142.6269073486328,143.56800712971256,139.3232154144063,140.17610485424197,71185600
2022-07-14,145.54823303222656,146.0187828364424,140.43095716603992,141.24462523992875,78140700
2022-07-15,147.21478271484375,147.8912065060331,145.2835494113212,146.83245817528143,76259900
2022-07-18,144.17578125,148.58722466683977,143.81305239727462,147.77355664160174,81420900
2022-07-19,148.02845764160156,148.25392726287154,144.01894870347078,145.0090674390563,82982400
2022-07-20,150.0283203125,150.69494637561027,147.41086501912858,148.14610577429508,64823400
2022-07-21,152.2928466796875,152.50851845862235,148.94994906470606,151.45956799212024,65086600
2022-07-22,151.05763244628906,153.2045374479934,150.3910214648786,152.3320525114364,66675400
2022-07-25,149.94009399414062,151.98896129458768,149.28328071900498,150.97923186102722,53623900
2022-07-26,148.61666870117188,150.07733740905365,147.8324089141252,149.26366918886245,55138700
2022-07-27,153.7045135498047,154.2338952339947,149.1656377708993,149.5773707705413,78620700
2022-07-28,154.2534942626953,154.53778073211737,151.37134852302864,153.8907653704556,81378700
2022-07-29,159.31192016601562,160.40988958103017,156.36116008489938,158.0669235799792,101786900
2022-08-01,158.33160400390625,160.37067302404677,157.72380990621818,157.84144361325252,67829400
2022-08-02,156.86117553710938,159.2139551778832,156.48866368683446,156.94941580554178,59907000
2022-08-03,162.8607177734375,163.311657015849,157.58658648416494,157.67481177613547,82507500
2022-08-04,162.54698181152344,163.8998292386339,161.19413438441296,162.7430429706028,55474100
2022-08-05,162.3212432861328,162.81208464474912,160.0142829089203,160.22044287042655,56697000
2022-08-08,161.85003662109375,164.73618641729826,161.19231095001098,163.32256080452132,60276900
2022-08-09,161.89910888671875,162.78263230320212,160.25970057725633,161.0156004495246,63135500
2022-08-10,166.13998413085938,166.23814341245296,163.8428352480907,164.60854654925055,70170500
2022-08-11,165.40371704101562,167.85792369494868,165.10920924668594,166.94495103045548,57149200
2022-08-12,168.9475860595703,169.01629605421468,166.29703098384923,166.70935086886797,68039400
2022-08-15,170.01760864257812,170.21394216296972,168.21131628811554,168.3782005294128,54091700
2022-08-16,169.86053466796875,170.52808660786044,168.51563433427114,169.61511402434292,56377100
2022-08-17,171.35272216796875,172.9234055360259,169.40899457207655,169.6053281206725,79542000
2022-08-18,170.96002197265625,171.6962839363271,169.94889007422466,170.56735491708034,62290100
2022-08-19,168.3782196044922,170.55755638009072,168.17205964818893,169.86055507755876,70346300
2022-08-22,164.50054931640625,166.74859572706774,164.0784180378036,166.58171149389958,69026800
2022-08-23,164.16677856445312,165.6196796113523,163.5974008535258,164.0195321647684,54147100
2022-08-24,164.4613037109375,165.03068148199358,163.20475103663767,164.2551587296091,53841500
2022-08-25,166.91549682617188,167.0234825149317,165.26627719342727,165.68839353539587,51218200
2022-08-26,160.62294006347656,167.9168512892463,160.56404149028532,167.44564772442519,78961000
2022-08-29,158.42393493652344,159.91608162954805,156.89251255304256,158.19813716461735,73314000
2022-08-30,155.99917602539062,159.58231130465205,154.8309714061125,159.16019500251252,77906200
2022-08-31,154.34014892578125,157.6386032608909,154.2616125155062,157.37354474862363,87991100
2022-09-01,155.06661987304688,155.5181855673853,151.8368751102563,153.77079140207798,74229900
2022-09-02,152.95596313476562,157.42262194968552,152.13135334781393,156.82379496598037,76957800
2022-09-06,151.69940185546875,154.21250676362826,150.8747921160952,153.60386838160778,73714800
2022-09-07,153.1032257080078,153.80021196934476,150.79626559392008,151.9841081371773,87449600
2022-09-08,151.63067626953125,153.49586691377095,149.88326774543208,151.80737191866996,84923800
2022-09-09,154.4873504638672,154.92911951576863,151.91534743634494,152.62215994424614,68028800
2022-09-12,160.43634033203125,161.25113848543674,156.38200238561726,156.66668367811604,104956000
2022-09-13,151.02206420898438,157.59933535695706,150.56067213786505,156.97105902298662,122656600
2022-09-14,152.46510314941406,154.22232317214238,150.79624593389804,151.95462406702927,87965400
2022-09-15,149.57894897460938,152.39638777057854,148.60709294324934,151.81718374523024,90481100
2022-09-16,147.9395294189453,148.57763194380593,145.6522077108374,148.44019701186863,162278800
2022-09-19,151.65032958984375,151.72886599832884,146.36888718799335,146.5750321533895,81474200
2022-09-20,154.0260009765625,155.18439428665013,150.27598106267698,150.59011171978128,107689800
2022-09-21,150.90423583984375,155.83228620825895,150.78643873263653,154.45792171393398,101696800
2022-09-22,149.94223022460938,151.6405372059972,148.1457489754599,149.58882383167358,86652500
2022-09-23,147.67454528808594,148.6955038498408,145.83880313514447,148.4206338476664,96029900
2022-09-26,148.00828552246094,150.95333323742267,146.8989794231201,146.91861726875362,93339400
2022-09-27,148.98013305664062,151.88591989139582,147.20329010150107,149.9421927062511,84442700
2022-09-28,147.0952911376953,147.88064007446383,142.18687900699845,144.9355927960457,146691400
2022-09-29,139.87010192871094,144.0324406309188,138.1030706410149,143.4238023459897,128138200
2022-09-30,135.66851806640625,140.4787712884576,135.47218456289696,138.69210195416497,124925300
2022-10-03,139.84066772460938,140.44932105441077,135.16786446408517,135.67834355315813,114311700
2022-10-04,143.42381286621094,143.541609967603,141.61750576224773,142.37340544784647,87830100
2022-10-05,143.7183380126953,144.68039782185656,140.39043433471556,141.43103055560152,79471000
2022-10-06,142.76608276367188,144.8374334955695,142.5599378213271,143.13912691743977,68402200
2022-10-07,137.52389526367188,140.47876912027488,136.89561907456743,139.9290143479333,85925600
2022-10-10,137.8478546142578,139.2909290851068,136.0317509799681,137.8478546142578,74899000
2022-10-11,136.43421936035156,138.76081689569904,135.68814610919395,137.337365394685,77033700
2022-10-12,135.80596923828125,137.78897231294513,135.62927355780315,136.58150689181417,70433700
2022-10-13,140.3708038330078,140.9598044199806,131.90868942611982,132.5173428390662,113224000
2022-10-14,135.84524536132812,141.87277603175662,135.65872326737428,141.66661609125816,88598000
2022-10-17,139.80142211914062,140.282437004532,137.7006219624551,138.48597103526853,85250900
2022-10-18,141.1168670654297,144.0128276023933,138.03438444661543,142.82500010106065,99136600
2022-10-19,141.224853515625,142.2948839097448,138.9080820775627,139.09460416043055,61758300
2022-10-20,140.7634735107422,143.21768011702426,140.0370229627389,140.40025572638473,64522000
2022-10-21,144.57240295410156,145.1417806685085,140.03701908535325,140.25299045906925,86548600
2022-10-24,146.7124481201172,147.47815927955588,143.32564645655586,144.49385104011358,75981900
2022-10-25,149.5495147705078,149.69677613929844,146.62410499116672,147.3407290522299,74732300
2022-10-26,146.61431884765625,149.2059606049606,145.32830191392304,148.19482861119383,88194300
2022-10-27,142.14761352539062,146.31976369631963,141.48988811948774,145.35771914522275,109180200
2022-10-28,152.88726806640625,154.6150242142885,145.11234293200243,145.48537216958695,164762400
2022-10-31,150.53121948242188,151.41474288743174,149.13723186575905,150.35452378899333,97943200
2022-11-01,147.89048767089844,152.60256746450293,146.39834080336652,152.23934967138234,80379300
2022-11-02,142.3734588623047,149.38267363121568,142.34400957590813,146.2216537374626,93604600
2022-11-03,136.3361358642578,140.1843313147111,136.20851228459927,139.4578805233143,97918500
2022-11-04,136.07057189941406,140.28896920604143,132.1373281619349,139.71864706361086,140814800
2022-11-07,136.60157775878906,136.8277351131925,133.40581664759068,134.82178704829124,83374600
2022-11-08,137.1719207763672,139.0697043062685,135.19547054516553,138.06673762400212,89908500
2022-11-09,132.61917114257812,136.23776400792798,132.34384521853534,136.18859544917657,74917800
2022-11-10,144.4188995361328,144.4188995361328,137.171901375878,138.88286812786214,118854000
2022-11-11,147.20166015625,147.50648417895965,141.96061049585242,143.38642351170455,93979700
2022-11-14,145.8053741455078,147.77199641885335,144.96955367768106,146.48386123047396,73374100
2022-11-15,147.53598022460938,151.02673737922098,146.08068410249945,149.67960607049233,89868300
2022-11-16,146.30682373046875,147.36880131400713,144.83185736513215,146.6411608430867,64218300
2022-11-17,148.2046661376953,148.95197725260945,143.71092672522755,143.98625266251898,80389400
2022-11-18,148.76512145996094,150.15159363499748,147.4671586821555,149.76810292744864,74829600
2022-11-21,145.53982543945312,147.86043951698224,145.2546719105782,147.6539526522426,58724100
2022-11-22,147.67367553710938,147.9096756373434,144.47791399161687,145.65789948864827,51804100
2022-11-23,148.548828125,149.29613922514196,146.84768896962234,146.95585380028717,58301400
2022-11-25,145.63819885253906,146.3953525551104,144.66471552066162,145.8348580598712,35195900
2022-11-28,141.81312561035156,144.19273663104678,140.98714790150922,142.71777000634125,69246000
2022-11-29,138.81402587890625,142.39327767480953,138.007718580844,141.8819517027843,83763800
2022-11-30,145.55953979492188,146.23802684928043,138.2043770255708,139.04018245155586,111380900
2022-12-01,145.83489990234375,146.64122238912947,144.16327365419926,145.7365777725353,71250400
2022-12-02,145.34320068359375,145.53003217962117,143.21924526160134,143.52408428382984,65447400
2022-12-05,144.1829071044922,148.4013049961633,143.33725898348703,145.3038811249747,68826400
2022-12-06,140.52499389648438,144.8417290558683,139.55151049910586,144.61557170242608,64727200
2022-12-07,138.58787536621094,140.97731424983792,137.66356048798676,139.8170142991394,69721100
2022-12-08,140.26930236816406,141.1247931057231,138.7451823842777,139.98414879173407,62128300
2022-12-09,139.78753662109375,143.14063172179561,138.54855479274573,139.96452545134943,76097000
2022-12-12,142.07864379882812,142.08847150955347,138.70587850686456,140.31850830999085,70462700
2022-12-13,143.04226684570312,147.4671667934874,141.83279839446703,147.00500937638787,93886200
2022-12-14,140.8199920654297,144.21241242784126,138.80420126905452,142.92427726159215,82291200
2022-12-15,134.2219696044922,139.43352160827794,133.7598121718234,138.75503452609877,98931900
2022-12-16,132.26516723632812,135.35276341025192,131.49818579850947,134.40879318099954,160156900
2022-12-19,130.16091918945312,132.9436921230912,129.12845427057536,132.85519770218292,79592600
2022-12-20,130.09207153320312,131.02621414919912,127.72228799900502,129.19725476241064,77432800
2022-12-21,133.189453125,134.52675649615924,130.5345168010593,130.7606740979378,85928000
2022-12-22,130.02322387695312,132.31434056379908,128.12544063659777,132.10785363301125,77852100
2022-12-23,129.65943908691406,130.21009105871155,127.47648662433055,128.7351239896222,63814900
2022-12-27,127.85992431640625,129.21689825725943,126.57178934548489,129.18740012847,69007800
2022-12-28,123.93653869628906,128.8432592520272,123.76937760067855,127.50595548300566,85438400
2022-12-29,127.44697570800781,128.30245172100172,125.59835320080026,125.8540087323248,75703700
2022-12-30,127.7615966796875,127.78126710171549,125.30332657301084,126.26697469654857,77034200
