Date,AAPL,AMZN,GOOGL,JNJ,JPM,MSFT,NVDA,PG,V,XOM
2013-01-02,16.581403732299805,12.865500450134277,17.940269470214844,48.714149475097656,31.340900421142578,22.144264221191406,0.29307693243026733,47.286258697509766,35.27124786376953,51.6924934387207
2013-01-03,16.37210464477539,12.923999786376953,17.950687408447266,48.64539337158203,31.277742385864258,21.847614288330078,0.29330727458000183,46.98643493652344,35.29848861694336,51.59926986694336
2013-01-04,15.916069030761719,12.957500457763672,18.305397033691406,49.202415466308594,31.832124710083008,21.438720703125,0.3029843270778656,47.08184051513672,35.58677673339844,51.83817672729492
2013-01-07,15.82244873046875,13.42300033569336,18.225528717041016,49.09925079345703,31.86722183227539,21.398639678955078,0.29422882199287415,46.761566162109375,35.84101486206055,51.237979888916016
2013-01-08,15.865025520324707,13.319000244140625,18.189559936523438,49.10614013671875,31.930377960205078,21.286388397216797,0.2877775728702545,46.68657684326172,36.1746940612793,51.558494567871094
2013-01-09,15.61707592010498,13.317500114440918,18.309118270874023,49.32619094848633,31.909326553344727,21.406661987304688,0.281326025724411,46.938720703125,36.726314544677734,51.360355377197266
2013-01-10,15.810667037963867,13.267000198364258,18.392465591430664,49.642513275146484,32.38652801513672,21.21424102783203,0.2817869484424591,47.20449447631836,36.435752868652344,51.919761657714844
2013-01-11,15.713724136352539,13.397000312805176,18.355506896972656,49.752532958984375,32.379520416259766,21.510889053344727,0.281326025724411,47.170413970947266,36.58331298828125,52.216949462890625
2013-01-14,15.153485298156738,13.636500358581543,17.940269470214844,49.89694595336914,32.19706344604492,21.55898666381836,0.2810956835746765,47.449806213378906,36.467533111572266,52.199462890625
2013-01-15,14.675400733947754,13.595000267028809,17.981943130493164,49.76627731323242,32.52688217163086,21.815553665161133,0.2760268449783325,47.620201110839844,36.42214584350586,52.17033386230469
2013-01-16,15.28455924987793,13.446499824523926,17.74034309387207,49.91067886352539,32.85672378540039,21.67925262451172,0.27856114506721497,47.63528823852539,36.36538314819336,52.1353874206543
2013-01-17,15.181570053100586,13.52400016784668,17.644344329833984,50.13075637817383,32.590057373046875,21.847614288330078,0.28224772214889526,47.86199951171875,36.29273986816406,52.56077194213867
2013-01-18,15.10063362121582,13.605999946594238,17.475421905517578,50.3576774597168,32.604095458984375,21.847614288330078,0.28040453791618347,48.0474967956543,35.927276611328125,52.910377502441406
2013-01-22,15.244693756103516,13.509499549865723,17.43474006652832,49.986331939697266,32.66023635864258,21.767440795898438,0.2790220379829407,48.054351806640625,36.10432815551758,52.98030471801758
2013-01-23,15.523755073547363,13.405500411987305,18.392959594726562,50.09634780883789,32.44267654418945,22.13624382019043,0.279482901096344,48.562721252441406,36.10432815551758,52.852115631103516
2013-01-24,13.605672836303711,13.67300033569336,18.708234786987305,50.26828384399414,32.54092788696289,22.15228843688965,0.280865341424942,48.377227783203125,36.22010040283203,53.23088455200195
2013-01-25,13.284934997558594,14.19950008392334,18.694839477539062,50.8321647644043,33.09532165527344,22.352724075317383,0.2859342694282532,50.3214111328125,36.28366470336914,53.45230484008789
2013-01-28,13.585436820983887,13.802000045776367,18.621912002563477,50.6258659362793,32.73039627075195,22.37677574157715,0.2905423939228058,50.67862319946289,35.49143981933594,53.09103775024414
2013-01-29,13.840335845947266,13.017499923706055,18.69508934020996,51.16912078857422,33.067256927490234,22.456951141357422,0.2843213379383087,51.523616790771484,35.561805725097656,53.46978759765625
2013-01-30,13.796847343444824,13.637999534606934,18.698808670043945,50.949066162109375,33.07426834106445,22.328659057617188,0.2838606536388397,51.57855987548828,35.18724822998047,52.834632873535156
2013-01-31,13.75637435913086,13.274999618530273,18.744943618774414,50.8321647644043,33.01811599731445,22.007970809936523,0.2824782431125641,51.63352584838867,35.845542907714844,52.42673110961914
2013-02-01,13.699899673461914,13.25,19.238813400268555,51.01097106933594,33.57953643798828,22.392812728881836,0.2850126028060913,52.1556396484375,35.993106842041016,52.46751403808594
2013-02-04,13.358625411987305,12.99899959564209,18.827543258666992,50.96284103393555,33.46024703979492,21.999956130981445,0.2801741063594818,51.69534683227539,35.55952835083008,51.94890594482422
2013-02-05,13.827350616455078,13.344499588012695,18.994234085083008,51.3410530090332,34.23919677734375,22.048057556152344,0.286625474691391,52.00448989868164,36.21328353881836,52.29269027709961
2013-02-06,13.812553405761719,13.111000061035156,19.104124069213867,51.84303665161133,34.112876892089844,21.91977882385254,0.2843213379383087,52.31364822387695,36.50613021850586,52.321842193603516
2013-02-07,14.223247528076172,13.011500358581543,19.197885513305664,51.61609649658203,33.84620666503906,21.871673583984375,0.28316929936408997,52.31364822387695,35.652610778808594,51.75299835205078
2013-02-08,14.428601264953613,13.09749984741211,19.48116111755371,51.90491485595703,34.12691879272461,22.088144302368164,0.2850126028060913,52.038848876953125,35.820587158203125,51.964111328125
2013-02-11,14.57896900177002,12.86050033569336,19.407989501953125,51.856788635253906,34.147972106933594,22.33669090270996,0.2882383465766907,52.0800666809082,35.48690414428711,51.77059555053711
2013-02-12,14.213533401489258,12.9350004196167,19.365320205688477,52.12498092651367,34.48480987548828,22.352724075317383,0.2863949239253998,52.196834564208984,35.59359359741211,51.876136779785156
2013-02-13,14.186495780944824,13.47350025177002,19.418901443481445,52.028709411621094,34.16200256347656,22.472978591918945,0.2850126028060913,52.595298767089844,35.20686721801758,51.99930953979492
2013-02-14,14.173738479614258,13.461999893188477,19.541933059692383,52.131858825683594,34.540958404541016,22.480993270874023,0.29330727458000183,52.74644470214844,35.48210906982422,51.91132354736328
2013-02-15,13.978410720825195,13.254500389099121,19.667694091796875,52.372535705566406,34.302364349365234,22.456951141357422,0.29330727458000183,52.58155822753906,35.93935012817383,51.8175048828125
2013-02-19,13.973247528076172,13.487500190734863,20.01397132873535,52.92268371582031,34.702369689941406,22.67520523071289,0.2893904447555542,53.158626556396484,35.8529167175293,52.3804817199707
2013-02-20,13.634841918945312,13.320500373840332,19.65703010559082,52.70948791503906,34.112876892089844,22.529701232910156,0.2852430045604706,52.952518463134766,35.354736328125,52.17524719238281
2013-02-21,13.550093650817871,13.29699993133545,19.733177185058594,52.86077880859375,33.86024856567383,22.22251319885254,0.28316929936408997,52.92506408691406,35.81423568725586,51.9523811340332
2013-02-22,13.694384574890137,13.270999908447266,19.836862564086914,52.8538703918457,34.32341766357422,22.440780639648438,0.2884686589241028,52.890689849853516,36.26691436767578,52.31011199951172
2013-02-25,13.451058387756348,12.993499755859375,19.615110397338867,52.38249588012695,33.474281311035156,22.12550926208496,0.2833997905254364,52.1556396484375,35.46165084838867,51.43045425415039
2013-02-26,13.638487815856934,12.968000411987305,19.59922981262207,52.507266998291016,33.40409469604492,22.12550926208496,0.2867611348628998,52.26555252075195,35.90296173095703,51.90547180175781
2013-02-27,13.504828453063965,13.162500381469727,19.83860206604004,52.90236282348633,34.583065032958984,22.48119354248047,0.2920931279659271,52.72582244873047,36.36701583862305,52.50364303588867
2013-02-28,13.408533096313477,13.213500022888184,19.87382698059082,52.75679397583008,34.33042526245117,22.473112106323242,0.29348406195640564,52.33424377441406,36.08721923828125,52.51537322998047
2013-03-01,13.076505661010742,13.286999702453613,19.997602462768555,53.165767669677734,34.32341766357422,22.59437370300293,0.2946430742740631,52.54720687866211,35.95982360839844,52.44498825073242
2013-03-04,12.759979248046875,13.655500411987305,20.37736701965332,53.51235580444336,34.45673751831055,22.756052017211914,0.29348406195640564,52.677738189697266,36.2828369140625,52.163490295410156
2013-03-05,13.096861839294434,13.779500007629395,20.801532745361328,53.83122253417969,34.730430603027344,22.91773223876953,0.29672935605049133,52.93192672729492,36.462547302246094,52.550559997558594
2013-03-06,12.93039321899414,13.689499855041504,20.62244415283203,53.64406967163086,35.109378814697266,22.707548141479492,0.29649749398231506,53.03497314453125,36.637718200683594,52.521240234375
2013-03-07,13.079849243164062,13.694000244140625,20.6527042388916,53.893592834472656,35.53046798706055,22.747962951660156,0.2958022356033325,52.828857421875,36.51259994506836,52.02275085449219
2013-03-08,13.11447811126709,13.709500312805176,20.62591552734375,54.19859313964844,35.22868347167969,22.634794235229492,0.2971929907798767,53.021240234375,36.54899597167969,52.17524719238281
2013-03-11,13.301300048828125,13.562000274658203,20.70777130126953,54.37187957763672,35.425174713134766,22.529701232910156,0.2944112718105316,53.13800811767578,36.66501235961914,52.28666687011719
2013-03-12,13.014538764953613,13.706500053405762,20.5289249420166,54.45506286621094,35.284828186035156,22.56203842163086,0.29533863067626953,53.01436233520508,36.35109329223633,52.28666687011719
2013-03-13,13.012107849121094,13.755000114440918,20.471874237060547,54.448123931884766,35.20061111450195,22.57012367248535,0.29533863067626953,52.76018524169922,36.253273010253906,52.345306396484375
2013-03-14,13.138175964355469,13.286999702453613,20.37835693359375,54.82938003540039,35.79010772705078,22.747962951660156,0.2955703139305115,53.16551971435547,36.54671859741211,52.67958068847656
2013-03-15,13.47718620300293,13.090999603271484,20.19877052307129,54.89174270629883,35.10237503051758,22.667125701904297,0.2930202782154083,52.44416427612305,36.06675720214844,52.40980911254883
2013-03-18,13.843533515930176,12.894499778747559,20.037288665771484,54.62833023071289,34.74445724487305,22.71563148498535,0.2909339666366577,52.32050323486328,35.95756149291992,52.057945251464844
2013-03-19,13.806173324584961,12.820500373840332,20.124855041503906,54.66299057006836,34.52692413330078,22.780298233032227,0.2890793979167938,52.973140716552734,35.48667526245117,51.94652557373047
2013-03-20,13.732962608337402,12.86400032043457,20.208940505981445,55.07195281982422,34.47079086303711,22.893474578857422,0.2925567328929901,53.2960319519043,36.24418258666992,51.97584533691406
2013-03-21,13.752704620361328,12.669500350952148,20.123363494873047,54.76698684692383,33.930423736572266,22.723718643188477,0.2879202663898468,53.04185485839844,35.8961296081543,51.70606231689453
2013-03-22,14.031569480895996,12.887499809265137,20.099802017211914,55.27299880981445,34.232181549072266,22.836889266967773,0.2893112003803253,53.08305740356445,36.41704177856445,52.362884521484375
2013-03-25,14.082297325134277,12.800999641418457,20.083179473876953,55.231407165527344,34.04972457885742,22.76413917541504,0.2876884937286377,52.677738189697266,37.30651092529297,52.20454406738281
2013-03-26,14.0081787109375,13.01550006866455,20.152135848999023,56.04238510131836,34.133934020996094,22.76413917541504,0.2897748649120331,53.17237091064453,38.09358596801758,52.855491638183594
2013-03-27,13.732962608337402,13.265000343322754,19.9100399017334,56.333526611328125,33.523399353027344,22.933895111083984,0.29325202107429504,52.93881607055664,38.366554260253906,53.1193962097168
2013-03-28,13.446807861328125,13.32450008392334,19.699939727783203,56.51376724243164,33.30584716796875,23.127901077270508,0.297424852848053,52.93881607055664,38.63496398925781,52.843772888183594
2013-04-01,13.029121398925781,13.080499649047852,19.873577117919922,56.79104232788086,33.56550598144531,23.127901077270508,0.2876884937286377,53.378475189208984,38.068546295166016,53.230812072753906
2013-04-02,13.055853843688965,13.166000366210938,20.167516708374023,57.31782913208008,33.881309509277344,23.28150177001953,0.2846747934818268,54.24406051635742,38.205039978027344,53.1193962097168
2013-04-03,13.122684478759766,12.951499938964844,19.997848510742188,56.88808059692383,33.083343505859375,23.087486267089844,0.28119751811027527,53.66700744628906,37.477115631103516,52.73822021484375
2013-04-04,12.992971420288086,12.954000473022461,19.721765518188477,57.12373733520508,33.53528594970703,23.119827270507812,0.28397926688194275,53.955528259277344,37.87065505981445,52.644371032714844
2013-04-05,12.855666160583496,12.77400016784668,19.423612594604492,56.867279052734375,33.83186340332031,23.200664520263672,0.28884750604629517,53.742549896240234,37.57038116455078,52.198692321777344
2013-04-08,12.947100639343262,12.947500228881836,19.2202091217041,56.222625732421875,34.30499267578125,23.111736297607422,0.28815215826034546,54.12727355957031,37.827430725097656,51.9582633972168
2013-04-09,12.970494270324707,13.057000160217285,19.289663314819336,56.50682830810547,34.3755989074707,23.936294555664062,0.292788565158844,53.763160705566406,37.477115631103516,52.057945251464844
2013-04-10,13.235075950622559,13.238499641418457,19.60047149658203,56.85340118408203,34.77811050415039,24.477909088134766,0.297424852848053,54.4364128112793,37.98666763305664,52.005165100097656
2013-04-11,13.193768501281738,13.492500305175781,19.605680465698242,57.06135940551758,34.820472717285156,23.394672393798828,0.29603397846221924,54.73181915283203,38.129981994628906,52.321842193603516
2013-04-12,13.056157112121582,13.643500328063965,19.597244262695312,57.35248947143555,34.60862731933594,23.27341651916504,0.3034522831439972,55.013492584228516,37.70459747314453,52.18695831298828
2013-04-15,12.753904342651367,13.38599967956543,19.395828247070312,56.63852310180664,33.84598922729492,23.192581176757812,0.2971929907798767,54.718082427978516,36.690032958984375,50.720848083496094
2013-04-16,12.948014259338379,13.616999626159668,19.679601669311523,57.83771896362305,34.24142837524414,23.418926239013672,0.3004385530948639,55.02720642089844,37.468021392822266,50.79123306274414
2013-04-17,12.235970497131348,13.369999885559082,19.411457061767578,58.15654373168945,33.04096984863281,23.30575180053711,0.29649749398231506,54.312740325927734,36.903865814208984,50.48043441772461
2013-04-18,11.90941333770752,12.970999717712402,18.99845314025879,57.65748596191406,32.935035705566406,23.27341651916504,0.2907020151615143,54.86920928955078,36.71732711791992,50.79711151123047
2013-04-19,11.863239288330078,13.015999794006348,19.84083366394043,58.56551742553711,33.3516845703125,24.065637588500977,0.2913975119590759,55.94089126586914,37.29740524291992,51.28385543823242
2013-04-22,12.110511779785156,13.177499771118164,19.846786499023438,58.80121612548828,33.43640899658203,24.92251968383789,0.2918612062931061,55.92030334472656,37.199588775634766,51.65916442871094
2013-04-23,12.337128639221191,13.444999694824219,20.04001808166504,59.230979919433594,34.01546096801758,24.73659324645996,0.29951122403144836,56.70344161987305,37.684120178222656,52.36875534057617
2013-04-24,12.316773414611816,13.439000129699707,20.177688598632812,58.496185302734375,34.40386199951172,25.674325942993164,0.3097112774848938,53.36924743652344,38.002601623535156,52.44498825073242
2013-04-25,12.405475616455078,13.734999656677246,20.06978416442871,59.071556091308594,34.60157012939453,25.8198299407959,0.3122613728046417,52.995567321777344,38.3892936706543,51.64743423461914
2013-04-26,12.67340087890625,12.740500450134277,19.879283905029297,59.00221633911133,34.516841888427734,25.698570251464844,0.31087037920951843,53.355411529541016,38.041259765625,51.60639190673828
2013-04-29,13.065876960754395,12.487000465393066,20.316843032836914,59.32107162475586,34.54506301879883,26.361448287963867,0.3145796060562134,53.756797790527344,38.19367599487305,51.729549407958984
2013-04-30,13.450453758239746,12.690500259399414,20.453519821166992,59.078460693359375,34.60862731933594,26.757556915283203,0.3192159831523895,53.127037048339844,38.3210563659668,52.18695831298828
2013-05-01,13.344440460205078,12.411499977111816,20.350826263427734,58.38530731201172,33.90247344970703,26.450376510620117,0.3164340555667877,53.27928161621094,37.766014099121094,51.31904983520508
2013-05-02,13.533685684204102,12.6274995803833,20.578535079956055,59.029945373535156,33.951900482177734,26.806066513061523,0.32014328241348267,53.812137603759766,39.89976501464844,51.97584533691406
2013-05-03,13.669170379638672,12.90250015258789,20.978145599365234,59.43889236450195,33.591773986816406,27.072830200195312,0.3215341567993164,54.10973358154297,40.84152603149414,52.790977478027344
2013-05-06,13.995115280151367,12.78600025177002,21.37080955505371,58.69723892211914,34.022518157958984,27.283008575439453,0.32060694694519043,53.80524826049805,40.693660736083984,53.1193962097168
2013-05-07,13.932842254638672,12.886500358581543,21.263652801513672,59.28643035888672,34.7004280090332,26.927324295043945,0.3164340555667877,53.93672561645508,40.89838790893555,53.45365905761719
2013-05-08,14.090200424194336,12.934000015258789,21.670455932617188,59.237911224365234,35.13825225830078,26.668642044067383,0.3222295343875885,54.28273391723633,40.77783203125,53.77619552612305
2013-05-09,13.96727466583252,13.008000373840332,21.617124557495117,59.02302932739258,34.629817962646484,26.401870727539062,0.32246145606040955,54.12358474731445,40.62312316894531,53.752586364746094
2013-05-10,13.851075172424316,13.181500434875488,21.83416748046875,59.44585037231445,34.57332229614258,26.42612075805664,0.33706605434417725,54.504173278808594,40.66181564331055,53.22704315185547
2013-05-13,13.905197143554688,13.225500106811523,21.767200469970703,59.50822830200195,35.0746955871582,26.700979232788086,0.3301115334033966,54.386531829833984,40.702762603759766,53.20339584350586
2013-05-14,13.572508811950684,13.416500091552734,22.004581451416016,60.28457260131836,35.47014236450195,27.29522705078125,0.33497971296310425,54.99552917480469,41.01894760131836,53.7998161315918
2013-05-15,13.113523483276367,13.32800006866455,22.718719482421875,60.74901580810547,36.07742691040039,27.555715560913086,0.3407752811908722,55.832881927490234,41.42232894897461,53.8765754699707
2013-05-16,13.288742065429688,13.206000328063965,22.420562744140625,60.617286682128906,35.992713928222656,27.742965698242188,0.3391525149345398,55.50069808959961,40.97565460205078,53.55772399902344
2013-05-17,13.248383522033691,13.494999885559082,22.552276611328125,61.06090545654297,36.931888580322266,28.386062622070312,0.3447161018848419,55.37614059448242,42.06270217895508,54.18364334106445
2013-05-20,13.544069290161133,13.381500244140625,22.53615379333496,61.00546646118164,36.92482376098633,28.557008743286133,0.34402063488960266,54.73253631591797,41.388153076171875,54.63241195678711
2013-05-21,13.444080352783203,13.442999839782715,22.49745750427246,61.40750503540039,37.4403190612793,28.36978530883789,0.3476322293281555,54.531864166259766,41.37447738647461,54.79773712158203
2013-05-22,13.495757102966309,13.14799976348877,22.06212615966797,61.317378997802734,37.87108612060547,28.174413681030273,0.3355163335800171,54.545711517333984,41.053138732910156,54.43753433227539
2013-05-23,13.519913673400879,13.09000015258789,21.89767074584961,60.90534973144531,37.67333984375,27.799942016601562,0.3408752977848053,54.46266555786133,40.588226318359375,54.201351165771484
2013-05-24,13.611958503723145,13.086999893188477,21.662769317626953,60.63299560546875,37.89226150512695,27.897628784179688,0.33877819776535034,56.66331100463867,41.123779296875,54.04783248901367
2013-05-28,13.498505592346191,13.364500045776367,21.859968185424805,61.18470764160156,38.5560417175293,28.50817108154297,0.33854520320892334,55.95743942260742,41.02806854248047,54.54975128173828
2013-05-29,13.6058349609375,13.27649974822998,21.538490295410156,59.81587600708008,38.60547637939453,28.394201278686523,0.33644840121269226,54.60107421875,40.597354888916016,54.37260055541992
2013-05-30,13.808571815490723,13.341500282287598,21.599266052246094,60.0533447265625,39.276309967041016,28.51630973815918,0.3408752977848053,54.73253631591797,41.25597381591797,54.37849044799805
2013-05-31,13.752004623413086,13.460000038146973,21.610675811767578,58.789276123046875,38.548980712890625,28.410476684570312,0.3371473550796509,53.120121002197266,40.597354888916016,53.42190170288086
2013-06-03,13.782276153564453,13.343999862670898,21.521623611450195,59.159400939941406,38.478363037109375,28.972185134887695,0.33668118715286255,53.74295425415039,41.06453323364258,54.006500244140625
2013-06-04,13.739157676696777,13.28499984741211,21.310035705566406,58.733402252197266,38.16059494018555,28.48375701904297,0.3371473550796509,53.54228210449219,41.06681442260742,53.61085891723633
2013-06-05,13.61072826385498,13.358499526977539,21.324920654296875,58.44007110595703,37.4473762512207,28.312795639038086,0.3299243152141571,53.05093765258789,40.38768768310547,52.93769836425781
2013-06-06,13.407384872436523,13.391500473022461,21.447458267211914,58.98481369018555,37.779273986816406,28.459333419799805,0.3320212960243225,53.1616325378418,40.87309265136719,53.280174255371094
2013-06-07,13.5098237991333,13.843500137329102,21.821767807006836,59.299095153808594,38.32299041748047,29.03730583190918,0.33668118715286255,53.80524826049805,41.00755310058594,54.00057601928711
2013-06-10,13.420534133911133,14.053500175476074,22.081972122192383,59.459720611572266,38.386566162109375,28.874496459960938,0.33644840121269226,54.02670669555664,41.5522346496582,53.805721282958984
2013-06-11,13.381087303161621,13.73900032043457,21.823749542236328,59.14546203613281,37.772216796875,28.361650466918945,0.33015739917755127,54.06129837036133,40.94375991821289,53.415992736816406
2013-06-12,13.215655326843262,13.583499908447266,21.62952995300293,58.48197937011719,37.55329895019531,28.491893768310547,0.32736146450042725,53.7014274597168,40.82750701904297,52.99083709716797
2013-06-13,13.330938339233398,13.78950023651123,21.754053115844727,59.299095153808594,38.25239562988281,28.263954162597656,0.3348173201084137,54.27581024169922,41.53398132324219,53.92972946166992
2013-06-14,13.150218963623047,13.69950008392334,21.70543098449707,59.299095153808594,37.517982482910156,28.003454208374023,0.33435142040252686,53.99901580810547,41.233177185058594,53.48685836791992
2013-06-17,13.209847450256348,13.902999877929688,21.983495712280273,59.801902770996094,38.02642822265625,28.491893768310547,0.33761337399482727,54.64259719848633,41.556800842285156,54.0360107421875
2013-06-18,13.20280933380127,14.088000297546387,22.339946746826172,60.311737060546875,38.21003723144531,28.475608825683594,0.3355163335800171,54.69795608520508,41.93509292602539,54.28401565551758
2013-06-19,12.934643745422363,13.907999992370605,22.3414306640625,59.26420211791992,37.814579010009766,28.15813446044922,0.34576815366744995,53.70835494995117,41.62060546875,53.73487854003906
2013-06-20,12.746281623840332,13.67199993133545,21.9460391998291,57.6998291015625,37.05897521972656,27.262670516967773,0.33644840121269226,52.07515335083008,40.67026138305664,52.58340835571289
2013-06-21,12.644149780273438,13.668000221252441,21.85153579711914,58.104862213134766,36.691795349121094,27.083574295043945,0.3359822928905487,53.58380126953125,40.907283782958984,52.83729934692383
2013-06-24,12.309012413024902,13.530500411987305,21.575204849243164,59.08960723876953,35.95738983154297,27.449907302856445,0.32899245619773865,52.995567321777344,40.62696838378906,52.246829986572266
2013-06-25,12.311765670776367,13.604499816894531,21.486156463623047,59.606380462646484,36.77653503417969,27.409196853637695,0.33132243156433105,53.071685791015625,41.12834167480469,52.61883544921875
2013-06-26,12.17232608795166,13.878499984741211,21.67095375061035,60.7517204284668,37.07310104370117,27.962759017944336,0.32945844531059265,53.56303405761719,41.625152587890625,53.02626419067383
2013-06-27,12.041144371032715,13.8774995803833,21.755786895751953,60.556175231933594,37.53211975097656,28.18255043029785,0.32642942667007446,53.749874114990234,41.992069244384766,53.167991638183594
2013-06-28,12.125235557556152,13.884499549865723,21.83763885498047,59.962581634521484,37.277896881103516,28.117431640625,0.32712841033935547,53.27928161621094,41.647945404052734,53.35103988647461
2013-07-01,12.513272285461426,14.104999542236328,22.02392578125,60.50029754638672,37.0660514831543,27.97088623046875,0.32852643728256226,53.99208068847656,42.210853576660156,53.321529388427734
2013-07-02,12.796731948852539,14.18649959564209,21.885765075683594,60.458377838134766,37.55685806274414,27.62898826599121,0.3282932937145233,54.28273391723633,42.21540832519531,53.522308349609375
2013-07-03,12.8673677444458,14.201499938964844,21.987958908081055,60.605045318603516,37.53550720214844,27.68597412109375,0.3292253315448761,54.3726921081543,42.625614166259766,53.55179977416992
2013-07-05,12.764015197753906,14.293999671936035,22.1630859375,61.36628723144531,38.40330123901367,27.848796844482422,0.3317883014678955,54.21352767944336,43.480224609375,54.07145309448242
2013-07-08,12.691544532775879,14.529500007629395,22.450824737548828,61.86911392211914,38.90834045410156,27.946468353271484,0.33015739917755127,54.504173278808594,42.8671875,54.47298049926758
2013-07-09,12.91477108001709,14.576499938964844,22.454547882080078,62.07164001464844,39.0434684753418,27.962759017944336,0.3317883014678955,55.064735412597656,42.66207504272461,55.11660385131836
2013-07-10,12.86523151397705,14.616499900817871,22.4731502532959,62.32307052612305,39.000797271728516,28.2476806640625,0.3362153470516205,55.22389221191406,42.548133850097656,54.80955123901367
2013-07-11,13.065824508666992,14.982999801635742,22.826623916625977,62.62334060668945,39.22130584716797,29.0535945892334,0.3408752977848053,55.895164489746094,43.291072845458984,55.07528305053711
2013-07-12,13.041975975036621,15.3774995803833,22.895082473754883,62.84682846069336,39.10040283203125,29.03730583190918,0.34110820293426514,56.43497085571289,43.46427917480469,55.15205764770508
2013-07-15,13.07041072845459,15.328499794006348,22.937002182006836,63.133182525634766,39.0434684753418,29.444337844848633,0.34040915966033936,56.407257080078125,43.35715103149414,55.063480377197266
2013-07-16,13.154808044433594,15.343500137329102,22.81099510192871,63.133182525634766,39.12883377075195,29.525737762451172,0.34227320551872253,56.0335807800293,43.158897399902344,55.093021392822266
2013-07-17,13.158170700073242,15.434499740600586,22.784698486328125,62.94460678100586,39.31377410888672,29.094280242919922,0.34040915966033936,55.839725494384766,43.2181510925293,55.1874885559082
2013-07-18,13.20251178741455,15.205499649047852,22.5894832611084,62.97256088256836,40.0962028503418,28.850080490112305,0.3390113413333893,55.98613357543945,43.530364990234375,55.73072814941406
2013-07-19,12.994270324707031,15.261500358581543,22.2402286529541,64.41119384765625,39.94682312011719,25.56130027770996,0.3317883014678955,56.73217010498047,43.281951904296875,56.19721221923828
2013-07-22,13.035856246948242,15.173999786376953,22.58997917175293,64.44612121582031,40.23134994506836,26.057872772216797,0.33155539631843567,56.627601623535156,43.578224182128906,55.9964599609375
2013-07-23,12.812026023864746,15.053000450134277,22.418827056884766,64.54389190673828,40.30958557128906,25.9031982421875,0.33108940720558167,56.43933868408203,42.976593017578125,56.21493148803711
2013-07-24,13.470070838928223,14.946999549865723,22.396501541137695,64.501953125,40.281150817871094,26.017169952392578,0.33108940720558167,55.96523666381836,42.559539794921875,56.09092330932617
2013-07-25,13.408608436584473,15.170000076293945,22.019460678100586,64.64865112304688,40.18867874145508,25.553150177001953,0.3322543799877167,56.0628547668457,44.35078811645508,56.07912826538086
2013-07-26,13.484748840332031,15.600500106811523,21.961172103881836,64.83023071289062,39.868595123291016,25.74039649963379,0.3308563530445099,56.04890060424805,44.029449462890625,55.97283172607422
2013-07-29,13.692682266235352,15.305000305175781,21.88477325439453,65.0956039428711,39.612518310546875,25.675262451171875,0.33015739917755127,55.839725494384766,43.7491340637207,55.524078369140625
2013-07-30,13.861780166625977,15.120499610900879,22.099336624145508,65.06767272949219,39.35645294189453,25.92761993408203,0.3357493281364441,56.083778381347656,43.628360748291016,55.3941535949707
2013-07-31,13.837620735168457,15.060999870300293,22.020700454711914,65.29816436767578,39.64097213745117,25.91948127746582,0.33644840121269226,55.98613357543945,40.33982467651367,55.35873794555664
2013-08-01,13.964526176452637,15.278499603271484,22.429243087768555,65.48668670654297,40.21713638305664,25.781091690063477,0.34110820293426514,56.9204216003418,40.83208465576172,54.75641632080078
2013-08-02,14.14371395111084,15.21049976348877,22.48753547668457,65.91969299316406,40.18156814575195,25.96018409729004,0.3439040780067444,56.676395416259766,41.93281173706055,54.29582214355469
2013-08-05,14.355008125305176,15.049500465393066,22.448591232299805,65.50763702392578,39.9041633605957,25.805513381958008,0.3455353081226349,56.75309753417969,42.055870056152344,54.08324432373047
2013-08-06,14.226577758789062,15.037500381469727,22.23948097229004,65.51464080810547,39.47026062011719,25.707826614379883,0.34040915966033936,56.990135192871094,41.679840087890625,54.01240158081055
2013-08-07,14.218321800231934,14.845499992370605,22.092641830444336,65.4098892211914,39.335113525390625,26.098569869995117,0.34017622470855713,57.143531799316406,41.33800506591797,53.935611724853516
2013-08-08,14.190006256103516,14.786999702453613,22.14249610900879,65.1863784790039,39.000797271728516,26.77423095703125,0.3425062596797943,57.289939880371094,41.19899368286133,54.19544982910156
2013-08-09,13.988086700439453,14.86299991607666,22.08668327331543,64.501953125,38.78030014038086,26.619569778442383,0.33761337399482727,56.9204216003418,40.97793197631836,53.93977737426758
2013-08-12,14.385457992553711,14.834500312805176,21.965139389038086,64.2505874633789,38.47444152832031,26.75795555114746,0.3348173201084137,56.90645980834961,40.96652603149414,53.4463005065918
2013-08-13,15.069090843200684,14.69849967956543,21.859472274780273,64.95592498779297,38.616695404052734,26.421838760375977,0.3359822928905487,56.93437576293945,40.84575271606445,53.154945373535156
2013-08-14,15.343960762023926,14.567000389099121,21.575700759887695,63.342689514160156,38.51710510253906,26.520212173461914,0.35019516944885254,56.64852523803711,40.72018051147461,52.88738250732422
2013-08-15,15.325798034667969,14.32349967956543,21.323932647705078,62.53955078125,37.9054069519043,26.06113052368164,0.3525250554084778,56.1116828918457,39.71101379394531,52.41769027709961
2013-08-16,15.461844444274902,14.241000175476074,21.255714416503906,62.41384506225586,37.9054069519043,26.0693359375,0.35392311215400696,55.70726776123047,39.52837371826172,52.26903533935547
2013-08-19,15.628369331359863,14.278499603271484,21.472511291503906,63.16809844970703,36.86688232421875,25.73321533203125,0.348331093788147,55.49113082885742,39.950748443603516,51.680381774902344
2013-08-20,15.423063278198242,14.354499816894531,21.46681022644043,62.66526794433594,37.07316589355469,25.921775817871094,0.35008740425109863,55.44929885864258,39.548912048339844,51.62689971923828
2013-08-21,15.462764739990234,14.228500366210938,21.56379508972168,62.01578140258789,36.72462844848633,25.91357421875,0.348448246717453,55.344722747802734,40.729305267333984,51.38310623168945
2013-08-22,15.48123836517334,14.486499786376953,21.67243766784668,61.63864517211914,37.137176513671875,26.55301284790039,0.3503216803073883,55.616615295410156,40.8503303527832,51.71607971191406
2013-08-23,15.421525001525879,14.500499725341797,21.585620880126953,62.208587646484375,37.215431213378906,28.487716674804688,0.3503216803073883,55.783966064453125,40.89141845703125,52.03713607788086
2013-08-26,15.48154067993164,14.310500144958496,21.490867614746094,61.58940887451172,36.84555435180664,27.995840072631836,0.3510242998600006,54.759071350097656,39.95532989501953,51.78147506713867
2013-08-27,15.038926124572754,14.046500205993652,21.088031768798828,60.63243865966797,35.99198532104492,27.266231536865234,0.3465748131275177,54.36167907714844,39.765804290771484,51.620941162109375
2013-08-28,15.110028266906738,14.079000473022461,21.0483455657959,60.885738372802734,35.97776412963867,27.069473266601562,0.3465748131275177,53.580753326416016,40.00326156616211,52.821983337402344
2013-08-29,15.13465404510498,14.199000358581543,21.219005584716797,60.913902282714844,36.06312561035156,27.503963470458984,0.3458724021911621,53.901485443115234,40.0398063659668,51.888484954833984
2013-08-30,14.996758460998535,14.048999786376953,21.007415771484375,60.80131530761719,35.94219970703125,27.381004333496094,0.3454039990901947,54.305885314941406,39.822898864746094,51.82312774658203
2013-09-03,15.038619041442871,14.4399995803833,21.34178924560547,60.8083381652832,36.36897277832031,26.134910583496094,0.34563806653022766,54.20827102661133,40.416526794433594,51.81715774536133
2013-09-04,15.349806785583496,14.682000160217285,21.620847702026367,61.146080017089844,36.89535140991211,25.577455520629883,0.348916620016098,54.0269889831543,40.227020263671875,52.17982864379883
2013-09-05,15.244538307189941,14.704999923706055,21.817548751831055,61.24460983276367,37.06605529785156,25.6020565032959,0.3498532474040985,53.78296661376953,40.23158264160156,51.93608856201172
2013-09-06,15.33534049987793,14.793000221252441,21.81804847717285,61.329036712646484,37.386131286621094,25.536468505859375,0.348448246717453,53.78993606567383,40.33660888671875,51.876609802246094
2013-09-09,15.580042839050293,14.98550033569336,22.028146743774414,61.61050796508789,37.59952926635742,25.954557418823242,0.3543025255203247,54.494136810302734,40.765838623046875,52.3463249206543
2013-09-10,15.225146293640137,15.017999649047852,22.04352378845215,62.293052673339844,38.17567825317383,26.55301284790039,0.3617960214614868,54.34769821166992,42.144874572753906,52.215538024902344
2013-09-11,14.396233558654785,14.982000350952148,22.230058670043945,62.785560607910156,37.88405227661133,26.839933395385742,0.36788463592529297,54.5707893371582,42.53757858276367,52.821983337402344
2013-09-12,14.549519538879395,14.942999839782715,22.15241813659668,62.63074493408203,37.15852737426758,26.7989444732666,0.36765041947364807,54.56385040283203,42.25218200683594,52.31064224243164
2013-09-13,14.309739112854004,14.895999908447266,22.05344581604004,62.32118606567383,37.4074821472168,27.077680587768555,0.36999207735061646,55.11465072631836,43.1517448425293,52.56037902832031
2013-09-16,13.854805946350098,14.803000450134277,22.020950317382812,62.64482879638672,37.7986946105957,26.889118194580078,0.37022632360458374,55.8885612487793,43.23851013183594,52.72090148925781
2013-09-17,14.014863967895508,15.208499908447266,21.980024337768555,62.665950775146484,37.76313018798828,26.995697021484375,0.37139710783958435,55.65846252441406,43.74537658691406,52.88143539428711
2013-09-18,14.302968978881836,15.601499557495117,22.40691566467285,63.26405715942383,37.990753173828125,27.31541633605957,0.3746754229068756,55.98613357543945,44.213417053222656,53.261966705322266
2013-09-19,14.53751277923584,15.602999687194824,22.284629821777344,63.37662124633789,37.52128601074219,27.577747344970703,0.37303638458251953,55.86066436767578,44.45542907714844,53.083587646484375
2013-09-20,14.38700008392334,15.817000389099121,22.401708602905273,63.10222244262695,37.55685806274414,26.88092803955078,0.36975792050361633,55.351707458496094,45.39608383178711,52.71495819091797
2013-09-23,15.102022171020508,15.57450008392334,21.98969841003418,62.68705749511719,36.603702545166016,26.839933395385742,0.3662453591823578,55.275001525878906,44.804744720458984,52.17390060424805
2013-09-24,15.05462646484375,15.706500053405762,21.998132705688477,62.07491683959961,35.79283142089844,26.602191925048828,0.36765041947364807,54.81483459472656,44.142642974853516,51.94200897216797
2013-09-25,14.82161808013916,15.632499694824219,21.759754180908203,61.27273178100586,36.774417877197266,26.651378631591797,0.36811864376068115,54.18734359741211,43.73623275756836,51.81118392944336
2013-09-26,14.96597671508789,15.906000137329102,21.783069610595703,61.26570510864258,36.90956115722656,26.86452865600586,0.3669479191303253,54.417423248291016,44.192874908447266,51.76958084106445
2013-09-27,14.859169960021973,15.80049991607666,21.73891830444336,61.0265007019043,37.15852737426758,27.27442169189453,0.36484044790267944,53.83176040649414,44.07643508911133,51.66851806640625
2013-09-30,14.674492835998535,15.631999969482422,21.727012634277344,60.99833297729492,36.76730728149414,27.282623291015625,0.36437204480171204,52.70228958129883,43.631221771240234,51.15717315673828
2013-10-01,15.019536018371582,16.047500610351562,22.002098083496094,61.547157287597656,36.95936584472656,27.528564453125,0.3641378879547119,53.09969711303711,44.115238189697266,51.13338851928711
2013-10-02,15.068777084350586,16.02549934387207,22.026657104492188,61.42052459716797,37.32479476928711,27.80728530883789,0.36390358209609985,52.93934631347656,43.79558563232422,51.18096160888672
2013-10-03,14.879483222961426,15.73799991607666,21.731475830078125,60.92093276977539,37.21731185913086,27.75809669494629,0.36015671491622925,52.8765983581543,43.07182312011719,50.836090087890625
2013-10-04,14.86778450012207,15.95199966430664,21.638704299926758,61.43456268310547,37.740386962890625,27.774486541748047,0.3650745153427124,53.00208282470703,43.48964309692383,51.32364273071289
2013-10-07,15.01306438446045,15.501500129699707,21.47474479675293,60.92794418334961,37.13850021362305,27.299015045166016,0.3650745153427124,52.74410629272461,42.542137145996094,51.07393264770508
2013-10-08,14.80345630645752,15.161499977111816,21.17534637451172,60.238407135009766,36.45060348510742,27.06126594543457,0.3620302677154541,53.21822738647461,41.6745491027832,50.84206008911133
2013-10-09,14.977363586425781,14.911499977111816,21.22966766357422,60.48468780517578,36.364627838134766,27.110469818115234,0.35641026496887207,53.650489807128906,41.975921630859375,50.63396453857422
2013-10-10,15.071243286132812,15.258500099182129,21.536760330200195,61.76530456542969,37.63291549682617,27.67611312866211,0.3603910207748413,54.305885314941406,43.15857696533203,51.15717315673828
2013-10-11,15.168816566467285,15.544500350952148,21.629776000976562,62.940364837646484,37.62574768066406,27.979450225830078,0.357346773147583,54.71723937988281,43.88234329223633,51.6982421875
2013-10-14,15.268235206604004,15.53499984741211,21.73197364807129,63.18667221069336,37.76905059814453,28.241775512695312,0.3627327084541321,54.89850997924805,44.16546630859375,52.0847053527832
2013-10-15,15.34950065612793,15.319999694824219,21.87832260131836,63.27810287475586,37.48244094848633,28.274572372436523,0.36085936427116394,54.103694915771484,43.69283676147461,51.60310745239258
2013-10-16,15.424291610717773,15.524499893188477,22.275699615478516,64.1083984375,38.693382263183594,28.397546768188477,0.36530858278274536,55.04664993286133,44.66547775268555,51.912296295166016
2013-10-17,15.528636932373047,15.53849983215332,22.0465030670166,64.71354675292969,38.84386444091797,28.6270694732666,0.3660111427307129,55.805545806884766,45.270511627197266,52.013362884521484
2013-10-18,15.663766860961914,16.446500778198242,25.088098526000977,64.47428894042969,38.90836715698242,28.659875869750977,0.37022632360458374,55.79849624633789,45.76596450805664,52.05497741699219
2013-10-21,16.047592163085938,16.32200050354004,24.886932373046875,64.1717300415039,38.88686752319336,28.68446922302246,0.37116295099258423,55.48934555053711,45.67235565185547,51.864723205566406
2013-10-22,16.001731872558594,16.62700080871582,24.97870445251465,64.98796081542969,38.42109298706055,28.34834098815918,0.36928948760032654,56.4801139831543,45.65865707397461,52.31064224243164
2013-10-23,16.15840721130371,16.33799934387207,25.584203720092773,64.80502319335938,37.79771041870117,27.67611312866211,0.3629668056964874,56.8525276184082,45.40979766845703,52.090641021728516
2013-10-24,16.372331619262695,16.61050033569336,25.4388427734375,64.98089599609375,37.604244232177734,27.643335342407227,0.3603910207748413,56.641719818115234,46.3276252746582,52.57225036621094
2013-10-25,16.189184188842773,18.16950035095215,25.182109832763672,64.7979965209961,37.812049865722656,29.291109085083008,0.3568784296512604,56.21306228637695,46.36186218261719,52.3046875
2013-10-28,16.309839248657227,17.908000946044922,25.17715072631836,65.0090560913086,37.74755859375,29.159948348999023,0.3561759293079376,57.12654495239258,46.366432189941406,52.45930099487305
2013-10-29,15.903536796569824,18.135000228881836,25.704010009765625,65.53678894042969,37.78337478637695,29.11894989013672,0.35664424300193787,57.941619873046875,46.631290435791016,52.875518798828125
2013-10-30,16.15655517578125,18.054000854492188,25.559642791748047,65.29053497314453,37.69023513793945,29.135345458984375,0.35641026496887207,57.2811279296875,46.53538513183594,52.80415344238281
2013-10-31,16.088838577270508,18.201499938964844,25.56361198425293,65.16387176513672,36.930686950683594,29.02876853942871,0.3557076156139374,56.740055084228516,44.90293502807617,53.285743713378906
2013-11-01,16.00665283203125,17.950000762939453,25.475801467895508,65.69863891601562,37.62574768066406,29.12714958190918,0.357346773147583,57.02115249633789,45.471431732177734,53.4046630859375
2013-11-04,16.2135009765625,17.937000274658203,25.45273208618164,65.45939636230469,37.28897476196289,29.463260650634766,0.3470432460308075,57.147621154785156,44.84585189819336,54.76028060913086
2013-11-05,16.173480987548828,17.944499969482422,25.338878631591797,65.3045883178711,37.22447967529297,30.037124633789062,0.3465748131275177,57.21788787841797,45.06275177001953,54.69489669799805
2013-11-06,16.12766456604004,17.80900001525879,25.369386672973633,65.4664306640625,37.33195877075195,31.29959487915039,0.348916620016098,58.18756103515625,45.43947219848633,55.42621612548828
2013-11-07,15.866668701171875,17.17799949645996,25.002273559570312,65.22015380859375,37.009517669677734,30.742145538330078,0.34072065353393555,57.843257904052734,44.77279281616211,55.049076080322266
2013-11-08,16.116519927978516,17.515499114990234,25.202701568603516,66.17711639404297,38.66474151611328,30.971681594848633,0.36437204480171204,57.97675323486328,45.27280044555664,55.51001739501953
2013-11-11,16.06976890563965,17.7189998626709,25.0677547454834,66.34600830078125,38.76506423950195,30.8159122467041,0.3674161434173584,57.80110168457031,45.49654769897461,55.6477165222168
2013-11-12,16.099496841430664,17.476499557495117,25.097278594970703,65.8322982788086,38.67189025878906,30.627368927001953,0.36811864376068115,58.1805305480957,45.26823806762695,55.47411346435547
2013-11-13,16.118696212768555,17.81100082397461,25.61049461364746,65.67752075195312,38.7937126159668,31.283205032348633,0.37818822264671326,58.67240524291992,45.70520782470703,55.426212310791016
2013-11-14,16.3518123626709,18.3700008392334,25.678955078125,66.08561706542969,38.980010986328125,31.168418884277344,0.3798273503780365,59.24858093261719,45.78984451293945,55.80333709716797
2013-11-15,16.253673553466797,18.458499908447266,25.637531280517578,66.41633605957031,39.31678009033203,31.0208683013916,0.3786565959453583,59.61396408081055,46.213096618652344,57.03052520751953
2013-11-18,16.0567684173584,18.30900001525879,25.587675094604492,66.35302734375,39.9401741027832,30.496196746826172,0.369523823261261,59.424251556396484,45.7326545715332,57.13827133178711
2013-11-19,16.085247039794922,18.246999740600586,25.430160522460938,66.74702453613281,40.23397445678711,30.34751319885254,0.3635201156139374,59.26264190673828,45.15843200683594,57.120330810546875
2013-11-20,15.944384574890137,18.12849998474121,25.35847282409668,66.95110321044922,40.19813919067383,30.628355026245117,0.3581048846244812,59.50857925415039,45.325435638427734,56.67732620239258
2013-11-21,16.134471893310547,18.445999145507812,25.65018081665039,66.98628997802734,41.000667572021484,30.892681121826172,0.36093029379844666,59.49452209472656,46.123863220214844,56.683311462402344
2013-11-22,16.092987060546875,18.61549949645996,25.596107482910156,67.48934173583984,41.17263412475586,31.033113479614258,0.35739853978157043,59.69126510620117,46.240535736083984,56.87489318847656
2013-11-25,16.214962005615234,18.832000732421875,25.944368362426758,67.75861358642578,41.308780670166016,31.09092903137207,0.36516812443733215,60.01448059082031,46.19707107543945,56.922767639160156
2013-11-26,16.514041900634766,19.068500518798828,26.253936767578125,67.35472106933594,40.96485137939453,30.85138702392578,0.36822885274887085,59.47342300415039,46.56081771850586,56.43189239501953
2013-11-27,16.90289878845215,19.335500717163086,26.370521545410156,67.29803466796875,41.18698501586914,31.05788803100586,0.36964157223701477,59.220489501953125,46.668357849121094,56.150550842285156
2013-11-29,17.215900421142578,19.680999755859375,26.283206939697266,67.07132720947266,41.000667572021484,31.49566078186035,0.3672870695590973,59.178321838378906,46.547119140625,55.958980560302734
2013-12-02,17.06606101989746,19.614999771118164,26.156450271606445,66.80207061767578,40.82868957519531,31.759981155395508,0.37081870436668396,58.55999755859375,46.92915344238281,55.982933044433594
2013-12-03,17.533246994018555,19.232999801635742,26.126192092895508,66.58241271972656,40.742706298828125,31.644350051879883,0.37058329582214355,58.90428161621094,46.15589904785156,56.503746032714844
2013-12-04,17.49237823486328,19.29800033569336,26.24823570251465,66.34152221679688,40.97916793823242,32.16474533081055,0.3757629692554474,58.56699752807617,46.382389068603516,56.67133712768555
2013-12-05,17.582170486450195,19.22450065612793,26.22739601135254,65.87386322021484,39.99750900268555,31.388288497924805,0.36964157223701477,58.103240966796875,46.146732330322266,56.34807205200195
2013-12-06,17.33819580078125,19.34749984741211,26.53820037841797,66.91546630859375,40.16947937011719,31.68565559387207,0.36422640085220337,59.38909912109375,46.183345794677734,57.25798416137695
2013-12-09,17.53664207458496,19.24449920654297,26.743343353271484,66.91546630859375,40.491920471191406,31.974750518798828,0.3581048846244812,59.57181930541992,46.119285583496094,57.37174606323242
2013-12-10,17.509408950805664,19.388999938964844,26.905071258544922,66.70286560058594,40.62805938720703,31.479162216186523,0.3663453459739685,58.7778205871582,45.6251220703125,57.293922424316406
2013-12-11,17.379688262939453,19.109500885009766,26.722257614135742,65.97308349609375,40.1766357421875,31.066146850585938,0.362813800573349,59.037784576416016,47.050418853759766,56.42591094970703
2013-12-12,17.354299545288086,19.0625,26.54043960571289,64.59140014648438,40.348609924316406,30.7440128326416,0.35575053095817566,57.8292121887207,46.542518615722656,57.084407806396484
2013-12-13,17.165128707885742,19.211999893188477,26.312973022460938,64.72601318359375,40.248291015625,30.306209564208984,0.35363152623176575,57.878379821777344,47.43933868408203,57.05445861816406
2013-12-16,17.26018524169922,19.44849967956543,26.615346908569336,64.74018096923828,40.427433013916016,30.47142219543457,0.35410240292549133,57.40058898925781,47.5285530090332,58.19783401489258
2013-12-17,17.182466506958008,19.38249969482422,26.53795051574707,64.23712921142578,39.92585754394531,30.165796279907227,0.35575053095817566,56.8525276184082,48.78683090209961,57.91648483276367
2013-12-18,17.051822662353516,19.79800033569336,26.907302856445312,65.64006042480469,41.01499938964844,30.215347290039062,0.3606947958469391,57.885414123535156,49.26726531982422,59.586647033691406
2013-12-19,16.856456756591797,19.75950050354004,26.943769454956055,65.17240142822266,41.007843017578125,29.942771911621094,0.3621073365211487,57.548152923583984,49.43427658081055,59.520774841308594
2013-12-20,16.997634887695312,20.110000610351562,27.300960540771484,65.25035858154297,41.3446159362793,30.39707374572754,0.3694061040878296,57.5059928894043,49.409122467041016,59.07182693481445
2013-12-23,17.649967193603516,20.145999908447266,27.66013526916504,65.20783996582031,41.73154830932617,30.248397827148438,0.3715250492095947,57.13357925415039,49.88039016723633,58.97004699707031
2013-12-24,17.57504653930664,19.959999084472656,27.579273223876953,65.22909545898438,41.73870849609375,30.628355026245117,0.3724667727947235,57.13357925415039,50.0405387878418,59.39508056640625
2013-12-26,17.45832061767578,20.219499588012695,27.718677520751953,65.56916809082031,41.70287322998047,30.925724029541016,0.36893516778945923,57.44977569580078,50.37684631347656,60.4007568359375
2013-12-27,17.340364456176758,19.90399932861328,27.741994857788086,65.4345474243164,41.65987014770508,30.80181884765625,0.37105411291122437,57.625431060791016,50.25557327270508,60.76589584350586
2013-12-30,17.16792106628418,19.668500900268555,27.52023696899414,65.3991470336914,41.52374267578125,30.80181884765625,0.3759984076023102,57.618385314941406,50.53927230834961,60.04758071899414
2013-12-31,17.369163513183594,19.93950080871582,27.799297332763672,64.89605712890625,41.903499603271484,30.900938034057617,0.37717559933662415,57.203857421875,50.94419479370117,60.58032989501953
2014-01-02,17.124879837036133,19.898500442504883,27.611024856567383,64.49929809570312,41.982852935791016,30.694438934326172,0.3734084367752075,56.592498779296875,50.56214141845703,59.71235275268555
2014-01-03,16.74872589111328,19.82200050354004,27.409605026245117,65.08027648925781,42.30740737915039,30.487932205200195,0.36893516778945923,56.52926254272461,50.596466064453125,59.56867980957031
2014-01-06,16.84005355834961,19.681499481201172,27.7152042388916,65.4203872680664,42.5526237487793,29.843658447265625,0.37387946248054504,56.66279983520508,50.29219436645508,59.658470153808594
2014-01-07,16.719619750976562,19.901500701904297,28.24950408935547,66.80917358398438,42.062191009521484,30.074939727783203,0.3800008296966553,57.21086502075195,50.676536560058594,60.50251770019531
2014-01-08,16.82550811767578,20.09600067138672,28.30829429626465,66.717041015625,42.45884323120117,29.538034439086914,0.38518044352531433,56.38173294067383,50.83898162841797,60.30497360229492
2014-01-09,16.610639572143555,20.050500869750977,28.035686492919922,67.12091827392578,42.3795166015625,29.348045349121094,0.37081870436668396,56.5081901550293,50.7680549621582,59.71834182739258
2014-01-10,16.49980354309082,19.882999420166016,28.03420066833496,67.12801361083984,42.18478775024414,29.76931381225586,0.370347797870636,56.42385482788086,50.58960723876953,60.173282623291016
2014-01-13,16.586181640625,19.548999786376953,27.855602264404297,66.95796203613281,41.615028381347656,28.893739700317383,0.3616364896297455,56.220115661621094,50.079429626464844,58.994014739990234
2014-01-14,16.916221618652344,19.87700080871582,28.510950088500977,67.11383056640625,41.64387512207031,29.554550170898438,0.37293773889541626,56.82439041137695,50.93734359741211,59.335205078125
2014-01-15,17.25585174560547,19.793500900268555,28.491601943969727,67.17052459716797,42.90603256225586,30.364036560058594,0.37694016098976135,56.7681999206543,51.191287994384766,59.13166046142578
2014-01-16,17.159561157226562,19.790000915527344,28.680118560791016,67.05715942382812,42.54541015625,30.47142219543457,0.3781173527240753,56.60657501220703,50.736019134521484,59.22745895385742
2014-01-17,16.73912239074707,19.980499267578125,28.53898048400879,67.35472106933594,41.91072463989258,30.050159454345703,0.37646928429603577,56.12876892089844,53.11758804321289,59.35914611816406
2014-01-21,16.999195098876953,20.352500915527344,28.865663528442383,66.62492370605469,41.95399856567383,29.876697540283203,0.37788185477256775,56.339561462402344,53.06040954589844,58.96405029296875
2014-01-22,17.074731826782227,20.226999282836914,28.898406982421875,66.83042907714844,41.53569412231445,29.678449630737305,0.37741103768348694,56.093204498291016,53.30290985107422,58.5929069519043
2014-01-23,17.219316482543945,19.993499755859375,28.776365280151367,65.71089935302734,40.7279052734375,29.78583335876465,0.3759984076023102,55.39227294921875,52.2184944152832,58.04818344116211
2014-01-24,16.906309127807617,19.3799991607666,27.87668800354004,64.20169067382812,39.73261260986328,30.40534210205078,0.3663453459739685,56.05778884887695,50.617061614990234,56.77910232543945
2014-01-27,17.043466567993164,19.31399917602539,27.316091537475586,63.7269401550293,39.73261260986328,29.761056900024414,0.3639909625053406,55.55511474609375,49.4662971496582,56.821014404296875
2014-01-28,15.681220054626465,19.721500396728516,27.85634422302246,63.8403434753418,40.20140075683594,29.959300994873047,0.36752256751060486,56.00822067260742,50.55070495605469,57.25798416137695
2014-01-29,15.50320053100586,19.209999084472656,27.457233428955078,62.990074157714844,40.04994583129883,30.28144073486328,0.3639909625053406,54.96748733520508,49.67219924926758,56.93475341796875
2014-01-30,15.473172187805176,20.15049934387207,28.163429260253906,63.41520690917969,40.388916015625,30.446645736694336,0.37011227011680603,54.42236328125,50.532413482666016,56.2642822265625
2014-01-31,15.498554229736328,17.934499740600586,29.29404640197754,62.6854133605957,39.927345275878906,31.256126403808594,0.36964157223701477,54.245361328125,49.28557205200195,55.16881561279297
2014-02-03,15.527355194091797,17.3075008392334,28.11481475830078,61.48795700073242,39.1700439453125,30.132761001586914,0.36469724774360657,53.594024658203125,48.83718490600586,53.90571594238281
2014-02-04,15.752118110656738,17.397499084472656,28.232141494750977,61.374568939208984,39.63163757324219,30.02538299560547,0.3668162226676941,53.8701286315918,49.08195877075195,53.887752532958984
2014-02-05,15.869767189025879,17.322500228881836,28.357162475585938,61.842227935791016,39.819156646728516,29.58759307861328,0.3635201156139374,54.125,49.32674789428711,53.624359130859375
2014-02-06,15.962273597717285,17.72949981689453,28.772890090942383,62.88380432128906,40.735107421875,29.884958267211914,0.36822885274887085,54.44358444213867,50.1046028137207,54.13679885864258
2014-02-07,16.185579299926758,18.054000854492188,29.206483840942383,63.797813415527344,40.836090087890625,30.19884490966797,0.3736439645290375,54.733848571777344,50.73830795288086,54.60703659057617
2014-02-10,16.475543975830078,18.043500900268555,29.094614028930664,64.52762603759766,40.92263412475586,30.39707374572754,0.37482118606567383,55.243621826171875,50.45691680908203,53.9680061340332
2014-02-11,16.692630767822266,18.089500427246094,29.522499084472656,65.87386322021484,41.42029571533203,30.702695846557617,0.3825906813144684,55.81707000732422,50.8641471862793,54.7637825012207
2014-02-12,16.691383361816406,17.462499618530273,29.435932159423828,65.48416137695312,41.485191345214844,30.950515747070312,0.3962462842464447,54.861305236816406,51.37752914428711,54.90846252441406
2014-02-13,16.9564266204834,17.860000610351562,29.763608932495117,65.58335876464844,41.853023529052734,31.066146850585938,0.40872451663017273,55.080814361572266,51.35001754760742,55.11948013305664
2014-02-14,16.942724227905273,17.86750030517578,29.835538864135742,65.7250747680664,41.93958282470703,31.074399948120117,0.42167386412620544,56.21355438232422,51.79693603515625,56.73511505126953
2014-02-18,17.005016326904297,17.6825008392334,30.035964965820312,65.30701446533203,42.18478775024414,31.140979766845703,0.4214384853839874,55.2011604309082,51.8106803894043,56.71100997924805
2014-02-19,16.73653793334961,17.368999481201172,29.824129104614258,64.93153381347656,41.29767608642578,31.215890884399414,0.42708897590637207,55.32147979736328,51.31106948852539,56.6386833190918
2014-02-20,16.542816162109375,17.489999771118164,29.868038177490234,65.45584106445312,41.528472900390625,31.415597915649414,0.44215720891952515,55.16573715209961,51.21480178833008,57.494754791259766
2014-02-21,16.35906410217285,17.33799934387207,29.860095977783203,65.31306457519531,41.55010986328125,31.607027053833008,0.43886104226112366,55.2011604309082,51.1918830871582,57.28974533081055
2014-02-24,16.430692672729492,17.589000701904297,30.076396942138672,65.02050018310547,41.853023529052734,31.365671157836914,0.4452178478240967,55.123260498046875,51.840484619140625,58.1397819519043
2014-02-25,16.25970458984375,17.916000366210938,30.262187957763672,65.02050018310547,41.131797790527344,31.240840911865234,0.4432075619697571,55.307342529296875,52.05132293701172,58.06142044067383
2014-02-26,16.11301612854004,17.989999771118164,30.266407012939453,65.02050018310547,40.92985534667969,31.182605743408203,0.4424981474876404,55.123260498046875,51.822147369384766,57.74795150756836
2014-02-27,16.434429168701172,18.006500244140625,30.24259376525879,65.19891357421875,40.886566162109375,31.50714683532715,0.437531441450119,55.35689163208008,51.861106872558594,57.77808380126953
2014-02-28,16.38990020751953,18.104999542236328,30.154285430908203,65.74126434326172,40.9803466796875,31.881635665893555,0.43469342589378357,55.689659118652344,51.78319549560547,58.03730392456055
2014-03-03,16.43723487854004,17.98900032043457,29.832813262939453,65.34163665771484,40.54039001464844,31.44057846069336,0.432564914226532,54.854225158691406,50.7518196105957,57.57310104370117
2014-03-04,16.545623779296875,18.19499969482422,30.13593101501465,66.61190795898438,41.29767608642578,31.96484375,0.4370584785938263,55.54095458984375,51.682342529296875,58.188018798828125
2014-03-05,16.580503463745117,18.618499755859375,30.21902847290039,66.0766830444336,41.946807861328125,31.715198516845703,0.44084256887435913,55.09491729736328,51.065826416015625,56.5482292175293
2014-03-06,16.530363082885742,18.607999801635742,30.25251579284668,66.29080200195312,42.480506896972656,31.748472213745117,0.43469342589378357,55.26484298706055,51.30648422241211,56.52411651611328
2014-03-07,16.520706176757812,18.60300064086914,30.13295555114746,66.59764099121094,42.84111404418945,31.540437698364258,0.4342203736305237,55.491390228271484,51.69609832763672,57.26564407348633
2014-03-10,16.535655975341797,18.526500701904297,30.053081512451172,66.69044494628906,42.696861267089844,31.473861694335938,0.42783474922180176,55.59760284423828,51.682342529296875,57.57310104370117
2014-03-11,16.696678161621094,18.44099998474121,29.765836715698242,66.71897888183594,41.96842575073242,31.64029884338379,0.43209198117256165,55.89494323730469,52.06737518310547,56.674835205078125
2014-03-12,16.712875366210938,18.531999588012695,29.947162628173828,66.79749298095703,41.7736930847168,31.848363876342773,0.4332743287086487,56.100250244140625,51.819862365722656,56.795387268066406
2014-03-13,16.527240753173828,18.57550048828125,29.494720458984375,66.36929321289062,41.41307830810547,31.532127380371094,0.4195571839809418,56.06485366821289,50.60056686401367,56.4517822265625
2014-03-14,16.341623306274414,18.687000274658203,29.091388702392578,66.23369598388672,40.96589279174805,31.37400245666504,0.42144936323165894,55.91617202758789,50.598270416259766,56.349308013916016
2014-03-17,16.405471801757812,18.75200080871582,29.57012939453125,67.0329818725586,41.528472900390625,31.665258407592773,0.42144936323165894,56.525047302246094,51.288143157958984,56.86173629760742
2014-03-18,16.55060386657715,18.938499450683594,30.045392990112305,67.04011535644531,41.874664306640625,32.913578033447266,0.4313824474811554,56.47547149658203,51.890899658203125,57.096839904785156
2014-03-19,16.546247482299805,18.661500930786133,29.74748420715332,66.79032897949219,42.047767639160156,32.68054962158203,0.4389505386352539,55.77460479736328,51.297298431396484,56.50603485107422
2014-03-20,16.466510772705078,18.44849967956543,29.695640563964844,67.16858673095703,43.35318374633789,33.56269073486328,0.43918704986572266,55.448917388916016,50.83893966674805,57.01848602294922
2014-03-21,16.596393585205078,18.0310001373291,29.345394134521484,68.46031188964844,43.39646911621094,33.42121887207031,0.4384775161743164,55.13742446899414,51.19416046142578,56.855712890625
2014-03-24,16.793224334716797,17.592500686645508,28.7225399017334,67.9393081665039,44.04556655883789,33.70416259765625,0.43634897470474243,56.142730712890625,50.59367752075195,57.05463790893555
2014-03-25,16.973873138427734,17.73550033569336,28.742136001586914,69.49508666992188,43.94459915161133,33.57101821899414,0.43634897470474243,56.50381088256836,50.055076599121094,57.21742248535156
2014-03-26,16.81160545349121,17.170499801635742,28.078596115112305,69.25958251953125,43.20172882080078,33.113304138183594,0.4264158606529236,56.28432083129883,49.431705474853516,57.09081268310547
2014-03-27,16.739341735839844,16.923500061035156,27.63979721069336,69.4237060546875,43.21615219116211,32.75544738769531,0.4207398593425751,56.390506744384766,49.45232391357422,58.01919174194336
2014-03-28,16.720653533935547,16.914499282836914,27.785400390625,69.53789520263672,43.302696228027344,33.537723541259766,0.4233413338661194,56.468414306640625,48.608909606933594,58.8994026184082
2014-03-31,16.7169189453125,16.818500518798828,27.64550018310547,70.10169982910156,43.78592300415039,34.11194610595703,0.42357781529426575,57.063114166259766,49.47294616699219,58.887351989746094
2014-04-01,16.869842529296875,17.149499893188477,28.151029586791992,69.89468383789062,43.757076263427734,34.469783782958984,0.44107916951179504,56.8790283203125,49.20708465576172,58.917484283447266
2014-04-02,16.89788055419922,17.097999572753906,28.156240463256836,70.10169982910156,43.89496994018555,34.41152572631836,0.43824106454849243,56.730350494384766,49.19792556762695,59.05009841918945
2014-04-03,16.780765533447266,16.680999755859375,28.323848724365234,70.12310791015625,44.025604248046875,34.128597259521484,0.44297105073928833,56.70912551879883,49.27814483642578,59.03805160522461
2014-04-04,16.56368637084961,16.149999618530273,27.022884368896484,70.23727416992188,43.4087028503418,33.17988204956055,0.42925387620925903,56.47547149658203,47.60276412963867,58.69441223144531
2014-04-07,16.30362892150879,15.887999534606934,26.793912887573242,69.85903930664062,42.82081985473633,33.12162399291992,0.43067288398742676,56.98524475097656,46.61954116821289,58.344757080078125
2014-04-08,16.302690505981445,16.353500366210938,27.6304931640625,69.9803695678711,42.71196365356445,33.13827133178711,0.44604575634002686,57.59409713745117,46.43158721923828,58.74867630004883
2014-04-09,16.5169620513916,16.590499877929688,28.102806091308594,70.61552429199219,43.01679229736328,33.67920684814453,0.44557255506515503,57.69321060180664,47.56608963012695,58.67633056640625
2014-04-10,16.303932189941406,15.855500221252441,27.094247817993164,68.89562225341797,41.65958786010742,32.75544738769531,0.43469342589378357,57.41000747680664,46.193241119384766,58.344757080078125
2014-04-11,16.183406829833984,15.58650016784668,26.651674270629883,69.13109588623047,40.13545608520508,32.63062286376953,0.428544282913208,57.17639923095703,45.06562042236328,58.30857467651367
2014-04-14,16.247875213623047,15.795499801635742,27.02040672302246,69.32379913330078,39.88867950439453,32.605655670166016,0.4332743287086487,57.21178436279297,46.069480895996094,58.99583053588867
2014-04-15,16.132007598876953,15.803999900817871,27.193864822387695,70.79389953613281,39.77256774902344,33.080020904541016,0.43634897470474243,57.23303985595703,46.766212463378906,59.49020767211914
2014-04-16,16.164714813232422,16.18400001525879,27.947187423706055,70.47278594970703,40.10641098022461,33.62092971801758,0.4372950494289398,57.806522369384766,47.98322677612305,60.249786376953125
2014-04-17,16.349409103393555,16.245500564575195,26.928224563598633,70.62263488769531,40.0773811340332,33.29638671875,0.4389505386352539,57.88438034057617,47.66005325317383,60.5391731262207
2014-04-21,16.543445587158203,16.543500900268555,26.731464385986328,71.36483001708984,39.939483642578125,33.238128662109375,0.4424981474876404,57.74278259277344,47.93049621582031,60.846656799316406
2014-04-22,16.5599422454834,16.465999603271484,27.035274505615234,71.49331665039062,40.50559616088867,33.279747009277344,0.4462820589542389,57.5233039855957,48.12303161621094,60.50904083251953
2014-04-23,16.343490600585938,16.229000091552734,26.6392822265625,71.52185821533203,40.679786682128906,33.03008270263672,0.4514852464199066,57.34772491455078,47.85946273803711,60.587406158447266
2014-04-24,17.683364868164062,16.857500076293945,26.487131118774414,71.33627319335938,40.78138732910156,33.171546936035156,0.4555058479309082,57.91152572631836,47.99237823486328,60.292015075683594
2014-04-25,17.813234329223633,15.191499710083008,25.925113677978516,71.21495056152344,40.42576217651367,33.213165283203125,0.44297105073928833,58.09707260131836,45.5927619934082,60.53314971923828
2014-04-28,18.503103256225586,14.829000473022461,25.919170379638672,72.32111358642578,40.27336120605469,34.0120735168457,0.44107916951179504,59.18891143798828,46.163455963134766,60.991329193115234
2014-04-29,18.448286056518555,15.019000053405762,26.580801010131836,72.09989929199219,40.7160758972168,33.712486267089844,0.44202500581741333,58.83212661743164,46.44992446899414,61.16010665893555
2014-04-30,18.378524780273438,15.206500053405762,26.508939743041992,72.28544616699219,40.62896728515625,33.62092971801758,0.43682196736335754,58.91059875488281,46.43618392944336,61.73887252807617
2014-05-01,18.42181968688965,15.394499778747559,26.689836502075195,71.7430648803711,40.440284729003906,33.288055419921875,0.43918704986572266,58.760746002197266,47.233768463134766,61.1359977722168
2014-05-02,18.456079483032227,15.400500297546387,26.45888328552246,70.87242126464844,40.33868408203125,33.03008270263672,0.4358759820461273,58.46102523803711,46.851016998291016,61.49769973754883
2014-05-05,18.717063903808594,15.5024995803833,26.531240463256836,71.36483001708984,39.35161590576172,32.81370544433594,0.44060608744621277,58.304039001464844,47.47211456298828,62.04030990600586
2014-05-06,18.51306915283203,14.869000434875488,25.898847579956055,71.0151596069336,38.71292495727539,32.50579833984375,0.43161892890930176,57.89725112915039,47.066444396972656,61.89561462402344
2014-05-07,18.448286056518555,14.635499954223633,25.672359466552734,72.01425170898438,39.22822952270508,32.80537414550781,0.43209198117256165,58.58235168457031,47.831947326660156,62.16086196899414
2014-05-08,18.415403366088867,14.416000366210938,25.7799015045166,71.7216567993164,39.45322036743164,32.98846435546875,0.437531441450119,58.632286071777344,48.3361701965332,61.68461608886719
2014-05-09,18.33867073059082,14.612000465393066,26.099567413330078,72.01425170898438,39.1992073059082,32.905242919921875,0.4268888533115387,58.79643630981445,48.315555572509766,61.878822326660156
2014-05-12,18.56698226928711,15.142999649047852,26.684879302978516,71.73593139648438,39.663692474365234,33.263084411621094,0.439423531293869,58.32542419433594,48.51952362060547,62.04877471923828
2014-05-13,18.596120834350586,15.232000350952148,26.83901023864746,72.0927505493164,39.641929626464844,33.874874114990234,0.432328462600708,58.23980712890625,48.60202407836914,62.127685546875
2014-05-14,18.59955596923828,14.880999565124512,26.485647201538086,71.9856948852539,39.45322036743164,33.72404098510742,0.42807140946388245,57.92578887939453,48.18870544433594,62.0852165222168
2014-05-15,18.441396713256836,14.759499549865723,26.22347068786621,71.85723114013672,38.83631134033203,33.18766403198242,0.42570623755455017,57.469078063964844,47.63531494140625,61.168701171875
2014-05-16,18.713563919067383,14.885000228881836,26.182832717895508,71.77874755859375,38.691158294677734,33.38042449951172,0.4247603416442871,57.32634735107422,48.177223205566406,61.144412994384766
2014-05-19,18.935300827026367,14.838000297546387,26.70470428466797,71.82158660888672,39.06855773925781,33.313377380371094,0.4384775161743164,57.04088592529297,48.303524017333984,61.223323822021484
2014-05-20,18.939056396484375,15.059499740600586,26.782018661499023,71.54324340820312,38.988712310791016,33.25471496582031,0.4333692193031311,57.25497055053711,47.74324417114258,61.1019287109375
2014-05-21,18.989168167114258,15.250499725341797,27.243425369262695,72.17839813232422,39.2790412902832,33.816219329833984,0.4333692193031311,57.44053649902344,48.24381637573242,61.9273681640625
2014-05-22,19.019243240356445,15.245499610900879,27.528400421142578,72.55206298828125,39.59113311767578,33.60669708251953,0.4352700114250183,57.55471420288086,48.07619857788086,61.6057014465332
2014-05-23,19.234081268310547,15.612000465393066,27.942232131958008,72.5664291381836,39.57660675048828,33.62346649169922,0.43930917978286743,57.46192932128906,48.6961784362793,61.4964485168457
2014-05-27,19.59425163269043,15.541000366210938,28.490867614746094,72.44425964355469,40.01931381225586,33.68212890625,0.4471495747566223,57.14793014526367,49.2541618347168,61.52073669433594
2014-05-28,19.54352378845215,15.508000373840332,28.271806716918945,72.07781219482422,40.24431610107422,33.53128433227539,0.45095112919807434,57.16220474243164,49.093414306640625,61.33864974975586
2014-05-29,19.899620056152344,15.689000129699707,28.27726173400879,72.40834045410156,40.440284729003906,33.80784606933594,0.45023831725120544,57.37629699707031,49.29319763183594,61.46611404418945
2014-05-30,19.825084686279297,15.6274995803833,28.331281661987305,72.91140747070312,40.33140563964844,34.31067657470703,0.4514263868331909,57.65461730957031,49.32993698120117,61.016963958740234
2014-06-02,19.6888370513916,15.442000389099121,27.968990325927734,73.42161560058594,40.17173767089844,34.18497085571289,0.4500007927417755,57.34772491455078,49.02913284301758,60.658843994140625
2014-06-03,19.967273712158203,15.35949993133545,27.481815338134766,73.62999725341797,40.353179931640625,33.76594161987305,0.4481000602245331,57.04088592529297,48.52396011352539,60.931983947753906
2014-06-04,20.195280075073242,15.33899974822998,27.444639205932617,73.7881088256836,40.41124725341797,33.79106903076172,0.44857507944107056,56.990928649902344,48.54922103881836,60.71955490112305
2014-06-05,20.274511337280273,16.178499221801758,27.998233795166016,74.1761703491211,41.10072708129883,34.53696060180664,0.4504759609699249,57.16933059692383,48.730621337890625,61.02910614013672
2014-06-06,20.218761444091797,16.48349952697754,28.052751541137695,74.14743041992188,41.347496032714844,34.76325225830078,0.4521391987800598,57.112239837646484,48.90972900390625,61.66641616821289
2014-06-09,20.542293548583984,16.375,28.285688400268555,74.1761703491211,41.674102783203125,34.587249755859375,0.45261430740356445,57.15504455566406,48.81328582763672,61.61785125732422
2014-06-10,20.662874221801758,16.620500564575195,28.165252685546875,74.80854797363281,42.02247619628906,34.45315933227539,0.4549901485443115,57.197879791259766,49.19674301147461,61.5814208984375
2014-06-11,20.577362060546875,16.760000228881836,28.1256046295166,74.24803161621094,41.56523895263672,34.24363327026367,0.4609300494194031,57.133644104003906,48.836238861083984,61.878822326660156
2014-06-12,20.233163833618164,16.295499801635742,27.7291202545166,73.68032836914062,41.3983039855957,34.00897979736328,0.4637809693813324,56.919559478759766,48.627288818359375,61.70281982421875
2014-06-13,20.011749267578125,16.313499450683594,27.771244049072266,73.68032836914062,41.3983039855957,34.5537223815918,0.46425628662109375,56.83389663696289,48.51707077026367,62.30369186401367
2014-06-16,20.213438034057617,16.381000518798828,27.372282028198242,73.6228256225586,41.27491760253906,34.780006408691406,0.4628307819366455,56.86961364746094,48.27595520019531,62.46757125854492
2014-06-17,20.187129974365234,16.2810001373291,27.28902244567871,73.2491455078125,41.674102783203125,34.93084716796875,0.46591946482658386,56.79109573364258,48.406856536865234,62.16408157348633
2014-06-18,20.20905113220215,16.7189998626709,27.78661346435547,73.88153839111328,41.93536376953125,34.90571594238281,0.46544426679611206,56.94097137451172,48.50788116455078,62.352272033691406
2014-06-19,20.138898849487305,16.350000381469727,28.001205444335938,74.60014343261719,41.58699417114258,34.788387298583984,0.4547525942325592,57.26211929321289,48.294334411621094,62.291561126708984
2014-06-20,19.930622100830078,16.209999084472656,28.077035903930664,75.6493148803711,41.7684440612793,34.93084716796875,0.4497632086277008,57.04088592529297,48.1037483215332,63.01994705200195
2014-06-23,19.9130859375,16.36199951171875,28.46211814880371,75.27566528320312,42.232940673828125,35.1906623840332,0.4445360600948334,56.74829864501953,48.09913635253906,63.35371398925781
2014-06-24,19.792509078979492,16.20800018310547,28.375391006469727,75.16065979003906,41.674102783203125,34.98952102661133,0.43764591217041016,56.38431930541992,47.713382720947266,62.352272033691406
2014-06-25,19.810043334960938,16.371999740600586,29.039003372192383,76.00146484375,41.753929138183594,35.224185943603516,0.44216015934944153,56.60554885864258,48.005008697509766,61.994163513183594
2014-06-26,19.928436279296875,16.284500122070312,28.98151397705078,75.92240142822266,41.65232849121094,34.964378356933594,0.4362203776836395,56.10601806640625,47.98204040527344,61.9273681640625
2014-06-27,20.16520881652832,16.228500366210938,29.027109146118164,75.44815063476562,41.753929138183594,35.408565521240234,0.43669557571411133,56.39147186279297,48.05552673339844,61.4296989440918
2014-06-30,20.373483657836914,16.23900032043457,28.976558685302734,75.1822509765625,41.81924819946289,34.94762420654297,0.4404970705509186,56.084598541259766,48.38388442993164,61.10798645019531
2014-07-01,20.50282859802246,16.61949920654297,29.314558029174805,76.08052062988281,42.075042724609375,35.09008026123047,0.44548657536506653,56.57701873779297,49.19674301147461,61.52073669433594
2014-07-02,20.494060516357422,16.642499923706055,29.27937126159668,76.07331848144531,41.63653564453125,35.1152458190918,0.44382330775260925,56.776851654052734,49.332237243652344,61.64821243286133
2014-07-03,20.614635467529297,16.874500274658203,29.393362045288086,75.75713348388672,41.695011138916016,35.03141403198242,0.4478624165058136,57.07658386230469,49.71570587158203,62.26726531982422
2014-07-07,21.039947509765625,16.677499771118164,29.278383255004883,76.51167297363281,41.41727828979492,35.1906623840332,0.44429850578308105,57.2264289855957,49.76852035522461,62.30369186401367
2014-07-08,20.90403175354004,16.190500259399414,28.665815353393555,75.97271728515625,40.75221252441406,35.01467514038086,0.4407346248626709,57.49045944213867,49.42867660522461,62.41294860839844
2014-07-09,20.912792205810547,16.49850082397461,28.91163444519043,76.20267486572266,40.942222595214844,34.9224739074707,0.4540398120880127,58.28260803222656,49.63533401489258,62.849952697753906
2014-07-10,20.83606719970703,16.395999908447266,28.747095108032227,76.03020477294922,40.60605239868164,34.939231872558594,0.45166391134262085,58.23980712890625,49.492977142333984,62.255130767822266
2014-07-11,20.875530242919922,17.309999465942383,29.074687957763672,75.52716064453125,40.781436920166016,35.27448272705078,0.45261430740356445,57.91865539550781,49.82822799682617,61.751380920410156
2014-07-14,21.14518165588379,17.766000747680664,29.45184326171875,75.7283706665039,41.139564514160156,35.316375732421875,0.4583166241645813,58.03282165527344,50.75358581542969,62.3219108581543
2014-07-15,20.897449493408203,17.722000122070312,29.392370223999023,74.21928405761719,42.586631774902344,35.576171875,0.4602172076702118,57.99001693725586,50.92581558227539,62.14590835571289
2014-07-16,20.77906608581543,17.795000076293945,29.271442413330078,73.45755767822266,42.90822982788086,36.942222595214844,0.45974206924438477,58.22309875488281,51.130184173583984,62.983482360839844
2014-07-17,20.408557891845703,17.622499465942383,28.785749435424805,72.1280746459961,42.28699493408203,37.31937026977539,0.45855408906936646,57.83464431762695,50.0302734375,62.09733200073242
2014-07-18,20.702327728271484,17.933000564575195,29.98957633972168,73.15572357177734,42.55740737915039,37.45347213745117,0.43812108039855957,57.94255447387695,50.563011169433594,62.352272033691406
2014-07-21,20.594911575317383,17.988000869750977,29.65900993347168,72.77484130859375,42.564720153808594,37.579166412353516,0.4407346248626709,57.74831008911133,50.337974548339844,62.5647087097168
2014-07-22,20.765911102294922,18.04199981689453,29.913251876831055,73.6371841430664,42.87898254394531,37.57078552246094,0.43883398175239563,57.61884307861328,50.80640411376953,62.84392166137695
2014-07-23,21.307424545288086,17.906999588012695,29.993539810180664,73.43599700927734,43.12015914916992,37.60430908203125,0.42956769466400146,57.539703369140625,50.792633056640625,63.27482223510742
2014-07-24,21.272340774536133,17.930500030517578,29.885498046875,73.44316864013672,43.24441909790039,37.21042251586914,0.43028050661087036,57.73395538330078,51.14624786376953,63.293033599853516
2014-07-25,21.41265106201172,16.20050048828125,29.641162872314453,73.37850189208984,43.12746810913086,37.29421615600586,0.4226776659488678,57.23041534423828,49.316165924072266,62.625389099121094
2014-07-28,21.708627700805664,16.02050018310547,29.6877498626709,73.37850189208984,43.259029388427734,36.85005569458008,0.4210144281387329,57.014610290527344,49.18986892700195,63.3476676940918
2014-07-29,21.568307876586914,16.0,29.436479568481445,73.27069091796875,42.8570671081543,36.78300476074219,0.42243990302085876,56.5758056640625,49.0245361328125,62.849952697753906
2014-07-30,21.51788330078125,16.125499725341797,29.51032829284668,73.5150375366211,43.05439376831055,36.52320098876953,0.42956769466400146,56.22333526611328,49.15312194824219,62.66785430908203
2014-07-31,20.95882797241211,15.649499893188477,28.722810745239258,71.9268798828125,42.148136138916016,36.171199798583984,0.4157875180244446,55.61909103393555,48.45276641845703,60.051902770996094
2014-08-01,21.075029373168945,15.352999687194824,28.42792320251465,71.79033660888672,41.27842330932617,35.91979217529297,0.4203016757965088,57.29511642456055,48.636478424072266,59.9669303894043
2014-08-04,20.956634521484375,15.682499885559082,28.85761260986328,71.97718048095703,41.402671813964844,36.34720230102539,0.4193512201309204,56.98582077026367,48.71683883666992,60.77418899536133
2014-08-05,20.853601455688477,15.616000175476074,28.40512466430664,71.73282623291016,40.97146987915039,36.104156494140625,0.41958871483802795,57.12248229980469,48.344852447509766,59.60273742675781
2014-08-06,20.818525314331055,15.694499969482422,28.47203254699707,72.37242889404297,41.0957145690918,35.81922912597656,0.41911372542381287,58.33097457885742,48.379295349121094,60.076171875
2014-08-07,20.816328048706055,15.572500228881836,28.339208602905273,71.81187438964844,40.86183547973633,36.22987365722656,0.41483694314956665,57.64761734008789,48.00041198730469,59.645259857177734
2014-08-08,20.873607635498047,15.84000015258789,28.643014907836914,72.6383285522461,41.17610168457031,36.20473098754883,0.4514263868331909,58.23027420043945,48.326480865478516,60.53746032714844
2014-08-11,21.149019241333008,15.916500091552734,28.608821868896484,72.69580078125,41.1614990234375,36.20473098754883,0.44905030727386475,58.611534118652344,48.35403060913086,60.341880798339844
2014-08-12,21.14460563659668,15.965999603271484,28.354572296142578,72.31492614746094,41.18339920043945,36.47291946411133,0.44905030727386475,58.568382263183594,48.289730072021484,60.195194244384766
2014-08-13,21.42442512512207,16.31399917602539,28.97110939025879,73.11260986328125,41.45383071899414,36.942222595214844,0.45166391134262085,58.611534118652344,48.64174270629883,60.56192398071289
2014-08-14,21.48170280456543,16.660499572753906,28.975566864013672,73.3138198852539,41.64384841918945,37.101463317871094,0.4466743469238281,58.94961166381836,48.89250564575195,60.56192398071289
2014-08-15,21.587461471557617,16.681499481201172,28.92898178100586,72.70297241210938,41.47574234008789,37.537269592285156,0.45237672328948975,58.82732009887695,48.35646057128906,60.52524948120117
2014-08-18,21.847444534301758,16.726499557495117,29.37453269958496,73.80245208740234,41.826560974121094,37.80545425415039,0.45855408906936646,59.30210494995117,49.306617736816406,60.824729919433594
2014-08-19,22.149290084838867,16.756500244140625,29.593090057373047,73.98931121826172,42.0677375793457,38.22710037231445,0.4622530937194824,59.4819221496582,49.46303939819336,60.806396484375
2014-08-20,22.158103942871094,16.788999557495117,29.508840560913086,74.16898345947266,42.126216888427734,37.906646728515625,0.4593893587589264,59.568233489990234,49.73912811279297,60.93472671508789
2014-08-21,22.160310745239258,16.64550018310547,29.36065101623535,74.87322235107422,42.7547492980957,38.13434600830078,0.45509374141693115,59.90632629394531,49.63560104370117,60.67803192138672
2014-08-22,22.32334327697754,16.579500198364258,29.366600036621094,74.59107208251953,42.74742126464844,38.0753059387207,0.455332487821579,59.98545455932617,49.71381759643555,60.20130920410156
2014-08-25,22.371824264526367,16.701000213623047,29.268962860107422,74.68513488769531,43.3686637878418,38.0921745300293,0.4560483396053314,60.093353271484375,49.69771194458008,60.3541145324707
2014-08-26,22.228612899780273,17.09149932861328,29.147541046142578,74.8370590209961,43.66099166870117,37.957244873046875,0.464162141084671,59.978271484375,49.86105728149414,60.898067474365234
2014-08-27,22.50181770324707,17.159000396728516,28.89379119873047,74.67788696289062,43.551353454589844,37.83917236328125,0.45891204476356506,59.92790985107422,49.95307540893555,60.830833435058594
2014-08-28,22.528247833251953,17.000999450683594,28.760969161987305,74.48255157470703,43.237091064453125,37.84760665893555,0.46273037791252136,59.72647476196289,49.371036529541016,60.85527038574219
2014-08-29,22.583332061767578,16.95199966430664,28.862071990966797,75.046875,43.449039459228516,38.311424255371094,0.464162141084671,59.7840576171875,48.89250564575195,60.78805160522461
2014-09-02,22.759599685668945,17.118999481201172,29.17281723022461,74.77918243408203,43.60982894897461,38.02470016479492,0.4653555154800415,59.69052505493164,49.400936126708984,60.195194244384766
2014-09-03,21.798974990844727,16.950000762939453,29.21692657470703,75.06856536865234,43.63175964355469,37.915069580078125,0.4696510434150696,59.632991790771484,49.44004440307617,60.57413864135742
2014-09-04,21.618310928344727,17.297500610351562,29.39633560180664,75.12645721435547,43.639068603515625,38.1680908203125,0.4780036211013794,60.20845413208008,49.29280090332031,60.115745544433594
2014-09-05,21.805591583251953,17.319000244140625,29.626298904418945,75.54605865478516,43.78524398803711,38.716224670410156,0.4765716791152954,60.25881576538086,49.281307220458984,60.66581726074219
2014-09-08,21.671188354492188,17.117000579833984,29.81710433959961,75.27837371826172,43.7706184387207,39.188480377197266,0.47227615118026733,59.93508529663086,49.64020919799805,59.75516128540039
2014-09-09,21.58966827392578,16.487499237060547,29.338350296020508,75.0975112915039,43.16402053833008,39.43302536010742,0.46630993485450745,59.69772720336914,49.29741668701172,59.52291488647461
2014-09-10,22.252843856811523,16.566499710083008,29.41021156311035,75.95844268798828,43.28094482421875,39.50050354003906,0.46798044443130493,60.165287017822266,49.89554977416992,59.16841506958008
2014-09-11,22.347583770751953,16.525999069213867,29.29572868347168,75.64012145996094,43.67559814453125,39.63542175292969,0.4632076323032379,60.05738830566406,49.451560974121094,59.30286407470703
2014-09-12,22.398256301879883,16.559499740600586,28.987957000732422,75.66183471679688,43.8729362487793,39.38243103027344,0.4562870264053345,59.891937255859375,49.24219512939453,58.53890609741211
2014-09-15,22.391651153564453,16.194499969482422,28.826391220092773,75.76311492919922,43.80716323852539,38.994503021240234,0.45008230209350586,60.33073806762695,49.38023376464844,58.85062026977539
2014-09-16,22.22199821472168,16.38800048828125,29.180252075195312,76.60234832763672,43.84371566772461,39.43302536010742,0.456764280796051,60.48178482055664,49.9921875,59.54735565185547
2014-09-17,22.380632400512695,16.200000762939453,29.40376853942871,76.8266372680664,44.07758331298828,39.23062515258789,0.4570028781890869,60.53936767578125,49.58498001098633,59.33343505859375
2014-09-18,22.426897048950195,16.25,29.60102081298828,77.6658706665039,44.815738677978516,39.36556625366211,0.4639236330986023,60.56092834472656,49.794334411621094,59.046180725097656
2014-09-19,22.244028091430664,16.56599998474121,30.003950119018555,78.12889099121094,44.66225814819336,40.073944091796875,0.455332487821579,60.762332916259766,49.7506217956543,59.357879638671875
2014-09-22,22.266063690185547,16.225000381469727,29.60102081298828,78.04933166503906,44.516082763671875,39.68602752685547,0.4507981240749359,61.006900787353516,49.20539093017578,59.00342559814453
2014-09-23,22.61417579650879,16.181499481201172,29.2992000579834,77.74545288085938,44.53801345825195,39.26436996459961,0.4488890767097473,60.740753173828125,48.87869644165039,58.69169998168945
2014-09-24,22.418088912963867,16.410499572753906,29.65801429748535,78.59915924072266,45.042301177978516,39.7028923034668,0.45151418447494507,61.31623077392578,49.327327728271484,58.5633430480957
2014-09-25,21.5632266998291,16.096500396728516,29.005306243896484,77.48501586914062,43.96064376831055,38.825843811035156,0.44172969460487366,60.661624908447266,48.476097106933594,57.60379409790039
2014-09-26,22.19776153564453,16.160499572753906,29.136638641357422,77.48501586914062,44.260292053222656,39.137874603271484,0.4426842927932739,60.84147644042969,48.759056091308594,58.32500076293945
2014-09-29,22.056753158569336,16.090999603271484,29.132179260253906,77.07987976074219,44.09219741821289,39.16315841674805,0.4419683516025543,60.740753173828125,48.52668380737305,57.71382141113281
2014-09-30,22.19776153564453,16.121999740600586,29.161914825439453,77.11602020263672,44.026424407958984,39.095703125,0.44029784202575684,60.23723602294922,49.08805465698242,57.4815788269043
2014-10-01,21.85185432434082,15.873000144958496,28.726770401000977,75.4592514038086,43.68292999267578,38.70779037475586,0.436002254486084,59.80562210083008,48.31504440307617,56.75424575805664
2014-10-02,22.0104923248291,15.920499801635742,28.788726806640625,75.13369750976562,43.29294967651367,38.589725494384766,0.4340931475162506,59.74089050292969,48.24833679199219,57.0231819152832
2014-10-03,21.94879722595215,16.136999130249023,29.05486488342285,76.05973052978516,44.36719512939453,38.86802291870117,0.4350477457046509,60.273197174072266,48.77056884765625,57.4021110534668
2014-10-06,21.94879722595215,16.110000610351562,29.130693435668945,75.86441040039062,44.27888870239258,38.86802291870117,0.4324226677417755,60.11494445800781,48.72456741333008,57.76881408691406
2014-10-07,21.757112503051758,15.848999977111816,28.45270538330078,74.07737731933594,43.60934066772461,38.3957633972168,0.42788830399513245,59.820003509521484,47.864131927490234,57.06596755981445
2014-10-08,22.20878028869629,16.135000228881836,28.93046760559082,75.90056610107422,44.440773010253906,39.449893951416016,0.43576347827911377,60.55372619628906,48.85569763183594,57.82383346557617
2014-10-09,22.257246017456055,15.768500328063965,28.289648056030273,73.85311889648438,43.46955108642578,38.66560745239258,0.42741119861602783,60.17967987060547,47.78591537475586,56.11863327026367
2014-10-10,22.193359375,15.569499969482422,27.515514373779297,73.23815155029297,43.057518005371094,37.130794525146484,0.4021148681640625,60.92058563232422,47.1578369140625,55.98417282104492
2014-10-13,21.99065399169922,15.322500228881836,26.99810218811035,71.71159362792969,42.79262161254883,36.81034469604492,0.40068310499191284,59.971092224121094,46.996795654296875,55.51968002319336
2014-10-14,21.757112503051758,15.415499687194824,27.193368911743164,70.18505859375,42.66754913330078,36.877811431884766,0.4099901616573334,60.10055160522461,46.63791275024414,55.34242248535156
2014-10-15,21.490520477294922,15.298500061035156,26.79886817932129,71.05323791503906,40.857540130615234,36.447731018066406,0.41619473695755005,59.66895294189453,46.069644927978516,55.1407470703125
2014-10-16,21.20850372314453,15.142999649047852,26.61004638671875,70.01864624023438,40.52644729614258,36.042938232421875,0.4164334833621979,59.15822219848633,46.702327728271484,55.37297439575195
2014-10-17,21.519161224365234,15.182000160217285,25.918670654296875,71.40774536132812,41.350521087646484,36.79348373413086,0.4157175123691559,59.899131774902344,47.392494201660156,55.74582290649414
2014-10-20,21.979642868041992,15.310500144958496,26.385034561157227,71.76947021484375,41.666893005371094,37.1729736328125,0.4192971885204315,60.55372619628906,47.8181266784668,56.08808517456055
2014-10-21,22.576719284057617,15.766500473022461,26.665058135986328,72.60873413085938,42.62340545654297,37.84760665893555,0.4371955394744873,60.86305618286133,49.07425308227539,57.237091064453125
2014-10-22,22.691286087036133,15.648500442504883,26.89600944519043,73.23091888427734,42.27023696899414,37.42595291137695,0.4269338548183441,61.054420471191406,48.52438735961914,56.91927719116211
2014-10-23,23.096689224243164,15.659000396728516,27.439189910888672,74.25102233886719,42.71906661987305,37.96567916870117,0.43647944927215576,60.32956314086914,49.29741668701172,57.51822280883789
2014-10-24,23.1826171875,14.352999687194824,27.203777313232422,74.61277770996094,43.21937561035156,38.90174102783203,0.4410138428211212,61.728538513183594,49.11335372924805,57.750484466552734
2014-10-27,23.15837860107422,14.498499870300293,27.252349853515625,75.29285430908203,43.14580154418945,38.716224670410156,0.4412524402141571,62.301177978515625,49.09725570678711,57.27376174926758
2014-10-28,23.51751136779785,14.779500007629395,27.70136833190918,75.81375122070312,43.87421417236328,39.205345153808594,0.45175278186798096,62.678096771240234,49.85645294189453,58.12331008911133
2014-10-29,23.64970588684082,14.706000328063965,27.677080154418945,76.37083435058594,43.624061584472656,39.31496810913086,0.4488890767097473,62.72883987426758,49.384822845458984,57.81159210205078
2014-10-30,23.570388793945312,14.953499794006348,27.767282485961914,77.44160461425781,43.6976318359375,38.834285736083984,0.4460253417491913,63.01876449584961,54.4438591003418,57.72603225708008
2014-10-31,23.795120239257812,15.27299976348877,28.143943786621094,77.97698974609375,44.4996223449707,39.5932502746582,0.46630993485450745,63.25795364379883,55.54356002807617,59.10730743408203
2014-11-03,24.103574752807617,15.28600025177002,27.94074058532715,77.74545288085938,44.793941497802734,40.006473541259766,0.4741852879524231,63.33769989013672,55.568851470947266,58.221107482910156
2014-11-04,23.92731475830078,15.14050006866455,27.961559295654297,78.5846939086914,44.330413818359375,40.11611557006836,0.4803900420665741,64.25100708007812,55.897850036621094,57.76881408691406
2014-11-05,23.984601974487305,14.826000213623047,27.55318260192871,78.7293930053711,44.99259948730469,40.36066818237305,0.4803900420665741,64.51194763183594,57.40704345703125,58.10496520996094
2014-11-06,24.05319595336914,14.831999778747559,27.342050552368164,78.8668441772461,45.05146789550781,41.06903839111328,0.4825378358364105,64.4394760131836,57.53586196899414,58.83229446411133
2014-11-07,24.121793746948242,14.993000030517578,27.348495483398438,78.28083801269531,45.22804641723633,41.05217742919922,0.47227615118026733,64.60620880126953,58.0742301940918,59.460174560546875
2014-11-10,24.08196258544922,15.255499839782715,27.66617774963379,78.7293930053711,45.566497802734375,41.229270935058594,0.47776490449905396,64.83814239501953,57.56349563598633,59.26934814453125
2014-11-11,24.27448081970215,15.600500106811523,27.817832946777344,78.79450225830078,45.15446472167969,41.21240234375,0.47203749418258667,64.99761962890625,57.45305633544922,59.34937286376953
2014-11-12,24.617460250854492,15.575499534606934,27.66716957092285,78.67874145507812,44.55849075317383,41.13650894165039,0.46893516182899475,64.85991668701172,58.075416564941406,58.71530532836914
2014-11-13,24.964874267578125,15.824000358581543,27.577463150024414,78.9102554321289,44.31568908691406,41.83646011352539,0.4665486514568329,64.22201538085938,57.83799743652344,58.272098541259766
2014-11-14,25.26581382751465,16.391000747680664,27.515514373779297,78.25192260742188,44.35246658325195,41.8111686706543,0.47227615118026733,63.8668212890625,57.358551025390625,58.53678894042969
2014-11-17,25.223766326904297,16.15250015258789,27.091772079467773,78.35317993164062,44.42604064941406,41.7099609375,0.47012829780578613,63.67110824584961,57.57982635498047,58.549095153808594
2014-11-18,25.5512638092041,16.24650001525879,26.9862060546875,78.73661804199219,44.536415100097656,41.36201477050781,0.4813445210456848,63.75088882446289,57.563697814941406,58.401363372802734
2014-11-19,25.37424087524414,16.32699966430664,27.11952781677246,78.68598937988281,44.58792495727539,40.92072677612305,0.4795471131801605,64.3162612915039,57.593658447265625,58.85688400268555
2014-11-20,25.737140655517578,16.527000427246094,26.949033737182617,78.266357421875,44.23474884033203,41.328067779541016,0.4874557554721832,64.1277847290039,58.0108757019043,58.98616409301758
2014-11-21,25.772546768188477,16.631500244140625,27.054601669311523,78.5430908203125,44.47755813598633,40.717063903808594,0.4900919795036316,64.22201538085938,58.598663330078125,59.59560012817383
2014-11-24,26.25050926208496,16.781999588012695,27.13340187072754,77.82943725585938,44.85279846191406,40.386104583740234,0.49320751428604126,63.8668212890625,58.69085693359375,58.92462158203125
2014-11-25,26.022592544555664,16.75200080871582,27.220130920410156,77.69835662841797,44.36719512939453,40.28425979614258,0.49296775460243225,64.36698913574219,59.29938507080078,58.34595489501953
2014-11-26,26.33238983154297,16.678499221801758,27.145790100097656,78.06976318359375,44.39661407470703,40.52188491821289,0.5013558268547058,64.42498779296875,59.29938507080078,58.161277770996094
2014-11-28,26.31689453125,16.93199920654297,27.21269989013672,78.82708740234375,44.264183044433594,40.572792053222656,0.5025538802146912,65.54850769042969,59.513763427734375,55.73583221435547
2014-12-01,25.4627628326416,16.299999237060547,26.745344161987305,78.6668472290039,44.14646911621094,41.260189056396484,0.49320751428604126,65.2947998046875,59.50455093383789,56.850074768066406
2014-12-02,25.365386962890625,16.315500259399414,26.692811965942383,79.01640319824219,44.941097259521484,41.124385833740234,0.4939265251159668,66.01241302490234,59.93326950073242,57.982757568359375
2014-12-03,25.653051376342773,15.824999809265137,26.612518310546875,78.44113159179688,45.27956008911133,40.80193328857422,0.5066279768943787,65.23680877685547,60.29975891113281,58.45060348510742
2014-12-04,25.555694580078125,15.846500396728516,26.890554428100586,78.32461547851562,45.161827087402344,41.4468879699707,0.5020744800567627,65.65721893310547,60.193756103515625,58.09356689453125
2014-12-05,25.447265625,15.631500244140625,26.17192840576172,79.01640319824219,46.133052825927734,41.09046936035156,0.504950225353241,65.51224517822266,60.703163146972656,57.755008697509766
2014-12-08,24.871929168701172,15.331999778747559,26.303264617919922,79.0237045288086,46.1109733581543,40.479461669921875,0.49847984313964844,65.78771209716797,60.64554214477539,56.449928283691406
2014-12-09,25.252538681030273,15.625,26.569896697998047,78.68143463134766,45.94911575317383,40.386104583740234,0.49680212140083313,65.75144958496094,60.885257720947266,56.25293731689453
2014-12-10,24.772354125976562,15.291999816894531,26.16994857788086,77.36339569091797,44.646785736083984,39.8005485534668,0.48577815294265747,65.23680877685547,60.327457427978516,54.58468246459961
2014-12-11,24.699337005615234,15.368000030517578,26.37165641784668,77.71292114257812,44.98523712158203,40.0296745300293,0.48553845286369324,65.53400421142578,60.65013885498047,54.91094207763672
2014-12-12,24.28111457824707,15.366000175476074,25.846317291259766,76.04537200927734,44.17588806152344,39.84297561645508,0.4704403281211853,64.9106216430664,59.18874740600586,53.310394287109375
2014-12-15,23.94919204711914,15.303500175476074,25.565303802490234,75.703125,43.52840805053711,39.60536575317383,0.46900230646133423,64.65693664550781,59.17031478881836,53.49508285522461
2014-12-16,23.62169647216797,14.753000259399414,24.689077377319336,74.82929229736328,42.99128723144531,38.323936462402344,0.46372994780540466,64.77293395996094,58.41196060180664,53.19343566894531
2014-12-17,24.210311889648438,14.944000244140625,25.099931716918945,75.783203125,43.97722625732422,38.81613540649414,0.4826626777648926,65.74419403076172,59.71890640258789,54.800140380859375
2014-12-18,24.92725944519043,14.886500358581543,25.504844665527344,77.77848052978516,45.23540115356445,40.32669448852539,0.4845799207687378,66.68653106689453,60.889862060546875,56.117515563964844
2014-12-19,24.734743118286133,14.994999885559082,25.77346420288086,76.86092376708984,45.566497802734375,40.445518493652344,0.4893728196620941,66.72277069091797,60.3159065246582,57.644168853759766
2014-12-22,24.991437911987305,15.32699966430664,26.381072998046875,77.72747802734375,45.573856353759766,40.717063903808594,0.49800053238868713,67.12142944335938,60.90138244628906,57.453365325927734
2014-12-23,24.902915954589844,15.314499855041504,26.70172882080078,75.93611907958984,45.97117233276367,41.115928649902344,0.49488508701324463,67.62158203125,61.143428802490234,58.22898483276367
2014-12-24,24.7856388092041,15.15149974822998,26.610536575317383,76.161865234375,45.97117233276367,40.85284423828125,0.49296775460243225,67.51282501220703,61.68973159790039,57.7303581237793
2014-12-26,25.223766326904297,15.454500198364258,26.838024139404297,76.50413513183594,46.02267837524414,40.632205963134766,0.4934470057487488,67.74480438232422,61.4569091796875,57.379478454589844
2014-12-29,25.206066131591797,15.60200023651123,26.629371643066406,76.70071411132812,46.324344635009766,40.26728439331055,0.492728054523468,67.15044403076172,61.18260192871094,57.293304443359375
2014-12-30,24.89848518371582,15.515000343322754,26.528764724731445,76.72259521484375,46.464149475097656,39.90239715576172,0.48817455768585205,66.97647857666016,60.979774475097656,57.26250457763672
2014-12-31,24.424945831298828,15.517499923706055,26.299795150756836,76.14732360839844,46.04475784301758,39.41867446899414,0.4805057942867279,66.02689361572266,60.43809127807617,56.9116325378418
2015-01-02,24.192607879638672,15.425999641418457,26.244781494140625,76.11089324951172,46.27431106567383,39.68174743652344,0.48242294788360596,65.55574035644531,61.08811569213867,57.145572662353516
2015-01-05,23.511058807373047,15.10949993133545,25.744718551635742,75.57933044433594,44.83772277832031,39.31683349609375,0.47427472472190857,65.24406433105469,59.739654541015625,55.58192825317383
2015-01-06,23.513282775878906,14.76449966430664,25.109350204467773,75.20794677734375,43.675132751464844,38.73976135253906,0.45989564061164856,64.94688415527344,59.3547248840332,55.28646469116211
2015-01-07,23.842979431152344,14.920999526977539,25.035505294799805,76.86820220947266,43.741764068603516,39.23197937011719,0.45869725942611694,65.28755187988281,60.149967193603516,55.84665298461914
2015-01-08,24.759078979492188,15.02299976348877,25.122732162475586,77.4726333618164,44.71924591064453,40.386104583740234,0.47595229744911194,66.03416442871094,60.95671844482422,56.77619934082031
2015-01-09,24.7856388092041,14.846500396728516,24.815948486328125,76.4167251586914,43.94171905517578,40.04664993286133,0.47786954045295715,65.41803741455078,60.05313491821289,56.696170806884766
2015-01-12,24.174901962280273,14.570500373840332,24.634559631347656,76.15461730957031,43.564056396484375,39.54595184326172,0.4718783497810364,65.17879486083984,59.93560028076172,55.606571197509766
2015-01-13,24.38954734802246,14.737000465393066,24.869476318359375,76.28567504882812,43.57145690917969,39.3422966003418,0.4711592197418213,65.45425415039062,60.11077117919922,55.40342330932617
2015-01-14,24.29660415649414,14.66349983215332,25.074161529541016,75.73225402832031,42.068241119384766,39.002838134765625,0.4730765223503113,65.22956085205078,58.90752410888672,55.24336242675781
2015-01-15,23.637187957763672,14.34749984741211,24.979005813598633,74.63265991210938,40.72050094604492,38.59551239013672,0.46972137689590454,65.13532257080078,58.347408294677734,54.76320266723633
2015-01-16,23.453519821166992,14.536999702453613,25.298675537109375,75.76139068603516,41.41659164428711,39.24046325683594,0.4783490002155304,66.14288330078125,58.76692581176758,56.0928955078125
2015-01-20,24.05762481689453,14.472000122070312,25.272899627685547,73.75884246826172,41.25367736816406,39.367740631103516,0.4797869026660919,66.09940338134766,59.20258712768555,56.07440185546875
2015-01-21,24.241287231445312,14.862500190734863,25.790807723999023,74.20301055908203,41.386966705322266,38.96889114379883,0.48649704456329346,66.23371124267578,59.303993225097656,56.554595947265625
2015-01-22,24.871929168701172,15.515999794006348,26.628877639770508,75.5574722290039,42.64582061767578,39.99574279785156,0.49488508701324463,66.88343811035156,59.37775802612305,57.170188903808594
2015-01-23,25.000280380249023,15.619500160217285,26.859331130981445,74.42150115966797,41.97196578979492,40.03816604614258,0.4963228702545166,65.75920867919922,59.53681945800781,55.951297760009766
2015-01-26,25.026836395263672,15.482999801635742,26.60013198852539,74.46517944335938,42.03860092163086,39.89390182495117,0.4941660165786743,65.39420318603516,59.13113021850586,56.486846923828125
2015-01-27,24.150558471679688,15.337499618530273,25.830453872680664,74.34137725830078,41.61653137207031,36.2023811340332,0.4704403281211853,63.138450622558594,57.8541374206543,55.988243103027344
2015-01-28,25.515859603881836,15.195500373840332,25.396305084228516,73.89720153808594,40.542789459228516,34.95489501953125,0.462771475315094,62.160247802734375,56.78689956665039,54.141456604003906
2015-01-29,26.310258865356445,15.58899974822998,25.435956954956055,74.55256652832031,41.22405242919922,35.6507682800293,0.4740351736545563,62.53985595703125,57.164939880371094,53.91367721557617
2015-01-30,25.92523193359375,17.726499557495117,26.641267776489258,72.9214096069336,40.26879119873047,34.28447341918945,0.46013519167900085,61.53244400024414,58.7577018737793,53.8151741027832
2015-02-02,26.25050926208496,18.223499298095703,26.376115798950195,73.42384338378906,41.075958251953125,35.031272888183594,0.4702007472515106,62.138362884521484,58.8568229675293,55.14485549926758
2015-02-03,26.25494384765625,18.177499771118164,26.430633544921875,74.61080932617188,42.001583099365234,35.302833557128906,0.48194369673728943,62.74427795410156,59.8825569152832,56.78850173950195
2015-02-04,26.4563045501709,18.237499237060547,26.07379722595215,73.80979919433594,41.749820709228516,35.50651550292969,0.48314204812049866,62.627464294433594,61.05815124511719,56.302181243896484
2015-02-05,26.64513397216797,18.694499969482422,26.25865936279297,74.61080932617188,42.03860092163086,36.02415084838867,0.49105069041252136,63.291786193847656,62.65090560913086,56.85620880126953
2015-02-06,26.420761108398438,18.714000701904297,26.459379196166992,73.62046813964844,42.867977142333984,35.99021530151367,0.48889365792274475,62.49606704711914,61.64130783081055,56.750789642333984
2015-02-09,26.596261978149414,18.527999877929688,26.231403350830078,72.65926361083984,42.81614303588867,35.94778823852539,0.48841431736946106,62.0872688293457,61.189537048339844,56.787986755371094
2015-02-10,27.10721778869629,18.649999618530273,26.770618438720703,73.07435607910156,43.290077209472656,36.151458740234375,0.5020744800567627,62.335487365722656,60.979774475097656,56.44688415527344
2015-02-11,27.742572784423828,18.756999969482422,26.663570404052734,73.09618377685547,43.223419189453125,35.96476364135742,0.4987194538116455,62.51795959472656,61.423133850097656,56.19255828857422
2015-02-12,28.093576431274414,18.85849952697754,27.0605525970459,71.68346405029297,44.112037658691406,36.56728744506836,0.5344280004501343,62.80265808105469,62.559268951416016,57.29037094116211
2015-02-13,28.2313175201416,19.09149932861328,27.315786361694336,72.54275512695312,44.18607711791992,37.22921371459961,0.5346673727035522,62.70773696899414,62.263702392578125,57.910606384277344
2015-02-17,28.397924423217773,18.771499633789062,27.010986328125,73.13983917236328,44.50448989868164,37.24630355834961,0.5363451838493347,62.40846252441406,62.5500602722168,57.71213912963867
2015-02-18,28.595645904541016,18.668500900268555,26.89402198791504,72.79032135009766,43.96392822265625,37.20357894897461,0.5301140546798706,62.97055435180664,62.14591979980469,56.44688415527344
2015-02-19,28.53566551208496,18.950000762939453,27.082353591918945,73.32917785644531,43.86025619506836,37.17793273925781,0.531551718711853,62.20405197143555,62.141326904296875,55.47312545776367
2015-02-20,28.7689266204834,19.183000564575195,26.851898193359375,73.51986694335938,44.282352447509766,37.48561477661133,0.535386323928833,61.95585632324219,63.04188919067383,55.770809173583984
2015-02-23,29.546466827392578,19.006999969482422,26.5148868560791,73.4612045288086,43.949119567871094,37.73347091674805,0.5310729146003723,62.335487365722656,63.04423522949219,55.20642852783203
2015-02-24,29.36208152770996,18.929500579833984,26.695783615112305,73.8425064086914,45.03767013549805,37.682186126708984,0.5367264151573181,62.41575241088867,62.91951370239258,55.46070098876953
2015-02-25,28.611186981201172,19.26849937438965,27.125967025756836,74.21647644042969,45.274627685546875,37.59672164916992,0.532636284828186,62.38656234741211,63.04423522949219,55.57234191894531
2015-02-26,28.973304748535156,19.239999771118164,27.718713760375977,75.38241577148438,45.6004638671875,37.65654754638672,0.5340798497200012,62.17485809326172,63.215110778808594,54.98314666748047
2015-02-27,28.53788948059082,19.007999420166016,27.884241104125977,75.16976165771484,45.378299713134766,37.47704315185547,0.5307117104530334,62.14564895629883,62.651668548583984,54.91489791870117
2015-03-02,28.67783546447754,19.283000946044922,28.4982967376709,75.69039154052734,45.74114990234375,37.50270080566406,0.543703019618988,62.350059509277344,64.26348114013672,54.60481262207031
2015-03-03,28.737817764282227,19.230499267578125,28.685142517089844,75.04509735107422,45.88924026489258,36.98991012573242,0.533598780632019,62.167579650878906,63.57302474975586,54.34431838989258
2015-03-04,28.555660247802734,19.13599967956543,28.66234588623047,74.53912353515625,46.00774002075195,36.801876068115234,0.5396131873130798,61.576271057128906,63.215110778808594,54.07140350341797
2015-03-05,28.082468032836914,19.39150047302246,28.815980911254883,75.17709350585938,45.911476135253906,36.8446159362793,0.549957811832428,61.78067398071289,63.3028564453125,53.798500061035156
2015-03-06,28.12468147277832,19.004499435424805,28.393234252929688,73.40989685058594,45.089508056640625,36.20361328125,0.5424998998641968,60.342567443847656,62.19673156738281,53.11003875732422
2015-03-09,28.244638442993164,18.92799949645996,28.45270538330078,73.81317138671875,45.541221618652344,36.622406005859375,0.5439435243606567,60.65644073486328,62.67706298828125,52.818546295166016
2015-03-10,27.660383224487305,18.475500106811523,27.74646759033203,72.98455047607422,44.40082931518555,35.92156982421875,0.5533260107040405,59.52491760253906,61.24070358276367,52.26034927368164
2015-03-11,27.15608787536621,18.318500518798828,27.540292739868164,72.09727478027344,44.608154296875,35.87883758544922,0.5504390597343445,59.41542434692383,61.13680648803711,52.11147689819336
2015-03-12,27.64704704284668,18.711999893188477,27.811885833740234,73.20452880859375,45.444942474365234,35.05835723876953,0.5453872084617615,59.92641830444336,62.25215148925781,52.23552322387695
2015-03-13,27.455997467041016,18.52899932861328,27.40697479248047,72.74988555908203,45.17095947265625,35.366031646728516,0.5461086630821228,59.73664093017578,61.201446533203125,52.018455505371094
2015-03-16,27.75812530517578,18.667499542236328,27.835182189941406,74.10647583007812,45.80039596557617,35.51988220214844,0.5526042580604553,60.99955749511719,62.12283706665039,52.57044982910156
2015-03-17,28.222431182861328,18.59600067138672,27.63545036315918,73.24852752685547,45.62266540527344,35.63953399658203,0.5593407154083252,60.48126220703125,61.079071044921875,52.1486930847168
2015-03-18,28.54010581970215,18.756999969482422,28.059194564819336,74.39981842041016,45.7263298034668,36.323265075683594,0.5501986742019653,61.13824462890625,61.81108856201172,53.3829460144043
2015-03-19,28.324615478515625,18.66200065612793,27.9357852935791,74.56846618652344,45.319068908691406,36.1437873840332,0.5586188435554504,60.868160247802734,61.711814880371094,52.35338592529297
2015-03-20,27.969173431396484,18.92449951171875,27.999225616455078,75.08910369873047,45.7263298034668,36.648033142089844,0.5646332502365112,61.8609619140625,62.266021728515625,52.43399429321289
2015-03-23,28.260196685791016,18.75550079345703,28.02004051208496,75.5144271850586,45.274627685546875,36.630943298339844,0.5463494062423706,61.94855880737305,61.96119689941406,52.985984802246094
2015-03-24,28.14467430114746,18.704500198364258,28.623193740844727,74.76644897460938,44.77109146118164,36.66512680053711,0.5388914346694946,61.26233673095703,61.97965621948242,52.421600341796875
2015-03-25,27.409345626831055,18.54800033569336,28.1008243560791,73.57850646972656,44.14165115356445,35.43439865112305,0.5061731934547424,60.59804916381836,60.71419906616211,52.63248825073242
2015-03-26,27.60039520263672,18.36750030517578,27.934297561645508,73.43183898925781,44.08982849121094,35.22074508666992,0.5044888854026794,59.97026062011719,60.584896087646484,52.297550201416016
2015-03-27,27.380464553833008,18.527999877929688,27.632476806640625,73.57850646972656,44.09722900390625,35.015628814697266,0.5143524408340454,60.087032318115234,60.5386962890625,51.83856964111328
2015-03-30,28.073579788208008,18.72949981689453,27.81039810180664,74.46578979492188,45.141334533691406,35.007076263427734,0.5165179967880249,60.3863525390625,60.64954376220703,53.11003875732422
2015-03-31,27.642610549926758,18.604999542236328,27.491228103637695,73.7691879272461,44.85994338989258,34.75069046020508,0.5035267472267151,59.81692886352539,60.41861343383789,52.71931076049805
2015-04-01,27.60262680053711,18.51300048828125,27.233020782470703,72.70592498779297,44.68849563598633,34.801971435546875,0.5054513812065125,60.094337463378906,60.20616912841797,52.38438415527344
2015-04-02,27.8403263092041,18.612499237060547,26.827611923217773,73.06521606445312,45.11338424682617,34.4344596862793,0.5066540241241455,60.17464828491211,60.30779266357422,52.285160064697266
2015-04-06,28.291292190551758,18.851999282836914,26.958452224731445,72.71322631835938,45.076114654541016,35.51131820678711,0.521329402923584,60.61994552612305,60.22464370727539,52.799930572509766
2015-04-07,27.993608474731445,18.720500946044922,27.003555297851562,73.40252685546875,45.359378814697266,35.49424362182617,0.5259004235267639,60.145450592041016,60.77887725830078,53.184471130371094
2015-04-08,27.90252685546875,19.059999465942383,27.2008056640625,73.446533203125,45.50846862792969,35.400230407714844,0.5297495722770691,60.4228401184082,61.42546081542969,52.136295318603516
2015-04-09,28.11578941345215,19.177000045776367,27.160167694091797,74.30449676513672,45.8215446472168,35.451507568359375,0.5420191287994385,60.51043701171875,61.37001419067383,52.502227783203125
2015-04-10,28.235754013061523,19.13249969482422,27.185937881469727,74.83979034423828,45.993003845214844,35.6566276550293,0.547552227973938,60.84624099731445,61.27765655517578,53.066646575927734
2015-04-13,28.18021583557129,19.118000030517578,27.19089126586914,73.73251342773438,46.26880645751953,35.69081115722656,0.5424998998641968,60.90464782714844,60.603370666503906,52.930213928222656
2015-04-14,28.058032989501953,19.25550079345703,26.751789093017578,73.71050262451172,46.99188232421875,35.5968017578125,0.5379292368888855,61.028743743896484,60.52947998046875,53.73025894165039
2015-04-15,28.164670944213867,19.172500610351562,26.81422996520996,73.7691879272461,47.864036560058594,36.11814880371094,0.544424831867218,60.96303939819336,60.668033599853516,54.62961196899414
2015-04-16,28.029155731201172,19.302000045776367,26.937143325805664,73.17517852783203,47.56584548950195,36.032684326171875,0.5410565137863159,60.955726623535156,60.640316009521484,54.41252136230469
2015-04-17,27.713695526123047,18.777999877929688,26.40287971496582,73.02120208740234,46.84278869628906,35.57117462158203,0.5340798497200012,60.247642517089844,59.59653854370117,53.91633224487305
2015-04-20,28.346834182739258,19.475500106811523,26.98719596862793,73.48316192626953,47.140960693359375,36.67367172241211,0.531433641910553,60.495849609375,59.78127670288086,54.108619689941406
2015-04-21,28.193544387817383,19.55900001525879,26.907405853271484,73.54918670654297,46.447715759277344,36.44292449951172,0.5307117104530334,60.6491584777832,60.363189697265625,53.88534164428711
2015-04-22,28.573436737060547,19.489999771118164,27.217655181884766,73.6445083618164,46.917327880859375,36.7420654296875,0.5367264151573181,60.65644073486328,62.82020950317383,54.245052337646484
2015-04-23,28.80668830871582,19.499500274658203,27.62801170349121,73.6664810180664,46.81296157836914,37.04118347167969,0.5345609188079834,59.56954574584961,62.552364349365234,54.294673919677734
2015-04-24,28.942203521728516,22.2549991607666,28.430896759033203,74.1211929321289,46.663875579833984,40.912811279296875,0.5299902558326721,59.60633087158203,62.33064651489258,53.94114303588867
2015-04-27,29.468706130981445,21.92799949645996,28.05721092224121,73.75452423095703,46.47007369995117,41.04956817626953,0.5340798497200012,59.31199645996094,61.97965621948242,53.965965270996094
2015-04-28,29.004411697387695,21.465499877929688,27.97047996520996,73.87183380126953,46.78316116333008,42.01533889770508,0.5367264151573181,59.17953872680664,61.674842834472656,54.45594787597656
2015-04-29,28.577871322631836,21.4685001373291,27.82278823852539,73.61517333984375,47.40930938720703,41.92987823486328,0.532636284828186,58.760066986083984,62.20136260986328,54.49937057495117
2015-04-30,27.802555084228516,21.089000701904297,27.197336196899414,72.74256134033203,47.155860900878906,41.5709114074707,0.5340798497200012,58.509883880615234,61.00981140136719,54.189239501953125
2015-05-01,28.646747589111328,21.14349937438965,27.315786361694336,73.42454528808594,47.41676712036133,41.58800506591797,0.5473116040229797,59.083866119384766,60.751163482666016,55.107173919677734
2015-05-04,28.591205596923828,21.152000427246094,27.399049758911133,73.58587646484375,48.24419403076172,41.229034423828125,0.5439435243606567,59.128028869628906,60.57565689086914,55.2684440612793
2015-05-05,27.94696044921875,21.059499740600586,26.913352966308594,72.96255493164062,48.00566101074219,40.68205261230469,0.5299902558326721,58.92196273803711,60.9266471862793,54.95832824707031
2015-05-06,27.771451950073242,20.954999923706055,26.518850326538086,72.72056579589844,47.64784240722656,39.55391311645508,0.5316741466522217,59.16481399536133,60.65878677368164,54.69783020019531
2015-05-07,27.94322967529297,21.3439998626709,26.863792419433594,73.07990264892578,48.080204010009766,39.9128532409668,0.5410565137863159,59.01762771606445,61.49936294555664,54.33190155029297
2015-05-08,28.469703674316406,21.684499740600586,27.206256866455078,74.40715026855469,48.81815719604492,40.810264587402344,0.501120924949646,59.576908111572266,64.16880798339844,55.19402313232422
2015-05-11,28.17969512939453,21.642499923706055,27.049148559570312,74.08447265625,48.78836441040039,40.4854850769043,0.49630942940711975,59.06914520263672,63.753150939941406,54.26850509643555
2015-05-12,28.07931137084961,21.551000595092773,26.69974708557129,73.67385864257812,48.72127151489258,40.468379974365234,0.501120924949646,58.833656311035156,63.44832229614258,54.418556213378906
2015-05-13,28.11054039001465,21.3435001373291,26.737415313720703,73.73251342773438,48.840538024902344,40.707698822021484,0.5040079951286316,58.649688720703125,63.52235794067383,54.13090133666992
2015-05-14,28.766401290893555,21.61400032043457,27.218643188476562,74.6711196899414,49.23562240600586,41.63928985595703,0.5121874213218689,59.289913177490234,64.77153778076172,54.38728713989258
2015-05-15,28.726245880126953,21.299999237060547,27.08433723449707,75.01577758789062,49.1088981628418,41.28030776977539,0.5124281644821167,59.643131256103516,64.3736343383789,54.62494659423828
2015-05-18,29.04301643371582,21.261999130249023,27.093259811401367,75.8370590209961,49.51142501831055,41.032470703125,0.511706531047821,59.41500473022461,64.77153778076172,54.312252044677734
2015-05-19,29.016265869140625,21.085500717163086,27.222614288330078,76.23306274414062,49.95123291015625,40.92924499511719,0.5085160732269287,59.48121643066406,64.9195785522461,54.39980697631836
2015-05-20,29.014022827148438,21.19300079345703,27.382692337036133,75.96906280517578,49.556156158447266,40.92924499511719,0.5085160732269287,59.22368621826172,64.56793212890625,54.48735809326172
2015-05-21,29.310728073120117,21.581499099731445,27.595802307128906,75.65142059326172,49.68287658691406,40.791603088378906,0.5048907995223999,59.17216491699219,64.18856048583984,54.537391662597656
2015-05-22,29.567262649536133,21.381500244140625,27.482309341430664,74.86109161376953,49.5487060546875,40.34429168701172,0.5041654706001282,58.833656311035156,64.41991424560547,54.10588836669922
2015-05-26,28.91586685180664,21.273500442504883,27.119029998779297,74.46963500976562,48.99708938598633,40.0776252746582,0.5010237097740173,58.23759841918945,63.42054748535156,53.37421417236328
2015-05-27,29.45572853088379,21.570999145507812,27.468929290771484,74.69860076904297,49.5487060546875,40.955055236816406,0.5278512239456177,58.42157745361328,64.29961395263672,53.22415542602539
2015-05-28,29.397722244262695,21.328500747680664,27.4654598236084,74.71336364746094,49.3474235534668,40.81740951538086,0.5351019501686096,58.37743377685547,64.36438751220703,53.22415542602539
2015-05-29,29.06309700012207,21.46150016784668,27.026351928710938,73.96733093261719,49.03434753417969,40.30989456176758,0.5348600149154663,57.6856689453125,63.55009078979492,53.280426025390625
2015-06-01,29.121103286743164,21.54599952697754,27.21914291381836,73.8934555053711,49.25797653198242,40.628170013427734,0.5409026145935059,58.024208068847656,63.9480094909668,53.236637115478516
2015-06-02,28.991718292236328,21.54949951171875,27.45406150817871,73.84916687011719,49.21324157714844,40.361515045166016,0.530268132686615,57.79605484008789,63.88323211669922,53.24290084838867
2015-06-03,29.02740478515625,21.829500198364258,27.520469665527344,73.93040466308594,49.72015380859375,40.30127716064453,0.5244675278663635,57.810794830322266,63.7999267578125,53.12407684326172
2015-06-04,28.857860565185547,21.538999557495117,27.342050552368164,73.29518127441406,49.4443359375,39.87978744506836,0.5338934659957886,57.50909423828125,63.11519241333008,52.66756057739258
2015-06-05,28.69947624206543,21.34749984741211,27.23499870300293,72.82244110107422,50.25685501098633,39.69051742553711,0.5380021333694458,56.979251861572266,63.26324462890625,52.70509719848633
2015-06-08,28.50985336303711,21.174999237060547,26.935157775878906,72.35709381103516,49.86177444458008,39.337833404541016,0.5256760716438293,57.185306549072266,62.62480163574219,53.06155776977539
2015-06-09,28.425079345703125,21.27400016784668,26.869739532470703,72.54175567626953,50.07796859741211,39.26901626586914,0.5283345580101013,58.06099319458008,62.87462615966797,52.89269256591797
2015-06-10,28.750783920288086,21.53849983215332,27.387149810791016,73.03663635253906,50.88301467895508,40.09484100341797,0.5189085602760315,58.53197479248047,64.42912292480469,53.28665542602539
2015-06-11,28.686094284057617,21.648500442504883,27.260278701782227,73.30255889892578,51.076820373535156,39.94858169555664,0.5244675278663635,58.43629455566406,64.43840789794922,53.21162414550781
2015-06-12,28.36931610107422,21.496000289916992,27.132909774780273,72.64518737792969,50.87554931640625,39.54429244995117,0.5102078914642334,58.03891372680664,64.15155792236328,52.542484283447266
2015-06-15,28.31354522705078,21.183500289916992,26.91136932373047,72.00993347167969,50.68174743652344,39.12278747558594,0.5092411041259766,57.487003326416016,63.44831466674805,52.35488510131836
2015-06-16,28.465238571166992,21.363000869750977,27.00404930114746,72.65255737304688,50.96501541137695,39.42385482788086,0.5155250430107117,58.20817947387695,63.855445861816406,52.955230712890625
2015-06-17,28.398317337036133,21.390499114990234,27.08979034423828,72.92584228515625,50.79355239868164,39.54429244995117,0.5215672850608826,58.9293212890625,63.614891052246094,52.98652267456055
2015-06-18,28.527700424194336,21.969499588012695,27.5645809173584,74.12984466552734,51.27062225341797,40.189453125,0.530268132686615,59.47388458251953,64.30887603759766,53.455543518066406
2015-06-19,28.242158889770508,21.746000289916992,27.63098907470703,73.76051330566406,50.748844146728516,39.6561164855957,0.5285763144493103,59.267826080322266,63.55937194824219,53.28665542602539
2015-06-22,28.46747398376465,21.81450080871582,27.738040924072266,73.93040466308594,51.404815673828125,39.76795196533203,0.5264010429382324,59.20159912109375,63.92947006225586,53.261661529541016
2015-06-23,28.33807945251465,22.29949951171875,27.92190933227539,73.70144653320312,51.99371337890625,39.492679595947266,0.5128663182258606,58.715919494628906,64.23484802246094,53.199119567871094
2015-06-24,28.579010009765625,22.04199981689453,27.683025360107422,73.36902618408203,51.449546813964844,39.26041793823242,0.5077909827232361,58.509883880615234,63.71664047241211,52.955230712890625
2015-06-25,28.44293975830078,22.0049991607666,27.652301788330078,73.21393585205078,51.173728942871094,39.26901626586914,0.5116581320762634,58.42157745361328,63.49458694458008,52.48623275756836
2015-06-26,28.275617599487305,21.905000686645508,27.409948348999023,73.5980453491211,51.39735412597656,38.93355178833008,0.5012653470039368,58.3847770690918,63.614891052246094,52.44244384765625
2015-06-29,27.780378341674805,21.493000030517578,26.82463836669922,72.15029907226562,50.092857360839844,38.167938232421875,0.4862806499004364,57.63418197631836,61.73652267456055,51.792076110839844
2015-06-30,27.98114585876465,21.704500198364258,26.764671325683594,71.98776245117188,50.510311126708984,37.97869873046875,0.48603883385658264,57.575313568115234,62.134395599365234,52.02969741821289
2015-07-01,28.242158889770508,21.86949920654297,26.926237106323242,72.73379516601562,51.07301330566406,38.236751556396484,0.4930478632450104,58.664398193359375,62.7821044921875,51.510650634765625
2015-07-02,28.206466674804688,21.885499954223633,27.12646484375,72.71165466308594,50.66035461425781,38.19374465942383,0.4935312867164612,58.8189582824707,63.14297103881836,51.99219512939453
2015-07-06,28.108308792114258,21.802000045776367,27.041221618652344,72.53436279296875,50.51779556274414,38.18514633178711,0.48748892545700073,58.90724182128906,63.03195571899414,51.61070251464844
2015-07-07,28.039146423339844,21.836000442504883,27.259780883789062,73.06617736816406,50.12014389038086,38.107730865478516,0.4783047139644623,60.13618087768555,62.70806121826172,51.82332992553711
2015-07-08,27.343135833740234,21.485000610351562,26.846940994262695,72.21676635742188,49.092227935791016,38.05611038208008,0.4749211370944977,59.5989990234375,61.74576950073242,51.26051330566406
2015-07-09,26.785432815551758,21.719499588012695,26.993144989013672,72.68209838867188,49.60243225097656,38.29697036743164,0.46912050247192383,59.356143951416016,62.041866302490234,51.02912139892578
2015-07-10,27.50153350830078,22.175500869750977,27.56110954284668,73.51675415039062,50.30772399902344,38.37439727783203,0.477338045835495,59.56954574584961,63.30952453613281,51.416866302490234
2015-07-13,28.032466888427734,22.778499603271484,28.335243225097656,74.06334686279297,51.088043212890625,39.17439651489258,0.4804799258708954,60.27600860595703,64.32737731933594,51.54191970825195
2015-07-14,28.021312713623047,23.278499603271484,28.9522762298584,73.70144653320312,51.800804138183594,39.243228912353516,0.480721652507782,60.37165069580078,64.8640365600586,51.97343063354492
2015-07-15,28.291234970092773,23.059499740600586,28.941370010375977,74.17416381835938,51.91336441040039,39.363643646240234,0.477338045835495,60.45259475708008,64.79002380371094,51.754539489746094
2015-07-16,28.668243408203125,23.77400016784668,29.824539184570312,74.68383026123047,52.19097137451172,40.13783264160156,0.4879724681377411,60.562984466552734,65.29896545410156,51.848358154296875
2015-07-17,28.91586685180664,24.15049934387207,34.67354202270508,73.92302703857422,51.92836380004883,40.103431701660156,0.4850720763206482,60.51882553100586,65.58580780029297,51.660743713378906
2015-07-20,29.46240997314453,24.405000686645508,34.337520599365234,74.13722229003906,51.96590042114258,40.361515045166016,0.47612956166267395,60.4820556640625,67.26984405517578,51.12918472290039
2015-07-21,29.167951583862305,24.399999618530273,34.46192169189453,74.11505126953125,51.8458366394043,40.67118453979492,0.4783047139644623,60.069950103759766,66.6406478881836,51.066654205322266
2015-07-22,27.934301376342773,24.41349983215332,34.44953536987305,73.99690246582031,52.58113479614258,39.17439651489258,0.46912050247192383,59.96828079223633,66.5943603515625,51.147945404052734
2015-07-23,27.920917510986328,24.108999252319336,33.43998336791992,74.01164245605469,52.25099563598633,39.66471862792969,0.4749211370944977,59.87186050415039,66.39082336425781,50.741458892822266
2015-07-24,27.77368927001953,26.47100067138672,32.45075607299805,73.23611450195312,51.70328903198242,39.51847457885742,0.46936219930648804,59.56767272949219,69.21299743652344,49.99104690551758
2015-07-27,27.38775634765625,26.570499420166016,32.62421798706055,72.5934829711914,51.02801513671875,39.01095199584961,0.46670371294021606,59.33026885986328,68.34319305419922,49.5657958984375
2015-07-28,27.52383804321289,26.30150032043457,32.69310760498047,73.14006042480469,51.058021545410156,39.00234603881836,0.476854532957077,59.523170471191406,69.15748596191406,51.57945251464844
2015-07-29,27.43683433532715,26.450000762939453,32.78082275390625,73.66450500488281,51.725791931152344,39.81955337524414,0.4826551079750061,59.812503814697266,70.33262634277344,51.99219512939453
2015-07-30,27.29851722717285,26.83799934387207,32.93594741821289,73.74574279785156,51.800804138183594,40.32709884643555,0.48386362195014954,57.41615295410156,70.67497253417969,51.910892486572266
2015-07-31,27.05982208251953,26.8075008392334,32.586055755615234,74.01902770996094,51.41814422607422,40.17224884033203,0.4821717143058777,56.904239654541016,69.71266174316406,49.5345344543457
2015-08-03,26.421810150146484,26.75149917602539,32.94388198852539,73.87869262695312,51.41814422607422,40.266876220703125,0.49038922786712646,56.6816520690918,70.11053466796875,48.81538391113281
2015-08-04,25.574098587036133,26.594999313354492,32.77338409423828,73.71622467041016,51.36564254760742,40.89483642578125,0.4923226833343506,56.318138122558594,69.64787292480469,48.25880813598633
2015-08-05,25.74363899230957,26.850500106811523,33.36861038208008,74.24801635742188,51.56821823120117,40.92924499511719,0.4973982572555542,56.21424865722656,69.37957000732422,48.25880813598633
2015-08-06,25.79966163635254,26.472999572753906,33.21299362182617,73.1769790649414,51.20808410644531,40.103431701660156,0.49425622820854187,56.192012786865234,68.0841293334961,48.8341064453125
2015-08-07,25.887056350708008,26.131000518798828,32.92752456665039,73.01448822021484,51.058021545410156,40.20668029785156,0.5554038286209106,55.999114990234375,68.66706848144531,48.04618453979492
2015-08-10,26.828250885009766,26.200000762939453,32.865577697753906,73.70880126953125,51.688262939453125,40.71418380737305,0.5747391581535339,56.66682815551758,68.82437896728516,49.246856689453125
2015-08-11,25.43215560913086,26.37299919128418,34.211639404296875,73.13267517089844,51.193084716796875,39.922786712646484,0.5718387961387634,56.548126220703125,67.88056945800781,48.912322998046875
2015-08-12,25.824312210083008,26.295499801635742,34.269622802734375,72.91108703613281,50.45027160644531,40.20668029785156,0.5732887983322144,56.67424392700195,68.15860748291016,49.7328987121582
2015-08-13,25.80415153503418,26.482999801635742,34.0238037109375,72.74120330810547,50.6828727722168,40.19806671142578,0.568454921245575,56.2216682434082,68.52006530761719,49.64452362060547
2015-08-14,25.985660552978516,26.576000213623047,34.16554641723633,72.98495483398438,50.93795394897461,40.43031311035156,0.5689384341239929,56.102970123291016,68.78883361816406,49.46147537231445
2015-08-17,26.254568099975586,26.76099967956543,34.40046691894531,73.76792907714844,51.07301330566406,40.705589294433594,0.5653131604194641,56.03620147705078,68.96493530273438,49.72026062011719
2015-08-18,26.106670379638672,26.750999450683594,34.133827209472656,73.3985824584961,51.178070068359375,40.93072509765625,0.5601680278778076,55.73942565917969,69.02055358886719,49.17112350463867
2015-08-19,25.77277374267578,26.645999908447266,34.39699172973633,73.3542709350586,50.720394134521484,40.35923767089844,0.5579832792282104,54.9901008605957,68.95567321777344,48.11699676513672
2015-08-20,25.243919372558594,25.788999557495117,33.67539596557617,72.97016906738281,49.47488021850586,39.53663635253906,0.537838876247406,54.83430862426758,68.5385971069336,47.069210052490234
2015-08-21,23.69993019104004,24.723499298095703,31.91847801208496,71.12430572509766,47.71918487548828,37.29396438598633,0.521091878414154,53.298561096191406,65.98057556152344,45.52903747558594
2015-08-24,23.10832405090332,23.168500900268555,30.63386344909668,69.08496856689453,45.205665588378906,36.09037780761719,0.5026462078094482,51.29541778564453,63.35764694213867,43.37664031982422
2015-08-25,23.24726104736328,23.318500518798828,30.35434341430664,67.5294418334961,44.9505729675293,35.04266357421875,0.49220985174179077,50.7612419128418,62.06938552856445,43.37032699584961
2015-08-26,24.580604553222656,25.03849983215332,32.697059631347656,70.78941345214844,47.20147705078125,36.982242584228516,0.5293439030647278,52.6011848449707,65.51718139648438,45.7625846862793
2015-08-27,25.304424285888672,25.918500900268555,33.104454040527344,71.61554718017578,48.37944412231445,38.01266860961914,0.5492460131645203,53.03150177001953,67.10203552246094,47.245933532714844
2015-08-28,25.38733673095703,25.90049934387207,32.69458770751953,70.8340835571289,48.11682891845703,38.03863525390625,0.5516730546951294,52.83118438720703,67.15764617919922,47.384803771972656
2015-08-31,25.268566131591797,25.644500732421875,32.106300354003906,69.94834899902344,48.09432601928711,37.683616638183594,0.5456053614616394,52.43053436279297,66.08250427246094,47.49211502075195
2015-09-01,24.139144897460938,24.82699966430664,31.20133399963379,68.54164123535156,46.10602951049805,36.21160125732422,0.5232760906219482,51.11737060546875,63.913734436035156,45.497493743896484
2015-09-02,25.174448013305664,25.52750015258789,31.962085723876953,69.47946166992188,46.946372985839844,37.54507827758789,0.5390522480010986,51.79248809814453,64.52547454833984,46.223388671875
2015-09-03,24.73299789428711,25.236000061035156,31.572540283203125,68.95101165771484,47.028900146484375,37.66630554199219,0.5405083298683167,51.88152313232422,65.2483901977539,46.576847076416016
2015-09-04,24.486486434936523,24.950000762939453,31.171592712402344,67.96109008789062,46.143550872802734,36.895660400390625,0.5278878211975098,51.01349639892578,64.09911346435547,45.73734664916992
2015-09-08,25.167728424072266,25.87700080871582,31.91103744506836,69.9185791015625,47.389041900634766,38.00400924682617,0.5504594445228577,51.918609619140625,65.36888122558594,46.39380645751953
2015-09-09,24.68368911743164,25.844499588012695,31.887741088867188,68.63842010498047,46.65375900268555,37.29396438598633,0.5395376086235046,50.80575180053711,64.50690460205078,45.446990966796875
2015-09-10,25.22599220275879,26.11199951171875,32.26787567138672,69.01056671142578,47.01389694213867,37.484466552734375,0.5480323433876038,50.68705749511719,65.09078216552734,45.77520751953125
2015-09-11,25.593494415283203,26.472000122070312,32.47701644897461,69.16686248779297,46.93886184692383,37.648983001708984,0.549731433391571,50.7612419128418,65.58203887939453,45.88254165649414
2015-09-14,25.839998245239258,26.069000244140625,32.336761474609375,69.45712280273438,46.80381393432617,37.26799392700195,0.5507022142410278,50.49415588378906,64.88690948486328,45.75628662109375
2015-09-15,26.0573673248291,26.118499755859375,32.96122741699219,70.26094818115234,47.70417785644531,38.081932067871094,0.5567697286605835,51.52540969848633,65.350341796875,45.98984146118164
2015-09-16,26.086498260498047,26.36949920654297,32.98352813720703,70.41726684570312,48.12433624267578,38.3590202331543,0.5606532096862793,52.007652282714844,65.79519653320312,46.898773193359375
2015-09-17,25.528512954711914,26.943500518798828,33.28832244873047,70.58843231201172,47.00638198852539,38.31572723388672,0.5657501816749573,52.11151885986328,65.76739501953125,46.99976348876953
2015-09-18,25.423192977905273,27.01300048828125,32.75555419921875,69.50922393798828,45.72336959838867,37.648983001708984,0.5652647018432617,51.888946533203125,64.68304443359375,45.8762092590332
2015-09-21,25.81759262084961,27.41950035095215,33.055885314941406,69.31572723388672,46.10602951049805,38.194496154785156,0.5710896849632263,52.415687561035156,65.6005859375,46.32435989379883
2015-09-22,25.411991119384766,26.920000076293945,32.37293243408203,69.39755249023438,45.70086669921875,38.01266860961914,0.5555563569068909,52.07441711425781,65.10934448242188,45.91408157348633
2015-09-23,25.61815643310547,26.803499221801758,32.37740707397461,69.21150970458984,45.49827194213867,37.986690521240234,0.5582261681556702,52.12636184692383,65.75813293457031,45.63634490966797
2015-09-24,25.770530700683594,26.6875,32.45768737792969,68.83194732666016,45.18316650390625,38.02130126953125,0.5689053535461426,52.942447662353516,65.10010528564453,45.907779693603516
2015-09-25,25.705543518066406,26.212499618530273,31.72617530822754,67.73036193847656,46.121028900146484,38.047298431396484,0.5730314254760742,53.91435241699219,65.51718139648438,46.223388671875
2015-09-28,25.196853637695312,25.202999114990234,30.93816375732422,68.0057601928711,45.003089904785156,37.484466552734375,0.565507173538208,53.246646881103516,62.28254318237305,45.82572555541992
2015-09-29,24.439428329467773,24.803499221801758,30.85688591003418,69.24874114990234,44.89804458618164,37.61435317993164,0.5754584074020386,53.625,63.515220642089844,46.05927658081055
2015-09-30,24.717302322387695,25.594499588012695,31.63796043395996,69.47946166992188,45.74589157104492,38.324378967285156,0.5982728004455566,53.37275314331055,64.56251525878906,46.930328369140625
2015-10-01,24.555959701538086,26.035999298095703,31.817861557006836,69.34548950195312,46.08352279663086,38.62744903564453,0.5866228938102722,53.38016891479492,64.86837768554688,46.74726486206055
2015-10-02,24.7352294921875,26.62700080871582,32.56077575683594,69.91114044189453,45.95505142211914,39.45869827270508,0.6019134521484375,53.72887420654297,65.49860382080078,47.89609146118164
2015-10-05,24.82486915588379,27.18400001525879,33.288822174072266,70.52889251708984,46.86946105957031,40.37653732299805,0.6169611811637878,54.322418212890625,66.9444808959961,48.48309326171875
2015-10-06,24.943634033203125,26.874000549316406,33.28683853149414,69.53155517578125,46.89213180541992,40.480464935302734,0.6249708533287048,54.4559326171875,66.80542755126953,49.1648063659668
2015-10-07,24.82486915588379,27.097000122070312,33.20555877685547,70.6926498413086,46.95258712768555,40.52375793457031,0.6315237879753113,54.69335174560547,67.86202239990234,49.99168395996094
2015-10-08,24.53803253173828,26.658000946044922,33.05687713623047,70.76708984375,46.95258712768555,41.086585998535156,0.6351642608642578,55.19785690307617,68.49226379394531,50.51560592651367
2015-10-09,25.125144958496094,26.989999771118164,33.26701736450195,70.98291015625,46.801448822021484,40.79218292236328,0.6327371597290039,55.257205963134766,68.56642150878906,50.029563903808594
2015-10-12,25.008617401123047,27.50950050354004,33.524227142333984,71.4443588256836,46.64274978637695,40.69692611694336,0.6395332217216492,55.14591598510742,69.50247955322266,50.0548095703125
2015-10-13,25.051198959350586,27.44499969482422,33.858272552490234,71.04248046875,46.51427459716797,40.601680755615234,0.6407464742660522,54.98267364501953,69.51175689697266,49.96644592285156
2015-10-14,24.697128295898438,27.241500854492188,33.72148132324219,70.35774230957031,45.335365295410156,40.41984558105469,0.6640462875366211,55.056880950927734,68.770263671875,50.59764862060547
2015-10-15,25.066884994506836,28.121999740600586,34.3464469909668,72.3077621459961,46.771217346191406,40.70558166503906,0.6657453179359436,55.101402282714844,69.82689666748047,51.43084716796875
2015-10-16,24.883132934570312,28.538000106811523,34.460426330566406,73.11902618408203,47.179298400878906,41.13853454589844,0.6761817336082458,55.56881332397461,70.4385986328125,52.06205749511719
2015-10-19,25.03775405883789,28.657499313354492,34.68989562988281,72.89571380615234,47.02061080932617,41.23377990722656,0.674968421459198,55.7617073059082,71.35616302490234,51.12155532836914
2015-10-20,25.494895935058594,28.04400062561035,33.701168060302734,72.6352310180664,47.2473258972168,41.36366653442383,0.6739973425865173,55.22010803222656,70.69810485839844,51.02056884765625
2015-10-21,25.4926700592041,27.78849983215332,33.294769287109375,72.66502380371094,46.899688720703125,40.870113372802734,0.6652598977088928,55.087589263916016,69.93811798095703,50.62921142578125
2015-10-22,25.882572174072266,28.195499420166016,33.75766372680664,74.07916259765625,47.75364303588867,41.58879852294922,0.6892879009246826,56.03080749511719,70.82784271240234,52.320838928222656
2015-10-23,26.68482780456543,29.951499938964844,35.65037536621094,74.65971374511719,48.26752853393555,45.77972412109375,0.6938992738723755,57.662696838378906,71.4302749633789,52.37766647338867
2015-10-26,25.83327865600586,30.430500030517578,36.23469924926758,74.38429260253906,48.29020690917969,46.97465133666992,0.6907442808151245,58.00703048706055,72.45906066894531,51.2667236328125
2015-10-27,25.669696807861328,30.550500869750977,36.31895446777344,74.57041931152344,48.09372329711914,46.4897346496582,0.6902586817741394,57.857337951660156,71.84735870361328,51.18467330932617
2015-10-28,26.72740936279297,30.854999542236328,36.52214813232422,74.78627014160156,49.49934387207031,46.7408561706543,0.6958409547805786,57.2734375,73.09858703613281,51.935813903808594
2015-10-29,27.009756088256836,31.327499389648438,36.915164947509766,75.44866180419922,49.28019332885742,46.20400619506836,0.6718129515647888,57.65520095825195,72.76492309570312,51.904258728027344
2015-10-30,26.778945922851562,31.295000076293945,36.54543685913086,75.19558715820312,48.554718017578125,45.580562591552734,0.688559889793396,57.17613220214844,71.9029769897461,52.22616958618164
2015-11-02,27.15541648864746,31.417499542236328,37.05839157104492,76.04409790039062,49.52958679199219,46.100093841552734,0.6965691447257996,57.3408203125,69.71566009521484,53.82944869995117
2015-11-03,27.466903686523438,31.265499114990234,37.11191940307617,75.88776397705078,49.710941314697266,46.88805389404297,0.6917151808738708,57.67768478393555,72.19953918457031,54.82042694091797
2015-11-04,27.339174270629883,32.04750061035156,37.433563232421875,75.87291717529297,49.76385498046875,47.104530334472656,0.680307924747467,57.685157775878906,72.61663055419922,54.27129364013672
2015-11-05,27.21314239501953,32.782501220703125,37.69921112060547,76.16317749023438,50.20973205566406,47.087215423583984,0.6725411415100098,57.18362045288086,73.46002960205078,53.53276062011719
2015-11-06,27.244657516479492,32.96849822998047,37.745304107666016,75.85801696777344,51.73627471923828,47.55477523803711,0.765740692615509,56.569793701171875,72.98735046386719,53.31816101074219
2015-11-09,27.134376525878906,32.77450180053711,37.40680694580078,75.05416107177734,50.92766189575195,46.8967170715332,0.7623427510261536,56.442527770996094,72.32931518554688,52.17845153808594
2015-11-10,26.27918815612793,32.98400115966797,37.57977294921875,75.50818634033203,51.14681625366211,46.33388137817383,0.7477801442146301,56.719512939453125,73.79631805419922,52.433143615722656
2015-11-11,26.13064956665039,33.662498474121094,37.92620086669922,75.81336212158203,50.897438049316406,46.455108642578125,0.7404990196228027,56.861724853515625,73.51778411865234,51.96833038330078
2015-11-12,26.042879104614258,33.279998779296875,37.49403381347656,74.62992858886719,49.87721252441406,46.16936111450195,0.737829327583313,55.888587951660156,72.70999145507812,50.56120681762695
2015-11-13,25.282207489013672,32.11750030517578,36.67826843261719,74.33966064453125,49.54469680786133,45.75373458862305,0.7232667803764343,55.364585876464844,72.52428436279297,49.727115631103516
2015-11-16,25.69631004333496,32.390499114990234,37.191219329833984,75.33702850341797,50.26261520385742,46.559017181396484,0.737829327583313,56.36766815185547,73.25779724121094,51.50990295410156
2015-11-17,25.586027145385742,32.165000915527344,36.971168518066406,75.54541778564453,49.97544860839844,46.17546081542969,0.737829327583313,56.19548416137695,73.19281768798828,50.91139221191406
2015-11-18,26.396209716796875,33.176998138427734,37.66650390625,76.41624450683594,50.9730110168457,46.94258117675781,0.7559796571731567,56.816810607910156,74.70623779296875,51.40803146362305
2015-11-19,26.73153305053711,33.063499450683594,37.66303634643555,76.28227233886719,51.13169860839844,47.02102279663086,0.758172333240509,57.05634689331055,74.41839599609375,51.12788009643555
2015-11-20,26.84856414794922,33.42250061035156,38.5085334777832,76.83708190917969,51.04100799560547,47.23896789550781,0.7647504806518555,56.75691604614258,74.4555435180664,50.80315399169922
2015-11-23,26.499736785888672,33.949501037597656,38.49366760253906,77.05452728271484,50.542236328125,47.23896789550781,0.7532998323440552,56.86920928955078,74.38126373291016,51.11513900756836
2015-11-24,26.754039764404297,33.557498931884766,38.14327621459961,76.50718688964844,50.46666717529297,47.29127883911133,0.7593905925750732,57.228515625,74.08415985107422,52.133872985839844
2015-11-25,26.562747955322266,33.766998291015625,38.124942779541016,76.44721984863281,50.527130126953125,46.8030891418457,0.758415937423706,56.816810607910156,73.87059783935547,51.732765197753906
2015-11-27,26.51323890686035,33.66299819946289,38.259239196777344,76.75462341308594,50.76139450073242,47.01232147216797,0.7647504806518555,56.66709518432617,74.13054656982422,51.72001647949219
2015-11-30,26.623510360717773,33.2400016784668,37.807254791259766,75.90736389160156,50.3911018371582,47.37843704223633,0.7727900147438049,56.0233154296875,73.35993194580078,51.99380111694336
2015-12-01,26.407455444335938,33.952999114990234,38.84505081176758,76.74713897705078,51.093910217285156,48.13684844970703,0.7978836894035339,56.846763610839844,74.19556427001953,52.1402587890625
2015-12-02,26.168907165527344,33.800498962402344,38.550662994384766,76.51468658447266,50.3759880065918,48.128135681152344,0.7917933464050293,56.73446273803711,73.38780212402344,50.65034866333008
2015-12-03,25.92584991455078,33.3125,38.07240676879883,75.56998443603516,49.72606658935547,47.24769592285156,0.7900878190994263,56.6970329284668,72.69142150878906,49.92449951171875
2015-12-04,26.787799835205078,33.63199996948242,38.618064880371094,77.18950653076172,51.30549621582031,48.73833084106445,0.822246789932251,58.26156997680664,74.65054321289062,50.21101379394531
2015-12-07,26.61901092529297,33.49150085449219,38.30979537963867,77.46692657470703,50.6329231262207,48.65117263793945,0.8066545128822327,58.665802001953125,73.86132049560547,48.899383544921875
2015-12-08,26.607759475708008,33.86650085449219,38.41635513305664,76.7921371459961,49.846981048583984,48.63373947143555,0.8176177144050598,58.20167541503906,73.41563415527344,47.517723083496094
2015-12-09,26.020376205444336,33.239498138427734,37.79238510131836,76.58965301513672,49.469112396240234,47.927635192871094,0.7969093322753906,58.164249420166016,72.31075286865234,48.15443801879883
2015-12-10,26.1441593170166,33.11600112915039,37.66798400878906,76.95707702636719,49.58247756958008,48.18043899536133,0.8034871816635132,58.23161315917969,72.53356170654297,48.1926383972168
2015-12-11,25.471248626708984,32.00749969482422,37.191219329833984,76.23726654052734,48.41867446899414,47.12565231323242,0.7915494441986084,58.2241325378418,70.66732025146484,47.33308029174805
2015-12-14,25.313716888427734,32.89550018310547,37.79188919067383,76.58965301513672,48.5698127746582,48.06711196899414,0.7934985756874084,58.60590744018555,71.37294006347656,48.409122467041016
2015-12-15,24.865867614746094,32.93199920654297,37.670467376708984,78.07422637939453,49.952781677246094,48.119407653808594,0.8032435774803162,59.64643096923828,72.99781036376953,50.573936462402344
2015-12-16,25.05715560913086,33.78850173950195,38.48820877075195,78.91398620605469,51.03345489501953,48.93013000488281,0.8081161379814148,60.627044677734375,74.1491470336914,50.39564514160156
2015-12-17,24.526044845581055,33.532501220703125,38.15318298339844,77.70684051513672,50.08879852294922,48.55526351928711,0.7959349751472473,60.103065490722656,73.06280517578125,49.637969970703125
2015-12-18,23.86213493347168,33.207000732421875,37.5098876953125,76.43974304199219,48.66805648803711,47.18666076660156,0.7830225229263306,58.486106872558594,70.86228942871094,49.204994201660156
2015-12-21,24.154705047607422,33.22549819946289,37.70565414428711,76.16230010986328,49.52958679199219,47.796871185302734,0.8015382885932922,59.09996795654297,71.6515121459961,49.1922721862793
2015-12-22,24.132205963134766,33.157501220703125,38.019371032714844,77.0095443725586,49.6353874206543,48.25017547607422,0.8022691607475281,59.58654022216797,71.84648895263672,49.44059753417969
2015-12-23,24.442764282226562,33.185001373291016,38.087764739990234,77.5943603515625,50.42888641357422,48.65988540649414,0.8054363131523132,59.826053619384766,72.94207763671875,51.05783462524414
2015-12-24,24.312236785888672,33.13949966430664,37.955440521240234,77.76679992675781,50.33063888549805,48.529117584228516,0.8081161379814148,59.7287712097168,72.66356658935547,50.5102653503418
2015-12-28,24.0399227142334,33.7599983215332,38.768226623535156,77.39192962646484,50.16439437866211,48.77320098876953,0.8073850274085999,59.826053619384766,72.91425323486328,50.13459777832031
2015-12-29,24.47202491760254,34.69850158691406,39.349082946777344,77.99923706054688,50.685829162597656,49.2962532043457,0.820541262626648,60.15545654296875,73.54561614990234,50.40202713012695
2015-12-30,24.152450561523438,34.45349884033203,39.167694091796875,77.81180572509766,50.32307434082031,49.0870361328125,0.8134760856628418,59.93836212158203,72.74713134765625,49.73348617553711
2015-12-31,23.6888427734375,33.794498443603516,38.55859375,77.01705169677734,49.89987564086914,48.36350631713867,0.8030002117156982,59.4443244934082,72.00434112548828,49.63159942626953
2016-01-04,23.70909881591797,31.84950065612793,37.638248443603516,75.33755493164062,48.40114212036133,47.77071762084961,0.7886258959770203,58.665802001953125,70.28662109375,49.31962585449219
2016-01-05,23.114967346191406,31.68950080871582,37.74184036254883,75.65245819091797,48.48482131958008,47.9886474609375,0.8012944459915161,58.85293960571289,70.81587219238281,49.739845275878906
2016-01-06,22.662620544433594,31.63249969482422,37.6328010559082,75.2700424194336,47.78489303588867,47.11692428588867,0.7681609988212585,58.28401565551758,69.88738250732422,49.32600021362305
2016-01-07,21.70615577697754,30.39699935913086,36.72435760498047,74.39281463623047,45.852508544921875,45.47807693481445,0.7377074956893921,57.77497863769531,68.51319122314453,48.53645706176758
2016-01-08,21.820926666259766,30.352500915527344,36.22428894042969,73.59807586669922,44.825435638427734,45.6175651550293,0.7218714952468872,56.86920928955078,67.66828918457031,47.55593490600586
2016-01-11,22.174259185791016,30.886999130249023,36.33134078979492,73.15570068359375,44.75697326660156,45.59141159057617,0.7230896949768066,57.39321517944336,68.6339111328125,46.91920852661133
2016-01-12,22.496082305908203,30.894500732421875,36.939449310302734,73.65804290771484,44.855865478515625,46.009830474853516,0.7352710962295532,57.2734375,69.41385650634766,47.88063430786133
2016-01-13,21.917699813842773,29.090499877929688,35.662269592285156,72.74331665039062,43.6234016418457,45.01606750488281,0.7128573656082153,56.77937698364258,67.87256622314453,48.167179107666016
2016-01-14,22.39706039428711,29.649999618530273,36.248077392578125,74.14541625976562,44.277679443359375,46.29750442504883,0.6984832286834717,57.003963470458984,68.52251434326172,50.37656021118164
2016-01-15,21.85918426513672,28.509000778198242,35.21226119995117,72.72833251953125,43.39518356323242,44.44942855834961,0.6604772806167603,56.12813949584961,66.69338989257812,49.396026611328125
2016-01-19,21.7534122467041,28.724000930786133,35.63798904418945,73.10321807861328,43.37234115600586,44.07460403442383,0.6658371090888977,57.4381217956543,66.28484344482422,48.64469909667969
2016-01-20,21.782670974731445,28.588499069213867,35.61221694946289,71.79109954833984,42.231170654296875,44.275089263916016,0.6694914102554321,57.25918197631836,65.62560272216797,46.59450149536133
2016-01-21,21.672388076782227,28.750999450683594,36.01415252685547,71.93354034423828,42.033363342285156,44.00486755371094,0.6772876381874084,57.93121337890625,66.44268035888672,47.18025207519531
2016-01-22,22.82465171813965,29.819000244140625,36.945396423339844,72.5408935546875,43.32669448852539,45.58268356323242,0.6931234002113342,58.414459228515625,67.50115203857422,48.75294494628906
2016-01-25,22.379053115844727,29.826499938964844,36.358604431152344,72.27845764160156,42.34528732299805,45.146827697753906,0.6923925280570984,58.02936935424805,66.60979461669922,47.10386657714844
2016-01-26,22.502830505371094,30.0625,36.36702346801758,75.86238861083984,43.42560577392578,45.47807693481445,0.6992142796516418,59.509361267089844,66.73979949951172,48.8357048034668
2016-01-27,21.024246215820312,29.167499542236328,35.56364822387695,76.59716796875,43.39518356323242,44.64993667602539,0.6909307837486267,59.501800537109375,65.83917999267578,47.937950134277344
2016-01-28,21.175029754638672,31.767499923706055,37.08615493774414,76.67964935302734,43.577754974365234,45.38219451904297,0.6833783984184265,60.272010803222656,64.37214660644531,49.02037048339844
2016-01-29,21.90644073486328,29.350000381469727,37.732913970947266,78.3066635131836,45.266700744628906,48.02352523803711,0.713588297367096,61.68403244018555,69.16315460205078,49.56794357299805
2016-02-01,21.701644897460938,28.74049949645996,38.199771881103516,78.25418090820312,44.77980041503906,47.6922721862793,0.713831901550293,61.25363540649414,69.06101989746094,48.57465744018555
2016-02-02,21.262802124023438,27.604999542236328,38.70232009887695,77.53437805175781,43.38755798339844,46.20161437988281,0.683621883392334,60.57406997680664,68.15111541748047,47.49224090576172
2016-02-03,21.68364906311035,26.553499221801758,37.13967514038086,78.08172607421875,43.67665481567383,45.46935272216797,0.6870328187942505,61.2385368347168,69.06101989746094,49.96906280517578
2016-02-04,21.85787582397461,26.812999725341797,36.18067932128906,77.90176391601562,44.429847717285156,45.32988739013672,0.6872762441635132,60.93648910522461,68.41110229492188,50.828617095947266
2016-02-05,21.27410125732422,25.10650062561035,34.87872314453125,75.38255310058594,43.93531799316406,43.725914001464844,0.6439104676246643,61.31404113769531,66.42413330078125,50.9878044128418
2016-02-08,21.498104095458984,24.405000686645508,34.89854431152344,76.47721862792969,43.014774322509766,43.07209777832031,0.6144315600395203,62.38630676269531,62.923702239990234,51.67546081542969
2016-02-09,21.493581771850586,24.103500366210938,34.742919921875,76.4547119140625,42.7561149597168,42.95879364013672,0.6210092902183533,62.40140151977539,63.443668365478516,51.45057678222656
2016-02-10,21.33065414428711,24.52400016784668,35.031864166259766,76.27472686767578,42.238773345947266,43.33362579345703,0.6195475459098816,61.63119888305664,65.13353729248047,50.98155212402344
2016-02-11,21.20168113708496,25.19099998474121,35.0075798034668,76.25228118896484,40.374855041503906,43.31619644165039,0.6163804531097412,60.33241653442383,63.573673248291016,51.14217758178711
2016-02-12,21.267305374145508,25.354000091552734,35.033851623535156,76.34224700927734,43.73752212524414,44.02228927612305,0.6268564462661743,61.15549087524414,65.38421630859375,52.060943603515625
2016-02-16,21.866924285888672,26.05500030517578,35.56662368774414,76.7171401977539,44.39180374145508,44.856380462646484,0.6575537323951721,61.51791763305664,66.01557922363281,52.183013916015625
2016-02-17,22.201812744140625,26.704999923706055,36.27682113647461,76.85209655761719,44.71131896972656,46.02409744262695,0.6738770008087158,62.257930755615234,67.01103973388672,52.68414306640625
2016-02-18,21.780942916870117,26.25,35.560184478759766,78.15672302246094,43.98097610473633,45.82215881347656,0.7318603992462158,61.903053283691406,66.27607727050781,52.97328567504883
2016-02-19,21.731159210205078,26.7450008392334,35.78816223144531,78.66270446777344,43.988582611083984,45.49730682373047,0.7416055798530579,61.75957489013672,66.54588317871094,53.005401611328125
2016-02-22,21.921232223510742,27.975000381469727,36.13210678100586,79.1082763671875,44.55916976928711,46.226043701171875,0.7679173350334167,62.016319274902344,67.96925354003906,52.93472671508789
2016-02-23,21.425695419311523,27.64699935913086,35.54927444458008,78.60227966308594,42.69525146484375,44.935394287109375,0.7698665261268616,61.77467346191406,67.12267303466797,52.1894416809082
2016-02-24,21.744741439819336,27.70199966430664,35.72819137573242,79.26686096191406,42.71046447753906,45.09342956542969,0.7752262353897095,61.58588409423828,66.8436050415039,52.37576675415039
2016-02-25,21.89408302307129,27.75749969482422,36.13557815551758,80.33924865722656,43.37234115600586,45.743133544921875,0.7769315838813782,62.17488098144531,68.16461944580078,52.69057846069336
2016-02-26,21.928016662597656,27.761499404907227,35.924442291259766,79.88613891601562,43.77557373046875,45.04075622558594,0.7718155384063721,61.2385368347168,67.6622314453125,52.52355194091797
2016-02-29,21.878236770629883,27.625999450683594,35.545806884765625,79.45565795898438,42.83218765258789,44.6719970703125,0.7668026685714722,60.626914978027344,67.345947265625,51.495548248291016
2016-03-01,22.74712562561035,28.95199966430664,36.782344818115234,80.9736328125,45.03846740722656,46.164573669433594,0.8007906079292297,61.33668899536133,69.43913269042969,52.221561431884766
2016-03-02,22.796903610229492,29.010499954223633,36.64902114868164,80.83770751953125,45.46449279785156,46.48942565917969,0.8054365515708923,62.333457946777344,69.12284088134766,53.13389587402344
2016-03-03,22.96660804748535,28.874500274658203,36.25798797607422,80.54315185546875,45.61667251586914,45.96265411376953,0.7983455657958984,62.55242919921875,68.7600326538086,52.94112777709961
2016-03-04,23.30828285217285,28.756999969482422,36.19009780883789,80.42989349365234,45.68513870239258,45.68169021606445,0.7959004044532776,63.04323196411133,68.75071716308594,52.870479583740234
2016-03-07,23.050329208374023,28.139999389648438,35.326744079589844,80.61114501953125,45.601444244384766,44.80368423461914,0.7907654643058777,62.74871826171875,66.92730712890625,54.264686584472656
2016-03-08,22.860258102416992,28.01300048828125,35.36293029785156,80.21842956542969,44.718929290771484,45.34804916381836,0.776339054107666,62.71852493286133,65.69926452636719,53.08891296386719
2016-03-09,22.880619049072266,27.973499298095703,35.95170974731445,80.68666076660156,44.977603912353516,46.39285659790039,0.7758501172065735,62.64303207397461,65.75508880615234,52.94112777709961
2016-03-10,22.891935348510742,27.946500778198242,36.2867317199707,80.91322326660156,44.589603424072266,45.69924545288086,0.7746273279190063,62.12956619262695,65.3271484375,52.79978561401367
2016-03-11,23.13857650756836,28.480499267578125,36.916160583496094,81.34370422363281,45.144962310791016,46.594791412353516,0.7878314256668091,61.72936248779297,66.638916015625,52.80623245239258
2016-03-14,23.197406768798828,28.668500900268555,37.18230056762695,81.30594635009766,44.977603912353516,46.68258285522461,0.7897875308990479,61.291404724121094,66.50865936279297,52.94755554199219
2016-03-15,23.663524627685547,28.85099983215332,37.19865417480469,81.38143157958984,45.03846740722656,47.05134582519531,0.7858753800392151,61.39710998535156,66.8993911743164,53.21100616455078
2016-03-16,23.97803497314453,28.713499069213867,37.53516387939453,81.11714172363281,44.825435638427734,47.71860885620117,0.8093487620353699,61.419769287109375,67.32733917236328,53.24311447143555
2016-03-17,23.939579010009766,27.972000122070312,37.590675354003906,80.61114501953125,44.69611740112305,47.99079513549805,0.8025023937225342,62.48447036743164,68.043701171875,54.03337097167969
2016-03-18,23.96672821044922,27.604000091552734,37.43851852416992,81.18508911132812,46.01226806640625,46.96354675292969,0.8267091512680054,62.786502838134766,68.63908386230469,54.0976448059082
2016-03-21,23.964466094970703,27.698999404907227,37.77306365966797,81.01892852783203,45.9970588684082,47.28840637207031,0.8291545510292053,62.91486358642578,68.6297607421875,53.72499465942383
2016-03-22,24.147756576538086,28.02400016784668,37.66848373413086,81.09445190429688,45.82966995239258,47.472774505615234,0.8276875615119934,62.476905822753906,67.87621307373047,54.04623794555664
2016-03-23,24.014245986938477,28.48150062561035,37.54507827758789,81.94032287597656,45.601444244384766,47.384979248046875,0.8418694138526917,62.53729248046875,68.7600326538086,53.80851364135742
2016-03-24,23.9101619720459,29.147499084472656,37.410274505615234,81.79679107666016,45.25148391723633,47.59569549560547,0.8430920243263245,62.590179443359375,68.97403717041016,53.95629119873047
2016-03-28,23.801546096801758,28.993499755859375,37.33295822143555,81.73641204833984,45.19062805175781,47.00745391845703,0.851650059223175,62.38630676269531,68.9181900024414,54.110477447509766
2016-03-29,24.364965438842773,29.69300079345703,37.957923889160156,82.42364501953125,44.90912628173828,48.034690856933594,0.8653428554534912,62.522220611572266,70.1275863647461,54.30965042114258
2016-03-30,24.790359497070312,29.934499740600586,38.079341888427734,82.30281066894531,45.426456451416016,48.333213806152344,0.8743899464607239,62.43161392211914,71.43004608154297,54.303218841552734
2016-03-31,24.661378860473633,29.68199920654297,37.80973434448242,81.71376037597656,45.05369186401367,48.491241455078125,0.8712114691734314,62.15220642089844,71.15097045898438,53.70573043823242
2016-04-01,24.887657165527344,29.924999237060547,38.145259857177734,82.46141052246094,45.54819107055664,48.789764404296875,0.8839263319969177,63.07342529296875,72.1836166381836,53.30094528198242
2016-04-04,25.143342971801758,29.659500122070312,37.919761657714844,82.00823974609375,45.37191390991211,48.666847229003906,0.8753681182861328,62.83180236816406,72.40689849853516,53.42945861816406
2016-04-05,24.846927642822266,29.30699920654297,37.59513473510742,82.2801513671875,44.728118896484375,47.902984619140625,0.8741456270217896,62.79404830932617,71.6067886352539,52.819068908691406
2016-04-06,25.107139587402344,30.104000091552734,38.06596755981445,82.63510131835938,45.073020935058594,48.39466857910156,0.8753681182861328,63.28485107421875,72.76040649414062,53.52581024169922
2016-04-07,24.559566497802734,29.571500778198242,37.671958923339844,82.5218276977539,43.93104553222656,47.81519317626953,0.8663210868835449,62.85444641113281,72.17432403564453,52.92186737060547
2016-04-08,24.58671760559082,29.729999542236328,37.63974380493164,82.3934326171875,44.25294494628906,47.78007125854492,0.8719448447227478,62.82426452636719,72.59296417236328,53.461544036865234
2016-04-11,24.66817855834961,29.796499252319336,37.54408264160156,82.29527282714844,44.60550308227539,47.683502197265625,0.877324104309082,62.46931838989258,72.3975830078125,53.53225326538086
2016-04-12,24.989473342895508,30.15850067138672,37.88010787963867,82.7710189819336,45.433223724365234,47.982017517089844,0.8763461709022522,62.54486083984375,73.04879760742188,54.19399642944336
2016-04-13,25.351512908935547,30.740999221801758,38.25626754760742,82.97496032714844,47.356937408447266,48.59659957885742,0.8983525633811951,62.265480041503906,74.15589141845703,54.502410888671875
2016-04-14,25.365093231201172,31.037500381469727,38.428741455078125,82.95228576660156,47.97006607055664,48.60538864135742,0.9007977247238159,62.43297576904297,74.73267364501953,54.88789749145508
2016-04-15,24.855981826782227,31.29450035095215,38.6572151184082,83.20906066894531,47.41823959350586,48.8599967956543,0.9078888893127441,62.65372848510742,74.50008392333984,54.59233856201172
2016-04-18,24.3197078704834,31.767499923706055,39.037837982177734,83.77546691894531,47.72482681274414,49.5711669921875,0.9039766192436218,63.05721664428711,75.774658203125,55.112770080566406
2016-04-19,24.19074058532715,31.395000457763672,38.47135925292969,85.09706115722656,48.529544830322266,49.509708404541016,0.88783860206604,63.3997917175293,75.1234359741211,55.389015197753906
2016-04-20,24.240514755249023,31.649499893188477,38.40544509887695,85.77678680419922,49.234657287597656,48.80732727050781,0.8912616968154907,62.082759857177734,75.49556732177734,55.76810836791992
2016-04-21,23.97803497314453,31.549999237060547,38.6572151184082,85.76924133300781,48.74415588378906,48.97415542602539,0.8902837634086609,61.51181411743164,75.16065216064453,55.761680603027344
2016-04-22,23.91242218017578,31.024999618530273,36.56428146362305,85.5804214477539,49.02772903442383,45.462196350097656,0.8868603110313416,61.6259880065918,73.5976791381836,56.23712158203125
2016-04-25,23.77666473388672,31.309999465942383,36.78432083129883,85.72392272949219,48.74415588378906,45.751930236816406,0.8912616968154907,61.97618865966797,72.69528198242188,56.10862350463867
2016-04-26,23.611488342285156,30.8439998626709,35.949729919433594,85.27079772949219,48.997066497802734,45.163665771484375,0.8919953107833862,60.56019592285156,73.05812072753906,56.301368713378906
2016-04-27,22.133928298950195,30.328500747680664,35.75594711303711,85.16504669189453,49.13502883911133,44.72468185424805,0.912290096282959,60.81903076171875,73.27208709716797,56.83463668823242
2016-04-28,21.457372665405273,30.100000381469727,34.943145751953125,84.946044921875,48.74415588378906,43.81158447265625,0.8851487040519714,60.72007369995117,72.2673568725586,56.558372497558594
2016-04-29,21.21074104309082,32.97949981689453,35.082908630371094,84.64397430419922,48.43759536743164,43.78523254394531,0.868766188621521,60.9941520690918,71.85798645019531,56.79608917236328
2016-05-02,21.188112258911133,34.192501068115234,35.40653610229492,85.14995574951172,48.8897705078125,44.4349479675293,0.8802582621574402,61.64120864868164,72.99297332763672,57.26511001586914
2016-05-03,21.53656768798828,33.566001892089844,35.11066818237305,85.1046371459961,47.94707107543945,43.706214904785156,0.8697441816329956,61.74018096923828,71.81146240234375,56.60975646972656
2016-05-04,21.312559127807617,33.54499816894531,35.25587463378906,84.74968719482422,47.188316345214844,43.78523254394531,0.8499385714530945,62.120784759521484,71.6998291015625,56.500545501708984
2016-05-05,21.226055145263672,32.954498291015625,35.42141342163086,85.24812316894531,46.93539810180664,43.846683502197266,0.8550733327865601,61.89244842529297,71.96965026855469,56.5648078918457
2016-05-06,21.1076717376709,33.6974983215332,35.940303802490234,85.14239501953125,47.2113151550293,44.24177932739258,0.8638758659362793,62.5243034362793,72.30455017089844,56.866764068603516
2016-05-09,21.12360954284668,33.98749923706055,36.136070251464844,85.88250732421875,46.91240692138672,43.96083450317383,0.8626534938812256,62.51670837402344,72.76969909667969,56.90530776977539
2016-05-10,21.26702880859375,35.153499603271484,36.64406967163086,86.5999755859375,47.54853439331055,44.794918060302734,0.8792802691459656,62.790748596191406,73.68144226074219,57.817649841308594
2016-05-11,21.059864044189453,35.6614990234375,36.206451416015625,86.3733901977539,47.372257232666016,44.82125473022461,0.8817254900932312,62.539554595947266,72.04115295410156,57.5390739440918
2016-05-12,20.565872192382812,35.89649963378906,36.08353805541992,86.26769256591797,47.34160232543945,45.225128173828125,0.8697441816329956,62.73748779296875,72.59101867675781,58.09623718261719
2016-05-13,20.606843948364258,35.49599838256836,35.92296600341797,85.76166534423828,46.904747009277344,44.847599029541016,1.0020275115966797,61.839149475097656,71.60314178466797,57.4418830871582
2016-05-16,21.37174415588379,35.53300094604492,36.194053649902344,86.42625427246094,47.25729751586914,45.506099700927734,1.0316141843795776,62.14366912841797,72.50717163085938,58.03143310546875
2016-05-17,21.282958984375,34.76350021362305,35.69300079345703,85.96559143066406,47.25729751586914,44.657325744628906,1.033814549446106,61.374786376953125,71.56586456298828,58.00553894042969
2016-05-18,21.526552200317383,34.872501373291016,35.77180099487305,85.78433227539062,49.08137893676758,44.92256164550781,1.0602226257324219,60.78859329223633,72.16233825683594,57.88890838623047
2016-05-19,21.44460105895996,34.92599868774414,35.451148986816406,85.22547149658203,48.58320999145508,44.48933792114258,1.064868450164795,61.04742431640625,71.64974975585938,58.381317138671875
2016-05-20,21.676803588867188,35.13999938964844,35.768333435058594,85.6742172241211,48.6751823425293,44.75457000732422,1.0839407444000244,60.918006896972656,72.38597869873047,58.141605377197266
2016-05-23,21.952251434326172,34.837501525878906,35.54729080200195,85.30912780761719,48.6368522644043,44.23295211791992,1.085652470588684,61.05502700805664,71.95731353759766,58.050907135009766
2016-05-24,22.286901473999023,35.209999084472656,36.32936096191406,85.71224212646484,49.4645881652832,45.612178802490234,1.1120054721832275,61.64120864868164,73.97964477539062,58.09623718261719
2016-05-25,22.6784610748291,35.41749954223633,36.58063507080078,86.2142562866211,50.215667724609375,46.08076858520508,1.1073482036590576,62.02946853637695,73.68144226074219,58.478492736816406
2016-05-26,22.85829734802246,35.74549865722656,36.52264404296875,85.87198638916016,49.840126037597656,45.877418518066406,1.1191149950027466,61.83155059814453,73.6255111694336,58.18046951293945
2016-05-27,22.844642639160156,35.61199951171875,37.051456451416016,85.99369049072266,50.146705627441406,46.257606506347656,1.125244140625,61.991397857666016,74.24061584472656,58.316524505615234
2016-05-31,22.733091354370117,36.13949966430664,37.113407135009766,85.71224212646484,50.02406692504883,46.85881042480469,1.1453464031219482,61.69450759887695,73.569580078125,57.67511749267578
2016-06-01,22.41438865661621,35.97200012207031,37.094078063964844,85.78072357177734,50.345970153808594,46.7261848449707,1.1475526094436646,62.265480041503906,73.83055877685547,57.817649841308594
2016-06-02,22.245927810668945,36.4119987487793,36.88642120361328,87.08133697509766,50.437931060791016,46.399051666259766,1.155643105506897,62.38728713989258,74.5108871459961,57.3576545715332
2016-06-03,22.29145622253418,36.277000427246094,36.46961212158203,87.2867202758789,49.541229248046875,45.789005279541016,1.139462947845459,62.783119201660156,74.50154876708984,57.25400924682617
2016-06-06,22.45307731628418,36.33649826049805,36.18216323852539,88.0549087524414,50.03173828125,46.089599609375,1.133579134941101,63.01152038574219,75.06072235107422,57.8824348449707
2016-06-07,22.544139862060547,36.1870002746582,36.233211517333984,88.02449798583984,49.86311721801758,46.06307601928711,1.135785460472107,62.66898727416992,75.11664581298828,58.77004623413086
2016-06-08,22.52366065979004,36.332000732421875,36.820003509521484,88.0777359008789,50.00872802734375,46.010040283203125,1.132108211517334,62.920169830322266,76.0952377319336,58.82187271118164
2016-06-09,22.685285568237305,36.38249969482422,36.799686431884766,88.990478515625,49.62553405761719,45.63870620727539,1.1615264415740967,63.316043853759766,75.73176574707031,58.744136810302734
2016-06-10,22.49861717224121,35.89550018310547,36.33728790283203,88.998046875,48.928096771240234,45.514915466308594,1.1325985193252563,63.338890075683594,74.72523498535156,58.297080993652344
2016-06-13,22.159412384033203,35.762001037597656,36.27237319946289,88.83073425292969,48.491233825683594,44.3302001953125,1.1470623016357422,62.85929870605469,73.06633758544922,58.69229507446289
2016-06-14,22.18673324584961,35.96500015258789,36.34025573730469,89.08172607421875,47.579193115234375,44.05612564086914,1.1492689847946167,63.45309829711914,73.22474670410156,58.5886344909668
2016-06-15,22.1138916015625,35.7130012512207,36.287723541259766,88.54170227050781,47.49490737915039,43.93234634399414,1.1610360145568848,63.1485595703125,72.85198211669922,58.413719177246094
2016-06-16,22.207223892211914,35.8754997253418,35.89421844482422,88.7166519165039,47.68650436401367,44.55122375488281,1.165693998336792,63.498748779296875,73.01972198486328,59.10049819946289
2016-06-17,21.701841354370117,35.31949996948242,34.90300369262695,87.83431243896484,47.73246765136719,44.32135772705078,1.1453464031219482,63.285614013671875,71.75225830078125,58.77653884887695
2016-06-20,21.64948081970215,35.70050048828125,34.996177673339844,88.64057922363281,47.80146026611328,44.268314361572266,1.1659388542175293,63.21708297729492,72.07844543457031,59.03569793701172
2016-06-21,21.833879470825195,35.79100036621094,35.13247299194336,88.36677551269531,48.24598693847656,45.25853729248047,1.158829689025879,63.498748779296875,72.0691146850586,59.301326751708984
2016-06-22,21.75191879272461,35.529998779296875,35.21127700805664,88.5797348022461,48.062042236328125,45.08171844482422,1.1578490734100342,63.62055206298828,71.32354736328125,59.068084716796875
2016-06-23,21.877134323120117,36.104000091552734,35.42933654785156,89.27947235107422,49.08903884887695,45.895111083984375,1.1887379884719849,64.10778045654297,72.90791320800781,59.47624969482422
2016-06-24,21.262483596801758,34.948001861572266,33.9588737487793,87.94844055175781,45.678470611572266,44.05612564086914,1.121076226234436,62.623252868652344,69.94422912597656,57.914833068847656
2016-06-27,20.95287322998047,34.56800079345703,33.75766372680664,88.64820861816406,44.1533088684082,42.81834411621094,1.109063982963562,61.839149475097656,68.35057830810547,57.57146072387695
2016-06-28,21.305734634399414,35.397499084472656,34.25921630859375,89.9260025024414,45.61717224121094,43.71131134033203,1.125244140625,62.77553176879883,70.0467529296875,58.899635314941406
2016-06-29,21.490127563476562,35.779998779296875,34.453983306884766,90.7626724243164,46.904747009277344,44.68384552001953,1.1436302661895752,63.87942886352539,71.519287109375,59.90386199951172
2016-06-30,21.7633056640625,35.78099822998047,34.8673210144043,92.26103973388672,47.625179290771484,45.240848541259766,1.1524564027786255,64.45796203613281,69.12410736083984,60.733150482177734
2016-07-01,21.829320907592773,36.284000396728516,35.20036697387695,92.2534408569336,47.316226959228516,45.23200607299805,1.1438757181167603,64.5417251586914,69.41302490234375,60.79793930053711
2016-07-05,21.62444305419922,36.404998779296875,34.934722900390625,92.99883270263672,45.99544906616211,45.240848541259766,1.1607911586761475,65.0441665649414,69.59005737304688,60.26667785644531
2016-07-06,21.74736976623535,36.88050079345703,35.13693618774414,93.28023529052734,46.489784240722656,45.4265251159668,1.1681456565856934,64.73204040527344,69.02156066894531,60.95990753173828
2016-07-07,21.840707778930664,36.82849884033203,35.052181243896484,93.18138122558594,46.791015625,45.4265251159668,1.1985442638397217,64.57978057861328,69.44097900390625,60.227783203125
2016-07-08,22.009166717529297,37.29050064086914,35.57355880737305,93.43997192382812,47.75648498535156,46.23992919921875,1.2465938329696655,65.29537963867188,71.22103881835938,60.603572845458984
2016-07-11,22.07746124267578,37.68899917602539,36.04042434692383,93.50083923339844,48.09634017944336,46.496307373046875,1.2752768993377686,65.2801742553711,71.314208984375,60.830326080322266
2016-07-12,22.17762565612793,37.410499572753906,36.30358123779297,93.49320983886719,48.81466293334961,47.044471740722656,1.294398307800293,65.2801742553711,72.20893859863281,61.51709747314453
2016-07-13,22.05242347717285,37.131500244140625,36.15341567993164,93.55406951904297,48.78376388549805,47.30971145629883,1.2939081192016602,65.3867416381836,72.19027709960938,61.471763610839844
2016-07-14,22.4895076751709,37.060001373291016,36.46664047241211,93.69096374511719,49.52524948120117,47.5130615234375,1.3071463108062744,65.37150573730469,72.82402038574219,61.51709747314453
2016-07-15,22.487232208251953,36.77199935913086,36.458221435546875,93.55406951904297,49.571598052978516,47.47770309448242,1.2919472455978394,65.47808837890625,72.97314453125,61.62724304199219
2016-07-18,22.72626495361328,36.80350112915039,37.3289909362793,93.66055297851562,49.40167999267578,47.70756530761719,1.2985661029815674,65.41719818115234,72.98243713378906,61.43285369873047
2016-07-19,22.735370635986328,36.997501373291016,37.33940505981445,95.26542663574219,49.32442092895508,46.93838119506836,1.312049388885498,65.59989929199219,73.36457061767578,61.206092834472656
2016-07-20,22.755861282348633,37.2859992980957,37.52128982543945,95.18174743652344,49.378501892089844,49.43162536621094,1.3292100429534912,65.4617919921875,73.96101379394531,60.85624313354492
2016-07-21,22.63519859313965,37.221500396728516,37.38896560668945,95.18939208984375,49.193119049072266,49.334373474121094,1.304694652557373,65.41573333740234,73.42979431152344,60.80442428588867
2016-07-22,22.459915161132812,37.24300003051758,37.63032150268555,95.09809112548828,49.46345901489258,50.015140533447266,1.3402413129806519,65.7686996459961,74.47360229492188,60.908084869384766
2016-07-25,22.159412384033203,36.980499267578125,37.54309844970703,94.99162292480469,49.332149505615234,50.15660095214844,1.3650017976760864,65.83008575439453,73.569580078125,59.73539733886719
2016-07-26,22.006893157958984,36.77949905395508,37.549537658691406,95.18939208984375,49.532962799072266,50.18313980102539,1.3882912397384644,65.42342376708984,73.15021514892578,59.301326751708984
2016-07-27,23.43653678894043,36.833499908447266,37.76364517211914,94.90033721923828,49.68745040893555,49.679176330566406,1.3743176460266113,64.8019790649414,73.18746948242188,58.899635314941406
2016-07-28,23.752954483032227,37.63050079345703,37.955440521240234,94.66455078125,49.509796142578125,49.69685745239258,1.377259373664856,65.07048034667969,73.80259704589844,58.43960952758789
2016-07-29,23.723371505737305,37.94049835205078,39.21923828125,95.2502212524414,49.40939712524414,50.11240005493164,1.3998130559921265,65.66895294189453,72.74012756347656,57.62976837158203
2016-08-01,24.142244338989258,38.387001037597656,39.69501876831055,95.37953186035156,49.27808380126953,50.02399444580078,1.3907426595687866,66.29810333251953,72.93585968017578,55.627784729003906
2016-08-02,23.784841537475586,38.02899932861328,39.65437698364258,94.96117401123047,49.1622314453125,50.02399444580078,1.3738272190093994,66.5666275024414,72.9544906616211,56.39229202270508
2016-08-03,24.083053588867188,37.731998443603516,39.59489822387695,94.23859405517578,49.94233322143555,50.368804931640625,1.3775049448013306,65.96051025390625,73.35523223876953,56.68382263183594
2016-08-04,24.231826782226562,38.03850173950195,39.51213455200195,94.20817565917969,49.86509704589844,50.74013900756836,1.402999997138977,66.02189636230469,74.07286834716797,56.677364349365234
2016-08-05,24.600322723388672,38.29899978637695,39.99188232421875,94.4971923828125,51.20904541015625,51.24406433105469,1.426780343055725,65.81471252441406,74.68795013427734,56.72919845581055
2016-08-08,24.80403709411621,38.327999114990234,39.907630920410156,94.04847717285156,51.0545654296875,51.33249282836914,1.4400182962417603,65.79938507080078,74.5108871459961,57.39652633666992
2016-08-09,24.90474510192871,38.41550064086914,40.019142150878906,93.88113403320312,50.876914978027344,51.456268310546875,1.4436954259872437,65.97586059570312,74.61341857910156,57.467796325683594
2016-08-10,24.71935272216797,38.428001403808594,40.06919860839844,93.82789611816406,50.42121505737305,51.29713439941406,1.4343796968460083,66.22137451171875,74.25924682617188,56.461517333984375
2016-08-11,24.703332901000977,38.5620002746582,40.05482864379883,94.13972473144531,50.56022262573242,51.544677734375,1.463552713394165,66.54363250732422,74.6693115234375,56.664085388183594
2016-08-12,24.760547637939453,38.62799835205078,39.997833251953125,93.72138977050781,50.45209503173828,51.226402282714844,1.5454331636428833,66.78146362304688,74.57611846923828,57.40245819091797
2016-08-15,25.058094024658203,38.42449951171875,39.943817138671875,93.02926635742188,50.76104736328125,51.38554382324219,1.543962001800537,66.7661361694336,75.40557861328125,57.37632369995117
2016-08-16,25.03520965576172,38.20199966430664,39.70740509033203,91.52326202392578,50.75333786010742,51.10085678100586,1.5346466302871704,66.42854309082031,75.3123550415039,57.448177337646484
2016-08-17,24.99859046936035,38.23149871826172,39.917049407958984,92.26866912841797,50.89236831665039,51.20762252807617,1.4990997314453125,66.7200927734375,75.47108459472656,57.57233428955078
2016-08-18,24.9665470123291,38.222999572753906,39.78472137451172,91.81989288330078,50.9387092590332,51.24319839477539,1.5223889350891113,67.08836364746094,74.93895721435547,58.0950813293457
2016-08-19,25.0306339263916,37.865501403808594,39.63108444213867,91.81988525390625,50.869178771972656,51.260990142822266,1.5263116359710693,66.9886245727539,75.12564086914062,57.36977767944336
2016-08-22,24.836082458496094,37.9739990234375,39.49726867675781,91.21500396728516,50.822845458984375,51.30547332763672,1.53268563747406,66.63568115234375,75.67647552490234,57.493919372558594
2016-08-23,24.91390037536621,38.122501373291016,39.479427337646484,91.45237731933594,50.7996711730957,51.501190185546875,1.545088529586792,67.05768585205078,75.43376922607422,57.3175048828125
2016-08-24,24.726215362548828,37.86249923706055,39.331241607666016,90.8934326171875,50.9387092590332,51.5545768737793,1.521264672279358,66.9886245727539,74.95761108398438,57.51353073120117
2016-08-25,24.620935440063477,37.96099853515625,39.217247009277344,90.78623962402344,51.03139114379883,51.75028610229492,1.5111947059631348,67.4413070678711,74.98563385009766,57.147621154785156
2016-08-26,24.476736068725586,38.45000076293945,39.312408447265625,91.14611053466797,51.14725112915039,51.625755310058594,1.5234750509262085,67.19580078125,75.21900177001953,57.02347183227539
2016-08-29,24.44926643371582,38.56449890136719,39.44126892089844,91.81988525390625,51.71108627319336,51.688011169433594,1.5224924087524414,67.74819946289062,75.49910736083984,57.395904541015625
2016-08-30,24.261579513549805,38.37900161743164,39.24798583984375,91.47533416748047,52.13590621948242,51.501190185546875,1.5136513710021973,67.16510009765625,75.77916717529297,57.18680953979492
2016-08-31,24.28447723388672,38.45800018310547,39.145389556884766,91.37582397460938,52.13590621948242,51.1186408996582,1.5065284967422485,66.9886245727539,75.527099609375,56.93852233886719
2016-09-01,24.428668975830078,38.53099822998047,39.222206115722656,91.17672729492188,51.911903381347656,51.234310150146484,1.5509824752807617,67.75588989257812,75.9005355834961,56.74250411987305
2016-09-02,24.657560348510742,38.62200164794922,39.493309020996094,91.36048126220703,52.128170013427734,51.30547332763672,1.5357553958892822,67.67147827148438,76.55403900146484,57.1214714050293
2016-09-06,24.65068817138672,39.44350051879883,40.04590606689453,91.68972778320312,52.089561462402344,51.25210189819336,1.5502458810806274,68.00907135009766,77.04885864257812,57.87291717529297
2016-09-07,24.80175018310547,39.2239990234375,40.04441833496094,91.58257293701172,51.87330627441406,51.29657745361328,1.5274046659469604,67.47966766357422,77.71170806884766,57.657257080078125
2016-09-08,24.151721954345703,39.202999114990234,39.789180755615234,91.47533416748047,51.94280242919922,51.09196472167969,1.5384567975997925,67.34922790527344,77.4596176147461,58.18653106689453
2016-09-09,23.604684829711914,38.00699996948242,39.077491760253906,90.5259017944336,51.47937774658203,50.006595611572266,1.4618287086486816,66.16766357421875,75.92853546142578,56.74250411987305
2016-09-12,24.1334171295166,38.574501037597656,39.58995056152344,91.23796081542969,51.796051025390625,50.75389862060547,1.4920380115509033,67.7098617553711,77.4596176147461,57.03653335571289
2016-09-13,24.70790672302246,38.050498962402344,39.08938217163086,90.05119323730469,51.38669967651367,50.29128646850586,1.4704251289367676,66.78914642333984,76.45133972167969,55.67743682861328
2016-09-14,25.582239151000977,38.054500579833984,39.17561721801758,90.24263000488281,51.286285400390625,50.05107879638672,1.483441948890686,66.75845336914062,76.07792663574219,55.27886199951172
2016-09-15,26.451997756958008,38.484500885009766,39.70939254760742,90.83219909667969,51.471649169921875,50.87844467163086,1.539684772491455,67.5640640258789,76.56340026855469,55.592498779296875
2016-09-16,26.3032169342041,38.92599868774414,39.54781723022461,90.5412368774414,50.83829116821289,50.931819915771484,1.543368935585022,67.55638122558594,76.61939239501953,54.90639877319336
2016-09-19,25.99651527404785,38.755001068115234,39.41995620727539,90.0894775390625,51.12407684326172,50.647151947021484,1.5637539625167847,67.80191802978516,77.03018951416016,54.775726318359375
2016-09-20,25.994226455688477,39.01100158691406,39.63752746582031,90.3115234375,51.33263397216797,50.54038619995117,1.5495086908340454,67.96302032470703,77.00216674804688,53.932838439941406
2016-09-21,25.98965072631836,39.48699951171875,39.89772033691406,91.04654693603516,51.62613296508789,51.38554000854492,1.5929808616638184,67.36456298828125,77.69303131103516,54.429412841796875
2016-09-22,26.234554290771484,40.23500061035156,40.43891906738281,91.46768188476562,52.050960540771484,51.43892288208008,1.5969102382659912,68.27759552001953,77.82373809814453,54.586238861083984
2016-09-23,25.79738998413086,40.287498474121094,40.389862060546875,90.96998596191406,51.94280242919922,51.09196472167969,1.5951911211013794,67.33386993408203,77.05818939208984,54.527427673339844
2016-09-26,25.8362979888916,39.95800018310547,39.779762268066406,90.18132781982422,50.807403564453125,50.62045669555664,1.5802092552185059,67.40296173095703,76.37667846679688,54.27259063720703
2016-09-27,25.884363174438477,40.80550003051758,40.18021774291992,91.28392028808594,51.255374908447266,51.5545768737793,1.634242296218872,67.79424285888672,76.70339965820312,54.39018249511719
2016-09-28,26.081199645996094,41.43600082397461,40.147010803222656,91.41407012939453,51.525699615478516,51.625755310058594,1.64013671875,68.63823699951172,77.4596176147461,56.78171157836914
2016-09-29,25.676071166992188,41.45249938964844,39.77927017211914,89.79084777832031,50.70700454711914,51.06527328491211,1.6553641557693481,67.69451141357422,76.47937774658203,56.49421691894531
2016-09-30,25.875207901000977,41.865501403808594,39.849639892578125,90.44930267333984,51.43302917480469,51.24319839477539,1.6828715801239014,68.8607177734375,77.20755004882812,57.029991149902344
2016-10-03,25.75389862060547,41.83700180053711,39.667259216308594,90.96998596191406,51.37124252319336,51.08305358886719,1.6811518669128418,68.02442932128906,77.35690307617188,56.87970733642578
2016-10-04,25.863767623901367,41.701499938964844,39.78669738769531,90.9776382446289,51.814697265625,50.92293930053711,1.677468180656433,67.78656005859375,77.23555755615234,56.35697937011719
2016-10-05,25.875207901000977,42.21799850463867,39.70939254760742,91.2533187866211,52.662715911865234,51.27878189086914,1.6757490634918213,68.17018127441406,77.81439208984375,56.8470344543457
2016-10-06,26.067466735839844,42.08300018310547,39.80107116699219,90.92406463623047,52.80276107788086,51.36775588989258,1.6538900136947632,68.4540786743164,77.82373809814453,56.87318801879883
2016-10-07,26.106386184692383,41.971500396728516,39.683616638183594,91.29922485351562,52.989471435546875,51.42112350463867,1.6418558359146118,69.0525131225586,77.37562561035156,56.67715072631836
2016-10-10,26.561861038208008,42.08549880981445,40.3506965637207,91.72801971435547,53.40181350708008,51.63463592529297,1.6479957103729248,68.33129119873047,77.59969329833984,57.787960052490234
2016-10-11,26.619077682495117,41.54999923706055,40.12272262573242,90.07415771484375,53.14506912231445,50.87844467163086,1.624172568321228,67.93232727050781,76.59140014648438,57.33056640625
2016-10-12,26.857112884521484,41.704498291015625,40.23175048828125,90.32683563232422,53.00503158569336,50.807273864746094,1.6315405368804932,67.95537567138672,76.7874526977539,56.93198776245117
2016-10-13,26.77471923828125,41.4640007019043,39.85063171386719,90.54886627197266,52.701622009277344,50.63823699951172,1.6050156354904175,67.70217895507812,76.43267059326172,56.55954360961914
2016-10-14,26.92348861694336,41.14799880981445,39.876399993896484,90.01289367675781,52.53046417236328,51.08305358886719,1.6207342147827148,67.84796905517578,76.97417449951172,56.546485900878906
2016-10-17,26.905179977416992,40.647499084472656,39.987422943115234,90.72496032714844,52.25815963745117,50.9051399230957,1.6114007234573364,67.3875961303711,76.69407653808594,56.546485900878906
2016-10-18,26.886873245239258,40.88249969482422,40.71348571777344,88.36669921875,52.67049789428711,51.29657745361328,1.6359612941741943,67.09605407714844,76.16193389892578,56.696754455566406
2016-10-19,26.8067569732666,40.884498596191406,40.97863006591797,87.73883819580078,53.176185607910156,51.180938720703125,1.6325229406356812,66.13729858398438,77.31025695800781,56.95812225341797
2016-10-20,26.793031692504883,40.51599884033203,40.72042465209961,87.9532241821289,53.106170654296875,50.931819915771484,1.663468837738037,65.66566467285156,77.02083587646484,56.9842529296875
2016-10-21,26.687740325927734,40.949501037597656,40.84085464477539,86.85832214355469,53.285118103027344,53.07585144042969,1.6588025093078613,65.20175170898438,76.88080596923828,56.598731994628906
2016-10-24,26.928070068359375,41.90449905395508,41.41972351074219,86.98848724365234,53.58075714111328,54.267974853515625,1.7366584539413452,65.02394104003906,77.64631652832031,56.78822708129883
2016-10-25,27.065399169921875,41.75899887084961,41.063385009765625,87.25646209716797,53.52629470825195,54.25906753540039,1.7651482820510864,67.24296569824219,76.5820541381836,56.664085388183594
2016-10-26,26.456575393676758,41.12950134277344,40.74371337890625,87.71586608886719,53.78303146362305,53.93879699707031,1.7722707986831665,67.57540130615234,76.32064056396484,56.90584945678711
2016-10-27,26.2025146484375,40.917999267578125,40.508304595947266,88.58873748779297,53.860836029052734,53.46729278564453,1.7359215021133423,66.94141387939453,76.47937774658203,56.79476547241211
2016-10-28,26.028562545776367,38.816001892089844,40.617835998535156,88.30543518066406,53.76746368408203,53.26267623901367,1.732974886894226,67.14244079589844,76.75942993164062,55.39646530151367
2016-10-31,25.987361907958984,39.49100112915039,40.13907241821289,88.8107681274414,53.884178161621094,53.307159423828125,1.7477108240127563,67.11149597167969,77.03018951416016,54.442474365234375
2016-11-01,25.518152236938477,39.27050018310547,39.92001724243164,88.31310272216797,53.6585578918457,53.200401306152344,1.6958881616592407,67.15016174316406,76.19925689697266,54.658103942871094
2016-11-02,25.541044235229492,38.27799987792969,39.07452392578125,87.94554901123047,53.43293762207031,52.8712272644043,1.6887658834457397,67.06511688232422,75.22835540771484,54.527427673339844
2016-11-03,25.26726531982422,38.35150146484375,38.7657585144043,88.07575225830078,53.199546813964844,52.67552947998047,1.6691176891326904,66.95686340332031,75.29369354248047,54.66465377807617
2016-11-04,25.039506912231445,37.752498626708984,38.711734771728516,88.13700103759766,52.71717834472656,52.2307014465332,1.6595391035079956,65.78163146972656,75.02296447753906,54.60585021972656
2016-11-07,25.400705337524414,39.246498107910156,39.74904251098633,89.32380676269531,54.36653137207031,53.75197982788086,1.7504123449325562,66.92595672607422,77.03018951416016,55.83423614501953
2016-11-08,25.550235748291016,39.38750076293945,40.24216079711914,89.6224136352539,54.48323440551758,53.79646301269531,1.7477108240127563,67.62178039550781,77.37562561035156,56.23637390136719
2016-11-09,25.508831024169922,38.59400177001953,39.925479888916016,92.1185073852539,56.988380432128906,53.52956771850586,1.718238115310669,66.43885040283203,77.71170806884766,56.85600662231445
2016-11-10,24.797958374023438,37.11899948120117,38.67158889770508,91.52893829345703,59.63359069824219,52.221797943115234,1.6644513607025146,64.14252471923828,76.43267059326172,57.38337326049805
2016-11-11,24.9451961517334,36.95050048828125,38.248348236083984,90.70967102050781,59.664703369140625,52.50648880004883,2.1605687141418457,64.62187957763672,76.44202423095703,56.47367858886719
2016-11-14,24.31943130493164,35.95349884033203,37.32998275756836,89.27786254882812,61.85866928100586,51.705814361572266,2.054222583770752,64.17344665527344,73.17445373535156,56.216590881347656
2016-11-15,24.64151382446289,37.1619987487793,38.41734313964844,89.06346130371094,61.741939544677734,52.726844787597656,2.1168525218963623,64.65280151367188,73.35182189941406,57.231746673583984
2016-11-16,25.304079055786133,37.324501037597656,38.65622329711914,89.0940933227539,60.21706771850586,53.42546463012695,2.250459671020508,64.32035827636719,74.91888427734375,56.52640151977539
2016-11-17,25.294876098632812,37.81999969482422,38.9625129699707,89.2548828125,60.699459075927734,54.31214141845703,2.2691259384155273,64.22759246826172,75.8450927734375,56.18363571166992
2016-11-18,25.32018280029297,38.007999420166016,38.457481384277344,88.93878173828125,60.458248138427734,54.05241012573242,2.2929494380950928,63.400264739990234,75.61119079589844,56.216590881347656
2016-11-21,25.70438575744629,39.0,38.895111083984375,88.6612319946289,60.722774505615234,54.50919723510742,2.2836155891418457,63.895076751708984,76.42512512207031,57.014225006103516
2016-11-22,25.720487594604492,39.26649856567383,38.90502166748047,86.9188461303711,61.09622573852539,54.74205780029297,2.300072193145752,63.987876892089844,74.778564453125,57.13947677612305
2016-11-23,25.58935546875,39.00600051879883,38.607662200927734,87.17327117919922,61.352970123291016,54.09720993041992,2.311387300491333,63.92603302001953,74.44175720214844,57.29767608642578
2016-11-25,25.718185424804688,39.01850128173828,38.668617248535156,87.99048614501953,61.32961654663086,54.213623046875,2.316059112548828,64.52910614013672,74.96566009521484,57.429527282714844
2016-11-28,25.667572021484375,38.3385009765625,38.94417190551758,87.21951293945312,60.93284606933594,54.28527069091797,2.314831018447876,64.22759246826172,73.98332214355469,57.00102615356445
2016-11-29,25.64226722717285,38.125999450683594,39.12506866455078,86.71841430664062,61.399654388427734,54.71519088745117,2.2936768531799316,64.08840942382812,74.04882049560547,56.625308990478516
2016-11-30,25.426010131835938,37.528499603271484,38.453033447265625,85.80865478515625,62.37215042114258,53.97179412841797,2.267850160598755,63.75593566894531,72.33676147460938,57.54819107055664
2016-12-01,25.18905258178711,37.182498931884766,37.8806037902832,85.87032318115234,63.63249969482422,53.02240753173828,2.155686616897583,63.292022705078125,70.568603515625,57.50862503051758
2016-12-02,25.283370971679688,37.016998291015625,37.88704299926758,86.3175048828125,63.484649658203125,53.06719207763672,2.1756114959716797,63.70954513549805,70.83989715576172,57.37677764892578
2016-12-05,25.101625442504883,37.96799850463867,38.569000244140625,86.30208587646484,64.77615356445312,53.935977935791016,2.2599785327911377,64.16571044921875,72.32740783691406,57.66683578491211
2016-12-06,25.294876098632812,38.236000061035156,38.467891693115234,86.39457702636719,65.11070251464844,53.694156646728516,2.297119379043579,64.1038589477539,72.14031982421875,57.71955490112305
2016-12-07,25.5433406829834,38.520999908447266,39.225685119628906,85.65447235107422,65.40634155273438,54.96596908569336,2.3384437561035156,65.08577728271484,74.19849395751953,58.055763244628906
2016-12-08,25.794103622436523,38.36650085449219,39.40904998779297,85.56964874267578,66.22325134277344,54.64353942871094,2.2993342876434326,64.56002807617188,74.17042541503906,58.220542907714844
2016-12-09,26.215105056762695,38.43299865722656,40.11677932739258,86.54878997802734,66.51106262207031,55.503353118896484,2.258502721786499,65.23268127441406,74.03948974609375,58.66880798339844
2016-12-12,26.06557273864746,38.00600051879883,40.039955139160156,88.93878173828125,65.91980743408203,55.6825065612793,2.203651189804077,65.8203125,73.44070434570312,59.97404098510742
2016-12-13,26.500381469726562,38.71699905395508,40.4086799621582,89.34738159179688,65.94315338134766,56.407962799072266,2.2425143718719482,65.85897064208984,74.0956039428711,61.028751373291016
2016-12-14,26.500381469726562,38.441001892089844,40.53506851196289,88.65353393554688,65.91980743408203,56.1392822265625,2.3723866939544678,65.23268127441406,74.03012084960938,59.71035385131836
2016-12-15,26.64532470703125,38.04999923706055,40.42405319213867,89.34738159179688,66.90786743164062,56.04970932006836,2.4279770851135254,65.47236633300781,74.37625885009766,59.9146842956543
2016-12-16,26.679824829101562,37.88850021362305,40.1361083984375,89.33967590332031,66.08320617675781,55.798919677734375,2.4697916507720947,65.47236633300781,73.30037689208984,60.10588836669922
2016-12-19,26.833959579467773,38.29999923706055,40.26793670654297,89.44763946533203,66.46439361572266,56.98118591308594,2.499799966812134,65.49557495117188,73.0665054321289,59.604881286621094
2016-12-20,26.905282974243164,38.56100082397461,40.40174865722656,89.1700439453125,67.32020568847656,56.90952682495117,2.5868725776672363,65.38732147216797,73.30970764160156,59.611480712890625
2016-12-21,26.93058967590332,38.529998779296875,40.2530632019043,88.90021514892578,67.49136352539062,56.90952682495117,2.6031081676483154,65.16310119628906,73.10391998291016,59.512596130371094
2016-12-22,26.753448486328125,38.31700134277344,40.128173828125,89.00047302246094,67.60030364990234,56.91849136352539,2.634591817855835,65.31002044677734,72.87938690185547,59.90153503417969
2016-12-23,26.806360244750977,38.02949905395508,40.035003662109375,89.40137481689453,67.72478485107422,56.640838623046875,2.700265884399414,65.68885803222656,73.11328125,59.79605484008789
2016-12-27,26.976600646972656,38.56999969482422,40.14056396484375,89.36282348632812,67.78701782226562,56.67666244506836,2.885728359222412,65.4104995727539,73.30037689208984,59.82240676879883
2016-12-28,26.8615665435791,38.60649871826172,39.87492370605469,88.73832702636719,67.296875,56.41691970825195,2.687230110168457,65.00072479248047,73.25361633300781,59.52580261230469
2016-12-29,26.854671478271484,38.25749969482422,39.79116439819336,89.03902435302734,66.82228088378906,56.336326599121094,2.7408506870269775,65.21722412109375,73.28166961669922,59.558738708496094
2016-12-30,26.64532470703125,37.493499755859375,39.27424621582031,88.82315063476562,67.13347625732422,55.65561294555664,2.62549090385437,65.00848388671875,72.99164581298828,59.499412536621094
2017-01-03,26.721237182617188,37.68349838256836,40.045406341552734,89.30886840820312,67.86480712890625,56.04970932006836,2.5091469287872314,65.10124206542969,74.37625885009766,59.9146842956543
2017-01-04,26.691329956054688,37.85900115966797,40.033512115478516,89.16238403320312,67.98998260498047,55.798919677734375,2.567687749862671,65.33319091796875,74.984375,59.2554931640625
2017-01-05,26.82706642150879,39.022499084472656,40.2937126159668,90.09525299072266,67.3641357421875,55.798919677734375,2.502504825592041,65.76616668701172,75.86380004882812,58.37217330932617
2017-01-06,27.126140594482422,39.79949951171875,40.897857666015625,89.66349029541016,67.37194061279297,56.28257751464844,2.535956859588623,65.74301147460938,76.91161346435547,58.33920669555664
2017-01-09,27.374601364135742,39.84600067138672,40.9954833984375,89.64807891845703,67.41888427734375,56.103450775146484,2.638773202896118,65.25589752197266,76.48125457763672,57.37677764892578
2017-01-10,27.402206420898438,39.79499816894531,40.937496185302734,89.55554962158203,67.61446380615234,56.08553695678711,2.6188502311706543,64.55230712890625,76.0696029663086,56.64506912231445
2017-01-11,27.5494441986084,39.95100021362305,41.1283073425293,88.45307922363281,68.12297058105469,56.596038818359375,2.58662748336792,64.75332641601562,76.52803039550781,57.22515869140625
2017-01-12,27.434415817260742,40.68199920654297,41.1119499206543,88.3682632446289,67.46582794189453,56.076568603515625,2.5443201065063477,64.82290649414062,76.12574005126953,56.91532897949219
2017-01-13,27.386104583740234,40.856998443603516,41.18183517456055,88.35284423828125,67.82569885253906,56.157188415527344,2.544074296951294,64.95436096191406,75.93862915039062,56.92193603515625
2017-01-17,27.606956481933594,40.486000061035156,41.009361267089844,88.56102752685547,65.36146545410156,56.00492477416992,2.4870095252990723,65.88214874267578,76.02285766601562,57.58772277832031
2017-01-18,27.604658126831055,40.374000549316406,41.08667755126953,88.42991638183594,65.66654205322266,55.97806930541992,2.532268524169922,66.18607330322266,76.33155822753906,56.87578201293945
2017-01-19,27.556346893310547,40.45199966430664,40.85621643066406,88.04444122314453,65.16586303710938,55.798919677734375,2.58662748336792,66.00684356689453,76.46253967285156,55.854026794433594
2017-01-20,27.606956481933594,40.416500091552734,41.044551849365234,88.00592803955078,65.4552993774414,56.19300842285156,2.5583417415618896,68.14994049072266,76.5654525756836,56.618717193603516
2017-01-23,27.625362396240234,40.89400100708008,41.85040283203125,87.82087707519531,65.48661041259766,56.39006423950195,2.5849056243896484,67.76805877685547,76.85547637939453,56.01222610473633
2017-01-24,27.600059509277344,41.12200164794922,42.10316467285156,86.16329956054688,66.2767333984375,56.891624450683594,2.6400034427642822,68.4694595336914,77.86585998535156,56.09135818481445
2017-01-25,28.039472579956055,41.82600021362305,42.54524230957031,86.96510314941406,67.30155181884766,57.03492736816406,2.651318073272705,67.92390441894531,78.49271392822266,56.25613021850586
2017-01-26,28.053272247314453,41.95750045776367,42.472389221191406,86.2249755859375,67.86479187011719,57.56336212158203,2.697068452835083,67.48750305175781,77.87522888183594,56.42755126953125
2017-01-27,28.055574417114258,41.78850173950195,41.8801383972168,87.41227722167969,68.0056381225586,58.91577911376953,2.7492141723632812,67.58104705810547,78.37109375,56.36820602416992
2017-01-30,27.981952667236328,41.51900100708008,40.82946014404297,87.21951293945312,67.30155181884766,58.3336181640625,2.706169605255127,67.60442352294922,78.30558013916016,55.939720153808594
2017-01-31,27.917539596557617,41.17399978637695,40.6490592956543,87.31204223632812,66.20633697509766,57.9036979675293,2.6855077743530273,68.26680755615234,77.37940979003906,55.300296783447266
2017-02-01,29.619966506958008,41.61750030517578,40.40373229980469,87.29661560058594,66.45665740966797,56.94536209106445,2.8028364181518555,68.05643463134766,77.12677764892578,54.67405319213867
2017-02-02,29.569351196289062,41.997501373291016,40.55339813232422,87.55876159667969,66.17503356933594,56.5781364440918,2.8382551670074463,68.39151000976562,76.99579620361328,55.0102424621582
2017-02-03,29.695884704589844,40.5099983215332,40.646080017089844,87.61273193359375,68.20121002197266,57.03492736816406,2.8134124279022217,68.11875915527344,80.5322036743164,55.069580078125
2017-02-06,29.9742488861084,40.38199996948242,40.71992874145508,87.42769622802734,67.88043975830078,56.99909591674805,2.8854825496673584,68.11095428466797,80.29833221435547,54.91795349121094
2017-02-07,30.259531021118164,40.625,41.097084045410156,87.48936462402344,67.84134674072266,56.81101608276367,2.930248975753784,68.58633422851562,80.25153350830078,54.56199645996094
2017-02-08,30.376853942871094,40.98550033569336,41.12929916381836,87.42769622802734,67.24678039550781,56.73040008544922,2.9174585342407227,68.8357162475586,79.60601043701172,54.202781677246094
2017-02-09,30.596364974975586,41.06800079345703,41.138214111328125,87.95195007324219,68.21684265136719,57.37526321411133,2.86260724067688,69.10067749023438,80.0644302368164,54.44226837158203
2017-02-10,30.52704620361328,41.37300109863281,41.3756103515625,88.84626007080078,68.06037902832031,57.3215217590332,2.7947185039520264,68.5551986694336,80.36380767822266,54.894615173339844
2017-02-13,30.797374725341797,41.826499938964844,41.57931137084961,89.33967590332031,68.96003723144531,57.966407775878906,2.665830612182617,68.82011413574219,80.86898803710938,55.213905334472656
2017-02-14,31.19711685180664,41.81949996948242,41.6323356628418,89.70975494384766,70.06306457519531,58.18265914916992,2.675668716430664,68.4694595336914,81.2525634765625,55.09419250488281
2017-02-15,31.310317993164062,42.1349983215332,41.49802780151367,90.35736846923828,70.86885833740234,58.14662170410156,2.6810805797576904,71.00995635986328,82.05399322509766,55.32036590576172
2017-02-16,31.273357391357422,42.207000732421875,41.738399505615234,91.03582000732422,70.82191467285156,58.13759231567383,2.638035297393799,70.75279998779297,81.93214416503906,54.748268127441406
2017-02-17,31.358840942382812,42.253501892089844,41.95547103881836,91.63716125488281,70.5872573852539,58.22770309448242,2.6375434398651123,70.98655700683594,81.97898864746094,54.389034271240234
2017-02-21,31.585281372070312,42.821998596191406,42.09027862548828,92.2539291381836,71.1974105834961,58.110565185546875,2.7319960594177246,71.43859100341797,82.4101791381836,54.47551727294922
2017-02-22,31.680015563964844,42.78049850463867,42.19385528564453,92.14598846435547,71.2365493774414,57.99342346191406,2.7278101444244385,71.25933837890625,82.29771423339844,53.8369026184082
2017-02-23,31.54600715637207,42.609500885009766,42.1760139465332,93.82672119140625,71.29127502441406,58.22770309448242,2.4748787879943848,71.01776885986328,82.65388488769531,54.40235137939453
2017-02-24,31.576032638549805,42.262001037597656,42.01791763305664,95.2469253540039,70.66545867919922,58.22770309448242,2.4987680912017822,70.95542907714844,82.88819885253906,53.93668746948242
2017-02-27,31.63842010498047,42.43199920654297,42.11009979248047,94.9908218383789,70.74369049072266,57.87629318237305,2.5714213848114014,70.83071899414062,82.48517608642578,54.24271011352539
2017-02-28,31.652280807495117,42.25199890136719,41.875179290771484,94.8433609008789,70.892333984375,57.65102005004883,2.4992611408233643,70.97098541259766,82.42889404296875,54.09634017944336
2017-03-01,32.29924011230469,42.65399932861328,42.46099090576172,96.1238784790039,73.22358703613281,58.51605987548828,2.5315232276916504,71.4307632446289,83.41311645507812,55.227230072021484
2017-03-02,32.10746765136719,42.445499420166016,42.1190185546875,95.94535827636719,72.0814208984375,57.67805099487305,2.438183307647705,70.84635162353516,82.98193359375,55.41349411010742
2017-03-03,32.29693603515625,42.49399948120117,42.08086395263672,96.0695571899414,72.59773254394531,57.89430618286133,2.4241445064544678,70.52679443359375,83.22565460205078,54.85470962524414
2017-03-06,32.19525909423828,42.330501556396484,41.99114990234375,96.0074691772461,71.90934753417969,57.912330627441406,2.4054272174835205,70.42548370361328,83.36625671386719,55.1008186340332
2017-03-07,32.23685836791992,42.30099868774414,42.18345642089844,96.10061645507812,71.51034545898438,58.029476165771484,2.431779384613037,70.3631591796875,83.47869873046875,54.894615173339844
2017-03-08,32.11669921875,42.525001525878906,42.30685806274414,96.31014251708984,71.35387420654297,58.56110382080078,2.4273464679718018,70.24622344970703,83.3849868774414,53.903411865234375
2017-03-09,32.042762756347656,42.650001525878906,42.5150146484375,97.74586486816406,71.6355209350586,58.32683181762695,2.4268548488616943,70.40210723876953,83.52559661865234,54.32918167114258
2017-03-10,32.14905548095703,42.62300109863281,42.69194030761719,97.94762420654297,71.40862274169922,58.507057189941406,2.44113826751709,70.97098541259766,84.10674285888672,54.28926467895508
2017-03-13,32.16291046142578,42.72949981689453,42.84904861450195,98.3123779296875,71.47122192382812,58.308807373046875,2.508373737335205,71.15803527832031,84.46292877197266,54.162864685058594
2017-03-14,32.1143913269043,42.62649917602539,42.91496658325195,98.59954071044922,71.58856964111328,58.03848648071289,2.5066492557525635,70.91646575927734,83.93802642822266,53.8768310546875
2017-03-15,32.45404815673828,42.64849853515625,43.037872314453125,100.08183288574219,71.76068878173828,58.34486770629883,2.5256130695343018,71.2281723022461,84.28484344482422,54.54868698120117
2017-03-16,32.507198333740234,42.67100143432617,43.117671966552734,99.69378662109375,71.69026947021484,58.245723724365234,2.5566437244415283,71.25933837890625,84.39730072021484,54.59526062011719
2017-03-17,32.34543991088867,42.615501403808594,43.23512268066406,99.38337707519531,70.93927764892578,58.45298385620117,2.6123034954071045,70.91646575927734,84.58477783203125,54.54868698120117
2017-03-20,32.68510818481445,42.8484992980957,43.01408004760742,99.39115142822266,70.43077087402344,58.507057189941406,2.6955466270446777,71.0879135131836,83.59119415283203,54.54868698120117
2017-03-21,32.310791015625,42.15999984741211,42.133399963378906,98.75475311279297,68.36546325683594,57.85826110839844,2.608363151550293,71.06450653076172,82.5414047241211,54.43560791015625
2017-03-22,32.67585372924805,42.40299987792969,42.11654281616211,97.98643493652344,68.4749984741211,58.59714889526367,2.661559581756592,70.90865325927734,82.97257232666016,54.389034271240234
2017-03-23,32.560325622558594,42.36899948120117,41.61349868774414,97.70706939697266,68.36546325683594,58.45298385620117,2.6374242305755615,70.7372055053711,83.291259765625,54.45556640625
2017-03-24,32.49562454223633,42.28049850463867,41.389984130859375,97.38111114501953,68.28727722167969,58.55210494995117,2.646782398223877,70.58135986328125,83.60057830810547,54.03648376464844
2017-03-27,32.551090240478516,42.340999603271484,41.557003021240234,97.62945556640625,68.24813842773438,58.66023254394531,2.6659927368164062,70.51899719238281,83.3756103515625,54.04975509643555
2017-03-28,33.22577667236328,42.79999923706055,41.66207504272461,97.52080535888672,69.31209564208984,58.83142852783203,2.652200937271118,70.72941589355469,83.53498077392578,54.44226837158203
2017-03-29,33.299705505371094,43.715999603271484,42.12001419067383,96.9465103149414,69.05391693115234,58.99361038208008,2.643582582473755,70.60472106933594,83.59119415283203,54.56198501586914
2017-03-30,33.25580596923828,43.81700134277344,42.10068130493164,96.74475860595703,69.64845275878906,59.20988464355469,2.6943154335021973,70.29300689697266,83.43187713623047,55.679588317871094
2017-03-31,33.19342803955078,44.32699966430664,42.017425537109375,96.65938568115234,68.7175064086914,59.34504318237305,2.6827399730682373,70.0202407836914,83.30062866210938,54.555355072021484
2017-04-03,33.20266342163086,44.57550048828125,42.46099090576172,96.76803588867188,68.46717834472656,59.065711975097656,2.6691951751708984,69.88777923583984,83.7599105834961,54.59526062011719
2017-04-04,33.449893951416016,45.34149932861328,42.25382995605469,96.76025390625,68.69536590576172,59.22789764404297,2.4820218086242676,70.06700134277344,83.21626281738281,54.794830322265625
2017-04-05,33.27660369873047,45.4640007019043,42.07243347167969,96.85340118408203,67.81413269042969,59.074729919433594,2.463549852371216,70.11373901367188,83.45060729980469,54.901275634765625
2017-04-06,33.19342803955078,44.91400146484375,41.88361358642578,97.04740905761719,68.04231262207031,59.22789764404297,2.4815282821655273,69.66956329345703,83.50688171386719,55.22057342529297
2017-04-07,33.11949157714844,44.74399948120117,41.73492431640625,96.9465103149414,67.8062515258789,59.182857513427734,2.4709384441375732,69.5370864868164,83.17880249023438,55.05426788330078
2017-04-10,33.08021926879883,45.35200119018555,41.71510314941406,96.49638366699219,67.57024383544922,59.04769515991211,2.407890796661377,69.73969268798828,83.291259765625,55.300392150878906
2017-04-11,32.724388122558594,45.11800003051758,41.62490463256836,96.40328216552734,67.45221710205078,59.00264358520508,2.4165103435516357,69.98128509521484,83.28190612792969,55.10747146606445
2017-04-12,32.76366424560547,44.811500549316406,41.703208923339844,97.31904602050781,67.19257354736328,58.777374267578125,2.396562099456787,70.37873077392578,83.12255859375,55.19397735595703
2017-04-13,32.59037780761719,44.23350143432617,41.639766693115234,97.00084686279297,66.4057846069336,58.525054931640625,2.351738452911377,70.16053009033203,83.30062866210938,54.34246826171875
2017-04-17,32.770591735839844,45.0994987487793,42.380699157714844,97.5673599243164,67.55451202392578,59.00264358520508,2.443847179412842,70.44107055664062,84.1817398071289,54.26930236816406
2017-04-18,32.625022888183594,45.18899917602539,42.3242073059082,94.54069519042969,67.00373077392578,58.92155075073242,2.4453256130218506,70.76060485839844,84.10674285888672,53.91672897338867
2017-04-19,32.5048828125,44.959999084472656,42.4490966796875,94.19147491455078,66.45296478271484,58.60618209838867,2.454929828643799,70.36009979248047,84.12550354003906,53.54420852661133
2017-04-20,32.91154098510742,45.10300064086914,42.62602615356445,94.57950592041016,67.31056213378906,59.020660400390625,2.493842840194702,70.14807891845703,85.43775177001953,53.89012908935547
2017-04-21,32.87226104736328,44.92649841308594,42.57002258300781,94.49413299560547,66.50016021728516,59.83164596557617,2.5041866302490234,69.59050750732422,85.43775177001953,53.67725372314453
2017-04-24,33.18879699707031,45.37049865722656,43.56024169921875,95.37108612060547,68.84485626220703,60.849857330322266,2.535464286804199,70.3208236694336,86.09387969970703,53.95665740966797
2017-04-25,33.39444351196289,45.38100051879883,44.05138397216797,95.79016876220703,69.44282531738281,61.201263427734375,2.5795488357543945,70.6741943359375,86.33760833740234,54.369083404541016
2017-04-26,33.19804382324219,45.464500427246094,44.066261291503906,95.85223388671875,69.57658386230469,61.120182037353516,2.5618162155151367,68.89949798583984,86.06576538085938,54.149559020996094
2017-04-27,33.22346115112305,45.91899871826172,44.180240631103516,96.03074645996094,68.931396484375,61.516639709472656,2.6017134189605713,68.86022186279297,85.85954284667969,54.056419372558594
2017-04-28,33.19111251831055,46.2495002746582,45.81970977783203,95.82122039794922,68.45145416259766,61.687843322753906,2.5687122344970703,68.57754516601562,85.50337219238281,54.315853118896484
2017-05-01,33.868099212646484,47.4114990234375,46.231056213378906,95.72032165527344,68.49864196777344,62.54387283325195,2.6263415813446045,68.38908386230469,85.5408706665039,54.5886116027832
2017-05-02,34.08298873901367,47.34700012207031,46.44268035888672,95.99970245361328,68.05803680419922,62.44474792480469,2.5485169887542725,67.70590209960938,86.74066162109375,54.58195114135742
2017-05-03,33.97900390625,47.05149841308594,47.00568771362305,95.71257781982422,68.45145416259766,62.246517181396484,2.5674800872802734,67.87080383300781,86.64689636230469,55.01435089111328
2017-05-04,33.856544494628906,46.87649917602539,47.316436767578125,96.19371795654297,68.5301284790039,62.003231048583984,2.557628870010376,67.8864974975586,86.81563568115234,54.309207916259766
2017-05-05,34.41801834106445,46.70750045776367,47.09638595581055,95.85223388671875,68.45145416259766,62.17443084716797,2.557875156402588,67.92575073242188,86.31884002685547,54.56198501586914
2017-05-08,35.35379409790039,47.45199966430664,47.51319122314453,95.65046691894531,68.5301284790039,62.12036895751953,2.5310308933258057,67.96503448486328,86.15950775146484,55.1407470703125
2017-05-09,35.58021926879883,47.64099884033203,47.415061950683594,95.61943054199219,68.25475311279297,62.21045684814453,2.535217523574829,67.8472671508789,86.23446655273438,54.754913330078125
2017-05-10,35.41155242919922,47.4474983215332,47.32238006591797,95.30901336669922,68.7897720336914,62.45376968383789,2.98714280128479,67.91790008544922,86.46881103515625,55.00337600708008
2017-05-11,35.717803955078125,47.38100051879883,47.37441635131836,95.61167907714844,68.57734680175781,61.687843322753906,3.1154556274414062,67.6666259765625,86.3282241821289,55.47343826293945
2017-05-12,36.21662902832031,48.067501068115234,47.33724594116211,95.95317077636719,68.38851928710938,61.61574172973633,3.1496894359588623,67.68233489990234,86.91876220703125,55.433143615722656
2017-05-15,36.12381362915039,47.89849853515625,47.53945541381836,98.55299377441406,68.71895599365234,61.66081619262695,3.3078012466430664,67.79227447509766,87.38740539550781,55.60102844238281
2017-05-16,36.070465087890625,48.30350112915039,47.806583404541016,99.15829467773438,68.931396484375,62.902381896972656,3.369371175765991,67.72158813476562,87.31241607666016,55.433143615722656
2017-05-17,34.85936737060547,47.237998962402344,46.69445037841797,98.30464935302734,66.30347442626953,61.1533317565918,3.145502805709839,67.7373275756836,86.16213989257812,55.05709457397461
2017-05-18,35.39066696166992,47.92449951171875,47.1072883605957,98.5374526977539,66.05958557128906,61.36176681518555,3.2772631645202637,67.4310073852539,86.11520385742188,54.895931243896484
2017-05-19,35.511314392089844,47.992000579833984,47.312965393066406,98.56073760986328,66.70474243164062,61.34366989135742,3.352950096130371,67.72158813476562,86.83824157714844,55.01680374145508
2017-05-22,35.727081298828125,48.53350067138672,47.779823303222656,98.7625503540039,66.64181518554688,62.03238296508789,3.4244472980499268,67.69803619384766,87.61756896972656,55.258548736572266
2017-05-23,35.68299865722656,48.57699966430664,48.10097122192383,98.96430206298828,67.47581481933594,62.240821838378906,3.378345012664795,67.59595489501953,88.13404846191406,55.45326614379883
2017-05-24,35.576271057128906,49.01750183105469,48.450870513916016,98.9565200805664,67.43646240234375,62.32237243652344,3.416311264038086,67.92575073242188,89.02607727050781,55.258548736572266
2017-05-25,35.699249267578125,49.66899871826172,49.157108306884766,99.62838745117188,67.15321350097656,63.09267044067383,3.4086692333221436,68.20849609375,89.24205780029297,54.895931243896484
2017-05-26,35.6389274597168,49.78900146484375,49.22698974609375,99.15184020996094,67.16109466552734,63.40080642700195,3.4969308376312256,68.51470184326172,88.89462280273438,54.761627197265625
2017-05-30,35.65283966064453,49.834999084472656,49.37071228027344,99.30026245117188,66.0123519897461,63.80862045288086,3.571631908416748,68.63249206542969,88.94157409667969,54.45945358276367
2017-05-31,35.44171905517578,49.73099899291992,48.92070770263672,100.19084930419922,64.63549041748047,63.29204177856445,3.558811664581299,69.17434692382812,89.42047119140625,54.056541442871094
2017-06-01,35.53915786743164,49.79750061035156,48.98018264770508,100.6048812866211,65.35145568847656,63.52769470214844,3.559058427810669,69.20574951171875,89.58008575439453,54.19084548950195
2017-06-02,36.06583023071289,50.33649826049805,49.36824035644531,101.62049102783203,65.02101135253906,65.03205108642578,3.5413074493408203,69.56695556640625,90.28434753417969,53.385032653808594
2017-06-05,35.71316909790039,50.56700134277344,49.75282669067383,101.8392105102539,65.1390380859375,65.5032958984375,3.649045467376709,69.68476867675781,90.6599349975586,53.80136489868164
2017-06-06,35.83381652832031,50.150001525878906,49.39599609375,102.20640563964844,65.27276611328125,65.72078704833984,3.632528066635132,69.73188781738281,89.94630432128906,54.533321380615234
2017-06-07,36.04724884033203,50.503501892089844,49.63488006591797,102.14388275146484,66.02023315429688,65.60297393798828,3.6764111518859863,69.70832061767578,90.22798156738281,54.331871032714844
2017-06-08,35.9590950012207,50.51350021362305,49.77265167236328,101.98764038085938,66.83853149414062,65.20421600341797,3.943168878555298,68.98588562011719,90.22798156738281,54.137115478515625
2017-06-09,34.56472396850586,48.91550064086914,48.07966613769531,102.75325012207031,68.41999053955078,63.72705841064453,3.6882457733154297,69.22928619384766,88.79133605957031,55.15110397338867
2017-06-12,33.738765716552734,48.24549865722656,47.66781997680664,102.97979736328125,68.43569946289062,63.2376823425293,3.6973674297332764,69.29214477539062,87.79600524902344,55.68830490112305
2017-06-13,34.010223388671875,49.03950119018555,48.0984992980957,103.13605499267578,68.66387176513672,64.02611541748047,3.7326223850250244,69.1507797241211,89.27960968017578,55.708457946777344
2017-06-14,33.67845916748047,48.82350158691406,47.97113037109375,103.72196960449219,68.5222396850586,63.681739807128906,3.740511894226074,69.44918823242188,89.50497436523438,55.11081314086914
2017-06-15,33.476585388183594,48.208499908447266,47.5870361328125,103.9328842163086,68.11312866210938,63.34644317626953,3.756537914276123,70.18732452392578,88.4251480102539,55.23841094970703
2017-06-16,33.007938385009766,49.385501861572266,47.50972366333008,104.95626831054688,67.8062515258789,63.437042236328125,3.738046646118164,70.40721130371094,88.4251480102539,56.06435012817383
2017-06-19,33.95222091674805,49.75849914550781,48.332427978515625,104.737548828125,69.2933349609375,64.22550201416016,3.878575086593628,70.56425476074219,89.0073013305664,55.57415008544922
2017-06-20,33.64365005493164,49.62950134277344,48.02366638183594,104.85470581054688,68.8605728149414,63.355499267578125,3.872904062271118,70.3836669921875,88.62232208251953,55.271976470947266
2017-06-21,33.843170166015625,50.11149978637695,48.49944305419922,105.39376831054688,68.54588317871094,63.681739807128906,3.9315807819366455,70.20305633544922,88.77255249023438,54.68775177001953
2017-06-22,33.787498474121094,50.064998626708984,48.40180969238281,106.28435516357422,68.46717834472656,63.67268371582031,3.904461145401001,69.9124984741211,88.21855163574219,54.44602584838867
2017-06-23,33.93830871582031,50.1870002746582,48.87114715576172,106.58119201660156,68.34130096435547,64.53360748291016,3.792532205581665,70.21874237060547,89.74911499023438,54.801918029785156
2017-06-26,33.83156204223633,49.69900131225586,48.177303314208984,106.51087951660156,68.6402816772461,63.91737747192383,3.7511138916015625,70.171630859375,89.41108703613281,54.553462982177734
2017-06-27,33.34667205810547,48.8390007019043,46.98784255981445,105.47184753417969,69.277587890625,62.72112274169922,3.613790273666382,69.58267974853516,89.11060333251953,54.466156005859375
2017-06-28,33.833892822265625,49.51649856567383,47.62816619873047,104.54222106933594,70.67019653320312,63.25579833984375,3.7412517070770264,69.39421844482422,90.35945129394531,54.748199462890625
2017-06-29,33.33507537841797,48.79650115966797,46.47886276245117,103.62041473388672,71.71665954589844,62.068626403808594,3.6162562370300293,68.31053924560547,88.6598892211914,54.19084548950195
2017-06-30,33.41394805908203,48.400001525878906,46.075435638427734,103.34696960449219,71.91336822509766,62.46737289428711,3.5639898777008057,68.43619537353516,88.05889129638672,54.21098709106445
2017-07-03,33.293312072753906,47.68299865722656,45.568931579589844,103.82349395751953,73.37692260742188,61.77863693237305,3.4350478649139404,68.89949798583984,87.65514373779297,55.13095474243164
2017-07-05,33.430198669433594,48.56999969482422,46.20330810546875,104.40157318115234,74.1126937866211,62.60332107543945,3.5267622470855713,68.84452056884766,88.27490234375,54.29158401489258
2017-07-06,33.11467742919922,48.25699996948242,45.976810455322266,103.52667236328125,73.8753433227539,62.14110565185547,3.537363290786743,68.60894775390625,87.56126403808594,53.80136489868164
2017-07-07,33.45108413696289,48.9379997253418,46.62704849243164,103.54224395751953,74.24717712402344,62.94768524169922,3.61822772026062,68.82884216308594,88.1904067993164,53.868526458740234
2017-07-10,33.65523147583008,49.82350158691406,47.1320686340332,102.7688980102539,73.72504425048828,63.41893768310547,3.7893269062042236,68.38908386230469,89.28900909423828,53.82823944091797
2017-07-11,33.76429748535156,49.70650100708008,47.2574577331543,102.51887512207031,73.44022369384766,63.4279899597168,3.8430724143981934,68.13777160644531,89.5895004272461,54.12370681762695
2017-07-12,33.813011169433594,50.32550048828125,47.9577522277832,103.30007934570312,73.18706512451172,64.47923278808594,4.006528854370117,68.2869873046875,90.31254577636719,54.36542892456055
2017-07-13,34.28399658203125,50.03150177001953,48.016727447509766,103.01103973388672,73.6538314819336,65.04109954833984,3.960178852081299,68.08281707763672,90.087158203125,54.37215042114258
2017-07-14,34.57863235473633,50.09049987792969,48.41618347167969,103.58914184570312,72.98136138916016,65.95640563964844,4.066685199737549,68.39693450927734,91.01673889160156,54.580318450927734
2017-07-17,34.699283599853516,50.50199890136719,48.36909866333008,103.23760223388672,72.30101776123047,66.47296142578125,4.049426555633545,68.75028991699219,90.9228286743164,54.29829025268555
2017-07-18,34.8199348449707,51.22249984741211,48.91376876831055,105.04222106933594,72.0478744506836,66.42768859863281,4.091585159301758,69.60623931884766,91.6270980834961,54.12370681762695
2017-07-19,35.038021087646484,51.34349822998047,49.202213287353516,105.62813568115234,72.15070343017578,66.9351806640625,4.070382595062256,69.92282104492188,92.25621032714844,54.29158401489258
2017-07-20,34.880252838134766,51.435001373291016,49.1734733581543,106.69053649902344,72.15070343017578,67.26141357421875,4.129551410675049,70.12068176269531,92.12477111816406,54.29829025268555
2017-07-21,34.8640251159668,51.28350067138672,49.255245208740234,105.70623779296875,71.9054183959961,66.87171936035156,4.144345760345459,70.12858581542969,93.52386474609375,53.80136489868164
2017-07-24,35.28627395629883,51.9474983215332,49.47677230834961,103.90943145751953,72.21398162841797,66.69954681396484,4.09627103805542,69.78826141357422,94.24690246582031,53.633480072021484
2017-07-25,35.43708801269531,51.993499755859375,48.0256462097168,103.02665710449219,73.41648864746094,67.23421478271484,4.076546669006348,70.54803466796875,93.89006042480469,53.902099609375
2017-07-26,35.6041259765625,52.63999938964844,47.84128189086914,102.30014038085938,72.72821044921875,67.10733032226562,4.123636245727539,70.6746597290039,94.6976318359375,53.96925735473633
2017-07-27,34.931297302246094,52.29999923706055,47.2069091796875,102.20640563964844,72.42758178710938,66.30078125,3.9875452518463135,71.76685333251953,93.49571228027344,54.27812957763672
2017-07-28,34.68537902832031,51.00199890136719,47.49534606933594,103.00321197509766,72.21398162841797,66.1920394897461,4.052878379821777,71.39486694335938,93.101318359375,53.45217514038086
2017-07-31,34.5067138671875,49.388999938964844,46.8594856262207,103.6828842163086,72.62538146972656,65.88390350341797,4.006528854370117,71.87764739990234,93.48629760742188,53.74763870239258
2017-08-01,34.81296920776367,49.80950164794922,46.912017822265625,103.51885223388672,73.59848022460938,65.7751693725586,4.055342674255371,72.0992431640625,94.7164077758789,53.83493423461914
2017-08-02,36.457908630371094,49.794498443603516,46.96554183959961,103.24542236328125,73.66175079345703,65.48515319824219,4.052878379821777,72.0517578125,95.10140228271484,54.12370681762695
2017-08-03,36.093658447265625,49.34600067138672,46.60177230834961,104.175048828125,73.17916870117188,65.38549041748047,4.10440731048584,71.90931701660156,94.4534683227539,54.0498161315918
2017-08-04,36.283912658691406,49.37900161743164,46.87385940551758,104.04222869873047,74.09687805175781,65.86579895019531,4.122403144836426,71.7589340209961,94.73517608642578,53.861785888671875
2017-08-07,36.845367431640625,49.61349868774414,46.87187576293945,103.79226684570312,74.38168334960938,65.612060546875,4.249124526977539,72.36832427978516,95.2985610961914,53.82823944091797
2017-08-08,37.1400260925293,49.492000579833984,46.794559478759766,103.33134460449219,74.1126937866211,65.96549224853516,4.198584079742432,72.47914123535156,95.10140228271484,53.69395065307617
2017-08-09,37.36738586425781,49.10049819946289,46.59086608886719,104.0813217163086,73.9940185546875,65.67549133300781,4.243208885192871,72.74822998046875,94.810302734375,53.861785888671875
2017-08-10,36.17716979980469,47.84600067138672,45.773616790771484,103.97193145751953,72.93391418457031,64.71485900878906,4.061509132385254,72.60575103759766,93.42058563232422,53.543148040771484
2017-08-11,36.68028259277344,48.39950180053711,46.09575271606445,103.97976684570312,72.32475280761719,65.70268249511719,3.845046043395996,72.28917694091797,93.98394775390625,53.02784729003906
2017-08-14,37.23230743408203,49.165000915527344,46.533870697021484,104.2766342163086,73.17124938964844,66.69048309326172,4.151740550994873,72.53453063964844,95.6553726196289,53.041419982910156
2017-08-15,37.639915466308594,49.137001037597656,46.49174880981445,104.19850158691406,73.36112213134766,66.70870971679688,4.116733074188232,72.96981048583984,96.3690185546875,52.91260528564453
2017-08-16,37.488502502441406,48.909000396728516,46.79853057861328,104.8156509399414,72.85479736328125,67.10044860839844,4.07161808013916,73.15977478027344,97.17314147949219,52.52610778808594
2017-08-17,36.768795013427734,48.028499603271484,45.9753303527832,103.9328842163086,71.715576171875,65.96163177490234,3.980889320373535,72.86695098876953,96.0821533203125,51.70571517944336
2017-08-18,36.68492889404297,47.923500061035156,45.901981353759766,103.61259460449219,71.7867660522461,66.04361724853516,3.98162841796875,73.18351745605469,96.41133880615234,51.96335220336914
2017-08-21,36.617393493652344,47.66450119018555,45.63880920410156,104.25315856933594,71.69976043701172,65.73385620117188,3.9236912727355957,73.49215698242188,97.07911682128906,51.78705978393555
2017-08-22,37.21599578857422,48.345001220703125,46.60673141479492,105.22969818115234,72.43549346923828,66.65401458740234,4.011043071746826,73.4367446899414,97.8785400390625,52.031158447265625
2017-08-23,37.262577056884766,47.900001525878906,46.71477127075195,103.7453842163086,72.52252960205078,66.25316619873047,4.091240406036377,73.15977478027344,97.0414810180664,51.943016052246094
2017-08-24,37.09721755981445,47.622501373291016,46.432769775390625,103.8156967163086,72.40385437011719,66.22583770751953,4.076189041137695,73.02523803710938,97.07911682128906,51.75315856933594
2017-08-25,37.23463821411133,47.26300048828125,46.11608123779297,103.52482604980469,72.6965560913086,66.34427642822266,4.042134761810303,73.21516418457031,97.20137786865234,52.01760482788086
2017-08-28,37.6096305847168,47.30099868774414,45.99862289428711,103.57197570800781,72.4671401977539,66.3533935546875,4.070759296417236,73.18351745605469,97.60576629638672,51.848087310791016
2017-08-29,37.945030212402344,47.702999114990234,46.37627029418945,103.94146728515625,72.07159423828125,66.5538101196289,4.064095973968506,73.06476593017578,97.59637451171875,51.834537506103516
2017-08-30,38.047508239746094,48.37950134277344,46.766807556152344,103.04523468017578,72.23773956298828,67.42843627929688,4.088278770446777,72.7086181640625,97.55873107910156,51.59722137451172
2017-08-31,38.198917388916016,49.029998779296875,47.34221267700195,104.06727600097656,71.9054183959961,68.120849609375,4.181060314178467,73.02523803710938,97.36122131347656,51.75315856933594
2017-09-01,38.2105598449707,48.912498474121094,47.1811408996582,103.01380157470703,72.54624938964844,67.3646469116211,4.206228256225586,73.2309799194336,97.71864318847656,51.91590118408203
2017-09-05,37.751708984375,48.26350021362305,46.66025161743164,102.12537384033203,70.81370544433594,67.06399536132812,4.093953609466553,73.38135528564453,96.881591796875,52.3294792175293
2017-09-06,37.71211624145508,48.38999938964844,46.68701934814453,102.73075866699219,71.28836822509766,66.8726806640625,4.09148645401001,73.38135528564453,97.0414810180664,53.414310455322266
2017-09-07,37.56071472167969,48.9734992980957,47.077056884765625,103.9257583618164,70.03839111328125,67.72909545898438,4.110487461090088,73.57920837402344,98.3393783569336,53.583824157714844
2017-09-08,36.94813919067383,48.29499816894531,46.65678024291992,102.9744644165039,69.95136260986328,67.40113067626953,4.0391740798950195,73.4763412475586,98.21710968017578,53.44143295288086
2017-09-11,37.616615295410156,48.89799880981445,46.74995803833008,104.72766876220703,71.03522491455078,68.11174011230469,4.170202732086182,74.3864517211914,99.83480072021484,53.73299026489258
2017-09-12,37.467552185058594,49.12900161743164,46.91647720336914,104.27168273925781,71.9054183959961,68.03887176513672,4.1852545738220215,74.00659942626953,99.8912353515625,53.902488708496094
2017-09-13,37.18570327758789,49.97999954223633,47.10432052612305,104.13016510009766,72.11112976074219,68.521728515625,4.204009056091309,74.03823852539062,99.5338363647461,54.0855598449707
2017-09-14,36.866607666015625,49.61050033569336,46.593345642089844,105.49024963378906,71.96875762939453,68.120849609375,4.1800737380981445,74.03823852539062,99.76895904541016,54.30252456665039
2017-09-15,37.23929214477539,49.339500427246094,46.35347366333008,105.70254516601562,72.48297119140625,68.61284637451172,4.4443488121032715,73.81663513183594,99.0353775024414,54.28895568847656
2017-09-18,36.95745086669922,48.70949935913086,46.07890319824219,106.4336929321289,73.51141357421875,68.47618103027344,4.627936363220215,73.72167205810547,98.59332275390625,54.30252456665039
2017-09-19,36.971431732177734,48.49300003051758,46.43128204345703,106.30790710449219,74.31837463378906,68.73126220703125,4.623002529144287,74.52893829345703,99.1387939453125,54.390655517578125
2017-09-20,36.351871490478516,48.660499572753906,46.96058654785156,104.73554992675781,74.84053039550781,68.2757568359375,4.585742473602295,74.71095275878906,98.7249984741211,54.61439895629883
2017-09-21,35.72764205932617,48.23249816894531,46.96108627319336,103.57986450195312,75.18070983886719,67.61067199707031,4.46038818359375,73.31803894042969,99.04473114013672,54.16691207885742
2017-09-22,35.37825012207031,47.755001068115234,46.748470306396484,103.29682922363281,75.02249908447266,67.79287719726562,4.416961193084717,73.00148010253906,99.27987670898438,54.18726348876953
2017-09-25,35.066139221191406,46.989498138427734,46.30341339111328,103.12384033203125,74.46080017089844,66.7451400756836,4.219554901123047,73.38135528564453,96.89098358154297,54.90596389770508
2017-09-26,35.669395446777344,46.93000030517578,46.45952606201172,102.94302368164062,74.1285171508789,66.7451400756836,4.243242263793945,73.32596588134766,96.81574249267578,54.84493637084961
2017-09-27,35.92329025268555,47.54349899291992,47.573158264160156,102.0074691772461,75.29937744140625,67.28266906738281,4.336269378662109,71.91722106933594,97.70923614501953,55.21107864379883
2017-09-28,35.702022552490234,47.81999969482422,47.81650161743164,101.78733825683594,75.45761108398438,67.3008804321289,4.33503532409668,71.93303680419922,98.35818481445312,55.72637176513672
2017-09-29,35.89767074584961,48.067501068115234,48.25808334350586,102.21188354492188,75.5604476928711,67.8657455444336,4.411283493041992,72.00428009033203,98.9789047241211,55.5839729309082
2017-10-02,35.825462341308594,47.95949935913086,47.948326110839844,103.16313171386719,76.6126480102539,67.97509002685547,4.416961193084717,72.6294937133789,99.1670150756836,55.3466796875
2017-10-03,35.98151779174805,47.85499954223633,48.17680740356445,103.85501861572266,77.01611328125,67.65620422363281,4.42609167098999,72.906494140625,99.30810546875,55.43479919433594
2017-10-04,35.74860763549805,48.272499084472656,47.91413879394531,104.47608947753906,76.23289489746094,68.04796600341797,4.4631028175354,73.14393615722656,99.04473114013672,55.45515823364258
2017-10-05,36.193458557128906,49.04249954223633,48.82654571533203,104.71192932128906,77.2594223022461,69.21414947509766,4.460635662078857,72.83526611328125,99.91942596435547,55.6110954284668
2017-10-06,36.172508239746094,49.479000091552734,49.24532699584961,104.73554992675781,77.1241455078125,69.241455078125,4.4737138748168945,73.07271575927734,100.38027954101562,55.400901794433594
2017-10-09,36.29829406738281,49.54949951171875,49.179420471191406,104.91632843017578,76.71831512451172,69.50566864013672,4.574639797210693,72.906494140625,100.64362335205078,55.61787414550781
2017-10-10,36.3122673034668,49.36000061035156,48.95589828491211,105.2701416015625,77.29125213623047,69.50566864013672,4.661990165710449,72.51077270507812,100.92577362060547,55.77381896972656
2017-10-11,36.46366882324219,49.75,49.840553283691406,107.43213653564453,77.06047058105469,69.6241226196289,4.711588382720947,72.38416290283203,101.9885482788086,56.00434875488281
2017-10-12,36.33555603027344,50.04650115966797,49.840553283691406,107.57367706298828,76.38409423828125,70.26187133789062,4.71381139755249,72.93026733398438,101.67818450927734,55.88908004760742
2017-10-13,36.5661506652832,50.14699935913086,49.95056915283203,107.25918579101562,76.28065490722656,70.59896087646484,4.80165433883667,73.63461303710938,102.19547271728516,55.87551498413086
2017-10-16,37.23929214477539,50.31700134277344,50.02392578125,107.01545715332031,77.85621643066406,70.7447509765625,4.884070873260498,73.7137451171875,101.85689544677734,56.146732330322266
2017-10-17,37.376712799072266,50.45650100708008,50.10570526123047,110.68693542480469,77.68115234375,70.69007873535156,4.8796305656433105,73.44466400146484,101.14208984375,56.24843215942383
2017-10-18,37.21134567260742,49.849998474121094,50.19193649291992,110.6004638671875,77.9755859375,70.70829772949219,4.875433444976807,73.42092895507812,101.38663482666016,56.11282730102539
2017-10-19,36.33089828491211,49.330501556396484,49.65172576904297,111.6697006225586,78.07107543945312,70.98167419433594,4.880862712860107,73.03021240234375,100.65300750732422,56.09926223754883
2017-10-20,36.39380645751953,49.14550018310547,49.81180191040039,111.95267486572266,79.18514251708984,71.80158996582031,4.858654975891113,70.3670425415039,101.15151977539062,56.35013961791992
2017-10-23,36.37515640258789,48.314998626708984,48.84388732910156,112.911865234375,79.04987335205078,71.81981658935547,4.851747035980225,69.60955047607422,101.13267517089844,56.43827438354492
2017-10-24,36.591758728027344,48.79499816894531,48.99009323120117,111.35519409179688,80.30714416503906,71.84712982177734,4.902577877044678,69.35438537597656,101.96035766601562,56.594207763671875
2017-10-25,36.43104553222656,48.64550018310547,49.137290954589844,111.9212646484375,80.38672637939453,71.63758087158203,4.778705596923828,69.25873565673828,102.97607421875,56.39081573486328
2017-10-26,36.663970947265625,48.621498107910156,49.13530349731445,111.48885345458984,80.95966339111328,71.75602722167969,4.828798294067383,69.76904296875,103.26763153076172,56.594207763671875
2017-10-27,37.977638244628906,55.04750061035156,51.22922897338867,111.46524810791016,80.9835433959961,76.35693359375,4.9810471534729,69.40222930908203,103.1830062866211,56.7569580078125
2017-10-30,38.83246612548828,55.54249954223633,51.20247268676758,110.06584930419922,80.69705200195312,76.4298324584961,5.029905796051025,68.78827667236328,103.49335479736328,56.64168930053711
2017-10-31,39.37282943725586,55.263999938964844,51.19801712036133,109.60204315185547,80.0604476928711,75.78298950195312,5.103193759918213,68.84410095214844,103.43692779541016,56.51286697387695
2017-11-01,38.87206268310547,55.183998107910156,51.67181396484375,110.05013275146484,80.30714416503906,75.78298950195312,5.112815856933594,69.28262329101562,104.46208190917969,56.86542892456055
2017-11-02,39.156227111816406,54.71099853515625,51.69015121459961,110.01082611083984,80.84030151367188,76.57561492919922,5.081723690032959,68.9796371459961,104.37743377685547,56.63490676879883
2017-11-03,40.178741455078125,55.58000183105469,52.03806686401367,110.1287612915039,80.69705200195312,76.65760040283203,5.149582862854004,69.03544616699219,104.73480987548828,56.397586822509766
2017-11-06,40.58634567260742,56.03300094604492,51.67578125,109.87718200683594,80.19573211669922,76.95824432373047,5.172778129577637,68.61284637451172,105.2614974975586,56.784053802490234
2017-11-07,40.7167854309082,56.15850067138672,52.157012939453125,109.88504028320312,78.58037567138672,76.7760238647461,5.231998920440674,69.35438537597656,105.42140197753906,56.66880798339844
2017-11-08,41.04985809326172,56.64400100708008,52.44942092895508,111.10364532470703,77.69709014892578,77.04023742675781,5.1611809730529785,69.83281707763672,105.7787857055664,56.594207763671875
2017-11-09,40.965999603271484,56.45650100708008,51.925567626953125,110.3410415649414,77.68911743164062,76.61205291748047,5.066425323486328,69.99229431152344,105.46842193603516,56.9332389831543
2017-11-10,40.8304443359375,56.26750183105469,51.74863052368164,109.71995544433594,77.59363555908203,76.41163635253906,5.333416938781738,70.2952651977539,105.2238998413086,56.75532531738281
2017-11-13,40.66679763793945,56.458499908447266,51.60243225097656,109.87718200683594,77.87215423583984,76.46627807617188,5.246805667877197,70.96505737304688,104.7724380493164,56.72111129760742
2017-11-14,40.052024841308594,56.84199905395508,51.62423324584961,109.66490173339844,77.40267944335938,76.57561492919922,5.285053253173828,70.86140441894531,105.31793975830078,56.27630615234375
2017-11-15,39.52372741699219,56.33449935913086,51.36503219604492,109.35831451416016,78.13472747802734,75.98043060302734,5.181415557861328,70.35111236572266,103.69084167480469,55.57148742675781
2017-11-16,39.99592590332031,56.864498138427734,51.962738037109375,109.1774673461914,78.35755920410156,76.1818618774414,5.2216362953186035,71.16436767578125,104.60005187988281,55.126686096191406
2017-11-17,39.773841857910156,56.49399948120117,51.339256286621094,108.49351501464844,78.094970703125,75.44934844970703,5.215468406677246,70.51058959960938,103.46945190429688,54.90772247314453
2017-11-20,39.734107971191406,56.31549835205078,51.2783088684082,108.43843078613281,78.7872543334961,75.56838989257812,5.282585144042969,70.38301086425781,103.59193420410156,55.11984634399414
2017-11-21,40.4727783203125,56.9744987487793,52.05343246459961,108.76077270507812,78.7236099243164,76.65802001953125,5.3311967849731445,70.74181365966797,105.00518798828125,55.33883285522461
2017-11-22,40.898231506347656,57.80799865722656,52.13371658325195,107.93528747558594,78.49283599853516,76.09947967529297,5.307243824005127,70.43083190917969,104.41160583496094,55.4962272644043
2017-11-24,40.90056228637695,59.29999923706055,52.36170196533203,108.50137329101562,78.23819732666016,76.23680114746094,5.357369422912598,70.5265121459961,105.49512481689453,55.71519088745117
2017-11-27,40.69485855102539,59.791500091552734,53.1293830871582,109.23696899414062,77.9278564453125,76.79537200927734,5.287735939025879,70.93315887451172,105.88143920898438,55.50305938720703
2017-11-28,40.45641326904297,59.68000030517578,52.69721984863281,110.7557144165039,80.65725708007812,77.72016906738281,5.203040599822998,71.28401184082031,106.80474853515625,55.88623809814453
2017-11-29,39.61723709106445,58.063499450683594,51.41311264038086,110.58958435058594,82.543212890625,76.31005859375,4.850177764892578,71.26805114746094,103.50714874267578,56.29684829711914
2017-11-30,40.17123794555664,58.837501525878906,51.35314178466797,110.20989990234375,83.17183685302734,77.0700454711914,4.956110954284668,71.75446319580078,106.07925415039062,56.99481201171875
2017-12-01,39.98423385620117,58.11750030517578,50.80302047729492,110.72406768798828,83.38671875,77.15247344970703,4.881292343139648,72.04948425292969,104.32681274414062,57.11115264892578
2017-12-04,39.69203567504883,56.6974983215332,50.1488151550293,109.95677185058594,85.10550689697266,74.24070739746094,4.609177589416504,72.88671112060547,101.2176513671875,57.18642044067383
2017-12-05,39.65463638305664,57.07849884033203,50.53192138671875,110.47886657714844,84.12676239013672,74.70767211914062,4.635846138000488,72.87873840332031,102.30115509033203,56.72111129760742
2017-12-06,39.507362365722656,57.61750030517578,51.182159423828125,111.578369140625,83.49813842773438,75.79729461669922,4.67337703704834,72.75911712646484,103.3940658569336,56.30368423461914
2017-12-07,39.579830169677734,57.989498138427734,51.769447326660156,110.74776458740234,83.25143432617188,75.53175354003906,4.740790843963623,71.8421630859375,104.95807647705078,56.48845291137695
2017-12-08,39.591514587402344,58.099998474121094,52.007835388183594,111.20659637451172,84.29389190673828,77.06092834472656,4.728443622589111,72.05744934082031,106.08868408203125,56.563724517822266
2017-12-11,40.362918853759766,58.44599914550781,52.13619613647461,111.64163208007812,84.04718780517578,78.04063415527344,4.80672025680542,71.94581604003906,105.87200927734375,56.81691360473633
2017-12-12,40.136165618896484,58.25400161743164,51.97760009765625,112.79650115966797,85.02596282958984,78.36109924316406,4.7123918533325195,71.64282989501953,106.89897155761719,56.63214111328125
2017-12-13,40.26941680908203,58.20650100708008,52.107452392578125,113.02587127685547,83.95964050292969,78.15049743652344,4.597323417663574,72.46409606933594,106.75764465332031,56.878501892089844
2017-12-14,40.25773239135742,58.7130012512207,52.40877914428711,112.04502868652344,83.28325653076172,77.54618072509766,4.604483604431152,72.55980682373047,106.39016723632812,56.727928161621094
2017-12-15,40.66679763793945,58.957000732421875,53.128883361816406,112.68573760986328,84.4609603881836,79.52396392822266,4.730170726776123,73.26942443847656,107.2381362915039,56.81691360473633
2017-12-18,41.239505767822266,59.52899932861328,53.77764129638672,112.16368865966797,85.11347198486328,79.0936279296875,4.886726379394531,73.2614517211914,106.98377990722656,56.75532531738281
2017-12-19,40.80003356933594,59.36899948120117,53.51447296142578,112.14786529541016,84.75538635253906,78.59002685546875,4.84252405166626,73.10198211669922,105.6552963256836,56.41318130493164
2017-12-20,40.755645751953125,58.88100051879883,53.20621109008789,111.65746307373047,84.4609603881836,78.30619049072266,4.85956335067749,72.9823989868164,105.6364517211914,56.707435607910156
2017-12-21,40.90990447998047,58.737998962402344,53.071903228759766,111.578369140625,85.80580139160156,78.28785705566406,4.837092399597168,73.09403228759766,105.90967559814453,57.378013610839844
2017-12-22,40.90990447998047,58.417999267578125,52.9732666015625,110.83479309082031,85.5033950805664,78.29702758789062,4.821783065795898,73.46080017089844,106.17350006103516,57.460140228271484
2017-12-26,39.872032165527344,58.8380012512207,52.824100494384766,110.81106567382812,85.16121673583984,78.19630432128906,4.875364303588867,73.73985290527344,106.45614624023438,57.46698760986328
2017-12-27,39.87903594970703,59.112998962402344,52.544071197509766,111.19076538085938,85.32038116455078,78.48015594482422,4.868697643280029,73.4368896484375,107.42656707763672,57.4122428894043
2017-12-28,39.99122619628906,59.30500030517578,52.33345031738281,111.18284606933594,85.77396392822266,78.48932647705078,4.874377727508545,73.41297149658203,107.73748779296875,57.494346618652344
2017-12-29,39.55879211425781,58.4734992980957,52.20706558227539,110.51841735839844,85.09756469726562,78.32447814941406,4.778076171875,73.2614517211914,107.42656707763672,57.23431396484375
2018-01-02,40.26707458496094,59.45050048828125,53.18885803222656,110.13080596923828,85.90127563476562,78.6999282836914,4.92252779006958,72.28072357177734,107.88825988769531,58.18549346923828
2018-01-03,40.26005935668945,60.209999084472656,54.0963134765625,111.18284606933594,85.98881530761719,79.06616973876953,5.246500015258789,72.19300079345703,108.96231079101562,59.32826614379883
2018-01-04,40.44706726074219,60.47949981689453,54.306453704833984,111.1749267578125,87.22064208984375,79.76207733154297,5.274154186248779,72.70328521728516,109.36746215820312,59.41038513183594
2018-01-05,40.90757369995117,61.457000732421875,55.026573181152344,112.09249114990234,86.66072845458984,80.7509536743164,5.318849563598633,72.75115966796875,111.98670196533203,59.36246871948242
2018-01-08,40.755645751953125,62.34349822998047,55.22084426879883,112.23487854003906,86.78871154785156,80.83338165283203,5.481823921203613,73.13389587402344,112.43894958496094,59.62934875488281
2018-01-09,40.75094985961914,62.6349983215332,55.15046310424805,114.01463317871094,87.22864532470703,80.7784194946289,5.480341911315918,72.59964752197266,112.22222900390625,59.37614059448242
2018-01-10,40.74160385131836,62.71649932861328,55.01913070678711,113.8801498413086,88.18852233886719,80.41217041015625,5.523307800292969,72.13721466064453,112.09974670410156,58.90401077270508
2018-01-11,40.97303009033203,63.83399963378906,55.11379623413086,114.52876281738281,88.66046142578125,80.65023040771484,5.533184051513672,71.88204193115234,112.9100341796875,59.48566436767578
2018-01-12,41.3961296081543,65.26000213623047,56.03561782836914,115.2960433959961,90.12427520751953,82.04202270507812,5.506022930145264,71.45144653320312,113.14556121826172,59.88938522338867
2018-01-16,41.18574523925781,65.24299621582031,56.0380973815918,116.16612243652344,89.8042984008789,80.89745330810547,5.435153961181641,71.93783569335938,113.42822265625,59.513031005859375
2018-01-17,41.865989685058594,64.75,56.45440673828125,116.26106262207031,90.3802261352539,82.53649139404297,5.548988342285156,72.7192611694336,114.92628479003906,60.21782302856445
2018-01-18,41.90336608886719,64.66600036621094,56.299285888671875,116.21360778808594,90.59622192382812,82.49983215332031,5.542074203491211,72.45410919189453,115.99093627929688,59.827796936035156
2018-01-19,41.71636962890625,64.72899627685547,56.67247009277344,116.56163787841797,90.396240234375,82.40827941894531,5.682082176208496,73.1691665649414,115.60464477539062,59.63618087768555
2018-01-22,41.37508773803711,66.3655014038086,57.69639587402344,117.17861938476562,91.45208740234375,83.8824691772461,5.770483493804932,73.8280029296875,117.14038848876953,60.3889045715332
2018-01-23,41.38443374633789,68.12699890136719,58.2916145324707,112.18738555908203,91.35609436035156,84.14801788330078,5.899380207061768,71.54624938964844,117.44187927246094,60.42311477661133
2018-01-24,40.72524642944336,67.87550354003906,58.04975891113281,112.37728118896484,92.52394104003906,84.07473754882812,5.822585582733154,70.95167541503906,117.34766387939453,60.58051681518555
2018-01-25,39.99825668334961,68.89749908447266,58.58749008178711,114.22027587890625,92.54796600341797,84.541748046875,5.836165904998779,70.9758071899414,117.97892761230469,60.471031188964844
2018-01-26,40.09174728393555,70.10250091552734,58.856109619140625,114.95594024658203,93.04388427734375,86.12581634521484,6.008523941040039,70.48571014404297,119.01528930664062,60.902130126953125
2018-01-29,39.26192855834961,70.88400268554688,58.802581787109375,113.65077209472656,92.94790649414062,85.99762725830078,6.0954413414001465,69.78670501708984,117.62091827392578,60.22467803955078
2018-01-30,39.030494689941406,71.89099884033203,58.3510856628418,112.6620101928711,92.07599639892578,84.91715240478516,5.993459224700928,69.85900115966797,116.4054946899414,59.38302230834961
2018-01-31,39.13803482055664,72.54450225830078,58.59145736694336,109.30816650390625,92.52394104003906,86.99566650390625,6.069514751434326,69.36891174316406,117.04618072509766,59.738834381103516
2018-02-01,39.21984100341797,69.5,58.560237884521484,110.7557144165039,93.48382568359375,86.3089370727539,5.938641548156738,68.97521209716797,118.45000457763672,60.950035095214844
2018-02-02,37.51808547973633,71.49749755859375,55.468143463134766,108.90473937988281,91.412109375,84.0381088256836,5.766286373138428,67.68973541259766,113.91816711425781,57.84334182739258
2018-02-05,36.58071517944336,69.5,52.652618408203125,103.13838195800781,87.0286865234375,80.57698059082031,5.2768731117248535,65.12673950195312,109.54647064208984,54.55189895629883
2018-02-06,38.10950469970703,72.14199829101562,53.74493408203125,104.27742004394531,89.67634582519531,83.6261215209961,5.570223808288574,66.18727111816406,113.03251647949219,53.61439514160156
2018-02-07,37.2936897277832,70.83899688720703,52.30668258666992,103.95311737060547,90.28425598144531,82.0511703491211,5.649734973907471,65.75344848632812,112.73099517822266,52.64955139160156
2018-02-08,36.267486572265625,67.5250015258789,49.942657470703125,99.95064544677734,86.29277038574219,77.83918762207031,5.3712005615234375,64.45184326171875,107.2758560180664,52.054229736328125
2018-02-09,36.711082458496094,66.9800033569336,51.853702545166016,102.45812225341797,88.02053833007812,80.7417984008789,5.730728626251221,64.21083068847656,109.59355926513672,52.386043548583984
2018-02-12,38.18976974487305,69.3115005493164,52.264564514160156,103.04346466064453,89.38037109375,81.61167907714844,5.630720138549805,65.34368133544922,111.61925506591797,52.82848358154297
2018-02-13,38.57234191894531,70.72550201416016,52.24374008178711,102.79826354980469,89.93228149414062,82.25261688232422,5.744309902191162,65.48026275634766,111.50619506835938,52.74550247192383
2018-02-14,39.28351593017578,72.55249786376953,53.1635856628418,102.5688705444336,92.01203918457031,83.54055786132812,5.961359977722168,64.82145690917969,113.84278869628906,52.856109619140625
2018-02-15,40.60258483886719,73.08799743652344,54.08838653564453,103.8028335571289,92.39598083496094,85.24244689941406,6.0868000984191895,66.21141052246094,115.40949249267578,52.683292388916016
2018-02-16,40.47114181518555,72.43450164794922,54.29357147216797,105.321533203125,91.73204803466797,84.6352767944336,6.021115303039551,66.36402893066406,115.00366973876953,52.911399841308594
2018-02-20,40.33501434326172,73.4175033569336,54.69451141357422,103.51805877685547,91.75604248046875,85.29765319824219,6.150506496429443,65.35172271728516,115.15467071533203,52.36530303955078
2018-02-21,40.15193176269531,74.14600372314453,55.19804763793945,102.75870513916016,92.1400375366211,84.1661148071289,5.9635820388793945,64.46795654296875,113.6634521484375,51.770782470703125
2018-02-22,40.487586975097656,74.26699829101562,55.00723648071289,102.75870513916016,91.97201538085938,84.38688659667969,5.983101844787598,64.94998931884766,113.61627197265625,52.44133377075195
2018-02-23,41.19171905517578,75.0,55.90873718261719,104.4277114868164,93.83580017089844,86.53038024902344,6.076498508453369,65.11872863769531,116.02298736572266,53.595794677734375
2018-02-26,42.00615692138672,76.09750366210938,56.68238830566406,105.13621520996094,95.00362396240234,87.781494140625,6.092556953430176,65.584716796875,117.58970642089844,54.50139617919922
2018-02-27,41.870018005371094,75.5989990234375,55.384403228759766,104.81777954101562,93.87574768066406,86.65917205810547,6.0797119140625,64.70896911621094,116.43827819824219,53.575050354003906
2018-02-28,41.80664825439453,75.62249755859375,54.71085739135742,103.39282989501953,92.38798522949219,86.26361083984375,5.979396343231201,63.086021423339844,116.03238677978516,52.3583869934082
2018-03-01,41.07435607910156,74.67250061035156,53.09965133666992,101.32307434082031,90.73219299316406,85.41725158691406,5.737502098083496,63.23065185546875,113.63512420654297,51.98509216308594
2018-03-02,41.358367919921875,75.01249694824219,53.73055648803711,102.54901885986328,90.64418029785156,85.60122680664062,5.844486713409424,63.873382568359375,113.98435974121094,52.227046966552734
2018-03-05,41.50154113769531,76.18049621582031,54.256893157958984,103.32117462158203,92.03601837158203,86.14400482177734,5.822495937347412,64.50813293457031,115.0319595336914,52.724761962890625
2018-03-06,41.466312408447266,76.88200378417969,54.56119155883789,102.07137298583984,92.11601257324219,85.84962463378906,5.983346939086914,64.29118347167969,114.25804901123047,52.66254806518555
2018-03-07,41.08140182495117,77.25,55.26197814941406,102.72411346435547,91.77204895019531,86.34638214111328,5.975441932678223,63.600215911865234,115.00366973876953,51.33526611328125
2018-03-08,41.529693603515625,77.59300231933594,55.972679138183594,105.12825775146484,91.78006744384766,86.87073516845703,5.959134101867676,64.25101470947266,115.35289001464844,51.23849105834961
2018-03-09,42.24320602416992,78.94450378417969,57.53185272216797,106.5134048461914,94.41970825195312,88.81185150146484,6.061673641204834,64.50813293457031,117.51421356201172,51.542667388916016
2018-03-12,42.65161895751953,79.91950225830078,57.784114837646484,105.58201599121094,94.1157455444336,89.02342987060547,6.1711320877075195,64.16263580322266,117.2593765258789,52.01274490356445
2018-03-13,42.24087142944336,79.40899658203125,56.49454879760742,106.95122528076172,92.98788452148438,86.85235595703125,6.120480060577393,64.05013275146484,116.27781677246094,51.52193069458008
2018-03-14,41.88175964355469,79.55000305175781,56.939605712890625,105.33522033691406,91.94802856445312,86.33718872070312,6.145928382873535,63.4716682434082,115.69265747070312,50.87901306152344
2018-03-15,41.93106460571289,79.11599731445312,57.024845123291016,105.92430877685547,92.18000793457031,86.64077758789062,6.160754680633545,63.20652770996094,116.47602844238281,51.44587707519531
2018-03-16,41.78318786621094,78.58399963378906,56.22246551513672,106.41786193847656,92.3399658203125,87.02714538574219,6.188920974731445,63.44758224487305,117.53309631347656,51.92979431152344
2018-03-19,41.1447868347168,77.24649810791016,54.520057678222656,103.6794204711914,91.61206817626953,85.45403289794922,5.954687118530273,63.19851303100586,116.28723907470703,51.25923156738281
2018-03-20,41.13068771362305,79.32550048828125,54.30843734741211,104.45159149169922,91.70006561279297,85.6748275756836,6.166684150695801,62.91729736328125,117.89173126220703,51.14863967895508
2018-03-21,40.198890686035156,79.09300231933594,54.2192268371582,104.4356918334961,91.78006744384766,85.0768814086914,6.141481876373291,61.896934509277344,116.29669952392578,51.87449264526367
2018-03-22,39.63088607788086,77.24600219726562,52.19468688964844,101.4026870727539,87.94855499267578,82.60220336914062,5.975688934326172,61.390769958496094,113.24817657470703,50.80989074707031
2018-03-23,38.71316909790039,74.77799987792969,50.876365661621094,99.5876235961914,85.59687042236328,80.20111846923828,5.75628137588501,60.98905563354492,110.42617797851562,50.38821029663086
2018-03-26,40.55094909667969,77.79299926757812,52.24126434326172,101.41063690185547,88.23651885986328,86.2728271484375,6.040670871734619,61.390769958496094,113.86164093017578,51.15553283691406
2018-03-27,39.51118469238281,74.85250091552734,49.904483795166016,101.26734924316406,86.52474975585938,82.3078384399414,5.572203159332275,62.49949645996094,110.80369567871094,50.94813919067383
2018-03-28,39.07463073730469,71.57099914550781,49.81725311279297,101.45836639404297,86.38876342773438,82.23422241210938,5.469170093536377,63.34312438964844,110.41673278808594,50.33290481567383
2018-03-29,39.37974548339844,72.36699676513672,51.401214599609375,102.01561737060547,87.96455383300781,83.96371459960938,5.7221808433532715,63.696632385253906,112.8989486694336,51.57722473144531
2018-04-02,39.121559143066406,68.59950256347656,50.186485290527344,99.15778350830078,86.26876831054688,81.4338607788086,5.461755752563477,62.186195373535156,111.73805236816406,50.616336822509766
2018-04-03,39.52291488647461,69.60250091552734,50.486324310302734,102.17484283447266,87.45260620117188,82.52860260009766,5.568002223968506,63.037811279296875,112.50254821777344,51.86065673828125
2018-04-04,40.27869415283203,70.52850341796875,51.03298568725586,103.81472778320312,88.78044891357422,84.93885803222656,5.589993953704834,63.51185989379883,113.07828521728516,51.7569694519043
2018-04-05,40.55800247192383,72.5875015258789,51.17818832397461,104.05354309082031,89.9461669921875,84.98487854003906,5.469911098480225,63.31098556518555,114.38076782226562,52.551963806152344
2018-04-06,39.52057647705078,70.2614974975586,50.05366134643555,101.975830078125,87.703125,83.00697326660156,5.293740749359131,63.01371383666992,111.08684539794922,51.7569694519043
2018-04-09,39.91254425048828,70.30400085449219,50.55620574951172,103.07438659667969,88.7563247680664,83.50376892089844,5.322402477264404,62.79679489135742,112.1156005859375,51.7569694519043
2018-04-10,40.663604736328125,71.81099700927734,51.36949157714844,103.68737030029297,90.4526596069336,85.4448471069336,5.631256103515625,62.96550750732422,113.93717193603516,53.277801513671875
2018-04-11,40.473506927490234,71.35250091552734,50.80252456665039,103.19383239746094,88.93318939208984,84.5064926147461,5.589993953704834,62.885154724121094,113.04997253417969,53.526649475097656
2018-04-12,40.87251281738281,72.42500305175781,51.40863800048828,103.83064270019531,91.1440658569336,86.08880615234375,5.796553134918213,62.49949645996094,114.26749420166016,53.38149642944336
2018-04-13,41.01097869873047,71.53949737548828,51.34669494628906,103.98188781738281,88.67593383789062,85.62886047363281,5.719958305358887,62.96550750732422,113.96550750732422,53.810081481933594
2018-04-16,41.266815185546875,72.07499694824219,51.845279693603516,104.88941955566406,88.60357666015625,86.63158416748047,5.719710826873779,63.15834426879883,115.0319595336914,54.294002532958984
2018-04-17,41.83482360839844,75.19149780273438,53.49365997314453,103.91822814941406,88.60357666015625,88.37948608398438,5.869195938110352,63.01371383666992,116.84410095214844,54.14883804321289
2018-04-18,41.74094009399414,76.39199829101562,53.29690170288086,101.6733169555664,87.8880386352539,88.71986389160156,5.840285778045654,62.82892608642578,117.48590087890625,54.76408386230469
2018-04-19,40.55800247192383,77.84549713134766,53.99372482299805,101.53799438476562,89.81755065917969,88.4162826538086,5.659175872802734,60.77498245239258,116.9950942993164,54.90233612060547
2018-04-20,38.89622497558594,76.37449645996094,53.39256286621094,100.82951354980469,89.61656188964844,87.39512634277344,5.651022434234619,59.84250259399414,117.22161865234375,54.61199188232422
2018-04-23,38.78357696533203,75.89299774169922,53.218597412109375,100.9648666381836,89.18244171142578,87.71712493896484,5.531681537628174,59.193763732910156,117.4670181274414,55.00603103637695
2018-04-24,38.24374008178711,73.00450134277344,50.682586669921875,100.4553451538086,88.76435852050781,85.6656494140625,5.465465068817139,58.78834915161133,114.45626068115234,54.16265106201172
2018-04-25,38.41039276123047,73.00849914550781,50.6999397277832,100.90911102294922,88.42671203613281,84.92046356201172,5.3532867431640625,58.62616729736328,114.39961242675781,54.9576301574707
2018-04-26,38.54417037963867,75.89800262451172,51.70700454711914,101.90416717529297,88.51512908935547,86.71437072753906,5.564789772033691,58.99106216430664,119.9398193359375,55.89780044555664
2018-04-27,38.098228454589844,78.63099670410156,51.11921310424805,102.11116790771484,87.9523696899414,88.14950561523438,5.592216491699219,59.03971481323242,118.92991638183594,53.775543212890625
2018-04-30,38.78827667236328,78.30650329589844,50.48137664794922,100.69416809082031,87.45391082763672,86.03363037109375,5.556882858276367,58.65859603881836,119.75104522705078,53.74787139892578
2018-05-01,39.68955612182617,79.11299896240234,51.58012390136719,100.31206512451172,87.45391082763672,87.39512634277344,5.612229824066162,58.350467681884766,120.34565734863281,53.19486999511719
2018-05-02,41.442848205566406,78.48400115966797,50.85158920288086,98.3139419555664,86.76250457763672,86.02442169189453,5.591722011566162,57.523380279541016,119.27912139892578,53.091156005859375
2018-05-03,41.51796340942383,78.60399627685547,50.863975524902344,97.93980407714844,86.21580505371094,86.53960418701172,5.756773471832275,57.863948822021484,120.03418731689453,52.911399841308594
2018-05-04,43.1468391418457,79.04750061035156,52.0881233215332,98.86322021484375,87.17252349853516,87.5423355102539,5.906752109527588,58.73158645629883,120.9591293334961,53.1602897644043
2018-05-07,43.459014892578125,80.00700378417969,52.507408142089844,98.38557434082031,87.92827606201172,88.5174789428711,6.144447326660156,58.366676330566406,121.99732208251953,53.74097442626953
2018-05-08,43.66790008544922,79.61949920654297,52.46427917480469,97.60542297363281,89.23066711425781,88.14028930664062,6.186943531036377,57.92882537841797,122.60138702392578,53.98293685913086
2018-05-09,43.97537612915039,80.4000015258789,53.96894454956055,98.32188415527344,91.17621612548828,89.17984008789062,6.3198747634887695,58.682918548583984,123.48856353759766,55.2548942565918
2018-05-10,44.60439682006836,80.4540023803711,54.787681579589844,99.78663635253906,91.8836898803711,90.07220458984375,6.427354335784912,59.31539535522461,123.63955688476562,56.492313385009766
2018-05-11,44.434757232666016,80.14550018310547,54.68410110473633,101.29119110107422,91.5379867553711,89.87898254394531,6.288989543914795,59.49379348754883,124.41346740722656,56.757667541503906
2018-05-14,44.33108901977539,80.0770034790039,54.843692779541016,100.35188293457031,91.57013702392578,90.18258666992188,6.309496879577637,59.42081832885742,123.83773803710938,57.141719818115234
2018-05-15,43.928184509277344,78.80599975585938,53.7667350769043,99.61151123046875,90.87071228027344,89.52938079833984,6.067354679107666,59.15322494506836,123.73393249511719,57.11378860473633
2018-05-16,44.33816146850586,79.36399841308594,53.72808074951172,99.78663635253906,91.11994171142578,89.7603988647461,6.078474044799805,59.62354278564453,123.53575897216797,57.27440643310547
2018-05-17,44.05778121948242,79.08799743652344,53.587825775146484,98.59257507324219,90.814453125,88.86419677734375,6.120480060577393,59.97222137451172,122.82672119140625,57.1766357421875
2018-05-18,43.897560119628906,78.71849822998047,53.01193618774414,98.90303039550781,89.34321594238281,89.03050231933594,6.076744556427002,59.55866622924805,122.82672119140625,56.771644592285156
2018-05-21,44.20858383178711,79.27300262451172,53.72412109375,98.48906707763672,90.16324615478516,90.17616271972656,6.034740924835205,60.05329895019531,123.51685333251953,57.45595169067383
2018-05-22,44.09782791137695,79.06999969482422,53.292938232421875,97.8442611694336,90.85464477539062,90.08379364013672,5.996691703796387,60.028987884521484,123.56411743164062,57.00904083251953
2018-05-23,44.380577087402344,80.09300231933594,53.82075881958008,98.27413940429688,90.43656921386719,91.15554809570312,6.120060443878174,60.150596618652344,124.670166015625,57.36517333984375
2018-05-24,44.33108901977539,80.15350341796875,53.79548263549805,97.31885528564453,89.42362213134766,90.83216094970703,6.123769283294678,59.81814956665039,124.67955780029297,56.05238342285156
2018-05-25,44.43241500854492,80.50749969482422,53.72758483886719,97.41508483886719,88.96534729003906,90.87837219238281,6.163078308105469,60.25601577758789,124.10295104980469,54.96302795410156
2018-05-29,44.27219009399414,80.64350128173828,52.934120178222656,95.7550277709961,85.16267395019531,90.55497741699219,6.1460185050964355,60.04520034790039,122.59986114501953,54.760528564453125
2018-05-30,44.17794418334961,81.24449920654297,53.39999008178711,97.01409912109375,87.10821533203125,91.42349243164062,6.254804611206055,60.72633743286133,123.4979476928711,56.911285400390625
2018-05-31,44.02950668334961,81.48100280761719,54.51658630371094,95.93145751953125,86.03093719482422,91.32186889648438,6.235025405883789,59.33161544799805,123.5735855102539,56.72972106933594
2018-06-01,44.823524475097656,82.0770034790039,56.2512092590332,97.24668884277344,87.1484146118164,93.12355041503906,6.369274139404297,59.55866622924805,123.69647216796875,57.141719818115234
2018-06-04,45.19816207885742,83.26349639892578,57.14527893066406,97.80004119873047,87.18864440917969,93.93659973144531,6.5480265617370605,60.150596618652344,125.7950668334961,56.54119110107422
2018-06-05,45.546878814697266,84.81749725341797,57.04517364501953,97.423095703125,86.69819641113281,94.41704559326172,6.553464412689209,59.980323791503906,126.25827026367188,56.33867645263672
2018-06-06,45.70471954345703,84.7874984741211,56.84346008300781,98.47370147705078,88.72416687011719,94.69422149658203,6.555441856384277,60.28845977783203,128.82957458496094,57.30233383178711
2018-06-07,45.582210540771484,84.46499633789062,56.22246551513672,98.90674591064453,89.07791900634766,93.20667266845703,6.499814510345459,61.43180465698242,126.52300262451172,57.87495040893555
2018-06-08,45.167518615722656,84.19950103759766,56.13771438598633,99.4921875,89.32714080810547,93.89962768554688,6.484486103057861,62.58323669433594,127.373779296875,58.377708435058594
2018-06-11,45.05679702758789,84.45600128173828,56.54361343383789,98.36943817138672,89.1020278930664,93.36375427246094,6.443445205688477,62.86703109741211,126.58917236328125,58.02855682373047
2018-06-12,45.30418395996094,84.9375,56.904911041259766,98.27320098876953,88.58751678466797,93.60397338867188,6.491902828216553,62.63187026977539,127.48719787597656,57.553707122802734
2018-06-13,44.93191146850586,85.24299621582031,56.70864486694336,98.34539031982422,88.41062927246094,93.1789321899414,6.487452983856201,62.00749969482422,127.05238342285156,56.918270111083984
2018-06-14,44.95547866821289,86.19300079345703,57.495670318603516,98.1689453125,86.8509750366211,93.70561218261719,6.5989556312561035,61.61827850341797,127.61953735351562,57.183616638183594
2018-06-15,44.49367141723633,85.79850006103516,57.45404052734375,98.32933807373047,86.74644470214844,92.51373291015625,6.55816125869751,62.74540710449219,127.71412658691406,56.3247184753418
2018-06-18,44.47010803222656,86.18949890136719,58.65885543823242,97.29479217529297,86.9715576171875,93.188232421875,6.553958892822266,61.49664306640625,128.75392150878906,56.43645095825195
2018-06-19,43.75148010253906,86.73899841308594,58.41651153564453,98.2972412109375,86.46505737304688,93.188232421875,6.432319164276123,61.89398956298828,127.72354888916016,56.352622985839844
2018-06-20,43.942325592041016,87.50399780273438,58.68314743041992,97.87222290039062,86.45703125,94.12139129638672,6.485228061676025,61.504737854003906,128.0922088623047,56.17806625366211
2018-06-21,43.69728469848633,86.51100158691406,57.958072662353516,97.39906311035156,86.43291473388672,93.44690704345703,6.356666088104248,61.98316955566406,127.17524719238281,55.64738082885742
2018-06-22,43.57006072998047,85.78350067138672,57.95064163208008,98.51378631591797,85.01795959472656,92.7724380493164,6.2043681144714355,62.78594207763672,127.9315414428711,56.827491760253906
2018-06-25,42.92210006713867,83.15750122070312,56.46332550048828,98.31328582763672,84.24616241455078,90.90608978271484,5.91188907623291,63.07785415649414,123.77206420898438,55.68227005004883
2018-06-26,43.45459747314453,84.55449676513672,56.13325500488281,98.12081146240234,84.30242919921875,91.54359436035156,5.982844829559326,63.24814224243164,125.30350494384766,56.310752868652344
2018-06-27,43.390987396240234,83.02549743652344,55.35614776611328,97.5273666381836,83.00003051757812,90.1207504272461,5.827828884124756,62.99679183959961,123.85712432861328,57.05792999267578
2018-06-28,43.70669937133789,85.07250213623047,55.84381866455078,97.84013366699219,84.35871124267578,91.1278076171875,5.9549078941345215,63.28866958618164,125.483154296875,57.23948669433594
2018-06-29,43.614810943603516,84.98999786376953,55.963260650634766,97.31082916259766,83.7718276977539,91.10933685302734,5.857002258300781,63.296810150146484,125.20896911621094,57.77021026611328
2018-07-02,44.1025505065918,85.68900299072266,56.603580474853516,97.50332641601562,84.47930145263672,92.40284729003906,5.989026069641113,63.35353088378906,125.2562484741211,57.092830657958984
2018-07-03,43.334434509277344,84.697998046875,55.32343292236328,98.4095230102539,83.2974853515625,91.5158920288086,5.855518341064453,63.16707229614258,124.26364135742188,57.42803192138672
2018-07-05,43.68313980102539,84.98650360107422,56.56294250488281,100.24605560302734,83.83905792236328,92.171875,6.00114107131958,64.22930145263672,126.00301361083984,57.476905822753906
2018-07-06,44.28868865966797,85.53150177001953,57.24638748168945,100.84752655029297,84.11388397216797,93.46538543701172,6.114869117736816,64.31040954589844,126.75933837890625,57.49087142944336
2018-07-09,44.90364456176758,86.95099639892578,57.85102081298828,101.0881118774414,86.71668243408203,94.1029052734375,6.1623382568359375,63.134605407714844,128.11114501953125,57.8889045715332
2018-07-10,44.84944152832031,87.15350341796875,57.84408187866211,102.15472412109375,86.18318939208984,94.35237121582031,6.261231899261475,64.72394561767578,129.21719360351562,58.41961669921875
2018-07-11,44.26747131347656,87.75,58.05818176269531,101.24047088623047,85.99727630615234,94.2229995727539,6.119814872741699,64.18875122070312,130.59732055664062,57.67243576049805
2018-07-12,45.00965881347656,89.83100128173828,59.53508377075195,102.45946502685547,86.36910247802734,96.2649154663086,6.21129035949707,63.96983337402344,132.25169372558594,57.74226760864258
2018-07-13,45.08032989501953,90.65149688720703,59.69170379638672,100.99186706542969,85.97303771972656,97.41057586669922,6.164069652557373,64.31040954589844,131.79791259765625,58.175193786621094
2018-07-16,44.98137664794922,91.12449645996094,59.29967498779297,99.99742889404297,89.38414001464844,96.93014526367188,6.136379718780518,64.48876953125,130.89039611816406,57.60258483886719
2018-07-17,45.10862350463867,92.19650268554688,60.12089538574219,103.54214477539062,89.31949615478516,97.89104461669922,6.272110939025879,64.89421844482422,132.0059051513672,57.476905822753906
2018-07-18,44.861228942871094,92.14600372314453,60.112464904785156,102.4915542602539,90.15206909179688,97.12417602539062,6.2229108810424805,64.64283752441406,133.1969757080078,57.41404724121094
2018-07-19,45.20993423461914,90.64849853515625,59.42803192138672,100.9998779296875,88.826416015625,96.45895385742188,6.2310686111450195,64.41947174072266,132.46913146972656,57.26742172241211
2018-07-20,45.10627746582031,90.68499755859375,59.36758041381836,100.92771911621094,89.94995880126953,98.18669128417969,6.202885150909424,64.37855529785156,133.2821044921875,56.84145736694336
2018-07-23,45.14632034301758,90.0999984741211,60.01780700683594,101.55322265625,91.62318420410156,99.75737762451172,6.166294097900391,64.23947143554688,132.3745880126953,56.84145736694336
2018-07-24,45.47383117675781,91.46199798583984,62.354591369628906,103.74264526367188,92.26984405517578,99.47097778320312,6.148989200592041,64.6322021484375,132.3745880126953,57.965721130371094
2018-07-25,45.90265655517578,93.18049621582031,63.23627853393555,103.1491470336914,93.10243225097656,102.39986419677734,6.227112770080566,65.02496337890625,134.84185791015625,58.37070846557617
2018-07-26,45.7589225769043,90.4000015258789,63.7100715637207,104.48043823242188,92.83567810058594,101.28190612792969,6.300542831420898,65.53224182128906,134.70956420898438,58.82462692260742
2018-07-27,44.99787902832031,90.8635025024414,62.09389877319336,105.49897003173828,93.78948211669922,99.48946380615234,6.230822563171387,65.93319702148438,133.0174102783203,57.20457458496094
2018-07-30,44.74577713012695,88.96099853515625,60.9614372253418,105.99615478515625,94.35533142089844,97.35515594482422,6.035752773284912,65.62226104736328,129.0186767578125,57.07887268066406
2018-07-31,44.83530807495117,88.87200164794922,60.82168197631836,106.27685546875,92.91651153564453,98.01115417480469,6.053802967071533,66.17867279052734,129.26441955566406,56.918270111083984
2018-08-01,47.4765625,89.8584976196289,61.10764694213867,106.37310028076172,93.49041748046875,98.19591522216797,6.093606948852539,65.9905014038086,130.69189453125,56.13618087768555
2018-08-02,48.86433410644531,91.71649932861328,61.51106643676758,105.25833129882812,93.88650512695312,99.3877944946289,6.19620943069458,67.09508514404297,131.3252410888672,55.800994873046875
2018-08-03,49.005714416503906,91.16449737548828,61.36387252807617,105.8197250366211,94.64630126953125,99.82205963134766,6.232800483703613,67.3651123046875,132.17599487304688,56.00348663330078
2018-08-06,49.26017379760742,92.38749694824219,61.33959197998047,105.8758773803711,94.67057800292969,99.90522766113281,6.280517578125,67.52056121826172,132.0720977783203,55.989505767822266
2018-08-07,48.798370361328125,93.1240005493164,62.2401008605957,105.42676544189453,95.01815032958984,100.59814453125,6.3527092933654785,67.61874389648438,132.6109161376953,56.75067901611328
2018-08-08,48.831356048583984,94.32599639892578,62.51219940185547,105.1941909790039,95.21214294433594,101.16177368164062,6.389052391052246,67.38146209716797,132.98902893066406,56.373600006103516
2018-08-09,49.215396881103516,94.9260025024414,62.66731262207031,105.21822357177734,94.47657012939453,101.32807159423828,6.340595245361328,66.60417175292969,132.3556365966797,56.087310791015625
2018-08-10,49.068817138671875,94.31500244140625,62.0750617980957,104.85735321044922,93.54698181152344,100.70903778076172,6.299307823181152,66.62870025634766,132.0910186767578,56.03086471557617
2018-08-13,49.385643005371094,94.80999755859375,61.88325881958008,104.43231201171875,92.05967712402344,99.9791259765625,6.332188129425049,66.70233917236328,132.5447540283203,55.424129486083984
2018-08-14,49.59370803833008,95.98249816894531,62.354095458984375,103.85490417480469,92.67401885986328,101.22644805908203,6.463470458984375,66.53050994873047,133.064697265625,55.24773406982422
2018-08-15,49.709556579589844,94.13099670410156,61.06948471069336,104.6007308959961,91.90608978271484,99.85376739501953,6.405371189117432,67.340576171875,132.2706298828125,54.28121566772461
2018-08-16,50.43781661987305,94.32599639892578,60.665069580078125,106.24474334716797,92.77099609375,99.83522033691406,6.364823818206787,68.47789764404297,133.1605682373047,55.02904510498047
2018-08-17,51.4450569152832,94.11100006103516,60.25817108154297,107.84068298339844,92.77099609375,99.7795639038086,6.05281400680542,68.47789764404297,133.80435180664062,55.21247482299805
2018-08-20,50.94380187988281,93.83550262451172,60.56049346923828,109.77342987060547,92.64976501464844,99.12104797363281,6.127476692199707,68.43697357177734,133.4351043701172,55.600494384765625
2018-08-21,50.84449768066406,94.1709976196289,60.33549118041992,108.5464096069336,93.21558380126953,98.29559326171875,6.262964248657227,68.64971923828125,132.58297729492188,55.614601135253906
2018-08-22,50.84685516357422,95.24500274658203,60.55058288574219,107.95295715332031,92.93267059326172,99.29728698730469,6.497836589813232,68.23246002197266,133.6244659423828,56.41183090209961
2018-08-23,50.950889587402344,95.1449966430664,60.52133560180664,108.35395050048828,92.73867797851562,99.76100158691406,6.597224712371826,68.10968780517578,134.53334045410156,55.79097366333008
2018-08-24,51.10929870605469,95.26950073242188,61.29399490356445,109.02757263183594,92.69825744628906,100.54012298583984,6.730236530303955,68.20787048339844,136.52149963378906,56.17197799682617
2018-08-27,51.530181884765625,96.38400268554688,62.26141357421875,108.92262268066406,94.33914947509766,101.65310668945312,6.821221828460693,68.27334594726562,137.65756225585938,56.72224044799805
2018-08-28,51.94630813598633,96.64099884033203,61.745487213134766,108.43828582763672,93.8783950805664,102.26522827148438,6.783639430999756,68.30608367919922,137.46824645996094,56.637577056884766
2018-08-29,52.72183609008789,99.90499877929688,62.676727294921875,108.87420654296875,93.57125854492188,103.89763641357422,6.88901948928833,68.31425476074219,139.20077514648438,57.046775817871094
2018-08-30,53.20655059814453,100.11900329589844,62.17071533203125,108.94685363769531,93.11051177978516,103.83268737792969,6.872199535369873,68.2488021850586,138.92625427246094,56.79985809326172
2018-08-31,53.8213005065918,100.635498046875,61.048667907714844,108.73696899414062,92.61743927001953,104.18516540527344,6.9431939125061035,67.87242889404297,139.06825256347656,56.55998611450195
2018-09-04,53.993892669677734,101.97550201416016,60.03316879272461,107.9538803100586,93.07818603515625,103.61011505126953,7.0179009437561035,67.6678466796875,139.92982482910156,56.64461898803711
2018-09-05,53.6416015625,99.74099731445312,59.42803192138672,109.68153381347656,92.6255111694336,100.62358093261719,6.887288570404053,68.1506118774414,135.0729522705078,57.39952850341797
2018-09-06,52.750213623046875,97.91549682617188,58.67918395996094,110.49691772460938,92.22943878173828,100.85545349121094,6.7462873458862305,67.6269302368164,136.80552673339844,56.76457595825195
2018-09-07,52.32463073730469,97.60350036621094,58.36199188232422,110.86018371582031,92.40727233886719,100.3638916015625,6.725014686584473,67.02145385742188,135.57476806640625,57.73109817504883
2018-09-10,51.62238311767578,96.95050048828125,58.23659896850586,110.77140045166016,91.9141845703125,101.44902801513672,6.796009063720703,67.4059829711914,136.40789794921875,57.64645004272461
2018-09-11,52.92754364013672,99.35749816894531,58.976539611816406,111.8208999633789,92.49617004394531,103.17415618896484,6.74826717376709,67.10325622558594,137.74276733398438,58.45777893066406
2018-09-12,52.270240783691406,99.5,58.065128326416016,112.5071029663086,91.40493774414062,103.61011505126953,6.6344757080078125,68.0033187866211,138.76531982421875,58.648250579833984
2018-09-13,53.532840728759766,99.49349975585938,58.58749008178711,112.93497467041016,91.76060485839844,104.72310638427734,6.7121500968933105,68.2815170288086,139.7688446044922,58.076812744140625
2018-09-14,52.92518997192383,98.5094985961914,58.38132095336914,112.61205291748047,91.74444580078125,105.1497573852539,6.838062286376953,68.4124526977539,139.96768188476562,58.500099182128906
2018-09-17,51.515987396240234,95.40149688720703,57.48179626464844,112.99152374267578,92.0192642211914,104.0089111328125,6.776219844818115,68.93611907958984,138.39602661132812,58.845794677734375
2018-09-18,51.601104736328125,97.05249786376953,57.842594146728516,113.45973205566406,92.39111328125,105.00133514404297,6.704233646392822,68.73155975341797,139.7688446044922,59.00101089477539
2018-09-19,51.631839752197266,96.32099914550781,58.19744873046875,113.39517211914062,95.07472229003906,103.60082244873047,6.727980136871338,68.73155975341797,139.57005310058594,59.706512451171875
2018-09-20,52.02433776855469,97.21499633789062,59.054847717285156,114.62227630615234,95.89112854003906,105.33523559570312,6.586980819702148,69.84434509277344,141.2930908203125,59.84055709838867
2018-09-21,51.46397399902344,95.75050354003906,58.09089660644531,115.34886169433594,95.26065826416016,105.9752197265625,6.516973972320557,70.22074890136719,142.06004333496094,60.08748245239258
2018-09-24,52.20402526855469,96.71800231933594,58.45962905883789,113.40320587158203,94.34725952148438,106.35548400878906,6.572632789611816,68.95246124267578,141.17007446289062,61.09634017944336
2018-09-25,52.53505325317383,98.72750091552734,59.16982650756836,111.92581939697266,94.08048248291016,106.15144348144531,6.639671802520752,68.01151275634766,141.6150360107422,61.02577590942383
2018-09-26,52.11654281616211,98.74250030517578,59.17825698852539,111.53833770751953,92.97309875488281,105.71550750732422,6.602813720703125,68.12606811523438,141.321533203125,60.51784133911133
2018-09-27,53.1876335144043,100.64900207519531,59.83740997314453,111.5867919921875,92.56893920898438,106.11432647705078,6.614687442779541,67.79877471923828,142.0316162109375,60.51078414916992
2018-09-28,53.37442398071289,100.1500015258789,59.82353210449219,111.54643249511719,91.21094512939453,106.07723236083984,6.951603889465332,68.10153198242188,142.0978240966797,59.981658935546875
2018-10-01,53.73379898071289,100.21800231933594,59.8953971862793,112.77352905273438,91.74444580078125,107.2273178100586,7.157912731170654,68.46155548095703,142.7605743408203,60.53898620605469
2018-10-02,54.2114372253418,98.56549835205078,59.85128402709961,113.41129302978516,92.1243667602539,106.80068969726562,7.086671352386475,69.02611541748047,141.70025634765625,60.9975700378418
2018-10-03,54.8711051940918,97.63800048828125,60.04407501220703,112.24070739746094,92.9892578125,106.81922149658203,7.092853546142578,67.93785858154297,141.4161376953125,60.77887725830078
2018-10-04,53.90642166137695,95.47100067138672,58.33622360229492,112.49906158447266,93.82765197753906,104.6117935180664,6.908810615539551,67.02963256835938,138.94515991210938,60.37672805786133
2018-10-05,53.03157424926758,94.48249816894531,57.87828063964844,112.29723358154297,93.29857635498047,103.99964904785156,6.675540447235107,67.21782684326172,137.6196746826172,60.2074089050293
2018-10-08,52.908634185791016,93.22100067138672,57.28801345825195,112.53134155273438,93.86835479736328,102.81246185302734,6.574363708496094,67.42239379882812,134.33450317382812,60.76475524902344
2018-10-09,53.6416015625,93.51599884033203,56.7552375793457,112.37794494628906,93.21717834472656,104.12022399902344,6.5686750411987305,67.25873565673828,134.732177734375,61.03284454345703
2018-10-10,51.15658950805664,87.76249694824219,54.12803268432617,111.19121551513672,90.73452758789062,98.46253967285156,6.0776448249816895,66.63687896728516,128.3037109375,59.62889862060547
2018-10-11,50.70500183105469,85.96800231933594,54.05765914916992,108.05073547363281,88.01583099365234,98.23067474365234,5.816421985626221,64.53401947021484,126.60901641845703,57.5688591003418
2018-10-12,52.51613235473633,89.43049621582031,55.53456497192383,108.0749740600586,87.05533599853516,101.62525939941406,6.0986714363098145,64.68948364257812,132.60194396972656,57.41362762451172
2018-10-15,51.393028259277344,88.04750061035156,54.63752365112305,108.1395492553711,86.55879211425781,99.79812622070312,5.822604656219482,65.56501007080078,129.92263793945312,57.01856231689453
2018-10-16,52.525596618652344,90.99800109863281,56.15605163574219,110.24662780761719,88.41468048095703,102.95157623291016,6.081108093261719,66.28504943847656,134.1924591064453,57.28664779663086
2018-10-17,52.298606872558594,91.58650207519531,55.88396453857422,112.58784484863281,89.39960479736328,102.68260955810547,6.0125861167907715,66.98054504394531,134.8646697998047,57.498294830322266
2018-10-18,51.076202392578125,88.53600311279297,54.41301345825195,112.62014770507812,87.9832534790039,100.63285827636719,5.925264835357666,66.23513793945312,131.8730010986328,57.74520492553711
2018-10-19,51.854095458984375,88.20149993896484,54.773311614990234,112.2568359375,87.83676147460938,100.78125,5.668990135192871,72.06290435791016,132.62088012695312,57.82988357543945
2018-10-22,52.17093276977539,89.46499633789062,55.08009338378906,111.95809936523438,86.57508087158203,101.68091583251953,5.719699382781982,71.4850845336914,133.1510772705078,57.25137710571289
2018-10-23,52.662723541259766,88.43499755859375,55.25554275512695,112.15995025634766,85.67156982421875,100.26187133789062,5.468371868133545,71.94734954833984,131.71202087402344,56.32715606689453
2018-10-24,50.8563117980957,83.20999908447266,52.39142990112305,110.98127746582031,84.07615661621094,94.90095520019531,4.9328155517578125,73.8459243774414,127.11079406738281,54.76096725463867
2018-10-25,51.96995162963867,89.1084976196289,54.69451141357422,111.78858947753906,85.3541030883789,100.44735717773438,5.141347885131836,73.46620178222656,133.03746032714844,55.24773406982422
2018-10-26,51.14241409301758,82.1405029296875,53.71123123168945,110.57763671875,84.1819839477539,99.20449829101562,4.9051103591918945,72.5251693725586,130.405517578125,54.69745635986328
2018-10-29,50.18244934082031,76.94400024414062,51.281776428222656,111.04589080810547,85.3459701538086,96.32003784179688,4.591691017150879,72.8388442993164,127.17707061767578,54.35881805419922
2018-10-30,50.43308639526367,76.52100372314453,52.014278411865234,113.62928771972656,86.85182189941406,96.2087173461914,5.02161979675293,73.623046875,125.69065856933594,55.579322814941406
2018-10-31,51.74769973754883,79.90049743652344,54.04972839355469,113.01573181152344,88.74028015136719,99.06538391113281,5.215311527252197,73.2020492553711,130.50962829589844,56.21430206298828
2018-11-01,52.54214859008789,83.27649688720703,53.821754455566406,113.68582916259766,88.70771026611328,98.23990631103516,5.395397186279297,73.9532241821289,133.33094787597656,56.912742614746094
2018-11-02,49.05698776245117,83.27649688720703,53.10361862182617,113.57276153564453,88.21930694580078,98.46253967285156,5.316486835479736,74.13484191894531,132.3368682861328,57.815765380859375
2018-11-05,47.66433334350586,81.38999938964844,52.32254409790039,114.79987335205078,88.79721069335938,99.71463012695312,5.238564968109131,75.28221130371094,132.35577392578125,57.59706115722656
2018-11-06,48.179786682128906,82.1405029296875,53.00846862792969,115.09860229492188,89.2123794555664,99.909423828125,5.221000671386719,75.53812408447266,133.29306030273438,57.843990325927734
2018-11-07,49.64100646972656,87.77449798583984,54.92496871948242,116.8585433959961,90.74268341064453,103.84198760986328,5.288534164428711,75.35651397705078,137.07058715820312,58.577720642089844
2018-11-08,49.467803955078125,87.74549865722656,54.250450134277344,117.30254364013672,91.4752426147461,103.64720916748047,5.095584392547607,75.41429901123047,137.4966278076172,57.64645004272461
2018-11-09,48.513980865478516,85.62149810791016,53.377681732177734,117.3348617553711,90.5880126953125,101.62525939941406,5.087669849395752,76.28104400634766,136.26585388183594,57.63219451904297
2018-11-12,46.07014083862305,81.84249877929688,52.006839752197266,117.56090545654297,88.68329620361328,99.12104797363281,4.688659191131592,76.5204086303711,132.28009033203125,56.89104461669922
2018-11-13,45.60983657836914,81.55850219726562,51.937950134277344,116.80204772949219,89.20423889160156,99.18596649169922,4.930342197418213,77.15602111816406,132.28009033203125,55.58689498901367
2018-11-14,44.321475982666016,79.95050048828125,52.26554489135742,116.45488739013672,87.3646469116211,97.77938842773438,4.8778977394104,77.17253875732422,132.0623321533203,55.15216827392578
2018-11-15,45.41527557373047,80.97200012207031,53.081809997558594,116.65670013427734,89.5949478149414,99.93116760253906,5.006530284881592,77.45317840576172,134.52828979492188,55.7222900390625
2018-11-16,45.91828155517578,79.67050170898438,52.944034576416016,117.8595962524414,89.52984619140625,100.87197875976562,4.067513465881348,77.44491577148438,132.9538116455078,56.27103042602539
2018-11-19,44.098445892333984,75.614501953125,50.91948318481445,119.26434326171875,90.21356201171875,97.4533920288086,3.5794503688812256,77.00741577148438,127.81321716308594,56.45633316040039
2018-11-20,41.99150848388672,74.77300262451172,51.06965637207031,118.23092651367188,88.27630615234375,94.74272155761719,3.6877996921539307,76.02513122558594,126.49490356445312,54.85285568237305
2018-11-21,41.944061279296875,75.83650207519531,51.71295166015625,114.63037109375,87.61698150634766,96.04679870605469,3.579697847366333,75.45555114746094,127.49075317382812,55.27330780029297
2018-11-23,40.878726959228516,75.10299682617188,51.05230712890625,114.8240966796875,86.81111145019531,96.00955963134766,3.5868725776672363,75.5628662109375,126.02067565917969,53.798126220703125
2018-11-26,41.43155288696289,79.06649780273438,52.332950592041016,114.85658264160156,88.93562316894531,99.1766586303711,3.7860052585601807,75.89306640625,128.9324188232422,54.859989166259766
2018-11-27,41.341400146484375,79.07099914550781,52.15156555175781,116.35965728759766,89.31007385253906,99.80074310302734,3.8028268814086914,76.53693389892578,128.90394592285156,54.90986633300781
2018-11-28,42.93108367919922,83.88749694824219,54.10969543457031,118.97574615478516,90.30311584472656,103.50811004638672,3.9596590995788574,76.77632141113281,134.09202575683594,55.90757369995117
2018-11-29,42.60129165649414,83.67849731445312,54.24797058105469,118.49639892578125,89.58679962158203,102.64183044433594,3.896517515182495,76.61946105957031,131.92953491210938,56.34227752685547
2018-11-30,42.37115478515625,84.50849914550781,54.994842529296875,119.34944152832031,90.50660705566406,103.29388427734375,4.046820163726807,78.0145034790039,134.40499877929688,56.65584945678711
2018-12-03,43.851688385009766,88.61799621582031,55.32740783691406,118.78887939453125,91.3613052368164,104.41168212890625,4.210498332977295,77.0322036743164,137.52537536621094,57.88163375854492
2018-12-04,41.92270278930664,83.41999816894531,52.65658187866211,118.64263153076172,87.28324890136719,101.08621978759766,3.8903255462646484,77.0239486694336,131.49325561523438,56.605979919433594
2018-12-06,41.455284118652344,84.95950317382812,53.43022537231445,118.54515075683594,85.62272644042969,101.7103271484375,3.9195454120635986,77.22206115722656,133.7789764404297,55.864810943603516
2018-12-07,39.97712326049805,81.45649719238281,51.86906433105469,118.15515899658203,84.07615661621094,97.63970184326172,3.655088186264038,76.31404113769531,130.04208374023438,55.3303337097168
2018-12-10,40.240482330322266,82.05149841308594,52.196163177490234,118.01704406738281,82.50517272949219,100.21991729736328,3.7603273391723633,76.7928237915039,130.77239990234375,54.54640197753906
2018-12-11,40.010345458984375,82.16200256347656,52.615943908691406,119.02447509765625,81.69934844970703,101.15141296386719,3.6694512367248535,77.51921844482422,129.757568359375,54.646183013916016
2018-12-12,40.121849060058594,83.177001953125,53.21464157104492,119.51197052001953,82.2284164428711,101.60787200927734,3.6870317459106445,77.6182861328125,130.69651794433594,54.175838470458984
2018-12-13,40.560794830322266,82.91899871826172,53.20520782470703,120.11318969726562,82.30982971191406,101.9525146484375,3.686784029006958,79.64889526367188,130.44992065429688,54.859989166259766
2018-12-14,39.262935638427734,79.59549713134766,52.12331008911133,108.0563735961914,81.63418579101562,98.76679992675781,3.6263651847839355,79.77273559570312,128.12620544433594,53.862266540527344
2018-12-17,38.89755630493164,76.04550170898438,50.831764221191406,104.9202651977539,80.5923080444336,95.84187316894531,3.555299758911133,76.57817840576172,124.62642669677734,52.76477813720703
2018-12-18,39.40294647216797,77.5739974975586,51.71195983886719,105.96023559570312,80.20975494384766,96.84791564941406,3.6384994983673096,76.3470687866211,125.82147979736328,51.310970306396484
2018-12-19,38.17388916015625,74.75399780273438,51.31795120239258,103.67724609375,79.1922607421875,96.58708190917969,3.4297568798065186,75.74446868896484,124.49365997314453,50.441532135009766
2018-12-20,37.2105827331543,73.04149627685547,50.72917556762695,104.21345520019531,78.508544921875,94.5564193725586,3.3453190326690674,75.10061645507812,122.12254333496094,48.90932846069336
2018-12-21,35.76325607299805,68.87249755859375,49.12688446044922,104.06721496582031,76.65265655517578,91.50109100341797,3.2083866596221924,75.09237670898438,117.85450744628906,48.54589080810547
2018-12-24,34.83790969848633,67.197998046875,48.80077362060547,99.80182647705078,75.00025939941406,87.68196105957031,3.1467297077178955,72.11244201660156,115.45494079589844,46.68586730957031
2018-12-26,37.2912483215332,73.54499816894531,51.9320068359375,102.94602966308594,78.10966491699219,93.6714859008789,3.295795440673828,74.36595153808594,123.51677703857422,48.91645431518555
2018-12-27,37.04924011230469,73.08200073242188,52.18229293823242,103.51476287841797,78.9887924194336,94.2490234375,3.2480051517486572,75.9590835571289,125.2049789428711,49.13026809692383
2018-12-28,37.068214416503906,73.9010009765625,51.8740234375,103.40099334716797,78.81784057617188,93.51313781738281,3.309415102005005,75.26570892333984,124.19017028808594,48.581520080566406
2018-12-31,37.426490783691406,75.09850311279297,51.78878402709961,104.84715270996094,79.46088409423828,94.61231994628906,3.3057003021240234,75.87653350830078,125.13858795166016,48.59576416015625
2019-01-02,37.469207763671875,76.95649719238281,52.270511627197266,103.79100036621094,80.83649444580078,94.19314575195312,3.373051643371582,75.34822845458984,126.06809997558594,49.66474914550781
2019-01-03,33.737003326416016,75.01399993896484,50.82284164428711,102.14171600341797,79.68769836425781,90.72796630859375,3.169262409210205,74.81996154785156,121.52501678466797,48.9022102355957
2019-01-04,35.17719650268555,78.76950073242188,53.42972946166992,103.85597229003906,82.6253890991211,94.94764709472656,3.3723089694976807,76.3470687866211,126.76044464111328,50.70521545410156
2019-01-07,35.098907470703125,81.47550201416016,53.32316970825195,103.18976593017578,82.68281555175781,95.0687255859375,3.550842046737671,76.0416488647461,129.0462188720703,50.96889114379883
2019-01-08,35.768001556396484,82.8290023803711,53.79152297973633,105.58654022216797,82.52693939208984,95.758056640625,3.462442636489868,76.32230377197266,129.74807739257812,51.33946990966797
2019-01-09,36.375404357910156,82.97100067138672,53.60715866088867,104.74967193603516,82.3874282836914,97.1273422241211,3.5305373668670654,75.07586669921875,131.27508544921875,51.61028289794922
2019-01-10,36.49166488647461,82.81099700927734,53.4673957824707,105.38338470458984,82.37921905517578,96.50323486328125,3.5961556434631348,75.2574691772461,131.52171325683594,51.34660339355469
2019-01-11,36.133392333984375,82.02799987792969,52.75570297241211,105.41590118408203,81.98534393310547,95.758056640625,3.685297966003418,75.75273132324219,130.94317626953125,51.11143112182617
2019-01-14,35.59006118774414,80.8604965209961,52.1134033203125,104.22157287597656,82.83055877685547,95.05944061279297,3.725165367126465,75.24095153808594,130.03260803222656,51.04728317260742
2019-01-15,36.318458557128906,83.72799682617188,53.848018646240234,105.09903717041016,83.43779754638672,97.81668090820312,3.7110509872436523,75.9508285522461,130.26022338867188,51.07579803466797
2019-01-16,36.76214599609375,84.18900299072266,53.996700286865234,104.0265884399414,84.11067962646484,98.16131591796875,3.6855452060699463,75.42255401611328,130.26022338867188,51.05441665649414
2019-01-17,36.98044204711914,84.66100311279297,54.47297668457031,104.87967681884766,84.45532989501953,98.85063934326172,3.756859302520752,75.41172790527344,130.20333862304688,51.40361785888672
2019-01-18,37.20820617675781,84.80999755859375,54.878379821777344,106.1795883178711,85.82571411132812,100.33171081542969,3.885869026184082,76.06067657470703,131.3604278564453,52.01649856567383
2019-01-22,36.3730354309082,81.6084976196289,53.457481384277344,104.64405822753906,84.47174072265625,98.44075012207031,3.6838130950927734,75.24534606933594,130.93365478515625,51.23257064819336
2019-01-23,36.5201301574707,82.0009994506836,53.74394226074219,104.64405822753906,84.25836944580078,99.40019989013672,3.6966888904571533,78.90609741210938,129.9472198486328,50.8121223449707
2019-01-24,36.23067092895508,82.74649810791016,53.72362518310547,103.20601654052734,84.3076171875,98.92515563964844,3.90840220451355,78.4568099975586,130.6017303466797,50.883392333984375
2019-01-25,37.43124771118164,83.52850341796875,54.591426849365234,104.18094635009766,84.84099578857422,99.82870483398438,3.965601921081543,77.87440490722656,131.52171325683594,51.11143112182617
2019-01-28,37.08482360839844,81.89450073242188,53.51844024658203,104.79843139648438,85.24308776855469,97.88188171386719,3.417374849319458,77.80786895751953,128.9798126220703,50.76935958862305
2019-01-29,36.700462341308594,79.69400024414062,53.032745361328125,105.88711547851562,85.4810562133789,95.88846588134766,3.258653163909912,77.82449340820312,128.0408477783203,50.96176528930664
2019-01-30,39.2083740234375,83.52149963378906,54.41697692871094,106.95143127441406,85.6780014038086,99.09282684326172,3.4020237922668457,78.6398696899414,130.50682067871094,51.51763916015625
2019-01-31,39.490726470947266,85.9365005493164,55.79970932006836,108.12134552001953,84.93125915527344,97.27640533447266,3.5595083236694336,80.26223754882812,128.05032348632812,52.22315979003906
2019-02-01,39.50971221923828,81.3115005493164,55.43940353393555,109.03129577636719,85.24308776855469,95.73944091796875,3.5837748050689697,81.09423828125,132.92539978027344,54.104557037353516
2019-02-04,40.63197326660156,81.66549682617188,56.56938171386719,107.95890045166016,85.54669952392578,98.49665832519531,3.693964958190918,81.56015014648438,134.2058563232422,53.32063674926758
2019-02-05,41.3271598815918,82.94049835205078,57.0872917175293,107.95890045166016,85.16922760009766,99.8752670288086,3.7130320072174072,81.06929016113281,135.1827392578125,53.8693962097168
2019-02-06,41.341400146484375,82.01300048828125,55.651031494140625,108.0563735961914,85.12821197509766,98.76679992675781,3.788555145263672,81.4686279296875,134.19639587402344,53.634212493896484
2019-02-07,40.55841827392578,80.71849822998047,54.80949401855469,107.2845230102539,84.01219940185547,98.0588607788086,3.6503841876983643,80.81964111328125,132.9444122314453,53.22087478637695
2019-02-08,40.6060791015625,79.41100311279297,54.63454055786133,107.56890106201172,83.17520141601562,98.43146514892578,3.668955087661743,81.29390716552734,133.14353942871094,53.30734634399414
2019-02-11,40.37255859375,79.55000305175781,54.62165451049805,107.24392700195312,82.78130340576172,98.04022979736328,3.6263651847839355,81.75982666015625,133.54188537597656,53.39381790161133
2019-02-12,40.720458984375,81.90049743652344,55.88346862792969,108.9988021850586,84.1927261352539,99.56786346435547,3.743241310119629,82.58348083496094,134.67054748535156,54.33054733276367
2019-02-13,40.551265716552734,82.0,55.935508728027344,109.23443603515625,84.59480285644531,99.49335479736328,3.785583734512329,82.5668716430664,136.09323120117188,54.94302749633789
2019-02-14,40.69900894165039,81.13249969482422,55.96376037597656,109.12068176269531,84.0450210571289,99.57720947265625,3.8264408111572266,81.91790771484375,136.01722717285156,54.95745086669922
2019-02-15,40.60846710205078,80.39749908447266,55.48945999145508,110.80244445800781,86.61347961425781,100.80677795410156,3.8960213661193848,81.93453979492188,137.679931640625,55.99504852294922
2019-02-19,40.72998809814453,81.37899780273438,55.830440521240234,110.24187469482422,86.30986022949219,100.76020050048828,3.8786885738372803,83.19084167480469,137.23333740234375,56.3697509765625
2019-02-20,40.992095947265625,81.1050033569336,55.53703689575195,110.778076171875,86.72836303710938,100.23633575439453,3.925983190536499,82.60015106201172,137.5088653564453,56.58591079711914
2019-02-21,40.760955810546875,80.97200012207031,54.725242614746094,110.02250671386719,86.5478286743164,102.35052490234375,3.857144832611084,83.01611328125,136.81529235839844,56.07432174682617
2019-02-22,41.21608352661133,81.5780029296875,55.337310791015625,110.98120880126953,86.1621322631836,103.80986785888672,3.94183087348938,83.40715026855469,138.5919952392578,56.50664138793945
2019-02-25,41.516319274902344,81.6500015258789,55.37546920776367,111.39012908935547,87.0648193359375,104.38985443115234,3.9294495582580566,82.8414306640625,138.7725067138672,56.56429672241211
2019-02-26,41.5401496887207,81.81999969482422,55.60741424560547,111.31649017333984,86.40013122558594,105.11017608642578,3.8900787830352783,83.0577392578125,139.70362854003906,56.67959213256836
2019-02-27,41.66883087158203,82.05449676513672,55.651031494140625,111.12025451660156,86.29344940185547,104.9323959350586,3.848231315612793,82.29228973388672,139.87466430664062,57.263240814208984
2019-02-28,41.258968353271484,81.99150085449219,55.83241653442383,111.75000762939453,85.63695526123047,104.80146789550781,3.8236916065216064,81.9927749633789,140.72975158691406,56.946197509765625
2019-03-01,41.692657470703125,83.58650207519531,56.921260833740234,113.14848327636719,85.69440460205078,105.26922607421875,3.877976655960083,81.90125274658203,142.0124053955078,57.64513397216797
2019-03-04,41.90234375,84.80850219726562,57.164119720458984,113.25479125976562,85.49748229980469,105.0166244506836,3.886155843734741,82.259033203125,140.57772827148438,57.8685302734375
2019-03-05,41.82609176635742,84.62149810791016,57.9456787109375,113.49195861816406,85.43183135986328,104.49275970458984,3.8797109127044678,82.44206237792969,140.56822204589844,57.78204345703125
2019-03-06,41.58543014526367,83.44750213623047,57.73505401611328,113.75367736816406,85.11180114746094,104.53955078125,3.7689125537872314,82.3089599609375,140.43516540527344,57.1263427734375
2019-03-07,41.10409927368164,81.29750061035156,57.036739349365234,113.05854797363281,84.49634552001953,103.26727294921875,3.699754476547241,81.9927749633789,139.50408935546875,57.76045608520508
2019-03-08,41.201786041259766,81.04000091552734,56.99312973022461,112.91129302978516,84.52916717529297,103.37952423095703,3.7339625358581543,81.87629699707031,139.99815368652344,56.931785583496094
2019-03-11,42.629112243652344,83.53099822998047,58.44475555419922,113.32022857666016,85.62875366210938,105.54983520507812,3.9942281246185303,82.84974670410156,143.1525115966797,57.486610412597656
2019-03-12,43.10806655883789,83.65499877929688,59.33634567260742,113.8272705078125,85.37438201904297,106.28887176513672,4.0284342765808105,83.24076843261719,144.15966796875,57.64513397216797
2019-03-13,43.298702239990234,84.54049682617188,59.42605972290039,114.0154037475586,85.66160583496094,107.1120834350586,4.179637908935547,84.18092346191406,144.86268615722656,58.15674591064453
2019-03-14,43.780025482177734,84.31099700927734,59.10242462158203,112.87858581542969,86.44116973876953,107.19628143310547,4.103787422180176,84.29742431640625,146.5063934326172,57.962196350097656
2019-03-15,44.34952926635742,85.61799621582031,58.99190902709961,112.53510284423828,87.43407440185547,108.4311294555664,4.209136009216309,85.2292251586914,147.70355224609375,57.753211975097656
2019-03-18,44.80227279663086,87.10749816894531,58.905174255371094,112.18342590332031,87.95924377441406,109.98400115966797,4.187817096710205,84.45548248291016,147.2284393310547,58.423362731933594
2019-03-19,44.447227478027344,88.09249877929688,59.59456253051758,113.22210693359375,87.63922882080078,110.05883026123047,4.355378150939941,84.77996826171875,146.87693786621094,58.27202606201172
2019-03-20,44.83562469482422,89.8635025024414,60.78252029418945,112.28153991699219,85.76825714111328,109.93722534179688,4.322908401489258,84.63021850585938,146.078857421875,58.596282958984375
2019-03-21,46.4869384765625,90.96299743652344,61.263267517089844,112.94401550292969,84.4142837524414,112.46302032470703,4.559378147125244,85.27083587646484,148.02658081054688,58.93494415283203
2019-03-22,45.524269104003906,88.2385025024414,59.85177993774414,111.97079467773438,81.86223602294922,109.49756622314453,4.399750232696533,84.58029174804688,145.43276977539062,57.99102020263672
2019-03-25,44.97382736206055,88.71299743652344,59.34279251098633,111.72544860839844,81.18115234375,110.06819915771484,4.3075408935546875,84.82987976074219,145.3947296142578,57.58750915527344
2019-03-26,44.50918197631836,89.18800354003906,58.96910858154297,113.32842254638672,81.9935531616211,110.30205535888672,4.384133338928223,85.7117919921875,147.55152893066406,58.336883544921875
2019-03-27,44.90950012207031,88.28500366210938,58.382808685302734,113.43470764160156,81.71452331542969,109.23561096191406,4.374962329864502,85.61195373535156,146.52542114257812,57.8901252746582
2019-03-28,44.96906280517578,88.6709976196289,58.09832763671875,113.58193969726562,82.64179229736328,109.38530731201172,4.393551826477051,86.15277099609375,146.9529266357422,58.1783447265625
2019-03-29,45.26215362548828,89.0374984741211,58.327301025390625,114.32618713378906,83.06851959228516,110.33011627197266,4.450810432434082,86.5687484741211,148.39710998535156,58.22159194946289
2019-04-01,45.569557189941406,90.70950317382812,59.42208480834961,113.66374969482422,85.86674499511719,111.34043884277344,4.518232822418213,86.22762298583984,149.41372680664062,58.89171600341797
2019-04-02,46.23198318481445,90.6989974975586,59.74720764160156,112.62506103515625,86.27703857421875,111.49946594238281,4.536079406738281,86.31915283203125,149.9077606201172,58.6395263671875
2019-04-03,46.54890060424805,91.03500366210938,60.008392333984375,112.18342590332031,86.44937133789062,112.22913360595703,4.675384044647217,86.26923370361328,150.5538787841797,58.293663024902344
2019-04-04,46.62991714477539,90.94300079345703,60.43659591674805,110.8749008178711,87.28450012207031,111.65848541259766,4.666460990905762,86.05292510986328,149.77474975585938,59.122291564941406
2019-04-05,46.94207000732422,91.86399841308594,60.04010772705078,111.37377166748047,87.0777816772461,112.15432739257812,4.7331390380859375,86.2359390258789,149.7842254638672,59.439353942871094
2019-04-08,47.68074417114258,92.49299621582031,59.88300704956055,111.34103393554688,87.3589096069336,112.19174194335938,4.753961086273193,87.33415985107422,149.87928771972656,59.80684280395508
2019-04-09,47.53777313232422,91.79199981689453,59.605960845947266,110.8749008178711,86.71394348144531,111.58366394042969,4.691248416900635,87.07625579833984,149.63218688964844,59.03582763671875
2019-04-10,47.80466079711914,92.36650085449219,59.79230499267578,110.88307189941406,87.10260772705078,112.43496704101562,4.761642932891846,87.06791687011719,150.64886474609375,58.769229888916016
2019-04-11,47.4067268371582,92.20349884033203,59.947933197021484,110.58048248291016,87.83851623535156,112.56591796875,4.747762680053711,87.15111541748047,149.98377990722656,59.05024337768555
2019-04-12,47.38766098022461,92.15299987792969,60.59915542602539,111.2101821899414,91.956298828125,113.14591979980469,4.709837436676025,87.40906524658203,151.6749725341797,58.308048248291016
2019-04-15,47.47343826293945,92.24349975585938,60.78748321533203,111.6518325805664,90.90618896484375,113.23947143554688,4.57821798324585,87.96649169921875,152.43504333496094,58.1135139465332
2019-04-16,47.47820281982422,93.1520004272461,61.05411911010742,112.87858581542969,91.8653564453125,112.97753143310547,4.665221214294434,88.5405502319336,152.23553466796875,58.50981521606445
2019-04-17,48.402748107910156,93.24099731445312,61.462005615234375,113.28750610351562,94.5113525390625,113.91299438476562,4.6424174308776855,88.68800354003906,152.43504333496094,58.675559997558594
2019-04-18,48.576698303222656,93.08450317382812,61.52791976928711,112.46968841552734,93.81676483154297,115.40975952148438,4.61787748336792,88.8556137084961,152.1690216064453,58.459373474121094
2019-04-22,48.7363395690918,94.3655014038086,62.13701629638672,112.72321319580078,93.9325180053711,115.77459716796875,4.671664714813232,88.82208251953125,152.39703369140625,59.734779357910156
2019-04-23,49.43928909301758,96.1884994506836,62.97111511230469,114.41613006591797,94.04830932617188,117.34620666503906,4.726197242736816,86.43417358398438,153.59417724609375,60.08064651489258
2019-04-24,49.363037109375,95.0875015258789,62.44875717163086,113.8436508178711,93.89120483398438,116.94393920898438,4.73859167098999,86.87824249267578,153.4326629638672,58.913326263427734
2019-04-25,48.91506576538086,95.11250305175781,62.81005096435547,114.2116470336914,93.9407958984375,120.81684112548828,4.632997512817383,86.53470611572266,152.986083984375,59.24480056762695
2019-04-26,48.68153762817383,97.53150177001953,63.30961608886719,114.81687927246094,94.65191650390625,121.50906372070312,4.41437292098999,88.69641876220703,154.80079650878906,57.99821853637695
2019-04-29,48.755409240722656,96.92150115966797,64.24036407470703,114.36705780029297,96.0162582397461,121.39682006835938,4.4451093673706055,87.79150390625,155.9599151611328,57.623538970947266
2019-04-30,47.816558837890625,96.32599639892578,59.421104431152344,115.47931671142578,95.95838928222656,122.17327880859375,4.486504554748535,89.21589660644531,156.2259521484375,57.846885681152344
2019-05-01,50.163665771484375,95.57599639892578,58.150367736816406,116.0926742553711,95.22246551513672,119.6287612915039,4.473366737365723,87.91717529296875,154.6678009033203,56.68678283691406
2019-05-02,49.837223052978516,95.04100036621094,57.812862396240234,115.54475402832031,95.4291763305664,118.06652069091797,4.540788650512695,88.44505310058594,153.08114624023438,55.69240951538086
2019-05-03,50.45675277709961,98.12300109863281,58.95473861694336,116.14178466796875,96.0162582397461,120.58295440673828,4.536327838897705,88.88072967529297,153.95523071289062,55.82211685180664
2019-05-06,49.67756652832031,97.52749633789062,59.148521423339844,116.20722961425781,95.1645736694336,119.88133239746094,4.458000659942627,88.54559326171875,154.1832275390625,55.577110290527344
2019-05-07,48.33839797973633,96.05000305175781,58.4249382019043,114.4734115600586,93.61006927490234,117.42105102539062,4.290933132171631,87.72449493408203,152.2164764404297,55.28168869018555
2019-05-08,48.347938537597656,95.88849639892578,58.02448654174805,114.32618713378906,93.11393737792969,117.41169738769531,4.311008930206299,88.03449249267578,152.73907470703125,55.3681640625
2019-05-09,47.828487396240234,94.99349975585938,57.88521957397461,113.45925903320312,93.03949737548828,117.40232849121094,4.218553066253662,87.33907318115234,151.83648681640625,55.317726135253906
2019-05-10,47.1658935546875,94.4990005493164,57.86886215209961,113.72095489501953,93.03126525878906,118.9271469116211,4.184594631195068,88.82208251953125,152.69155883789062,55.79875946044922
2019-05-13,44.424644470214844,91.13400268554688,56.33000564575195,112.20793151855469,90.50101470947266,115.39104461669922,3.927550792694092,88.9058837890625,149.480224609375,55.17923355102539
2019-05-14,45.127891540527344,92.00599670410156,55.748661041259766,111.89717102050781,91.22042083740234,116.68202209472656,4.016537189483643,88.47856903076172,152.2164764404297,55.25212097167969
2019-05-15,45.66849899291992,93.55750274658203,58.025474548339844,111.97079467773438,90.87311553955078,118.32516479492188,3.9555599689483643,89.40018463134766,154.6678009033203,55.660274505615234
2019-05-16,45.467552185058594,95.37850189208984,58.70444869995117,113.03399658203125,92.03899383544922,121.05744934082031,3.9706802368164062,90.58160400390625,156.8849639892578,55.652992248535156
2019-05-17,45.209224700927734,93.44999694824219,57.92536163330078,113.36113739013672,91.59252166748047,120.24999237060547,3.8799586296081543,90.0285873413086,156.14273071289062,55.325016021728516
2019-05-20,43.795528411865234,92.94850158691406,56.72996139526367,113.20572662353516,92.07206726074219,118.5129623413086,3.761475086212158,89.92806243896484,155.5527801513672,55.317726135253906
2019-05-21,44.635135650634766,92.8759994506836,57.214664459228516,112.96041107177734,92.38629913330078,119.15142059326172,3.8435215950012207,89.12372589111328,155.9238739013672,55.57280349731445
2019-05-22,43.721378326416016,92.98400115966797,57.284542083740234,113.48377990722656,91.63383483886719,119.8744125366211,3.772630453109741,89.4169921875,156.28549194335938,55.06991958618164
2019-05-23,42.97508239746094,90.77400207519531,56.763668060302734,114.32618713378906,89.83126831054688,118.47537994384766,3.651667833328247,89.45046997070312,153.68765258789062,53.779903411865234
2019-05-24,42.81002426147461,91.16400146484375,56.43012237548828,114.33443450927734,90.71601104736328,118.5317153930664,3.597879409790039,89.391845703125,154.762939453125,54.00584030151367
2019-05-28,42.63301086425781,91.82150268554688,56.47720718383789,112.86865234375,89.73204040527344,118.45661926269531,3.5527663230895996,87.52339935302734,155.78115844726562,52.91989517211914
2019-05-29,42.42970275878906,90.95950317382812,55.50482940673828,108.14214324951172,89.48397827148438,117.31109619140625,3.478652000427246,87.29717254638672,154.84861755371094,52.59192657470703
2019-05-30,42.64976501464844,90.81600189208984,55.577674865722656,108.78443145751953,88.52479553222656,118.05286407470703,3.452099323272705,88.2523422241211,154.8771209716797,52.45344161987305
2019-05-31,41.877140045166016,88.75350189208984,54.8387336730957,107.99391174316406,87.6152572631836,116.1280517578125,3.3615221977233887,86.2247085571289,153.5164031982422,51.5788459777832
2019-06-03,41.45375061035156,84.6344985961914,51.48051452636719,108.23274230957031,88.0286865234375,112.52250671386719,3.3198325634002686,86.97042083740234,150.9186553955078,52.38784408569336
2019-06-04,42.97029113769531,86.47799682617188,52.261085510253906,110.118408203125,90.74080657958984,115.63980102539062,3.5486321449279785,87.70771789550781,154.46798706054688,53.63414764404297
2019-06-05,43.663978576660156,86.92500305175781,51.77292251586914,110.65362548828125,91.06328582763672,118.14677429199219,3.5059494972229004,89.42533111572266,157.37973022460938,53.18955993652344
2019-06-06,44.30503463745117,87.71800231933594,51.92755126953125,112.54753112792969,91.2617416381836,120.0152587890625,3.5679879188537598,89.96995544433594,158.8356475830078,54.158897399902344
2019-06-07,45.48429489135742,90.20149993896484,52.94899368286133,114.08738708496094,90.26123809814453,123.37666320800781,3.6106715202331543,91.13457489013672,161.81405639648438,54.35567092895508
2019-06-10,46.06555938720703,93.03150177001953,53.662166595458984,114.47441101074219,91.23694610595703,124.50337982177734,3.6833813190460205,91.09268951416016,162.5467987060547,54.59619140625
2019-06-11,46.59897994995117,93.18499755859375,53.5769157409668,115.10018157958984,91.51807403564453,124.03392791748047,3.740953207015991,91.64569854736328,162.06149291992188,54.545166015625
2019-06-12,46.450687408447266,92.76599884033203,53.480777740478516,116.66471099853516,90.3521957397461,123.46116638183594,3.628042459487915,91.89704895019531,163.2794647216797,53.954833984375
2019-06-13,46.44111251831055,93.51499938964844,54.071044921875,115.86602020263672,90.575439453125,124.240478515625,3.6791629791259766,92.92762756347656,161.14804077148438,54.42855453491211
2019-06-14,46.10383987426758,93.4834976196289,53.83761215209961,115.35547637939453,90.80695343017578,124.36253356933594,3.5893301963806152,93.17060852050781,161.44297790527344,54.18804931640625
2019-06-17,46.3789176940918,94.30149841308594,54.21377944946289,114.8202133178711,90.31085205078125,124.7381591796875,3.5990076065063477,92.99463653564453,161.34779357910156,54.72736740112305
2019-06-18,47.46969223022461,95.06849670410156,54.77628707885742,115.47071075439453,91.54288482666016,126.90704345703125,3.7938108444213867,91.83002471923828,161.0813446044922,55.201114654541016
2019-06-19,47.33094024658203,95.43949890136719,54.74010467529297,115.65189361572266,90.88140869140625,127.40467834472656,3.799767017364502,92.51703643798828,162.42311096191406,54.89502716064453
2019-06-20,47.711280822753906,95.90950012207031,55.17078399658203,117.10116577148438,91.1129150390625,128.58779907226562,3.8240857124328613,93.62305450439453,165.3253936767578,55.8351936340332
2019-06-21,47.548622131347656,95.56500244140625,55.7739372253418,117.00233459472656,90.49275207519531,128.6065216064453,3.766016721725464,93.17060852050781,165.0399169921875,56.62232208251953
2019-06-24,47.50077438354492,95.69499969482422,55.34425354003906,117.80107879638672,89.84778594970703,129.36709594726562,3.788351535797119,94.11741638183594,165.4300079345703,56.08298873901367
2019-06-25,46.78077697753906,93.91349792480469,53.90105056762695,118.77274322509766,89.10363006591797,125.28273010253906,3.7590689659118652,93.6063003540039,162.98451232910156,55.5873908996582
2019-06-26,47.792598724365234,94.8915023803711,53.541236877441406,116.80472564697266,89.69895935058594,125.75215148925781,3.9521336555480957,91.93894958496094,162.775146484375,55.82789993286133
2019-06-27,47.77825164794922,95.21399688720703,53.35836410522461,115.84953308105469,89.99664306640625,125.95875549316406,4.050652980804443,91.98082733154297,162.93690490722656,55.25941848754883
2019-06-28,47.342899322509766,94.68150329589844,53.66415023803711,114.68848419189453,92.44416809082031,125.78034973144531,4.07546854019165,91.87191009521484,165.14453125,55.84975814819336
2019-07-01,48.211212158203125,96.1094970703125,54.51658630371094,114.75434112548828,93.99870300292969,127.39532470703125,4.123610496520996,92.5757064819336,165.5156707763672,55.79875946044922
2019-07-02,48.49347686767578,96.71549987792969,55.141056060791016,115.30603790283203,94.09793090820312,128.2403564453125,4.025835990905762,93.40518951416016,166.79080200195312,55.186553955078125
2019-07-03,48.895328521728516,96.94999694824219,55.65598678588867,117.04351043701172,93.9480209350586,129.06661987304688,4.038739204406738,95.58362579345703,168.3037872314453,55.7112922668457
2019-07-05,48.852272033691406,97.14550018310547,56.13573455810547,115.75074005126953,94.50594329833984,128.6910400390625,3.976206064224243,94.80443572998047,168.10391235351562,55.48534393310547
2019-07-08,47.845237731933594,97.61599731445312,55.34870910644531,116.08009338378906,93.98966217041016,128.59715270996094,3.901261806488037,95.55850982666016,167.65670776367188,55.74042892456055
2019-07-09,48.137054443359375,99.41500091552734,55.72041702270508,116.44239807128906,94.38938903808594,128.12770080566406,3.9037437438964844,94.60336303710938,169.1221160888672,55.704010009765625
2019-07-10,48.61306381225586,100.87049865722656,56.54410934448242,116.2777328491211,94.11455535888672,129.43280029296875,3.971986770629883,95.30715942382812,170.62559509277344,56.491119384765625
2019-07-11,48.259056091308594,100.05349731445312,56.70122146606445,115.37193298339844,95.01390075683594,129.94921875,4.126339912414551,95.83500671386719,171.98631286621094,56.53486633300781
2019-07-12,48.62981414794922,100.55000305175781,56.763668060302734,110.58776092529297,96.01316833496094,130.41868591308594,4.159343719482422,96.34611511230469,171.59619140625,56.57857894897461
2019-07-15,49.086692810058594,101.04949951171875,57.0198974609375,110.9253921508789,94.84737396240234,130.41868591308594,4.150906562805176,96.75668334960938,171.82455444335938,56.177734375
2019-07-16,48.9168586730957,100.49500274658203,57.16609573364258,109.1055679321289,95.8633041381836,128.7098388671875,4.146193504333496,97.10017395019531,170.62559509277344,55.33958435058594
2019-07-17,48.64176940917969,99.60150146484375,56.83305358886719,108.57855987548828,94.92230224609375,127.94928741455078,4.211457252502441,97.14208984375,170.4733428955078,55.011619567871094
2019-07-18,49.19432830810547,98.8949966430664,56.857826232910156,108.75150299072266,95.48858642578125,128.0901336669922,4.223121166229248,97.34953308105469,171.78648376464844,54.545166015625
2019-07-19,48.45996856689453,98.22599792480469,56.08022689819336,107.30223846435547,94.54759216308594,128.27792358398438,4.179941654205322,96.98692321777344,170.5589599609375,54.65447998046875
2019-07-22,49.56747817993164,99.28150177001953,56.45985794067383,105.92710876464844,95.15547180175781,129.97740173339844,4.251410484313965,97.23148345947266,171.82455444335938,54.71279525756836
2019-07-23,49.95497512817383,99.72450256347656,56.89796829223633,106.09178161621094,96.89586639404297,130.7848663330078,4.3591108322143555,96.00870513916016,172.1385955810547,54.93143081665039
2019-07-24,49.91432571411133,100.04049682617188,56.485633850097656,106.86581420898438,97.28726196289062,132.12762451171875,4.433557510375977,94.95458984375,174.4508514404297,54.92414474487305
2019-07-25,49.51963806152344,98.69100189208984,56.297794342041016,107.9692153930664,96.35462188720703,131.6299285888672,4.3025312423706055,95.09793853759766,172.79515075683594,54.61076736450195
2019-07-26,49.69186782836914,97.15249633789062,61.71377182006836,107.64806365966797,96.77928161621094,132.70973205566406,4.3444671630859375,96.75081634521484,174.79345703125,54.5233039855957
2019-07-29,50.15592956542969,95.62249755859375,61.54624938964844,109.53376770019531,96.47119903564453,132.4186248779297,4.338265419006348,97.82177734375,174.336669921875,54.909576416015625
2019-07-30,49.940650939941406,94.92649841308594,60.8603401184082,108.75970458984375,96.25469207763672,131.78016662597656,4.353899002075195,101.5406723022461,172.7380828857422,54.9168586730957
2019-07-31,50.95964431762695,93.33899688720703,60.37464141845703,107.2281265258789,96.59609985351562,127.94928741455078,4.186890125274658,99.54207611083984,169.3790283203125,54.19533157348633
2019-08-01,49.85691452026367,92.76599884033203,60.05646514892578,107.2857666015625,94.0479507446289,129.6300048828125,4.092589855194092,98.4374008178711,170.49234008789062,52.81056594848633
2019-08-02,48.80202865600586,91.16200256347656,59.290260314941406,107.92807006835938,94.03963470458984,128.54080200195312,4.000028610229492,98.19282531738281,168.82711791992188,52.29310989379883
2019-08-05,46.24736404418945,88.25650024414062,57.23003387451172,107.1787338256836,91.24166870117188,124.1371841430664,3.74194598197937,95.359375,160.6817169189453,51.22173309326172
2019-08-06,47.122840881347656,89.3915023803711,58.03935623168945,107.6810073852539,91.95779418945312,126.4657974243164,3.780658006668091,96.37133026123047,164.12640380859375,51.717342376708984
2019-08-07,47.61080551147461,89.66999816894531,58.27872848510742,107.21990203857422,89.95927429199219,127.01976776123047,3.8188745975494385,97.41699981689453,166.82884216308594,51.38207244873047
2019-08-08,48.66091537475586,91.64450073242188,59.779422760009766,108.43035888671875,91.48316955566406,130.4092559814453,3.927318572998047,99.0361099243164,171.18702697753906,52.75226593017578
2019-08-09,48.259925842285156,90.37899780273438,58.922523498535156,108.72679901123047,91.38320922851562,129.3013458251953,3.82607102394104,98.47954559326172,170.37818908691406,51.62986373901367
2019-08-12,48.13745880126953,89.24600219726562,58.2088508605957,108.63619232177734,89.6678237915039,127.49860382080078,3.758323907852173,97.84707641601562,167.79945373535156,51.37898635864258
2019-08-13,50.17601013183594,91.21700286865234,59.31058120727539,109.8631362915039,91.05013275146484,130.13702392578125,3.872476577758789,98.87590026855469,169.95950317382812,52.01357650756836
2019-08-14,48.682518005371094,88.14800262451172,57.70085525512695,107.26107025146484,87.26956939697266,126.21800231933594,3.72407865524292,97.64469146728516,165.10646057128906,49.91797637939453
2019-08-15,48.439998626708984,88.80599975585938,57.952125549316406,107.49163055419922,87.6026611328125,125.93537902832031,3.6918187141418457,98.99396514892578,167.974853515625,49.62282943725586
2019-08-16,49.58293914794922,89.62850189208984,58.44227981567383,108.1668472290039,89.70113372802734,128.24346923828125,3.9595792293548584,100.50345611572266,169.84259033203125,50.397605895996094
2019-08-19,50.507362365722656,90.80599975585938,59.49444580078125,108.89968872070312,90.50886535644531,130.39138793945312,4.238009452819824,101.3973617553711,171.2815399169922,51.24617004394531
2019-08-20,50.509761810302734,90.06900024414062,58.65637969970703,107.54103088378906,89.35971069335938,129.3079833984375,4.165796279907227,100.26732635498047,170.8050537109375,50.936256408691406
2019-08-21,51.05721664428711,91.177001953125,59.05534744262695,108.30685424804688,89.60952758789062,130.74935913085938,4.249176979064941,100.52031707763672,172.4250946044922,51.44540786743164
2019-08-22,51.01400375366211,90.23300170898438,59.052371978759766,108.09272766113281,90.53388214111328,129.7978515625,4.2553815841674805,100.70581817626953,171.61508178710938,51.334720611572266
2019-08-23,48.65610885620117,87.48100280761719,57.17204284667969,105.17777252197266,88.28550720214844,125.66220092773438,4.031047344207764,98.93492889404297,166.9837646484375,49.7999153137207
2019-08-26,49.580535888671875,88.44349670410156,58.044307708740234,106.02397155761719,88.99332427978516,127.60284423828125,4.105742931365967,100.62151336669922,169.23269653320312,50.065555572509766
2019-08-27,49.02107620239258,88.09149932861328,58.02646255493164,107.55044555664062,88.0523452758789,127.87609100341797,4.015165328979492,101.65876007080078,169.98553466796875,49.578548431396484
2019-08-28,49.35002517700195,88.2125015258789,58.17167663574219,106.7540512084961,88.93502044677734,127.70648956298828,4.004732608795166,102.37554931640625,170.2618865966797,49.94011306762695
2019-08-29,50.185611724853516,89.31999969482422,59.187171936035156,106.38900756835938,90.95022583007812,130.11814880371094,4.148309707641602,102.1900405883789,172.6442108154297,50.49352264404297
2019-08-30,50.12077713012695,88.81449890136719,59.0033073425293,106.48856353759766,91.48316955566406,129.87327575683594,4.160977840423584,101.3888931274414,172.31072998046875,50.530418395996094
2019-09-03,49.390838623046875,89.49199676513672,57.963523864746094,106.80382537841797,90.40059661865234,128.1586456298828,4.078011512756348,102.34183502197266,170.76693725585938,50.589454650878906
2019-09-04,50.228824615478516,90.03099822998047,58.593936920166016,106.90336608886719,91.49149322509766,129.65655517578125,4.192028045654297,103.90192413330078,173.21600341796875,51.128116607666016
2019-09-05,51.21087646484375,92.03600311279297,60.076778411865234,106.67107391357422,93.57330322265625,131.9363555908203,4.464773178100586,103.5224380493164,176.0367431640625,51.85124206542969
2019-09-06,51.206085205078125,91.67549896240234,59.78586959838867,106.36412811279297,93.7731704711914,131.0413818359375,4.437697410583496,103.6152114868164,176.99917602539062,52.33823776245117
2019-09-09,51.424583435058594,91.56749725341797,59.73382568359375,105.31878662109375,96.0964584350586,129.5529022216797,4.483651161193848,103.02489471435547,173.00637817382812,52.751461029052734
2019-09-10,52.03207015991211,91.02749633789062,59.7551383972168,107.47578430175781,97.32057189941406,128.19635009765625,4.550222873687744,101.09375762939453,168.05113220214844,53.1794319152832
2019-09-11,53.68641662597656,91.14949798583984,60.46384811401367,108.81974792480469,97.58704376220703,128.23403930664062,4.578789710998535,102.26592254638672,166.74559020996094,53.07612228393555
2019-09-12,53.56637191772461,92.17749786376953,61.205772399902344,108.2058334350586,98.18659973144531,129.5529022216797,4.577298641204834,103.53084564208984,169.60433959960938,53.113014221191406
2019-09-13,52.524295806884766,91.96700286865234,61.45654296875,108.49620819091797,100.11853790283203,129.36451721191406,4.519423007965088,102.98273468017578,168.9278106689453,53.60002517700195
2019-09-16,52.8004264831543,90.39199829101562,61.04024887084961,107.4675064086914,99.22749328613281,128.43185424804688,4.476449012756348,100.984130859375,167.82237243652344,54.40432357788086
2019-09-17,52.99251174926758,91.12750244140625,60.953514099121094,107.5753402709961,98.73619842529297,129.4304656982422,4.497810363769531,102.17316436767578,168.14639282226562,53.99111557006836
2019-09-18,53.48954391479492,90.87300109863281,61.090797424316406,108.18927001953125,99.72713470458984,130.4949951171875,4.470734596252441,102.38399505615234,167.04098510742188,53.73285675048828
2019-09-19,53.05493927001953,91.07499694824219,61.39311218261719,107.94036102294922,99.41070556640625,132.8972930908203,4.395220756530762,102.7972183227539,167.67945861816406,53.37128829956055
2019-09-20,52.279380798339844,89.70800018310547,60.95153045654297,109.21793365478516,99.01100158691406,131.36172485351562,4.289649486541748,103.08393096923828,165.8688507080078,53.18681335449219
2019-09-23,52.517093658447266,89.26499938964844,61.19190216064453,109.29264068603516,98.99434661865234,131.07911682128906,4.343056678771973,103.91033935546875,166.67886352539062,53.22370147705078
2019-09-24,52.26737594604492,87.08049774169922,60.38108444213867,109.13501739501953,97.70361328125,129.42105102539062,4.285676002502441,104.23922729492188,166.2691192626953,52.49319839477539
2019-09-25,53.07174301147461,88.41649627685547,61.749454498291016,108.6704330444336,98.26154327392578,131.28631591796875,4.4272637367248535,103.7416763305664,167.0314483642578,52.648162841796875
2019-09-26,52.798030853271484,86.99199676513672,61.56855773925781,106.89506530761719,97.45381927490234,131.4558868408203,4.405157089233398,104.82953643798828,167.384033203125,52.36774826049805
2019-09-27,52.54110336303711,86.27249908447266,60.75873947143555,106.68766021728516,98.02838897705078,129.75074768066406,4.266548156738281,105.04878234863281,165.81166076660156,52.744075775146484
2019-09-30,53.777671813964844,86.79550170898438,60.52035140991211,107.33477783203125,98.00340270996094,130.97544860839844,4.323929786682129,104.88856506347656,163.915283203125,52.10212707519531
2019-10-01,53.92654037475586,86.78250122070312,59.77000427246094,107.84081268310547,96.22136688232422,129.12904357910156,4.322190284729004,104.44161224365234,166.08799743652344,50.877235412597656
2019-10-02,52.5747184753418,85.6614990234375,58.37834548950195,109.50834655761719,94.30609893798828,126.84918212890625,4.298345565795898,102.10568237304688,161.83792114257812,49.549041748046875
2019-10-03,53.021324157714844,86.22100067138672,58.94879150390625,108.83636474609375,94.17179107666016,128.3848114013672,4.503772258758545,102.66226959228516,164.73486328125,50.1614875793457
2019-10-04,54.50760269165039,86.98249816894531,60.015830993652344,110.88544464111328,96.21153259277344,130.11814880371094,4.520166397094727,104.568115234375,167.698486328125,50.89198303222656
2019-10-07,54.51961135864258,86.63300323486328,59.88151168823242,110.47068786621094,96.0016860961914,129.17611694335938,4.578789710998535,103.58988952636719,166.66932678222656,50.190982818603516
2019-10-08,53.88092041015625,85.27549743652344,58.983482360839844,109.37557983398438,93.86122131347656,127.81011199951172,4.402424335479736,101.97920227050781,164.3059844970703,49.216976165771484
2019-10-09,54.51241683959961,86.09950256347656,59.59158706665039,107.20201110839844,94.54113006591797,130.23121643066406,4.488867282867432,102.86466217041016,166.6501922607422,49.76301574707031
2019-10-10,55.24715042114258,86.01300048828125,59.94198226928711,107.06929779052734,95.86737060546875,131.0413818359375,4.546497344970703,102.83094787597656,166.6501922607422,50.3607063293457
2019-10-11,56.716644287109375,86.59600067138672,60.25123977661133,108.95248413085938,97.4874038696289,131.58778381347656,4.62002420425415,102.11412811279297,168.7276611328125,50.899375915527344
2019-10-14,56.63499450683594,86.82150268554688,60.35334014892578,108.4464340209961,97.74761199951172,131.46533203125,4.6334381103515625,101.23710632324219,169.0135498046875,51.04693603515625
2019-10-15,56.5029411315918,88.36900329589844,61.566078186035156,110.20521545410156,100.69391632080078,133.36830139160156,4.877864837646484,98.83373260498047,170.33816528320312,51.224037170410156
2019-10-16,56.27482604980469,88.87149810791016,61.6037483215332,112.13819122314453,100.45885467529297,132.27549743652344,4.8242106437683105,99.11201477050781,169.49954223632812,50.345947265625
2019-10-17,56.49333572387695,89.3740005493164,62.08944320678711,112.96776580810547,101.02124786376953,131.59725952148438,4.826199054718018,98.98129272460938,169.5662384033203,50.27954864501953
2019-10-18,56.764652252197266,87.87550354003906,61.67362594604492,105.94102478027344,101.1975326538086,129.4492950439453,4.731805324554443,99.6942138671875,167.4412078857422,49.888450622558594
2019-10-21,57.74911117553711,89.28299713134766,61.66718673706055,106.20649719238281,103.70735168457031,130.41021728515625,4.868923187255859,101.0605697631836,168.1273193359375,50.72227478027344
2019-10-22,57.61705017089844,88.2864990234375,61.5145378112793,107.1854248046875,104.74817657470703,128.4695587158203,4.858987331390381,103.69149017333984,162.8194122314453,50.98053741455078
2019-10-23,58.39021682739258,88.1084976196289,62.32881546020508,107.76614379882812,105.02517700195312,129.2891387939453,4.846069812774658,104.38740539550781,163.2577667236328,51.467533111572266
2019-10-24,58.48625946044922,89.03900146484375,62.40217208862305,105.77509307861328,104.94964599609375,131.83270263671875,4.890035629272461,105.90653991699219,167.8700408935547,50.98053741455078
2019-10-25,59.206581115722656,88.06649780273438,62.659385681152344,106.48027038574219,105.78903198242188,132.5769500732422,5.080809116363525,104.59956359863281,169.48046875,51.09859848022461
2019-10-28,59.799659729003906,88.85399627685547,63.88253402709961,107.1688461303711,106.19195556640625,135.83651733398438,5.136701583862305,104.79478454589844,171.37680053710938,50.64848327636719
2019-10-29,58.416622161865234,88.135498046875,62.47898864746094,107.11903381347656,106.12477111816406,134.55531311035156,5.040567874908447,104.8966064453125,169.27085876464844,50.50090026855469
2019-10-30,58.409420013427734,88.99949645996094,62.48097229003906,110.20521545410156,105.53722381591797,136.23220825195312,5.042555809020996,106.0338363647461,170.8145751953125,49.969635009765625
2019-10-31,59.73002624511719,88.83300018310547,62.38679504394531,109.5415267944336,104.85729217529297,135.0640411376953,4.993370532989502,105.66889953613281,170.44296264648438,49.858951568603516
2019-11-01,61.42521667480469,89.5719985961914,63.05339813232422,108.84463500976562,107.2747802734375,135.3937530517578,5.032371997833252,105.12574768066406,172.41555786132812,51.356849670410156
2019-11-04,61.82860565185547,90.23300170898438,63.913761138916016,108.0399169921875,108.13094329833984,136.17562866210938,5.228856563568115,101.05209350585938,170.5287322998047,52.884281158447266
2019-11-05,61.7397575378418,90.08550262451172,64.00446319580078,108.19754791259766,108.36599731445312,136.0908966064453,5.2067484855651855,100.90780639648438,168.0701141357422,53.93207550048828
2019-11-06,61.76616668701172,89.78849792480469,63.983150482177734,108.6455307006836,108.53384399414062,135.71405029296875,5.157566547393799,102.11294555664062,168.4513397216797,52.751461029052734
2019-11-07,62.47903060913086,89.41000366210938,64.77263641357422,109.03546905517578,109.12145233154297,135.9024658203125,5.175202369689941,101.51886749267578,170.03321838378906,53.873046875
2019-11-08,62.650020599365234,89.29399871826172,64.87474060058594,110.33794403076172,109.4404067993164,137.5039520263672,5.161290645599365,101.58676147460938,170.54776000976562,52.84994125366211
2019-11-11,63.1461296081543,88.5824966430664,64.34345245361328,109.49172973632812,109.05428314208984,137.64524841308594,5.171227931976318,101.27276611328125,171.0909881591797,52.52882766723633
2019-11-12,63.088321685791016,88.9000015258789,64.29042053222656,108.9690933227539,108.41634368896484,138.54969787597656,5.2067484855651855,101.22181701660156,171.2815399169922,51.80445098876953
2019-11-13,63.69282913208008,87.65550231933594,64.23936462402344,108.90270233154297,107.8455581665039,138.77578735351562,5.180914402008057,102.39298248291016,170.9670867919922,51.378787994384766
2019-11-14,63.25210189819336,87.7300033569336,64.8821792602539,108.6455307006836,107.94628143310547,139.48233032226562,5.211220741271973,102.2657241821289,171.57801818847656,51.154747009277344
2019-11-15,64.00350952148438,86.97450256347656,66.09095764160156,111.94737243652344,108.72691345214844,141.28167724609375,5.072116374969482,102.29963684082031,171.59707641601562,51.67002868652344
2019-11-18,64.32621765136719,87.62650299072266,65.4119873046875,111.85614776611328,109.641845703125,141.63026428222656,5.273072242736816,103.44536590576172,171.49203491210938,51.169681549072266
2019-11-19,64.1311264038086,87.6395034790039,65.05266571044922,111.84782409667969,109.60828399658203,141.6773223876953,5.166508197784424,103.04649353027344,174.46070861816406,50.646934509277344
2019-11-20,63.38454818725586,87.27649688720703,64.5208740234375,112.77701568603516,108.81086730957031,141.43154907226562,5.245747089385986,103.78483581542969,173.40110778808594,50.80376434326172
2019-11-21,63.100372314453125,86.7354965209961,64.43563842773438,113.19181060791016,109.06266021728516,141.29920959472656,5.220907688140869,102.12989807128906,171.7115936279297,52.02848815917969
2019-11-22,63.044986724853516,87.28600311279297,64.11498260498047,114.5440673828125,109.7845687866211,141.4031982421875,5.238544464111328,102.08746337890625,171.31069946289062,51.80445098876953
2019-11-25,64.15040588378906,88.69200134277344,64.70821380615234,114.59416198730469,110.37214660644531,142.95343017578125,5.4948954582214355,102.27418518066406,172.74253845214844,51.4609260559082
2019-11-26,63.64947509765625,89.84700012207031,65.07299041748047,114.58584594726562,110.5232162475586,143.70965576171875,5.390319347381592,103.75938415527344,174.25067138671875,51.33397674560547
2019-11-27,64.50440979003906,90.92549896240234,65.02986145019531,115.0703353881836,110.85057830810547,143.98382568359375,5.4251203536987305,103.33503723144531,175.98793029785156,51.304100036621094
2019-11-29,64.36234283447266,90.04000091552734,64.63140106201172,114.8531494140625,110.5987548828125,143.09524536132812,5.3878326416015625,103.58963775634766,176.1216278076172,50.8784294128418
2019-12-02,63.618167877197266,89.08000183105469,63.8765983581543,114.7445297241211,110.35533905029297,141.36541748046875,5.201640605926514,104.14977264404297,173.5252227783203,51.095001220703125
2019-12-03,62.483856201171875,88.49800109863281,64.16801452636719,114.57748413085938,108.936767578125,141.13851928710938,5.162116527557373,104.3449478149414,173.6302490234375,50.691734313964844
2019-12-04,63.03535842895508,88.03450012207031,65.36737060546875,116.43193817138672,111.08563232421875,141.64898681640625,5.205867767333984,105.68585968017578,172.38931274414062,51.266761779785156
2019-12-05,63.960166931152344,87.02400207519531,65.76484680175781,116.58233642578125,111.69000244140625,141.72457885742188,5.188963890075684,105.76225280761719,173.62066650390625,51.08753967285156
2019-12-06,65.19560241699219,87.58000183105469,66.3808822631836,117.2673110961914,113.35199737548828,143.44496154785156,5.274229049682617,105.3973159790039,173.887939453125,51.90899658203125
2019-12-09,64.28285217285156,87.47550201416016,66.5593032836914,117.36758422851562,112.82318115234375,143.0763397216797,5.274229049682617,105.97442626953125,174.60386657714844,52.021018981933594
2019-12-10,64.6585464477539,86.96050262451172,66.55435180664062,116.94153594970703,112.8987045288086,142.85894775390625,5.319223403930664,105.4652099609375,173.97389221191406,51.57294845581055
2019-12-11,65.21007537841797,87.43599700927734,66.62175750732422,117.76850891113281,112.63009643554688,143.397705078125,5.40274715423584,105.79621124267578,173.73521423339844,51.498268127441406
2019-12-12,65.3762435913086,88.0165023803711,66.83187866210938,118.06925964355469,115.85337829589844,144.85345458984375,5.570044994354248,105.71981811523438,174.33656311035156,52.52882766723633
2019-12-13,66.26490020751953,88.0469970703125,66.75159454345703,118.10269165039062,114.83773803710938,146.07286071777344,5.568055629730225,106.48362731933594,176.72291564941406,51.69990539550781
2019-12-16,67.39922332763672,88.46050262451172,67.43701934814453,118.44515991210938,115.28260040283203,147.0181121826172,5.596890926361084,106.56000518798828,177.77294921875,52.27492141723633
2019-12-17,67.53168487548828,89.53299713134766,67.14907836914062,119.92373657226562,115.9876708984375,146.22409057617188,5.674948692321777,106.34783935546875,177.08567810058594,52.03594970703125
2019-12-18,67.37031555175781,89.20149993896484,67.00138092041016,119.61463165283203,115.87017059326172,145.92160034179688,5.70527458190918,105.24456787109375,176.49388122558594,52.177852630615234
2019-12-19,67.43775177001953,89.61399841308594,67.22589111328125,121.41900634765625,115.29096984863281,147.1883087158203,5.853183746337891,106.01685333251953,178.05929565429688,51.819393157958984
2019-12-20,67.29808044433594,89.32499694824219,66.96719360351562,122.01211547851562,115.19866943359375,148.79525756835938,5.950380325317383,106.39027404785156,179.45285034179688,52.23011779785156
2019-12-23,68.39624786376953,89.6500015258789,66.93795013427734,122.3296127319336,115.16507720947266,148.79525756835938,5.936707496643066,105.9999008178711,178.5747528076172,52.49148178100586
2019-12-24,68.46128845214844,89.46050262451172,66.63066864013672,121.90352630615234,115.48406982421875,148.76690673828125,5.931735038757324,106.27146911621094,179.0425262451172,52.289859771728516
2019-12-26,69.8196029663086,93.4384994506836,67.52473449707031,121.82001495361328,116.70954132080078,149.98631286621094,5.945905685424805,106.27146911621094,180.56015014648438,52.37200164794922
2019-12-27,69.79306030273438,93.48999786376953,67.13668060302734,121.7531967163086,116.79351806640625,150.2604522705078,5.888234615325928,107.00981140136719,180.77972412109375,52.192779541015625
2019-12-30,70.20732879638672,92.34449768066406,66.39673614501953,121.37727355957031,116.36544799804688,148.9654083251953,5.7751264572143555,105.63497161865234,179.29061889648438,51.886600494384766
2019-12-31,70.72028350830078,92.39199829101562,66.3808822631836,121.85340118408203,117.01176452636719,149.0693359375,5.849205493927002,105.9999008178711,179.35745239257812,52.11063766479492
2020-01-02,72.33389282226562,94.90049743652344,67.83251190185547,121.93696594238281,118.43032836914062,151.8295440673828,5.963803291320801,104.7353744506836,182.43099975585938,52.94705581665039
2020-01-03,71.63063049316406,93.74849700927734,67.4776611328125,120.52519226074219,116.86746978759766,149.93902587890625,5.86834716796875,104.03095245361328,180.9801788330078,52.521358489990234
2020-01-06,72.20140075683594,95.14399719238281,69.2762222290039,120.37484741210938,116.7745590209961,150.32656860351562,5.892956256866455,104.17523956298828,180.58880615234375,52.92462158203125
2020-01-07,71.86184692382812,95.34300231933594,69.14240264892578,121.10994720458984,114.78932189941406,148.95591735839844,5.964301109313965,103.53022766113281,180.11155700683594,52.49148178100586
2020-01-08,73.01783752441406,94.59850311279297,69.63453674316406,121.09326171875,115.68477630615234,151.32852172851562,5.975487232208252,103.97154998779297,183.19468688964844,51.69990539550781
2020-01-09,74.56878662109375,95.05249786376953,70.36556243896484,121.45246124267578,116.10716247558594,153.21910095214844,6.04111385345459,105.10877990722656,184.46420288085938,52.095699310302734
2020-01-10,74.73735809326172,94.15799713134766,70.82002258300781,121.1767578125,114.94981384277344,152.51011657714844,6.073430061340332,105.21062469482422,184.96060180664062,51.632686614990234
2020-01-13,76.33409118652344,94.56500244140625,71.36865997314453,121.71143341064453,115.9044418334961,154.343994140625,6.263847351074219,105.98291015625,186.44964599609375,52.12557601928711
2020-01-14,75.30331420898438,93.47200012207031,70.90081024169922,122.39642333984375,117.2560806274414,153.25689697265625,6.147011756896973,105.82167053222656,187.13699340820312,51.677494049072266
2020-01-15,74.9806137084961,93.10099792480469,71.32752990722656,122.8057632446289,115.49893951416016,154.24942016601562,6.104501724243164,106.89948272705078,190.71646118164062,51.59536361694336
2020-01-16,75.91986083984375,93.89700317382812,71.87071990966797,123.79981231689453,115.9466323852539,157.07582092285156,6.188027858734131,106.99282836914062,191.8141632080078,51.393733978271484
2020-01-17,76.7603530883789,93.23600006103516,73.3258056640625,124.6100845336914,116.74919891357422,157.95492553710938,6.196728229522705,107.28138732910156,195.39366149902344,51.19955825805664
2020-01-21,76.24017333984375,94.5999984741211,73.46111297607422,124.69364929199219,115.60028839111328,157.3877410888672,6.163418292999268,107.00981140136719,197.8659210205078,50.46771240234375
2020-01-22,76.51231384277344,94.37300109863281,73.54139709472656,123.84156799316406,115.46510314941406,156.63153076171875,6.2173614501953125,107.19650268554688,198.44813537597656,50.17646026611328
2020-01-23,76.8807601928711,94.22899627685547,73.58202362060547,124.07545471191406,115.34687805175781,157.59568786621094,6.285722255706787,106.70647430419922,197.1309356689453,49.86280822753906
2020-01-24,76.65921020507812,93.08200073242188,72.6641845703125,123.9000015258789,112.48303985595703,156.00762939453125,6.226558685302734,106.83455657958984,195.6800079345703,49.526763916015625
2020-01-27,74.4050521850586,91.41699981689453,70.95730590820312,124.25924682617188,111.53685760498047,153.39877319335938,5.971011638641357,107.3041000366211,192.5205535888672,48.34684753417969
2020-01-28,76.5098876953125,92.6624984741211,71.88756561279297,124.88575744628906,113.5643539428711,156.40467834472656,6.164163589477539,107.5943374633789,193.6278076171875,48.27962875366211
2020-01-29,78.1114273071289,92.9000015258789,72.19482421875,125.7545394897461,113.39541625976562,158.84349060058594,6.103757381439209,106.76622009277344,195.54640197753906,47.87635803222656
2020-01-30,77.99824523925781,93.53399658203125,72.07342529296875,125.6041488647461,114.79774475097656,163.3240509033203,6.110467433929443,107.52606201171875,198.74412536621094,48.384185791015625
2020-01-31,74.53990173339844,100.43599700927734,71.00933837890625,124.3594970703125,111.81566619873047,160.9136199951172,5.877294063568115,106.39059448242188,189.92416381835938,46.390254974365234
2020-02-03,74.33519744873047,100.20999908447266,73.47845458984375,125.44548034667969,112.66889190673828,164.83651733398438,5.974244594573975,106.80892944335938,191.68051147460938,45.352230072021484
2020-02-04,76.78926086425781,102.4834976196289,71.63529205322266,126.64006042480469,114.29090118408203,170.26234436035156,6.143281936645508,107.27850341796875,194.3054962158203,44.78466796875
2020-02-05,77.41544342041016,101.99349975585938,71.6670150756836,128.63653564453125,116.23388671875,170.054443359375,6.233519077301025,108.26024627685547,193.589599609375,46.84580993652344
2020-02-06,78.3209457397461,102.5114974975586,73.14986419677734,128.25222778320312,116.25076293945312,173.5802459716797,6.320272922515869,108.5419921875,193.8091278076172,46.21104049682617
2020-02-07,77.25635528564453,103.96399688720703,73.30548095703125,126.8823013305664,115.87908172607422,173.82603454589844,6.254151344299316,107.63705444335938,193.52281188964844,45.90485763549805
2020-02-10,77.62330627441406,106.69550323486328,74.77000427246094,126.85723114013672,116.36062622070312,178.3727569580078,6.537041187286377,107.7138900756836,196.62503051757812,45.4200439453125
2020-02-11,77.15496826171875,107.54000091552734,74.83938598632812,126.96580505371094,116.58023834228516,174.34591674804688,6.659343719482422,105.9979019165039,194.66819763183594,45.851837158203125
2020-02-12,78.98722076416016,108.0,75.26412200927734,126.21399688720703,116.58023834228516,174.60118103027344,6.774937152862549,105.3917465209961,198.00912475585938,46.41238784790039
2020-02-13,78.42474365234375,107.49349975585938,75.0044174194336,125.37863159179688,116.47887420654297,173.65589904785156,6.731184959411621,106.68087768554688,198.25762939453125,46.15483093261719
2020-02-14,78.44406127929688,106.74349975585938,75.26908874511719,125.41206359863281,116.12406921386719,175.20611572265625,7.2037458419799805,107.68828582763672,201.02024841308594,45.942726135253906
2020-02-18,77.0077133178711,107.78350067138672,75.30426788330078,124.58505249023438,114.5865478515625,176.98321533203125,7.372287273406982,106.60404205322266,201.89016723632812,45.35945510864258
2020-02-19,78.12300872802734,108.51100158691406,75.57337951660156,124.4179916381836,116.14942169189453,177.5140380859375,7.822970867156982,107.0906753540039,203.90708923339844,45.7078971862793
2020-02-20,77.32152557373047,107.65499877929688,75.1828384399414,123.94180297851562,116.14942169189453,174.8031768798828,7.673819065093994,108.06389617919922,202.12908935546875,45.34429931640625
2020-02-21,75.5713882446289,104.79850006103516,73.52106475830078,125.24497985839844,114.73015594482422,169.2771759033203,7.3101396560668945,108.16632843017578,199.60549926757812,44.791316986083984
2020-02-24,71.9817123413086,100.4645004272461,70.3690185546875,122.66407012939453,111.64672088623047,161.978759765625,6.793332099914551,105.26371765136719,190.02711486816406,42.693023681640625
2020-02-25,69.54351043701172,98.63700103759766,68.7067642211914,121.60479736328125,106.6624755859375,159.30575561523438,6.514170169830322,103.66722869873047,180.0951385498047,41.056819915771484
2020-02-26,70.646728515625,98.97949981689453,68.91244506835938,120.78933715820312,106.98350524902344,161.29627990722656,6.653378963470459,102.58301544189453,178.95762634277344,40.1553840637207
2020-02-27,66.02870178222656,94.21499633789062,65.16961669921875,116.95584869384766,102.53150939941406,149.9315185546875,6.283013343811035,96.89723205566406,172.07504272460938,37.73893356323242
2020-02-28,65.99005889892578,94.1875,66.37394714355469,113.05506134033203,98.0879135131836,153.56178283691406,6.717550277709961,96.66673278808594,173.7478790283203,38.96609878540039
2020-03-02,72.1337890625,97.69750213623047,68.7067642211914,117.71244049072266,102.65819549560547,163.77960205078125,6.8757476806640625,102.07078552246094,183.85194396972656,40.814414978027344
2020-03-03,69.84286499023438,95.44950103759766,66.29811096191406,113.98818969726562,98.80598449707031,155.93141174316406,6.613580703735352,100.88409423828125,177.54286193847656,38.86003875732422
2020-03-04,73.08248138427734,98.79149627685547,68.47283935546875,120.62122344970703,101.2474136352539,161.6564483642578,7.076723575592041,106.28814697265625,185.72555541992188,39.708457946777344
2020-03-05,70.71192932128906,96.20149993896484,65.16021728515625,119.38539123535156,96.28009033203125,157.59963989257812,6.797645092010498,103.83800506591797,178.7186279296875,37.9586181640625
2020-03-06,69.77288055419922,95.05449676513672,64.21756744384766,119.4022216796875,91.30429077148438,153.1447296142578,6.617312431335449,103.86358642578125,176.23324584960938,36.125450134277344
2020-03-09,64.2543716430664,90.03050231933594,60.25519943237305,114.70282745361328,78.93665313720703,142.7657012939453,6.104919910430908,99.082763671875,163.58644104003906,31.70919418334961
2020-03-10,68.88208770751953,94.59100341796875,63.19811248779297,119.07433319091797,85.06977844238281,152.52857971191406,6.493938446044922,102.91596984863281,174.55084228515625,32.883331298828125
2020-03-11,66.48975372314453,91.04299926757812,60.012847900390625,110.8020248413086,81.06552124023438,145.61874389648438,6.13054084777832,95.26663970947266,165.3262176513672,31.80008888244629
2020-03-12,59.92359161376953,83.83049774169922,55.089012145996094,105.43006896972656,74.38327026367188,131.80853271484375,5.380358695983887,86.94286346435547,153.02357482910156,28.164066314697266
2020-03-13,67.1029281616211,89.25,60.17987060546875,112.89531707763672,87.78155517578125,150.547607421875,5.990503311157227,97.38386535644531,168.0792694091797,28.87611961364746
2020-03-16,58.4703369140625,84.4574966430664,53.17845153808594,106.87606048583984,74.6451644897461,128.3583526611328,4.885129451751709,92.62862396240234,145.30926513671875,26.126379013061523
2020-03-17,61.04128646850586,90.39199829101562,55.411651611328125,114.82890319824219,79.20699310302734,138.9269256591797,5.404237270355225,100.94386291503906,150.9300537109375,27.883787155151367
2020-03-18,59.547000885009766,91.5,54.07996368408203,113.45861053466797,70.86896514892578,133.07864379882812,5.0448174476623535,100.2694320678711,141.93490600585938,25.088592529296875
2020-03-19,59.09074783325195,94.04650115966797,55.0949592590332,106.80880737304688,72.06010437011719,135.26821899414062,5.297282695770264,94.6178207397461,145.53866577148438,26.080923080444336
2020-03-20,55.339351654052734,92.30449676513672,52.94105911254883,100.78950500488281,70.53948974609375,130.18772888183594,5.117696762084961,87.4465560913086,140.35763549804688,24.800745010375977
2020-03-23,54.1636962890625,95.1415023803711,52.243247985839844,93.43351745605469,66.76331329345703,128.88912963867188,5.290317535400391,83.40845489501953,129.75650024414062,23.823558807373047
2020-03-24,59.597694396972656,97.00499725341797,56.003902435302734,100.19261169433594,74.70429229736328,140.60459899902344,6.1979475021362305,88.16368865966797,147.7181854248047,26.846004486083984
2020-03-25,59.26939392089844,94.29199981689453,54.59687805175781,100.37755584716797,77.4920883178711,139.2586212158203,6.109398365020752,86.15743255615234,154.64862060546875,28.247392654418945
2020-03-26,62.388328552246094,97.77449798583984,57.63493347167969,106.40525817871094,82.8902359008789,147.96945190429688,6.3984270095825195,91.67247772216797,161.43563842773438,29.406373977661133
2020-03-27,59.805301666259766,95.00499725341797,55.02507781982422,103.53853607177734,76.98521423339844,141.8936767578125,6.286248683929443,94.0543441772461,154.4383087158203,27.989835739135742
2020-03-30,61.51201629638672,98.19750213623047,56.81173324584961,111.81925201416016,78.98735046386719,151.87460327148438,6.606119155883789,98.1778335571289,158.27154541015625,28.406465530395508
2020-03-31,61.38648986816406,97.48600006103516,57.58686828613281,110.23876953125,76.05593872070312,149.48599243164062,6.556621074676514,93.90921783447266,154.0177001953125,28.76249885559082
2020-04-01,58.156517028808594,95.38500213623047,54.62067413330078,108.28836822509766,71.26599884033203,144.1780242919922,6.045971393585205,93.33723449707031,146.3607940673828,28.42919921875
2020-04-02,59.12696075439453,95.94149780273438,55.3606071472168,111.93696594238281,73.92707824707031,147.16372680664062,6.354399681091309,97.66558074951172,150.4521026611328,30.603233337402344
2020-04-03,58.277225494384766,95.32949829101562,54.15479278564453,112.7944564819336,71.74198150634766,145.80833435058594,6.066863536834717,98.24612426757812,145.15631103515625,29.701801300048828
2020-04-06,63.36117172241211,99.87950134277344,58.63953399658203,117.49386596679688,76.3597412109375,156.6517791748047,6.6760125160217285,100.5767593383789,161.970947265625,30.65626335144043
2020-04-07,62.62730407714844,100.58000183105469,58.608306884765625,115.57710266113281,77.36695098876953,154.96458435058594,6.442948341369629,96.27401733398438,161.15838623046875,31.239545822143555
2020-04-08,64.23021697998047,102.1500015258789,59.81956481933594,120.43624877929688,80.49098205566406,156.51910400390625,6.639947414398193,98.26318359375,167.228515625,33.216636657714844
2020-04-09,64.69374084472656,102.13800048828125,59.79825210571289,118.72966003417969,87.71212768554688,156.52854919433594,6.540452480316162,97.88755798339844,166.03359985351562,32.671226501464844
2020-04-13,65.9635009765625,108.44349670410156,59.98856735229492,117.50227355957031,83.81133270263672,156.87924194335938,6.712079048156738,98.98885345458984,161.5408172607422,32.39094924926758
2020-04-14,69.29485321044922,114.16600036621094,62.705474853515625,122.76495361328125,81.5152587890625,164.64219665527344,7.062793254852295,103.26600646972656,166.92259216308594,32.14097595214844
2020-04-15,68.66239929199219,115.38400268554688,62.312461853027344,124.13529205322266,77.4949951171875,162.9170684814453,6.985438346862793,103.48795318603516,158.6443634033203,30.66383171081543
2020-04-16,69.20797729492188,120.40950012207031,62.318904876708984,125.82501983642578,74.54165649414062,167.80799865722656,7.330183506011963,103.72700500488281,155.2604217529297,29.656360626220703
2020-04-17,68.2689208984375,118.75,63.3879280090332,127.80066680908203,81.24211883544922,169.28665161132812,7.270984649658203,106.45037078857422,162.06655883789062,32.73940658569336
2020-04-20,66.85189056396484,119.68049621582031,62.503265380859375,127.50642395019531,78.28023529052734,165.9312744140625,7.139901638031006,102.95864868164062,156.98104858398438,31.194091796875
2020-04-21,64.78543090820312,116.40599822998047,60.07530212402344,125.83345031738281,76.00977325439453,159.06883239746094,6.703622341156006,102.17323303222656,153.45372009277344,31.02743911743164
2020-04-22,66.65150451660156,118.17449951171875,62.36748123168945,128.6161346435547,76.25731658935547,164.47158813476562,7.1175150871276855,101.9342041015625,159.2466278076172,31.913724899291992
2020-04-23,66.39320373535156,119.97250366210938,62.99986267089844,130.734619140625,76.29998779296875,162.48109436035156,7.064286231994629,102.6139907836914,159.0458526611328,32.91362762451172
2020-04-24,68.30994415283203,120.51100158691406,63.268985748291016,130.1881866455078,77.42671203613281,165.4478759765625,7.2030792236328125,102.08113861083984,159.94439697265625,33.12572479248047
2020-04-27,68.35823822021484,118.80000305175781,62.9844970703125,129.708984375,80.7641372680664,164.9739532470703,7.389381408691406,100.9381332397461,164.1886749267578,33.28480529785156
2020-04-28,67.25020599365234,115.7040023803711,61.087825775146484,127.2710189819336,81.33599853515625,160.9550323486328,7.247105598449707,100.45685577392578,163.70114135742188,34.065040588378906
2020-04-29,69.45903015136719,118.635498046875,66.51915740966797,126.3042221069336,83.52967834472656,168.1776885986328,7.423707962036133,100.62016296386719,173.77655029296875,35.95122528076172
2020-04-30,70.9243392944336,123.69999694824219,66.7431640625,126.13610076904297,81.73716735839844,169.86485290527344,7.269988536834717,101.2990951538086,170.84188842773438,35.201297760009766
2020-05-01,69.78250122070312,114.302001953125,65.28707122802734,124.66490173339844,79.59474182128906,165.4668426513672,7.033693790435791,100.3967056274414,167.8307342529297,32.67880630493164
2020-05-04,70.76985168457031,115.79949951171875,65.56364440917969,124.64810180664062,78.64727783203125,169.51412963867188,7.245364665985107,99.49431610107422,168.38514709472656,33.996864318847656
2020-05-05,71.83203887939453,115.88999938964844,66.858154296875,125.68211364746094,78.52778625488281,171.33401489257812,7.306304931640625,99.70056915283203,170.57424926757812,33.958980560302734
2020-05-06,72.57315063476562,117.56300354003906,66.68022918701172,124.48834228515625,77.05110931396484,173.02120971679688,7.407041072845459,97.19967651367188,170.8992156982422,33.322689056396484
2020-05-07,73.32388305664062,118.38050079345703,67.86224365234375,124.0764389038086,77.85348510742188,174.0259552001953,7.583144187927246,96.40042114257812,174.66555786132812,33.51205825805664
2020-05-08,75.06912994384766,118.98049926757812,68.608642578125,125.00955200195312,79.12528228759766,175.0496063232422,7.772928714752197,99.64900970458984,176.93109130859375,34.98162078857422
2020-05-11,76.25037384033203,120.44999694824219,69.56266021728516,125.35425567626953,76.79505920410156,177.00222778320312,8.024648666381836,99.09899139404297,175.46849060058594,34.648319244384766
2020-05-12,75.37896728515625,117.84750366210938,68.1546630859375,123.69810485839844,74.28556823730469,172.99276733398438,7.762979984283447,98.44584655761719,171.55880737304688,34.06916809082031
2020-05-13,74.46884155273438,118.39600372314453,66.82395935058594,123.68972778320312,71.72488403320312,170.37673950195312,7.740593910217285,97.90441131591797,169.56719970703125,32.37806701660156
2020-05-14,74.92632293701172,119.44249725341797,67.24671173095703,124.11845397949219,74.7038345336914,171.11605834960938,7.989824295043945,97.80984497070312,173.21534729003906,32.66377258300781
2020-05-15,74.48335266113281,120.48899841308594,68.0495834350586,126.47235107421875,73.3210678100586,173.6088409423828,8.447742462158203,98.49739837646484,175.69529724121094,32.4321174621582
2020-05-18,76.23826599121094,121.31300354003906,68.65026092529297,126.53961181640625,77.20475006103516,175.2676239013672,8.705926895141602,99.87245178222656,183.25015258789062,35.01124572753906
2020-05-19,75.79771423339844,122.46649932861328,68.11600494384766,125.27857208251953,75.68541717529297,174.05438232421875,8.760899543762207,96.63249206542969,181.3159637451172,33.93018341064453
2020-05-20,77.27183532714844,124.89700317382812,69.83873748779297,124.15206146240234,77.95589447021484,176.4686279296875,8.924564361572266,97.3543701171875,185.6248016357422,35.03440856933594
2020-05-21,76.69576263427734,122.33699798583984,69.71929931640625,123.33658599853516,76.96577453613281,174.3490447998047,8.730801582336426,95.92778015136719,182.52244567871094,34.408935546875
2020-05-22,77.1895523071289,121.84400177001953,70.04093170166016,122.21076965332031,76.36827087402344,174.42503356933594,8.98052978515625,96.76998138427734,182.75221252441406,34.439823150634766
2020-05-26,76.66671752929688,121.09300231933594,70.44385528564453,122.37156677246094,81.78842163085938,172.5811004638672,8.673592567443848,96.28010559082031,185.01197814941406,35.45139694213867
2020-05-27,77.000732421875,120.51950073242188,70.38983154296875,122.65091705322266,86.52568817138672,172.8092041015625,8.482068061828613,97.87861633300781,184.6289825439453,35.70623016357422
2020-05-28,77.03462982177734,120.05500030517578,70.28873443603516,124.41168212890625,85.23678588867188,172.4195098876953,8.444011688232422,99.7435302734375,186.00778198242188,34.779598236083984
2020-05-29,76.95960235595703,122.11849975585938,71.0460205078125,125.91849517822266,83.06021118164062,174.17794799804688,8.83054256439209,99.62322235107422,186.9461212158203,35.111637115478516
2020-06-01,77.9060287475586,123.552001953125,71.11293029785156,124.59793090820312,84.16131591796875,173.7787322998047,8.76164436340332,100.76625061035156,186.09393310546875,35.73710632324219
2020-06-02,78.26669311523438,123.62049865722656,71.48165893554688,125.49522399902344,84.44298553466797,175.75579833984375,8.780549049377441,101.4623794555664,188.01853942871094,36.532470703125
2020-06-03,78.69757080078125,123.91999816894531,71.33000183105469,125.83380126953125,89.00099182128906,176.18348693847656,8.725080490112305,101.86629486083984,188.5069122314453,38.022804260253906
2020-06-04,78.0197982788086,123.02999877929688,70.09346771240234,124.2085189819336,90.85325622558594,173.86424255371094,8.72607707977295,99.73494720458984,185.4141082763672,37.91468811035156
2020-06-05,80.24188995361328,124.1500015258789,71.3681640625,124.69104766845703,94.94181060791016,177.93238830566406,8.878870964050293,101.69441986083984,191.13052368164062,40.98801803588867
2020-06-08,80.71630859375,126.2030029296875,71.76564025878906,124.24238586425781,96.83671569824219,179.03497314453125,8.764398574829102,102.31319427490234,191.12098693847656,42.269866943359375
2020-06-09,83.26519012451172,130.04299926757812,71.96586608886719,123.5567398071289,94.35286712646484,180.4036865234375,9.00428581237793,101.70301818847656,190.623046875,41.327789306640625
2020-06-10,85.4073715209961,132.37249755859375,72.59132385253906,125.11431121826172,90.52887725830078,187.09515380859375,9.323561668395996,102.4678955078125,191.9635467529297,39.111610412597656
2020-06-11,81.30694580078125,127.89800262451172,69.47891235351562,119.24796295166016,82.974853515625,177.04843139648438,8.75568962097168,99.91544342041016,180.8563232421875,35.659889221191406
2020-06-12,82.00889587402344,127.2509994506836,70.02507781982422,120.33150482177734,85.24533081054688,178.44564819335938,8.891312599182129,99.36540222167969,184.09275817871094,36.424354553222656
2020-06-15,83.02313232421875,128.63400268554688,70.41263580322266,119.56964874267578,86.42324829101562,179.5862274169922,9.131449699401855,100.28498840332031,183.61399841308594,36.40119552612305
2020-06-16,85.22340393066406,130.7635040283203,71.68783569335938,122.28694915771484,87.1146240234375,183.9870147705078,9.026681900024414,101.52254486083984,184.68641662597656,37.2197151184082
2020-06-17,85.10482788085938,132.0489959716797,71.98865509033203,121.91448974609375,84.91242218017578,184.62384033203125,9.193411827087402,101.35063934326172,185.3375244140625,36.00737380981445
2020-06-18,85.13871002197266,132.69900512695312,71.07575988769531,121.39811706542969,84.45153045654297,186.60086059570312,9.175495147705078,102.51087188720703,185.67266845703125,36.23131561279297
2020-06-19,84.65215301513672,133.75050354003906,70.6059341430664,121.75364685058594,83.4869613647461,185.4888153076172,9.218545913696289,102.20146942138672,184.0353240966797,35.50544738769531
2020-06-22,86.86699676513672,135.6909942626953,71.8954849243164,121.38118743896484,82.58221435546875,190.6405029296875,9.482820510864258,101.19597625732422,186.6780242919922,35.84521484375
2020-06-23,88.72115325927734,138.2205047607422,72.55563354492188,120.93254852294922,83.58941650390625,191.91415405273438,9.406426429748535,101.17876434326172,189.5601806640625,36.061431884765625
2020-06-24,87.15504455566406,136.72000122070312,71.00538635253906,118.359130859375,80.79826354980469,188.04563903808594,9.192914009094238,100.05294036865234,183.27886962890625,34.362606048583984
2020-06-25,88.31208801269531,137.72900390625,71.42169189453125,118.2321548461914,83.61502075195312,190.42184448242188,9.44623851776123,101.31626892089844,185.7396697998047,34.879974365234375
2020-06-26,85.5986328125,134.64349365234375,67.5282211303711,116.65763854980469,79.03138732910156,186.61036682128906,9.112784385681152,99.0302505493164,181.2298583984375,33.683074951171875
2020-06-29,87.57137298583984,134.0189971923828,69.2445068359375,117.69881439208984,79.38134002685547,188.61590576171875,9.157577514648438,101.11862182617188,183.25015258789062,34.223602294921875
2020-06-30,88.3023681640625,137.9409942626953,70.27932739257812,119.04481506347656,80.28614044189453,193.4349365234375,9.453957557678223,102.76009368896484,184.964111328125,34.53248977661133
2020-07-01,88.13536071777344,143.93499755859375,71.4662857055664,118.83317565917969,79.60327911376953,194.56597900390625,9.486059188842773,103.1124496459961,185.54818725585938,33.7525749206543
2020-07-02,88.13536071777344,144.51499938964844,72.85052490234375,119.33263397216797,79.86185455322266,196.0487823486328,9.567926406860352,103.88592529296875,187.35791015625,34.03828811645508
2020-07-06,90.49301147460938,152.8520050048828,74.3234634399414,121.03407287597656,81.87865447998047,200.26895141601562,9.7938814163208,104.53047943115234,189.35911560058594,34.27766418457031
2020-07-07,90.21220397949219,150.00599670410156,73.84123992919922,120.924072265625,79.56879425048828,197.94024658203125,9.8262300491333,105.03752899169922,185.9503173828125,33.389644622802734
2020-07-08,92.31327056884766,154.0554962158203,74.51921844482422,121.27962493896484,80.41344451904297,202.2935791015625,10.16889476776123,105.61333465576172,186.7834014892578,33.31242370605469
2020-07-09,92.71025085449219,159.13150024414062,75.2656021118164,120.61931610107422,78.67245483398438,203.70977783203125,10.460540771484375,105.2610092163086,184.04489135742188,31.93791961669922
2020-07-10,92.87242126464844,160.0,76.27415466308594,120.51776123046875,82.9732437133789,203.0919647216797,10.430931091308594,106.4727554321289,184.37045288085938,32.93405532836914
2020-07-13,92.44397735595703,155.1999969482422,74.94692993164062,122.92183685302734,84.16264343261719,196.81874084472656,10.005899429321289,106.6102523803711,180.99038696289062,32.9417724609375
2020-07-14,93.9737777709961,154.1999969482422,75.3746337890625,125.21585845947266,84.6452865600586,198.0353546142578,10.32915210723877,107.50404357910156,185.11727905273438,34.03055953979492
2020-07-15,94.62006378173828,150.44349670410156,75.1773910522461,125.503662109375,85.95535278320312,197.7406768798828,10.18009090423584,106.9969711303711,188.2004852294922,34.46299362182617
2020-07-16,93.45576477050781,149.9949951171875,75.08025360107422,126.34176635742188,86.1966781616211,193.8246612548828,10.088018417358398,107.22042846679688,185.2800750732422,34.192726135253906
2020-07-17,93.26697540283203,148.09849548339844,75.17589569091797,126.42638397216797,84.6021957397461,192.8361053466797,10.154459953308105,107.96814727783203,186.80252075195312,33.605865478515625
2020-07-20,95.23247528076172,159.8419952392578,77.50475311279297,126.63799285888672,83.86096954345703,201.12440490722656,10.462284088134766,107.63294982910156,190.03895568847656,32.81822204589844
2020-07-21,93.91810607910156,156.9145050048828,77.11222839355469,126.75653076171875,85.67953491210938,198.41551208496094,10.280874252319336,107.48686218261719,188.1334686279297,34.478431701660156
2020-07-22,94.18193817138672,154.99549865722656,77.5548095703125,126.98506164550781,85.0589828491211,201.26699829101562,10.390617370605469,108.40644836425781,190.41236877441406,33.67535400390625
2020-07-23,89.89512634277344,149.32749938964844,75.17094421386719,126.6465072631836,85.3089370727539,192.51292419433594,10.08304214477539,109.10781860351562,189.04312133789062,33.74485778808594
2020-07-24,89.67242431640625,150.44549560546875,74.74771118164062,125.38516998291016,84.70561218261719,191.33436584472656,10.147492408752441,108.93486022949219,186.85997009277344,33.53636169433594
2020-07-27,91.79767608642578,152.760498046875,75.79936218261719,124.58943939208984,83.51622772216797,193.75807189941406,10.373446464538574,109.24618530273438,188.54522705078125,34.03055953979492
2020-07-28,90.28968811035156,150.01649475097656,74.52169799804688,124.2931900024414,83.8781967163086,192.01870727539062,10.168397903442383,110.5953369140625,188.3824462890625,33.629024505615234
2020-07-29,92.0203628540039,151.67649841308594,75.50597381591797,124.04767608642578,85.91223907470703,193.9577178955078,10.417242050170898,110.96722412109375,190.14430236816406,33.999671936035156
2020-07-30,93.13385009765625,152.593994140625,76.24244689941406,124.3016128540039,83.61963653564453,193.80564880371094,10.565056800842285,113.6568603515625,185.8162384033203,32.33173370361328
2020-07-31,102.8839111328125,158.23399353027344,73.74359130859375,123.38736724853516,83.29215240478516,194.8606414794922,10.565805435180664,113.39741516113281,182.3118133544922,32.493900299072266
2020-08-03,105.476318359375,155.59449768066406,73.48638153076172,124.73336791992188,82.82672119140625,205.81983947753906,10.959479331970215,113.54442596435547,182.58949279785156,32.62517166137695
2020-08-04,106.18074035644531,156.94149780273438,73.01752471923828,124.62330627441406,82.35269165039062,202.73072814941406,11.175978660583496,115.7065200805664,184.12149047851562,33.5672492980957
2020-08-05,106.56555938720703,160.25149536132812,73.30448913574219,125.6221923828125,83.78340911865234,202.39808654785156,11.234708786010742,115.40383911132812,187.76962280273438,33.860679626464844
2020-08-06,110.28356170654297,161.25,74.58612823486328,124.90264892578125,83.80925750732422,205.63925170898438,11.283233642578125,114.77251434326172,190.32623291015625,33.698509216308594
2020-08-07,107.77618408203125,158.3730010986328,74.26002502441406,125.79149627685547,85.6536865234375,201.9608612060547,11.147857666015625,115.49895477294922,188.01853942871094,33.54407501220703
2020-08-10,109.34269714355469,157.4080047607422,74.18319702148438,125.30896759033203,86.7396469116211,197.94024658203125,11.113518714904785,115.97463989257812,188.43031311035156,34.370330810546875
2020-08-11,106.09087371826172,154.0334930419922,73.37635040283203,124.41168212890625,89.48043823242188,193.31138610839844,10.799972534179688,115.22220611572266,189.3686981201172,34.72554016113281
2020-08-12,109.6167221069336,158.11199951171875,74.69961547851562,126.68878173828125,88.72196960449219,198.83375549316406,11.387499809265137,117.15079498291016,190.2974853515625,34.717655181884766
2020-08-13,111.55667114257812,158.05099487304688,75.1659927368164,125.28357696533203,88.23069763183594,198.3679962158203,11.390233039855957,117.42754364013672,189.47274780273438,33.86724853515625
2020-08-14,111.45726013183594,157.4010009765625,74.57026672363281,125.48677062988281,88.26517486572266,198.55809020996094,11.5106782913208,116.83946990966797,188.57135009765625,34.016845703125
2020-08-17,111.166259765625,159.12049865722656,75.14566040039062,126.12165832519531,85.93809509277344,199.8697967529297,12.280115127563477,117.18541717529297,191.246826171875,33.575889587402344
2020-08-18,112.09256744384766,165.62449645996094,77.10528564453125,127.05281066894531,84.74008178710938,201.01992797851562,12.204214096069336,118.05887603759766,190.84410095214844,33.41054153442383
2020-08-19,112.23322296142578,163.0240020751953,76.55169677734375,127.30677032470703,84.9383316040039,199.80026245117188,12.082530975341797,117.41890716552734,192.7428436279297,33.04044723510742
2020-08-20,114.72364044189453,164.86849975585938,78.11978149414062,128.17864990234375,83.92131042480469,204.449951171875,12.085016250610352,118.35292053222656,195.7731475830078,32.53648376464844
2020-08-21,120.63562774658203,164.23599243164062,78.08609008789062,129.31298828125,83.8781967163086,202.9635772705078,12.625015258789062,118.86319732666016,195.7540283203125,32.29238510131836
2020-08-24,122.07845306396484,165.3730010986328,78.56087493896484,129.65386962890625,86.2397689819336,203.6019287109375,12.661596298217773,119.78852081298828,197.94046020507812,33.24517059326172
2020-08-25,121.07696533203125,167.32449340820312,79.58677673339844,129.5771484375,86.61897277832031,206.2506866455078,12.69120979309082,120.26420593261719,199.5611572265625,32.19001388549805
2020-08-26,122.7234878540039,172.09249877929688,81.48397064208984,129.78167724609375,85.40372467041016,210.7097930908203,12.714102745056152,119.68477630615234,201.6324462890625,31.504962921142578
2020-08-27,121.25640869140625,170.0,80.7103271484375,130.36111450195312,88.21346282958984,215.88343811035156,12.570021629333496,119.52908325195312,202.37086486816406,31.2923526763916
2020-08-28,121.05997467041016,170.08999633789062,81.25102233886719,130.9235076904297,88.57545471191406,218.10342407226562,13.087124824523926,120.0134048461914,206.85887145996094,32.0404052734375
2020-08-31,125.1654052734375,172.54800415039062,80.7603759765625,130.72755432128906,86.35177612304688,214.88299560546875,13.312829971313477,119.63287353515625,203.29151916503906,31.44983673095703
2020-09-01,130.1510467529297,174.95599365234375,82.02664947509766,129.11700439453125,86.30870056152344,216.54083251953125,13.761388778686523,119.50318145751953,204.59567260742188,31.048254013061523
2020-09-02,127.45455932617188,176.57249450683594,85.11476135253906,131.08544921875,87.61014556884766,220.7140655517578,14.284619331359863,121.51822662353516,207.59722900390625,30.859264373779297
2020-09-03,117.25041198730469,168.39999389648438,80.75938415527344,127.43824768066406,87.3343505859375,207.0414581298828,12.959360122680664,119.57233428955078,200.3858184814453,30.796279907226562
2020-09-04,117.32801818847656,164.7310028076172,78.36561584472656,126.6202163696289,89.22186279296875,204.135498046875,12.5680570602417,119.31291961669922,196.26226806640625,30.772655487060547
2020-09-08,109.43243408203125,157.49200439453125,75.51043701171875,125.48686218261719,86.11910247802734,193.09263610839844,11.861615180969238,117.56591796875,191.90853881835938,30.06397819519043
2020-09-09,113.79732513427734,163.4304962158203,76.68156433105469,127.56608581542969,86.9378890991211,201.31520080566406,12.660158157348633,119.47721862792969,195.68685913085938,29.882858276367188
2020-09-10,110.0822982788086,158.7554931640625,75.63185119628906,125.18860626220703,86.0415267944336,195.67469787597656,12.258647918701172,118.22318267822266,193.2703094482422,29.13479995727539
2020-09-11,108.63703155517578,155.81100463867188,75.12187194824219,125.92996215820312,87.1102523803711,194.39797973632812,12.112032890319824,119.46856689453125,192.445556640625,29.056068420410156
2020-09-14,111.8961410522461,155.14849853515625,74.77841186523438,126.41572570800781,88.31690216064453,195.7128143310547,12.816729545593262,119.8923568725586,196.56912231445312,28.867080688476562
2020-09-15,112.07073974609375,157.80650329589844,76.08136749267578,126.87581634521484,85.56752014160156,198.92372131347656,12.934967041015625,119.8923568725586,196.9623260498047,28.559986114501953
2020-09-16,108.76314544677734,153.90499877929688,74.93998718261719,126.45829010009766,85.92948913574219,195.36981201171875,12.46052360534668,119.08804321289062,196.71298217773438,29.77261734008789
2020-09-17,107.02690124511719,150.43649291992188,73.69849395751953,125.41017150878906,84.94693756103516,193.33084106445312,12.409740447998047,118.93234252929688,196.84722900390625,29.764739990234375
2020-09-18,103.63199615478516,147.74549865722656,71.91680145263672,127.12296295166016,84.76595306396484,190.92982482910156,12.136675834655762,118.80264282226562,194.2963409423828,29.284414291381836
2020-09-21,106.77468872070312,148.02349853515625,70.8785171508789,123.64620208740234,82.14582824707031,192.97830200195312,12.463262557983398,118.23186492919922,189.34808349609375,28.685977935791016
2020-09-22,108.45274353027344,156.44949340820312,72.34945678710938,122.88780212402344,81.24948120117188,197.62794494628906,12.583240509033203,119.31291961669922,192.33045959472656,27.977283477783203
2020-09-23,103.90357208251953,149.9929962158203,69.8501205444336,123.08382415771484,79.9307861328125,191.12034606933594,12.071455955505371,117.88592529296875,187.35342407226562,27.07961654663086
2020-09-24,104.9705581665039,150.989501953125,70.51770782470703,123.27980041503906,79.86185455322266,193.59762573242188,12.294742584228516,118.4134521484375,187.49729919433594,27.024499893188477
2020-09-25,108.90863800048828,154.75650024414062,71.32059478759766,124.12342834472656,80.5599594116211,198.00909423828125,12.818222999572754,119.0188217163086,189.15631103515625,27.276473999023438
2020-09-28,111.5081787109375,158.70249938964844,72.2919692993164,125.35899353027344,82.87841796875,199.5526123046875,12.978777885437012,119.35613250732422,192.100341796875,27.804052352905273
2020-09-29,110.6642837524414,157.24400329589844,72.65674591064453,125.31645202636719,82.18028259277344,197.4754638671875,13.168704986572266,118.70752716064453,191.25643920898438,26.99300193786621
2020-09-30,112.33264923095703,157.43649291992188,72.63591003417969,126.86736297607422,82.9732437133789,200.40054321289062,13.47214126586914,120.20365905761719,191.7646942138672,27.032377243041992
2020-10-01,113.2832260131836,161.06300354003906,73.74112701416016,125.53799438476562,83.57657623291016,202.43003845214844,13.555776596069336,120.4198989868164,195.0060272216797,26.087461471557617
2020-10-02,109.62641143798828,156.25,72.14031219482422,124.61771392822266,84.36946868896484,196.4560089111328,13.005910873413086,119.45127868652344,193.19357299804688,25.969345092773438
2020-10-05,113.00190734863281,159.9600067138672,73.4898452758789,126.31344604492188,86.15272521972656,200.44821166992188,13.583656311035156,120.54962921142578,195.18820190429688,26.567794799804688
2020-10-06,109.76221466064453,154.9980010986328,71.91332244873047,124.63471221923828,85.26543426513672,196.18927001953125,13.677252769470215,120.7398910522461,192.22500610351562,26.292186737060547
2020-10-07,111.62458038330078,159.7845001220703,72.31576538085938,126.01515197753906,86.7529525756836,199.92417907714844,13.903767585754395,121.6825180053711,194.162109375,26.378812789916992
2020-10-08,111.51787567138672,159.52749633789062,73.51958465576172,126.87581634521484,88.53620147705078,200.6387481689453,13.779058456420898,122.50416564941406,194.6511688232422,27.764673233032227
2020-10-09,113.45781707763672,164.33250427246094,74.85871124267578,128.6483154296875,88.03166961669922,205.62185668945312,13.703386306762695,123.6025161743164,198.1610107421875,27.3552188873291
2020-10-12,120.66471099853516,172.14649963378906,77.54190826416016,129.38963317871094,89.11030578613281,210.94798278808594,14.16463851928711,124.96025848388672,197.9308319091797,27.26860809326172
2020-10-13,117.46379852294922,172.18150329589844,77.66483306884766,126.42422485351562,87.66632080078125,212.3390655517578,14.186795234680176,124.7181167602539,195.9362030029297,26.945756912231445
2020-10-14,117.55110931396484,168.1855010986328,77.48490905761719,126.20269012451172,87.17918395996094,210.4334259033203,14.034455299377441,124.57109832763672,193.9031982421875,26.89063835144043
2020-10-15,117.08552551269531,166.9324951171875,77.08992767333984,125.42717742919922,88.4840087890625,209.29013061523438,13.909743309020996,124.3895034790039,191.36190795898438,27.12686538696289
2020-10-16,115.44624328613281,163.635498046875,77.69605255126953,126.20269012451172,88.30133819580078,209.29013061523438,13.751925468444824,124.87383270263672,192.0428009033203,26.85126304626465
2020-10-19,112.49755096435547,160.36050415039062,75.82514190673828,122.9815444946289,86.81383514404297,204.10693359375,13.439530372619629,122.72901153564453,188.88778686523438,26.315814971923828
2020-10-20,113.98160552978516,160.85049438476562,76.87235260009766,123.17750549316406,87.30968475341797,204.5166015625,13.586644172668457,123.22196197509766,189.58786010742188,26.536293029785156
2020-10-21,113.36083221435547,159.2469940185547,78.60252380371094,122.64921569824219,86.4397964477539,204.6595458984375,13.466412544250488,123.88787841796875,190.28787231445312,26.111087799072266
2020-10-22,112.27445220947266,158.82000732421875,79.62692260742188,123.62920379638672,89.4930648803711,204.74525451660156,13.303369522094727,123.01041412353516,189.8659210205078,27.44971466064453
2020-10-23,111.58576202392578,160.22000122070312,80.9313735961914,123.7655029296875,90.30206298828125,206.02200317382812,13.531631469726562,123.8192138671875,189.88511657714844,26.898509979248047
2020-10-26,111.59546661376953,160.3520050048828,78.51825714111328,122.68331909179688,88.06648254394531,200.162353515625,13.084568977355957,122.87995147705078,185.14781188964844,26.26068687438965
2020-10-27,113.09892272949219,164.31649780273438,79.24134063720703,121.98452758789062,86.4050064086914,203.18270874023438,13.338966369628906,123.80179595947266,182.2613525390625,25.84335708618164
2020-10-28,107.86106872558594,158.13900756835938,74.87605285644531,117.90275573730469,83.97802734375,193.11170959472656,12.572537422180176,119.7145004272461,173.44837951660156,24.859073638916016
2020-10-29,111.85735321044922,160.55050659179688,77.15980529785156,116.90576171875,84.52606964111328,195.05538940429688,12.967825889587402,119.6362075805664,177.28428649902344,25.961471557617188
2020-10-30,105.5913314819336,151.8074951171875,80.09527587890625,116.83760070800781,85.28287506103516,192.91162109375,12.479939460754395,119.2275161743164,174.2539520263672,25.685874938964844
2020-11-02,105.5040054321289,150.2239990234375,80.5021743774414,118.18399047851562,87.20529174804688,192.7782440185547,12.526487350463867,120.44499206542969,177.15963745117188,26.7646484375
2020-11-03,107.1239013671875,152.42050170898438,81.55977630615234,118.0220718383789,89.95410919189453,196.6846466064453,12.963342666625977,122.81040954589844,180.6118927001953,26.307939529418945
2020-11-04,111.49845886230469,162.05799865722656,86.5252685546875,118.78898620605469,87.20529174804688,206.17445373535156,13.734753608703613,122.30602264404297,186.0109100341797,26.16620445251465
2020-11-05,115.45596313476562,166.10000610351562,87.35043334960938,119.09574890136719,90.77179718017578,212.7487030029297,14.098923683166504,123.8192138671875,189.53028869628906,26.118955612182617
2020-11-06,115.3248062133789,165.56849670410156,87.21316528320312,121.21762084960938,89.56265258789062,213.15843200683594,14.499194145202637,124.5583724975586,190.32626342773438,25.811859130859375
2020-11-09,113.02198791503906,157.18699645996094,87.29692077636719,124.48131561279297,101.68875885009766,208.08004760742188,13.571959495544434,120.00145721435547,203.9531707763672,29.07968521118164
2020-11-10,112.68191528320312,151.75100708007812,86.12232971191406,126.35602569580078,101.35820007324219,201.0484619140625,12.714921951293945,121.97554779052734,204.5572967529297,29.724821090698242
2020-11-11,116.10210418701172,156.8695068359375,86.59366607666016,125.9469985961914,99.84461212158203,206.326904296875,13.360124588012695,123.54959106445312,203.9723358154297,29.418380737304688
2020-11-12,115.8300552368164,155.51400756835938,86.37509155273438,126.3730697631836,98.61808776855469,205.26931762695312,13.39870834350586,123.61917877197266,200.01544189453125,28.410350799560547
2020-11-13,115.87865447998047,156.4405059814453,87.83414459228516,127.73648834228516,99.23570251464844,206.288818359375,13.239645004272461,125.47151184082031,202.14752197265625,29.09581756591797
2020-11-16,116.88914489746094,156.55299377441406,87.92188262939453,128.54603576660156,102.03671264648438,206.9747772216797,13.456955909729004,123.86267852783203,204.27969360351562,30.773181915283203
2020-11-17,116.00492858886719,156.7830047607422,87.3088150024414,127.267822265625,101.00154113769531,204.3356170654297,13.364357948303223,123.38436889648438,202.3684539794922,31.184446334838867
2020-11-18,114.68348693847656,155.2729949951172,86.26705169677734,125.58057403564453,100.25347900390625,201.6417236328125,13.370827674865723,121.48857879638672,199.60247802734375,30.007070541381836
2020-11-19,115.27622985839844,155.8509979248047,87.15565490722656,125.38459777832031,100.52312469482422,202.9217987060547,13.382279396057129,121.3407211303711,199.35276794433594,30.16029167175293
2020-11-20,114.01306915283203,154.97000122070312,86.05592346191406,124.71990966796875,99.66193389892578,200.98255920410156,13.031301498413086,121.14068603515625,195.80885314941406,29.78934097290039
2020-11-23,110.62202453613281,154.91949462890625,85.6187973022461,123.45002746582031,102.53253173828125,200.7150115966797,13.083324432373047,120.67110443115234,199.91940307617188,31.740886688232422
2020-11-24,111.90460205078125,155.9029998779297,87.41983795166016,123.45002746582031,107.27336883544922,204.29739379882812,12.901863098144531,120.27974700927734,201.37925720214844,33.85371780395508
2020-11-25,112.7402114868164,159.2534942626953,87.43122863769531,123.28695678710938,106.1512451171875,204.30691528320312,13.177664756774902,120.60150909423828,202.54129028320312,32.91020584106445
2020-11-27,113.28430938720703,159.76699829101562,88.56566619873047,123.56155395507812,105.44664001464844,205.60610961914062,13.20405101776123,120.5406494140625,202.64698791503906,32.410221099853516
2020-11-30,115.6745834350586,158.40199279785156,86.94900512695312,124.1449966430664,102.5412368774414,204.49801635742188,13.343693733215332,120.76673126220703,202.022705078125,30.748985290527344
2020-12-01,119.24052429199219,161.00399780273438,88.97900390625,126.52186584472656,104.15921020507812,206.5422821044922,13.332245826721191,121.20157623291016,202.83908081054688,31.047359466552734
2020-12-02,119.59032440185547,160.17649841308594,90.44647979736328,127.1139144897461,106.15992736816406,205.73985290527344,13.486083030700684,120.32324981689453,201.8594512939453,32.20861053466797
2020-12-03,119.45429229736328,159.3365020751953,90.29136657714844,127.85188293457031,105.4640121459961,204.66038513183594,13.342159271240234,119.43619537353516,199.8137664794922,32.42634582519531
2020-12-04,118.78385925292969,158.12899780273438,90.38652801513672,128.9416046142578,106.4208984375,204.7750244140625,13.503758430480957,119.54926300048828,204.260498046875,33.61178970336914
2020-12-07,120.24131774902344,157.89999389648438,90.05298614501953,127.82615661621094,106.02074432373047,204.70814514160156,13.552061080932617,119.7319107055664,204.23167419433594,32.98278045654297
2020-12-08,120.85346221923828,158.864501953125,89.77047729492188,130.0399169921875,106.12511444091797,206.35125732421875,13.296346664428711,120.05366516113281,204.34690856933594,34.06339645385742
2020-12-09,118.3271713256836,155.2100067138672,88.1116943359375,131.36993408203125,105.29874420166016,202.3295135498047,12.87878131866455,118.62744140625,201.28321838378906,34.51498794555664
2020-12-10,119.74578857421875,155.07449340820312,87.60567474365234,130.6405487060547,104.62024688720703,201.10675048828125,12.920113563537598,117.84477996826172,199.39120483398438,35.49076843261719
2020-12-11,118.93932342529297,155.8209991455078,87.96005249023438,131.24119567871094,104.00262451171875,203.7242431640625,12.960949897766113,118.71440124511719,198.07542419433594,35.3214111328125
2020-12-14,118.3271713256836,157.84849548339844,86.84294128417969,127.91193389892578,102.90660095214844,204.62217712402344,13.255261421203613,118.14045715332031,199.04542541503906,34.04725646972656
2020-12-15,124.25421905517578,158.25599670410156,87.28008270263672,129.1990203857422,104.66373443603516,204.55532836914062,13.306803703308105,118.83612823486328,200.1114959716797,34.708534240722656
2020-12-16,124.18621063232422,162.04800415039062,87.08727264404297,128.42677307128906,104.96818542480469,209.47503662109375,13.189277648925781,119.3753433227539,200.02505493164062,35.240779876708984
2020-12-17,125.05095672607422,161.8040008544922,86.2605972290039,131.81613159179688,104.09832763671875,209.60874938964844,13.287630081176758,120.22758483886719,202.81985473632812,35.0633544921875
2020-12-18,123.0688247680664,160.08250427246094,85.55239868164062,132.57981872558594,103.5851058959961,208.81591796875,13.218660354614258,120.91458129882812,202.94471740722656,34.45853805541992
2020-12-21,124.59430694580078,160.3090057373047,85.96571350097656,131.30133056640625,107.47344970703125,212.6370086669922,13.278665542602539,119.59273529052734,200.73574829101562,33.82952880859375
2020-12-22,128.14083862304688,160.3260040283203,85.25502014160156,131.0438690185547,105.83807373046875,213.92666625976562,13.224882125854492,118.74915313720703,197.69125366210938,33.2569694519043
2020-12-23,127.2469253540039,159.2635040283203,85.65200805664062,130.37454223632812,108.79566192626953,211.13719177246094,12.956964492797852,118.56655883789062,197.17263793945312,33.68437194824219
2020-12-24,128.228271484375,158.63450622558594,85.9458999633789,130.829345703125,108.31720733642578,212.7898712158203,12.941527366638184,119.76667022705078,200.43800354003906,33.54728317260742
2020-12-28,132.81442260742188,164.197998046875,87.91840362548828,131.44715881347656,109.03052520751953,214.90106201171875,12.848154067993164,120.60150909423828,204.2124786376953,33.66018295288086
2020-12-29,131.04603576660156,166.10000610351562,87.11553955078125,132.26234436035156,108.74346160888672,214.1272430419922,12.891229629516602,120.37539672851562,205.8835906982422,33.281150817871094
2020-12-30,129.92864990234375,164.29249572753906,86.04949188232422,133.9011993408203,109.04791259765625,211.76773071289062,13.092915534973145,119.81016540527344,209.7156219482422,33.54728317260742
2020-12-31,128.92784118652344,162.84649658203125,86.86177825927734,135.04244995117188,110.5354232788086,212.47459411621094,13.002531051635742,121.0015869140625,210.0709686279297,33.24082946777344
2021-01-04,125.74082946777344,159.3314971923828,85.54792785644531,134.287353515625,109.4915542602539,207.95614624023438,13.060795783996582,119.8536148071289,209.139404296875,33.466636657714844
2021-01-05,127.29547119140625,160.92550659179688,86.23780822753906,135.8662109375,110.08733367919922,208.1567840576172,13.350873947143555,120.618896484375,206.01803588867188,35.07948684692383
2021-01-06,123.01051330566406,156.91900634765625,85.38684844970703,137.14471435546875,115.25659942626953,202.75936889648438,12.563801765441895,121.88856506347656,204.20285034179688,35.974613189697266
2021-01-07,127.20802307128906,158.10800170898438,87.93724060058594,137.6081085205078,119.0415267944336,208.529296875,13.29036808013916,120.74938201904297,205.3457489013672,36.25686264038086
2021-01-08,128.3059844970703,159.13499450683594,89.1014175415039,137.32493591308594,119.17294311523438,209.79986572265625,13.223386764526367,120.69717407226562,206.9208221435547,36.66007614135742
2021-01-11,125.32305145263672,155.7104949951172,87.04268646240234,136.75,120.9515151977539,207.76507568359375,13.566754341125488,119.87971496582031,204.46212768554688,37.77294158935547
2021-01-12,125.14813995361328,156.04150390625,86.10795593261719,135.68601989746094,122.85275268554688,205.31956481933594,13.430553436279297,119.18400573730469,200.59169006347656,38.611629486083984
2021-01-13,127.17887115478516,158.29449462890625,86.59463500976562,135.48008728027344,122.9666519165039,206.66648864746094,13.477362632751465,119.36665344238281,201.06228637695312,39.04709243774414
2021-01-14,125.25503540039062,156.37350463867188,85.78531646728516,137.8483123779297,123.68504333496094,203.4949493408203,13.147195816040039,118.0969467163086,193.86880493164062,40.57124328613281
2021-01-15,123.53520202636719,155.21249389648438,85.62177276611328,137.54800415039062,121.46841430664062,203.1414794921875,12.807818412780762,117.20992279052734,193.60948181152344,38.619693756103516
2021-01-19,124.20565032958984,156.03799438476562,88.43928527832031,139.67599487304688,120.94275665283203,206.7620391845703,12.972899436950684,116.18376922607422,193.67677307128906,39.385799407958984
2021-01-20,128.28659057617188,163.16900634765625,93.17727661132812,139.3328094482422,119.129150390625,214.3087921142578,13.312031745910645,114.73146057128906,197.85458374023438,39.94223403930664
2021-01-21,132.98931884765625,165.34950256347656,93.37948608398438,138.77503967285156,118.13035583496094,214.91061401367188,13.811762809753418,114.61862182617188,197.0189666748047,38.79710388183594
2021-01-22,135.126953125,164.6114959716797,93.79629516601562,140.3367156982422,117.21912384033203,215.84677124023438,13.657386779785156,113.73497009277344,194.02247619628906,38.24873733520508
2021-01-25,138.8677978515625,164.6999969482422,93.88152313232422,142.42181396484375,115.75597381591797,219.26669311523438,13.598377227783203,115.69470977783203,193.02362060546875,37.821327209472656
2021-01-26,139.10101318359375,166.30650329589844,94.55902862548828,146.28311157226562,115.28286743164062,221.94151306152344,13.381253242492676,116.4383544921875,194.01290893554688,36.9907112121582
2021-01-27,138.03216552734375,161.62899780273438,90.14764404296875,144.05218505859375,112.02361297607422,222.48602294921875,12.865830421447754,112.31766510009766,187.25155639648438,36.571372985839844
2021-01-28,133.20310974121094,161.88099670410156,91.84558868408203,145.15049743652344,113.99495697021484,228.24639892578125,12.998547554016113,114.0499267578125,190.37290954589844,37.1439323425293
2021-01-29,128.2185821533203,160.30999755859375,90.56493377685547,139.97634887695312,112.73329162597656,221.58807373046875,12.937541961669922,112.1689224243164,185.59971618652344,36.160099029541016
2021-02-01,130.3367156982422,167.1439971923828,93.82157135009766,139.61598205566406,113.56562805175781,228.93418884277344,13.183799743652344,112.8338623046875,190.5074005126953,36.224605560302734
2021-02-02,131.1626434326172,169.0,95.11262512207031,138.36317443847656,117.06144714355469,228.80044555664062,13.502264976501465,112.67636108398438,194.589111328125,36.79718017578125
2021-02-03,130.14236450195312,165.62649536132812,102.03919982910156,137.71963500976562,118.40193939208984,232.13441467285156,13.476122856140137,112.81632995605469,193.38858032226562,38.24066925048828
2021-02-04,133.49459838867188,166.5500030517578,101.77899932861328,138.99815368652344,121.12673950195312,231.18862915039062,13.609333992004395,112.8863296508789,200.96624755859375,38.97452163696289
2021-02-05,133.0810089111328,167.6074981689453,103.52352905273438,141.10899353027344,120.89019012451172,231.37017822265625,13.536375045776367,113.35877227783203,200.50527954101562,40.28092575073242
2021-02-08,133.2269744873047,166.14700317382812,103.30992889404297,141.51226806640625,122.78263092041016,231.62811279296875,14.380720138549805,113.00880432128906,198.69972229003906,42.014739990234375
2021-02-09,132.35118103027344,165.25,102.85743713378906,142.670654296875,122.2920150756836,232.86997985839844,14.205924034118652,112.57136535644531,198.34434509277344,41.52267074584961
2021-02-10,131.74786376953125,164.32899475097656,103.40707397460938,143.13401794433594,122.36209869384766,231.96246337890625,14.704910278320312,112.17766571044922,198.2675018310547,41.92452621459961
2021-02-11,131.49488830566406,163.10650634765625,103.51957702636719,142.49049377441406,122.02039337158203,233.55776977539062,15.189455032348633,112.2739028930664,202.6345672607422,40.8747673034668
2021-02-12,131.7283935546875,163.885498046875,103.83081817626953,142.9366912841797,123.7551498413086,234.03541564941406,14.90112018585205,111.65274810791016,201.9612274169922,41.43246078491211
2021-02-16,129.60704040527344,163.44749450683594,104.607421875,141.6409912109375,126.73404693603516,232.80308532714844,15.268637657165527,111.91519927978516,199.97967529296875,42.67903518676758
2021-02-17,127.3202896118164,165.4320068359375,104.99995422363281,142.1472625732422,127.12828826904297,233.81802368164062,14.846089363098145,112.38764953613281,199.60455322265625,43.34333801269531
2021-02-18,126.22067260742188,166.4114990234375,104.36508178710938,142.2158966064453,127.5575942993164,233.4254608154297,14.769400596618652,113.3237533569336,201.3744354248047,42.66263198852539
2021-02-19,126.37635040283203,162.4949951171875,103.52253723144531,139.84767150878906,129.68667602539062,230.725341796875,14.866508483886719,111.21531677246094,196.93048095703125,42.949668884277344
2021-02-22,122.61045837402344,159.03700256347656,101.81021881103516,139.76129150390625,130.9044952392578,224.5399932861328,14.298052787780762,110.74288177490234,200.3837127685547,44.532508850097656
2021-02-23,122.47422790527344,159.72500610351562,102.10063934326172,138.52658081054688,131.95587158203125,223.3527069091797,14.085161209106445,111.56526184082031,204.02931213378906,45.14759826660156
2021-02-24,121.97796630859375,157.97650146484375,103.27474212646484,140.38294982910156,134.27764892578125,224.5783233642578,14.440728187561035,111.68775939941406,211.0704345703125,46.50078582763672
2021-02-25,117.73526000976562,152.85800170898438,99.91156005859375,140.5297393798828,132.45523071289062,219.2547149658203,13.25401496887207,110.74288177490234,205.60682678222656,45.72988510131836
2021-02-26,117.99801635742188,154.64649963378906,100.2069320678711,136.81707763671875,128.9419708251953,222.50057983398438,13.659380912780762,108.07447052001953,204.2986297607422,44.58992385864258
2021-03-01,124.3523178100586,157.3070068359375,102.5734634399414,137.55960083007812,131.8594970703125,226.86668395996094,13.786118507385254,108.73936462402344,208.37710571289062,46.254764556884766
2021-03-02,121.75415802001953,154.72650146484375,102.3167495727539,137.30056762695312,131.4301300048828,223.9272003173828,13.35236930847168,108.3981704711914,207.54986572265625,45.984107971191406
2021-03-03,118.7764663696289,150.25,99.68656158447266,134.88299560546875,133.97100830078125,217.88543701171875,12.753287315368652,107.75077056884766,206.66493225097656,46.353179931640625
2021-03-04,116.89837646484375,148.8784942626953,100.80266571044922,132.16326904296875,131.91204833984375,217.0907745361328,12.32052993774414,106.86712646484375,203.44252014160156,48.14923095703125
2021-03-05,118.1536865234375,150.0229949951172,103.9319076538086,134.77940368652344,132.2187042236328,221.75369262695312,12.411417007446289,110.21794128417969,207.20359802246094,49.96990966796875
2021-03-08,113.22981262207031,147.59750366210938,99.4927749633789,135.9018096923828,133.97100830078125,217.7227020263672,11.54665470123291,111.38153839111328,211.87841796875,49.920692443847656
2021-03-09,117.83255004882812,153.1425018310547,101.121337890625,136.16087341308594,133.02476501464844,223.8409881591797,12.474233627319336,110.39290618896484,211.9650115966797,49.1497802734375
2021-03-10,116.75241088867188,152.8820037841797,100.91468048095703,137.41278076171875,135.91598510742188,222.5388641357422,12.422426223754883,111.40777587890625,214.66793823242188,50.6588134765625
2021-03-11,118.67915344238281,155.67950439453125,104.1038818359375,137.4041748046875,135.2063751220703,227.0486297607422,12.9457426071167,111.03154754638672,217.53443908691406,50.28155517578125
2021-03-12,117.77417755126953,154.47450256347656,101.59910583496094,137.8013458251953,136.80970764160156,225.72726440429688,12.808752059936523,112.1076889038086,215.8126678466797,50.82282638549805
2021-03-15,120.65455627441406,154.08399963378906,101.81916046142578,138.50933837890625,136.1262969970703,224.82723999023438,13.142770767211914,112.47513580322266,214.76414489746094,49.527034759521484
2021-03-16,122.19203186035156,154.59300231933594,103.2787094116211,139.32958984375,134.49667358398438,227.6039581298828,13.242402076721191,112.80757904052734,216.13966369628906,48.4772834777832
2021-03-17,121.40383911132812,156.7864990234375,103.19593811035156,138.8115234375,135.8809814453125,226.96241760253906,13.292216300964355,112.35264587402344,214.52366638183594,48.69050598144531
2021-03-18,117.28762817382812,151.39950561523438,100.17869567871094,138.55250549316406,138.12391662597656,220.91114807128906,12.675740242004395,112.59761810302734,212.2535858154297,46.59101486206055
2021-03-19,116.76215362548828,153.7480010986328,100.45722961425781,138.1812286376953,135.92477416992188,220.556884765625,12.79853630065918,111.99395751953125,199.01776123046875,46.32856750488281
2021-03-22,120.0706787109375,155.5435028076172,100.64207458496094,138.57847595214844,132.27125549316406,225.95709228515625,13.137787818908691,113.89246368408203,200.07589721679688,45.85289764404297
2021-03-23,119.2435531616211,156.875,101.16940307617188,138.4488983154297,130.9483184814453,227.47947692871094,13.022709846496582,116.0096664428711,200.22018432617188,45.287017822265625
2021-03-24,116.85945892333984,154.35350036621094,100.73326110839844,139.7958526611328,131.964599609375,225.4495849609375,12.596535682678223,115.97467803955078,200.1432647705078,46.20554733276367
2021-03-25,117.34602355957031,152.31300354003906,100.72981262207031,139.84767150878906,133.6555938720703,222.46226501464844,12.489179611206055,116.77954864501953,200.04702758789062,46.07433319091797
2021-03-26,117.94932556152344,152.60150146484375,100.3467025756836,142.40333557128906,135.8809814453125,226.42620849609375,12.792062759399414,118.50305938720703,205.39524841308594,47.32910919189453
2021-03-29,118.1244888305664,153.7864990234375,101.39044189453125,143.3617401123047,133.7694854736328,225.23898315429688,12.90066146850586,120.35781860351562,206.337890625,47.07487869262695
2021-03-30,116.67457580566406,152.76449584960938,101.42414855957031,142.47242736816406,135.3465118408203,221.99305725097656,12.824443817138672,118.50305938720703,203.8272705078125,46.49259567260742
2021-03-31,118.8640365600586,154.70399475097656,102.21958923339844,141.902587890625,133.37522888183594,225.74642944335938,13.299190521240234,118.48560333251953,203.6637725830078,45.787288665771484
2021-04-01,119.69120025634766,158.0500030517578,105.55302429199219,140.59019470214844,134.6719207763672,232.0467071533203,13.760986328125,117.47947692871094,208.59835815429688,47.06667709350586
2021-04-05,122.51318359375,161.3365020751953,109.97284698486328,141.10821533203125,135.38575744628906,238.48101806640625,13.9360933303833,119.37796783447266,210.69528198242188,46.33677291870117
2021-04-06,122.8148422241211,161.1909942626953,109.49211120605469,141.0736846923828,134.4339599609375,237.3224334716797,13.810555458068848,119.42172241210938,210.3201904296875,46.20554733276367
2021-04-07,124.45935821533203,163.96949768066406,110.967529296875,141.26365661621094,136.54029846191406,239.27569580078125,14.091517448425293,119.63170623779297,210.91651916503906,46.41058349609375
2021-04-08,126.85319519042969,164.96499633789062,111.53251647949219,140.71107482910156,136.7077178955078,242.48330688476562,14.264382362365723,120.08663177490234,212.2920379638672,45.92671585083008
2021-04-09,129.4221649169922,168.61000061035156,112.5356216430664,139.2259979248047,137.73004150390625,244.97279357910156,14.347077369689941,119.3079605102539,214.04269409179688,45.82009506225586
2021-04-12,127.70954132080078,168.96949768066406,111.24456024169922,139.56271362304688,137.439208984375,245.03021240234375,15.153103828430176,119.78916931152344,213.03274536132812,45.51665115356445
2021-04-13,130.81370544433594,170.0,111.73074340820312,137.6977081298828,135.7999267578125,247.50048828125,15.62187385559082,118.20561218261719,212.5998992919922,45.68887710571289
2021-04-14,128.47830200195312,166.64999389648438,111.11026000976562,138.07763671875,133.2618408203125,244.7238006591797,15.220852851867676,118.63431549072266,213.52330017089844,47.00926971435547
2021-04-15,130.88182067871094,168.95449829101562,113.25821685791016,138.48341369628906,134.10787963867188,248.46749877929688,16.077945709228516,120.06912994384766,217.65948486328125,46.73043441772461
2021-04-16,130.5509796142578,169.9720001220703,113.1343002319336,140.08078002929688,135.10374450683594,249.65481567382812,15.854015350341797,120.07786560058594,217.78453063964844,46.46799087524414
2021-04-19,131.21270751953125,168.60049438476562,113.48172760009766,140.4692840576172,134.5309295654297,247.73989868164062,15.305292129516602,119.51795959472656,217.18809509277344,46.32037353515625
2021-04-20,129.5292205810547,166.7344970703125,112.94896697998047,143.74163818359375,131.55210876464844,247.28030395507812,15.11549186706543,120.51531219482422,214.77377319335938,45.344417572021484
2021-04-21,129.9087371826172,168.1009979248047,112.91624450683594,143.8366241455078,132.6713409423828,249.5016632080078,15.304045677185059,119.72791290283203,218.784912109375,45.92671585083008
2021-04-22,128.39068603515625,165.45199584960938,111.63610076904297,142.61920166015625,129.87759399414062,246.2366485595703,14.795669555664062,118.53929901123047,218.90037536621094,45.32802200317383
2021-04-23,130.70664978027344,167.04400634765625,113.98576354980469,142.9127655029297,132.36288452148438,250.04742431640625,15.209144592285156,117.93173217773438,221.23776245117188,45.57405090332031
2021-04-26,131.09591674804688,170.4499969482422,114.48137664794922,141.7039794921875,132.68898010253906,250.430419921875,15.421110153198242,115.57203674316406,221.56480407714844,45.664276123046875
2021-04-27,130.77474975585938,170.8715057373047,113.54220581054688,140.892333984375,133.29710388183594,250.83251953125,15.325217247009277,115.50162506103516,221.15115356445312,46.26295471191406
2021-04-28,129.98655700683594,172.9250030517578,116.91529083251953,139.85629272460938,134.1607666015625,243.73753356933594,15.220602989196777,115.69532012939453,224.55628967285156,47.657169342041016
2021-04-29,129.88922119140625,173.5655059814453,118.58645629882812,141.77305603027344,136.76943969726562,241.7747039794922,15.268426895141602,116.67266845703125,227.83641052246094,48.337867736816406
2021-04-30,127.92359924316406,173.37100219726562,116.6407241821289,140.50379943847656,135.55319213867188,241.45875549316406,14.954334259033203,117.47386932373047,224.6621551513672,46.94365692138672
2021-05-03,128.97451782226562,169.32449340820312,116.12429809570312,142.64511108398438,135.1566162109375,241.15237426757812,14.782220840454102,118.86503601074219,223.74832153320312,48.23944091796875
2021-05-04,124.41071319580078,165.593505859375,114.3277359008789,144.85545349121094,137.02499389648438,237.25543212890625,14.298504829406738,118.46001434326172,223.19041442871094,48.54290008544922
2021-05-05,124.65399169921875,163.52699279785156,114.72122955322266,144.25108337402344,138.82284545898438,235.9915771484375,14.405360221862793,117.50912475585938,220.47784423828125,50.00270462036133
2021-05-06,126.24990844726562,165.31849670410156,115.84031677246094,144.82957458496094,141.61659240722656,239.1129150390625,14.469623565673828,118.98834228515625,222.50746154785156,50.47837829589844
2021-05-07,126.92242431640625,164.58050537109375,116.56291198730469,145.4857940673828,142.1012725830078,241.7268524169922,14.757810592651367,118.99712371826172,223.27699279785156,51.2000846862793
2021-05-10,123.64727020263672,159.52450561523438,113.58036041259766,147.0139923095703,142.0836639404297,236.6713104248047,14.21331787109375,121.21592712402344,217.3612823486328,51.32310104370117
2021-05-11,122.73103332519531,161.19549560546875,112.5053939819336,145.81387329101562,139.72178649902344,235.76173400878906,14.253669738769531,120.61720275878906,216.88992309570312,49.69105911254883
2021-05-12,119.67030334472656,157.5970001220703,109.04557037353516,145.22674560546875,138.76116943359375,228.839111328125,13.707934379577637,119.34053039550781,212.22476196289062,49.957313537597656
2021-05-13,121.81475830078125,158.07350158691406,110.472412109375,146.746337890625,142.33042907714844,232.6977996826172,13.61502456665039,121.25995635986328,215.5288848876953,49.34158706665039
2021-05-14,124.23213958740234,161.14500427246094,112.91773223876953,146.9708251953125,144.54249572753906,237.60009765625,14.190652847290039,121.5152816772461,218.61143493652344,50.56473922729492
2021-05-17,123.08191680908203,163.51950073242188,113.44010925292969,147.11756896972656,145.12420654296875,234.75636291503906,14.11343765258789,121.26874542236328,218.12977600097656,51.74626541137695
2021-05-18,121.6977767944336,161.61399841308594,112.12922668457031,147.16940307617188,143.0795440673828,232.74563598632812,13.964239120483398,120.02731323242188,217.2916717529297,50.281837463378906
2021-05-19,121.54180908203125,161.58999633789062,112.57676696777344,146.8499755859375,141.98672485351562,233.32147216796875,14.014052391052246,120.27383422851562,216.34767150878906,49.07533264160156
2021-05-20,124.09566497802734,162.38400268554688,114.33367919921875,147.7047576904297,141.73997497558594,236.54603576660156,14.558793067932129,121.50652313232422,218.12977600097656,48.958839416503906
2021-05-21,122.26313781738281,160.1540069580078,113.69831085205078,147.60972595214844,143.352783203125,235.28884887695312,14.936653137207031,121.50652313232422,218.4476318359375,49.02540969848633
2021-05-24,123.8909683227539,162.24949645996094,117.01441192626953,148.17445373535156,144.12826538085938,240.67274475097656,15.554621696472168,121.4712905883789,220.9040985107422,49.59953308105469
2021-05-25,123.69601440429688,162.95249938964844,117.1051025390625,147.76614379882812,142.6388702392578,241.57484436035156,15.590239524841309,121.88511657714844,220.61505126953125,48.47625732421875
2021-05-26,123.64727020263672,163.25799560546875,117.96943664550781,146.88864135742188,142.6212615966797,241.3541717529297,15.642298698425293,121.61214447021484,218.73663330078125,49.04204559326172
2021-05-27,122.1169204711914,161.5054931640625,117.09568786621094,146.66273498535156,144.84213256835938,239.26197814941406,15.431075096130371,118.84744262695312,218.53436279296875,48.725868225097656
2021-05-28,121.46385192871094,161.15350341796875,116.80674743652344,147.04502868652344,144.74520874023438,239.61708068847656,16.184795379638672,118.73295593261719,218.9582061767578,48.567771911621094
2021-06-01,121.14218139648438,160.9324951171875,118.01254272460938,143.81309509277344,146.34036254882812,237.42897033691406,16.20472526550293,116.9984130859375,218.31280517578125,50.306785583496094
2021-06-02,121.90247344970703,161.69949340820312,117.48770904541016,144.39517211914062,146.34915161132812,237.3329620361328,16.716583251953125,117.50912475585938,221.23159790039062,50.706180572509766
2021-06-03,120.42086029052734,159.35049438476562,116.34732055664062,144.25616455078125,146.4460906982422,235.80712890625,16.90738296508789,119.61346435546875,219.73846435546875,50.905879974365234
2021-06-04,122.71153259277344,160.31100463867188,118.6266098022461,144.1953887939453,146.68408203125,240.6823272705078,17.513648986816406,119.70149993896484,221.6939697265625,51.130531311035156
2021-06-07,122.72128295898438,159.90049743652344,119.05928039550781,143.21360778808594,145.9966583251953,243.5806121826172,17.554250717163086,120.1153335571289,222.83065795898438,50.79771423339844
2021-06-08,123.54004669189453,163.20550537109375,118.86796569824219,141.95384216308594,145.4149932861328,242.3906707763672,17.39284324645996,118.72415924072266,223.5338897705078,51.69634246826172
2021-06-09,123.92019653320312,164.0574951171875,119.33880615234375,143.86517333984375,143.59950256347656,243.36947631835938,17.298418045043945,118.68016815185547,223.78433227539062,52.1290168762207
2021-06-10,122.92594909667969,167.4824981689453,120.68634033203125,145.15972900390625,141.3610076904297,246.87234497070312,17.364938735961914,119.56063079833984,225.36415100097656,52.212223052978516
2021-06-11,124.13465881347656,167.3415069580078,120.4420166015625,143.31785583496094,141.2640380859375,247.49618530273438,17.763809204101562,118.74180603027344,226.33709716796875,51.72962951660156
2021-06-14,127.18563842773438,169.19349670410156,121.36930084228516,143.674072265625,138.86692810058594,249.4156036376953,17.956636428833008,118.78582000732422,225.4893798828125,51.646419525146484
2021-06-15,126.3668441772461,169.156494140625,120.3523178100586,142.90951538085938,136.76060485839844,247.94723510742188,17.727176666259766,118.55685424804688,224.4297332763672,53.526893615722656
2021-06-16,126.86392211914062,170.7624969482422,119.71099853515625,142.85739135742188,137.72120666503906,247.0067596435547,17.74885368347168,116.9103775024414,221.17381286621094,53.33551788330078
2021-06-17,128.46255493164062,174.46200561523438,120.6734619140625,143.54376220703125,133.74656677246094,250.38485717773438,18.592937469482422,117.97576141357422,223.63021850585938,51.579856872558594
2021-06-18,127.1661148071289,174.34500122070312,119.05530548095703,140.72882080078125,130.36233520507812,248.97412109375,18.574506759643555,116.25003051757812,221.95408630371094,50.25687026977539
2021-06-21,128.95965576171875,172.697998046875,120.74185180664062,142.3447723388672,132.57440185546875,252.0452117919922,18.36373519897461,117.16570281982422,225.7205810546875,52.0791015625
2021-06-22,130.59725952148438,175.27200317382812,121.25530242919922,142.1536407470703,132.38052368164062,254.80902099609375,18.821653366088867,117.20973205566406,227.27146911621094,53.07757568359375
2021-06-23,130.32431030273438,175.1909942626953,121.05359649658203,141.29351806640625,133.18246459960938,254.57872009277344,18.991558074951172,117.04244232177734,226.06732177734375,53.46865463256836
2021-06-24,130.04165649414062,172.45399475097656,121.4233169555664,141.9364776611328,134.40750122070312,255.94154357910156,19.139297485351562,117.12168884277344,227.57012939453125,53.68498611450195
2021-06-25,129.74923706054688,170.072998046875,121.43174743652344,142.666259765625,135.76473999023438,254.3388214111328,18.96540069580078,118.79460144042969,228.61045837402344,53.801475524902344
2021-06-28,131.37705993652344,172.1945037841797,121.45899200439453,142.5011749267578,136.01150512695312,257.8896179199219,19.91611671447754,119.1468276977539,225.49900817871094,52.428565979003906
2021-06-29,132.887939453125,172.40699768066406,121.19780731201172,142.50987243652344,135.84400939941406,260.46160888671875,19.957721710205078,118.33678436279297,227.29075622558594,52.10405731201172
2021-06-30,133.5020294189453,172.00799560546875,121.01641845703125,143.1267547607422,137.07781982421875,259.98187255859375,19.93355369567871,118.80340576171875,225.23890686035156,52.4868049621582
2021-07-01,133.80421447753906,171.64849853515625,121.3683090209961,144.18666076660156,138.4351043701172,260.6536560058594,20.1423282623291,119.07637786865234,226.52011108398438,52.636573791503906
2021-07-02,136.42633056640625,175.5489959716797,124.15657043457031,146.8104248046875,138.3021240234375,266.45977783203125,20.416379928588867,119.65747833251953,229.8723907470703,52.56169128417969
2021-07-06,138.43426513671875,183.78700256347656,125.08088684082031,145.9329833984375,135.97979736328125,266.46942138671875,20.627151489257812,119.72789764404297,230.80677795410156,51.063968658447266
2021-07-07,140.91989135742188,184.82899475097656,125.36238098144531,147.18402099609375,136.1393280029297,268.6478576660156,20.301525115966797,120.62602233886719,231.1920928955078,50.26519012451172
2021-07-08,139.6234588623047,186.57049560546875,123.9449462890625,146.89732360839844,133.7904510498047,266.2390441894531,19.834148406982422,120.60841369628906,227.92648315429688,50.040531158447266
2021-07-09,141.44625854492188,185.9669952392578,124.41527557373047,147.47943115234375,138.0716552734375,266.7380676269531,19.981136322021484,120.65243530273438,229.71824645996094,50.947479248046875
2021-07-12,140.85165405273438,185.92750549316406,125.8594741821289,147.2448272705078,140.0482940673828,266.1430969238281,20.441795349121094,120.74927520751953,229.1403045654297,50.897560119628906
2021-07-13,141.96279907226562,183.8679962158203,126.22225952148438,147.0623779296875,137.9652862548828,269.6555480957031,20.180198669433594,120.5995864868164,233.45590209960938,50.6562614440918
2021-07-14,145.38424682617188,184.08399963378906,127.10989379882812,148.06155395507812,137.49551391601562,271.1239013671875,19.773103713989258,121.48890686035156,236.96231079101562,49.53296661376953
2021-07-15,144.73114013671875,181.55999755859375,125.88871002197266,146.2804718017578,137.79684448242188,269.7035827636719,18.90087890625,122.52784729003906,239.42831420898438,49.05036544799805
2021-07-16,142.6939239501953,178.68150329589844,125.8540267944336,146.04588317871094,134.65023803710938,269.43487548828125,18.0983943939209,123.71651458740234,239.0141143798828,47.6941032409668
2021-07-19,138.85342407226562,177.47950744628906,123.48306274414062,144.98594665527344,130.27145385742188,265.8455810546875,18.71501922607422,123.65489196777344,231.58709716796875,46.054935455322266
2021-07-20,142.45997619628906,178.6595001220703,125.1002197265625,146.3499755859375,132.70016479492188,268.0625305175781,18.547842025756836,122.99452209472656,233.79302978515625,46.56248474121094
2021-07-21,141.72894287109375,179.25999450683594,126.42793273925781,147.2535400390625,135.4922637939453,270.05865478515625,19.343090057373047,122.5630874633789,234.71775817871094,48.06021499633789
2021-07-22,143.09361267089844,181.90150451660156,127.29275512695312,147.67926025390625,133.7815704345703,274.6076354980469,19.526464462280273,122.09347534179688,235.18017578125,47.51936340332031
2021-07-23,144.8091583251953,182.83200073242188,131.8459014892578,149.2517852783203,133.52452087402344,277.9953308105469,19.490585327148438,123.85664367675781,239.881103515625,47.46112060546875
2021-07-26,145.22828674316406,184.99099731445312,132.85694885253906,149.32130432128906,134.4197540283203,277.40032958984375,19.227500915527344,124.29080963134766,241.06593322753906,48.659305572509766
2021-07-27,143.06431579589844,181.3195037841797,130.74069213867188,150.00765991210938,134.2424774169922,274.9914855957031,19.14179039001465,124.79585266113281,241.720947265625,48.11845397949219
2021-07-28,141.3195343017578,181.51600646972656,134.89781188964844,149.59060668945312,134.46409606933594,274.68438720703125,19.435773849487305,122.94405364990234,237.8773956298828,48.44295883178711
2021-07-29,141.96279907226562,179.99600219726562,134.58413696289062,149.59060668945312,135.61639404296875,274.9531555175781,19.594226837158203,123.58198547363281,238.8214569091797,49.03373336791992
2021-07-30,142.17730712890625,166.37950134277344,133.54234313964844,149.60800170898438,134.5349884033203,273.4271240234375,19.43178367614746,126.0185546875,237.3476104736328,47.9021110534668
2021-08-02,141.8459014892578,166.57400512695312,133.6692352294922,149.6687774658203,133.99429321289062,273.3407897949219,19.681922912597656,125.7084732055664,230.98019409179688,47.910438537597656
2021-08-03,143.63943481445312,168.31199645996094,134.43792724609375,151.51068115234375,135.5188446044922,275.54815673828125,19.7466983795166,127.54248046875,228.38888549804688,48.42632293701172
2021-08-04,143.23977661132812,167.73599243164062,133.93785095214844,150.6157989501953,134.05638122558594,274.96270751953125,20.204118728637695,126.19578552246094,227.9843292236328,47.294715881347656
2021-08-05,143.34701538085938,168.79949951171875,135.05393981933594,150.90252685546875,135.7493438720703,277.85137939453125,20.56586456298828,126.25779724121094,231.39439392089844,47.5942497253418
2021-08-06,142.66368103027344,167.2469940185547,134.54544067382812,150.39862060546875,139.6051025390625,277.7938232421875,20.29579734802246,125.29203796386719,232.54071044921875,48.143409729003906
2021-08-09,142.61489868164062,167.093505859375,135.70962524414062,150.91989135742188,139.45440673828125,276.7093200683594,20.22504425048828,125.97422790527344,231.1920928955078,47.5942497253418
2021-08-10,142.1365509033203,166.03399658203125,135.6045684814453,150.9720001220703,141.16510009765625,274.8955078125,19.86728286743164,126.05397033691406,229.3329620361328,48.4096794128418
2021-08-11,142.39031982421875,164.60549926757812,135.08120727539062,150.9980926513672,142.84921264648438,275.38494873046875,19.631099700927734,126.36406707763672,226.43341064453125,48.55113983154297
2021-08-12,145.3482666015625,165.1750030517578,135.98818969726562,152.2144012451172,143.40765380859375,278.1297302246094,19.836389541625977,126.6565170288086,223.58782958984375,48.441322326660156
2021-08-13,145.5532684326172,164.69850158691406,136.5169677734375,153.1266326904297,141.8033447265625,281.04718017578125,20.118410110473633,127.2678451538086,224.41738891601562,47.951419830322266
2021-08-16,147.5252227783203,164.94949340820312,137.09384155273438,154.50804138183594,140.8726043701172,282.7267150878906,19.881229400634766,128.15386962890625,227.03147888183594,47.2503547668457
2021-08-17,146.6173095703125,162.09800720214844,135.46035766601562,155.9241943359375,139.1707763671875,281.2679138183594,19.390932083129883,128.36651611328125,226.23085021972656,46.929378509521484
2021-08-18,142.87844848632812,160.06100463867188,134.25851440429688,153.94332885742188,137.9032440185547,279.5467529296875,18.97437286376953,126.96658325195312,223.4334716796875,45.941131591796875
2021-08-19,143.21035766601562,159.3874969482422,134.48745727539062,155.1422882080078,136.75094604492188,285.3545227050781,19.729753494262695,128.46395874023438,223.37559509277344,44.53900146484375
2021-08-20,144.66488647460938,159.99749755859375,136.2216033935547,155.8981170654297,137.14096069335938,292.65240478515625,20.74424934387207,128.55258178710938,223.17303466796875,44.54743576049805
2021-08-23,146.14871215820312,163.2935028076172,138.8106231689453,155.22518920898438,138.89601135253906,292.93133544921875,21.882308959960938,127.89693450927734,225.8546600341797,46.380348205566406
2021-08-24,146.06088256835938,165.28900146484375,140.01992797851562,153.2849578857422,139.7557830810547,290.97943115234375,21.717878341674805,126.86026000976562,225.9511260986328,46.76044845581055
2021-08-25,144.83084106445312,164.95899963378906,140.83021545410156,152.27114868164062,142.6365509033203,290.39288330078125,22.136430740356445,126.40837097167969,224.35952758789062,46.844913482666016
2021-08-26,144.0303955078125,165.8000030517578,140.1973419189453,151.45840454101562,143.37222290039062,287.585205078125,21.991931915283203,126.18688201904297,222.3627471923828,46.21141815185547
2021-08-27,145.0651397705078,167.48150634765625,142.73829650878906,151.135009765625,144.52447509765625,288.19097900390625,22.557979583740234,126.08941650390625,224.4559326171875,47.10676193237305
2021-08-30,149.47763061523438,171.07850646972656,143.31964111328125,151.77301025390625,142.2110595703125,291.9120788574219,22.60979461669922,126.63874053955078,223.047607421875,46.59151077270508
2021-08-31,148.21835327148438,173.5395050048828,143.4257049560547,151.30982971191406,141.7767333984375,290.2679138183594,22.3117733001709,126.16031646728516,220.9930419921875,46.05093765258789
2021-09-01,148.8821258544922,173.9499969482422,143.9391632080078,151.8429412841797,141.57286071777344,290.21978759765625,22.367591857910156,127.44503021240234,221.9768829345703,45.41743850708008
2021-09-02,149.9950408935547,173.156005859375,142.02761840820312,152.88294982910156,142.2288055419922,289.56591796875,22.32274055480957,127.54248046875,216.24710083007812,46.5239372253418
2021-09-03,150.62957763671875,173.90249633789062,142.4761199951172,152.97909545898438,141.3690185546875,289.556396484375,22.768274307250977,127.63108825683594,217.14419555664062,46.34656524658203
2021-09-07,152.96270751953125,175.46449279785156,143.01239013671875,150.60194396972656,141.1208038330078,288.6332702636719,22.58786964416504,127.1526870727539,218.26315307617188,46.076271057128906
2021-09-08,151.4202880859375,176.27499389648438,142.42803955078125,150.23480224609375,140.491455078125,288.6621398925781,22.265926361083984,128.118408203125,220.98336791992188,45.65393829345703
2021-09-09,150.40504455566406,174.20799255371094,142.2793731689453,146.8875732421875,141.10308837890625,285.81597900390625,22.104450225830078,127.57796478271484,219.43995666503906,45.687721252441406
2021-09-10,145.42633056640625,173.45750427246094,139.63780212402344,145.92616271972656,139.48101806640625,284.33514404296875,22.404470443725586,127.70198822021484,216.9512481689453,45.59481430053711
2021-09-13,145.99258422851562,172.85850524902344,141.08151245117188,144.9036407470703,141.6969451904297,285.56597900390625,22.07953453063965,129.0753173828125,216.6811981201172,46.768890380859375
2021-09-14,144.5965576171875,172.5,141.29164123535156,144.02967834472656,139.22398376464844,288.25823974609375,22.16924285888672,128.85382080078125,215.1377716064453,46.10161590576172
2021-09-15,145.48492431640625,173.7895050048828,143.16006469726562,144.57150268554688,140.19012451171875,293.0948486328125,22.267915725708008,128.57911682128906,215.89016723632812,47.655784606933594
2021-09-16,145.25064086914062,174.41200256347656,142.34774780273438,144.396728515625,140.12803649902344,293.4793701171875,22.16924285888672,127.68429565429688,216.3917999267578,47.14899444580078
2021-09-17,142.58555603027344,173.12600708007812,139.56246948242188,143.98597717285156,139.76463317871094,288.3351745605469,21.828359603881836,127.88805389404297,213.903076171875,46.59151077270508
2021-09-20,139.53977966308594,167.7864990234375,137.500244140625,143.1644287109375,135.5808868408203,282.97943115234375,21.04393768310547,126.60335540771484,212.26324462890625,45.34986114501953
2021-09-21,140.0181121826172,167.18150329589844,137.81101989746094,143.79368591308594,135.59866333007812,283.46014404296875,21.17650032043457,126.79827117919922,212.37896728515625,45.307640075683594
2021-09-22,142.38058471679688,169.00250244140625,139.05050659179688,143.26931762695312,138.19577026367188,287.0947570800781,21.86922264099121,127.232421875,214.86766052246094,46.633750915527344
2021-09-23,143.33729553222656,170.8000030517578,139.97483825683594,144.08206176757812,142.86700439453125,288.037109375,22.4084529876709,127.75518035888672,220.23092651367188,48.21326446533203
2021-09-24,143.4250946044922,171.2760009765625,140.96502685546875,143.64511108398438,144.5156707763672,287.8352355957031,22.00876808166504,127.1881103515625,223.39486694335938,48.6440544128418
2021-09-27,141.91200256347656,170.2899932861328,139.83206176757812,142.60511779785156,148.00799560546875,282.8544921875,21.58914566040039,125.5135269165039,221.47531127929688,50.088409423828125
2021-09-28,138.53428649902344,165.79800415039062,134.63613891601562,142.2904815673828,147.21026611328125,272.6141052246094,20.63128662109375,124.56546020507812,217.57827758789062,50.61210250854492
2021-09-29,139.4324188232422,165.05599975585938,133.17262268066406,143.3479461669922,147.0950164794922,273.0756530761719,20.449880599975586,125.83247375488281,218.6586151123047,50.57831954956055
2021-09-30,138.13401794433594,164.2519989013672,132.50108337402344,141.1455841064453,145.091796875,271.0756530761719,20.648231506347656,123.86553192138672,214.86766052246094,49.6829719543457
2021-10-01,139.25665283203125,164.16299438476562,135.34286499023438,140.24539184570312,148.14096069335938,277.9795227050781,20.674150466918945,123.67060089111328,222.30487060546875,51.4652214050293
2021-10-04,135.83018493652344,159.48899841308594,132.4847412109375,139.15289306640625,147.98141479492188,272.2198791503906,19.667457580566406,122.97064208984375,216.7776336669922,52.132503509521484
2021-10-05,137.75332641601562,161.0500030517578,134.82745361328125,139.46754455566406,150.3979949951172,277.65252685546875,20.38410186767578,123.4490966796875,216.3435821533203,52.048038482666016
2021-10-06,138.62216186523438,163.10049438476562,136.3559112548828,139.75595092773438,150.71897888183594,281.83514404296875,20.632282257080078,125.09710693359375,218.49461364746094,51.09355926513672
2021-10-07,139.88145446777344,165.1215057373047,138.0012969970703,141.00575256347656,151.67312622070312,283.5083312988281,21.006061553955078,126.0982894897461,222.3916778564453,51.23714828491211
2021-10-08,139.500732421875,164.43099975585938,138.556884765625,140.64743041992188,151.7890167236328,283.5083312988281,20.762859344482422,125.57551574707031,222.12159729003906,52.52104187011719
2021-10-11,139.4128875732422,162.31500244140625,137.6930694580078,140.05311584472656,148.5966796875,282.9120788574219,20.627302169799805,126.0982894897461,217.14419555664062,51.99735641479492
2021-10-12,138.143798828125,162.3665008544922,135.24972534179688,137.81573486328125,147.45529174804688,281.61407470703125,20.60338020324707,125.91219329833984,216.1217041015625,51.727054595947266
2021-10-13,137.55807495117188,164.21400451660156,136.37274169921875,139.13546752929688,143.56736755371094,284.912109375,20.87050437927246,126.20462799072266,214.58798217773438,51.58345413208008
2021-10-14,140.34027099609375,164.9929962158203,139.910400390625,139.9307098388672,145.7698974609375,291.10443115234375,21.674867630004883,127.63108825683594,217.21170043945312,52.36899948120117
2021-10-15,141.3946075439453,170.4510040283203,140.12548828125,140.97079467773438,148.56993103027344,292.5082702636719,21.790481567382812,127.95895385742188,222.81614685058594,52.86735153198242
2021-10-18,143.06390380859375,172.33700561523438,141.52308654785156,139.93951416015625,148.51644897460938,295.4697265625,22.14930534362793,126.11603546142578,222.48814392089844,52.84200668334961
2021-10-19,145.22134399414062,172.20750427246094,141.97805786132812,143.21688842773438,150.3177032470703,296.37353515625,22.217082977294922,124.62750244140625,225.25657653808594,53.63599395751953
2021-10-20,145.70944213867188,170.7530059814453,140.52294921875,143.13824462890625,152.34190368652344,295.58514404296875,22.030696868896484,125.11482238769531,223.23086547851562,53.931617736816406
2021-10-21,145.92420959472656,171.75050354003906,140.63893127441406,142.80612182617188,151.1470184326172,298.8063049316406,22.617765426635742,124.21440124511719,222.09268188476562,52.95181655883789
2021-10-22,145.1529998779297,166.77749633789062,136.35740661621094,143.08578491210938,153.18016052246094,297.2677917480469,22.65165901184082,125.55168151855469,223.047607421875,53.31501388549805
2021-10-25,145.1041717529297,166.01849365234375,136.23895263671875,143.40040588378906,152.43109130859375,296.2774353027344,23.090221405029297,125.56947326660156,225.60386657714844,54.35395431518555
2021-10-26,145.76800537109375,168.80349731445312,138.08407592773438,144.85992431640625,152.84127807617188,298.18133544921875,24.636144638061523,127.35249328613281,223.61671447753906,55.61248016357422
2021-10-27,145.3092041015625,169.62449645996094,144.93235778808594,143.103271484375,149.6578369140625,310.7388916015625,24.371017456054688,126.44316864013672,208.1443328857422,54.168128967285156
2021-10-28,148.9407196044922,172.32850646972656,144.5670623779297,142.32542419433594,151.9138946533203,311.8735046386719,24.85940933227539,127.2009506225586,202.41453552246094,54.32017135620117
2021-10-29,146.23658752441406,168.6215057373047,146.7447967529297,142.35165405273438,151.49476623535156,318.8638916015625,25.48336410522461,127.47733306884766,204.27621459960938,54.455318450927734
2021-11-01,145.4165802001953,165.90550231933594,142.23574829101562,142.47402954101562,151.41455078125,316.70037841796875,25.742511749267578,127.1652603149414,204.94183349609375,55.435115814208984
2021-11-02,146.45138549804688,165.6374969482422,144.15423583984375,144.72012329101562,152.0120086669922,320.31585693359375,26.314632415771484,128.43125915527344,201.73931884765625,54.750946044921875
2021-11-03,147.8863983154297,169.1999969482422,145.30950927734375,144.25689697265625,152.0654754638672,321.1523742675781,26.510988235473633,129.3138427734375,200.73611450195312,53.99919891357422
2021-11-04,147.3690185546875,173.85000610351562,146.96434020996094,143.8548583984375,150.06800842285156,323.49847412109375,29.703516006469727,129.55455017089844,201.39202880859375,54.404632568359375
2021-11-05,147.8969268798828,175.94949340820312,147.54368591308594,142.8323211669922,149.85403442382812,323.1331787109375,29.654674530029297,130.1964569091797,209.0028839111328,54.91987228393555
2021-11-08,147.0757293701172,174.44900512695312,147.72113037109375,142.3428955078125,150.75466918945312,324.02734375,30.703231811523438,129.2246551513672,212.68768310546875,55.51114273071289
2021-11-09,147.43743896484375,178.81149291992188,147.609619140625,142.02828979492188,149.61325073242188,323.02734375,30.55671501159668,129.61692810058594,205.83888244628906,56.05172348022461
2021-11-10,144.61209106445312,174.1024932861328,144.6112060546875,143.56646728515625,149.4705810546875,318.0754699707031,29.362628936767578,130.891845703125,208.2981719970703,54.94746780395508
2021-11-11,144.56321716308594,173.625,144.48532104492188,142.5089569091797,149.46163940429688,319.6427001953125,30.29058074951172,130.51736450195312,203.33132934570312,55.0501823425293
2021-11-12,146.63575744628906,176.25750732421875,147.37120056152344,144.21319580078125,148.7928924560547,323.7677001953125,30.29058074951172,130.6600341796875,204.94508361816406,54.63074493408203
2021-11-15,146.6455841064453,177.28399658203125,147.147216796875,142.91099548339844,148.52536010742188,323.1427001953125,29.92677879333496,131.40890502929688,205.14797973632812,55.10154724121094
2021-11-16,147.62319946289062,177.03500366210938,146.57627868652344,142.16810607910156,147.45529174804688,326.4503479003906,30.104196548461914,131.2216796875,207.9309844970703,55.6579475402832
2021-11-17,150.05752563476562,177.4499969482422,146.7457733154297,142.70126342773438,146.66163635253906,326.6719665527344,29.165283203125,131.14144897460938,198.1519012451172,55.0501823425293
2021-11-18,154.33956909179688,184.80299377441406,148.5215301513672,141.93214416503906,145.39540100097656,328.7430419921875,31.571382522583008,131.1592559814453,196.4801788330078,54.45098114013672
2021-11-19,156.95962524414062,183.82850646972656,147.61753845214844,142.36038208007812,143.4960174560547,330.5155334472656,32.87710189819336,130.891845703125,194.09339904785156,51.934303283691406
2021-11-22,157.4191436767578,178.6284942626953,145.01608276367188,140.48663330078125,146.5546417236328,327.35589599609375,31.851463317871094,131.76547241210938,188.9912567138672,52.65335464477539
2021-11-23,157.8004150390625,179.0019989013672,144.50067138671875,141.35751342773438,150.05909729003906,325.2847595214844,31.642148971557617,133.2275848388672,191.80323791503906,54.040096282958984
2021-11-24,158.3185577392578,179.02049255371094,144.83572387695312,140.96168518066406,148.88204956054688,325.50640869140625,32.56711196899414,132.53219604492188,196.40284729003906,54.33970642089844
2021-11-26,153.3032684326172,175.22799682617188,140.9333038330078,140.04678344726562,144.3966827392578,317.5784912109375,31.399948120117188,131.47129821777344,190.99151611328125,52.430782318115234
2021-11-29,156.6565704345703,178.07850646972656,144.2513885498047,140.5306396484375,143.77244567871094,324.2733459472656,33.266822814941406,132.85316467285156,189.67738342285156,52.721832275390625
2021-11-30,161.60337829589844,175.35350036621094,140.6503448486328,137.17018127441406,141.63232421875,318.4551086425781,32.56910705566406,128.89480590820312,187.2422332763672,51.223812103271484
2021-12-01,161.08523559570312,172.18600463867188,139.811767578125,139.0615692138672,140.79409790039062,317.9637756347656,31.33600616455078,130.51736450195312,183.7538604736328,51.18101119995117
2021-12-02,160.09783935546875,171.8679962158203,141.7094268798828,138.19064331054688,143.75465393066406,317.39544677734375,32.02482986450195,131.28407287597656,191.60995483398438,52.45646667480469
2021-12-03,158.2207794189453,169.489501953125,140.75340270996094,140.20518493652344,141.1508026123047,311.1532897949219,30.596338272094727,133.61985778808594,189.7063446044922,52.12261962890625
2021-12-06,161.6230010986328,171.36849975585938,141.8967742919922,143.33682250976562,142.81834411621094,314.2165832519531,29.942411422729492,135.64356994628906,195.85206604003906,52.7132682800293
2021-12-07,167.35191345214844,176.1645050048828,145.97512817382812,143.706298828125,144.96739196777344,322.6261291503906,32.32488250732422,135.28695678710938,200.3840789794922,53.303932189941406
2021-12-08,171.16468811035156,176.1580047607422,146.884033203125,144.5684051513672,143.3087615966797,322.67425537109375,31.72577476501465,135.8931884765625,201.9495086669922,53.45800018310547
2021-12-09,170.6562957763672,174.17100524902344,146.34085083007812,145.9407501220703,143.0858612060547,320.8729553222656,30.393980026245117,136.68666076660156,204.2686309814453,53.594970703125
2021-12-10,175.4369659423828,172.21200561523438,146.70065307617188,145.58006286621094,142.51513671875,329.9665222167969,30.102901458740234,138.594482421875,206.21090698242188,53.937374114990234
2021-12-13,171.80996704101562,169.5675048828125,144.54478454589844,148.18392944335938,140.8208465576172,326.9417419433594,28.07231903076172,140.56471252441406,203.91111755371094,52.756072998046875
2021-12-14,170.4314727783203,169.0915069580078,142.6421661376953,149.80258178710938,141.8998565673828,316.28765869140625,28.247760772705078,141.081787109375,202.90614318847656,52.67902755737305
2021-12-15,175.29034423828125,173.31500244140625,145.1538848876953,150.55030822753906,140.83871459960938,322.365966796875,30.363079071044922,141.62559509277344,205.15765380859375,52.44791793823242
2021-12-16,168.40774536132812,168.87100219726562,143.1754608154297,152.19532775878906,143.041259765625,312.97393798828125,28.297605514526367,143.6315460205078,207.14825439453125,52.53350830078125
2021-12-17,167.3128204345703,170.0175018310547,140.47935485839844,147.9904022216797,139.7864532470703,311.9142761230469,27.71345329284668,140.37750244140625,204.7421417236328,51.38645553588867
2021-12-20,165.95388793945312,167.07899475097656,140.3623809814453,147.5681610107422,137.27183532714844,308.1671142578125,27.6317081451416,140.7340850830078,201.7079620361328,50.64171600341797
2021-12-21,169.1214599609375,170.41700744628906,142.2114715576172,147.09315490722656,139.1890106201172,315.27618408203125,28.983436584472656,140.64491271972656,208.1242218017578,51.78878402709961
2021-12-22,171.71217346191406,171.03700256347656,145.12811279296875,147.72650146484375,139.73297119140625,320.96929931640625,29.307409286499023,142.0357208251953,210.61727905273438,52.208221435546875
2021-12-23,172.3378448486328,171.06849670410156,145.6251983642578,148.00799560546875,140.23231506347656,322.40460205078125,29.546655654907227,142.73110961914062,209.3224334716797,52.23391342163086
2021-12-27,176.2973175048828,169.66949462890625,146.6064910888672,149.25714111328125,141.03488159179688,329.8797607421875,30.847545623779297,144.39820861816406,210.2984619140625,52.9786376953125
2021-12-28,175.28054809570312,170.66099548339844,145.39772033691406,149.85536193847656,141.46290588378906,328.7237854003906,30.22650909423828,145.173828125,210.70428466796875,52.80743408203125
2021-12-29,175.36854553222656,169.2010040283203,145.36602783203125,150.91098022460938,141.39157104492188,329.3980712890625,29.906522750854492,146.37738037109375,210.82028198242188,52.34519577026367
2021-12-30,174.21495056152344,168.64450073242188,144.91549682617188,151.57957458496094,141.3202362060547,326.8645935058594,29.492830276489258,145.11143493652344,210.53033447265625,52.037025451660156
2021-12-31,173.59902954101562,166.7169952392578,143.578857421875,150.48873901367188,141.20431518554688,323.9747314453125,29.318378448486328,145.83355712890625,209.40943908691406,52.379432678222656
2022-01-03,177.93971252441406,170.4044952392578,143.71713256835938,150.90219116210938,144.1915740966797,322.46240234375,30.02614402770996,145.22731018066406,213.9703826904297,54.39105987548828
2022-01-04,175.68136596679688,167.52200317382812,143.13034057617188,150.49754333496094,149.6578369140625,316.9330749511719,29.1977596282959,145.73550415039062,214.96575927734375,56.43693161010742
2022-01-05,171.00823974609375,164.35699462890625,136.56405639648438,151.50039672851562,146.92178344726562,304.76666259765625,27.517072677612305,146.39520263671875,212.58859252929688,57.13884735107422
2022-01-06,168.15357971191406,163.25399780273438,136.5367889404297,150.9813690185547,148.48265075683594,302.3584289550781,28.08926010131836,145.1649169921875,212.34703063964844,58.48280334472656
2022-01-07,168.31982421875,162.5540008544922,135.81271362304688,153.022216796875,149.95387268066406,302.51263427734375,27.161195755004883,145.0846710205078,209.6510009765625,58.96217346191406
2022-01-10,168.33934020996094,161.48599243164062,137.45069885253906,152.26571655273438,150.097412109375,302.7341003417969,27.31370735168457,143.10552978515625,204.82911682128906,58.6112060546875
2022-01-11,171.16468811035156,165.36199951171875,138.5078125,150.64707946777344,150.24990844726562,303.4180603027344,27.729394912719727,141.4473114013672,207.1579132080078,61.0765266418457
2022-01-12,171.60462951660156,165.20700073242188,140.1874237060547,149.3627166748047,151.10214233398438,306.5873107910156,27.910829544067383,141.75930786132812,208.44314575195312,60.896751403808594
2022-01-13,168.33934020996094,161.21400451660156,137.36891174316406,148.45664978027344,150.9137420654297,293.6116638183594,26.491313934326172,141.11746215820312,207.75701904296875,60.46018600463867
2022-01-14,169.19967651367188,162.13800048828125,138.2545623779297,147.64732360839844,141.6380615234375,298.8135681152344,26.857154846191406,142.47256469726562,207.43817138671875,61.521636962890625
2022-01-18,166.0028076171875,158.91749572753906,134.80267333984375,146.99639892578125,135.6994171142578,291.5406799316406,25.821428298950195,139.7266845703125,208.44314575195312,62.55739974975586
2022-01-19,162.5126495361328,156.2989959716797,133.92892456054688,146.5389404296875,133.6002960205078,292.1956481933594,24.988059997558594,144.42495727539062,207.4478302001953,62.58311080932617
2022-01-20,160.83111572265625,151.66749572753906,132.1358184814453,145.36892700195312,132.46104431152344,290.5292053222656,24.073945999145508,145.20474243164062,207.12893676757812,62.720062255859375
2022-01-21,158.77804565429688,142.64300537109375,129.205810546875,145.03465270996094,130.14662170410156,285.1636657714844,23.300392150878906,145.76051330566406,198.99258422851562,61.778446197509766
2022-01-24,158.0056915283203,144.54400634765625,129.65432739257812,143.3632354736328,130.02999877929688,285.49114990234375,23.298397064208984,144.57736206054688,195.05003356933594,62.309173583984375
2022-01-25,156.2068328857422,139.98599243164062,125.81932830810547,147.46258544921875,131.44737243652344,277.900390625,22.253694534301758,142.99981689453125,195.19497680664062,64.14103698730469
2022-01-26,156.118896484375,138.87249755859375,128.09715270996094,148.12237548828125,132.69430541992188,285.8186950683594,22.700288772583008,141.75390625,198.9346160888672,63.490474700927734
2022-01-27,155.6593475341797,139.6374969482422,127.87113952636719,150.0664825439453,130.35293579101562,288.8337707519531,21.874895095825195,142.63232421875,199.2052001953125,64.3036880493164
2022-01-28,166.5209503173828,143.97799682617188,132.17893981933594,151.12208557128906,131.5190887451172,296.9447326660156,22.768070220947266,143.86026000976562,220.3190460205078,64.44062805175781
2022-01-31,170.87139892578125,149.57350158691406,134.11428833007812,151.56195068359375,133.30430603027344,299.5649108886719,24.40888786315918,143.81546020507812,218.5507354736328,65.0227279663086
2022-02-01,170.7052001953125,151.19349670410156,136.43421936035156,150.3215789794922,135.591796875,297.4264221191406,24.560413360595703,143.17909240722656,224.53221130371094,69.19151306152344
2022-02-02,171.90771484375,150.6125030517578,146.69915771484375,151.98422241210938,134.50637817382812,301.9538269042969,25.16250991821289,145.74258422851562,227.48910522460938,69.01176452636719
2022-02-03,169.03346252441406,138.8455047607422,141.83233642578125,151.97543334960938,133.39398193359375,290.1920471191406,23.87257957458496,147.12289428710938,223.73980712890625,68.20710754394531
2022-02-04,168.74957275390625,157.63949584960938,142.03355407714844,150.9813690185547,136.856689453125,294.70989990234375,24.242412567138672,144.78346252441406,220.69593811035156,69.68800354003906
2022-02-07,168.03500366210938,157.9355010986328,137.97750854492188,150.47991943359375,137.31419372558594,289.9031066894531,24.65012550354004,143.69894409179688,219.5073699951172,70.52689361572266
2022-02-08,171.13807678222656,161.4134979248047,138.17376708984375,150.87579345703125,139.8977508544922,293.3805236816406,25.028932571411133,143.3762664794922,220.26113891601562,68.7035903930664
2022-02-09,172.55743408203125,161.1894989013672,140.34751892089844,150.8582000732422,140.4808349609375,299.7864685058594,26.620895385742188,143.0535888671875,223.09242248535156,68.37470245361328
2022-02-10,168.48529052734375,159.0034942626953,137.40164184570312,149.0372772216797,139.8977508544922,291.28057861328125,25.742673873901367,140.87548828125,218.3449249267578,67.71693420410156
2022-02-11,165.07876586914062,153.2935028076172,133.10223388671875,147.5330047607422,138.07667541503906,284.21002197265625,23.873579025268555,140.0867156982422,217.4738311767578,69.42196655273438
2022-02-14,165.313720703125,155.16700744628906,134.33480834960938,145.6768341064453,136.7938690185547,284.17144775390625,24.190580368041992,140.4900665283203,218.10292053222656,68.3573989868164
2022-02-15,169.14114379882812,156.510498046875,135.40782165527344,147.1810760498047,138.79434204101562,289.4407043457031,26.41156005859375,140.56179809570312,220.50332641601562,67.50053405761719
2022-02-16,168.90621948242188,158.10049438476562,136.52740478515625,147.09315490722656,139.0455322265625,289.1028137207031,26.427513122558594,141.6284637451172,221.47122192382812,67.81214141845703
2022-02-17,165.313720703125,154.65249633789062,131.37405395507812,146.19583129882812,135.84298706054688,280.6373291015625,24.429819107055664,143.25079345703125,217.39639282226562,67.7082748413086
2022-02-18,163.76707458496094,152.60150146484375,129.25685119628906,144.6287841796875,136.47991943359375,277.9344482421875,23.567548751831055,143.32249450683594,215.53811645507812,66.95529174804688
2022-02-22,160.84999084472656,150.19749450683594,128.67251586914062,142.66336059570312,136.23768615722656,277.7318420410156,23.316341400146484,141.55673217773438,214.2120819091797,66.17632293701172
2022-02-23,156.68975830078125,144.82699584960938,126.46658325195312,142.73416137695312,133.38504028320312,270.5404357910156,22.316497802734375,139.79098510742188,209.01451110839844,66.44462585449219
2022-02-24,159.3033905029297,151.35800170898438,131.52471923828125,140.00732421875,129.6711883544922,284.36322021484375,23.6732120513916,136.02638244628906,210.32118225097656,65.60509490966797
2022-02-25,161.36880493164062,153.7884979248047,133.2777099609375,146.96607971191406,132.7391357421875,286.9888916015625,24.08092498779297,141.83460998535156,212.22787475585938,67.37071228027344
2022-02-28,161.63307189941406,153.56300354003906,133.8699493408203,145.70008850097656,127.20421600341797,288.41748046875,24.308204650878906,139.7282257080078,209.1790313720703,67.87271118164062
2022-03-01,159.75364685058594,151.14199829101562,132.8831787109375,145.19541931152344,122.40487670898438,284.7107849121094,23.403064727783203,137.41567993164062,202.2587127685547,68.52183532714844
2022-03-02,163.04270935058594,152.05250549316406,133.38870239257812,147.00149536132812,124.94361877441406,289.7689514160156,24.147836685180664,137.8459014892578,201.7844696044922,69.69892883300781
2022-03-03,162.71966552734375,147.89849853515625,132.72262573242188,149.16171264648438,124.05551147460938,285.6470947265625,23.643346786499023,138.35687255859375,200.5745849609375,70.14033508300781
2022-03-04,159.72425842285156,145.64100646972656,130.7471160888672,150.0470428466797,120.56591796875,279.7974548339844,22.867666244506836,139.05596923828125,193.85748291015625,72.78011322021484
2022-03-07,155.93600463867188,137.4530029296875,125.2677230834961,152.46405029296875,115.91015625,269.2276611328125,21.288387298583984,136.99441528320312,184.57545471191406,75.40259552001953
2022-03-08,154.11526489257812,136.01449584960938,125.98735046386719,149.37420654296875,115.09381866455078,266.27386474609375,21.44990348815918,131.57164001464844,185.55303955078125,75.97380828857422
2022-03-09,159.5089111328125,139.2790069580078,132.24734497070312,149.9408416748047,119.70474243164062,278.4847412109375,22.9454345703125,133.34637451171875,193.34449768066406,71.65496063232422
2022-03-10,155.1724853515625,146.8175048828125,131.2655487060547,150.20645141601562,118.28736114501953,275.67572021484375,22.590497970581055,129.91348266601562,191.61199951171875,73.87930297851562
2022-03-11,151.46253967285156,145.52450561523438,128.72900390625,149.93197631835938,115.62310028076172,270.34735107421875,22.03415870666504,128.37179565429688,190.39248657226562,73.49848175048828
2022-03-14,147.4392852783203,141.85299682617188,124.84397888183594,152.00364685058594,116.7713394165039,266.84332275390625,21.266448974609375,130.01205444335938,193.89617919921875,70.86734771728516
2022-03-15,151.81491088867188,147.3665008544922,128.0624542236328,155.94338989257812,118.84357452392578,277.18157958984375,22.904558181762695,134.6908721923828,199.51963806152344,66.83411407470703
2022-03-16,156.21983337402344,153.10400390625,132.1090545654297,154.50917053222656,124.15420532226562,284.17022705078125,24.423017501831055,134.23374938964844,205.0655517578125,66.58311462402344
2022-03-17,157.2281036376953,157.23899841308594,132.66265869140625,156.52774047851562,125.7240982055664,284.9714050292969,24.692214965820312,134.65501403808594,206.59483337402344,68.3573989868164
2022-03-18,160.5171661376953,161.25050354003906,134.92909240722656,154.79244995117188,125.67919158935547,290.0005798339844,26.374183654785156,134.5833282470703,212.07305908203125,68.08908081054688
2022-03-21,161.88763427734375,161.4915008544922,134.90528869628906,155.66897583007812,125.2755355834961,288.7746887207031,26.65435028076172,135.09425354003906,210.06951904296875,71.1443099975586
2022-03-22,165.25497436523438,164.88900756835938,138.63864135742188,154.93414306640625,127.9398193359375,293.50457763671875,26.444974899291992,136.13397216796875,211.45361328125,70.83273315429688
2022-03-23,166.61566162109375,163.4080047607422,137.06016540527344,154.34982299804688,125.39215087890625,289.09320068359375,25.557628631591797,135.18386840820312,207.7853240966797,71.94921875
2022-03-24,170.3941192626953,163.64950561523438,140.32769775390625,155.1466064453125,126.20848846435547,293.54315185546875,28.066131591796875,135.41693115234375,210.33087158203125,72.16560363769531
2022-03-25,171.0303955078125,164.77349853515625,140.4278106689453,156.6339569091797,127.3118896484375,293.1377258300781,27.6094970703125,136.9854736328125,211.41488647460938,73.7408218383789
2022-03-28,171.8917999267578,168.99049377441406,140.2122039794922,157.43959045410156,126.36993408203125,299.9140625,28.13492202758789,137.9265899658203,213.67971801757812,71.6722640991211
2022-03-29,175.18087768554688,169.31500244140625,141.2529754638672,157.3599395751953,126.6480484008789,304.4605407714844,28.57062530517578,139.34280395507812,220.79364013671875,71.29143524169922
2022-03-30,174.01597595214844,166.30099487304688,140.69097900390625,158.99786376953125,126.07392120361328,302.9643249511719,27.607501983642578,138.3837432861328,216.7576141357422,72.51181030273438
2022-03-31,170.92271423339844,162.99749755859375,137.84519958496094,156.908447265625,122.288330078125,297.60699462890625,27.20470428466797,136.9585723876953,214.64759826660156,71.48186492919922
2022-04-01,170.62901306152344,163.55999755859375,138.9186553955078,157.75836181640625,121.38226318359375,298.6784362792969,26.632417678833008,139.01116943359375,219.0901641845703,71.9405746459961
2022-04-04,174.6718292236328,168.34649658203125,141.7148895263672,156.23556518554688,121.92052459716797,304.0358581542969,27.278484344482422,138.1058807373047,220.42587280273438,71.9751968383789
2022-04-05,171.36318969726562,164.05499267578125,139.35531616210938,157.24484252929688,120.50167083740234,300.0877990722656,25.85373878479004,138.58990478515625,218.82888793945312,71.60302734375
2022-04-06,168.20140075683594,158.75599670410156,135.34783935546875,161.33509826660156,118.8298110961914,289.1028137207031,24.33428382873535,140.57077026367188,211.97622680664062,72.39928436279297
2022-04-07,168.50485229492188,157.7845001220703,134.6941375732422,160.9189910888672,118.46829986572266,290.90789794921875,24.135875701904297,142.39028930664062,209.20809936523438,73.61100006103516
2022-04-08,166.49813842773438,154.4604949951172,132.11598205566406,161.23776245117188,120.6372299194336,286.66064453125,23.05011749267578,143.50177001953125,210.01148986816406,75.16024780273438
2022-04-11,162.2498016357422,151.1219940185547,127.69123840332031,159.2191619873047,120.19441986083984,275.357177734375,21.851701736450195,142.95497131347656,207.8530731201172,72.57240295410156
2022-04-12,164.11947631835938,150.78750610351562,126.59197998046875,159.27230834960938,118.8749771118164,272.268310546875,21.439931869506836,142.5247344970703,204.6106414794922,74.08702087402344
2022-04-13,166.80157470703125,155.54100036621094,128.75230407714844,159.94515991210938,115.04320526123047,277.63525390625,22.136850357055664,142.92811584472656,206.4206085205078,75.13427734375
2022-04-14,161.79949951171875,151.7064971923828,125.61614227294922,159.27230834960938,113.97682189941406,270.1156921386719,21.194660186767578,142.13037109375,205.95599365234375,76.01709747314453
2022-04-18,161.58416748046875,152.78500366210938,126.55430603027344,157.2891387939453,116.0915298461914,270.7817077636719,21.718101501464844,140.77691650390625,206.3238067626953,76.64025115966797
2022-04-19,163.86495971679688,158.11549377441406,128.86630249023438,162.08767700195312,118.49540710449219,275.39581298828125,22.131864547729492,142.88331604003906,208.7725372314453,75.95651245117188
2022-04-20,163.69851684570312,153.9980010986328,126.91461181640625,162.80477905273438,118.9111099243164,276.4189758300781,21.417997360229492,146.68370056152344,210.7954559326172,76.12962341308594
2022-04-21,162.90567016601562,148.29600524902344,123.71746826171875,162.3355255126953,117.98933410644531,271.06170654296875,20.122867584228516,146.56924438476562,209.4984893798828,75.3246841430664
2022-04-22,158.3734130859375,144.35000610351562,118.58399200439453,160.72422790527344,114.60039520263672,264.51702880859375,19.456859588623047,145.34341430664062,201.48439025878906,73.68022918701172
2022-04-25,159.44044494628906,146.07400512695312,121.99226379394531,164.68170166015625,114.56425476074219,270.97479248046875,19.842702865600586,146.51515197753906,203.2071990966797,71.19625091552734
2022-04-26,153.4888153076172,139.39100646972656,117.60714721679688,163.50418090820312,111.17530059814453,260.83929443359375,18.732025146484375,144.02740478515625,194.6414794921875,71.22221374511719
2022-04-27,153.263671875,138.16700744628906,113.28993225097656,161.2200164794922,109.7293472290039,273.3880310058594,18.360136032104492,143.63986206054688,207.23362731933594,73.25614166259766
2022-04-28,160.18435668945312,144.59649658203125,117.48077392578125,162.42410278320312,111.4645004272461,279.5754699707031,19.723060607910156,147.2903594970703,213.5732879638672,75.47181701660156
2022-04-29,154.32083129882812,124.28150177001953,113.10655975341797,159.76808166503906,107.8676986694336,267.8858642578125,18.491743087768555,144.7124786376953,206.2851104736328,73.78410339355469
2022-05-02,154.62432861328125,124.5,115.5583267211914,158.15676879882812,108.85274505615234,274.5946044921875,19.474807739257812,142.75650024414062,204.7364959716797,74.7880859375
2022-05-03,156.11216735839844,124.25350189208984,116.30271911621094,157.84689331054688,111.1843490600586,271.9980163574219,19.543598175048828,140.80056762695312,201.8618621826172,76.32868957519531
2022-05-04,162.51406860351562,125.92849731445312,121.18640899658203,159.53790283203125,114.86248016357422,279.913330078125,20.273420333862305,141.83714294433594,207.63043212890625,79.36659240722656
2022-05-05,153.45944213867188,116.40699768066406,115.48149108886719,156.49232482910156,111.98863983154297,267.72186279296875,18.787858963012695,139.2232208251953,198.6485137939453,78.16353607177734
2022-05-06,154.1848602294922,114.77249908447266,114.72916412353516,156.14706420898438,111.80790710449219,265.1927795410156,18.619359970092773,140.61129760742188,196.30621337890625,79.35794830322266
2022-05-09,149.0675811767578,108.78900146484375,111.52210998535156,156.99697875976562,110.12700653076172,255.3950653076172,16.89950180053711,140.25975036621094,186.80157470703125,73.10035705566406
2022-05-10,151.46937561035156,108.85900115966797,113.3895492553711,156.78445434570312,107.44295501708984,260.1443176269531,17.542577743530273,139.5206298828125,187.3629913330078,73.58503723144531
2022-05-11,143.61700439453125,105.37200164794922,112.60401153564453,155.93453979492188,106.76516723632812,251.5049591064453,16.58045196533203,137.5557098388672,190.40213012695312,75.11697387695312
2022-05-12,139.7545623779297,106.93049621582031,111.85218048095703,157.4750518798828,106.6748046875,246.4855194091797,16.12681007385254,136.9968719482422,188.09901428222656,75.4579849243164
2022-05-13,144.21499633789062,113.05500030517578,115.03050231933594,156.5719757080078,107.62370300292969,252.05517578125,17.653249740600586,138.466064453125,193.1998291015625,77.69636535644531
2022-05-16,142.6759033203125,110.81050109863281,113.4391098022461,157.66094970703125,106.87361145019531,252.4219970703125,17.212560653686523,139.81808471679688,191.82281494140625,79.5237808227539
2022-05-17,146.3031005859375,115.36849975585938,115.44928741455078,158.31613159179688,110.41619110107422,257.5573425292969,18.12284278869629,139.42147827148438,197.825439453125,80.53804016113281
2022-05-18,138.0487823486328,107.11250305175781,110.91597747802734,155.37680053710938,108.52739715576172,245.83079528808594,16.88753318786621,130.73245239257812,193.936767578125,79.26146697998047
2022-05-19,134.6470947265625,107.31900024414062,109.41380310058594,153.9956817626953,106.91879272460938,244.9213409423828,17.07298469543457,127.7219467163086,191.39613342285156,79.68992614746094
2022-05-20,134.88232421875,107.59100341796875,107.95077514648438,156.68707275390625,106.04219055175781,244.3601531982422,16.644262313842773,127.80303192138672,193.00587463378906,80.3194808959961
2022-05-23,140.29373168945312,107.55699920654297,110.50809478759766,159.88589477539062,112.60319519042969,252.1875457763672,16.847658157348633,130.74143981933594,201.27764892578125,82.09442138671875
2022-05-24,137.59783935546875,104.0999984741211,105.03860473632812,161.63229370117188,114.19371795654297,251.1909942626953,16.105871200561523,133.0669708251953,196.49691772460938,82.54035186767578
2022-05-25,137.7546844482422,106.7750015258789,104.87506866455078,160.04627990722656,114.98897552490234,253.99681091308594,16.924427032470703,130.8856964111328,197.67025756835938,84.20166015625
2022-05-26,140.95053100585938,111.07749938964844,106.84508514404297,159.90370178222656,116.9771728515625,257.26708984375,17.797815322875977,132.03038024902344,202.23773193359375,84.49893951416016
2022-05-27,146.6952362060547,115.14649963378906,111.32933044433594,161.3560791015625,118.63096618652344,264.36871337890625,18.75495719909668,134.04945373535156,206.43663024902344,85.32958984375
2022-05-31,145.9109649658203,120.20950317382812,112.76211547851562,159.96607971191406,119.4985122680664,263.04315185546875,18.616371154785156,133.29229736328125,205.7481689453125,83.9393539428711
2022-06-01,145.7835235595703,121.68399810791016,112.8909683227539,158.3444061279297,117.40191650390625,263.5753479003906,18.26541519165039,131.2732391357422,203.57594299316406,85.54816436767578
2022-06-02,148.23431396484375,125.51100158691406,116.58867645263672,157.8454132080078,119.29066467285156,265.66522216796875,19.53362464904785,132.6884002685547,208.54098510742188,85.39955139160156
2022-06-03,142.51904296875,122.3499984741211,113.53426361083984,157.1949920654297,117.62784576416016,261.2532653808594,18.66422462463379,131.49859619140625,206.213623046875,86.64114379882812
2022-06-06,143.26409912109375,124.79000091552734,115.7937240600586,157.17715454101562,117.23924255371094,260.02447509765625,18.730030059814453,130.98483276367188,206.49488830566406,86.42254638671875
2022-06-07,145.7835235595703,123.0,116.11984252929688,158.90576171875,117.54651641845703,263.6528015136719,18.869609832763672,132.44500732421875,208.0076141357422,90.38346862792969
2022-06-08,145.04827880859375,121.18000030517578,116.1639633178711,157.96128845214844,115.6758041381836,261.63067626953125,18.59637451171875,130.7955322265625,207.0378875732422,91.45018005371094
2022-06-09,139.83297729492188,116.1500015258789,113.82617950439453,154.7802734375,113.24480438232422,256.1930847167969,17.99803352355957,128.43399047851562,199.87156677246094,89.4740982055664
2022-06-10,134.43141174316406,109.6500015258789,110.18446350097656,153.74668884277344,108.03939819335938,244.77626037597656,16.927005767822266,127.9472427368164,193.47132873535156,87.83902740478516
2022-06-13,129.28475952148438,103.66999816894531,105.45738220214844,152.1963348388672,104.8221664428711,234.3945770263672,15.603682518005371,124.52210235595703,186.44076538085938,83.80818939208984
2022-06-14,130.1473846435547,102.30999755859375,105.77755737304688,149.86184692382812,103.0780029296875,236.5521697998047,15.792157173156738,120.63728332519531,187.66259765625,84.02678680419922
2022-06-15,132.7648468017578,107.66999816894531,108.79975891113281,151.46566772460938,104.29801940917969,243.58615112304688,16.481245040893555,119.4384765625,190.22274780273438,82.96879577636719
2022-06-16,127.50055694580078,103.66000366210938,105.1015396118164,151.54588317871094,102.5086441040039,237.0166015625,15.557808876037598,120.1685562133789,183.32791137695312,79.90850067138672
2022-06-17,128.97100830078125,106.22000122070312,106.20178985595703,150.99346923828125,102.14717864990234,239.60958862304688,15.836034774780273,119.30325317382812,184.2588653564453,75.30058288574219
2022-06-21,133.19618225097656,108.68000030517578,110.56360626220703,154.15660095214844,104.67757415771484,245.50186157226562,16.5201358795166,122.91768646240234,188.5063018798828,79.98721313476562
2022-06-22,132.68643188476562,108.94999694824219,110.50759887695312,156.58909606933594,104.09015655517578,244.91163635253906,16.314708709716797,124.83760833740234,187.9535675048828,76.82199096679688
2022-06-23,135.5489959716797,112.44000244140625,111.2554702758789,160.0819091796875,102.95146942138672,250.45559692382812,16.180082321166992,128.2627410888672,190.68820190429688,74.50491333007812
2022-06-24,138.87222290039062,116.45999908447266,116.93807983398438,162.42532348632812,106.02410125732422,259.00860595703125,17.078584671020508,130.11048889160156,199.2897491455078,75.98259735107422
2022-06-27,138.87222290039062,113.22000122070312,114.81541442871094,162.2738494873047,105.17460632324219,256.28985595703125,16.822294235229492,129.11898803710938,197.3987274169922,77.84498596191406
2022-06-28,134.73532104492188,107.4000015258789,111.02303314208984,157.6583251953125,104.66851806640625,248.1529083251953,15.937750816345215,127.01889038085938,192.12338256835938,80.00469207763672
2022-06-29,136.49008178710938,108.91999816894531,110.71971130371094,157.702880859375,104.1986083984375,251.8102264404297,15.498969078063965,128.17257690429688,193.46160888671875,77.04932403564453
2022-06-30,134.0294952392578,106.20999908447266,108.00529479980469,158.16619873046875,101.76761627197266,248.4915313720703,15.117032051086426,129.60574340820312,190.93064880371094,74.88089752197266
2022-07-01,136.19595336914062,109.55999755859375,107.78178405761719,159.95718383789062,103.06896209716797,251.15220642089844,14.482793807983398,131.69686889648438,193.15130615234375,76.55093383789062
2022-07-05,138.7742156982422,113.5,112.26750183105469,158.72755432128906,102.67692565917969,254.3160858154297,14.922572135925293,130.42596435546875,194.47012329101562,74.15516662597656
2022-07-06,140.1074981689453,114.33000183105469,113.56498718261719,158.8700714111328,102.0113754272461,257.5669860839844,15.088109970092773,131.64280700683594,195.03257751464844,72.8173828125
2022-07-07,143.469970703125,116.33000183105469,117.7389907836914,159.04832458496094,104.59152221679688,259.6858825683594,15.814094543457031,131.59771728515625,196.66177368164062,75.14320373535156
2022-07-08,144.1463623046875,115.54000091552734,118.30447387695312,158.85231018066406,104.26329803466797,258.969970703125,15.794151306152344,130.71441650390625,197.408447265625,75.26561737060547
2022-07-11,142.01905822753906,111.75,114.6597900390625,158.91465759277344,102.89574432373047,255.9221954345703,15.110050201416016,131.6337890625,198.8533477783203,74.88089752197266
2022-07-12,142.98960876464844,109.22000122070312,113.0183334350586,156.6870880126953,102.99603271484375,245.43414306640625,15.040245056152344,130.47103881835938,198.62059020996094,73.88410949707031
2022-07-13,142.6269073486328,110.4000015258789,110.3747787475586,156.32179260253906,102.02961730957031,244.51498413085938,15.122016906738281,131.32736206054688,197.9709014892578,74.181396484375
2022-07-14,145.54823303222656,110.62999725341797,109.39744567871094,156.5355987548828,98.46481323242188,245.83079528808594,15.329442977905273,130.93972778320312,199.67762756347656,72.69498443603516
2022-07-15,147.21478271484375,113.55000305175781,110.79505157470703,158.80772399902344,102.97779083251953,248.3851318359375,15.718360900878906,130.75949096679688,203.6826171875,73.91908264160156
2022-07-18,144.17578125,113.76000213623047,108.07170104980469,155.2436065673828,101.92020416259766,245.9952850341797,16.05642318725586,129.1731414794922,200.93829345703125,75.28309631347656
2022-07-19,148.02845764160156,118.20999908447266,112.8096923828125,152.9804229736328,104.44564056396484,251.10389709472656,16.944955825805664,129.83108520507812,207.1930389404297,77.18048095703125
2022-07-20,150.0283203125,122.7699966430664,112.89889526367188,152.1072235107422,104.42741394042969,253.75489807128906,17.75769805908203,127.58670806884766,206.91183471679688,78.02861785888672
2022-07-21,152.2928466796875,124.62999725341797,113.33502960205078,152.64183044433594,105.13855743408203,256.2414855957031,18.00002670288086,127.70736694335938,209.64645385742188,76.7258071899414
2022-07-22,151.05763244628906,122.41999816894531,106.95162963867188,153.36354064941406,104.62798309326172,251.90695190429688,17.271053314208984,129.74859619140625,207.23184204101562,76.13998413085938
2022-07-25,149.94009399414062,121.13999938964844,106.56507110595703,153.6665496826172,105.04737854003906,250.42662048339844,16.97686767578125,130.6285858154297,207.7845916748047,78.67565155029297
2022-07-26,148.61666870117188,114.80999755859375,104.09695434570312,154.7535400390625,103.40628051757812,243.7216033935547,16.487228393554688,130.8826141357422,206.05848693847656,78.36962127685547
2022-07-27,153.7045135498047,120.97000122070312,112.06629180908203,154.32586669921875,105.06560516357422,260.01483154296875,17.740745544433594,132.12545776367188,204.09959411621094,80.06588745117188
2022-07-28,154.2534942626953,122.27999877929688,113.2160873413086,155.21688842773438,104.67356872558594,267.43585205078125,17.9342098236084,134.32090759277344,204.95298767089844,81.00148010253906
2022-07-29,159.31192016601562,134.9499969482422,115.2976303100586,155.5020294189453,105.17501068115234,271.625244140625,18.112714767456055,126.01996612548828,205.6899871826172,84.75250244140625
2022-08-01,158.33160400390625,135.38999938964844,113.8504638671875,154.95849609375,104.12654876708984,268.98388671875,18.389944076538086,129.6396942138672,204.96267700195312,82.61031341552734
2022-08-02,156.86117553710938,134.16000366210938,114.11808013916016,154.07638549804688,102.50370025634766,265.8975524902344,18.474708557128906,128.77789306640625,200.0170135498047,82.25181579589844
2022-08-03,162.8607177734375,139.52000427246094,117.04216766357422,155.5644073486328,103.57952880859375,273.2990417480469,18.8406925201416,131.43600463867188,202.1698455810547,79.5849838256836
2022-08-04,162.54698181152344,142.57000732421875,117.15119171142578,153.06954956054688,102.43987274169922,274.4407958984375,19.16179656982422,131.22732543945312,207.0087890625,76.23617553710938
2022-08-05,162.3212432861328,140.8000030517578,116.4375228881836,152.46363830566406,105.53971099853516,273.7247619628906,18.93642807006836,131.29086303710938,209.3361358642578,77.33786010742188
2022-08-08,161.85003662109375,139.41000366210938,116.26901245117188,151.65281677246094,104.2541732788086,271.2188720703125,17.743736267089844,131.78976440429688,206.8633270263672,77.77503967285156
2022-08-09,161.89910888671875,137.8300018310547,115.60491180419922,151.63499450683594,105.19324493408203,273.13458251953125,17.038694381713867,131.48135375976562,203.8959197998047,79.20901489257812
2022-08-10,166.13998413085938,142.69000244140625,118.6479263305664,152.07156372070312,107.93749237060547,279.7718811035156,18.04689598083496,132.72422790527344,205.68026733398438,79.96096801757812
2022-08-11,165.40371704101562,140.63999938964844,117.79549407958984,148.92626953125,109.53299713134766,277.70135498046875,17.8923282623291,131.78073120117188,205.0536651611328,82.27408599853516
2022-08-12,168.9475860595703,143.5500030517578,120.61051940917969,147.2867889404297,111.34730529785156,282.4326171875,18.657201766967773,133.0598907470703,205.29656982421875,82.98920440673828
2022-08-15,170.01760864257812,143.17999267578125,121.00700378417969,147.99066162109375,111.64816284179688,283.9419860839844,18.979310989379883,134.7744598388672,210.24124145507812,81.5059814453125
2022-08-16,169.86053466796875,144.77999877929688,120.63034057617188,149.30938720703125,112.71487426757812,283.2066345214844,18.826730728149414,136.01736450195312,210.94068908691406,80.74671173095703
2022-08-17,171.35272216796875,142.10000610351562,118.49923706054688,149.31829833984375,111.76668548583984,282.4600830078125,18.284236907958984,135.39141845703125,208.39547729492188,81.4000244140625
2022-08-18,170.96002197265625,142.3000030517578,119.11377716064453,148.59658813476562,110.90055084228516,281.344970703125,18.72102928161621,135.87222290039062,209.10459899902344,83.32467651367188
2022-08-19,168.3782196044922,138.22999572753906,116.17980194091797,150.85975646972656,108.15631103515625,277.4472351074219,17.79958152770996,135.83592224121094,206.7440185546875,83.05982208251953
2022-08-22,164.50054931640625,133.22000122070312,113.23591613769531,150.3305206298828,106.36934661865234,269.302734375,16.986841201782227,135.47308349609375,202.6541748046875,82.99801635742188
2022-08-23,164.16677856445312,133.6199951171875,112.85924530029297,149.02090454101562,105.32088470458984,268.0325622558594,17.13343048095703,132.8603057861328,200.8958740234375,86.5206527709961
2022-08-24,164.4613037109375,133.8000030517578,112.69075775146484,148.52757263183594,105.576171875,267.40240478515625,17.17431640625,132.28875732421875,200.7695770263672,87.03269958496094
2022-08-25,166.91549682617188,137.27999877929688,115.6247329711914,149.91793823242188,108.08338928222656,270.36932373046875,17.8634033203125,132.17991638183594,203.8296661376953,87.48297119140625
2022-08-26,160.62294006347656,130.75,109.37018585205078,147.3524627685547,104.5459213256836,259.93658447265625,16.214988708496094,129.08631896972656,197.09751892089844,86.40587615966797
2022-08-29,158.42393493652344,129.7899932861328,108.45826721191406,146.2132568359375,104.29064178466797,257.16351318359375,15.75725269317627,128.54202270507812,196.55348205566406,88.39231872558594
2022-08-30,155.99917602539062,128.72999572753906,107.98249816894531,145.70196533203125,104.30888366699219,254.9722442626953,15.425177574157715,127.1720962524414,195.63063049316406,85.02860260009766
2022-08-31,154.34014892578125,126.7699966430664,107.26882934570312,144.72421264648438,103.68892669677734,253.51788330078125,15.052210807800293,125.14000701904297,193.03683471679688,84.3929443359375
2022-09-01,155.06661987304688,127.81999969482422,108.77545928955078,148.31227111816406,104.40005493164062,252.48037719726562,13.89841365814209,126.68222045898438,194.41629028320312,82.8744125366211
2022-09-02,152.95596313476562,127.51000213623047,106.90206909179688,145.9800567626953,103.67069244384766,248.27239990234375,13.609217643737793,124.43235778808594,192.1139678955078,84.3929443359375
2022-09-06,151.69940185546875,126.11000061035156,105.87122344970703,146.3747100830078,103.69804382324219,245.54788208007812,13.42772102355957,123.04431915283203,192.9688720703125,83.8279037475586
2022-09-07,153.1032257080078,129.47999572753906,108.48802185058594,147.17306518554688,105.66735076904297,250.24066162109375,13.680094718933105,124.90409851074219,194.69801330566406,83.11280059814453
2022-09-08,151.63067626953125,129.82000732421875,107.42741394042969,148.35711669921875,108.12895202636719,250.65753173828125,13.955411911010742,125.0674057006836,194.979736328125,83.7926025390625
2022-09-09,154.4873504638672,133.27000427246094,109.6774673461914,148.6441650390625,108.64862823486328,256.41693115234375,14.351428985595703,126.9725341796875,199.341552734375,85.19636535644531
2022-09-12,160.43634033203125,136.4499969482422,109.8856201171875,148.5813751220703,109.93415069580078,258.54034423828125,14.46914005279541,128.0067596435547,200.73077392578125,86.17633056640625
2022-09-13,151.02206420898438,126.81999969482422,103.4030990600586,144.71527099609375,106.11408233642578,244.32620239257812,13.09853744506836,125.35770416259766,193.96945190429688,84.16341400146484
2022-09-14,152.46510314941406,128.5500030517578,104.0771255493164,147.7022705078125,105.86793518066406,244.5491943359375,13.09554386138916,125.65711212158203,193.7168731689453,86.22930908203125
2022-09-15,149.57894897460938,126.27999877929688,102.00550079345703,148.0790557861328,107.46341705322266,237.91722106933594,12.897035598754883,124.68636322021484,189.792236328125,83.72198486328125
2022-09-16,147.9395294189453,123.52999877929688,101.89646911621094,150.33950805664062,106.74314880371094,237.2967071533203,13.165371894836426,125.44844055175781,187.7812957763672,82.29173278808594
2022-09-19,151.65032958984375,124.66000366210938,102.16409301757812,149.15542602539062,107.72781372070312,237.08340454101562,13.348916053771973,125.18533325195312,187.61614990234375,82.28290557861328
2022-09-20,154.0260009765625,122.19000244140625,100.25105285644531,147.98036193847656,105.603515625,235.07632446289062,13.143427848815918,124.74079895019531,186.58642578125,81.61193084716797
2022-09-21,150.90423583984375,118.54000091552734,98.40739440917969,146.46441650390625,102.55839538574219,231.68276977539062,13.228215217590332,123.13502502441406,181.68060302734375,80.29645538330078
2022-09-22,149.94223022460938,117.30999755859375,99.25984191894531,149.06573486328125,101.39141082763672,233.65103149414062,12.529946327209473,123.5705337524414,180.4857177734375,79.96098327636719
2022-09-23,147.67454528808594,113.77999877929688,97.87213897705078,149.55014038085938,99.50416564941406,230.68411254882812,12.48505687713623,122.99899291992188,178.70794677734375,75.70556640625
2022-09-26,148.00828552246094,115.1500015258789,97.3071517944336,148.6351776123047,97.36164855957031,230.2283935546875,12.197768211364746,123.1169204711914,175.43417358398438,74.14289855957031
2022-09-27,148.98013305664062,114.41000366210938,96.6430435180664,147.95346069335938,96.504638671875,229.22006225585938,12.382311820983887,119.73304748535156,172.79180908203125,75.69673919677734
2022-09-28,147.0952911376953,118.01000213623047,99.17063903808594,149.2272186279297,98.45570373535156,233.7383270263672,12.704514503479004,119.73304748535156,174.0644073486328,78.45128631591797
2022-09-29,139.87010192871094,114.80000305175781,96.56376647949219,147.585693359375,96.78727722167969,230.27687072753906,12.189788818359375,116.75740051269531,174.91929626464844,78.29236602783203
2022-09-30,135.66851806640625,113.0,94.8093032836914,146.53616333007812,95.27383422851562,225.81678771972656,12.108990669250488,114.53472900390625,172.57809448242188,77.08283996582031
2022-10-03,139.84066772460938,115.87999725341797,97.77303314208984,146.3926544189453,98.2186508178711,233.41835021972656,12.48106861114502,116.58502197265625,176.46388244628906,81.15283203125
2022-10-04,143.42381286621094,121.08999633789062,100.74664306640625,148.5634307861328,102.81368255615234,241.310791015625,13.134448051452637,118.02750396728516,180.34970092773438,84.11044311523438
2022-10-05,143.7183380126953,120.94999694824219,100.53849792480469,148.10594177246094,101.54427337646484,241.6210479736328,13.176342964172363,117.21100616455078,182.31207275390625,87.50945281982422
2022-10-06,142.76608276367188,120.30000305175781,100.52857971191406,145.23550415039062,99.47454833984375,239.28436279296875,13.097541809082031,114.743408203125,180.29139709472656,90.10507202148438
2022-10-07,137.52389526367188,114.55999755859375,97.81266784667969,143.7016143798828,97.48765563964844,227.11605834960938,12.04614543914795,112.73847198486328,178.5816650390625,89.19573974609375
2022-10-10,137.8478546142578,113.66999816894531,96.9998779296875,143.88998413085938,96.57696533203125,222.27780151367188,11.641149520874023,112.27581024169922,176.978759765625,87.26224517822266
2022-10-11,136.43421936035156,112.20999908447266,96.32586669921875,145.9710693359375,93.78975677490234,218.55459594726562,11.557356834411621,112.70218658447266,174.02554321289062,86.5206527709961
2022-10-12,135.80596923828125,112.9000015258789,96.70252990722656,145.93516540527344,95.30754852294922,218.8842315673828,11.471570014953613,112.8836441040039,173.15127563476562,86.90028381347656
2022-10-13,140.3708038330078,112.52999877929688,98.1893310546875,148.14183044433594,100.60600280761719,227.11605834960938,11.93043327331543,114.58916473388672,179.38796997070312,89.93732452392578
2022-10-14,135.84524536132812,106.9000015258789,95.7113037109375,147.5229034423828,102.28015899658203,221.6087646484375,11.199244499206543,113.47330474853516,177.4061737060547,87.57125854492188
2022-10-17,139.80142211914062,113.79000091552734,99.0913314819336,149.4335174560547,106.5759506225586,230.30593872070312,11.85860824584961,115.52360534667969,179.96112060546875,88.83374786376953
2022-10-18,141.1168670654297,116.36000061035156,99.88430786132812,148.9132537841797,109.31714630126953,231.24644470214844,11.937416076660156,116.45800018310547,181.82632446289062,88.99266815185547
2022-10-19,141.224853515625,115.06999969482422,98.75431823730469,147.7292022705078,107.17386627197266,229.2878875732422,12.02120590209961,117.53759002685547,181.08804321289062,91.6324234008789
2022-10-20,140.7634735107422,115.25,99.0913314819336,148.10594177246094,106.82430267333984,228.9679412841797,12.163851737976074,116.023681640625,181.87489318847656,91.75602722167969
2022-10-21,144.57240295410156,119.31999969482422,100.24113464355469,151.33517456054688,112.43551635742188,234.75637817382812,12.4351806640625,117.47637939453125,184.93496704101562,93.45994567871094
2022-10-24,146.7124481201172,119.81999969482422,101.61891174316406,153.3714141845703,112.573486328125,239.7303466796875,12.567851066589355,118.19813537597656,185.26528930664062,94.11327362060547
2022-10-25,149.5495147705078,120.5999984741211,103.56169128417969,153.12921142578125,112.86782836914062,243.0366668701172,13.228215217590332,119.5594711303711,188.83047485351562,93.47762298583984
2022-10-26,146.61431884765625,115.66000366210938,94.09562683105469,154.4747314453125,114.16485595703125,224.28485107421875,12.864118576049805,120.40003204345703,197.52496337890625,94.59001922607422
2022-10-27,142.14761352539062,110.95999908447266,91.40946197509766,154.56443786621094,114.6156005859375,219.8538360595703,13.143427848815918,120.49142456054688,198.45753479003906,94.9520034790039
2022-10-28,152.88726806640625,103.41000366210938,95.44367980957031,156.86080932617188,115.97701263427734,228.69642639160156,13.799799919128418,123.54298400878906,203.36334228515625,97.73301696777344
2022-10-31,150.53121948242188,102.44000244140625,93.67932891845703,156.05348205566406,115.79300689697266,225.07017517089844,13.463631629943848,123.04048156738281,201.24562072753906,97.83013153076172
2022-11-01,147.89048767089844,96.79000091552734,89.67483520507812,155.2641143798828,117.88111114501953,221.2306365966797,13.509519577026367,123.23234558105469,201.0221710205078,98.80130004882812
2022-11-02,142.3734588623047,92.12000274658203,86.2055892944336,152.87806701660156,116.7956771850586,213.4060516357422,13.186318397521973,121.45987701416016,195.21286010742188,96.77069854736328
2022-11-03,136.3361358642578,89.30000305175781,82.69670104980469,153.13818359375,117.00724029541016,207.73399353027344,13.38782024383545,120.6284408569336,189.18991088867188,98.0861587524414
2022-11-04,136.07057189941406,90.9800033569336,85.81903076171875,153.81991577148438,120.20838165283203,214.6568145751953,14.121002197265625,122.83035278320312,191.35623168945312,99.15442657470703
2022-11-07,136.60157775878906,90.52999877929688,87.71223449707031,155.1654510498047,120.84308624267578,220.9397735595703,14.265645027160645,124.71243286132812,194.3871612548828,100.3286361694336
2022-11-08,137.1719207763672,89.9800033569336,88.11864471435547,155.93687438964844,120.91667175292969,221.90933227539062,14.565902709960938,124.99565124511719,196.01922607421875,100.64646911621094
2022-11-09,132.61917114257812,86.13999938964844,86.55252075195312,154.6900177001953,119.3437271118164,217.68194580078125,13.741942405700684,124.69415283203125,188.81439208984375,96.14385986328125
2022-11-10,144.4188995361328,96.62999725341797,93.11433410644531,156.50198364257812,124.25579833984375,235.59019470214844,15.71106243133545,128.98831176757812,200.14735412597656,97.55644226074219
2022-11-11,147.20166015625,100.79000091552734,95.5626220703125,151.81959533691406,124.45820617675781,239.59463500976562,16.28663444519043,128.79644775390625,199.59239196777344,100.60231018066406
2022-11-14,145.8053741455078,98.48999786376953,94.85887145996094,154.20565795898438,123.1795654296875,234.20372009277344,16.254716873168945,128.80557250976562,201.4033203125,100.89602661132812
2022-11-15,147.53598022460938,98.94000244140625,97.57477569580078,154.63623046875,122.28731536865234,234.6109161376953,16.624797821044922,128.35787963867188,204.45077514648438,101.57239532470703
2022-11-16,146.30682373046875,97.12000274658203,97.98117065429688,155.5960235595703,122.45286560058594,235.0387420654297,15.87066650390625,129.49993896484375,204.59681701660156,100.48663330078125
2022-11-17,148.2046661376953,94.8499984741211,97.49549102783203,156.85182189941406,121.9193344116211,234.99012756347656,15.638242721557617,128.705078125,205.4243927001953,100.62012481689453
2022-11-18,148.76512145996094,94.13999938964844,96.57366943359375,158.05384826660156,123.11515808105469,234.5428466796875,15.370903968811035,130.25827026367188,205.23941040039062,99.74795532226562
2022-11-21,145.53982543945312,92.45999908447266,94.7597427368164,158.86634826660156,122.38847351074219,235.349853515625,15.279132843017578,131.91195678710938,200.87757873535156,98.76008605957031
2022-11-22,147.67367553710938,93.19999694824219,96.1969985961914,159.6337127685547,124.21900177001953,238.24737548828125,15.998350143432617,133.04490661621094,204.78182983398438,101.61689758300781
2022-11-23,148.548828125,94.12999725341797,97.59461212158203,159.80528259277344,125.54361724853516,240.7268524169922,16.478160858154297,133.80320739746094,206.14488220214844,101.10960388183594
2022-11-25,145.63819885253906,93.41000366210938,96.6033935546875,160.01290893554688,125.78279876708984,240.6392822265625,16.229778289794922,134.04989624023438,208.1505126953125,100.75362396240234
2022-11-28,141.81312561035156,93.94999694824219,95.20578002929688,160.0941925048828,123.58430480957031,235.0679473876953,15.787871360778809,133.9402618408203,205.68722534179688,97.72772979736328
2022-11-29,138.81402587890625,92.41999816894531,94.35334014892578,158.97467041015625,125.61722564697266,233.67752075195312,15.600335121154785,132.91696166992188,203.54530334472656,98.37738800048828
2022-11-30,145.55953979492188,96.54000091552734,100.10237884521484,160.69906616210938,127.10738372802734,248.07754516601562,16.885478973388672,136.2792205810547,211.27584838867188,99.0893783569336
2022-12-01,145.83489990234375,95.5,100.10237884521484,161.36712646484375,125.32286071777344,247.6400146484375,17.097009658813477,136.36143493652344,211.27584838867188,98.60880279541016
2022-12-02,145.34320068359375,94.12999725341797,99.55719757080078,161.49351501464844,124.32940673828125,247.96087646484375,16.83858871459961,137.6039581298828,211.91847229003906,97.772216796875
2022-12-05,144.1829071044922,91.01000213623047,98.60563659667969,161.40321350097656,120.84308624267578,243.27427673339844,16.57317352294922,136.21522521972656,208.04342651367188,95.09339141845703
2022-12-06,140.52499389648438,88.25,96.12761688232422,158.98370361328125,121.04544830322266,238.33489990234375,15.951558113098145,136.3888397216797,203.56475830078125,92.4501724243164
2022-12-07,138.58787536621094,88.45999908447266,94.10555267333984,159.94969177246094,120.96267700195312,237.60565185546875,16.084260940551758,137.2659149169922,202.3282928466797,92.24549102783203
2022-12-08,140.26930236816406,90.3499984741211,92.88634490966797,159.97682189941406,122.23212432861328,240.55177307128906,17.130935668945312,138.25265502929688,203.58424377441406,92.9307632446289
2022-12-09,139.78753662109375,89.08999633789062,92.01408386230469,158.65872192382812,121.56979370117188,238.62660217285156,16.963306427001953,137.88717651367188,203.19480895996094,92.14759063720703
2022-12-12,142.07864379882812,90.55000305175781,92.48986053466797,160.55458068847656,123.45552825927734,245.5203399658203,17.496124267578125,139.3033447265625,208.92941284179688,94.41702270507812
2022-12-13,143.04226684570312,92.48999786376953,94.78947448730469,161.7914581298828,123.3359146118164,249.8082733154297,18.031932830810547,139.0932159423828,207.4202880859375,95.44939422607422
2022-12-14,140.8199920654297,91.58000183105469,94.23440551757812,162.28797912597656,122.71964263916016,250.09996032714844,17.63481330871582,139.64137268066406,207.6929168701172,94.74629974365234
2022-12-15,134.2219696044922,88.44999694824219,90.0614013671875,160.23863220214844,119.67488098144531,242.1172332763672,16.914417266845703,138.06077575683594,202.42562866210938,93.83855438232422
2022-12-16,132.26516723632812,87.86000061035156,89.4666748046875,158.59552001953125,118.92976379394531,237.91680908203125,16.534257888793945,137.44863891601562,201.43251037597656,93.17996978759766
2022-12-19,130.16091918945312,84.91999816894531,87.66267395019531,158.4239501953125,119.6380615234375,233.79417419433594,16.21796417236328,137.412109375,199.4171142578125,93.5982437133789
2022-12-20,130.09207153320312,85.19000244140625,88.23758697509766,158.59552001953125,120.21761322021484,235.10682678222656,16.049341201782227,137.46693420410156,199.94290161132812,94.95101165771484
2022-12-21,133.189453125,86.7699966430664,88.79266357421875,160.41012573242188,121.56979370117188,237.66400146484375,16.464418411254883,138.72775268554688,201.35462951660156,96.17025756835938
2022-12-22,130.02322387695312,83.79000091552734,86.98866271972656,159.82330322265625,120.18999481201172,231.5967254638672,15.304991722106934,139.04751586914062,199.6508026123047,94.23014068603516
2022-12-23,129.65943908691406,85.25,88.44573974609375,160.2295684814453,120.76029968261719,232.1217803955078,15.17228889465332,139.44036865234375,200.4005126953125,96.7220458984375
2022-12-27,127.85992431640625,83.04000091552734,86.62190246582031,160.18446350097656,121.18344116210938,230.4008026123047,14.089693069458008,140.65553283691406,200.84835815429688,98.06591796875
2022-12-28,123.93653869628906,81.81999969482422,85.2639389038086,159.48927307128906,121.84573364257812,228.0380401611328,14.004880905151367,138.83740234375,199.58265686035156,96.45507049560547
2022-12-29,127.44697570800781,84.18000030517578,87.67256927490234,160.30177307128906,122.54486083984375,234.3386688232422,14.570625305175781,139.41297912597656,202.57167053222656,97.18482971191406
2022-12-30,127.7615966796875,84.0,87.45452117919922,159.48025512695312,123.35436248779297,233.18161010742188,14.5816011428833,138.47193908691406,202.2795867919922,98.16380310058594
