Date,AAPL,MSFT,GOOGL,AMZN,JPM,JNJ,V,PG,XOM,NVDA
2013-01-02,16.581403732299805,22.144264221191406,17.940269470214844,12.865500450134276,31.340900421142575,48.714149475097656,35.27124786376953,47.286258697509766,51.6924934387207,0.2930769324302673
2013-01-03,16.37210464477539,21.84761428833008,17.950687408447266,12.923999786376951,31.277742385864254,48.64539337158203,35.29848861694336,46.98643493652344,51.59926986694336,0.2933072745800018
2013-01-04,15.91606903076172,21.438720703125,18.305397033691406,12.957500457763672,31.832124710083008,49.202415466308594,35.58677673339844,47.08184051513672,51.83817672729492,0.3029843270778656
2013-01-07,15.82244873046875,21.39863967895508,18.225528717041016,13.42300033569336,31.86722183227539,49.09925079345703,35.84101486206055,46.761566162109375,51.237979888916016,0.2942288219928741
2013-01-08,15.865025520324709,21.2863883972168,18.18955993652344,13.319000244140623,31.93037796020508,49.10614013671875,36.1746940612793,46.68657684326172,51.55849456787109,0.2877775728702545
2013-01-09,15.61707592010498,21.406661987304688,18.309118270874023,13.317500114440918,31.909326553344727,49.32619094848633,36.72631454467773,46.938720703125,51.36035537719727,0.281326025724411
2013-01-10,15.810667037963867,21.21424102783203,18.392465591430664,13.267000198364258,32.38652801513672,49.64251327514648,36.43575286865234,47.20449447631836,51.91976165771485,0.2817869484424591
2013-01-11,15.71372413635254,21.510889053344727,18.355506896972656,13.397000312805176,32.379520416259766,49.752532958984375,36.58331298828125,47.17041397094727,52.21694946289063,0.281326025724411
2013-01-14,15.153485298156738,21.55898666381836,17.940269470214844,13.636500358581545,32.19706344604492,49.89694595336914,36.467533111572266,47.449806213378906,52.199462890625,0.2810956835746765
2013-01-15,14.675400733947754,21.815553665161133,17.981943130493164,13.595000267028809,32.52688217163086,49.76627731323242,36.42214584350586,47.62020111083984,52.17033386230469,0.2760268449783325
2013-01-16,15.28455924987793,21.67925262451172,17.74034309387207,13.446499824523926,32.85672378540039,49.91067886352539,36.36538314819336,47.63528823852539,52.1353874206543,0.2785611450672149
2013-01-17,15.181570053100586,21.84761428833008,17.644344329833984,13.52400016784668,32.590057373046875,50.13075637817383,36.29273986816406,47.86199951171875,52.56077194213867,0.2822477221488952
2013-01-18,15.10063362121582,21.84761428833008,17.475421905517578,13.605999946594238,32.604095458984375,50.3576774597168,35.927276611328125,48.0474967956543,52.910377502441406,0.2804045379161834
2013-01-22,15.244693756103516,21.76744079589844,17.43474006652832,13.509499549865724,32.66023635864258,49.98633193969727,36.10432815551758,48.05435180664063,52.98030471801758,0.2790220379829407
2013-01-23,15.523755073547363,22.13624382019043,18.39295959472656,13.405500411987305,32.44267654418945,50.09634780883789,36.10432815551758,48.562721252441406,52.85211563110352,0.279482901096344
2013-01-24,13.605672836303713,22.15228843688965,18.708234786987305,13.67300033569336,32.54092788696289,50.26828384399414,36.22010040283203,48.377227783203125,53.23088455200195,0.280865341424942
2013-01-25,13.284934997558594,22.352724075317383,18.694839477539062,14.19950008392334,33.09532165527344,50.8321647644043,36.28366470336914,50.3214111328125,53.45230484008789,0.2859342694282532
2013-01-28,13.585436820983888,22.37677574157715,18.62191200256348,13.802000045776367,32.73039627075195,50.6258659362793,35.49143981933594,50.67862319946289,53.09103775024414,0.2905423939228058
2013-01-29,13.840335845947266,22.456951141357425,18.69508934020996,13.017499923706056,33.067256927490234,51.16912078857422,35.561805725097656,51.52361679077149,53.46978759765625,0.2843213379383087
2013-01-30,13.796847343444824,22.328659057617188,18.698808670043945,13.637999534606934,33.07426834106445,50.949066162109375,35.18724822998047,51.57855987548828,52.83463287353516,0.2838606536388397
2013-01-31,13.75637435913086,22.007970809936523,18.74494361877441,13.274999618530272,33.01811599731445,50.8321647644043,35.845542907714844,51.63352584838867,52.42673110961914,0.2824782431125641
2013-02-01,13.699899673461914,22.39281272888184,19.238813400268555,13.25,33.57953643798828,51.01097106933594,35.993106842041016,52.1556396484375,52.46751403808594,0.2850126028060913
2013-02-04,13.358625411987305,21.999956130981445,18.827543258666992,12.99899959564209,33.46024703979492,50.96284103393555,35.55952835083008,51.69534683227539,51.94890594482422,0.2801741063594818
2013-02-05,13.827350616455078,22.048057556152344,18.994234085083008,13.344499588012695,34.23919677734375,51.3410530090332,36.21328353881836,52.00448989868164,52.29269027709961,0.286625474691391
2013-02-06,13.81255340576172,21.91977882385254,19.104124069213867,13.111000061035156,34.112876892089844,51.84303665161133,36.50613021850586,52.31364822387695,52.32184219360352,0.2843213379383087
2013-02-07,14.223247528076172,21.87167358398437,19.197885513305664,13.011500358581545,33.84620666503906,51.61609649658203,35.652610778808594,52.31364822387695,51.75299835205078,0.2831692993640899
2013-02-08,14.428601264953612,22.088144302368164,19.48116111755371,13.09749984741211,34.12691879272461,51.90491485595703,35.820587158203125,52.038848876953125,51.964111328125,0.2850126028060913
2013-02-11,14.57896900177002,22.33669090270996,19.407989501953125,12.86050033569336,34.147972106933594,51.85678863525391,35.48690414428711,52.0800666809082,51.77059555053711,0.2882383465766907
2013-02-12,14.213533401489258,22.352724075317383,19.36532020568848,12.9350004196167,34.48480987548828,52.12498092651367,35.59359359741211,52.19683456420898,51.87613677978516,0.2863949239253998
2013-02-13,14.186495780944824,22.472978591918945,19.418901443481445,13.47350025177002,34.16200256347656,52.02870941162109,35.20686721801758,52.59529876708984,51.99930953979492,0.2850126028060913
2013-02-14,14.173738479614258,22.480993270874023,19.541933059692383,13.461999893188477,34.540958404541016,52.1318588256836,35.48210906982422,52.74644470214844,51.91132354736328,0.2933072745800018
2013-02-15,13.978410720825195,22.456951141357425,19.667694091796875,13.25450038909912,34.302364349365234,52.372535705566406,35.93935012817383,52.58155822753906,51.8175048828125,0.2933072745800018
2013-02-19,13.973247528076172,22.67520523071289,20.01397132873535,13.487500190734863,34.702369689941406,52.92268371582031,35.8529167175293,53.15862655639648,52.3804817199707,0.2893904447555542
2013-02-20,13.634841918945312,22.52970123291016,19.65703010559082,13.320500373840332,34.112876892089844,52.70948791503906,35.354736328125,52.952518463134766,52.17524719238281,0.2852430045604706
2013-02-21,13.550093650817873,22.22251319885254,19.733177185058597,13.29699993133545,33.86024856567383,52.86077880859375,35.81423568725586,52.92506408691406,51.9523811340332,0.2831692993640899
2013-02-22,13.694384574890137,22.44078063964844,19.836862564086918,13.270999908447266,34.32341766357422,52.8538703918457,36.26691436767578,52.89068984985352,52.31011199951172,0.2884686589241028
2013-02-25,13.451058387756348,22.12550926208496,19.615110397338867,12.993499755859377,33.47428131103516,52.38249588012695,35.46165084838867,52.1556396484375,51.43045425415039,0.2833997905254364
2013-02-26,13.638487815856934,22.12550926208496,19.59922981262207,12.968000411987305,33.40409469604492,52.507266998291016,35.90296173095703,52.26555252075195,51.90547180175781,0.2867611348628998
2013-02-27,13.504828453063965,22.48119354248047,19.83860206604004,13.162500381469728,34.583065032958984,52.90236282348633,36.36701583862305,52.72582244873047,52.50364303588867,0.2920931279659271
2013-02-28,13.408533096313477,22.47311210632324,19.87382698059082,13.213500022888184,34.33042526245117,52.75679397583008,36.08721923828125,52.33424377441406,52.51537322998047,0.2934840619564056
2013-03-01,13.076505661010742,22.59437370300293,19.997602462768555,13.286999702453612,34.32341766357422,53.16576766967773,35.95982360839844,52.54720687866211,52.44498825073242,0.2946430742740631
2013-03-04,12.759979248046877,22.756052017211918,20.37736701965332,13.655500411987305,34.45673751831055,53.51235580444336,36.2828369140625,52.67773818969727,52.16349029541016,0.2934840619564056
2013-03-05,13.096861839294434,22.91773223876953,20.801532745361328,13.779500007629396,34.730430603027344,53.83122253417969,36.462547302246094,52.93192672729492,52.550559997558594,0.2967293560504913
2013-03-06,12.93039321899414,22.70754814147949,20.62244415283203,13.689499855041504,35.109378814697266,53.64406967163086,36.6377182006836,53.03497314453125,52.521240234375,0.296497493982315
2013-03-07,13.079849243164062,22.74796295166016,20.6527042388916,13.694000244140623,35.53046798706055,53.893592834472656,36.51259994506836,52.828857421875,52.02275085449219,0.2958022356033325
2013-03-08,13.11447811126709,22.63479423522949,20.62591552734375,13.709500312805176,35.22868347167969,54.19859313964844,36.54899597167969,53.021240234375,52.17524719238281,0.2971929907798767
2013-03-11,13.301300048828123,22.52970123291016,20.70777130126953,13.562000274658203,35.425174713134766,54.37187957763672,36.66501235961914,53.13800811767578,52.28666687011719,0.2944112718105316
2013-03-12,13.014538764953612,22.56203842163086,20.5289249420166,13.706500053405762,35.28482818603516,54.45506286621094,36.35109329223633,53.01436233520508,52.28666687011719,0.2953386306762695
2013-03-13,13.012107849121094,22.57012367248535,20.471874237060547,13.755000114440918,35.20061111450195,54.448123931884766,36.25327301025391,52.76018524169922,52.345306396484375,0.2953386306762695
2013-03-14,13.138175964355469,22.74796295166016,20.37835693359375,13.286999702453612,35.79010772705078,54.82938003540039,36.54671859741211,53.16551971435547,52.67958068847656,0.2955703139305115
2013-03-15,13.47718620300293,22.667125701904297,20.19877052307129,13.090999603271484,35.10237503051758,54.89174270629883,36.06675720214844,52.44416427612305,52.40980911254883,0.2930202782154083
2013-03-18,13.843533515930176,22.71563148498535,20.037288665771484,12.89449977874756,34.74445724487305,54.62833023071289,35.95756149291992,52.32050323486328,52.05794525146485,0.2909339666366577
2013-03-19,13.80617332458496,22.780298233032227,20.124855041503903,12.820500373840332,34.52692413330078,54.66299057006836,35.48667526245117,52.973140716552734,51.94652557373047,0.2890793979167938
2013-03-20,13.732962608337402,22.893474578857425,20.208940505981445,12.86400032043457,34.47079086303711,55.07195281982422,36.24418258666992,53.2960319519043,51.97584533691406,0.2925567328929901
2013-03-21,13.752704620361328,22.72371864318848,20.123363494873047,12.669500350952148,33.930423736572266,54.76698684692383,35.8961296081543,53.04185485839844,51.70606231689453,0.2879202663898468
2013-03-22,14.031569480895996,22.836889266967773,20.099802017211918,12.887499809265137,34.232181549072266,55.27299880981445,36.41704177856445,53.08305740356445,52.362884521484375,0.2893112003803253
2013-03-25,14.082297325134276,22.76413917541504,20.083179473876957,12.800999641418455,34.04972457885742,55.231407165527344,37.30651092529297,52.67773818969727,52.20454406738281,0.2876884937286377
2013-03-26,14.0081787109375,22.76413917541504,20.152135848999023,13.01550006866455,34.133934020996094,56.04238510131836,38.09358596801758,53.17237091064453,52.8554916381836,0.2897748649120331
2013-03-27,13.732962608337402,22.933895111083984,19.9100399017334,13.265000343322754,33.523399353027344,56.333526611328125,38.36655426025391,52.93881607055664,53.1193962097168,0.293252021074295
2013-03-28,13.446807861328123,23.127901077270508,19.699939727783203,13.32450008392334,33.30584716796875,56.51376724243164,38.63496398925781,52.93881607055664,52.8437728881836,0.297424852848053
2013-04-01,13.02912139892578,23.127901077270508,19.87357711791992,13.080499649047852,33.56550598144531,56.79104232788086,38.068546295166016,53.37847518920898,53.23081207275391,0.2876884937286377
2013-04-02,13.055853843688965,23.28150177001953,20.167516708374023,13.166000366210938,33.881309509277344,57.31782913208008,38.205039978027344,54.24406051635742,53.1193962097168,0.2846747934818268
2013-04-03,13.122684478759766,23.087486267089844,19.997848510742188,12.951499938964844,33.083343505859375,56.88808059692383,37.47711563110352,53.66700744628906,52.73822021484375,0.2811975181102752
2013-04-04,12.992971420288086,23.11982727050781,19.72176551818848,12.95400047302246,33.53528594970703,57.12373733520508,37.87065505981445,53.955528259277344,52.64437103271485,0.2839792668819427
2013-04-05,12.855666160583496,23.200664520263672,19.42361259460449,12.77400016784668,33.83186340332031,56.867279052734375,37.57038116455078,53.74254989624024,52.198692321777344,0.2888475060462951
2013-04-08,12.947100639343262,23.111736297607425,19.2202091217041,12.947500228881836,34.30499267578125,56.22262573242188,37.827430725097656,54.12727355957031,51.9582633972168,0.2881521582603454
2013-04-09,12.970494270324709,23.936294555664062,19.289663314819336,13.057000160217283,34.3755989074707,56.50682830810547,37.47711563110352,53.763160705566406,52.05794525146485,0.292788565158844
2013-04-10,13.23507595062256,24.47790908813477,19.60047149658203,13.238499641418455,34.77811050415039,56.85340118408203,37.98666763305664,54.4364128112793,52.005165100097656,0.297424852848053
2013-04-11,13.193768501281738,23.394672393798828,19.60568046569824,13.49250030517578,34.82047271728516,57.06135940551758,38.129981994628906,54.73181915283203,52.32184219360352,0.2960339784622192
2013-04-12,13.056157112121582,23.27341651916504,19.597244262695312,13.643500328063965,34.60862731933594,57.35248947143555,37.70459747314453,55.01349258422852,52.18695831298828,0.3034522831439972
2013-04-15,12.753904342651367,23.19258117675781,19.395828247070312,13.38599967956543,33.84598922729492,56.63852310180664,36.690032958984375,54.71808242797852,50.720848083496094,0.2971929907798767
2013-04-16,12.94801425933838,23.418926239013672,19.679601669311523,13.616999626159668,34.24142837524414,57.83771896362305,37.468021392822266,55.02720642089844,50.79123306274414,0.3004385530948639
2013-04-17,12.235970497131348,23.30575180053711,19.411457061767575,13.369999885559082,33.04096984863281,58.15654373168945,36.90386581420898,54.31274032592773,50.48043441772461,0.296497493982315
2013-04-18,11.90941333770752,23.27341651916504,18.99845314025879,12.970999717712402,32.935035705566406,57.65748596191406,36.71732711791992,54.86920928955078,50.79711151123047,0.2907020151615143
2013-04-19,11.863239288330078,24.065637588500977,19.84083366394043,13.015999794006348,33.3516845703125,58.56551742553711,37.29740524291992,55.94089126586914,51.28385543823242,0.2913975119590759
2013-04-22,12.110511779785156,24.92251968383789,19.84678649902344,13.177499771118164,33.43640899658203,58.80121612548828,37.199588775634766,55.92030334472656,51.65916442871094,0.2918612062931061
2013-04-23,12.337128639221191,24.73659324645996,20.04001808166504,13.44499969482422,34.01546096801758,59.2309799194336,37.684120178222656,56.70344161987305,52.36875534057617,0.2995112240314483
2013-04-24,12.316773414611816,25.674325942993164,20.17768859863281,13.439000129699709,34.40386199951172,58.496185302734375,38.00260162353516,53.36924743652344,52.44498825073242,0.3097112774848938
2013-04-25,12.405475616455078,25.8198299407959,20.06978416442871,13.734999656677246,34.60157012939453,59.071556091308594,38.3892936706543,52.995567321777344,51.64743423461914,0.3122613728046417
2013-04-26,12.67340087890625,25.698570251464844,19.879283905029297,12.740500450134276,34.516841888427734,59.00221633911133,38.041259765625,53.355411529541016,51.60639190673828,0.3108703792095184
2013-04-29,13.065876960754396,26.361448287963867,20.316843032836918,12.487000465393066,34.54506301879883,59.32107162475586,38.19367599487305,53.756797790527344,51.72954940795898,0.3145796060562134
2013-04-30,13.450453758239746,26.757556915283203,20.453519821166992,12.690500259399414,34.60862731933594,59.078460693359375,38.3210563659668,53.12703704833984,52.18695831298828,0.3192159831523895
2013-05-01,13.344440460205078,26.45037651062012,20.35082626342773,12.411499977111816,33.90247344970703,58.38530731201172,37.76601409912109,53.27928161621094,51.31904983520508,0.3164340555667877
2013-05-02,13.533685684204102,26.806066513061523,20.57853507995605,12.6274995803833,33.951900482177734,59.02994537353516,39.89976501464844,53.812137603759766,51.97584533691406,0.3201432824134826
2013-05-03,13.669170379638672,27.072830200195312,20.978145599365234,12.90250015258789,33.591773986816406,59.43889236450195,40.84152603149414,54.10973358154297,52.790977478027344,0.3215341567993164
2013-05-06,13.995115280151367,27.283008575439453,21.37080955505371,12.78600025177002,34.022518157958984,58.69723892211914,40.693660736083984,53.80524826049805,53.1193962097168,0.3206069469451904
2013-05-07,13.932842254638672,26.927324295043945,21.263652801513672,12.886500358581545,34.7004280090332,59.28643035888672,40.89838790893555,53.93672561645508,53.45365905761719,0.3164340555667877
2013-05-08,14.090200424194336,26.668642044067383,21.670455932617188,12.934000015258787,35.13825225830078,59.237911224365234,40.77783203125,54.28273391723633,53.77619552612305,0.3222295343875885
2013-05-09,13.96727466583252,26.401870727539062,21.61712455749512,13.008000373840332,34.629817962646484,59.02302932739258,40.62312316894531,54.12358474731445,53.752586364746094,0.3224614560604095
2013-05-10,13.851075172424316,26.42612075805664,21.83416748046875,13.181500434875488,34.57332229614258,59.44585037231445,40.66181564331055,54.504173278808594,53.22704315185547,0.3370660543441772
2013-05-13,13.905197143554688,26.70097923278809,21.767200469970703,13.225500106811523,35.0746955871582,59.50822830200195,40.702762603759766,54.386531829833984,53.20339584350586,0.3301115334033966
2013-05-14,13.572508811950684,27.29522705078125,22.004581451416016,13.416500091552734,35.47014236450195,60.28457260131836,41.01894760131836,54.99552917480469,53.7998161315918,0.3349797129631042
2013-05-15,13.113523483276367,27.55571556091309,22.718719482421875,13.32800006866455,36.07742691040039,60.74901580810547,41.42232894897461,55.83288192749024,53.8765754699707,0.3407752811908722
2013-05-16,13.288742065429688,27.742965698242188,22.420562744140625,13.206000328063965,35.992713928222656,60.617286682128906,40.97565460205078,55.50069808959961,53.55772399902344,0.3391525149345398
2013-05-17,13.248383522033691,28.386062622070312,22.552276611328125,13.494999885559082,36.931888580322266,61.06090545654297,42.06270217895508,55.37614059448242,54.18364334106445,0.3447161018848419
2013-05-20,13.544069290161133,28.557008743286133,22.53615379333496,13.381500244140623,36.92482376098633,61.00546646118164,41.38815307617188,54.73253631591797,54.63241195678711,0.3440206348896026
2013-05-21,13.444080352783203,28.36978530883789,22.49745750427246,13.442999839782717,37.4403190612793,61.40750503540039,41.37447738647461,54.531864166259766,54.79773712158203,0.3476322293281555
2013-05-22,13.495757102966309,28.174413681030277,22.06212615966797,13.14799976348877,37.87108612060547,61.317378997802734,41.05313873291016,54.545711517333984,54.43753433227539,0.3355163335800171
2013-05-23,13.51991367340088,27.79994201660156,21.89767074584961,13.09000015258789,37.67333984375,60.90534973144531,40.588226318359375,54.46266555786133,54.20135116577149,0.3408752977848053
2013-05-24,13.611958503723145,27.897628784179688,21.662769317626957,13.086999893188477,37.89226150512695,60.63299560546875,41.123779296875,56.66331100463867,54.04783248901367,0.3387781977653503
2013-05-28,13.498505592346191,28.50817108154297,21.859968185424805,13.364500045776367,38.5560417175293,61.18470764160156,41.02806854248047,55.95743942260742,54.54975128173828,0.3385452032089233
2013-05-29,13.6058349609375,28.394201278686523,21.53849029541016,13.27649974822998,38.60547637939453,59.81587600708008,40.597354888916016,54.60107421875,54.37260055541992,0.3364484012126922
2013-05-30,13.808571815490724,28.51630973815918,21.599266052246094,13.341500282287598,39.276309967041016,60.0533447265625,41.25597381591797,54.73253631591797,54.37849044799805,0.3408752977848053
2013-05-31,13.752004623413086,28.410476684570312,21.610675811767575,13.460000038146973,38.54898071289063,58.78927612304688,40.597354888916016,53.12012100219727,53.42190170288086,0.3371473550796509
2013-06-03,13.782276153564451,28.97218513488769,21.521623611450195,13.343999862670898,38.478363037109375,59.159400939941406,41.06453323364258,53.74295425415039,54.00650024414063,0.3366811871528625
2013-06-04,13.739157676696776,28.48375701904297,21.310035705566406,13.28499984741211,38.16059494018555,58.73340225219727,41.06681442260742,53.54228210449219,53.61085891723633,0.3371473550796509
2013-06-05,13.61072826385498,28.31279563903809,21.324920654296875,13.35849952697754,37.4473762512207,58.44007110595703,40.38768768310547,53.05093765258789,52.93769836425781,0.3299243152141571
2013-06-06,13.407384872436523,28.459333419799805,21.447458267211918,13.39150047302246,37.779273986816406,58.98481369018555,40.87309265136719,53.1616325378418,53.28017425537109,0.3320212960243225
2013-06-07,13.5098237991333,29.03730583190918,21.82176780700684,13.843500137329102,38.32299041748047,59.299095153808594,41.00755310058594,53.80524826049805,54.00057601928711,0.3366811871528625
2013-06-10,13.420534133911133,28.874496459960938,22.081972122192383,14.053500175476074,38.386566162109375,59.459720611572266,41.5522346496582,54.02670669555664,53.80572128295898,0.3364484012126922
2013-06-11,13.38108730316162,28.361650466918945,21.823749542236328,13.73900032043457,37.772216796875,59.14546203613281,40.94375991821289,54.06129837036133,53.415992736816406,0.3301573991775512
2013-06-12,13.215655326843262,28.491893768310547,21.62952995300293,13.583499908447266,37.55329895019531,58.48197937011719,40.82750701904297,53.7014274597168,52.99083709716797,0.3273614645004272
2013-06-13,13.330938339233398,28.263954162597656,21.754053115844727,13.78950023651123,38.25239562988281,59.299095153808594,41.53398132324219,54.27581024169922,53.92972946166992,0.3348173201084137
2013-06-14,13.150218963623049,28.003454208374023,21.70543098449707,13.69950008392334,37.51798248291016,59.299095153808594,41.233177185058594,53.99901580810547,53.48685836791992,0.3343514204025268
2013-06-17,13.209847450256348,28.491893768310547,21.983495712280277,13.902999877929688,38.02642822265625,59.801902770996094,41.55680084228516,54.64259719848633,54.0360107421875,0.3376133739948272
2013-06-18,13.20280933380127,28.475608825683597,22.33994674682617,14.088000297546388,38.21003723144531,60.31173706054688,41.93509292602539,54.69795608520508,54.28401565551758,0.3355163335800171
2013-06-19,12.934643745422363,28.15813446044922,22.3414306640625,13.907999992370604,37.814579010009766,59.26420211791992,41.62060546875,53.70835494995117,53.73487854003906,0.3457681536674499
2013-06-20,12.746281623840332,27.262670516967773,21.9460391998291,13.67199993133545,37.05897521972656,57.6998291015625,40.67026138305664,52.07515335083008,52.58340835571289,0.3364484012126922
2013-06-21,12.644149780273438,27.083574295043945,21.85153579711914,13.66800022125244,36.69179534912109,58.104862213134766,40.90728378295898,53.58380126953125,52.83729934692383,0.3359822928905487
2013-06-24,12.309012413024902,27.449907302856445,21.575204849243164,13.530500411987305,35.95738983154297,59.08960723876953,40.62696838378906,52.995567321777344,52.246829986572266,0.3289924561977386
2013-06-25,12.311765670776367,27.40919685363769,21.486156463623047,13.604499816894531,36.77653503417969,59.60638046264648,41.12834167480469,53.071685791015625,52.61883544921875,0.331322431564331
2013-06-26,12.17232608795166,27.962759017944336,21.67095375061035,13.878499984741213,37.07310104370117,60.7517204284668,41.62515258789063,53.56303405761719,53.02626419067383,0.3294584453105926
2013-06-27,12.041144371032717,28.18255043029785,21.755786895751957,13.8774995803833,37.53211975097656,60.5561752319336,41.992069244384766,53.74987411499024,53.1679916381836,0.3264294266700744
2013-06-28,12.125235557556152,28.117431640625,21.83763885498047,13.884499549865724,37.27789688110352,59.96258163452149,41.647945404052734,53.27928161621094,53.35103988647461,0.3271284103393554
2013-07-01,12.513272285461426,27.97088623046875,22.02392578125,14.104999542236328,37.0660514831543,60.50029754638672,42.21085357666016,53.99208068847656,53.32152938842773,0.3285264372825622
2013-07-02,12.79673194885254,27.62898826599121,21.885765075683597,14.18649959564209,37.55685806274414,60.458377838134766,42.21540832519531,54.28273391723633,53.522308349609375,0.3282932937145233
2013-07-03,12.8673677444458,27.68597412109375,21.98795890808105,14.201499938964844,37.53550720214844,60.60504531860352,42.625614166259766,54.3726921081543,53.55179977416992,0.3292253315448761
2013-07-05,12.764015197753906,27.848796844482425,22.1630859375,14.293999671936035,38.40330123901367,61.36628723144531,43.480224609375,54.21352767944336,54.07145309448242,0.3317883014678955
2013-07-08,12.69154453277588,27.946468353271484,22.450824737548828,14.529500007629396,38.90834045410156,61.86911392211914,42.8671875,54.504173278808594,54.47298049926758,0.3301573991775512
2013-07-09,12.91477108001709,27.962759017944336,22.45454788208008,14.576499938964844,39.0434684753418,62.07164001464844,42.66207504272461,55.064735412597656,55.11660385131836,0.3317883014678955
2013-07-10,12.86523151397705,28.2476806640625,22.4731502532959,14.616499900817873,39.00079727172852,62.32307052612305,42.548133850097656,55.22389221191406,54.80955123901367,0.3362153470516205
2013-07-11,13.065824508666992,29.0535945892334,22.826623916625977,14.982999801635742,39.22130584716797,62.62334060668945,43.29107284545898,55.895164489746094,55.07528305053711,0.3408752977848053
2013-07-12,13.04197597503662,29.03730583190918,22.895082473754883,15.3774995803833,39.10040283203125,62.84682846069336,43.46427917480469,56.43497085571289,55.15205764770508,0.3411082029342651
2013-07-15,13.07041072845459,29.444337844848636,22.93700218200684,15.328499794006348,39.0434684753418,63.133182525634766,43.35715103149414,56.407257080078125,55.06348037719727,0.3404091596603393
2013-07-16,13.154808044433594,29.52573776245117,22.81099510192871,15.343500137329102,39.12883377075195,63.133182525634766,43.15889739990234,56.0335807800293,55.093021392822266,0.3422732055187225
2013-07-17,13.158170700073242,29.09428024291992,22.784698486328125,15.434499740600586,39.31377410888672,62.94460678100586,43.2181510925293,55.839725494384766,55.1874885559082,0.3404091596603393
2013-07-18,13.20251178741455,28.850080490112305,22.5894832611084,15.205499649047852,40.0962028503418,62.97256088256836,43.530364990234375,55.98613357543945,55.73072814941406,0.3390113413333893
2013-07-19,12.994270324707031,25.56130027770996,22.2402286529541,15.261500358581545,39.94682312011719,64.41119384765625,43.28195190429688,56.73217010498047,56.19721221923828,0.3317883014678955
2013-07-22,13.035856246948242,26.0578727722168,22.58997917175293,15.173999786376951,40.23134994506836,64.44612121582031,43.578224182128906,56.62760162353516,55.9964599609375,0.3315553963184356
2013-07-23,12.812026023864746,25.9031982421875,22.41882705688477,15.053000450134276,40.30958557128906,64.54389190673828,42.976593017578125,56.43933868408203,56.21493148803711,0.3310894072055816
2013-07-24,13.470070838928224,26.017169952392575,22.39650154113769,14.946999549865724,40.28115081787109,64.501953125,42.55953979492188,55.96523666381836,56.09092330932617,0.3310894072055816
2013-07-25,13.408608436584473,25.553150177001957,22.019460678100582,15.170000076293944,40.18867874145508,64.64865112304688,44.35078811645508,56.0628547668457,56.07912826538086,0.3322543799877167
2013-07-26,13.484748840332031,25.74039649963379,21.96117210388184,15.600500106811523,39.868595123291016,64.83023071289062,44.02944946289063,56.04890060424805,55.97283172607422,0.3308563530445099
2013-07-29,13.692682266235352,25.675262451171875,21.88477325439453,15.30500030517578,39.61251831054688,65.0956039428711,43.7491340637207,55.839725494384766,55.52407836914063,0.3301573991775512
2013-07-30,13.861780166625977,25.92761993408203,22.099336624145508,15.12049961090088,39.35645294189453,65.06767272949219,43.628360748291016,56.083778381347656,55.3941535949707,0.3357493281364441
2013-07-31,13.837620735168455,25.91948127746582,22.020700454711918,15.060999870300291,39.64097213745117,65.29816436767578,40.33982467651367,55.98613357543945,55.35873794555664,0.3364484012126922
2013-08-01,13.964526176452637,25.78109169006348,22.429243087768555,15.278499603271484,40.21713638305664,65.48668670654297,40.83208465576172,56.9204216003418,54.75641632080078,0.3411082029342651
2013-08-02,14.14371395111084,25.96018409729004,22.48753547668457,15.21049976348877,40.18156814575195,65.91969299316406,41.93281173706055,56.676395416259766,54.29582214355469,0.3439040780067444
2013-08-05,14.355008125305176,25.805513381958008,22.448591232299805,15.049500465393066,39.9041633605957,65.50763702392578,42.05587005615234,56.75309753417969,54.08324432373047,0.3455353081226349
2013-08-06,14.226577758789062,25.707826614379883,22.23948097229004,15.037500381469728,39.47026062011719,65.51464080810547,41.67984008789063,56.99013519287109,54.01240158081055,0.3404091596603393
2013-08-07,14.218321800231934,26.09856986999512,22.092641830444336,14.845499992370604,39.33511352539063,65.4098892211914,41.33800506591797,57.143531799316406,53.93561172485352,0.3401762247085571
2013-08-08,14.190006256103516,26.77423095703125,22.14249610900879,14.786999702453612,39.00079727172852,65.1863784790039,41.19899368286133,57.28993988037109,54.19544982910156,0.3425062596797943
2013-08-09,13.988086700439451,26.619569778442383,22.08668327331543,14.86299991607666,38.78030014038086,64.501953125,40.97793197631836,56.9204216003418,53.93977737426758,0.3376133739948272
2013-08-12,14.385457992553713,26.75795555114746,21.96513938903809,14.834500312805176,38.47444152832031,64.2505874633789,40.96652603149414,56.90645980834961,53.4463005065918,0.3348173201084137
2013-08-13,15.069090843200684,26.421838760375977,21.859472274780277,14.69849967956543,38.616695404052734,64.95592498779297,40.84575271606445,56.93437576293945,53.15494537353516,0.3359822928905487
2013-08-14,15.343960762023926,26.520212173461918,21.57570075988769,14.56700038909912,38.51710510253906,63.34268951416016,40.72018051147461,56.64852523803711,52.88738250732422,0.3501951694488525
2013-08-15,15.325798034667969,26.06113052368164,21.32393264770508,14.32349967956543,37.9054069519043,62.53955078125,39.71101379394531,56.1116828918457,52.41769027709961,0.3525250554084778
2013-08-16,15.461844444274902,26.0693359375,21.255714416503903,14.241000175476074,37.9054069519043,62.41384506225586,39.52837371826172,55.70726776123047,52.26903533935547,0.3539231121540069
2013-08-19,15.628369331359863,25.73321533203125,21.472511291503903,14.278499603271484,36.86688232421875,63.16809844970703,39.95074844360352,55.49113082885742,51.68038177490234,0.348331093788147
2013-08-20,15.423063278198242,25.921775817871094,21.46681022644043,14.354499816894531,37.07316589355469,62.66526794433594,39.54891204833984,55.44929885864258,51.62689971923828,0.3500874042510986
2013-08-21,15.462764739990234,25.91357421875,21.56379508972168,14.228500366210938,36.72462844848633,62.01578140258789,40.729305267333984,55.344722747802734,51.38310623168945,0.348448246717453
2013-08-22,15.48123836517334,26.55301284790039,21.67243766784668,14.486499786376951,37.13717651367188,61.63864517211914,40.8503303527832,55.61661529541016,51.71607971191406,0.3503216803073883
2013-08-23,15.42152500152588,28.487716674804688,21.585620880126957,14.500499725341797,37.215431213378906,62.208587646484375,40.89141845703125,55.783966064453125,52.03713607788086,0.3503216803073883
2013-08-26,15.48154067993164,27.99584007263184,21.490867614746094,14.310500144958496,36.84555435180664,61.58940887451172,39.95532989501953,54.759071350097656,51.78147506713867,0.3510242998600006
2013-08-27,15.038926124572754,27.266231536865234,21.088031768798828,14.046500205993652,35.99198532104492,60.63243865966797,39.76580429077149,54.36167907714844,51.620941162109375,0.3465748131275177
2013-08-28,15.110028266906738,27.06947326660156,21.0483455657959,14.07900047302246,35.97776412963867,60.885738372802734,40.00326156616211,53.580753326416016,52.82198333740234,0.3465748131275177
2013-08-29,15.13465404510498,27.503963470458984,21.2190055847168,14.199000358581545,36.06312561035156,60.91390228271485,40.0398063659668,53.901485443115234,51.888484954833984,0.3458724021911621
2013-08-30,14.996758460998535,27.381004333496094,21.00741577148437,14.048999786376951,35.94219970703125,60.80131530761719,39.822898864746094,54.305885314941406,51.82312774658203,0.3454039990901947
2013-09-03,15.038619041442873,26.134910583496094,21.34178924560547,14.4399995803833,36.36897277832031,60.8083381652832,40.4165267944336,54.20827102661133,51.81715774536133,0.3456380665302276
2013-09-04,15.349806785583496,25.577455520629883,21.620847702026367,14.682000160217283,36.89535140991211,61.14608001708984,40.22702026367188,54.0269889831543,52.17982864379883,0.348916620016098
2013-09-05,15.24453830718994,25.6020565032959,21.81754875183105,14.704999923706056,37.06605529785156,61.24460983276367,40.23158264160156,53.78296661376953,51.93608856201172,0.3498532474040985
2013-09-06,15.33534049987793,25.53646850585937,21.81804847717285,14.79300022125244,37.38613128662109,61.32903671264648,40.33660888671875,53.78993606567383,51.876609802246094,0.348448246717453
2013-09-09,15.580042839050291,25.95455741882324,22.02814674377441,14.98550033569336,37.59952926635742,61.61050796508789,40.76583862304688,54.494136810302734,52.3463249206543,0.3543025255203247
2013-09-10,15.225146293640137,26.55301284790039,22.04352378845215,15.017999649047852,38.17567825317383,62.29305267333984,42.14487457275391,54.34769821166992,52.21553802490234,0.3617960214614868
2013-09-11,14.396233558654783,26.839933395385746,22.230058670043945,14.982000350952148,37.88405227661133,62.78556060791016,42.53757858276367,54.5707893371582,52.82198333740234,0.3678846359252929
2013-09-12,14.549519538879396,26.7989444732666,22.15241813659668,14.942999839782717,37.15852737426758,62.63074493408203,42.25218200683594,54.56385040283203,52.31064224243164,0.367650419473648
2013-09-13,14.309739112854004,27.077680587768555,22.05344581604004,14.895999908447266,37.4074821472168,62.32118606567383,43.1517448425293,55.11465072631836,52.56037902832031,0.3699920773506164
2013-09-16,13.854805946350098,26.88911819458008,22.02095031738281,14.803000450134276,37.7986946105957,62.64482879638672,43.23851013183594,55.8885612487793,52.72090148925781,0.3702263236045837
2013-09-17,14.014863967895508,26.99569702148437,21.980024337768555,15.208499908447266,37.76313018798828,62.66595077514648,43.74537658691406,55.65846252441406,52.88143539428711,0.3713971078395843
2013-09-18,14.302968978881836,27.31541633605957,22.40691566467285,15.601499557495115,37.990753173828125,63.26405715942383,44.213417053222656,55.98613357543945,53.261966705322266,0.3746754229068756
2013-09-19,14.53751277923584,27.577747344970703,22.284629821777344,15.602999687194824,37.52128601074219,63.37662124633789,44.45542907714844,55.86066436767578,53.083587646484375,0.3730363845825195
2013-09-20,14.38700008392334,26.88092803955078,22.401708602905277,15.81700038909912,37.55685806274414,63.10222244262695,45.39608383178711,55.351707458496094,52.71495819091797,0.3697579205036163
2013-09-23,15.102022171020508,26.839933395385746,21.98969841003418,15.57450008392334,36.603702545166016,62.68705749511719,44.80474472045898,55.275001525878906,52.17390060424805,0.3662453591823578
2013-09-24,15.05462646484375,26.602191925048828,21.99813270568848,15.706500053405762,35.79283142089844,62.07491683959961,44.14264297485352,54.81483459472656,51.94200897216797,0.367650419473648
2013-09-25,14.82161808013916,26.6513786315918,21.759754180908203,15.63249969482422,36.77441787719727,61.27273178100586,43.73623275756836,54.18734359741211,51.81118392944336,0.3681186437606811
2013-09-26,14.96597671508789,26.86452865600586,21.783069610595703,15.906000137329102,36.90956115722656,61.26570510864258,44.19287490844727,54.417423248291016,51.76958084106445,0.3669479191303253
2013-09-27,14.859169960021973,27.27442169189453,21.73891830444336,15.80049991607666,37.15852737426758,61.0265007019043,44.07643508911133,53.83176040649414,51.66851806640625,0.3648404479026794
2013-09-30,14.674492835998535,27.282623291015625,21.727012634277344,15.631999969482422,36.76730728149414,60.99833297729492,43.63122177124024,52.70228958129883,51.15717315673828,0.364372044801712
2013-10-01,15.019536018371582,27.528564453125,22.002098083496094,16.047500610351562,36.95936584472656,61.547157287597656,44.11523818969727,53.09969711303711,51.13338851928711,0.3641378879547119
2013-10-02,15.068777084350586,27.80728530883789,22.026657104492188,16.02549934387207,37.32479476928711,61.42052459716797,43.79558563232422,52.93934631347656,51.18096160888672,0.3639035820960998
2013-10-03,14.879483222961426,27.75809669494629,21.731475830078125,15.73799991607666,37.21731185913086,60.92093276977539,43.07182312011719,52.8765983581543,50.83609008789063,0.3601567149162292
2013-10-04,14.86778450012207,27.774486541748047,21.63870429992676,15.95199966430664,37.74038696289063,61.43456268310547,43.48964309692383,53.00208282470703,51.32364273071289,0.3650745153427124
2013-10-07,15.01306438446045,27.299015045166016,21.47474479675293,15.501500129699709,37.13850021362305,60.92794418334961,42.542137145996094,52.74410629272461,51.07393264770508,0.3650745153427124
2013-10-08,14.80345630645752,27.06126594543457,21.17534637451172,15.161499977111816,36.45060348510742,60.238407135009766,41.6745491027832,53.21822738647461,50.84206008911133,0.3620302677154541
2013-10-09,14.97736358642578,27.110469818115234,21.22966766357422,14.911499977111816,36.364627838134766,60.48468780517578,41.975921630859375,53.650489807128906,50.63396453857422,0.356410264968872
2013-10-10,15.071243286132812,27.67611312866211,21.536760330200195,15.258500099182127,37.63291549682617,61.76530456542969,43.15857696533203,54.305885314941406,51.15717315673828,0.3603910207748413
2013-10-11,15.168816566467283,27.97945022583008,21.62977600097656,15.544500350952148,37.62574768066406,62.94036483764648,43.88234329223633,54.71723937988281,51.6982421875,0.357346773147583
2013-10-14,15.268235206604004,28.241775512695312,21.73197364807129,15.53499984741211,37.76905059814453,63.18667221069336,44.16546630859375,54.89850997924805,52.0847053527832,0.3627327084541321
2013-10-15,15.34950065612793,28.274572372436523,21.87832260131836,15.31999969482422,37.48244094848633,63.27810287475586,43.69283676147461,54.10369491577149,51.60310745239258,0.3608593642711639
2013-10-16,15.424291610717772,28.39754676818848,22.27569961547852,15.524499893188477,38.6933822631836,64.1083984375,44.66547775268555,55.04664993286133,51.912296295166016,0.3653085827827453
2013-10-17,15.528636932373049,28.6270694732666,22.0465030670166,15.53849983215332,38.84386444091797,64.71354675292969,45.27051162719727,55.805545806884766,52.01336288452149,0.3660111427307129
2013-10-18,15.663766860961914,28.659875869750977,25.088098526000977,16.446500778198242,38.90836715698242,64.47428894042969,45.76596450805664,55.79849624633789,52.05497741699219,0.3702263236045837
2013-10-21,16.047592163085938,28.68446922302246,24.886932373046875,16.32200050354004,38.88686752319336,64.1717300415039,45.67235565185547,55.48934555053711,51.864723205566406,0.3711629509925842
2013-10-22,16.001731872558594,28.34834098815918,24.97870445251465,16.62700080871582,38.42109298706055,64.98796081542969,45.65865707397461,56.4801139831543,52.31064224243164,0.3692894876003265
2013-10-23,16.15840721130371,27.67611312866211,25.584203720092773,16.33799934387207,37.79771041870117,64.80502319335938,45.40979766845703,56.8525276184082,52.09064102172852,0.3629668056964874
2013-10-24,16.372331619262695,27.643335342407227,25.4388427734375,16.61050033569336,37.60424423217773,64.98089599609375,46.3276252746582,56.641719818115234,52.57225036621094,0.3603910207748413
2013-10-25,16.189184188842773,29.291109085083008,25.182109832763672,18.16950035095215,37.812049865722656,64.7979965209961,46.36186218261719,56.21306228637695,52.3046875,0.3568784296512604
2013-10-28,16.309839248657227,29.159948348999023,25.17715072631836,17.908000946044922,37.74755859375,65.0090560913086,46.366432189941406,57.12654495239258,52.45930099487305,0.3561759293079376
2013-10-29,15.903536796569824,29.11894989013672,25.704010009765625,18.13500022888184,37.78337478637695,65.53678894042969,46.631290435791016,57.94161987304688,52.875518798828125,0.3566442430019378
2013-10-30,16.15655517578125,29.13534545898437,25.559642791748047,18.054000854492188,37.69023513793945,65.29053497314453,46.53538513183594,57.2811279296875,52.80415344238281,0.356410264968872
2013-10-31,16.088838577270508,29.02876853942871,25.56361198425293,18.201499938964844,36.9306869506836,65.16387176513672,44.90293502807617,56.74005508422852,53.285743713378906,0.3557076156139374
2013-11-01,16.00665283203125,29.12714958190918,25.475801467895508,17.950000762939453,37.62574768066406,65.69863891601562,45.47143173217773,57.02115249633789,53.4046630859375,0.357346773147583
2013-11-04,16.2135009765625,29.46326065063477,25.45273208618164,17.937000274658203,37.28897476196289,65.45939636230469,44.84585189819336,57.14762115478516,54.76028060913086,0.3470432460308075
2013-11-05,16.173480987548828,30.037124633789062,25.3388786315918,17.944499969482422,37.22447967529297,65.3045883178711,45.06275177001953,57.21788787841797,54.69489669799805,0.3465748131275177
2013-11-06,16.12766456604004,31.29959487915039,25.369386672973636,17.80900001525879,37.33195877075195,65.4664306640625,45.43947219848633,58.18756103515625,55.42621612548828,0.348916620016098
2013-11-07,15.866668701171877,30.74214553833008,25.002273559570312,17.17799949645996,37.00951766967773,65.22015380859375,44.77279281616211,57.843257904052734,55.049076080322266,0.3407206535339355
2013-11-08,16.116519927978516,30.971681594848636,25.20270156860352,17.515499114990234,38.66474151611328,66.17711639404297,45.27280044555664,57.97675323486328,55.51001739501953,0.364372044801712
2013-11-11,16.06976890563965,30.8159122467041,25.0677547454834,17.7189998626709,38.76506423950195,66.34600830078125,45.49654769897461,57.80110168457031,55.6477165222168,0.3674161434173584
2013-11-12,16.099496841430664,30.627368927001957,25.097278594970703,17.476499557495117,38.67189025878906,65.8322982788086,45.26823806762695,58.1805305480957,55.47411346435547,0.3681186437606811
2013-11-13,16.118696212768555,31.283205032348636,25.61049461364746,17.81100082397461,38.7937126159668,65.67752075195312,45.70520782470703,58.67240524291992,55.426212310791016,0.3781882226467132
2013-11-14,16.3518123626709,31.168418884277344,25.678955078125,18.3700008392334,38.980010986328125,66.08561706542969,45.78984451293945,59.24858093261719,55.80333709716797,0.3798273503780365
2013-11-15,16.253673553466797,31.0208683013916,25.637531280517575,18.458499908447266,39.31678009033203,66.41633605957031,46.21309661865234,59.61396408081055,57.03052520751953,0.3786565959453583
2013-11-18,16.0567684173584,30.49619674682617,25.58767509460449,18.30900001525879,39.9401741027832,66.35302734375,45.7326545715332,59.42425155639648,57.13827133178711,0.369523823261261
2013-11-19,16.085247039794922,30.34751319885254,25.430160522460938,18.246999740600582,40.23397445678711,66.74702453613281,45.15843200683594,59.26264190673828,57.12033081054688,0.3635201156139374
2013-11-20,15.944384574890137,30.62835502624512,25.35847282409668,18.12849998474121,40.19813919067383,66.95110321044922,45.32543563842773,59.50857925415039,56.67732620239258,0.3581048846244812
2013-11-21,16.134471893310547,30.89268112182617,25.65018081665039,18.44599914550781,41.00066757202149,66.98628997802734,46.12386322021485,59.49452209472656,56.68331146240234,0.3609302937984466
2013-11-22,16.092987060546875,31.033113479614254,25.59610748291016,18.61549949645996,41.17263412475586,67.48934173583984,46.240535736083984,59.69126510620117,56.87489318847656,0.3573985397815704
2013-11-25,16.214962005615234,31.09092903137207,25.94436836242676,18.832000732421875,41.308780670166016,67.75861358642578,46.19707107543945,60.01448059082031,56.92276763916016,0.3651681244373321
2013-11-26,16.514041900634766,30.85138702392578,26.253936767578125,19.068500518798828,40.96485137939453,67.35472106933594,46.56081771850586,59.47342300415039,56.43189239501953,0.3682288527488708
2013-11-27,16.90289878845215,31.05788803100586,26.37052154541016,19.33550071716309,41.18698501586914,67.29803466796875,46.66835784912109,59.220489501953125,56.15055084228516,0.3696415722370147
2013-11-29,17.215900421142578,31.49566078186035,26.283206939697266,19.68099975585937,41.00066757202149,67.07132720947266,46.547119140625,59.178321838378906,55.958980560302734,0.3672870695590973
2013-12-02,17.06606101989746,31.759981155395508,26.156450271606445,19.614999771118164,40.82868957519531,66.80207061767578,46.92915344238281,58.55999755859375,55.9829330444336,0.3708187043666839
2013-12-03,17.533246994018555,31.644350051879883,26.126192092895508,19.232999801635746,40.742706298828125,66.58241271972656,46.15589904785156,58.90428161621094,56.50374603271485,0.3705832958221435
2013-12-04,17.49237823486328,32.16474533081055,26.24823570251465,19.29800033569336,40.97916793823242,66.34152221679688,46.38238906860352,58.56699752807617,56.67133712768555,0.3757629692554474
2013-12-05,17.582170486450195,31.388288497924805,26.22739601135254,19.22450065612793,39.99750900268555,65.87386322021484,46.146732330322266,58.10324096679688,56.34807205200195,0.3696415722370147
2013-12-06,17.33819580078125,31.68565559387207,26.53820037841797,19.34749984741211,40.16947937011719,66.91546630859375,46.18334579467773,59.38909912109375,57.25798416137695,0.3642264008522033
2013-12-09,17.53664207458496,31.974750518798828,26.743343353271484,19.24449920654297,40.491920471191406,66.91546630859375,46.119285583496094,59.57181930541992,57.37174606323242,0.3581048846244812
2013-12-10,17.509408950805664,31.479162216186523,26.90507125854492,19.388999938964844,40.62805938720703,66.70286560058594,45.6251220703125,58.7778205871582,57.293922424316406,0.3663453459739685
2013-12-11,17.379688262939453,31.066146850585938,26.722257614135746,19.10950088500977,40.1766357421875,65.97308349609375,47.050418853759766,59.037784576416016,56.42591094970703,0.362813800573349
2013-12-12,17.354299545288086,30.7440128326416,26.54043960571289,19.0625,40.348609924316406,64.59140014648438,46.542518615722656,57.8292121887207,57.08440780639648,0.3557505309581756
2013-12-13,17.165128707885742,30.306209564208984,26.312973022460938,19.21199989318848,40.248291015625,64.72601318359375,47.43933868408203,57.878379821777344,57.05445861816406,0.3536315262317657
2013-12-16,17.26018524169922,30.47142219543457,26.615346908569336,19.44849967956543,40.427433013916016,64.74018096923828,47.5285530090332,57.40058898925781,58.19783401489258,0.3541024029254913
2013-12-17,17.182466506958008,30.165796279907227,26.53795051574707,19.38249969482422,39.92585754394531,64.23712921142578,48.78683090209961,56.8525276184082,57.91648483276367,0.3557505309581756
2013-12-18,17.051822662353516,30.215347290039062,26.907302856445312,19.79800033569336,41.01499938964844,65.64006042480469,49.26726531982422,57.88541412353516,59.586647033691406,0.3606947958469391
2013-12-19,16.856456756591797,29.942771911621094,26.94376945495605,19.75950050354004,41.007843017578125,65.17240142822266,49.43427658081055,57.548152923583984,59.520774841308594,0.3621073365211487
2013-12-20,16.997634887695312,30.39707374572754,27.300960540771484,20.11000061035156,41.3446159362793,65.25035858154297,49.409122467041016,57.5059928894043,59.07182693481445,0.3694061040878296
2013-12-23,17.649967193603516,30.24839782714844,27.66013526916504,20.145999908447266,41.73154830932617,65.20783996582031,49.88039016723633,57.13357925415039,58.97004699707031,0.3715250492095947
2013-12-24,17.57504653930664,30.62835502624512,27.579273223876957,19.959999084472656,41.73870849609375,65.22909545898438,50.0405387878418,57.13357925415039,59.39508056640625,0.3724667727947235
2013-12-26,17.45832061767578,30.925724029541016,27.718677520751957,20.21949958801269,41.70287322998047,65.56916809082031,50.37684631347656,57.44977569580078,60.4007568359375,0.3689351677894592
2013-12-27,17.340364456176758,30.80181884765625,27.74199485778809,19.90399932861328,41.65987014770508,65.4345474243164,50.25557327270508,57.625431060791016,60.76589584350586,0.3710541129112243
2013-12-30,17.16792106628418,30.80181884765625,27.52023696899414,19.668500900268555,41.52374267578125,65.3991470336914,50.53927230834961,57.618385314941406,60.04758071899414,0.3759984076023102
2013-12-31,17.369163513183594,30.900938034057617,27.799297332763672,19.93950080871582,41.90349960327149,64.89605712890625,50.94419479370117,57.203857421875,60.58032989501953,0.3771755993366241
2014-01-02,17.124879837036133,30.69443893432617,27.611024856567383,19.898500442504883,41.982852935791016,64.49929809570312,50.56214141845703,56.59249877929688,59.71235275268555,0.3734084367752075
2014-01-03,16.74872589111328,30.487932205200195,27.40960502624512,19.82200050354004,42.30740737915039,65.08027648925781,50.596466064453125,56.52926254272461,59.56867980957031,0.3689351677894592
2014-01-06,16.84005355834961,29.843658447265625,27.7152042388916,19.68149948120117,42.5526237487793,65.4203872680664,50.29219436645508,56.66279983520508,59.658470153808594,0.373879462480545
2014-01-07,16.719619750976562,30.074939727783203,28.24950408935547,19.901500701904297,42.06219100952149,66.80917358398438,50.676536560058594,57.21086502075195,60.50251770019531,0.3800008296966553
2014-01-08,16.82550811767578,29.538034439086918,28.30829429626465,20.09600067138672,42.45884323120117,66.717041015625,50.83898162841797,56.38173294067383,60.30497360229492,0.3851804435253143
2014-01-09,16.610639572143555,29.348045349121094,28.03568649291992,20.050500869750977,42.3795166015625,67.12091827392578,50.7680549621582,56.5081901550293,59.71834182739258,0.3708187043666839
2014-01-10,16.49980354309082,29.76931381225586,28.03420066833496,19.882999420166016,42.18478775024414,67.12801361083984,50.58960723876953,56.42385482788086,60.173282623291016,0.370347797870636
2014-01-13,16.586181640625,28.893739700317383,27.855602264404297,19.548999786376957,41.615028381347656,66.95796203613281,50.07942962646485,56.22011566162109,58.99401473999024,0.3616364896297455
2014-01-14,16.916221618652344,29.55455017089844,28.510950088500977,19.87700080871582,41.64387512207031,67.11383056640625,50.93734359741211,56.82439041137695,59.335205078125,0.3729377388954162
2014-01-15,17.25585174560547,30.364036560058597,28.491601943969727,19.793500900268555,42.90603256225586,67.17052459716797,51.191287994384766,56.7681999206543,59.13166046142578,0.3769401609897613
2014-01-16,17.159561157226562,30.47142219543457,28.680118560791016,19.790000915527344,42.54541015625,67.05715942382812,50.73601913452149,56.60657501220703,59.22745895385742,0.3781173527240753
2014-01-17,16.73912239074707,30.050159454345703,28.53898048400879,19.980499267578125,41.91072463989258,67.35472106933594,53.11758804321289,56.12876892089844,59.35914611816406,0.3764692842960357
2014-01-21,16.999195098876953,29.876697540283203,28.865663528442383,20.352500915527344,41.95399856567383,66.62492370605469,53.06040954589844,56.33956146240234,58.96405029296875,0.3778818547725677
2014-01-22,17.074731826782227,29.678449630737305,28.898406982421875,20.226999282836918,41.53569412231445,66.83042907714844,53.30290985107422,56.093204498291016,58.5929069519043,0.3774110376834869
2014-01-23,17.219316482543945,29.78583335876465,28.776365280151367,19.99349975585937,40.7279052734375,65.71089935302734,52.2184944152832,55.39227294921875,58.04818344116211,0.3759984076023102
2014-01-24,16.906309127807617,30.40534210205078,27.87668800354004,19.3799991607666,39.73261260986328,64.20169067382812,50.61706161499024,56.05778884887695,56.77910232543945,0.3663453459739685
2014-01-27,17.043466567993164,29.76105690002441,27.316091537475582,19.31399917602539,39.73261260986328,63.7269401550293,49.4662971496582,55.55511474609375,56.82101440429688,0.3639909625053406
2014-01-28,15.681220054626465,29.959300994873047,27.85634422302246,19.72150039672852,40.20140075683594,63.8403434753418,50.55070495605469,56.00822067260742,57.25798416137695,0.3675225675106048
2014-01-29,15.50320053100586,30.28144073486328,27.45723342895508,19.209999084472656,40.04994583129883,62.99007415771485,49.67219924926758,54.96748733520508,56.93475341796875,0.3639909625053406
2014-01-30,15.473172187805176,30.446645736694336,28.163429260253903,20.15049934387207,40.388916015625,63.41520690917969,50.532413482666016,54.42236328125,56.2642822265625,0.370112270116806
2014-01-31,15.498554229736328,31.256126403808597,29.29404640197754,17.934499740600586,39.927345275878906,62.6854133605957,49.28557205200195,54.245361328125,55.16881561279297,0.3696415722370147
2014-02-03,15.527355194091797,30.132761001586918,28.11481475830078,17.3075008392334,39.1700439453125,61.48795700073242,48.83718490600586,53.594024658203125,53.90571594238281,0.3646972477436065
2014-02-04,15.752118110656738,30.02538299560547,28.232141494750977,17.397499084472656,39.63163757324219,61.37456893920898,49.08195877075195,53.8701286315918,53.88775253295898,0.3668162226676941
2014-02-05,15.86976718902588,29.58759307861328,28.357162475585938,17.322500228881836,39.81915664672852,61.842227935791016,49.32674789428711,54.125,53.624359130859375,0.3635201156139374
2014-02-06,15.962273597717283,29.884958267211918,28.772890090942383,17.72949981689453,40.735107421875,62.88380432128906,50.1046028137207,54.44358444213867,54.13679885864258,0.3682288527488708
2014-02-07,16.185579299926758,30.19884490966797,29.206483840942383,18.054000854492188,40.83609008789063,63.797813415527344,50.73830795288086,54.733848571777344,54.60703659057617,0.3736439645290375
2014-02-10,16.475543975830078,30.39707374572754,29.094614028930664,18.043500900268555,40.92263412475586,64.52762603759766,50.45691680908203,55.24362182617188,53.9680061340332,0.3748211860656738
2014-02-11,16.692630767822266,30.702695846557617,29.522499084472656,18.089500427246094,41.42029571533203,65.87386322021484,50.8641471862793,55.81707000732422,54.7637825012207,0.3825906813144684
2014-02-12,16.691383361816406,30.950515747070312,29.435932159423828,17.462499618530273,41.48519134521485,65.48416137695312,51.37752914428711,54.861305236816406,54.90846252441406,0.3962462842464447
2014-02-13,16.9564266204834,31.066146850585938,29.76360893249512,17.860000610351562,41.853023529052734,65.58335876464844,51.35001754760742,55.080814361572266,55.11948013305664,0.4087245166301727
2014-02-14,16.942724227905273,31.07439994812012,29.835538864135746,17.86750030517578,41.93958282470703,65.7250747680664,51.79693603515625,56.21355438232422,56.73511505126953,0.4216738641262054
2014-02-18,17.005016326904297,31.140979766845703,30.035964965820312,17.6825008392334,42.18478775024414,65.30701446533203,51.8106803894043,55.2011604309082,56.71100997924805,0.4214384853839874
2014-02-19,16.73653793334961,31.21589088439941,29.824129104614254,17.368999481201172,41.29767608642578,64.93153381347656,51.31106948852539,55.32147979736328,56.6386833190918,0.427088975906372
2014-02-20,16.542816162109375,31.41559791564941,29.868038177490234,17.489999771118164,41.52847290039063,65.45584106445312,51.21480178833008,55.16573715209961,57.494754791259766,0.4421572089195251
2014-02-21,16.35906410217285,31.607027053833008,29.860095977783203,17.33799934387207,41.55010986328125,65.31306457519531,51.1918830871582,55.2011604309082,57.28974533081055,0.4388610422611236
2014-02-24,16.430692672729492,31.365671157836918,30.076396942138672,17.589000701904297,41.853023529052734,65.02050018310547,51.84048461914063,55.12326049804688,58.1397819519043,0.4452178478240967
2014-02-25,16.25970458984375,31.240840911865234,30.262187957763672,17.916000366210938,41.131797790527344,65.02050018310547,52.05132293701172,55.30734252929688,58.06142044067383,0.4432075619697571
2014-02-26,16.11301612854004,31.182605743408203,30.266407012939453,17.989999771118164,40.92985534667969,65.02050018310547,51.822147369384766,55.12326049804688,57.74795150756836,0.4424981474876404
2014-02-27,16.434429168701172,31.50714683532715,30.24259376525879,18.006500244140625,40.886566162109375,65.19891357421875,51.861106872558594,55.35689163208008,57.77808380126953,0.437531441450119
2014-02-28,16.38990020751953,31.881635665893555,30.154285430908203,18.104999542236328,40.9803466796875,65.74126434326172,51.78319549560547,55.68965911865234,58.03730392456055,0.4346934258937835
2014-03-03,16.43723487854004,31.44057846069336,29.832813262939453,17.98900032043457,40.54039001464844,65.34163665771484,50.7518196105957,54.854225158691406,57.57310104370117,0.432564914226532
2014-03-04,16.545623779296875,31.96484375,30.13593101501465,18.19499969482422,41.29767608642578,66.61190795898438,51.68234252929688,55.54095458984375,58.188018798828125,0.4370584785938263
2014-03-05,16.580503463745117,31.715198516845703,30.21902847290039,18.61849975585937,41.946807861328125,66.0766830444336,51.065826416015625,55.09491729736328,56.5482292175293,0.4408425688743591
2014-03-06,16.530363082885742,31.74847221374512,30.25251579284668,18.607999801635746,42.480506896972656,66.29080200195312,51.30648422241211,55.26484298706055,56.52411651611328,0.4346934258937835
2014-03-07,16.520706176757812,31.540437698364254,30.13295555114746,18.60300064086914,42.84111404418945,66.59764099121094,51.69609832763672,55.49139022827149,57.26564407348633,0.4342203736305237
2014-03-10,16.535655975341797,31.473861694335938,30.05308151245117,18.526500701904297,42.69686126708984,66.69044494628906,51.68234252929688,55.59760284423828,57.57310104370117,0.4278347492218017
2014-03-11,16.696678161621094,31.64029884338379,29.76583671569824,18.44099998474121,41.96842575073242,66.71897888183594,52.06737518310547,55.89494323730469,56.674835205078125,0.4320919811725616
2014-03-12,16.712875366210938,31.848363876342773,29.947162628173828,18.53199958801269,41.7736930847168,66.79749298095703,51.819862365722656,56.10025024414063,56.795387268066406,0.4332743287086487
2014-03-13,16.527240753173828,31.532127380371094,29.49472045898437,18.57550048828125,41.41307830810547,66.36929321289062,50.60056686401367,56.06485366821289,56.4517822265625,0.4195571839809418
2014-03-14,16.341623306274414,31.37400245666504,29.091388702392575,18.687000274658203,40.96589279174805,66.23369598388672,50.598270416259766,55.91617202758789,56.349308013916016,0.4214493632316589
2014-03-17,16.405471801757812,31.665258407592773,29.57012939453125,18.75200080871582,41.52847290039063,67.0329818725586,51.28814315795898,56.525047302246094,56.86173629760742,0.4214493632316589
2014-03-18,16.55060386657715,32.913578033447266,30.045392990112305,18.938499450683597,41.87466430664063,67.04011535644531,51.890899658203125,56.47547149658203,57.09683990478516,0.4313824474811554
2014-03-19,16.546247482299805,32.68054962158203,29.74748420715332,18.661500930786133,42.04776763916016,66.79032897949219,51.29729843139648,55.77460479736328,56.50603485107422,0.4389505386352539
2014-03-20,16.466510772705078,33.56269073486328,29.695640563964844,18.44849967956543,43.35318374633789,67.16858673095703,50.83893966674805,55.448917388916016,57.01848602294922,0.4391870498657226
2014-03-21,16.596393585205078,33.42121887207031,29.345394134521484,18.0310001373291,43.39646911621094,68.46031188964844,51.19416046142578,55.13742446899414,56.855712890625,0.4384775161743164
2014-03-24,16.793224334716797,33.70416259765625,28.7225399017334,17.592500686645508,44.04556655883789,67.9393081665039,50.59367752075195,56.14273071289063,57.05463790893555,0.4363489747047424
2014-03-25,16.973873138427734,33.57101821899414,28.742136001586918,17.73550033569336,43.94459915161133,69.49508666992188,50.05507659912109,56.50381088256836,57.21742248535156,0.4363489747047424
2014-03-26,16.81160545349121,33.113304138183594,28.078596115112305,17.170499801635742,43.20172882080078,69.25958251953125,49.43170547485352,56.28432083129883,57.09081268310547,0.4264158606529236
2014-03-27,16.739341735839844,32.75544738769531,27.63979721069336,16.923500061035156,43.21615219116211,69.4237060546875,49.45232391357422,56.390506744384766,58.01919174194336,0.4207398593425751
2014-03-28,16.720653533935547,33.537723541259766,27.785400390625,16.914499282836914,43.302696228027344,69.53789520263672,48.6089096069336,56.46841430664063,58.8994026184082,0.4233413338661194
2014-03-31,16.7169189453125,34.11194610595703,27.64550018310547,16.818500518798828,43.78592300415039,70.10169982910156,49.47294616699219,57.063114166259766,58.887351989746094,0.4235778152942657
2014-04-01,16.869842529296875,34.469783782958984,28.151029586791992,17.149499893188477,43.75707626342773,69.89468383789062,49.20708465576172,56.8790283203125,58.91748428344727,0.441079169511795
2014-04-02,16.89788055419922,34.41152572631836,28.15624046325684,17.097999572753906,43.89496994018555,70.10169982910156,49.19792556762695,56.730350494384766,59.05009841918945,0.4382410645484924
2014-04-03,16.780765533447266,34.128597259521484,28.323848724365234,16.680999755859375,44.02560424804688,70.12310791015625,49.27814483642578,56.70912551879883,59.03805160522461,0.4429710507392883
2014-04-04,16.56368637084961,33.17988204956055,27.022884368896484,16.149999618530273,43.4087028503418,70.23727416992188,47.60276412963867,56.47547149658203,58.69441223144531,0.429253876209259
2014-04-07,16.30362892150879,33.12162399291992,26.79391288757324,15.887999534606934,42.82081985473633,69.85903930664062,46.61954116821289,56.98524475097656,58.344757080078125,0.4306728839874267
2014-04-08,16.302690505981445,33.13827133178711,27.6304931640625,16.353500366210938,42.71196365356445,69.9803695678711,46.43158721923828,57.59409713745117,58.74867630004883,0.4460457563400268
2014-04-09,16.5169620513916,33.67920684814453,28.102806091308597,16.590499877929688,43.01679229736328,70.61552429199219,47.56608963012695,57.69321060180664,58.67633056640625,0.445572555065155
2014-04-10,16.303932189941406,32.75544738769531,27.094247817993164,15.85550022125244,41.65958786010742,68.89562225341797,46.193241119384766,57.41000747680664,58.344757080078125,0.4346934258937835
2014-04-11,16.183406829833984,32.63062286376953,26.651674270629883,15.58650016784668,40.13545608520508,69.13109588623047,45.06562042236328,57.17639923095703,58.30857467651367,0.428544282913208
2014-04-14,16.247875213623047,32.605655670166016,27.02040672302246,15.795499801635742,39.88867950439453,69.32379913330078,46.069480895996094,57.21178436279297,58.99583053588867,0.4332743287086487
2014-04-15,16.132007598876953,33.080020904541016,27.19386482238769,15.803999900817873,39.77256774902344,70.79389953613281,46.766212463378906,57.23303985595703,59.49020767211914,0.4363489747047424
2014-04-16,16.164714813232422,33.62092971801758,27.94718742370605,16.18400001525879,40.10641098022461,70.47278594970703,47.98322677612305,57.806522369384766,60.249786376953125,0.4372950494289398
2014-04-17,16.349409103393555,33.29638671875,26.928224563598636,16.245500564575195,40.0773811340332,70.62263488769531,47.66005325317383,57.88438034057617,60.5391731262207,0.4389505386352539
2014-04-21,16.543445587158203,33.238128662109375,26.731464385986328,16.543500900268555,39.939483642578125,71.36483001708984,47.93049621582031,57.74278259277344,60.846656799316406,0.4424981474876404
2014-04-22,16.5599422454834,33.279747009277344,27.035274505615234,16.465999603271484,40.50559616088867,71.49331665039062,48.12303161621094,57.5233039855957,60.50904083251953,0.4462820589542389
2014-04-23,16.343490600585938,33.03008270263672,26.6392822265625,16.229000091552734,40.679786682128906,71.52185821533203,47.85946273803711,57.34772491455078,60.58740615844727,0.4514852464199066
2014-04-24,17.683364868164062,33.17154693603516,26.48713111877441,16.857500076293945,40.78138732910156,71.33627319335938,47.99237823486328,57.91152572631836,60.2920150756836,0.4555058479309082
2014-04-25,17.813234329223633,33.213165283203125,25.92511367797852,15.191499710083008,40.42576217651367,71.21495056152344,45.5927619934082,58.09707260131836,60.53314971923828,0.4429710507392883
2014-04-28,18.503103256225582,34.0120735168457,25.919170379638672,14.82900047302246,40.27336120605469,72.32111358642578,46.163455963134766,59.18891143798828,60.991329193115234,0.441079169511795
2014-04-29,18.448286056518555,33.712486267089844,26.58080101013184,15.019000053405762,40.7160758972168,72.09989929199219,46.44992446899414,58.83212661743164,61.16010665893555,0.4420250058174133
2014-04-30,18.37852478027344,33.62092971801758,26.508939743041992,15.206500053405762,40.62896728515625,72.28544616699219,46.43618392944336,58.91059875488281,61.73887252807617,0.4368219673633575
2014-05-01,18.42181968688965,33.288055419921875,26.689836502075195,15.39449977874756,40.44028472900391,71.7430648803711,47.233768463134766,58.76074600219727,61.1359977722168,0.4391870498657226
2014-05-02,18.456079483032227,33.03008270263672,26.45888328552246,15.400500297546388,40.33868408203125,70.87242126464844,46.851016998291016,58.46102523803711,61.49769973754883,0.4358759820461273
2014-05-05,18.717063903808597,32.81370544433594,26.53124046325684,15.5024995803833,39.35161590576172,71.36483001708984,47.47211456298828,58.30403900146485,62.04030990600586,0.4406060874462127
2014-05-06,18.51306915283203,32.50579833984375,25.89884757995605,14.869000434875488,38.71292495727539,71.0151596069336,47.066444396972656,57.89725112915039,61.89561462402344,0.4316189289093017
2014-05-07,18.448286056518555,32.80537414550781,25.67235946655273,14.635499954223633,39.22822952270508,72.01425170898438,47.83194732666016,58.58235168457031,62.16086196899414,0.4320919811725616
2014-05-08,18.415403366088867,32.98846435546875,25.7799015045166,14.416000366210938,39.45322036743164,71.7216567993164,48.3361701965332,58.632286071777344,61.68461608886719,0.437531441450119
2014-05-09,18.33867073059082,32.905242919921875,26.09956741333008,14.612000465393066,39.1992073059082,72.01425170898438,48.315555572509766,58.79643630981445,61.87882232666016,0.4268888533115387
2014-05-12,18.56698226928711,33.263084411621094,26.68487930297852,15.142999649047852,39.663692474365234,71.73593139648438,48.51952362060547,58.32542419433594,62.04877471923828,0.439423531293869
2014-05-13,18.596120834350582,33.874874114990234,26.83901023864746,15.232000350952148,39.64192962646485,72.0927505493164,48.60202407836914,58.23980712890625,62.127685546875,0.432328462600708
2014-05-14,18.59955596923828,33.72404098510742,26.48564720153809,14.880999565124512,39.45322036743164,71.9856948852539,48.18870544433594,57.92578887939453,62.0852165222168,0.4280714094638824
2014-05-15,18.44139671325684,33.18766403198242,26.22347068786621,14.759499549865724,38.83631134033203,71.85723114013672,47.63531494140625,57.46907806396485,61.168701171875,0.4257062375545501
2014-05-16,18.713563919067383,33.38042449951172,26.182832717895508,14.885000228881836,38.69115829467773,71.77874755859375,48.177223205566406,57.32634735107422,61.144412994384766,0.4247603416442871
2014-05-19,18.935300827026367,33.313377380371094,26.70470428466797,14.838000297546388,39.06855773925781,71.82158660888672,48.303524017333984,57.04088592529297,61.22332382202149,0.4384775161743164
2014-05-20,18.93905639648437,33.25471496582031,26.782018661499023,15.059499740600586,38.988712310791016,71.54324340820312,47.74324417114258,57.25497055053711,61.1019287109375,0.4333692193031311
2014-05-21,18.989168167114254,33.816219329833984,27.24342536926269,15.250499725341797,39.2790412902832,72.17839813232422,48.24381637573242,57.44053649902344,61.9273681640625,0.4333692193031311
2014-05-22,19.019243240356445,33.60669708251953,27.528400421142575,15.24549961090088,39.59113311767578,72.55206298828125,48.07619857788086,57.55471420288086,61.6057014465332,0.4352700114250183
2014-05-23,19.234081268310547,33.62346649169922,27.942232131958008,15.612000465393066,39.57660675048828,72.5664291381836,48.6961784362793,57.46192932128906,61.4964485168457,0.4393091797828674
2014-05-27,19.59425163269043,33.68212890625,28.490867614746094,15.541000366210938,40.01931381225586,72.44425964355469,49.2541618347168,57.14793014526367,61.52073669433594,0.4471495747566223
2014-05-28,19.54352378845215,33.53128433227539,28.271806716918945,15.508000373840332,40.24431610107422,72.07781219482422,49.09341430664063,57.16220474243164,61.33864974975586,0.4509511291980743
2014-05-29,19.899620056152344,33.80784606933594,28.27726173400879,15.689000129699709,40.44028472900391,72.40834045410156,49.29319763183594,57.37629699707031,61.46611404418945,0.4502383172512054
2014-05-30,19.825084686279297,34.31067657470703,28.331281661987305,15.6274995803833,40.33140563964844,72.91140747070312,49.32993698120117,57.65461730957031,61.01696395874024,0.4514263868331909
2014-06-02,19.6888370513916,34.18497085571289,27.96899032592773,15.44200038909912,40.17173767089844,73.42161560058594,49.02913284301758,57.34772491455078,60.65884399414063,0.4500007927417755
2014-06-03,19.967273712158203,33.76594161987305,27.48181533813477,15.35949993133545,40.35317993164063,73.62999725341797,48.52396011352539,57.04088592529297,60.93198394775391,0.4481000602245331
2014-06-04,20.19528007507324,33.79106903076172,27.444639205932617,15.33899974822998,40.41124725341797,73.7881088256836,48.54922103881836,56.99092864990234,60.71955490112305,0.4485750794410705
2014-06-05,20.274511337280277,34.53696060180664,27.998233795166016,16.178499221801758,41.10072708129883,74.1761703491211,48.73062133789063,57.16933059692383,61.02910614013672,0.4504759609699249
2014-06-06,20.2187614440918,34.76325225830078,28.05275154113769,16.48349952697754,41.34749603271485,74.14743041992188,48.90972900390625,57.11223983764648,61.66641616821289,0.4521391987800598
2014-06-09,20.542293548583984,34.587249755859375,28.285688400268555,16.375,41.674102783203125,74.1761703491211,48.81328582763672,57.15504455566406,61.61785125732422,0.4526143074035644
2014-06-10,20.66287422180176,34.45315933227539,28.165252685546875,16.620500564575195,42.02247619628906,74.80854797363281,49.19674301147461,57.197879791259766,61.5814208984375,0.4549901485443115
2014-06-11,20.577362060546875,34.24363327026367,28.1256046295166,16.760000228881836,41.56523895263672,74.24803161621094,48.836238861083984,57.13364410400391,61.87882232666016,0.4609300494194031
2014-06-12,20.233163833618164,34.00897979736328,27.7291202545166,16.295499801635742,41.3983039855957,73.68032836914062,48.627288818359375,56.919559478759766,61.70281982421875,0.4637809693813324
2014-06-13,20.011749267578125,34.5537223815918,27.771244049072266,16.313499450683594,41.3983039855957,73.68032836914062,48.51707077026367,56.83389663696289,62.30369186401367,0.4642562866210937
2014-06-16,20.213438034057617,34.780006408691406,27.37228202819824,16.381000518798828,41.27491760253906,73.6228256225586,48.27595520019531,56.86961364746094,62.46757125854492,0.4628307819366455
2014-06-17,20.187129974365234,34.93084716796875,27.28902244567871,16.2810001373291,41.674102783203125,73.2491455078125,48.406856536865234,56.79109573364258,62.16408157348633,0.4659194648265838
2014-06-18,20.20905113220215,34.90571594238281,27.78661346435547,16.7189998626709,41.93536376953125,73.88153839111328,48.50788116455078,56.94097137451172,62.352272033691406,0.465444266796112
2014-06-19,20.138898849487305,34.788387298583984,28.001205444335938,16.350000381469727,41.58699417114258,74.60014343261719,48.29433441162109,57.26211929321289,62.29156112670898,0.4547525942325592
2014-06-20,19.93062210083008,34.93084716796875,28.077035903930664,16.209999084472656,41.7684440612793,75.6493148803711,48.1037483215332,57.04088592529297,63.01994705200195,0.4497632086277008
2014-06-23,19.9130859375,35.1906623840332,28.46211814880371,16.36199951171875,42.232940673828125,75.27566528320312,48.09913635253906,56.74829864501953,63.35371398925781,0.4445360600948334
2014-06-24,19.79250907897949,34.98952102661133,28.375391006469727,16.20800018310547,41.674102783203125,75.16065979003906,47.71338272094727,56.38431930541992,62.352272033691406,0.4376459121704101
2014-06-25,19.810043334960938,35.22418594360352,29.039003372192383,16.371999740600586,41.7539291381836,76.00146484375,48.005008697509766,56.60554885864258,61.9941635131836,0.4421601593494415
2014-06-26,19.928436279296875,34.964378356933594,28.98151397705078,16.284500122070312,41.65232849121094,75.92240142822266,47.98204040527344,56.10601806640625,61.9273681640625,0.4362203776836395
2014-06-27,20.16520881652832,35.408565521240234,29.027109146118164,16.228500366210938,41.7539291381836,75.44815063476562,48.05552673339844,56.39147186279297,61.4296989440918,0.4366955757141113
2014-06-30,20.373483657836918,34.94762420654297,28.97655868530273,16.23900032043457,41.81924819946289,75.1822509765625,48.38388442993164,56.084598541259766,61.10798645019531,0.4404970705509186
2014-07-01,20.50282859802246,35.09008026123047,29.314558029174805,16.61949920654297,42.075042724609375,76.08052062988281,49.19674301147461,56.57701873779297,61.52073669433594,0.4454865753650665
2014-07-02,20.494060516357425,35.1152458190918,29.27937126159668,16.642499923706055,41.63653564453125,76.07331848144531,49.33223724365234,56.776851654052734,61.64821243286133,0.4438233077526092
2014-07-03,20.614635467529297,35.03141403198242,29.39336204528809,16.874500274658203,41.695011138916016,75.75713348388672,49.71570587158203,57.07658386230469,62.26726531982422,0.4478624165058136
2014-07-07,21.039947509765625,35.1906623840332,29.278383255004883,16.677499771118164,41.41727828979492,76.51167297363281,49.76852035522461,57.2264289855957,62.30369186401367,0.444298505783081
2014-07-08,20.90403175354004,35.01467514038086,28.665815353393555,16.190500259399414,40.75221252441406,75.97271728515625,49.42867660522461,57.49045944213867,62.41294860839844,0.4407346248626709
2014-07-09,20.912792205810547,34.9224739074707,28.91163444519043,16.49850082397461,40.94222259521485,76.20267486572266,49.63533401489258,58.28260803222656,62.84995269775391,0.4540398120880127
2014-07-10,20.83606719970703,34.939231872558594,28.747095108032227,16.395999908447266,40.60605239868164,76.03020477294922,49.492977142333984,58.23980712890625,62.255130767822266,0.4516639113426208
2014-07-11,20.87553024291992,35.27448272705078,29.074687957763672,17.309999465942383,40.781436920166016,75.52716064453125,49.82822799682617,57.91865539550781,61.75138092041016,0.4526143074035644
2014-07-14,21.14518165588379,35.316375732421875,29.45184326171875,17.766000747680664,41.13956451416016,75.7283706665039,50.75358581542969,58.03282165527344,62.3219108581543,0.4583166241645813
2014-07-15,20.897449493408203,35.576171875,29.392370223999023,17.722000122070312,42.58663177490234,74.21928405761719,50.92581558227539,57.99001693725586,62.14590835571289,0.4602172076702118
2014-07-16,20.77906608581543,36.94222259521485,29.27144241333008,17.795000076293945,42.90822982788086,73.45755767822266,51.130184173583984,58.22309875488281,62.98348236083984,0.4597420692443847
2014-07-17,20.408557891845703,37.31937026977539,28.785749435424805,17.622499465942383,42.28699493408203,72.1280746459961,50.0302734375,57.83464431762695,62.09733200073242,0.4585540890693664
2014-07-18,20.702327728271484,37.45347213745117,29.98957633972168,17.933000564575195,42.55740737915039,73.15572357177734,50.5630111694336,57.94255447387695,62.352272033691406,0.4381210803985595
2014-07-21,20.594911575317383,37.57916641235352,29.65900993347168,17.988000869750977,42.564720153808594,72.77484130859375,50.33797454833984,57.74831008911133,62.5647087097168,0.4407346248626709
2014-07-22,20.76591110229492,37.57078552246094,29.91325187683105,18.04199981689453,42.87898254394531,73.6371841430664,50.80640411376953,57.61884307861328,62.84392166137695,0.4388339817523956
2014-07-23,21.30742454528809,37.60430908203125,29.993539810180664,17.906999588012695,43.12015914916992,73.43599700927734,50.79263305664063,57.53970336914063,63.27482223510742,0.4295676946640014
2014-07-24,21.272340774536133,37.21042251586914,29.885498046875,17.930500030517578,43.24441909790039,73.44316864013672,51.14624786376953,57.73395538330078,63.29303359985352,0.4302805066108703
2014-07-25,21.41265106201172,37.29421615600586,29.641162872314453,16.20050048828125,43.12746810913086,73.37850189208984,49.316165924072266,57.23041534423828,62.62538909912109,0.4226776659488678
2014-07-28,21.708627700805664,36.85005569458008,29.6877498626709,16.02050018310547,43.25902938842773,73.37850189208984,49.18986892700195,57.014610290527344,63.3476676940918,0.4210144281387329
2014-07-29,21.568307876586918,36.78300476074219,29.436479568481445,16.0,42.8570671081543,73.27069091796875,49.0245361328125,56.5758056640625,62.84995269775391,0.4224399030208587
2014-07-30,21.51788330078125,36.52320098876953,29.51032829284668,16.125499725341797,43.05439376831055,73.5150375366211,49.15312194824219,56.22333526611328,62.66785430908203,0.4295676946640014
2014-07-31,20.95882797241211,36.171199798583984,28.722810745239254,15.649499893188477,42.148136138916016,71.9268798828125,48.45276641845703,55.61909103393555,60.051902770996094,0.4157875180244446
2014-08-01,21.075029373168945,35.91979217529297,28.42792320251465,15.352999687194824,41.27842330932617,71.79033660888672,48.636478424072266,57.29511642456055,59.9669303894043,0.4203016757965088
2014-08-04,20.95663452148437,36.34720230102539,28.85761260986328,15.682499885559082,41.40267181396485,71.97718048095703,48.71683883666992,56.98582077026367,60.77418899536133,0.4193512201309204
2014-08-05,20.85360145568848,36.10415649414063,28.40512466430664,15.616000175476074,40.97146987915039,71.73282623291016,48.344852447509766,57.12248229980469,59.60273742675781,0.4195887148380279
2014-08-06,20.81852531433105,35.81922912597656,28.47203254699707,15.694499969482422,41.0957145690918,72.37242889404297,48.37929534912109,58.33097457885742,60.076171875,0.4191137254238128
2014-08-07,20.81632804870605,36.22987365722656,28.339208602905277,15.572500228881836,40.86183547973633,71.81187438964844,48.00041198730469,57.64761734008789,59.64525985717773,0.4148369431495666
2014-08-08,20.873607635498047,36.20473098754883,28.643014907836918,15.84000015258789,41.17610168457031,72.6383285522461,48.32648086547852,58.23027420043945,60.53746032714844,0.4514263868331909
2014-08-11,21.149019241333008,36.20473098754883,28.608821868896484,15.916500091552734,41.1614990234375,72.69580078125,48.35403060913086,58.61153411865234,60.34188079833984,0.4490503072738647
2014-08-12,21.14460563659668,36.47291946411133,28.354572296142575,15.965999603271484,41.18339920043945,72.31492614746094,48.28973007202149,58.5683822631836,60.195194244384766,0.4490503072738647
2014-08-13,21.42442512512207,36.94222259521485,28.97110939025879,16.31399917602539,41.45383071899414,73.11260986328125,48.64174270629883,58.61153411865234,60.56192398071289,0.4516639113426208
2014-08-14,21.48170280456543,37.10146331787109,28.975566864013672,16.660499572753906,41.64384841918945,73.3138198852539,48.89250564575195,58.94961166381836,60.56192398071289,0.4466743469238281
2014-08-15,21.587461471557617,37.53726959228516,28.92898178100586,16.681499481201172,41.47574234008789,72.70297241210938,48.35646057128906,58.82732009887695,60.52524948120117,0.4523767232894897
2014-08-18,21.84744453430176,37.80545425415039,29.37453269958496,16.726499557495117,41.82656097412109,73.80245208740234,49.306617736816406,59.30210494995117,60.8247299194336,0.4585540890693664
2014-08-19,22.149290084838867,38.22710037231445,29.593090057373047,16.756500244140625,42.0677375793457,73.98931121826172,49.46303939819336,59.4819221496582,60.806396484375,0.4622530937194824
2014-08-20,22.158103942871094,37.906646728515625,29.50884056091309,16.788999557495117,42.12621688842773,74.16898345947266,49.73912811279297,59.56823348999024,60.93472671508789,0.4593893587589264
2014-08-21,22.160310745239254,38.13434600830078,29.36065101623535,16.64550018310547,42.7547492980957,74.87322235107422,49.63560104370117,59.90632629394531,60.67803192138672,0.4550937414169311
2014-08-22,22.32334327697754,38.0753059387207,29.366600036621094,16.579500198364258,42.74742126464844,74.59107208251953,49.71381759643555,59.98545455932617,60.20130920410156,0.455332487821579
2014-08-25,22.371824264526367,38.0921745300293,29.268962860107425,16.701000213623047,43.3686637878418,74.68513488769531,49.69771194458008,60.093353271484375,60.3541145324707,0.4560483396053314
2014-08-26,22.228612899780277,37.95724487304688,29.147541046142575,17.09149932861328,43.66099166870117,74.8370590209961,49.86105728149414,59.978271484375,60.898067474365234,0.464162141084671
2014-08-27,22.50181770324707,37.83917236328125,28.89379119873047,17.159000396728516,43.55135345458984,74.67788696289062,49.95307540893555,59.92790985107422,60.830833435058594,0.458912044763565
2014-08-28,22.528247833251957,37.84760665893555,28.760969161987305,17.000999450683594,43.237091064453125,74.48255157470703,49.371036529541016,59.72647476196289,60.85527038574219,0.4627303779125213
2014-08-29,22.583332061767575,38.31142425537109,28.8620719909668,16.95199966430664,43.44903945922852,75.046875,48.89250564575195,59.7840576171875,60.78805160522461,0.464162141084671
2014-09-02,22.759599685668945,38.02470016479492,29.17281723022461,17.118999481201172,43.60982894897461,74.77918243408203,49.40093612670898,59.69052505493164,60.195194244384766,0.4653555154800415
2014-09-03,21.798974990844727,37.915069580078125,29.21692657470703,16.950000762939453,43.63175964355469,75.06856536865234,49.44004440307617,59.63299179077149,60.57413864135742,0.4696510434150696
2014-09-04,21.618310928344727,38.1680908203125,29.39633560180664,17.297500610351562,43.639068603515625,75.12645721435547,49.29280090332031,60.20845413208008,60.1157455444336,0.4780036211013794
2014-09-05,21.805591583251957,38.71622467041016,29.626298904418945,17.319000244140625,43.78524398803711,75.54605865478516,49.28130722045898,60.25881576538086,60.66581726074219,0.4765716791152954
2014-09-08,21.671188354492188,39.18848037719727,29.81710433959961,17.117000579833984,43.7706184387207,75.27837371826172,49.64020919799805,59.93508529663086,59.75516128540039,0.4722761511802673
2014-09-09,21.58966827392578,39.43302536010742,29.338350296020508,16.487499237060547,43.16402053833008,75.0975112915039,49.29741668701172,59.69772720336914,59.52291488647461,0.4663099348545074
2014-09-10,22.252843856811523,39.50050354003906,29.41021156311035,16.566499710083008,43.28094482421875,75.95844268798828,49.89554977416992,60.165287017822266,59.16841506958008,0.4679804444313049
2014-09-11,22.347583770751957,39.63542175292969,29.29572868347168,16.525999069213867,43.67559814453125,75.64012145996094,49.45156097412109,60.05738830566406,59.30286407470703,0.4632076323032379
2014-09-12,22.398256301879883,39.38243103027344,28.987957000732425,16.559499740600586,43.8729362487793,75.66183471679688,49.24219512939453,59.891937255859375,58.53890609741211,0.4562870264053345
2014-09-15,22.391651153564453,38.99450302124024,28.826391220092773,16.194499969482422,43.80716323852539,75.76311492919922,49.38023376464844,60.33073806762695,58.85062026977539,0.4500823020935058
2014-09-16,22.22199821472168,39.43302536010742,29.180252075195312,16.38800048828125,43.84371566772461,76.60234832763672,49.9921875,60.48178482055664,59.54735565185547,0.456764280796051
2014-09-17,22.38063240051269,39.23062515258789,29.40376853942871,16.200000762939453,44.07758331298828,76.8266372680664,49.58498001098633,60.53936767578125,59.33343505859375,0.4570028781890869
2014-09-18,22.426897048950195,39.36556625366211,29.60102081298828,16.25,44.81573867797852,77.6658706665039,49.79433441162109,60.56092834472656,59.046180725097656,0.4639236330986023
2014-09-19,22.244028091430664,40.07394409179688,30.003950119018555,16.56599998474121,44.66225814819336,78.12889099121094,49.7506217956543,60.762332916259766,59.35787963867188,0.455332487821579
2014-09-22,22.266063690185547,39.68602752685547,29.60102081298828,16.225000381469727,44.51608276367188,78.04933166503906,49.20539093017578,61.00690078735352,59.00342559814453,0.4507981240749359
2014-09-23,22.61417579650879,39.26436996459961,29.2992000579834,16.181499481201172,44.53801345825195,77.74545288085938,48.87869644165039,60.740753173828125,58.69169998168945,0.4488890767097473
2014-09-24,22.418088912963867,39.7028923034668,29.65801429748535,16.410499572753906,45.04230117797852,78.59915924072266,49.32732772827149,61.31623077392578,58.5633430480957,0.451514184474945
2014-09-25,21.5632266998291,38.82584381103516,29.005306243896484,16.096500396728516,43.96064376831055,77.48501586914062,48.4760971069336,60.66162490844727,57.60379409790039,0.4417296946048736
2014-09-26,22.19776153564453,39.13787460327149,29.136638641357425,16.160499572753906,44.260292053222656,77.48501586914062,48.759056091308594,60.84147644042969,58.32500076293945,0.4426842927932739
2014-09-29,22.056753158569336,39.16315841674805,29.132179260253903,16.090999603271484,44.09219741821289,77.07987976074219,48.52668380737305,60.740753173828125,57.71382141113281,0.4419683516025543
2014-09-30,22.19776153564453,39.095703125,29.161914825439453,16.121999740600586,44.02642440795898,77.11602020263672,49.08805465698242,60.23723602294922,57.4815788269043,0.4402978420257568
2014-10-01,21.85185432434082,38.70779037475586,28.726770401000977,15.873000144958496,43.68292999267578,75.4592514038086,48.31504440307617,59.80562210083008,56.75424575805664,0.436002254486084
2014-10-02,22.0104923248291,38.589725494384766,28.788726806640625,15.920499801635742,43.29294967651367,75.13369750976562,48.24833679199219,59.74089050292969,57.0231819152832,0.4340931475162506
2014-10-03,21.94879722595215,38.86802291870117,29.05486488342285,16.136999130249023,44.36719512939453,76.05973052978516,48.77056884765625,60.273197174072266,57.4021110534668,0.4350477457046509
2014-10-06,21.94879722595215,38.86802291870117,29.130693435668945,16.110000610351562,44.27888870239258,75.86441040039062,48.72456741333008,60.11494445800781,57.76881408691406,0.4324226677417755
2014-10-07,21.75711250305176,38.3957633972168,28.45270538330078,15.848999977111816,43.60934066772461,74.07737731933594,47.86413192749024,59.82000350952149,57.06596755981445,0.4278883039951324
2014-10-08,22.20878028869629,39.449893951416016,28.93046760559082,16.135000228881836,44.44077301025391,75.90056610107422,48.85569763183594,60.55372619628906,57.82383346557617,0.4357634782791137
2014-10-09,22.25724601745605,38.66560745239258,28.289648056030277,15.768500328063965,43.46955108642578,73.85311889648438,47.78591537475586,60.17967987060547,56.11863327026367,0.4274111986160278
2014-10-10,22.193359375,37.13079452514648,27.515514373779297,15.569499969482422,43.05751800537109,73.23815155029297,47.1578369140625,60.92058563232422,55.98417282104492,0.4021148681640625
2014-10-13,21.99065399169922,36.81034469604492,26.99810218811035,15.322500228881836,42.79262161254883,71.71159362792969,46.99679565429688,59.97109222412109,55.51968002319336,0.4006831049919128
2014-10-14,21.75711250305176,36.877811431884766,27.193368911743164,15.415499687194824,42.66754913330078,70.18505859375,46.63791275024414,60.10055160522461,55.34242248535156,0.4099901616573334
2014-10-15,21.49052047729492,36.447731018066406,26.79886817932129,15.298500061035156,40.857540130615234,71.05323791503906,46.06964492797852,59.66895294189453,55.1407470703125,0.41619473695755
2014-10-16,21.20850372314453,36.04293823242188,26.61004638671875,15.142999649047852,40.52644729614258,70.01864624023438,46.70232772827149,59.15822219848633,55.37297439575195,0.4164334833621979
2014-10-17,21.519161224365234,36.79348373413086,25.918670654296875,15.182000160217283,41.35052108764648,71.40774536132812,47.39249420166016,59.89913177490234,55.74582290649414,0.4157175123691559
2014-10-20,21.979642868041992,37.1729736328125,26.385034561157227,15.310500144958496,41.66689300537109,71.76947021484375,47.8181266784668,60.55372619628906,56.08808517456055,0.4192971885204315
2014-10-21,22.576719284057617,37.84760665893555,26.665058135986328,15.76650047302246,42.62340545654297,72.60873413085938,49.07425308227539,60.86305618286133,57.237091064453125,0.4371955394744873
2014-10-22,22.691286087036133,37.42595291137695,26.89600944519043,15.648500442504885,42.27023696899414,73.23091888427734,48.52438735961914,61.054420471191406,56.91927719116211,0.4269338548183441
2014-10-23,23.096689224243164,37.96567916870117,27.439189910888672,15.659000396728516,42.71906661987305,74.25102233886719,49.29741668701172,60.32956314086914,57.51822280883789,0.4364794492721557
2014-10-24,23.1826171875,38.90174102783203,27.203777313232425,14.352999687194824,43.21937561035156,74.61277770996094,49.11335372924805,61.7285385131836,57.750484466552734,0.4410138428211212
2014-10-27,23.15837860107422,38.71622467041016,27.252349853515625,14.498499870300291,43.14580154418945,75.29285430908203,49.09725570678711,62.301177978515625,57.27376174926758,0.4412524402141571
2014-10-28,23.51751136779785,39.205345153808594,27.70136833190918,14.779500007629396,43.87421417236328,75.81375122070312,49.85645294189453,62.67809677124024,58.12331008911133,0.4517527818679809
2014-10-29,23.64970588684082,39.31496810913086,27.677080154418945,14.706000328063965,43.624061584472656,76.37083435058594,49.38482284545898,62.72883987426758,57.81159210205078,0.4488890767097473
2014-10-30,23.570388793945312,38.834285736083984,27.767282485961918,14.953499794006348,43.6976318359375,77.44160461425781,54.4438591003418,63.01876449584961,57.72603225708008,0.4460253417491913
2014-10-31,23.79512023925781,39.5932502746582,28.143943786621094,15.27299976348877,44.4996223449707,77.97698974609375,55.54356002807617,63.25795364379883,59.10730743408203,0.4663099348545074
2014-11-03,24.103574752807617,40.006473541259766,27.94074058532715,15.28600025177002,44.793941497802734,77.74545288085938,55.56885147094727,63.33769989013672,58.22110748291016,0.4741852879524231
2014-11-04,23.92731475830078,40.11611557006836,27.961559295654297,15.14050006866455,44.330413818359375,78.5846939086914,55.89785003662109,64.25100708007812,57.76881408691406,0.4803900420665741
2014-11-05,23.984601974487305,40.36066818237305,27.55318260192871,14.826000213623049,44.99259948730469,78.7293930053711,57.40704345703125,64.51194763183594,58.10496520996094,0.4803900420665741
2014-11-06,24.05319595336914,41.06903839111328,27.342050552368164,14.83199977874756,45.05146789550781,78.8668441772461,57.53586196899414,64.4394760131836,58.83229446411133,0.4825378358364105
2014-11-07,24.12179374694824,41.05217742919922,27.34849548339844,14.993000030517578,45.22804641723633,78.28083801269531,58.0742301940918,64.60620880126953,59.46017456054688,0.4722761511802673
2014-11-10,24.08196258544922,41.229270935058594,27.66617774963379,15.255499839782717,45.566497802734375,78.7293930053711,57.56349563598633,64.83814239501953,59.26934814453125,0.4777649044990539
2014-11-11,24.27448081970215,41.21240234375,27.817832946777344,15.600500106811523,45.15446472167969,78.79450225830078,57.45305633544922,64.99761962890625,59.34937286376953,0.4720374941825866
2014-11-12,24.61746025085449,41.13650894165039,27.66716957092285,15.575499534606934,44.55849075317383,78.67874145507812,58.075416564941406,64.85991668701172,58.71530532836914,0.4689351618289947
2014-11-13,24.964874267578125,41.83646011352539,27.57746315002441,15.824000358581545,44.31568908691406,78.9102554321289,57.83799743652344,64.22201538085938,58.272098541259766,0.4665486514568329
2014-11-14,25.26581382751465,41.8111686706543,27.515514373779297,16.391000747680664,44.35246658325195,78.25192260742188,57.35855102539063,63.8668212890625,58.53678894042969,0.4722761511802673
2014-11-17,25.223766326904297,41.7099609375,27.091772079467773,16.15250015258789,44.42604064941406,78.35317993164062,57.57982635498047,63.67110824584961,58.549095153808594,0.4701282978057861
2014-11-18,25.5512638092041,41.36201477050781,26.9862060546875,16.24650001525879,44.536415100097656,78.73661804199219,57.563697814941406,63.75088882446289,58.401363372802734,0.4813445210456848
2014-11-19,25.37424087524414,40.92072677612305,27.11952781677246,16.32699966430664,44.58792495727539,78.68598937988281,57.593658447265625,64.3162612915039,58.85688400268555,0.4795471131801605
2014-11-20,25.737140655517575,41.328067779541016,26.949033737182617,16.527000427246094,44.23474884033203,78.266357421875,58.0108757019043,64.1277847290039,58.98616409301758,0.4874557554721832
2014-11-21,25.77254676818848,40.717063903808594,27.054601669311523,16.631500244140625,44.47755813598633,78.5430908203125,58.598663330078125,64.22201538085938,59.59560012817383,0.4900919795036316
2014-11-24,26.25050926208496,40.38610458374024,27.13340187072754,16.781999588012695,44.85279846191406,77.82943725585938,58.69085693359375,63.8668212890625,58.92462158203125,0.4932075142860412
2014-11-25,26.022592544555664,40.28425979614258,27.22013092041016,16.75200080871582,44.36719512939453,77.69835662841797,59.29938507080078,64.36698913574219,58.34595489501953,0.4929677546024322
2014-11-26,26.33238983154297,40.52188491821289,27.145790100097656,16.678499221801758,44.39661407470703,78.06976318359375,59.29938507080078,64.42498779296875,58.161277770996094,0.5013558268547058
2014-11-28,26.31689453125,40.572792053222656,27.21269989013672,16.93199920654297,44.2641830444336,78.82708740234375,59.513763427734375,65.54850769042969,55.73583221435547,0.5025538802146912
2014-12-01,25.4627628326416,41.26018905639648,26.745344161987305,16.299999237060547,44.14646911621094,78.6668472290039,59.50455093383789,65.2947998046875,56.850074768066406,0.4932075142860412
2014-12-02,25.365386962890625,41.12438583374024,26.692811965942383,16.315500259399414,44.94109725952149,79.01640319824219,59.93326950073242,66.01241302490234,57.982757568359375,0.4939265251159668
2014-12-03,25.653051376342773,40.80193328857422,26.612518310546875,15.824999809265137,45.27956008911133,78.44113159179688,60.29975891113281,65.23680877685547,58.45060348510742,0.5066279768943787
2014-12-04,25.555694580078125,41.4468879699707,26.890554428100582,15.846500396728516,45.16182708740234,78.32461547851562,60.193756103515625,65.65721893310547,58.09356689453125,0.5020744800567627
2014-12-05,25.447265625,41.09046936035156,26.17192840576172,15.631500244140623,46.13305282592773,79.01640319824219,60.703163146972656,65.51224517822266,57.755008697509766,0.504950225353241
2014-12-08,24.87192916870117,40.47946166992188,26.30326461791992,15.33199977874756,46.1109733581543,79.0237045288086,60.64554214477539,65.78771209716797,56.449928283691406,0.4984798431396484
2014-12-09,25.252538681030277,40.38610458374024,26.569896697998047,15.625,45.94911575317383,78.68143463134766,60.88525772094727,65.75144958496094,56.25293731689453,0.4968021214008331
2014-12-10,24.77235412597656,39.8005485534668,26.16994857788086,15.291999816894531,44.646785736083984,77.36339569091797,60.32745742797852,65.23680877685547,54.58468246459961,0.4857781529426574
2014-12-11,24.699337005615234,40.0296745300293,26.37165641784668,15.368000030517578,44.98523712158203,77.71292114257812,60.65013885498047,65.53400421142578,54.91094207763672,0.4855384528636932
2014-12-12,24.28111457824707,39.84297561645508,25.84631729125977,15.366000175476074,44.17588806152344,76.04537200927734,59.18874740600586,64.9106216430664,53.310394287109375,0.4704403281211853
2014-12-15,23.94919204711914,39.60536575317383,25.565303802490234,15.303500175476074,43.52840805053711,75.703125,59.17031478881836,64.65693664550781,53.49508285522461,0.4690023064613342
2014-12-16,23.62169647216797,38.32393646240234,24.689077377319336,14.753000259399414,42.99128723144531,74.82929229736328,58.41196060180664,64.77293395996094,53.19343566894531,0.4637299478054046
2014-12-17,24.21031188964844,38.81613540649414,25.099931716918945,14.944000244140623,43.97722625732422,75.783203125,59.71890640258789,65.74419403076172,54.800140380859375,0.4826626777648926
2014-12-18,24.92725944519043,40.32669448852539,25.504844665527344,14.886500358581545,45.23540115356445,77.77848052978516,60.88986206054688,66.68653106689453,56.11751556396485,0.4845799207687378
2014-12-19,24.734743118286133,40.44551849365234,25.77346420288086,14.994999885559082,45.566497802734375,76.86092376708984,60.3159065246582,66.72277069091797,57.644168853759766,0.4893728196620941
2014-12-22,24.991437911987305,40.717063903808594,26.381072998046875,15.32699966430664,45.573856353759766,77.72747802734375,60.90138244628906,67.12142944335938,57.45336532592773,0.4980005323886871
2014-12-23,24.902915954589844,41.11592864990234,26.70172882080078,15.314499855041504,45.97117233276367,75.93611907958984,61.14342880249024,67.62158203125,58.22898483276367,0.4948850870132446
2014-12-24,24.7856388092041,40.85284423828125,26.610536575317383,15.15149974822998,45.97117233276367,76.161865234375,61.68973159790039,67.51282501220703,57.7303581237793,0.4929677546024322
2014-12-26,25.223766326904297,40.632205963134766,26.838024139404297,15.454500198364258,46.02267837524414,76.50413513183594,61.4569091796875,67.74480438232422,57.37947845458984,0.4934470057487488
2014-12-29,25.2060661315918,40.26728439331055,26.629371643066406,15.60200023651123,46.324344635009766,76.70071411132812,61.18260192871094,67.15044403076172,57.293304443359375,0.492728054523468
2014-12-30,24.89848518371582,39.90239715576172,26.528764724731445,15.515000343322754,46.464149475097656,76.72259521484375,60.979774475097656,66.97647857666016,57.26250457763672,0.488174557685852
2014-12-31,24.424945831298828,39.41867446899414,26.29979515075684,15.517499923706056,46.04475784301758,76.14732360839844,60.43809127807617,66.02689361572266,56.9116325378418,0.4805057942867279
2015-01-02,24.192607879638672,39.68174743652344,26.244781494140625,15.425999641418455,46.27431106567383,76.11089324951172,61.08811569213867,65.55574035644531,57.14557266235352,0.4824229478836059
2015-01-05,23.511058807373047,39.31683349609375,25.744718551635746,15.10949993133545,44.83772277832031,75.57933044433594,59.739654541015625,65.24406433105469,55.58192825317383,0.4742747247219085
2015-01-06,23.513282775878903,38.73976135253906,25.109350204467773,14.76449966430664,43.67513275146485,75.20794677734375,59.3547248840332,64.94688415527344,55.28646469116211,0.4598956406116485
2015-01-07,23.842979431152344,39.23197937011719,25.035505294799805,14.92099952697754,43.74176406860352,76.86820220947266,60.14996719360352,65.28755187988281,55.84665298461914,0.4586972594261169
2015-01-08,24.759078979492188,40.38610458374024,25.122732162475582,15.02299976348877,44.71924591064453,77.4726333618164,60.95671844482422,66.03416442871094,56.77619934082031,0.4759522974491119
2015-01-09,24.7856388092041,40.04664993286133,24.815948486328125,14.846500396728516,43.94171905517578,76.4167251586914,60.05313491821289,65.41803741455078,56.696170806884766,0.4778695404529571
2015-01-12,24.174901962280277,39.54595184326172,24.634559631347656,14.570500373840332,43.564056396484375,76.15461730957031,59.93560028076172,65.17879486083984,55.606571197509766,0.4718783497810364
2015-01-13,24.38954734802246,39.3422966003418,24.86947631835937,14.737000465393066,43.57145690917969,76.28567504882812,60.11077117919922,65.45425415039062,55.40342330932617,0.4711592197418213
2015-01-14,24.29660415649414,39.002838134765625,25.074161529541016,14.66349983215332,42.068241119384766,75.73225402832031,58.90752410888672,65.22956085205078,55.24336242675781,0.4730765223503113
2015-01-15,23.637187957763672,38.59551239013672,24.979005813598636,14.34749984741211,40.72050094604492,74.63265991210938,58.34740829467773,65.13532257080078,54.76320266723633,0.4697213768959045
2015-01-16,23.453519821166992,39.24046325683594,25.29867553710937,14.536999702453612,41.41659164428711,75.76139068603516,58.76692581176758,66.14288330078125,56.0928955078125,0.4783490002155304
2015-01-20,24.05762481689453,39.36774063110352,25.272899627685547,14.472000122070312,41.25367736816406,73.75884246826172,59.20258712768555,66.09940338134766,56.07440185546875,0.4797869026660919
2015-01-21,24.241287231445312,38.96889114379883,25.790807723999023,14.862500190734863,41.386966705322266,74.20301055908203,59.303993225097656,66.23371124267578,56.554595947265625,0.4864970445632934
2015-01-22,24.87192916870117,39.99574279785156,26.628877639770508,15.515999794006348,42.64582061767578,75.5574722290039,59.37775802612305,66.88343811035156,57.170188903808594,0.4948850870132446
2015-01-23,25.000280380249023,40.03816604614258,26.859331130981445,15.619500160217283,41.97196578979492,74.42150115966797,59.53681945800781,65.75920867919922,55.951297760009766,0.4963228702545166
2015-01-26,25.026836395263672,39.89390182495117,26.60013198852539,15.482999801635742,42.03860092163086,74.46517944335938,59.13113021850586,65.39420318603516,56.486846923828125,0.4941660165786743
2015-01-27,24.150558471679688,36.2023811340332,25.830453872680664,15.337499618530272,41.61653137207031,74.34137725830078,57.8541374206543,63.138450622558594,55.988243103027344,0.4704403281211853
2015-01-28,25.51585960388184,34.95489501953125,25.39630508422852,15.195500373840332,40.54278945922852,73.89720153808594,56.78689956665039,62.160247802734375,54.14145660400391,0.462771475315094
2015-01-29,26.310258865356445,35.6507682800293,25.43595695495605,15.58899974822998,41.22405242919922,74.55256652832031,57.16493988037109,62.53985595703125,53.91367721557617,0.4740351736545563
2015-01-30,25.92523193359375,34.28447341918945,26.641267776489254,17.726499557495117,40.26879119873047,72.9214096069336,58.7577018737793,61.53244400024414,53.8151741027832,0.4601351916790008
2015-02-02,26.25050926208496,35.031272888183594,26.376115798950195,18.223499298095703,41.075958251953125,73.42384338378906,58.8568229675293,62.13836288452149,55.14485549926758,0.4702007472515106
2015-02-03,26.25494384765625,35.302833557128906,26.430633544921875,18.177499771118164,42.001583099365234,74.61080932617188,59.8825569152832,62.74427795410156,56.78850173950195,0.4819436967372894
2015-02-04,26.4563045501709,35.50651550292969,26.07379722595215,18.237499237060547,41.74982070922852,73.80979919433594,61.05815124511719,62.6274642944336,56.30218124389648,0.4831420481204986
2015-02-05,26.64513397216797,36.02415084838867,26.25865936279297,18.694499969482425,42.03860092163086,74.61080932617188,62.65090560913086,63.291786193847656,56.85620880126953,0.4910506904125213
2015-02-06,26.42076110839844,35.99021530151367,26.459379196166992,18.714000701904297,42.867977142333984,73.62046813964844,61.64130783081055,62.49606704711914,56.750789642333984,0.4888936579227447
2015-02-09,26.59626197814941,35.94778823852539,26.23140335083008,18.527999877929688,42.81614303588867,72.65926361083984,61.18953704833984,62.0872688293457,56.78798675537109,0.488414317369461
2015-02-10,27.10721778869629,36.151458740234375,26.770618438720703,18.649999618530277,43.290077209472656,73.07435607910156,60.979774475097656,62.335487365722656,56.44688415527344,0.5020744800567627
2015-02-11,27.742572784423828,35.96476364135742,26.66357040405273,18.756999969482425,43.223419189453125,73.09618377685547,61.423133850097656,62.51795959472656,56.19255828857422,0.4987194538116455
2015-02-12,28.09357643127441,36.56728744506836,27.0605525970459,18.85849952697754,44.112037658691406,71.68346405029297,62.559268951416016,62.80265808105469,57.29037094116211,0.5344280004501343
2015-02-13,28.2313175201416,37.22921371459961,27.315786361694336,19.09149932861328,44.18607711791992,72.54275512695312,62.263702392578125,62.70773696899414,57.910606384277344,0.5346673727035522
2015-02-17,28.397924423217773,37.24630355834961,27.010986328125,18.771499633789062,44.50448989868164,73.13983917236328,62.5500602722168,62.40846252441406,57.71213912963867,0.5363451838493347
2015-02-18,28.595645904541016,37.20357894897461,26.89402198791504,18.668500900268555,43.96392822265625,72.79032135009766,62.14591979980469,62.97055435180664,56.44688415527344,0.5301140546798706
2015-02-19,28.53566551208496,37.17793273925781,27.082353591918945,18.950000762939453,43.86025619506836,73.32917785644531,62.14132690429688,62.20405197143555,55.47312545776367,0.531551718711853
2015-02-20,28.7689266204834,37.48561477661133,26.85189819335937,19.183000564575195,44.282352447509766,73.51986694335938,63.04188919067383,61.95585632324219,55.770809173583984,0.535386323928833
2015-02-23,29.546466827392575,37.73347091674805,26.5148868560791,19.006999969482425,43.94911956787109,73.4612045288086,63.04423522949219,62.335487365722656,55.20642852783203,0.5310729146003723
2015-02-24,29.36208152770996,37.68218612670898,26.695783615112305,18.929500579833984,45.03767013549805,73.8425064086914,62.91951370239258,62.41575241088867,55.46070098876953,0.5367264151573181
2015-02-25,28.61118698120117,37.59672164916992,27.12596702575684,19.26849937438965,45.27462768554688,74.21647644042969,63.04423522949219,62.38656234741211,55.57234191894531,0.532636284828186
2015-02-26,28.97330474853516,37.65654754638672,27.718713760375977,19.239999771118164,45.6004638671875,75.38241577148438,63.215110778808594,62.17485809326172,54.98314666748047,0.5340798497200012
2015-02-27,28.53788948059082,37.47704315185547,27.884241104125977,19.007999420166016,45.378299713134766,75.16976165771484,62.651668548583984,62.14564895629883,54.91489791870117,0.5307117104530334
2015-03-02,28.67783546447754,37.50270080566406,28.4982967376709,19.28300094604492,45.74114990234375,75.69039154052734,64.26348114013672,62.350059509277344,54.60481262207031,0.543703019618988
2015-03-03,28.737817764282227,36.98991012573242,28.685142517089844,19.230499267578125,45.88924026489258,75.04509735107422,63.57302474975586,62.167579650878906,54.34431838989258,0.533598780632019
2015-03-04,28.55566024780273,36.801876068115234,28.66234588623047,19.13599967956543,46.00774002075195,74.53912353515625,63.215110778808594,61.576271057128906,54.07140350341797,0.5396131873130798
2015-03-05,28.082468032836918,36.8446159362793,28.815980911254883,19.39150047302246,45.91147613525391,75.17709350585938,63.3028564453125,61.78067398071289,53.79850006103516,0.549957811832428
2015-03-06,28.12468147277832,36.20361328125,28.393234252929688,19.004499435424805,45.08950805664063,73.40989685058594,62.19673156738281,60.342567443847656,53.11003875732422,0.5424998998641968
2015-03-09,28.244638442993164,36.622406005859375,28.45270538330078,18.92799949645996,45.54122161865234,73.81317138671875,62.67706298828125,60.65644073486328,52.818546295166016,0.5439435243606567
2015-03-10,27.660383224487305,35.92156982421875,27.74646759033203,18.475500106811523,44.40082931518555,72.98455047607422,61.24070358276367,59.52491760253906,52.26034927368164,0.5533260107040405
2015-03-11,27.15608787536621,35.87883758544922,27.540292739868164,18.318500518798828,44.608154296875,72.09727478027344,61.13680648803711,59.41542434692383,52.11147689819336,0.5504390597343445
2015-03-12,27.64704704284668,35.05835723876953,27.811885833740234,18.71199989318848,45.444942474365234,73.20452880859375,62.25215148925781,59.92641830444336,52.23552322387695,0.5453872084617615
2015-03-13,27.455997467041016,35.36603164672852,27.40697479248047,18.52899932861328,45.17095947265625,72.74988555908203,61.201446533203125,59.73664093017578,52.01845550537109,0.5461086630821228
2015-03-16,27.75812530517578,35.51988220214844,27.835182189941406,18.667499542236328,45.80039596557617,74.10647583007812,62.12283706665039,60.99955749511719,52.57044982910156,0.5526042580604553
2015-03-17,28.222431182861328,35.63953399658203,27.63545036315918,18.59600067138672,45.62266540527344,73.24852752685547,61.07907104492188,60.48126220703125,52.1486930847168,0.5593407154083252
2015-03-18,28.54010581970215,36.3232650756836,28.059194564819336,18.756999969482425,45.7263298034668,74.39981842041016,61.81108856201172,61.13824462890625,53.3829460144043,0.5501986742019653
2015-03-19,28.324615478515625,36.1437873840332,27.9357852935791,18.66200065612793,45.319068908691406,74.56846618652344,61.71181488037109,60.868160247802734,52.35338592529297,0.5586188435554504
2015-03-20,27.969173431396484,36.64803314208984,27.99922561645508,18.92449951171875,45.7263298034668,75.08910369873047,62.266021728515625,61.8609619140625,52.43399429321289,0.5646332502365112
2015-03-23,28.260196685791016,36.63094329833984,28.02004051208496,18.75550079345703,45.27462768554688,75.5144271850586,61.96119689941406,61.94855880737305,52.985984802246094,0.5463494062423706
2015-03-24,28.14467430114746,36.66512680053711,28.623193740844727,18.704500198364254,44.77109146118164,74.76644897460938,61.97965621948242,61.26233673095703,52.42160034179688,0.5388914346694946
2015-03-25,27.40934562683105,35.43439865112305,28.1008243560791,18.54800033569336,44.14165115356445,73.57850646972656,60.71419906616211,60.59804916381836,52.63248825073242,0.5061731934547424
2015-03-26,27.60039520263672,35.22074508666992,27.934297561645508,18.36750030517578,44.08982849121094,73.43183898925781,60.58489608764648,59.97026062011719,52.297550201416016,0.5044888854026794
2015-03-27,27.380464553833008,35.015628814697266,27.632476806640625,18.527999877929688,44.09722900390625,73.57850646972656,60.5386962890625,60.087032318115234,51.83856964111328,0.5143524408340454
2015-03-30,28.073579788208008,35.007076263427734,27.81039810180664,18.72949981689453,45.141334533691406,74.46578979492188,60.64954376220703,60.3863525390625,53.11003875732422,0.5165179967880249
2015-03-31,27.64261054992676,34.75069046020508,27.49122810363769,18.604999542236328,44.85994338989258,73.7691879272461,60.41861343383789,59.81692886352539,52.71931076049805,0.5035267472267151
2015-04-01,27.60262680053711,34.801971435546875,27.233020782470703,18.51300048828125,44.68849563598633,72.70592498779297,60.20616912841797,60.094337463378906,52.38438415527344,0.5054513812065125
2015-04-02,27.8403263092041,34.4344596862793,26.827611923217773,18.612499237060547,45.11338424682617,73.06521606445312,60.30779266357422,60.17464828491211,52.28516006469727,0.5066540241241455
2015-04-06,28.29129219055176,35.51131820678711,26.958452224731445,18.851999282836918,45.076114654541016,72.71322631835938,60.22464370727539,60.61994552612305,52.799930572509766,0.521329402923584
2015-04-07,27.993608474731445,35.49424362182617,27.00355529785156,18.72050094604492,45.35937881469727,73.40252685546875,60.77887725830078,60.145450592041016,53.18447113037109,0.5259004235267639
2015-04-08,27.90252685546875,35.400230407714844,27.2008056640625,19.059999465942383,45.50846862792969,73.446533203125,61.42546081542969,60.4228401184082,52.13629531860352,0.5297495722770691
2015-04-09,28.11578941345215,35.451507568359375,27.1601676940918,19.177000045776367,45.8215446472168,74.30449676513672,61.37001419067383,60.51043701171875,52.502227783203125,0.5420191287994385
2015-04-10,28.235754013061523,35.6566276550293,27.185937881469727,19.13249969482422,45.99300384521485,74.83979034423828,61.27765655517578,60.84624099731445,53.06664657592773,0.547552227973938
2015-04-13,28.18021583557129,35.69081115722656,27.19089126586914,19.118000030517575,46.26880645751953,73.73251342773438,60.60337066650391,60.90464782714844,52.930213928222656,0.5424998998641968
2015-04-14,28.058032989501957,35.5968017578125,26.751789093017575,19.25550079345703,46.99188232421875,73.71050262451172,60.52947998046875,61.02874374389648,53.73025894165039,0.5379292368888855
2015-04-15,28.164670944213867,36.11814880371094,26.81422996520996,19.17250061035156,47.864036560058594,73.7691879272461,60.66803359985352,60.96303939819336,54.62961196899414,0.544424831867218
2015-04-16,28.02915573120117,36.03268432617188,26.937143325805664,19.302000045776367,47.56584548950195,73.17517852783203,60.64031600952149,60.95572662353516,54.41252136230469,0.5410565137863159
2015-04-17,27.713695526123047,35.57117462158203,26.40287971496582,18.777999877929688,46.84278869628906,73.02120208740234,59.59653854370117,60.24764251708984,53.91633224487305,0.5340798497200012
2015-04-20,28.346834182739254,36.67367172241211,26.98719596862793,19.475500106811523,47.140960693359375,73.48316192626953,59.78127670288086,60.495849609375,54.108619689941406,0.531433641910553
2015-04-21,28.193544387817383,36.44292449951172,26.907405853271484,19.55900001525879,46.447715759277344,73.54918670654297,60.363189697265625,60.6491584777832,53.88534164428711,0.5307117104530334
2015-04-22,28.573436737060547,36.7420654296875,27.21765518188477,19.489999771118164,46.917327880859375,73.6445083618164,62.82020950317383,60.65644073486328,54.24505233764648,0.5367264151573181
2015-04-23,28.80668830871582,37.04118347167969,27.62801170349121,19.499500274658203,46.81296157836914,73.6664810180664,62.552364349365234,59.56954574584961,54.29467391967773,0.5345609188079834
2015-04-24,28.94220352172852,40.91281127929688,28.430896759033203,22.2549991607666,46.663875579833984,74.1211929321289,62.33064651489258,59.60633087158203,53.94114303588867,0.5299902558326721
2015-04-27,29.468706130981445,41.04956817626953,28.05721092224121,21.92799949645996,46.47007369995117,73.75452423095703,61.97965621948242,59.31199645996094,53.965965270996094,0.5340798497200012
2015-04-28,29.00441169738769,42.01533889770508,27.97047996520996,21.465499877929688,46.78316116333008,73.87183380126953,61.674842834472656,59.17953872680664,54.45594787597656,0.5367264151573181
2015-04-29,28.57787132263184,41.92987823486328,27.82278823852539,21.4685001373291,47.40930938720703,73.61517333984375,62.20136260986328,58.760066986083984,54.49937057495117,0.532636284828186
2015-04-30,27.80255508422852,41.5709114074707,27.19733619689941,21.089000701904297,47.155860900878906,72.74256134033203,61.00981140136719,58.509883880615234,54.189239501953125,0.5340798497200012
2015-05-01,28.646747589111328,41.58800506591797,27.315786361694336,21.14349937438965,47.41676712036133,73.42454528808594,60.751163482666016,59.083866119384766,55.10717391967773,0.5473116040229797
2015-05-04,28.591205596923828,41.229034423828125,27.399049758911133,21.152000427246094,48.24419403076172,73.58587646484375,60.57565689086914,59.128028869628906,55.2684440612793,0.5439435243606567
2015-05-05,27.94696044921875,40.68205261230469,26.913352966308597,21.059499740600582,48.00566101074219,72.96255493164062,60.9266471862793,58.92196273803711,54.95832824707031,0.5299902558326721
2015-05-06,27.77145195007324,39.55391311645508,26.51885032653809,20.95499992370605,47.64784240722656,72.72056579589844,60.65878677368164,59.16481399536133,54.69783020019531,0.5316741466522217
2015-05-07,27.94322967529297,39.9128532409668,26.863792419433597,21.3439998626709,48.080204010009766,73.07990264892578,61.49936294555664,59.01762771606445,54.33190155029297,0.5410565137863159
2015-05-08,28.469703674316406,40.81026458740234,27.20625686645508,21.684499740600582,48.81815719604492,74.40715026855469,64.16880798339844,59.576908111572266,55.19402313232422,0.501120924949646
2015-05-11,28.17969512939453,40.4854850769043,27.049148559570312,21.64249992370605,48.78836441040039,74.08447265625,63.753150939941406,59.06914520263672,54.26850509643555,0.4963094294071197
2015-05-12,28.07931137084961,40.468379974365234,26.69974708557129,21.551000595092773,48.72127151489258,73.67385864257812,63.44832229614258,58.83365631103516,54.418556213378906,0.501120924949646
2015-05-13,28.11054039001465,40.70769882202149,26.737415313720703,21.3435001373291,48.84053802490234,73.73251342773438,63.52235794067383,58.649688720703125,54.13090133666992,0.5040079951286316
2015-05-14,28.766401290893555,41.63928985595703,27.21864318847656,21.61400032043457,49.23562240600586,74.6711196899414,64.77153778076172,59.28991317749024,54.38728713989258,0.5121874213218689
2015-05-15,28.726245880126957,41.28030776977539,27.08433723449707,21.299999237060547,49.1088981628418,75.01577758789062,64.3736343383789,59.64313125610352,54.62494659423828,0.5124281644821167
2015-05-18,29.04301643371582,41.032470703125,27.093259811401367,21.261999130249023,49.51142501831055,75.8370590209961,64.77153778076172,59.41500473022461,54.31225204467773,0.511706531047821
2015-05-19,29.016265869140625,40.92924499511719,27.22261428833008,21.08550071716309,49.95123291015625,76.23306274414062,64.9195785522461,59.48121643066406,54.39980697631836,0.5085160732269287
2015-05-20,29.01402282714844,40.92924499511719,27.382692337036133,21.19300079345703,49.55615615844727,75.96906280517578,64.56793212890625,59.22368621826172,54.48735809326172,0.5085160732269287
2015-05-21,29.31072807312012,40.791603088378906,27.595802307128903,21.581499099731445,49.68287658691406,75.65142059326172,64.18856048583984,59.17216491699219,54.537391662597656,0.5048907995223999
2015-05-22,29.567262649536133,40.34429168701172,27.482309341430664,21.381500244140625,49.5487060546875,74.86109161376953,64.41991424560547,58.83365631103516,54.10588836669922,0.5041654706001282
2015-05-26,28.91586685180664,40.0776252746582,27.119029998779297,21.273500442504883,48.99708938598633,74.46963500976562,63.42054748535156,58.23759841918945,53.37421417236328,0.5010237097740173
2015-05-27,29.45572853088379,40.955055236816406,27.468929290771484,21.57099914550781,49.5487060546875,74.69860076904297,64.29961395263672,58.42157745361328,53.22415542602539,0.5278512239456177
2015-05-28,29.39772224426269,40.81740951538086,27.4654598236084,21.328500747680664,49.3474235534668,74.71336364746094,64.36438751220703,58.37743377685547,53.22415542602539,0.5351019501686096
2015-05-29,29.06309700012207,40.30989456176758,27.026351928710938,21.46150016784668,49.03434753417969,73.96733093261719,63.55009078979492,57.6856689453125,53.28042602539063,0.5348600149154663
2015-06-01,29.121103286743164,40.62817001342773,27.21914291381836,21.54599952697754,49.25797653198242,73.8934555053711,63.9480094909668,58.024208068847656,53.23663711547852,0.5409026145935059
2015-06-02,28.991718292236328,40.361515045166016,27.45406150817871,21.54949951171875,49.21324157714844,73.84916687011719,63.88323211669922,57.79605484008789,53.24290084838867,0.530268132686615
2015-06-03,29.02740478515625,40.30127716064453,27.520469665527344,21.829500198364254,49.72015380859375,73.93040466308594,63.7999267578125,57.810794830322266,53.12407684326172,0.5244675278663635
2015-06-04,28.857860565185547,39.87978744506836,27.342050552368164,21.53899955749512,49.4443359375,73.29518127441406,63.11519241333008,57.50909423828125,52.66756057739258,0.5338934659957886
2015-06-05,28.69947624206543,39.69051742553711,27.23499870300293,21.34749984741211,50.25685501098633,72.82244110107422,63.26324462890625,56.979251861572266,52.70509719848633,0.5380021333694458
2015-06-08,28.50985336303711,39.337833404541016,26.935157775878903,21.174999237060547,49.86177444458008,72.35709381103516,62.62480163574219,57.185306549072266,53.06155776977539,0.5256760716438293
2015-06-09,28.425079345703125,39.26901626586914,26.869739532470703,21.27400016784668,50.07796859741211,72.54175567626953,62.87462615966797,58.06099319458008,52.89269256591797,0.5283345580101013
2015-06-10,28.75078392028809,40.09484100341797,27.387149810791016,21.53849983215332,50.88301467895508,73.03663635253906,64.42912292480469,58.53197479248047,53.28665542602539,0.5189085602760315
2015-06-11,28.686094284057617,39.94858169555664,27.260278701782227,21.648500442504883,51.07682037353516,73.30255889892578,64.43840789794922,58.43629455566406,53.21162414550781,0.5244675278663635
2015-06-12,28.36931610107422,39.54429244995117,27.132909774780277,21.496000289916992,50.87554931640625,72.64518737792969,64.15155792236328,58.03891372680664,52.54248428344727,0.5102078914642334
2015-06-15,28.31354522705078,39.12278747558594,26.91136932373047,21.183500289916992,50.68174743652344,72.00993347167969,63.44831466674805,57.487003326416016,52.35488510131836,0.5092411041259766
2015-06-16,28.465238571166992,39.42385482788086,27.00404930114746,21.363000869750977,50.96501541137695,72.65255737304688,63.855445861816406,58.20817947387695,52.95523071289063,0.5155250430107117
2015-06-17,28.398317337036133,39.54429244995117,27.08979034423828,21.390499114990234,50.79355239868164,72.92584228515625,63.614891052246094,58.9293212890625,52.98652267456055,0.5215672850608826
2015-06-18,28.527700424194336,40.189453125,27.5645809173584,21.96949958801269,51.27062225341797,74.12984466552734,64.30887603759766,59.47388458251953,53.455543518066406,0.530268132686615
2015-06-19,28.242158889770508,39.6561164855957,27.63098907470703,21.746000289916992,50.74884414672852,73.76051330566406,63.55937194824219,59.267826080322266,53.28665542602539,0.5285763144493103
2015-06-22,28.46747398376465,39.76795196533203,27.738040924072266,21.81450080871582,51.404815673828125,73.93040466308594,63.92947006225586,59.20159912109375,53.261661529541016,0.5264010429382324
2015-06-23,28.33807945251465,39.49267959594727,27.92190933227539,22.29949951171875,51.99371337890625,73.70144653320312,64.23484802246094,58.715919494628906,53.19911956787109,0.5128663182258606
2015-06-24,28.579010009765625,39.26041793823242,27.683025360107425,22.04199981689453,51.44954681396485,73.36902618408203,63.71664047241211,58.509883880615234,52.95523071289063,0.5077909827232361
2015-06-25,28.44293975830078,39.26901626586914,27.65230178833008,22.0049991607666,51.17372894287109,73.21393585205078,63.49458694458008,58.42157745361328,52.48623275756836,0.5116581320762634
2015-06-26,28.275617599487305,38.93355178833008,27.409948348999023,21.905000686645508,51.39735412597656,73.5980453491211,63.614891052246094,58.3847770690918,52.44244384765625,0.5012653470039368
2015-06-29,27.780378341674805,38.16793823242188,26.82463836669922,21.493000030517575,50.09285736083984,72.15029907226562,61.73652267456055,57.63418197631836,51.79207611083984,0.4862806499004364
2015-06-30,27.98114585876465,37.97869873046875,26.764671325683597,21.704500198364254,50.51031112670898,71.98776245117188,62.134395599365234,57.575313568115234,52.02969741821289,0.4860388338565826
2015-07-01,28.242158889770508,38.23675155639648,26.92623710632324,21.86949920654297,51.07301330566406,72.73379516601562,62.7821044921875,58.664398193359375,51.510650634765625,0.4930478632450104
2015-07-02,28.206466674804688,38.19374465942383,27.12646484375,21.885499954223636,50.66035461425781,72.71165466308594,63.14297103881836,58.8189582824707,51.99219512939453,0.4935312867164612
2015-07-06,28.108308792114254,38.18514633178711,27.041221618652344,21.802000045776367,50.51779556274414,72.53436279296875,63.03195571899414,58.90724182128906,51.61070251464844,0.4874889254570007
2015-07-07,28.039146423339844,38.10773086547852,27.259780883789062,21.836000442504883,50.12014389038086,73.06617736816406,62.70806121826172,60.13618087768555,51.82332992553711,0.4783047139644623
2015-07-08,27.343135833740234,38.05611038208008,26.84694099426269,21.48500061035156,49.092227935791016,72.21676635742188,61.74576950073242,59.5989990234375,51.26051330566406,0.4749211370944977
2015-07-09,26.78543281555176,38.29697036743164,26.993144989013672,21.71949958801269,49.60243225097656,72.68209838867188,62.04186630249024,59.356143951416016,51.02912139892578,0.4691205024719238
2015-07-10,27.50153350830078,38.37439727783203,27.56110954284668,22.175500869750977,50.30772399902344,73.51675415039062,63.30952453613281,59.56954574584961,51.41686630249024,0.477338045835495
2015-07-13,28.03246688842773,39.17439651489258,28.335243225097656,22.778499603271484,51.08804321289063,74.06334686279297,64.32737731933594,60.27600860595703,51.54191970825195,0.4804799258708954
2015-07-14,28.021312713623047,39.24322891235352,28.9522762298584,23.278499603271484,51.8008041381836,73.70144653320312,64.8640365600586,60.37165069580078,51.97343063354492,0.480721652507782
2015-07-15,28.291234970092773,39.36364364624024,28.941370010375977,23.059499740600582,51.91336441040039,74.17416381835938,64.79002380371094,60.45259475708008,51.754539489746094,0.477338045835495
2015-07-16,28.668243408203125,40.13783264160156,29.824539184570312,23.77400016784668,52.19097137451172,74.68383026123047,65.29896545410156,60.562984466552734,51.84835815429688,0.4879724681377411
2015-07-17,28.91586685180664,40.10343170166016,34.67354202270508,24.15049934387207,51.92836380004883,73.92302703857422,65.58580780029297,60.51882553100586,51.660743713378906,0.4850720763206482
2015-07-20,29.46240997314453,40.361515045166016,34.337520599365234,24.405000686645508,51.96590042114258,74.13722229003906,67.26984405517578,60.4820556640625,51.12918472290039,0.4761295616626739
2015-07-21,29.167951583862305,40.67118453979492,34.46192169189453,24.399999618530277,51.8458366394043,74.11505126953125,66.6406478881836,60.069950103759766,51.066654205322266,0.4783047139644623
2015-07-22,27.934301376342773,39.17439651489258,34.44953536987305,24.41349983215332,52.58113479614258,73.99690246582031,66.5943603515625,59.96828079223633,51.147945404052734,0.4691205024719238
2015-07-23,27.920917510986328,39.66471862792969,33.43998336791992,24.108999252319336,52.25099563598633,74.01164245605469,66.39082336425781,59.87186050415039,50.741458892822266,0.4749211370944977
2015-07-24,27.77368927001953,39.51847457885742,32.45075607299805,26.47100067138672,51.70328903198242,73.23611450195312,69.21299743652344,59.56767272949219,49.99104690551758,0.469362199306488
2015-07-27,27.38775634765625,39.01095199584961,32.62421798706055,26.570499420166016,51.02801513671875,72.5934829711914,68.34319305419922,59.33026885986328,49.5657958984375,0.466703712940216
2015-07-28,27.52383804321289,39.00234603881836,32.69310760498047,26.30150032043457,51.05802154541016,73.14006042480469,69.15748596191406,59.523170471191406,51.57945251464844,0.476854532957077
2015-07-29,27.43683433532715,39.81955337524414,32.78082275390625,26.450000762939453,51.72579193115234,73.66450500488281,70.33262634277344,59.81250381469727,51.99219512939453,0.4826551079750061
2015-07-30,27.29851722717285,40.32709884643555,32.93594741821289,26.83799934387207,51.8008041381836,73.74574279785156,70.67497253417969,57.41615295410156,51.910892486572266,0.4838636219501495
2015-07-31,27.05982208251953,40.17224884033203,32.586055755615234,26.8075008392334,51.41814422607422,74.01902770996094,69.71266174316406,56.904239654541016,49.5345344543457,0.4821717143058777
2015-08-03,26.421810150146484,40.266876220703125,32.94388198852539,26.75149917602539,51.41814422607422,73.87869262695312,70.11053466796875,56.6816520690918,48.81538391113281,0.4903892278671264
2015-08-04,25.574098587036133,40.89483642578125,32.77338409423828,26.59499931335449,51.36564254760742,73.71622467041016,69.64787292480469,56.318138122558594,48.25880813598633,0.4923226833343506
2015-08-05,25.74363899230957,40.92924499511719,33.36861038208008,26.850500106811523,51.56821823120117,74.24801635742188,69.37957000732422,56.21424865722656,48.25880813598633,0.4973982572555542
2015-08-06,25.79966163635254,40.10343170166016,33.21299362182617,26.472999572753903,51.20808410644531,73.1769790649414,68.0841293334961,56.192012786865234,48.8341064453125,0.4942562282085418
2015-08-07,25.887056350708008,40.20668029785156,32.92752456665039,26.131000518798828,51.05802154541016,73.01448822021484,68.66706848144531,55.999114990234375,48.04618453979492,0.5554038286209106
2015-08-10,26.82825088500977,40.71418380737305,32.865577697753906,26.200000762939453,51.688262939453125,73.70880126953125,68.82437896728516,56.66682815551758,49.246856689453125,0.5747391581535339
2015-08-11,25.43215560913086,39.92278671264648,34.211639404296875,26.37299919128418,51.19308471679688,73.13267517089844,67.88056945800781,56.548126220703125,48.91232299804688,0.5718387961387634
2015-08-12,25.824312210083008,40.20668029785156,34.269622802734375,26.295499801635746,50.45027160644531,72.91108703613281,68.15860748291016,56.67424392700195,49.7328987121582,0.5732887983322144
2015-08-13,25.80415153503418,40.19806671142578,34.0238037109375,26.482999801635746,50.6828727722168,72.74120330810547,68.52006530761719,56.2216682434082,49.64452362060547,0.568454921245575
2015-08-14,25.98566055297852,40.43031311035156,34.16554641723633,26.576000213623047,50.93795394897461,72.98495483398438,68.78883361816406,56.102970123291016,49.46147537231445,0.5689384341239929
2015-08-17,26.254568099975582,40.7055892944336,34.40046691894531,26.76099967956543,51.07301330566406,73.76792907714844,68.96493530273438,56.03620147705078,49.72026062011719,0.5653131604194641
2015-08-18,26.106670379638672,40.93072509765625,34.133827209472656,26.750999450683597,51.178070068359375,73.3985824584961,69.02055358886719,55.73942565917969,49.17112350463867,0.5601680278778076
2015-08-19,25.77277374267578,40.35923767089844,34.39699172973633,26.645999908447266,50.72039413452149,73.3542709350586,68.95567321777344,54.9901008605957,48.11699676513672,0.5579832792282104
2015-08-20,25.243919372558597,39.53663635253906,33.67539596557617,25.78899955749512,49.47488021850586,72.97016906738281,68.5385971069336,54.83430862426758,47.06921005249024,0.537838876247406
2015-08-21,23.69993019104004,37.29396438598633,31.91847801208496,24.723499298095703,47.71918487548828,71.12430572509766,65.98057556152344,53.298561096191406,45.52903747558594,0.521091878414154
2015-08-24,23.10832405090332,36.09037780761719,30.63386344909668,23.168500900268555,45.205665588378906,69.08496856689453,63.35764694213867,51.29541778564453,43.37664031982422,0.5026462078094482
2015-08-25,23.24726104736328,35.04266357421875,30.35434341430664,23.318500518798828,44.9505729675293,67.5294418334961,62.06938552856445,50.7612419128418,43.37032699584961,0.4922098517417907
2015-08-26,24.580604553222656,36.98224258422852,32.697059631347656,25.03849983215332,47.20147705078125,70.78941345214844,65.51718139648438,52.6011848449707,45.7625846862793,0.5293439030647278
2015-08-27,25.304424285888672,38.01266860961914,33.104454040527344,25.918500900268555,48.37944412231445,71.61554718017578,67.10203552246094,53.03150177001953,47.24593353271485,0.5492460131645203
2015-08-28,25.38733673095703,38.03863525390625,32.69458770751953,25.90049934387207,48.11682891845703,70.8340835571289,67.15764617919922,52.83118438720703,47.384803771972656,0.5516730546951294
2015-08-31,25.2685661315918,37.6836166381836,32.106300354003906,25.644500732421875,48.09432601928711,69.94834899902344,66.08250427246094,52.43053436279297,47.49211502075195,0.5456053614616394
2015-09-01,24.139144897460938,36.21160125732422,31.20133399963379,24.82699966430664,46.10602951049805,68.54164123535156,63.91373443603516,51.11737060546875,45.49749374389648,0.5232760906219482
2015-09-02,25.174448013305664,37.54507827758789,31.962085723876957,25.52750015258789,46.94637298583984,69.47946166992188,64.52547454833984,51.79248809814453,46.223388671875,0.5390522480010986
2015-09-03,24.73299789428711,37.66630554199219,31.572540283203125,25.23600006103516,47.028900146484375,68.95101165771484,65.2483901977539,51.88152313232422,46.576847076416016,0.5405083298683167
2015-09-04,24.486486434936523,36.89566040039063,31.171592712402344,24.950000762939453,46.143550872802734,67.96109008789062,64.09911346435547,51.01349639892578,45.73734664916992,0.5278878211975098
2015-09-08,25.167728424072266,38.00400924682617,31.91103744506836,25.87700080871582,47.389041900634766,69.9185791015625,65.36888122558594,51.91860961914063,46.39380645751953,0.5504594445228577
2015-09-09,24.68368911743164,37.29396438598633,31.887741088867188,25.84449958801269,46.65375900268555,68.63842010498047,64.50690460205078,50.80575180053711,45.44699096679688,0.5395376086235046
2015-09-10,25.22599220275879,37.484466552734375,32.26787567138672,26.11199951171875,47.01389694213867,69.01056671142578,65.09078216552734,50.68705749511719,45.77520751953125,0.5480323433876038
2015-09-11,25.593494415283203,37.64898300170898,32.47701644897461,26.472000122070312,46.93886184692383,69.16686248779297,65.58203887939453,50.7612419128418,45.88254165649414,0.549731433391571
2015-09-14,25.839998245239254,37.26799392700195,32.336761474609375,26.069000244140625,46.80381393432617,69.45712280273438,64.88690948486328,50.49415588378906,45.75628662109375,0.5507022142410278
2015-09-15,26.0573673248291,38.08193206787109,32.96122741699219,26.11849975585937,47.70417785644531,70.26094818115234,65.350341796875,51.52540969848633,45.98984146118164,0.5567697286605835
2015-09-16,26.086498260498047,38.3590202331543,32.98352813720703,26.36949920654297,48.12433624267578,70.41726684570312,65.79519653320312,52.00765228271485,46.898773193359375,0.5606532096862793
2015-09-17,25.528512954711918,38.31572723388672,33.28832244873047,26.943500518798828,47.00638198852539,70.58843231201172,65.76739501953125,52.11151885986328,46.99976348876953,0.5657501816749573
2015-09-18,25.423192977905277,37.64898300170898,32.75555419921875,27.01300048828125,45.72336959838867,69.50922393798828,64.68304443359375,51.888946533203125,45.8762092590332,0.5652647018432617
2015-09-21,25.81759262084961,38.19449615478516,33.055885314941406,27.41950035095215,46.10602951049805,69.31572723388672,65.6005859375,52.41568756103516,46.32435989379883,0.5710896849632263
2015-09-22,25.41199111938477,38.01266860961914,32.37293243408203,26.920000076293945,45.70086669921875,69.39755249023438,65.10934448242188,52.07441711425781,45.91408157348633,0.5555563569068909
2015-09-23,25.61815643310547,37.98669052124024,32.37740707397461,26.80349922180176,45.49827194213867,69.21150970458984,65.75813293457031,52.12636184692383,45.63634490966797,0.5582261681556702
2015-09-24,25.770530700683597,38.02130126953125,32.45768737792969,26.6875,45.18316650390625,68.83194732666016,65.10010528564453,52.94244766235352,45.90777969360352,0.5689053535461426
2015-09-25,25.705543518066406,38.04729843139648,31.72617530822754,26.212499618530277,46.12102890014648,67.73036193847656,65.51718139648438,53.91435241699219,46.223388671875,0.5730314254760742
2015-09-28,25.196853637695312,37.484466552734375,30.93816375732422,25.202999114990234,45.00308990478516,68.0057601928711,62.28254318237305,53.24664688110352,45.82572555541992,0.565507173538208
2015-09-29,24.439428329467773,37.61435317993164,30.85688591003418,24.80349922180176,44.89804458618164,69.24874114990234,63.51522064208984,53.625,46.05927658081055,0.5754584074020386
2015-09-30,24.71730232238769,38.32437896728516,31.63796043395996,25.59449958801269,45.74589157104492,69.47946166992188,64.56251525878906,53.37275314331055,46.93032836914063,0.5982728004455566
2015-10-01,24.55595970153809,38.62744903564453,31.81786155700684,26.035999298095703,46.08352279663086,69.34548950195312,64.86837768554688,53.38016891479492,46.74726486206055,0.5866228938102722
2015-10-02,24.7352294921875,39.45869827270508,32.56077575683594,26.62700080871582,45.95505142211914,69.91114044189453,65.49860382080078,53.72887420654297,47.89609146118164,0.6019134521484375
2015-10-05,24.82486915588379,40.37653732299805,33.288822174072266,27.18400001525879,46.86946105957031,70.52889251708984,66.9444808959961,54.32241821289063,48.48309326171875,0.6169611811637878
2015-10-06,24.943634033203125,40.480464935302734,33.28683853149414,26.874000549316406,46.89213180541992,69.53155517578125,66.80542755126953,54.4559326171875,49.1648063659668,0.6249708533287048
2015-10-07,24.82486915588379,40.52375793457031,33.20555877685547,27.097000122070312,46.95258712768555,70.6926498413086,67.86202239990234,54.69335174560547,49.99168395996094,0.6315237879753113
2015-10-08,24.53803253173828,41.08658599853516,33.05687713623047,26.65800094604492,46.95258712768555,70.76708984375,68.49226379394531,55.19785690307617,50.51560592651367,0.6351642608642578
2015-10-09,25.125144958496094,40.79218292236328,33.26701736450195,26.989999771118164,46.80144882202149,70.98291015625,68.56642150878906,55.257205963134766,50.029563903808594,0.6327371597290039
2015-10-12,25.008617401123047,40.69692611694336,33.524227142333984,27.50950050354004,46.64274978637695,71.4443588256836,69.50247955322266,55.14591598510742,50.0548095703125,0.6395332217216492
2015-10-13,25.051198959350582,40.601680755615234,33.858272552490234,27.44499969482422,46.51427459716797,71.04248046875,69.51175689697266,54.98267364501953,49.96644592285156,0.6407464742660522
2015-10-14,24.69712829589844,40.41984558105469,33.72148132324219,27.241500854492188,45.33536529541016,70.35774230957031,68.770263671875,55.05688095092773,50.59764862060547,0.6640462875366211
2015-10-15,25.06688499450684,40.70558166503906,34.3464469909668,28.121999740600582,46.771217346191406,72.3077621459961,69.82689666748047,55.10140228271485,51.43084716796875,0.6657453179359436
2015-10-16,24.883132934570312,41.13853454589844,34.460426330566406,28.538000106811523,47.179298400878906,73.11902618408203,70.4385986328125,55.56881332397461,52.06205749511719,0.6761817336082458
2015-10-19,25.03775405883789,41.23377990722656,34.68989562988281,28.65749931335449,47.02061080932617,72.89571380615234,71.35616302490234,55.7617073059082,51.12155532836914,0.674968421459198
2015-10-20,25.494895935058597,41.36366653442383,33.701168060302734,28.04400062561035,47.2473258972168,72.6352310180664,70.69810485839844,55.22010803222656,51.02056884765625,0.6739973425865173
2015-10-21,25.4926700592041,40.870113372802734,33.294769287109375,27.78849983215332,46.899688720703125,72.66502380371094,69.93811798095703,55.087589263916016,50.62921142578125,0.6652598977088928
2015-10-22,25.882572174072266,41.58879852294922,33.75766372680664,28.195499420166016,47.75364303588867,74.07916259765625,70.82784271240234,56.03080749511719,52.320838928222656,0.6892879009246826
2015-10-23,26.68482780456543,45.77972412109375,35.65037536621094,29.951499938964844,48.26752853393555,74.65971374511719,71.4302749633789,57.662696838378906,52.37766647338867,0.6938992738723755
2015-10-26,25.83327865600586,46.97465133666992,36.23469924926758,30.430500030517575,48.29020690917969,74.38429260253906,72.45906066894531,58.00703048706055,51.2667236328125,0.6907442808151245
2015-10-27,25.669696807861328,46.4897346496582,36.31895446777344,30.550500869750977,48.09372329711914,74.57041931152344,71.84735870361328,57.85733795166016,51.18467330932617,0.6902586817741394
2015-10-28,26.72740936279297,46.7408561706543,36.52214813232422,30.854999542236328,49.49934387207031,74.78627014160156,73.09858703613281,57.2734375,51.935813903808594,0.6958409547805786
2015-10-29,27.00975608825684,46.20400619506836,36.915164947509766,31.32749938964844,49.28019332885742,75.44866180419922,72.76492309570312,57.65520095825195,51.904258728027344,0.6718129515647888
2015-10-30,26.77894592285156,45.580562591552734,36.54543685913086,31.295000076293945,48.554718017578125,75.19558715820312,71.9029769897461,57.17613220214844,52.22616958618164,0.688559889793396
2015-11-02,27.15541648864746,46.100093841552734,37.05839157104492,31.417499542236328,49.52958679199219,76.04409790039062,69.71566009521484,57.3408203125,53.82944869995117,0.6965691447257996
2015-11-03,27.46690368652344,46.88805389404297,37.11191940307617,31.265499114990234,49.71094131469727,75.88776397705078,72.19953918457031,57.67768478393555,54.82042694091797,0.6917151808738708
2015-11-04,27.339174270629883,47.104530334472656,37.43356323242188,32.04750061035156,49.76385498046875,75.87291717529297,72.61663055419922,57.685157775878906,54.27129364013672,0.680307924747467
2015-11-05,27.21314239501953,47.087215423583984,37.69921112060547,32.782501220703125,50.20973205566406,76.16317749023438,73.46002960205078,57.18362045288086,53.53276062011719,0.6725411415100098
2015-11-06,27.24465751647949,47.55477523803711,37.745304107666016,32.96849822998047,51.73627471923828,75.85801696777344,72.98735046386719,56.56979370117188,53.31816101074219,0.765740692615509
2015-11-09,27.134376525878903,46.8967170715332,37.40680694580078,32.77450180053711,50.92766189575195,75.05416107177734,72.32931518554688,56.442527770996094,52.17845153808594,0.7623427510261536
2015-11-10,26.27918815612793,46.33388137817383,37.57977294921875,32.98400115966797,51.14681625366211,75.50818634033203,73.79631805419922,56.719512939453125,52.433143615722656,0.7477801442146301
2015-11-11,26.13064956665039,46.455108642578125,37.92620086669922,33.662498474121094,50.897438049316406,75.81336212158203,73.51778411865234,56.861724853515625,51.96833038330078,0.7404990196228027
2015-11-12,26.042879104614254,46.16936111450195,37.49403381347656,33.279998779296875,49.87721252441406,74.62992858886719,72.70999145507812,55.88858795166016,50.56120681762695,0.737829327583313
2015-11-13,25.282207489013672,45.75373458862305,36.67826843261719,32.11750030517578,49.54469680786133,74.33966064453125,72.52428436279297,55.36458587646485,49.72711563110352,0.7232667803764343
2015-11-16,25.69631004333496,46.55901718139648,37.191219329833984,32.390499114990234,50.26261520385742,75.33702850341797,73.25779724121094,56.36766815185547,51.50990295410156,0.737829327583313
2015-11-17,25.586027145385746,46.17546081542969,36.971168518066406,32.165000915527344,49.97544860839844,75.54541778564453,73.19281768798828,56.19548416137695,50.91139221191406,0.737829327583313
2015-11-18,26.396209716796875,46.94258117675781,37.66650390625,33.176998138427734,50.9730110168457,76.41624450683594,74.70623779296875,56.81681060791016,51.40803146362305,0.7559796571731567
2015-11-19,26.73153305053711,47.02102279663086,37.66303634643555,33.063499450683594,51.13169860839844,76.28227233886719,74.41839599609375,57.05634689331055,51.12788009643555,0.758172333240509
2015-11-20,26.84856414794922,47.23896789550781,38.5085334777832,33.42250061035156,51.04100799560547,76.83708190917969,74.4555435180664,56.75691604614258,50.80315399169922,0.7647504806518555
2015-11-23,26.499736785888672,47.23896789550781,38.49366760253906,33.949501037597656,50.542236328125,77.05452728271484,74.38126373291016,56.86920928955078,51.11513900756836,0.7532998323440552
2015-11-24,26.754039764404297,47.29127883911133,38.14327621459961,33.557498931884766,50.46666717529297,76.50718688964844,74.08415985107422,57.228515625,52.13387298583984,0.7593905925750732
2015-11-25,26.562747955322266,46.8030891418457,38.124942779541016,33.766998291015625,50.527130126953125,76.44721984863281,73.87059783935547,56.81681060791016,51.73276519775391,0.758415937423706
2015-11-27,26.51323890686035,47.01232147216797,38.259239196777344,33.66299819946289,50.76139450073242,76.75462341308594,74.13054656982422,56.66709518432617,51.72001647949219,0.7647504806518555
2015-11-30,26.623510360717773,47.37843704223633,37.807254791259766,33.2400016784668,50.3911018371582,75.90736389160156,73.35993194580078,56.0233154296875,51.99380111694336,0.7727900147438049
2015-12-01,26.407455444335938,48.13684844970703,38.84505081176758,33.952999114990234,51.09391021728516,76.74713897705078,74.19556427001953,56.84676361083984,52.1402587890625,0.7978836894035339
2015-12-02,26.168907165527344,48.12813568115234,38.550662994384766,33.800498962402344,50.3759880065918,76.51468658447266,73.38780212402344,56.73446273803711,50.65034866333008,0.7917933464050293
2015-12-03,25.92584991455078,47.24769592285156,38.07240676879883,33.3125,49.72606658935547,75.56998443603516,72.69142150878906,56.6970329284668,49.92449951171875,0.7900878190994263
2015-12-04,26.78779983520508,48.73833084106445,38.61806488037109,33.63199996948242,51.30549621582031,77.18950653076172,74.65054321289062,58.26156997680664,50.21101379394531,0.822246789932251
2015-12-07,26.61901092529297,48.65117263793945,38.30979537963867,33.49150085449219,50.6329231262207,77.46692657470703,73.86132049560547,58.665802001953125,48.89938354492188,0.8066545128822327
2015-12-08,26.607759475708008,48.63373947143555,38.41635513305664,33.86650085449219,49.846981048583984,76.7921371459961,73.41563415527344,58.20167541503906,47.517723083496094,0.8176177144050598
2015-12-09,26.020376205444336,47.92763519287109,37.79238510131836,33.239498138427734,49.46911239624024,76.58965301513672,72.31075286865234,58.164249420166016,48.15443801879883,0.7969093322753906
2015-12-10,26.1441593170166,48.18043899536133,37.66798400878906,33.11600112915039,49.58247756958008,76.95707702636719,72.53356170654297,58.23161315917969,48.1926383972168,0.8034871816635132
2015-12-11,25.471248626708984,47.12565231323242,37.191219329833984,32.00749969482422,48.41867446899414,76.23726654052734,70.66732025146484,58.2241325378418,47.33308029174805,0.7915494441986084
2015-12-14,25.31371688842773,48.06711196899414,37.79188919067383,32.89550018310547,48.5698127746582,76.58965301513672,71.37294006347656,58.60590744018555,48.409122467041016,0.7934985756874084
2015-12-15,24.865867614746094,48.119407653808594,37.67046737670898,32.93199920654297,49.952781677246094,78.07422637939453,72.99781036376953,59.64643096923828,50.57393646240234,0.8032435774803162
2015-12-16,25.05715560913086,48.93013000488281,38.48820877075195,33.78850173950195,51.03345489501953,78.91398620605469,74.1491470336914,60.627044677734375,50.39564514160156,0.8081161379814148
2015-12-17,24.52604484558105,48.55526351928711,38.15318298339844,33.532501220703125,50.08879852294922,77.70684051513672,73.06280517578125,60.103065490722656,49.637969970703125,0.7959349751472473
2015-12-18,23.86213493347168,47.18666076660156,37.5098876953125,33.207000732421875,48.66805648803711,76.43974304199219,70.86228942871094,58.486106872558594,49.20499420166016,0.7830225229263306
2015-12-21,24.154705047607425,47.796871185302734,37.70565414428711,33.22549819946289,49.52958679199219,76.16230010986328,71.6515121459961,59.09996795654297,49.1922721862793,0.8015382885932922
2015-12-22,24.13220596313477,48.25017547607422,38.01937103271485,33.157501220703125,49.6353874206543,77.0095443725586,71.84648895263672,59.58654022216797,49.44059753417969,0.8022691607475281
2015-12-23,24.44276428222656,48.65988540649414,38.08776473999024,33.185001373291016,50.42888641357422,77.5943603515625,72.94207763671875,59.826053619384766,51.05783462524414,0.8054363131523132
2015-12-24,24.312236785888672,48.52911758422852,37.95544052124024,33.13949966430664,50.33063888549805,77.76679992675781,72.66356658935547,59.7287712097168,50.5102653503418,0.8081161379814148
2015-12-28,24.0399227142334,48.77320098876953,38.76822662353516,33.7599983215332,50.16439437866211,77.39192962646484,72.91425323486328,59.826053619384766,50.13459777832031,0.8073850274085999
2015-12-29,24.47202491760254,49.2962532043457,39.349082946777344,34.69850158691406,50.685829162597656,77.99923706054688,73.54561614990234,60.15545654296875,50.40202713012695,0.820541262626648
2015-12-30,24.15245056152344,49.0870361328125,39.16769409179688,34.45349884033203,50.32307434082031,77.81180572509766,72.74713134765625,59.93836212158203,49.73348617553711,0.8134760856628418
2015-12-31,23.6888427734375,48.36350631713867,38.55859375,33.79449844360352,49.89987564086914,77.01705169677734,72.00434112548828,59.4443244934082,49.63159942626953,0.8030002117156982
2016-01-04,23.70909881591797,47.77071762084961,37.63824844360352,31.84950065612793,48.40114212036133,75.33755493164062,70.28662109375,58.665802001953125,49.31962585449219,0.7886258959770203
2016-01-05,23.114967346191406,47.9886474609375,37.74184036254883,31.68950080871582,48.48482131958008,75.65245819091797,70.81587219238281,58.85293960571289,49.739845275878906,0.8012944459915161
2016-01-06,22.662620544433597,47.11692428588867,37.6328010559082,31.63249969482422,47.78489303588867,75.2700424194336,69.88738250732422,58.28401565551758,49.32600021362305,0.7681609988212585
2016-01-07,21.70615577697754,45.47807693481445,36.72435760498047,30.39699935913086,45.85250854492188,74.39281463623047,68.51319122314453,57.77497863769531,48.53645706176758,0.7377074956893921
2016-01-08,21.82092666625977,45.6175651550293,36.22428894042969,30.352500915527344,44.82543563842773,73.59807586669922,67.66828918457031,56.86920928955078,47.55593490600586,0.7218714952468872
2016-01-11,22.174259185791016,45.59141159057617,36.33134078979492,30.886999130249023,44.75697326660156,73.15570068359375,68.6339111328125,57.39321517944336,46.91920852661133,0.7230896949768066
2016-01-12,22.496082305908203,46.00983047485352,36.939449310302734,30.894500732421875,44.855865478515625,73.65804290771484,69.41385650634766,57.2734375,47.88063430786133,0.7352710962295532
2016-01-13,21.917699813842773,45.01606750488281,35.66226959228516,29.090499877929688,43.6234016418457,72.74331665039062,67.87256622314453,56.77937698364258,48.167179107666016,0.7128573656082153
2016-01-14,22.39706039428711,46.29750442504883,36.248077392578125,29.649999618530277,44.277679443359375,74.14541625976562,68.52251434326172,57.00396347045898,50.37656021118164,0.6984832286834717
2016-01-15,21.85918426513672,44.44942855834961,35.21226119995117,28.50900077819824,43.39518356323242,72.72833251953125,66.69338989257812,56.12813949584961,49.396026611328125,0.6604772806167603
2016-01-19,21.7534122467041,44.07460403442383,35.63798904418945,28.724000930786133,43.37234115600586,73.10321807861328,66.28484344482422,57.4381217956543,48.64469909667969,0.6658371090888977
2016-01-20,21.782670974731445,44.275089263916016,35.61221694946289,28.588499069213867,42.23117065429688,71.79109954833984,65.62560272216797,57.25918197631836,46.59450149536133,0.6694914102554321
2016-01-21,21.672388076782227,44.00486755371094,36.01415252685547,28.750999450683597,42.03336334228516,71.93354034423828,66.44268035888672,57.93121337890625,47.18025207519531,0.6772876381874084
2016-01-22,22.82465171813965,45.58268356323242,36.94539642333984,29.819000244140625,43.32669448852539,72.5408935546875,67.50115203857422,58.414459228515625,48.75294494628906,0.6931234002113342
2016-01-25,22.379053115844727,45.14682769775391,36.35860443115234,29.826499938964844,42.34528732299805,72.27845764160156,66.60979461669922,58.02936935424805,47.10386657714844,0.6923925280570984
2016-01-26,22.502830505371094,45.47807693481445,36.36702346801758,30.0625,43.42560577392578,75.86238861083984,66.73979949951172,59.50936126708984,48.8357048034668,0.6992142796516418
2016-01-27,21.024246215820312,44.64993667602539,35.56364822387695,29.167499542236328,43.39518356323242,76.59716796875,65.83917999267578,59.501800537109375,47.937950134277344,0.6909307837486267
2016-01-28,21.175029754638672,45.38219451904297,37.08615493774414,31.76749992370605,43.577754974365234,76.67964935302734,64.37214660644531,60.272010803222656,49.02037048339844,0.6833783984184265
2016-01-29,21.90644073486328,48.02352523803711,37.73291397094727,29.350000381469727,45.266700744628906,78.3066635131836,69.16315460205078,61.68403244018555,49.56794357299805,0.713588297367096
2016-02-01,21.701644897460938,47.6922721862793,38.19977188110352,28.74049949645996,44.77980041503906,78.25418090820312,69.06101989746094,61.25363540649414,48.57465744018555,0.713831901550293
2016-02-02,21.26280212402344,46.20161437988281,38.70232009887695,27.604999542236328,43.38755798339844,77.53437805175781,68.15111541748047,60.57406997680664,47.49224090576172,0.683621883392334
2016-02-03,21.68364906311035,45.46935272216797,37.13967514038086,26.55349922180176,43.67665481567383,78.08172607421875,69.06101989746094,61.2385368347168,49.96906280517578,0.6870328187942505
2016-02-04,21.85787582397461,45.32988739013672,36.18067932128906,26.8129997253418,44.42984771728516,77.90176391601562,68.41110229492188,60.93648910522461,50.82861709594727,0.6872762441635132
2016-02-05,21.27410125732422,43.72591400146485,34.87872314453125,25.10650062561035,43.93531799316406,75.38255310058594,66.42413330078125,61.31404113769531,50.9878044128418,0.6439104676246643
2016-02-08,21.498104095458984,43.07209777832031,34.89854431152344,24.405000686645508,43.014774322509766,76.47721862792969,62.92370223999024,62.38630676269531,51.67546081542969,0.6144315600395203
2016-02-09,21.493581771850582,42.95879364013672,34.742919921875,24.103500366210938,42.7561149597168,76.4547119140625,63.44366836547852,62.40140151977539,51.45057678222656,0.6210092902183533
2016-02-10,21.33065414428711,43.33362579345703,35.031864166259766,24.52400016784668,42.23877334594727,76.27472686767578,65.13353729248047,61.63119888305664,50.98155212402344,0.6195475459098816
2016-02-11,21.20168113708496,43.31619644165039,35.0075798034668,25.19099998474121,40.37485504150391,76.25228118896484,63.573673248291016,60.33241653442383,51.14217758178711,0.6163804531097412
2016-02-12,21.267305374145508,44.02228927612305,35.03385162353516,25.35400009155273,43.73752212524414,76.34224700927734,65.38421630859375,61.15549087524414,52.060943603515625,0.6268564462661743
2016-02-16,21.866924285888672,44.85638046264648,35.56662368774414,26.05500030517578,44.39180374145508,76.7171401977539,66.01557922363281,61.51791763305664,52.183013916015625,0.6575537323951721
2016-02-17,22.201812744140625,46.02409744262695,36.27682113647461,26.70499992370605,44.71131896972656,76.85209655761719,67.01103973388672,62.257930755615234,52.68414306640625,0.6738770008087158
2016-02-18,21.78094291687012,45.82215881347656,35.560184478759766,26.25,43.98097610473633,78.15672302246094,66.27607727050781,61.903053283691406,52.97328567504883,0.7318603992462158
2016-02-19,21.73115921020508,45.49730682373047,35.78816223144531,26.7450008392334,43.988582611083984,78.66270446777344,66.54588317871094,61.75957489013672,53.005401611328125,0.7416055798530579
2016-02-22,21.921232223510746,46.22604370117188,36.13210678100586,27.975000381469727,44.55916976928711,79.1082763671875,67.96925354003906,62.01631927490234,52.93472671508789,0.7679173350334167
2016-02-23,21.425695419311523,44.935394287109375,35.54927444458008,27.64699935913086,42.69525146484375,78.60227966308594,67.12267303466797,61.77467346191406,52.1894416809082,0.7698665261268616
2016-02-24,21.744741439819336,45.09342956542969,35.72819137573242,27.70199966430664,42.71046447753906,79.26686096191406,66.8436050415039,61.58588409423828,52.37576675415039,0.7752262353897095
2016-02-25,21.89408302307129,45.74313354492188,36.13557815551758,27.75749969482422,43.37234115600586,80.33924865722656,68.16461944580078,62.17488098144531,52.69057846069336,0.7769315838813782
2016-02-26,21.928016662597656,45.04075622558594,35.924442291259766,27.761499404907227,43.77557373046875,79.88613891601562,67.6622314453125,61.2385368347168,52.52355194091797,0.7718155384063721
2016-02-29,21.878236770629883,44.6719970703125,35.545806884765625,27.625999450683597,42.83218765258789,79.45565795898438,67.345947265625,60.626914978027344,51.495548248291016,0.7668026685714722
2016-03-01,22.74712562561035,46.1645736694336,36.782344818115234,28.95199966430664,45.03846740722656,80.9736328125,69.43913269042969,61.33668899536133,52.221561431884766,0.8007906079292297
2016-03-02,22.79690361022949,46.48942565917969,36.64902114868164,29.010499954223636,45.46449279785156,80.83770751953125,69.12284088134766,62.333457946777344,53.13389587402344,0.8054365515708923
2016-03-03,22.96660804748535,45.96265411376953,36.25798797607422,28.874500274658203,45.61667251586914,80.54315185546875,68.7600326538086,62.55242919921875,52.94112777709961,0.7983455657958984
2016-03-04,23.30828285217285,45.68169021606445,36.19009780883789,28.756999969482425,45.68513870239258,80.42989349365234,68.75071716308594,63.04323196411133,52.87047958374024,0.7959004044532776
2016-03-07,23.050329208374023,44.80368423461914,35.326744079589844,28.13999938964844,45.601444244384766,80.61114501953125,66.92730712890625,62.74871826171875,54.264686584472656,0.7907654643058777
2016-03-08,22.860258102416992,45.34804916381836,35.36293029785156,28.01300048828125,44.71892929077149,80.21842956542969,65.69926452636719,62.71852493286133,53.08891296386719,0.776339054107666
2016-03-09,22.880619049072266,46.39285659790039,35.95170974731445,27.973499298095703,44.97760391235352,80.68666076660156,65.75508880615234,62.64303207397461,52.94112777709961,0.7758501172065735
2016-03-10,22.891935348510746,45.69924545288086,36.2867317199707,27.94650077819824,44.589603424072266,80.91322326660156,65.3271484375,62.12956619262695,52.79978561401367,0.7746273279190063
2016-03-11,23.13857650756836,46.59479141235352,36.916160583496094,28.480499267578125,45.144962310791016,81.34370422363281,66.638916015625,61.72936248779297,52.80623245239258,0.7878314256668091
2016-03-14,23.197406768798828,46.68258285522461,37.18230056762695,28.668500900268555,44.97760391235352,81.30594635009766,66.50865936279297,61.29140472412109,52.94755554199219,0.7897875308990479
2016-03-15,23.663524627685547,47.05134582519531,37.19865417480469,28.85099983215332,45.03846740722656,81.38143157958984,66.8993911743164,61.39710998535156,53.21100616455078,0.7858753800392151
2016-03-16,23.97803497314453,47.71860885620117,37.53516387939453,28.713499069213867,44.82543563842773,81.11714172363281,67.32733917236328,61.419769287109375,53.24311447143555,0.8093487620353699
2016-03-17,23.93957901000977,47.99079513549805,37.59067535400391,27.972000122070312,44.69611740112305,80.61114501953125,68.043701171875,62.48447036743164,54.03337097167969,0.8025023937225342
2016-03-18,23.96672821044922,46.96354675292969,37.43851852416992,27.60400009155273,46.01226806640625,81.18508911132812,68.63908386230469,62.786502838134766,54.0976448059082,0.8267091512680054
2016-03-21,23.964466094970703,47.28840637207031,37.77306365966797,27.698999404907227,45.9970588684082,81.01892852783203,68.6297607421875,62.91486358642578,53.72499465942383,0.8291545510292053
2016-03-22,24.14775657653809,47.472774505615234,37.66848373413086,28.02400016784668,45.82966995239258,81.09445190429688,67.87621307373047,62.47690582275391,54.04623794555664,0.8276875615119934
2016-03-23,24.01424598693848,47.38497924804688,37.54507827758789,28.48150062561035,45.601444244384766,81.94032287597656,68.7600326538086,62.53729248046875,53.80851364135742,0.8418694138526917
2016-03-24,23.9101619720459,47.59569549560547,37.410274505615234,29.147499084472656,45.25148391723633,81.79679107666016,68.97403717041016,62.590179443359375,53.95629119873047,0.8430920243263245
2016-03-28,23.80154609680176,47.00745391845703,37.33295822143555,28.99349975585937,45.19062805175781,81.73641204833984,68.9181900024414,62.38630676269531,54.110477447509766,0.851650059223175
2016-03-29,24.364965438842773,48.0346908569336,37.95792388916016,29.69300079345703,44.90912628173828,82.42364501953125,70.1275863647461,62.522220611572266,54.30965042114258,0.8653428554534912
2016-03-30,24.790359497070312,48.33321380615234,38.07934188842773,29.934499740600582,45.426456451416016,82.30281066894531,71.43004608154297,62.43161392211914,54.303218841552734,0.8743899464607239
2016-03-31,24.661378860473636,48.491241455078125,37.80973434448242,29.68199920654297,45.05369186401367,81.71376037597656,71.15097045898438,62.15220642089844,53.70573043823242,0.8712114691734314
2016-04-01,24.887657165527344,48.78976440429688,38.14525985717773,29.924999237060547,45.54819107055664,82.46141052246094,72.1836166381836,63.07342529296875,53.30094528198242,0.8839263319969177
2016-04-04,25.14334297180176,48.66684722900391,37.91976165771485,29.659500122070312,45.37191390991211,82.00823974609375,72.40689849853516,62.83180236816406,53.42945861816406,0.8753681182861328
2016-04-05,24.846927642822266,47.90298461914063,37.59513473510742,29.30699920654297,44.728118896484375,82.2801513671875,71.6067886352539,62.79404830932617,52.819068908691406,0.8741456270217896
2016-04-06,25.107139587402344,48.39466857910156,38.06596755981445,30.10400009155273,45.073020935058594,82.63510131835938,72.76040649414062,63.28485107421875,53.52581024169922,0.8753681182861328
2016-04-07,24.55956649780273,47.81519317626953,37.67195892333984,29.57150077819824,43.93104553222656,82.5218276977539,72.17432403564453,62.85444641113281,52.92186737060547,0.8663210868835449
2016-04-08,24.58671760559082,47.78007125854492,37.63974380493164,29.729999542236328,44.25294494628906,82.3934326171875,72.59296417236328,62.82426452636719,53.461544036865234,0.8719448447227478
2016-04-11,24.66817855834961,47.683502197265625,37.54408264160156,29.796499252319336,44.60550308227539,82.29527282714844,72.3975830078125,62.46931838989258,53.53225326538086,0.877324104309082
2016-04-12,24.989473342895508,47.98201751708984,37.88010787963867,30.15850067138672,45.433223724365234,82.7710189819336,73.04879760742188,62.54486083984375,54.19399642944336,0.8763461709022522
2016-04-13,25.351512908935547,48.59659957885742,38.25626754760742,30.74099922180176,47.35693740844727,82.97496032714844,74.15589141845703,62.26548004150391,54.50241088867188,0.8983525633811951
2016-04-14,25.36509323120117,48.60538864135742,38.428741455078125,31.037500381469727,47.97006607055664,82.95228576660156,74.73267364501953,62.43297576904297,54.88789749145508,0.900797724723816
2016-04-15,24.855981826782227,48.8599967956543,38.6572151184082,31.29450035095215,47.41823959350586,83.20906066894531,74.50008392333984,62.65372848510742,54.59233856201172,0.907888889312744
2016-04-18,24.3197078704834,49.5711669921875,39.03783798217773,31.76749992370605,47.72482681274414,83.77546691894531,75.774658203125,63.05721664428711,55.112770080566406,0.9039766192436218
2016-04-19,24.19074058532715,49.509708404541016,38.47135925292969,31.395000457763672,48.529544830322266,85.09706115722656,75.1234359741211,63.3997917175293,55.38901519775391,0.88783860206604
2016-04-20,24.240514755249023,48.80732727050781,38.40544509887695,31.64949989318848,49.234657287597656,85.77678680419922,75.49556732177734,62.08275985717773,55.76810836791992,0.8912616968154907
2016-04-21,23.97803497314453,48.97415542602539,38.6572151184082,31.549999237060547,48.74415588378906,85.76924133300781,75.16065216064453,61.51181411743164,55.761680603027344,0.8902837634086609
2016-04-22,23.91242218017578,45.462196350097656,36.56428146362305,31.024999618530277,49.02772903442383,85.5804214477539,73.5976791381836,61.6259880065918,56.23712158203125,0.8868603110313416
2016-04-25,23.77666473388672,45.751930236816406,36.78432083129883,31.309999465942383,48.74415588378906,85.72392272949219,72.69528198242188,61.97618865966797,56.10862350463867,0.8912616968154907
2016-04-26,23.61148834228516,45.163665771484375,35.949729919433594,30.8439998626709,48.997066497802734,85.27079772949219,73.05812072753906,60.56019592285156,56.301368713378906,0.8919953107833862
2016-04-27,22.133928298950195,44.72468185424805,35.75594711303711,30.328500747680664,49.13502883911133,85.16504669189453,73.27208709716797,60.81903076171875,56.83463668823242,0.912290096282959
2016-04-28,21.457372665405277,43.81158447265625,34.943145751953125,30.100000381469727,48.74415588378906,84.946044921875,72.2673568725586,60.72007369995117,56.558372497558594,0.8851487040519714
2016-04-29,21.21074104309082,43.78523254394531,35.082908630371094,32.97949981689453,48.43759536743164,84.64397430419922,71.85798645019531,60.9941520690918,56.79608917236328,0.868766188621521
2016-05-02,21.188112258911133,44.4349479675293,35.40653610229492,34.192501068115234,48.8897705078125,85.14995574951172,72.99297332763672,61.64120864868164,57.26511001586914,0.8802582621574402
2016-05-03,21.53656768798828,43.70621490478516,35.11066818237305,33.566001892089844,47.94707107543945,85.1046371459961,71.81146240234375,61.74018096923828,56.60975646972656,0.8697441816329956
2016-05-04,21.312559127807617,43.78523254394531,35.25587463378906,33.54499816894531,47.18831634521485,84.74968719482422,71.6998291015625,62.12078475952149,56.50054550170898,0.8499385714530945
2016-05-05,21.226055145263672,43.84668350219727,35.42141342163086,32.954498291015625,46.93539810180664,85.24812316894531,71.96965026855469,61.89244842529297,56.5648078918457,0.8550733327865601
2016-05-06,21.1076717376709,44.24177932739258,35.940303802490234,33.6974983215332,47.2113151550293,85.14239501953125,72.30455017089844,62.5243034362793,56.86676406860352,0.8638758659362793
2016-05-09,21.12360954284668,43.96083450317383,36.13607025146485,33.98749923706055,46.91240692138672,85.88250732421875,72.76969909667969,62.51670837402344,56.90530776977539,0.8626534938812256
2016-05-10,21.26702880859375,44.794918060302734,36.64406967163086,35.153499603271484,47.54853439331055,86.5999755859375,73.68144226074219,62.790748596191406,57.817649841308594,0.8792802691459656
2016-05-11,21.059864044189453,44.82125473022461,36.206451416015625,35.6614990234375,47.372257232666016,86.3733901977539,72.04115295410156,62.53955459594727,57.5390739440918,0.8817254900932312
2016-05-12,20.56587219238281,45.225128173828125,36.08353805541992,35.89649963378906,47.34160232543945,86.26769256591797,72.59101867675781,62.73748779296875,58.09623718261719,0.8697441816329956
2016-05-13,20.606843948364254,44.847599029541016,35.92296600341797,35.49599838256836,46.904747009277344,85.76166534423828,71.60314178466797,61.839149475097656,57.4418830871582,1.0020275115966797
2016-05-16,21.37174415588379,45.50609970092773,36.19405364990234,35.53300094604492,47.25729751586914,86.42625427246094,72.50717163085938,62.14366912841797,58.03143310546875,1.0316141843795776
2016-05-17,21.282958984375,44.657325744628906,35.69300079345703,34.76350021362305,47.25729751586914,85.96559143066406,71.56586456298828,61.374786376953125,58.00553894042969,1.033814549446106
2016-05-18,21.526552200317383,44.92256164550781,35.77180099487305,34.872501373291016,49.08137893676758,85.78433227539062,72.16233825683594,60.78859329223633,57.88890838623047,1.060222625732422
2016-05-19,21.44460105895996,44.48933792114258,35.451148986816406,34.92599868774414,48.58320999145508,85.22547149658203,71.64974975585938,61.04742431640625,58.38131713867188,1.064868450164795
2016-05-20,21.676803588867188,44.75457000732422,35.768333435058594,35.13999938964844,48.6751823425293,85.6742172241211,72.38597869873047,60.918006896972656,58.14160537719727,1.0839407444000244
2016-05-23,21.95225143432617,44.23295211791992,35.54729080200195,34.837501525878906,48.6368522644043,85.30912780761719,71.95731353759766,61.05502700805664,58.050907135009766,1.085652470588684
2016-05-24,22.286901473999023,45.61217880249024,36.32936096191406,35.209999084472656,49.4645881652832,85.71224212646484,73.97964477539062,61.64120864868164,58.09623718261719,1.1120054721832275
2016-05-25,22.6784610748291,46.08076858520508,36.58063507080078,35.41749954223633,50.215667724609375,86.2142562866211,73.68144226074219,62.02946853637695,58.478492736816406,1.1073482036590576
2016-05-26,22.85829734802246,45.877418518066406,36.52264404296875,35.74549865722656,49.840126037597656,85.87198638916016,73.6255111694336,61.83155059814453,58.18046951293945,1.1191149950027466
2016-05-27,22.84464263916016,46.257606506347656,37.051456451416016,35.61199951171875,50.146705627441406,85.99369049072266,74.24061584472656,61.991397857666016,58.316524505615234,1.125244140625
2016-05-31,22.73309135437012,46.85881042480469,37.113407135009766,36.13949966430664,50.02406692504883,85.71224212646484,73.569580078125,61.69450759887695,57.67511749267578,1.1453464031219482
2016-06-01,22.41438865661621,46.7261848449707,37.09407806396485,35.97200012207031,50.345970153808594,85.78072357177734,73.83055877685547,62.26548004150391,57.817649841308594,1.1475526094436646
2016-06-02,22.245927810668945,46.399051666259766,36.88642120361328,36.4119987487793,50.437931060791016,87.08133697509766,74.5108871459961,62.38728713989258,57.3576545715332,1.155643105506897
2016-06-03,22.29145622253418,45.789005279541016,36.46961212158203,36.277000427246094,49.54122924804688,87.2867202758789,74.50154876708984,62.78311920166016,57.25400924682617,1.139462947845459
2016-06-06,22.45307731628418,46.089599609375,36.18216323852539,36.33649826049805,50.03173828125,88.0549087524414,75.06072235107422,63.01152038574219,57.8824348449707,1.133579134941101
2016-06-07,22.544139862060547,46.06307601928711,36.233211517333984,36.1870002746582,49.86311721801758,88.02449798583984,75.11664581298828,62.66898727416992,58.77004623413086,1.135785460472107
2016-06-08,22.52366065979004,46.010040283203125,36.82000350952149,36.33200073242188,50.00872802734375,88.0777359008789,76.0952377319336,62.920169830322266,58.82187271118164,1.132108211517334
2016-06-09,22.685285568237305,45.63870620727539,36.799686431884766,36.38249969482422,49.62553405761719,88.990478515625,75.73176574707031,63.316043853759766,58.744136810302734,1.161526441574097
2016-06-10,22.49861717224121,45.514915466308594,36.33728790283203,35.89550018310547,48.92809677124024,88.998046875,74.72523498535156,63.3388900756836,58.29708099365234,1.1325985193252563
2016-06-13,22.159412384033203,44.3302001953125,36.27237319946289,35.762001037597656,48.4912338256836,88.83073425292969,73.06633758544922,62.85929870605469,58.69229507446289,1.1470623016357422
2016-06-14,22.18673324584961,44.05612564086914,36.34025573730469,35.96500015258789,47.579193115234375,89.08172607421875,73.22474670410156,63.45309829711914,58.5886344909668,1.1492689847946167
2016-06-15,22.1138916015625,43.93234634399414,36.287723541259766,35.7130012512207,47.49490737915039,88.54170227050781,72.85198211669922,63.1485595703125,58.413719177246094,1.1610360145568848
2016-06-16,22.207223892211918,44.55122375488281,35.89421844482422,35.8754997253418,47.68650436401367,88.7166519165039,73.01972198486328,63.49874877929688,59.10049819946289,1.165693998336792
2016-06-17,21.70184135437012,44.32135772705078,34.90300369262695,35.31949996948242,47.73246765136719,87.83431243896484,71.75225830078125,63.28561401367188,58.77653884887695,1.1453464031219482
2016-06-20,21.64948081970215,44.268314361572266,34.996177673339844,35.70050048828125,47.80146026611328,88.64057922363281,72.07844543457031,63.21708297729492,59.03569793701172,1.1659388542175293
2016-06-21,21.833879470825195,45.25853729248047,35.13247299194336,35.79100036621094,48.24598693847656,88.36677551269531,72.0691146850586,63.49874877929688,59.30132675170898,1.158829689025879
2016-06-22,21.75191879272461,45.08171844482422,35.21127700805664,35.529998779296875,48.062042236328125,88.5797348022461,71.32354736328125,63.62055206298828,59.06808471679688,1.1578490734100342
2016-06-23,21.87713432312012,45.895111083984375,35.42933654785156,36.104000091552734,49.08903884887695,89.27947235107422,72.90791320800781,64.10778045654297,59.47624969482422,1.1887379884719849
2016-06-24,21.26248359680176,44.05612564086914,33.9588737487793,34.948001861572266,45.678470611572266,87.94844055175781,69.94422912597656,62.62325286865234,57.914833068847656,1.121076226234436
2016-06-27,20.95287322998047,42.81834411621094,33.75766372680664,34.56800079345703,44.1533088684082,88.64820861816406,68.35057830810547,61.839149475097656,57.57146072387695,1.109063982963562
2016-06-28,21.30573463439941,43.71131134033203,34.25921630859375,35.397499084472656,45.61717224121094,89.9260025024414,70.0467529296875,62.77553176879883,58.899635314941406,1.125244140625
2016-06-29,21.49012756347656,44.68384552001953,34.453983306884766,35.779998779296875,46.904747009277344,90.7626724243164,71.519287109375,63.87942886352539,59.90386199951172,1.1436302661895752
2016-06-30,21.7633056640625,45.240848541259766,34.8673210144043,35.78099822998047,47.62517929077149,92.26103973388672,69.12410736083984,64.45796203613281,60.73315048217773,1.1524564027786257
2016-07-01,21.829320907592773,45.23200607299805,35.20036697387695,36.28400039672852,47.31622695922852,92.2534408569336,69.41302490234375,64.5417251586914,60.79793930053711,1.1438757181167605
2016-07-05,21.62444305419922,45.240848541259766,34.934722900390625,36.40499877929688,45.99544906616211,92.99883270263672,69.59005737304688,65.0441665649414,60.26667785644531,1.1607911586761477
2016-07-06,21.74736976623535,45.4265251159668,35.13693618774414,36.88050079345703,46.489784240722656,93.28023529052734,69.02156066894531,64.73204040527344,60.95990753173828,1.1681456565856934
2016-07-07,21.840707778930664,45.4265251159668,35.052181243896484,36.82849884033203,46.791015625,93.18138122558594,69.44097900390625,64.57978057861328,60.227783203125,1.1985442638397217
2016-07-08,22.009166717529297,46.23992919921875,35.57355880737305,37.29050064086914,47.75648498535156,93.43997192382812,71.22103881835938,65.29537963867188,60.60357284545898,1.2465938329696655
2016-07-11,22.07746124267578,46.49630737304688,36.04042434692383,37.68899917602539,48.09634017944336,93.50083923339844,71.314208984375,65.2801742553711,60.830326080322266,1.2752768993377686
2016-07-12,22.17762565612793,47.044471740722656,36.30358123779297,37.41049957275391,48.81466293334961,93.4932098388672,72.20893859863281,65.2801742553711,61.51709747314453,1.294398307800293
2016-07-13,22.05242347717285,47.30971145629883,36.15341567993164,37.13150024414063,48.78376388549805,93.55406951904295,72.19027709960938,65.3867416381836,61.47176361083984,1.2939081192016602
2016-07-14,22.4895076751709,47.5130615234375,36.46664047241211,37.060001373291016,49.52524948120117,93.6909637451172,72.82402038574219,65.37150573730469,61.51709747314453,1.3071463108062744
2016-07-15,22.487232208251957,47.47770309448242,36.45822143554688,36.77199935913086,49.57159805297852,93.55406951904295,72.97314453125,65.47808837890625,61.62724304199219,1.2919472455978394
2016-07-18,22.72626495361328,47.70756530761719,37.3289909362793,36.80350112915039,49.40167999267578,93.66055297851562,72.98243713378906,65.41719818115234,61.43285369873047,1.2985661029815674
2016-07-19,22.735370635986328,46.93838119506836,37.33940505981445,36.997501373291016,49.32442092895508,95.2654266357422,73.36457061767578,65.59989929199219,61.206092834472656,1.312049388885498
2016-07-20,22.755861282348636,49.43162536621094,37.52128982543945,37.2859992980957,49.37850189208984,95.18174743652344,73.96101379394531,65.4617919921875,60.85624313354492,1.3292100429534912
2016-07-21,22.63519859313965,49.33437347412109,37.38896560668945,37.22150039672852,49.193119049072266,95.18939208984376,73.42979431152344,65.41573333740234,60.80442428588867,1.304694652557373
2016-07-22,22.45991516113281,50.01514053344727,37.63032150268555,37.24300003051758,49.46345901489258,95.09809112548828,74.47360229492188,65.7686996459961,60.908084869384766,1.340241312980652
2016-07-25,22.159412384033203,50.15660095214844,37.54309844970703,36.980499267578125,49.332149505615234,94.99162292480467,73.569580078125,65.83008575439453,59.73539733886719,1.3650017976760864
2016-07-26,22.006893157958984,50.18313980102539,37.549537658691406,36.77949905395508,49.532962799072266,95.18939208984376,73.15021514892578,65.42342376708984,59.30132675170898,1.3882912397384644
2016-07-27,23.43653678894043,49.679176330566406,37.76364517211914,36.83349990844727,49.68745040893555,94.90033721923828,73.18746948242188,64.8019790649414,58.899635314941406,1.374317646026611
2016-07-28,23.752954483032227,49.69685745239258,37.95544052124024,37.63050079345703,49.509796142578125,94.66455078125,73.80259704589844,65.07048034667969,58.43960952758789,1.377259373664856
2016-07-29,23.723371505737305,50.11240005493164,39.21923828125,37.94049835205078,49.40939712524414,95.2502212524414,72.74012756347656,65.66895294189453,57.62976837158203,1.3998130559921265
2016-08-01,24.142244338989254,50.02399444580078,39.69501876831055,38.387001037597656,49.27808380126953,95.37953186035156,72.93585968017578,66.29810333251953,55.62778472900391,1.3907426595687866
2016-08-02,23.784841537475582,50.02399444580078,39.65437698364258,38.02899932861328,49.1622314453125,94.96117401123048,72.9544906616211,66.5666275024414,56.39229202270508,1.3738272190093994
2016-08-03,24.083053588867188,50.36880493164063,39.59489822387695,37.73199844360352,49.94233322143555,94.23859405517578,73.35523223876953,65.96051025390625,56.68382263183594,1.3775049448013306
2016-08-04,24.23182678222656,50.74013900756836,39.51213455200195,38.03850173950195,49.86509704589844,94.20817565917967,74.07286834716797,66.02189636230469,56.677364349365234,1.402999997138977
2016-08-05,24.600322723388672,51.24406433105469,39.99188232421875,38.29899978637695,51.20904541015625,94.4971923828125,74.68795013427734,65.81471252441406,56.72919845581055,1.426780343055725
2016-08-08,24.80403709411621,51.33249282836914,39.90763092041016,38.32799911499024,51.0545654296875,94.04847717285156,74.5108871459961,65.79938507080078,57.39652633666992,1.4400182962417605
2016-08-09,24.90474510192871,51.45626831054688,40.019142150878906,38.41550064086914,50.876914978027344,93.88113403320312,74.61341857910156,65.97586059570312,57.4677963256836,1.4436954259872437
2016-08-10,24.71935272216797,51.29713439941406,40.06919860839844,38.428001403808594,50.42121505737305,93.82789611816406,74.25924682617188,66.22137451171875,56.461517333984375,1.4343796968460083
2016-08-11,24.703332901000977,51.544677734375,40.05482864379883,38.5620002746582,50.56022262573242,94.13972473144533,74.6693115234375,66.54363250732422,56.6640853881836,1.463552713394165
2016-08-12,24.760547637939453,51.22640228271485,39.997833251953125,38.62799835205078,50.45209503173828,93.7213897705078,74.57611846923828,66.78146362304688,57.40245819091797,1.5454331636428833
2016-08-15,25.058094024658203,51.38554382324219,39.94381713867188,38.42449951171875,50.76104736328125,93.02926635742188,75.40557861328125,66.7661361694336,57.37632369995117,1.543962001800537
2016-08-16,25.03520965576172,51.10085678100586,39.70740509033203,38.20199966430664,50.75333786010742,91.52326202392578,75.3123550415039,66.42854309082031,57.44817733764648,1.5346466302871704
2016-08-17,24.99859046936035,51.20762252807617,39.91704940795898,38.23149871826172,50.89236831665039,92.26866912841795,75.47108459472656,66.7200927734375,57.57233428955078,1.4990997314453125
2016-08-18,24.9665470123291,51.24319839477539,39.78472137451172,38.22299957275391,50.9387092590332,91.81989288330078,74.93895721435547,67.08836364746094,58.0950813293457,1.522388935089111
2016-08-19,25.0306339263916,51.260990142822266,39.63108444213867,37.865501403808594,50.869178771972656,91.81988525390624,75.12564086914062,66.9886245727539,57.36977767944336,1.5263116359710691
2016-08-22,24.836082458496094,51.30547332763672,39.49726867675781,37.9739990234375,50.822845458984375,91.21500396728516,75.67647552490234,66.63568115234375,57.493919372558594,1.53268563747406
2016-08-23,24.91390037536621,51.50119018554688,39.47942733764648,38.122501373291016,50.7996711730957,91.45237731933594,75.43376922607422,67.05768585205078,57.3175048828125,1.545088529586792
2016-08-24,24.726215362548828,51.5545768737793,39.331241607666016,37.86249923706055,50.9387092590332,90.8934326171875,74.95761108398438,66.9886245727539,57.51353073120117,1.521264672279358
2016-08-25,24.62093544006348,51.75028610229492,39.217247009277344,37.96099853515625,51.03139114379883,90.78623962402344,74.98563385009766,67.4413070678711,57.14762115478516,1.5111947059631348
2016-08-26,24.476736068725582,51.625755310058594,39.312408447265625,38.45000076293945,51.14725112915039,91.14611053466795,75.21900177001953,67.19580078125,57.02347183227539,1.5234750509262085
2016-08-29,24.44926643371582,51.6880111694336,39.44126892089844,38.56449890136719,51.71108627319336,91.81988525390624,75.49910736083984,67.74819946289062,57.395904541015625,1.5224924087524414
2016-08-30,24.261579513549805,51.50119018554688,39.24798583984375,38.37900161743164,52.13590621948242,91.47533416748048,75.77916717529297,67.16510009765625,57.18680953979492,1.5136513710021973
2016-08-31,24.28447723388672,51.1186408996582,39.145389556884766,38.45800018310547,52.13590621948242,91.37582397460938,75.527099609375,66.9886245727539,56.93852233886719,1.5065284967422483
2016-09-01,24.42866897583008,51.23431015014648,39.222206115722656,38.53099822998047,51.911903381347656,91.17672729492188,75.9005355834961,67.75588989257812,56.74250411987305,1.5509824752807615
2016-09-02,24.657560348510746,51.30547332763672,39.493309020996094,38.62200164794922,52.12817001342773,91.36048126220705,76.55403900146484,67.67147827148438,57.1214714050293,1.5357553958892822
2016-09-06,24.65068817138672,51.25210189819336,40.04590606689453,39.44350051879883,52.08956146240234,91.68972778320312,77.04885864257812,68.00907135009766,57.87291717529297,1.5502458810806274
2016-09-07,24.80175018310547,51.29657745361328,40.04441833496094,39.2239990234375,51.87330627441406,91.58257293701172,77.71170806884766,67.47966766357422,57.657257080078125,1.5274046659469604
2016-09-08,24.151721954345703,51.09196472167969,39.789180755615234,39.20299911499024,51.94280242919922,91.47533416748048,77.4596176147461,67.34922790527344,58.18653106689453,1.5384567975997925
2016-09-09,23.604684829711918,50.006595611572266,39.07749176025391,38.00699996948242,51.47937774658203,90.5259017944336,75.92853546142578,66.16766357421875,56.74250411987305,1.4618287086486816
2016-09-12,24.1334171295166,50.75389862060547,39.58995056152344,38.574501037597656,51.79605102539063,91.23796081542967,77.4596176147461,67.7098617553711,57.03653335571289,1.492038011550903
2016-09-13,24.70790672302246,50.29128646850586,39.08938217163086,38.05049896240234,51.38669967651367,90.05119323730469,76.45133972167969,66.78914642333984,55.67743682861328,1.4704251289367676
2016-09-14,25.582239151000977,50.05107879638672,39.17561721801758,38.054500579833984,51.28628540039063,90.2426300048828,76.07792663574219,66.75845336914062,55.27886199951172,1.483441948890686
2016-09-15,26.451997756958008,50.87844467163086,39.70939254760742,38.484500885009766,51.47164916992188,90.83219909667967,76.56340026855469,67.5640640258789,55.59249877929688,1.539684772491455
2016-09-16,26.3032169342041,50.93181991577149,39.54781723022461,38.92599868774414,50.83829116821289,90.5412368774414,76.61939239501953,67.55638122558594,54.90639877319336,1.543368935585022
2016-09-19,25.99651527404785,50.64715194702149,39.41995620727539,38.755001068115234,51.12407684326172,90.0894775390625,77.03018951416016,67.80191802978516,54.775726318359375,1.563753962516785
2016-09-20,25.99422645568848,50.54038619995117,39.63752746582031,39.01100158691406,51.33263397216797,90.3115234375,77.00216674804688,67.96302032470703,53.932838439941406,1.5495086908340454
2016-09-21,25.98965072631836,51.38554000854492,39.89772033691406,39.48699951171875,51.62613296508789,91.04654693603516,77.69303131103516,67.36456298828125,54.42941284179688,1.5929808616638184
2016-09-22,26.234554290771484,51.43892288208008,40.43891906738281,40.23500061035156,52.05096054077149,91.46768188476562,77.82373809814453,68.27759552001953,54.586238861083984,1.5969102382659912
2016-09-23,25.79738998413086,51.09196472167969,40.38986206054688,40.28749847412109,51.94280242919922,90.96998596191406,77.05818939208984,67.33386993408203,54.52742767333984,1.5951911211013794
2016-09-26,25.8362979888916,50.62045669555664,39.779762268066406,39.95800018310547,50.807403564453125,90.18132781982422,76.37667846679688,67.40296173095703,54.27259063720703,1.580209255218506
2016-09-27,25.88436317443848,51.5545768737793,40.18021774291992,40.80550003051758,51.25537490844727,91.28392028808594,76.70339965820312,67.79424285888672,54.39018249511719,1.634242296218872
2016-09-28,26.081199645996094,51.625755310058594,40.147010803222656,41.43600082397461,51.52569961547852,91.41407012939452,77.4596176147461,68.63823699951172,56.78171157836914,1.64013671875
2016-09-29,25.676071166992188,51.06527328491211,39.77927017211914,41.45249938964844,50.70700454711914,89.79084777832031,76.47937774658203,67.69451141357422,56.49421691894531,1.655364155769348
2016-09-30,25.875207901000977,51.24319839477539,39.849639892578125,41.865501403808594,51.43302917480469,90.44930267333984,77.20755004882812,68.8607177734375,57.02999114990234,1.6828715801239014
2016-10-03,25.75389862060547,51.08305358886719,39.667259216308594,41.83700180053711,51.37124252319336,90.96998596191406,77.35690307617188,68.02442932128906,56.87970733642578,1.6811518669128418
2016-10-04,25.863767623901367,50.92293930053711,39.78669738769531,41.70149993896485,51.814697265625,90.9776382446289,77.23555755615234,67.78656005859375,56.35697937011719,1.677468180656433
2016-10-05,25.875207901000977,51.27878189086914,39.70939254760742,42.21799850463867,52.662715911865234,91.2533187866211,77.81439208984375,68.17018127441406,56.8470344543457,1.6757490634918213
2016-10-06,26.067466735839844,51.36775588989258,39.80107116699219,42.08300018310547,52.80276107788086,90.92406463623048,77.82373809814453,68.4540786743164,56.87318801879883,1.6538900136947632
2016-10-07,26.106386184692383,51.42112350463867,39.6836166381836,41.97150039672852,52.98947143554688,91.29922485351562,77.37562561035156,69.0525131225586,56.67715072631836,1.6418558359146118
2016-10-10,26.561861038208008,51.63463592529297,40.3506965637207,42.08549880981445,53.40181350708008,91.72801971435548,77.59969329833984,68.33129119873047,57.78796005249024,1.6479957103729248
2016-10-11,26.61907768249512,50.87844467163086,40.12272262573242,41.54999923706055,53.14506912231445,90.07415771484376,76.59140014648438,67.93232727050781,57.33056640625,1.624172568321228
2016-10-12,26.857112884521484,50.807273864746094,40.23175048828125,41.704498291015625,53.00503158569336,90.32683563232422,76.7874526977539,67.95537567138672,56.93198776245117,1.6315405368804932
2016-10-13,26.77471923828125,50.63823699951172,39.85063171386719,41.4640007019043,52.701622009277344,90.54886627197266,76.43267059326172,67.70217895507812,56.55954360961914,1.6050156354904177
2016-10-14,26.92348861694336,51.08305358886719,39.87639999389648,41.14799880981445,52.53046417236328,90.01289367675781,76.97417449951172,67.84796905517578,56.546485900878906,1.6207342147827148
2016-10-17,26.905179977416992,50.9051399230957,39.987422943115234,40.647499084472656,52.25815963745117,90.72496032714844,76.69407653808594,67.3875961303711,56.546485900878906,1.6114007234573364
2016-10-18,26.886873245239254,51.29657745361328,40.71348571777344,40.88249969482422,52.67049789428711,88.36669921875,76.16193389892578,67.09605407714844,56.696754455566406,1.6359612941741943
2016-10-19,26.8067569732666,51.180938720703125,40.97863006591797,40.884498596191406,53.17618560791016,87.73883819580078,77.31025695800781,66.13729858398438,56.95812225341797,1.6325229406356812
2016-10-20,26.793031692504883,50.93181991577149,40.72042465209961,40.51599884033203,53.10617065429688,87.9532241821289,77.02083587646484,65.66566467285156,56.9842529296875,1.663468837738037
2016-10-21,26.68774032592773,53.07585144042969,40.84085464477539,40.949501037597656,53.285118103027344,86.85832214355469,76.88080596923828,65.20175170898438,56.598731994628906,1.658802509307861
2016-10-24,26.92807006835937,54.267974853515625,41.41972351074219,41.90449905395508,53.58075714111328,86.98848724365234,77.64631652832031,65.02394104003906,56.78822708129883,1.7366584539413452
2016-10-25,27.065399169921875,54.25906753540039,41.063385009765625,41.75899887084961,53.52629470825195,87.25646209716797,76.5820541381836,67.24296569824219,56.6640853881836,1.7651482820510864
2016-10-26,26.45657539367676,53.93879699707031,40.74371337890625,41.12950134277344,53.78303146362305,87.71586608886719,76.32064056396484,67.57540130615234,56.90584945678711,1.7722707986831665
2016-10-27,26.2025146484375,53.46729278564453,40.50830459594727,40.917999267578125,53.860836029052734,88.58873748779297,76.47937774658203,66.94141387939453,56.79476547241211,1.7359215021133425
2016-10-28,26.028562545776367,53.26267623901367,40.61783599853516,38.81600189208984,53.76746368408203,88.30543518066406,76.75942993164062,67.14244079589844,55.39646530151367,1.732974886894226
2016-10-31,25.987361907958984,53.307159423828125,40.13907241821289,39.49100112915039,53.88417816162109,88.8107681274414,77.03018951416016,67.11149597167969,54.442474365234375,1.7477108240127563
2016-11-01,25.51815223693848,53.20040130615234,39.92001724243164,39.27050018310547,53.6585578918457,88.31310272216797,76.19925689697266,67.15016174316406,54.65810394287109,1.6958881616592407
2016-11-02,25.54104423522949,52.8712272644043,39.07452392578125,38.27799987792969,53.43293762207031,87.94554901123047,75.22835540771484,67.06511688232422,54.52742767333984,1.6887658834457395
2016-11-03,25.26726531982422,52.67552947998047,38.7657585144043,38.35150146484375,53.19954681396485,88.07575225830078,75.29369354248047,66.95686340332031,54.66465377807617,1.6691176891326904
2016-11-04,25.039506912231445,52.2307014465332,38.71173477172852,37.75249862670898,52.71717834472656,88.13700103759766,75.02296447753906,65.78163146972656,54.60585021972656,1.6595391035079956
2016-11-07,25.40070533752441,53.75197982788086,39.74904251098633,39.24649810791016,54.36653137207031,89.32380676269531,77.03018951416016,66.92595672607422,55.83423614501953,1.7504123449325562
2016-11-08,25.550235748291016,53.79646301269531,40.24216079711914,39.38750076293945,54.48323440551758,89.6224136352539,77.37562561035156,67.62178039550781,56.23637390136719,1.7477108240127563
2016-11-09,25.50883102416992,53.52956771850586,39.925479888916016,38.59400177001953,56.988380432128906,92.1185073852539,77.71170806884766,66.43885040283203,56.85600662231445,1.718238115310669
2016-11-10,24.79795837402344,52.221797943115234,38.67158889770508,37.11899948120117,59.63359069824219,91.52893829345705,76.43267059326172,64.14252471923828,57.38337326049805,1.6644513607025146
2016-11-11,24.9451961517334,52.50648880004883,38.248348236083984,36.95050048828125,59.66470336914063,90.7096710205078,76.44202423095703,64.62187957763672,56.47367858886719,2.1605687141418457
2016-11-14,24.31943130493164,51.705814361572266,37.32998275756836,35.95349884033203,61.85866928100586,89.27786254882812,73.17445373535156,64.17344665527344,56.216590881347656,2.054222583770752
2016-11-15,24.64151382446289,52.726844787597656,38.41734313964844,37.1619987487793,61.74193954467773,89.06346130371094,73.35182189941406,64.65280151367188,57.231746673583984,2.1168525218963623
2016-11-16,25.304079055786133,53.42546463012695,38.65622329711914,37.324501037597656,60.21706771850586,89.0940933227539,74.91888427734375,64.32035827636719,56.52640151977539,2.250459671020508
2016-11-17,25.29487609863281,54.31214141845703,38.9625129699707,37.81999969482422,60.69945907592773,89.2548828125,75.8450927734375,64.22759246826172,56.18363571166992,2.269125938415528
2016-11-18,25.32018280029297,54.05241012573242,38.457481384277344,38.007999420166016,60.45824813842773,88.93878173828125,75.61119079589844,63.40026473999024,56.216590881347656,2.2929494380950928
2016-11-21,25.70438575744629,54.50919723510742,38.895111083984375,39.0,60.722774505615234,88.6612319946289,76.42512512207031,63.89507675170898,57.01422500610352,2.2836155891418457
2016-11-22,25.72048759460449,54.74205780029297,38.90502166748047,39.26649856567383,61.09622573852539,86.9188461303711,74.778564453125,63.98787689208984,57.13947677612305,2.300072193145752
2016-11-23,25.58935546875,54.09720993041992,38.60766220092773,39.00600051879883,61.352970123291016,87.17327117919922,74.44175720214844,63.92603302001953,57.29767608642578,2.311387300491333
2016-11-25,25.718185424804688,54.213623046875,38.66861724853516,39.01850128173828,61.32961654663086,87.99048614501953,74.96566009521484,64.52910614013672,57.42952728271485,2.316059112548828
2016-11-28,25.66757202148437,54.28527069091797,38.94417190551758,38.3385009765625,60.93284606933594,87.21951293945312,73.98332214355469,64.22759246826172,57.00102615356445,2.314831018447876
2016-11-29,25.64226722717285,54.71519088745117,39.12506866455078,38.1259994506836,61.39965438842773,86.71841430664062,74.04882049560547,64.08840942382812,56.62530899047852,2.293676853179932
2016-11-30,25.426010131835938,53.97179412841797,38.453033447265625,37.52849960327149,62.37215042114258,85.80865478515625,72.33676147460938,63.75593566894531,57.54819107055664,2.267850160598755
2016-12-01,25.18905258178711,53.02240753173828,37.8806037902832,37.182498931884766,63.63249969482422,85.87032318115234,70.568603515625,63.292022705078125,57.50862503051758,2.155686616897583
2016-12-02,25.283370971679688,53.06719207763672,37.88704299926758,37.016998291015625,63.484649658203125,86.3175048828125,70.83989715576172,63.70954513549805,57.37677764892578,2.17561149597168
2016-12-05,25.101625442504883,53.935977935791016,38.56900024414063,37.96799850463867,64.77615356445312,86.30208587646484,72.32740783691406,64.16571044921875,57.66683578491211,2.2599785327911377
2016-12-06,25.29487609863281,53.69415664672852,38.467891693115234,38.23600006103516,65.11070251464844,86.39457702636719,72.14031982421875,64.1038589477539,57.71955490112305,2.297119379043579
2016-12-07,25.5433406829834,54.96596908569336,39.225685119628906,38.52099990844727,65.40634155273438,85.65447235107422,74.19849395751953,65.08577728271484,58.055763244628906,2.338443756103516
2016-12-08,25.794103622436523,54.64353942871094,39.40904998779297,38.36650085449219,66.22325134277344,85.56964874267578,74.17042541503906,64.56002807617188,58.22054290771485,2.2993342876434326
2016-12-09,26.21510505676269,55.50335311889648,40.11677932739258,38.43299865722656,66.51106262207031,86.54878997802734,74.03948974609375,65.23268127441406,58.66880798339844,2.258502721786499
2016-12-12,26.06557273864746,55.6825065612793,40.03995513916016,38.00600051879883,65.91980743408203,88.93878173828125,73.44070434570312,65.8203125,59.97404098510742,2.203651189804077
2016-12-13,26.50038146972656,56.407962799072266,40.4086799621582,38.71699905395508,65.94315338134766,89.34738159179688,74.0956039428711,65.85897064208984,61.028751373291016,2.242514371871948
2016-12-14,26.50038146972656,56.1392822265625,40.53506851196289,38.44100189208984,65.91980743408203,88.65353393554688,74.03012084960938,65.23268127441406,59.71035385131836,2.372386693954468
2016-12-15,26.64532470703125,56.04970932006836,40.42405319213867,38.04999923706055,66.90786743164062,89.34738159179688,74.37625885009766,65.47236633300781,59.9146842956543,2.4279770851135254
2016-12-16,26.67982482910156,55.798919677734375,40.1361083984375,37.88850021362305,66.08320617675781,89.33967590332031,73.30037689208984,65.47236633300781,60.10588836669922,2.4697916507720947
2016-12-19,26.833959579467773,56.98118591308594,40.26793670654297,38.29999923706055,66.46439361572266,89.44763946533203,73.0665054321289,65.49557495117188,59.60488128662109,2.499799966812134
2016-12-20,26.905282974243164,56.90952682495117,40.40174865722656,38.56100082397461,67.32020568847656,89.1700439453125,73.30970764160156,65.38732147216797,59.61148071289063,2.5868725776672363
2016-12-21,26.93058967590332,56.90952682495117,40.2530632019043,38.52999877929688,67.49136352539062,88.90021514892578,73.10391998291016,65.16310119628906,59.51259613037109,2.6031081676483154
2016-12-22,26.753448486328125,56.91849136352539,40.128173828125,38.31700134277344,67.60030364990234,89.00047302246094,72.87938690185547,65.31002044677734,59.90153503417969,2.634591817855835
2016-12-23,26.806360244750977,56.64083862304688,40.035003662109375,38.02949905395508,67.72478485107422,89.40137481689453,73.11328125,65.68885803222656,59.79605484008789,2.700265884399414
2016-12-27,26.976600646972656,56.67666244506836,40.14056396484375,38.56999969482422,67.78701782226562,89.36282348632812,73.30037689208984,65.4104995727539,59.82240676879883,2.885728359222412
2016-12-28,26.8615665435791,56.41691970825195,39.87492370605469,38.60649871826172,67.296875,88.73832702636719,73.25361633300781,65.00072479248047,59.52580261230469,2.687230110168457
2016-12-29,26.854671478271484,56.33632659912109,39.79116439819336,38.25749969482422,66.82228088378906,89.03902435302734,73.28166961669922,65.21722412109375,59.558738708496094,2.740850687026977
2016-12-30,26.64532470703125,55.65561294555664,39.27424621582031,37.493499755859375,67.13347625732422,88.82315063476562,72.99164581298828,65.00848388671875,59.49941253662109,2.62549090385437
2017-01-03,26.721237182617188,56.04970932006836,40.045406341552734,37.68349838256836,67.86480712890625,89.30886840820312,74.37625885009766,65.10124206542969,59.9146842956543,2.5091469287872314
2017-01-04,26.691329956054688,55.798919677734375,40.03351211547852,37.85900115966797,67.98998260498047,89.16238403320312,74.984375,65.33319091796875,59.2554931640625,2.567687749862671
2017-01-05,26.82706642150879,55.798919677734375,40.2937126159668,39.022499084472656,67.3641357421875,90.09525299072266,75.86380004882812,65.76616668701172,58.37217330932617,2.502504825592041
2017-01-06,27.126140594482425,56.28257751464844,40.897857666015625,39.79949951171875,67.37194061279297,89.66349029541016,76.91161346435547,65.74301147460938,58.33920669555664,2.535956859588623
2017-01-09,27.374601364135746,56.10345077514648,40.9954833984375,39.84600067138672,67.41888427734375,89.64807891845703,76.48125457763672,65.25589752197266,57.37677764892578,2.638773202896118
2017-01-10,27.40220642089844,56.08553695678711,40.937496185302734,39.79499816894531,67.61446380615234,89.55554962158203,76.0696029663086,64.55230712890625,56.64506912231445,2.6188502311706543
2017-01-11,27.5494441986084,56.596038818359375,41.1283073425293,39.95100021362305,68.12297058105469,88.45307922363281,76.52803039550781,64.75332641601562,57.22515869140625,2.58662748336792
2017-01-12,27.434415817260746,56.076568603515625,41.1119499206543,40.68199920654297,67.46582794189453,88.3682632446289,76.12574005126953,64.82290649414062,56.91532897949219,2.544320106506348
2017-01-13,27.386104583740234,56.157188415527344,41.18183517456055,40.85699844360352,67.82569885253906,88.35284423828125,75.93862915039062,64.95436096191406,56.92193603515625,2.544074296951294
2017-01-17,27.606956481933597,56.00492477416992,41.00936126708984,40.48600006103516,65.36146545410156,88.56102752685547,76.02285766601562,65.88214874267578,57.58772277832031,2.4870095252990723
2017-01-18,27.60465812683105,55.97806930541992,41.08667755126953,40.374000549316406,65.66654205322266,88.42991638183594,76.33155822753906,66.18607330322266,56.87578201293945,2.532268524169922
2017-01-19,27.556346893310547,55.798919677734375,40.85621643066406,40.45199966430664,65.16586303710938,88.04444122314453,76.46253967285156,66.00684356689453,55.8540267944336,2.58662748336792
2017-01-20,27.606956481933597,56.19300842285156,41.044551849365234,40.416500091552734,65.4552993774414,88.00592803955078,76.5654525756836,68.14994049072266,56.61871719360352,2.5583417415618896
2017-01-23,27.625362396240234,56.39006423950195,41.85040283203125,40.89400100708008,65.48661041259766,87.82087707519531,76.85547637939453,67.76805877685547,56.01222610473633,2.5849056243896484
2017-01-24,27.600059509277344,56.8916244506836,42.10316467285156,41.12200164794922,66.2767333984375,86.16329956054688,77.86585998535156,68.4694595336914,56.09135818481445,2.6400034427642822
2017-01-25,28.03947257995605,57.03492736816406,42.54524230957031,41.82600021362305,67.30155181884766,86.96510314941406,78.49271392822266,67.92390441894531,56.25613021850586,2.651318073272705
2017-01-26,28.053272247314453,57.56336212158203,42.472389221191406,41.95750045776367,67.86479187011719,86.2249755859375,77.87522888183594,67.48750305175781,56.42755126953125,2.697068452835083
2017-01-27,28.055574417114254,58.91577911376953,41.8801383972168,41.78850173950195,68.0056381225586,87.41227722167969,78.37109375,67.58104705810547,56.36820602416992,2.749214172363281
2017-01-30,27.981952667236328,58.3336181640625,40.82946014404297,41.51900100708008,67.30155181884766,87.21951293945312,78.30558013916016,67.60442352294922,55.939720153808594,2.706169605255127
2017-01-31,27.917539596557617,57.9036979675293,40.6490592956543,41.17399978637695,66.20633697509766,87.31204223632812,77.37940979003906,68.26680755615234,55.30029678344727,2.685507774353028
2017-02-01,29.619966506958008,56.94536209106445,40.40373229980469,41.61750030517578,66.45665740966797,87.29661560058594,77.12677764892578,68.05643463134766,54.67405319213867,2.8028364181518555
2017-02-02,29.569351196289062,56.5781364440918,40.55339813232422,41.997501373291016,66.17503356933594,87.55876159667969,76.99579620361328,68.39151000976562,55.0102424621582,2.8382551670074463
2017-02-03,29.695884704589844,57.03492736816406,40.64608001708984,40.5099983215332,68.20121002197266,87.61273193359375,80.5322036743164,68.11875915527344,55.069580078125,2.8134124279022217
2017-02-06,29.9742488861084,56.99909591674805,40.71992874145508,40.38199996948242,67.88043975830078,87.42769622802734,80.29833221435547,68.11095428466797,54.91795349121094,2.8854825496673584
2017-02-07,30.259531021118164,56.81101608276367,41.09708404541016,40.625,67.84134674072266,87.48936462402344,80.25153350830078,68.58633422851562,54.56199645996094,2.930248975753784
2017-02-08,30.376853942871094,56.73040008544922,41.12929916381836,40.98550033569336,67.24678039550781,87.42769622802734,79.60601043701172,68.8357162475586,54.202781677246094,2.9174585342407227
2017-02-09,30.596364974975582,57.37526321411133,41.138214111328125,41.06800079345703,68.21684265136719,87.95195007324219,80.0644302368164,69.10067749023438,54.44226837158203,2.86260724067688
2017-02-10,30.52704620361328,57.3215217590332,41.3756103515625,41.37300109863281,68.06037902832031,88.84626007080078,80.36380767822266,68.5551986694336,54.89461517333984,2.7947185039520264
2017-02-13,30.7973747253418,57.966407775878906,41.57931137084961,41.82649993896485,68.96003723144531,89.33967590332031,80.86898803710938,68.82011413574219,55.213905334472656,2.665830612182617
2017-02-14,31.19711685180664,58.18265914916992,41.6323356628418,41.81949996948242,70.06306457519531,89.70975494384766,81.2525634765625,68.4694595336914,55.09419250488281,2.675668716430664
2017-02-15,31.310317993164062,58.14662170410156,41.49802780151367,42.1349983215332,70.86885833740234,90.35736846923828,82.05399322509766,71.00995635986328,55.32036590576172,2.6810805797576904
2017-02-16,31.273357391357425,58.13759231567383,41.738399505615234,42.20700073242188,70.82191467285156,91.03582000732422,81.93214416503906,70.75279998779297,54.748268127441406,2.638035297393799
2017-02-17,31.35884094238281,58.22770309448242,41.95547103881836,42.25350189208984,70.5872573852539,91.6371612548828,81.97898864746094,70.98655700683594,54.38903427124024,2.6375434398651123
2017-02-21,31.585281372070312,58.11056518554688,42.09027862548828,42.821998596191406,71.1974105834961,92.2539291381836,82.4101791381836,71.43859100341797,54.47551727294922,2.7319960594177246
2017-02-22,31.680015563964844,57.99342346191406,42.19385528564453,42.78049850463867,71.2365493774414,92.14598846435548,82.29771423339844,71.25933837890625,53.8369026184082,2.7278101444244385
2017-02-23,31.54600715637207,58.22770309448242,42.1760139465332,42.609500885009766,71.29127502441406,93.82672119140624,82.65388488769531,71.01776885986328,54.40235137939453,2.4748787879943848
2017-02-24,31.576032638549805,58.22770309448242,42.01791763305664,42.262001037597656,70.66545867919922,95.2469253540039,82.88819885253906,70.95542907714844,53.93668746948242,2.4987680912017822
2017-02-27,31.63842010498047,57.87629318237305,42.11009979248047,42.43199920654297,70.74369049072266,94.9908218383789,82.48517608642578,70.83071899414062,54.24271011352539,2.5714213848114014
2017-02-28,31.65228080749512,57.65102005004883,41.87517929077149,42.25199890136719,70.892333984375,94.8433609008789,82.42889404296875,70.97098541259766,54.09634017944336,2.4992611408233643
2017-03-01,32.29924011230469,58.51605987548828,42.46099090576172,42.65399932861328,73.22358703613281,96.1238784790039,83.41311645507812,71.4307632446289,55.22723007202149,2.5315232276916504
2017-03-02,32.10746765136719,57.67805099487305,42.1190185546875,42.445499420166016,72.0814208984375,95.9453582763672,82.98193359375,70.84635162353516,55.41349411010742,2.438183307647705
2017-03-03,32.29693603515625,57.89430618286133,42.08086395263672,42.49399948120117,72.59773254394531,96.0695571899414,83.22565460205078,70.52679443359375,54.85470962524414,2.424144506454468
2017-03-06,32.19525909423828,57.912330627441406,41.99114990234375,42.33050155639648,71.90934753417969,96.0074691772461,83.36625671386719,70.42548370361328,55.1008186340332,2.4054272174835205
2017-03-07,32.23685836791992,58.02947616577149,42.18345642089844,42.30099868774414,71.51034545898438,96.10061645507812,83.47869873046875,70.3631591796875,54.89461517333984,2.431779384613037
2017-03-08,32.11669921875,58.56110382080078,42.30685806274414,42.525001525878906,71.35387420654297,96.31014251708984,83.3849868774414,70.24622344970703,53.903411865234375,2.4273464679718018
2017-03-09,32.042762756347656,58.32683181762695,42.5150146484375,42.650001525878906,71.6355209350586,97.74586486816406,83.52559661865234,70.40210723876953,54.32918167114258,2.4268548488616943
2017-03-10,32.14905548095703,58.507057189941406,42.69194030761719,42.62300109863281,71.40862274169922,97.94762420654295,84.10674285888672,70.97098541259766,54.28926467895508,2.44113826751709
2017-03-13,32.16291046142578,58.30880737304688,42.84904861450195,42.72949981689453,71.47122192382812,98.3123779296875,84.46292877197266,71.15803527832031,54.162864685058594,2.508373737335205
2017-03-14,32.1143913269043,58.03848648071289,42.91496658325195,42.62649917602539,71.58856964111328,98.59954071044922,83.93802642822266,70.91646575927734,53.8768310546875,2.5066492557525635
2017-03-15,32.45404815673828,58.34486770629883,43.037872314453125,42.64849853515625,71.76068878173828,100.0818328857422,84.28484344482422,71.2281723022461,54.54868698120117,2.5256130695343018
2017-03-16,32.507198333740234,58.245723724365234,43.117671966552734,42.67100143432617,71.69026947021484,99.69378662109376,84.39730072021484,71.25933837890625,54.59526062011719,2.5566437244415283
2017-03-17,32.34543991088867,58.45298385620117,43.23512268066406,42.615501403808594,70.93927764892578,99.38337707519533,84.58477783203125,70.91646575927734,54.54868698120117,2.6123034954071045
2017-03-20,32.68510818481445,58.507057189941406,43.01408004760742,42.8484992980957,70.43077087402344,99.39115142822266,83.59119415283203,71.0879135131836,54.54868698120117,2.6955466270446777
2017-03-21,32.310791015625,57.85826110839844,42.133399963378906,42.15999984741211,68.36546325683594,98.75475311279295,82.5414047241211,71.06450653076172,54.43560791015625,2.608363151550293
2017-03-22,32.67585372924805,58.59714889526367,42.11654281616211,42.40299987792969,68.4749984741211,97.98643493652344,82.97257232666016,70.90865325927734,54.38903427124024,2.661559581756592
2017-03-23,32.560325622558594,58.45298385620117,41.61349868774414,42.36899948120117,68.36546325683594,97.70706939697266,83.291259765625,70.7372055053711,54.45556640625,2.637424230575561
2017-03-24,32.49562454223633,58.55210494995117,41.389984130859375,42.28049850463867,68.28727722167969,97.38111114501952,83.60057830810547,70.58135986328125,54.03648376464844,2.646782398223877
2017-03-27,32.55109024047852,58.66023254394531,41.55700302124024,42.34099960327149,68.24813842773438,97.62945556640624,83.3756103515625,70.51899719238281,54.04975509643555,2.6659927368164062
2017-03-28,33.22577667236328,58.83142852783203,41.66207504272461,42.79999923706055,69.31209564208984,97.52080535888672,83.53498077392578,70.72941589355469,54.44226837158203,2.652200937271118
2017-03-29,33.299705505371094,58.99361038208008,42.12001419067383,43.71599960327149,69.05391693115234,96.9465103149414,83.59119415283203,70.60472106933594,54.56198501586914,2.643582582473755
2017-03-30,33.25580596923828,59.20988464355469,42.10068130493164,43.81700134277344,69.64845275878906,96.74475860595705,83.43187713623047,70.29300689697266,55.67958831787109,2.6943154335021973
2017-03-31,33.19342803955078,59.34504318237305,42.017425537109375,44.32699966430664,68.7175064086914,96.65938568115234,83.30062866210938,70.0202407836914,54.55535507202149,2.6827399730682373
2017-04-03,33.20266342163086,59.065711975097656,42.46099090576172,44.57550048828125,68.46717834472656,96.76803588867188,83.7599105834961,69.88777923583984,54.59526062011719,2.6691951751708984
2017-04-04,33.449893951416016,59.22789764404297,42.25382995605469,45.34149932861328,68.69536590576172,96.76025390625,83.21626281738281,70.06700134277344,54.794830322265625,2.482021808624268
2017-04-05,33.27660369873047,59.0747299194336,42.07243347167969,45.4640007019043,67.81413269042969,96.85340118408205,83.45060729980469,70.11373901367188,54.901275634765625,2.463549852371216
2017-04-06,33.19342803955078,59.22789764404297,41.88361358642578,44.91400146484375,68.04231262207031,97.0474090576172,83.50688171386719,69.66956329345703,55.22057342529297,2.481528282165528
2017-04-07,33.11949157714844,59.18285751342773,41.73492431640625,44.74399948120117,67.8062515258789,96.9465103149414,83.17880249023438,69.5370864868164,55.05426788330078,2.470938444137573
2017-04-10,33.08021926879883,59.04769515991211,41.71510314941406,45.35200119018555,67.57024383544922,96.4963836669922,83.291259765625,69.73969268798828,55.300392150878906,2.407890796661377
2017-04-11,32.724388122558594,59.00264358520508,41.62490463256836,45.11800003051758,67.45221710205078,96.40328216552734,83.28190612792969,69.98128509521484,55.10747146606445,2.416510343551636
2017-04-12,32.76366424560547,58.777374267578125,41.70320892333984,44.811500549316406,67.19257354736328,97.3190460205078,83.12255859375,70.37873077392578,55.19397735595703,2.396562099456787
2017-04-13,32.59037780761719,58.52505493164063,41.639766693115234,44.23350143432617,66.4057846069336,97.00084686279295,83.30062866210938,70.16053009033203,54.34246826171875,2.351738452911377
2017-04-17,32.770591735839844,59.00264358520508,42.38069915771485,45.0994987487793,67.55451202392578,97.5673599243164,84.1817398071289,70.44107055664062,54.26930236816406,2.443847179412842
2017-04-18,32.625022888183594,58.92155075073242,42.3242073059082,45.18899917602539,67.00373077392578,94.54069519042967,84.10674285888672,70.76060485839844,53.91672897338867,2.4453256130218506
2017-04-19,32.5048828125,58.60618209838867,42.4490966796875,44.959999084472656,66.45296478271484,94.19147491455078,84.12550354003906,70.36009979248047,53.54420852661133,2.454929828643799
2017-04-20,32.91154098510742,59.02066040039063,42.62602615356445,45.10300064086914,67.31056213378906,94.57950592041016,85.43775177001953,70.14807891845703,53.89012908935547,2.493842840194702
2017-04-21,32.87226104736328,59.83164596557617,42.57002258300781,44.92649841308594,66.50016021728516,94.49413299560548,85.43775177001953,69.59050750732422,53.67725372314453,2.5041866302490234
2017-04-24,33.18879699707031,60.849857330322266,43.56024169921875,45.37049865722656,68.84485626220703,95.37108612060548,86.09387969970703,70.3208236694336,53.95665740966797,2.535464286804199
2017-04-25,33.39444351196289,61.201263427734375,44.05138397216797,45.38100051879883,69.44282531738281,95.79016876220705,86.33760833740234,70.6741943359375,54.369083404541016,2.5795488357543945
2017-04-26,33.19804382324219,61.12018203735352,44.06626129150391,45.464500427246094,69.57658386230469,95.85223388671876,86.06576538085938,68.89949798583984,54.149559020996094,2.5618162155151367
2017-04-27,33.22346115112305,61.516639709472656,44.18024063110352,45.91899871826172,68.931396484375,96.03074645996094,85.85954284667969,68.86022186279297,54.056419372558594,2.6017134189605717
2017-04-28,33.19111251831055,61.68784332275391,45.81970977783203,46.2495002746582,68.45145416259766,95.82122039794922,85.50337219238281,68.57754516601562,54.31585311889648,2.5687122344970703
2017-05-01,33.868099212646484,62.54387283325195,46.231056213378906,47.4114990234375,68.49864196777344,95.72032165527344,85.5408706665039,68.38908386230469,54.5886116027832,2.6263415813446045
2017-05-02,34.08298873901367,62.44474792480469,46.44268035888672,47.34700012207031,68.05803680419922,95.99970245361328,86.74066162109375,67.70590209960938,54.58195114135742,2.5485169887542725
2017-05-03,33.97900390625,62.24651718139648,47.00568771362305,47.05149841308594,68.45145416259766,95.71257781982422,86.64689636230469,67.87080383300781,55.01435089111328,2.567480087280273
2017-05-04,33.856544494628906,62.003231048583984,47.316436767578125,46.87649917602539,68.5301284790039,96.19371795654295,86.81563568115234,67.8864974975586,54.309207916259766,2.557628870010376
2017-05-05,34.41801834106445,62.17443084716797,47.09638595581055,46.70750045776367,68.45145416259766,95.85223388671876,86.31884002685547,67.92575073242188,54.56198501586914,2.557875156402588
2017-05-08,35.35379409790039,62.12036895751953,47.51319122314453,47.45199966430664,68.5301284790039,95.65046691894533,86.15950775146484,67.96503448486328,55.1407470703125,2.5310308933258057
2017-05-09,35.58021926879883,62.21045684814453,47.4150619506836,47.64099884033203,68.25475311279297,95.6194305419922,86.23446655273438,67.8472671508789,54.754913330078125,2.535217523574829
2017-05-10,35.41155242919922,62.45376968383789,47.32238006591797,47.4474983215332,68.7897720336914,95.30901336669922,86.46881103515625,67.91790008544922,55.00337600708008,2.98714280128479
2017-05-11,35.717803955078125,61.68784332275391,47.37441635131836,47.38100051879883,68.57734680175781,95.61167907714844,86.3282241821289,67.6666259765625,55.47343826293945,3.1154556274414062
2017-05-12,36.21662902832031,61.61574172973633,47.33724594116211,48.067501068115234,68.38851928710938,95.9531707763672,86.91876220703125,67.68233489990234,55.433143615722656,3.1496894359588623
2017-05-15,36.12381362915039,61.66081619262695,47.53945541381836,47.89849853515625,68.71895599365234,98.55299377441406,87.38740539550781,67.79227447509766,55.60102844238281,3.3078012466430664
2017-05-16,36.07046508789063,62.902381896972656,47.806583404541016,48.30350112915039,68.931396484375,99.15829467773438,87.31241607666016,67.72158813476562,55.433143615722656,3.369371175765991
2017-05-17,34.85936737060547,61.1533317565918,46.69445037841797,47.23799896240234,66.30347442626953,98.30464935302734,86.16213989257812,67.7373275756836,55.05709457397461,3.145502805709839
2017-05-18,35.39066696166992,61.36176681518555,47.1072883605957,47.92449951171875,66.05958557128906,98.5374526977539,86.11520385742188,67.4310073852539,54.89593124389648,3.277263164520264
2017-05-19,35.511314392089844,61.34366989135742,47.312965393066406,47.992000579833984,66.70474243164062,98.56073760986328,86.83824157714844,67.72158813476562,55.01680374145508,3.352950096130371
2017-05-22,35.727081298828125,62.03238296508789,47.779823303222656,48.53350067138672,66.64181518554688,98.7625503540039,87.61756896972656,67.69803619384766,55.258548736572266,3.4244472980499268
2017-05-23,35.68299865722656,62.240821838378906,48.10097122192383,48.57699966430664,67.47581481933594,98.96430206298828,88.13404846191406,67.59595489501953,55.45326614379883,3.378345012664795
2017-05-24,35.576271057128906,62.32237243652344,48.450870513916016,49.01750183105469,67.43646240234375,98.9565200805664,89.02607727050781,67.92575073242188,55.258548736572266,3.416311264038086
2017-05-25,35.699249267578125,63.09267044067383,49.157108306884766,49.66899871826172,67.15321350097656,99.62838745117188,89.24205780029297,68.20849609375,54.89593124389648,3.408669233322144
2017-05-26,35.6389274597168,63.40080642700195,49.22698974609375,49.78900146484375,67.16109466552734,99.15184020996094,88.89462280273438,68.51470184326172,54.761627197265625,3.4969308376312256
2017-05-30,35.65283966064453,63.80862045288086,49.37071228027344,49.834999084472656,66.0123519897461,99.30026245117188,88.94157409667969,68.63249206542969,54.45945358276367,3.571631908416748
2017-05-31,35.44171905517578,63.29204177856445,48.92070770263672,49.73099899291992,64.63549041748047,100.19084930419922,89.42047119140625,69.17434692382812,54.05654144287109,3.558811664581299
2017-06-01,35.53915786743164,63.52769470214844,48.98018264770508,49.79750061035156,65.35145568847656,100.6048812866211,89.58008575439453,69.20574951171875,54.19084548950195,3.559058427810669
2017-06-02,36.06583023071289,65.03205108642578,49.36824035644531,50.33649826049805,65.02101135253906,101.62049102783205,90.28434753417967,69.56695556640625,53.385032653808594,3.5413074493408203
2017-06-05,35.71316909790039,65.5032958984375,49.75282669067383,50.56700134277344,65.1390380859375,101.8392105102539,90.6599349975586,69.68476867675781,53.80136489868164,3.649045467376709
2017-06-06,35.83381652832031,65.72078704833984,49.39599609375,50.150001525878906,65.27276611328125,102.20640563964844,89.94630432128906,69.73188781738281,54.533321380615234,3.632528066635132
2017-06-07,36.04724884033203,65.60297393798828,49.63488006591797,50.50350189208984,66.02023315429688,102.14388275146484,90.2279815673828,69.70832061767578,54.33187103271485,3.6764111518859854
2017-06-08,35.9590950012207,65.20421600341797,49.77265167236328,50.51350021362305,66.83853149414062,101.98764038085938,90.2279815673828,68.98588562011719,54.137115478515625,3.943168878555298
2017-06-09,34.56472396850586,63.72705841064453,48.07966613769531,48.91550064086914,68.41999053955078,102.75325012207033,88.79133605957031,69.22928619384766,55.15110397338867,3.6882457733154297
2017-06-12,33.738765716552734,63.2376823425293,47.66781997680664,48.24549865722656,68.43569946289062,102.97979736328124,87.79600524902344,69.29214477539062,55.68830490112305,3.697367429733277
2017-06-13,34.010223388671875,64.02611541748047,48.0984992980957,49.03950119018555,68.66387176513672,103.13605499267578,89.27960968017578,69.1507797241211,55.708457946777344,3.732622385025024
2017-06-14,33.67845916748047,63.681739807128906,47.97113037109375,48.82350158691406,68.5222396850586,103.7219696044922,89.50497436523438,69.44918823242188,55.11081314086914,3.740511894226074
2017-06-15,33.476585388183594,63.34644317626953,47.5870361328125,48.20849990844727,68.11312866210938,103.9328842163086,88.4251480102539,70.18732452392578,55.23841094970703,3.756537914276123
2017-06-16,33.007938385009766,63.437042236328125,47.50972366333008,49.385501861572266,67.8062515258789,104.95626831054688,88.4251480102539,70.40721130371094,56.06435012817383,3.738046646118164
2017-06-19,33.95222091674805,64.22550201416016,48.332427978515625,49.75849914550781,69.2933349609375,104.737548828125,89.0073013305664,70.56425476074219,55.57415008544922,3.878575086593628
2017-06-20,33.64365005493164,63.355499267578125,48.02366638183594,49.62950134277344,68.8605728149414,104.85470581054688,88.62232208251953,70.3836669921875,55.27197647094727,3.872904062271118
2017-06-21,33.843170166015625,63.681739807128906,48.49944305419922,50.11149978637695,68.54588317871094,105.39376831054688,88.77255249023438,70.20305633544922,54.68775177001953,3.9315807819366455
2017-06-22,33.787498474121094,63.67268371582031,48.40180969238281,50.06499862670898,68.46717834472656,106.28435516357422,88.21855163574219,69.9124984741211,54.44602584838867,3.904461145401001
2017-06-23,33.93830871582031,64.53360748291016,48.87114715576172,50.1870002746582,68.34130096435547,106.58119201660156,89.74911499023438,70.21874237060547,54.80191802978516,3.792532205581665
2017-06-26,33.83156204223633,63.91737747192383,48.17730331420898,49.69900131225586,68.6402816772461,106.51087951660156,89.41108703613281,70.171630859375,54.55346298217773,3.7511138916015625
2017-06-27,33.34667205810547,62.72112274169922,46.98784255981445,48.8390007019043,69.277587890625,105.47184753417967,89.11060333251953,69.58267974853516,54.466156005859375,3.613790273666382
2017-06-28,33.833892822265625,63.25579833984375,47.62816619873047,49.51649856567383,70.67019653320312,104.54222106933594,90.35945129394533,69.39421844482422,54.74819946289063,3.7412517070770255
2017-06-29,33.33507537841797,62.068626403808594,46.47886276245117,48.79650115966797,71.71665954589844,103.62041473388672,88.6598892211914,68.31053924560547,54.19084548950195,3.616256237030029
2017-06-30,33.41394805908203,62.46737289428711,46.07543563842773,48.400001525878906,71.91336822509766,103.3469696044922,88.05889129638672,68.43619537353516,54.21098709106445,3.5639898777008057
2017-07-03,33.293312072753906,61.77863693237305,45.56893157958984,47.68299865722656,73.37692260742188,103.82349395751952,87.65514373779297,68.89949798583984,55.13095474243164,3.4350478649139404
2017-07-05,33.430198669433594,62.60332107543945,46.20330810546875,48.56999969482422,74.1126937866211,104.40157318115234,88.27490234375,68.84452056884766,54.29158401489258,3.5267622470855717
2017-07-06,33.11467742919922,62.14110565185547,45.976810455322266,48.25699996948242,73.8753433227539,103.52667236328124,87.56126403808594,68.60894775390625,53.80136489868164,3.537363290786743
2017-07-07,33.45108413696289,62.94768524169922,46.62704849243164,48.9379997253418,74.24717712402344,103.54224395751952,88.1904067993164,68.82884216308594,53.86852645874024,3.61822772026062
2017-07-10,33.65523147583008,63.41893768310547,47.1320686340332,49.82350158691406,73.72504425048828,102.7688980102539,89.28900909423828,68.38908386230469,53.82823944091797,3.789326906204224
2017-07-11,33.76429748535156,63.4279899597168,47.2574577331543,49.70650100708008,73.44022369384766,102.51887512207033,89.5895004272461,68.13777160644531,54.12370681762695,3.843072414398194
2017-07-12,33.813011169433594,64.47923278808594,47.9577522277832,50.32550048828125,73.18706512451172,103.30007934570312,90.3125457763672,68.2869873046875,54.36542892456055,4.006528854370117
2017-07-13,34.28399658203125,65.04109954833984,48.016727447509766,50.03150177001953,73.6538314819336,103.01103973388672,90.087158203125,68.08281707763672,54.37215042114258,3.960178852081299
2017-07-14,34.57863235473633,65.95640563964844,48.41618347167969,50.09049987792969,72.98136138916016,103.58914184570312,91.01673889160156,68.39693450927734,54.58031845092773,4.066685199737549
2017-07-17,34.69928359985352,66.47296142578125,48.36909866333008,50.50199890136719,72.30101776123047,103.23760223388672,90.9228286743164,68.75028991699219,54.29829025268555,4.049426555633545
2017-07-18,34.8199348449707,66.42768859863281,48.91376876831055,51.22249984741211,72.0478744506836,105.04222106933594,91.6270980834961,69.60623931884766,54.12370681762695,4.091585159301758
2017-07-19,35.038021087646484,66.9351806640625,49.20221328735352,51.34349822998047,72.15070343017578,105.62813568115234,92.25621032714844,69.92282104492188,54.29158401489258,4.070382595062256
2017-07-20,34.880252838134766,67.26141357421875,49.1734733581543,51.435001373291016,72.15070343017578,106.69053649902344,92.12477111816406,70.12068176269531,54.29829025268555,4.129551410675049
2017-07-21,34.8640251159668,66.87171936035156,49.25524520874024,51.28350067138672,71.9054183959961,105.70623779296876,93.52386474609376,70.12858581542969,53.80136489868164,4.144345760345459
2017-07-24,35.28627395629883,66.69954681396484,49.47677230834961,51.9474983215332,72.21398162841797,103.90943145751952,94.24690246582033,69.78826141357422,53.63348007202149,4.09627103805542
2017-07-25,35.43708801269531,67.23421478271484,48.0256462097168,51.993499755859375,73.41648864746094,103.0266571044922,93.89006042480467,70.54803466796875,53.902099609375,4.076546669006348
2017-07-26,35.6041259765625,67.10733032226562,47.84128189086914,52.63999938964844,72.72821044921875,102.30014038085938,94.6976318359375,70.6746597290039,53.96925735473633,4.123636245727539
2017-07-27,34.931297302246094,66.30078125,47.2069091796875,52.29999923706055,72.42758178710938,102.20640563964844,93.49571228027344,71.76685333251953,54.27812957763672,3.9875452518463135
2017-07-28,34.68537902832031,66.1920394897461,47.49534606933594,51.00199890136719,72.21398162841797,103.00321197509766,93.101318359375,71.39486694335938,53.45217514038086,4.052878379821777
2017-07-31,34.5067138671875,65.88390350341797,46.8594856262207,49.38899993896485,72.62538146972656,103.6828842163086,93.48629760742188,71.87764739990234,53.74763870239258,4.006528854370117
2017-08-01,34.81296920776367,65.7751693725586,46.912017822265625,49.80950164794922,73.59848022460938,103.51885223388672,94.7164077758789,72.0992431640625,53.83493423461914,4.055342674255371
2017-08-02,36.45790863037109,65.48515319824219,46.96554183959961,49.79449844360352,73.66175079345703,103.24542236328124,95.10140228271484,72.0517578125,54.12370681762695,4.052878379821777
2017-08-03,36.093658447265625,65.38549041748047,46.60177230834961,49.34600067138672,73.17916870117188,104.175048828125,94.4534683227539,71.90931701660156,54.0498161315918,4.10440731048584
2017-08-04,36.283912658691406,65.86579895019531,46.87385940551758,49.37900161743164,74.09687805175781,104.04222869873048,94.73517608642578,71.7589340209961,53.86178588867188,4.122403144836426
2017-08-07,36.84536743164063,65.612060546875,46.87187576293945,49.61349868774414,74.38168334960938,103.79226684570312,95.2985610961914,72.36832427978516,53.82823944091797,4.249124526977539
2017-08-08,37.1400260925293,65.96549224853516,46.794559478759766,49.492000579833984,74.1126937866211,103.3313446044922,95.10140228271484,72.47914123535156,53.69395065307617,4.198584079742432
2017-08-09,37.36738586425781,65.67549133300781,46.59086608886719,49.10049819946289,73.9940185546875,104.0813217163086,94.810302734375,72.74822998046875,53.86178588867188,4.243208885192871
2017-08-10,36.17716979980469,64.71485900878906,45.77361679077149,47.84600067138672,72.93391418457031,103.97193145751952,93.42058563232422,72.60575103759766,53.54314804077149,4.061509132385254
2017-08-11,36.68028259277344,65.70268249511719,46.09575271606445,48.39950180053711,72.32475280761719,103.97976684570312,93.98394775390624,72.28917694091797,53.02784729003906,3.845046043395996
2017-08-14,37.23230743408203,66.69048309326172,46.53387069702149,49.165000915527344,73.17124938964844,104.2766342163086,95.6553726196289,72.53453063964844,53.04141998291016,4.151740550994873
2017-08-15,37.639915466308594,66.70870971679688,46.49174880981445,49.137001037597656,73.36112213134766,104.19850158691406,96.3690185546875,72.96981048583984,52.91260528564453,4.116733074188232
2017-08-16,37.488502502441406,67.10044860839844,46.79853057861328,48.90900039672852,72.85479736328125,104.8156509399414,97.1731414794922,73.15977478027344,52.52610778808594,4.07161808013916
2017-08-17,36.76879501342773,65.96163177490234,45.9753303527832,48.02849960327149,71.715576171875,103.9328842163086,96.0821533203125,72.86695098876953,51.70571517944336,3.980889320373535
2017-08-18,36.68492889404297,66.04361724853516,45.901981353759766,47.92350006103516,71.7867660522461,103.6125946044922,96.41133880615234,73.18351745605469,51.96335220336914,3.98162841796875
2017-08-21,36.61739349365234,65.73385620117188,45.63880920410156,47.66450119018555,71.69976043701172,104.25315856933594,97.07911682128906,73.49215698242188,51.78705978393555,3.923691272735596
2017-08-22,37.21599578857422,66.65401458740234,46.60673141479492,48.345001220703125,72.43549346923828,105.22969818115234,97.8785400390625,73.4367446899414,52.031158447265625,4.011043071746826
2017-08-23,37.262577056884766,66.25316619873047,46.71477127075195,47.900001525878906,72.52252960205078,103.7453842163086,97.0414810180664,73.15977478027344,51.943016052246094,4.091240406036377
2017-08-24,37.09721755981445,66.22583770751953,46.43276977539063,47.622501373291016,72.40385437011719,103.8156967163086,97.07911682128906,73.02523803710938,51.75315856933594,4.076189041137695
2017-08-25,37.23463821411133,66.34427642822266,46.11608123779297,47.26300048828125,72.6965560913086,103.52482604980467,97.20137786865234,73.21516418457031,52.01760482788086,4.042134761810303
2017-08-28,37.6096305847168,66.3533935546875,45.99862289428711,47.30099868774414,72.4671401977539,103.5719757080078,97.60576629638672,73.18351745605469,51.848087310791016,4.070759296417236
2017-08-29,37.94503021240234,66.5538101196289,46.37627029418945,47.70299911499024,72.07159423828125,103.94146728515624,97.59637451171876,73.06476593017578,51.83453750610352,4.064095973968506
2017-08-30,38.047508239746094,67.42843627929688,46.76680755615234,48.37950134277344,72.23773956298828,103.04523468017578,97.55873107910156,72.7086181640625,51.59722137451172,4.088278770446777
2017-08-31,38.198917388916016,68.120849609375,47.34221267700195,49.02999877929688,71.9054183959961,104.06727600097656,97.36122131347656,73.02523803710938,51.75315856933594,4.181060314178467
2017-09-01,38.2105598449707,67.3646469116211,47.1811408996582,48.91249847412109,72.54624938964844,103.01380157470705,97.71864318847656,73.2309799194336,51.91590118408203,4.206228256225586
2017-09-05,37.751708984375,67.06399536132812,46.66025161743164,48.26350021362305,70.81370544433594,102.12537384033205,96.881591796875,73.38135528564453,52.3294792175293,4.093953609466553
2017-09-06,37.71211624145508,66.8726806640625,46.68701934814453,48.38999938964844,71.28836822509766,102.7307586669922,97.0414810180664,73.38135528564453,53.414310455322266,4.09148645401001
2017-09-07,37.56071472167969,67.72909545898438,47.077056884765625,48.9734992980957,70.03839111328125,103.9257583618164,98.3393783569336,73.57920837402344,53.58382415771485,4.110487461090088
2017-09-08,36.94813919067383,67.40113067626953,46.65678024291992,48.29499816894531,69.95136260986328,102.9744644165039,98.21710968017578,73.4763412475586,53.44143295288086,4.03917407989502
2017-09-11,37.61661529541016,68.11174011230469,46.74995803833008,48.89799880981445,71.03522491455078,104.72766876220705,99.83480072021484,74.3864517211914,53.73299026489258,4.170202732086182
2017-09-12,37.467552185058594,68.03887176513672,46.91647720336914,49.12900161743164,71.9054183959961,104.2716827392578,99.8912353515625,74.00659942626953,53.902488708496094,4.1852545738220215
2017-09-13,37.18570327758789,68.521728515625,47.10432052612305,49.97999954223633,72.11112976074219,104.13016510009766,99.5338363647461,74.03823852539062,54.0855598449707,4.204009056091309
2017-09-14,36.866607666015625,68.120849609375,46.59334564208984,49.61050033569336,71.96875762939453,105.49024963378906,99.76895904541016,74.03823852539062,54.30252456665039,4.1800737380981445
2017-09-15,37.23929214477539,68.61284637451172,46.35347366333008,49.339500427246094,72.48297119140625,105.70254516601562,99.0353775024414,73.81663513183594,54.28895568847656,4.444348812103272
2017-09-18,36.95745086669922,68.47618103027344,46.07890319824219,48.70949935913086,73.51141357421875,106.4336929321289,98.59332275390624,73.72167205810547,54.30252456665039,4.627936363220215
2017-09-19,36.97143173217773,68.73126220703125,46.43128204345703,48.49300003051758,74.31837463378906,106.3079071044922,99.1387939453125,74.52893829345703,54.390655517578125,4.623002529144287
2017-09-20,36.35187149047852,68.2757568359375,46.96058654785156,48.66049957275391,74.84053039550781,104.7355499267578,98.7249984741211,74.71095275878906,54.61439895629883,4.585742473602295
2017-09-21,35.72764205932617,67.61067199707031,46.96108627319336,48.23249816894531,75.18070983886719,103.57986450195312,99.04473114013672,73.31803894042969,54.16691207885742,4.46038818359375
2017-09-22,35.37825012207031,67.79287719726562,46.74847030639648,47.755001068115234,75.02249908447266,103.2968292236328,99.27987670898438,73.00148010253906,54.18726348876953,4.416961193084717
2017-09-25,35.066139221191406,66.7451400756836,46.30341339111328,46.98949813842773,74.46080017089844,103.12384033203124,96.89098358154295,73.38135528564453,54.90596389770508,4.219554901123047
2017-09-26,35.669395446777344,66.7451400756836,46.45952606201172,46.93000030517578,74.1285171508789,102.94302368164062,96.81574249267578,73.32596588134766,54.84493637084961,4.243242263793945
2017-09-27,35.92329025268555,67.28266906738281,47.57315826416016,47.54349899291992,75.29937744140625,102.0074691772461,97.70923614501952,71.91722106933594,55.21107864379883,4.336269378662109
2017-09-28,35.702022552490234,67.3008804321289,47.81650161743164,47.81999969482422,75.45761108398438,101.78733825683594,98.35818481445312,71.93303680419922,55.72637176513672,4.33503532409668
2017-09-29,35.89767074584961,67.8657455444336,48.25808334350586,48.067501068115234,75.5604476928711,102.21188354492188,98.9789047241211,72.00428009033203,55.5839729309082,4.411283493041992
2017-10-02,35.825462341308594,67.97509002685547,47.94832611083984,47.95949935913086,76.6126480102539,103.1631317138672,99.1670150756836,72.6294937133789,55.3466796875,4.416961193084717
2017-10-03,35.98151779174805,67.65620422363281,48.17680740356445,47.85499954223633,77.01611328125,103.85501861572266,99.30810546875,72.906494140625,55.43479919433594,4.42609167098999
2017-10-04,35.74860763549805,68.04796600341797,47.91413879394531,48.272499084472656,76.23289489746094,104.47608947753906,99.04473114013672,73.14393615722656,55.45515823364258,4.4631028175354
2017-10-05,36.193458557128906,69.21414947509766,48.82654571533203,49.04249954223633,77.2594223022461,104.71192932128906,99.91942596435548,72.83526611328125,55.6110954284668,4.460635662078857
2017-10-06,36.172508239746094,69.241455078125,49.24532699584961,49.479000091552734,77.1241455078125,104.7355499267578,100.38027954101562,73.07271575927734,55.4009017944336,4.473713874816895
2017-10-09,36.29829406738281,69.50566864013672,49.179420471191406,49.54949951171875,76.71831512451172,104.91632843017578,100.64362335205078,72.906494140625,55.61787414550781,4.574639797210693
2017-10-10,36.3122673034668,69.50566864013672,48.95589828491211,49.36000061035156,77.29125213623047,105.2701416015625,100.92577362060548,72.51077270507812,55.77381896972656,4.661990165710449
2017-10-11,36.46366882324219,69.6241226196289,49.840553283691406,49.75,77.06047058105469,107.43213653564452,101.9885482788086,72.38416290283203,56.00434875488281,4.711588382720947
2017-10-12,36.33555603027344,70.26187133789062,49.840553283691406,50.04650115966797,76.38409423828125,107.57367706298828,101.67818450927734,72.93026733398438,55.88908004760742,4.71381139755249
2017-10-13,36.5661506652832,70.59896087646484,49.95056915283203,50.14699935913086,76.28065490722656,107.25918579101562,102.19547271728516,73.63461303710938,55.87551498413086,4.80165433883667
2017-10-16,37.23929214477539,70.7447509765625,50.02392578125,50.31700134277344,77.85621643066406,107.01545715332033,101.85689544677734,73.7137451171875,56.146732330322266,4.884070873260498
2017-10-17,37.376712799072266,70.69007873535156,50.10570526123047,50.45650100708008,77.68115234375,110.68693542480467,101.14208984375,73.44466400146484,56.24843215942383,4.879630565643311
2017-10-18,37.21134567260742,70.70829772949219,50.19193649291992,49.84999847412109,77.9755859375,110.6004638671875,101.38663482666016,73.42092895507812,56.11282730102539,4.875433444976807
2017-10-19,36.33089828491211,70.98167419433594,49.65172576904297,49.33050155639648,78.07107543945312,111.6697006225586,100.65300750732422,73.03021240234375,56.09926223754883,4.880862712860107
2017-10-20,36.39380645751953,71.80158996582031,49.81180191040039,49.14550018310547,79.18514251708984,111.95267486572266,101.15151977539062,70.3670425415039,56.35013961791992,4.858654975891113
2017-10-23,36.37515640258789,71.81981658935547,48.84388732910156,48.31499862670898,79.04987335205078,112.911865234375,101.13267517089844,69.60955047607422,56.43827438354492,4.851747035980225
2017-10-24,36.591758728027344,71.84712982177734,48.99009323120117,48.79499816894531,80.30714416503906,111.35519409179688,101.96035766601562,69.35438537597656,56.59420776367188,4.902577877044678
2017-10-25,36.43104553222656,71.63758087158203,49.13729095458984,48.64550018310547,80.38672637939453,111.9212646484375,102.97607421875,69.25873565673828,56.39081573486328,4.778705596923828
2017-10-26,36.663970947265625,71.75602722167969,49.13530349731445,48.62149810791016,80.95966339111328,111.48885345458984,103.26763153076172,69.76904296875,56.59420776367188,4.828798294067383
2017-10-27,37.977638244628906,76.35693359375,51.22922897338867,55.04750061035156,80.9835433959961,111.46524810791016,103.1830062866211,69.40222930908203,56.7569580078125,4.9810471534729
2017-10-30,38.83246612548828,76.4298324584961,51.20247268676758,55.54249954223633,80.69705200195312,110.06584930419922,103.49335479736328,68.78827667236328,56.64168930053711,5.029905796051025
2017-10-31,39.37282943725586,75.78298950195312,51.19801712036133,55.26399993896485,80.0604476928711,109.60204315185548,103.43692779541016,68.84410095214844,56.51286697387695,5.103193759918213
2017-11-01,38.87206268310547,75.78298950195312,51.67181396484375,55.18399810791016,80.30714416503906,110.05013275146484,104.46208190917967,69.28262329101562,56.86542892456055,5.112815856933594
2017-11-02,39.156227111816406,76.57561492919922,51.69015121459961,54.71099853515625,80.84030151367188,110.01082611083984,104.37743377685548,68.9796371459961,56.63490676879883,5.081723690032959
2017-11-03,40.178741455078125,76.65760040283203,52.03806686401367,55.58000183105469,80.69705200195312,110.1287612915039,104.73480987548828,69.03544616699219,56.397586822509766,5.149582862854004
2017-11-06,40.58634567260742,76.95824432373047,51.67578125,56.03300094604492,80.19573211669922,109.87718200683594,105.2614974975586,68.61284637451172,56.78405380249024,5.172778129577637
2017-11-07,40.7167854309082,76.7760238647461,52.157012939453125,56.15850067138672,78.58037567138672,109.88504028320312,105.42140197753906,69.35438537597656,56.66880798339844,5.231998920440674
2017-11-08,41.04985809326172,77.04023742675781,52.44942092895508,56.64400100708008,77.69709014892578,111.10364532470705,105.7787857055664,69.83281707763672,56.59420776367188,5.1611809730529785
2017-11-09,40.96599960327149,76.61205291748047,51.925567626953125,56.45650100708008,77.68911743164062,110.3410415649414,105.46842193603516,69.99229431152344,56.9332389831543,5.066425323486328
2017-11-10,40.8304443359375,76.41163635253906,51.74863052368164,56.26750183105469,77.59363555908203,109.71995544433594,105.2238998413086,70.2952651977539,56.75532531738281,5.333416938781738
2017-11-13,40.66679763793945,76.46627807617188,51.60243225097656,56.45849990844727,77.87215423583984,109.87718200683594,104.7724380493164,70.96505737304688,56.72111129760742,5.246805667877197
2017-11-14,40.052024841308594,76.57561492919922,51.62423324584961,56.84199905395508,77.40267944335938,109.66490173339844,105.31793975830078,70.86140441894531,56.27630615234375,5.285053253173828
2017-11-15,39.52372741699219,75.98043060302734,51.36503219604492,56.33449935913086,78.13472747802734,109.35831451416016,103.69084167480467,70.35111236572266,55.57148742675781,5.181415557861328
2017-11-16,39.99592590332031,76.1818618774414,51.962738037109375,56.86449813842773,78.35755920410156,109.1774673461914,104.6000518798828,71.16436767578125,55.126686096191406,5.221636295318604
2017-11-17,39.77384185791016,75.44934844970703,51.33925628662109,56.49399948120117,78.094970703125,108.49351501464844,103.46945190429688,70.51058959960938,54.90772247314453,5.215468406677246
2017-11-20,39.734107971191406,75.56838989257812,51.2783088684082,56.31549835205078,78.7872543334961,108.4384307861328,103.59193420410156,70.38301086425781,55.11984634399414,5.282585144042969
2017-11-21,40.4727783203125,76.65802001953125,52.05343246459961,56.9744987487793,78.7236099243164,108.76077270507812,105.00518798828124,70.74181365966797,55.33883285522461,5.3311967849731445
2017-11-22,40.898231506347656,76.09947967529297,52.13371658325195,57.80799865722656,78.49283599853516,107.93528747558594,104.41160583496094,70.43083190917969,55.4962272644043,5.307243824005127
2017-11-24,40.90056228637695,76.23680114746094,52.36170196533203,59.29999923706055,78.23819732666016,108.50137329101562,105.49512481689452,70.5265121459961,55.71519088745117,5.357369422912598
2017-11-27,40.69485855102539,76.79537200927734,53.1293830871582,59.791500091552734,77.9278564453125,109.23696899414062,105.88143920898438,70.93315887451172,55.50305938720703,5.287735939025879
2017-11-28,40.45641326904297,77.72016906738281,52.69721984863281,59.68000030517578,80.65725708007812,110.7557144165039,106.80474853515624,71.28401184082031,55.88623809814453,5.203040599822998
2017-11-29,39.61723709106445,76.31005859375,51.41311264038086,58.0634994506836,82.543212890625,110.58958435058594,103.50714874267578,71.26805114746094,56.29684829711914,4.850177764892578
2017-11-30,40.17123794555664,77.0700454711914,51.35314178466797,58.837501525878906,83.17183685302734,110.20989990234376,106.07925415039062,71.75446319580078,56.99481201171875,4.956110954284668
2017-12-01,39.98423385620117,77.15247344970703,50.80302047729492,58.11750030517578,83.38671875,110.72406768798828,104.32681274414062,72.04948425292969,57.11115264892578,4.881292343139648
2017-12-04,39.69203567504883,74.24070739746094,50.1488151550293,56.6974983215332,85.10550689697266,109.95677185058594,101.2176513671875,72.88671112060547,57.18642044067383,4.609177589416504
2017-12-05,39.65463638305664,74.70767211914062,50.53192138671875,57.07849884033203,84.12676239013672,110.47886657714844,102.30115509033205,72.87873840332031,56.72111129760742,4.635846138000488
2017-12-06,39.507362365722656,75.79729461669922,51.182159423828125,57.61750030517578,83.49813842773438,111.578369140625,103.3940658569336,72.75911712646484,56.30368423461914,4.67337703704834
2017-12-07,39.57983016967773,75.53175354003906,51.76944732666016,57.98949813842773,83.25143432617188,110.74776458740234,104.95807647705078,71.8421630859375,56.48845291137695,4.740790843963623
2017-12-08,39.59151458740234,77.06092834472656,52.0078353881836,58.09999847412109,84.29389190673828,111.20659637451172,106.08868408203124,72.05744934082031,56.563724517822266,4.728443622589111
2017-12-11,40.362918853759766,78.04063415527344,52.13619613647461,58.44599914550781,84.04718780517578,111.64163208007812,105.87200927734376,71.94581604003906,56.81691360473633,4.80672025680542
2017-12-12,40.13616561889648,78.36109924316406,51.97760009765625,58.25400161743164,85.02596282958984,112.79650115966795,106.8989715576172,71.64282989501953,56.63214111328125,4.71239185333252
2017-12-13,40.26941680908203,78.15049743652344,52.107452392578125,58.20650100708008,83.95964050292969,113.02587127685548,106.75764465332033,72.46409606933594,56.87850189208984,4.597323417663574
2017-12-14,40.25773239135742,77.54618072509766,52.40877914428711,58.7130012512207,83.28325653076172,112.04502868652344,106.39016723632812,72.55980682373047,56.72792816162109,4.604483604431152
2017-12-15,40.66679763793945,79.52396392822266,53.128883361816406,58.95700073242188,84.4609603881836,112.68573760986328,107.2381362915039,73.26942443847656,56.81691360473633,4.730170726776123
2017-12-18,41.239505767822266,79.0936279296875,53.77764129638672,59.52899932861328,85.11347198486328,112.16368865966795,106.98377990722656,73.2614517211914,56.75532531738281,4.886726379394531
2017-12-19,40.80003356933594,78.59002685546875,53.51447296142578,59.36899948120117,84.75538635253906,112.14786529541016,105.6552963256836,73.10198211669922,56.41318130493164,4.84252405166626
2017-12-20,40.755645751953125,78.30619049072266,53.20621109008789,58.88100051879883,84.4609603881836,111.65746307373048,105.6364517211914,72.9823989868164,56.70743560791016,4.85956335067749
2017-12-21,40.90990447998047,78.28785705566406,53.071903228759766,58.73799896240234,85.80580139160156,111.578369140625,105.90967559814452,73.09403228759766,57.37801361083984,4.837092399597168
2017-12-22,40.90990447998047,78.29702758789062,52.9732666015625,58.417999267578125,85.5033950805664,110.83479309082033,106.17350006103516,73.46080017089844,57.46014022827149,4.821783065795898
2017-12-26,39.872032165527344,78.19630432128906,52.824100494384766,58.8380012512207,85.16121673583984,110.81106567382812,106.45614624023438,73.73985290527344,57.46698760986328,4.875364303588867
2017-12-27,39.87903594970703,78.48015594482422,52.544071197509766,59.11299896240234,85.32038116455078,111.19076538085938,107.42656707763672,73.4368896484375,57.4122428894043,4.868697643280029
2017-12-28,39.99122619628906,78.48932647705078,52.33345031738281,59.30500030517578,85.77396392822266,111.18284606933594,107.73748779296876,73.41297149658203,57.49434661865234,4.874377727508545
2017-12-29,39.55879211425781,78.32447814941406,52.20706558227539,58.4734992980957,85.09756469726562,110.51841735839844,107.42656707763672,73.2614517211914,57.23431396484375,4.778076171875
2018-01-02,40.26707458496094,78.6999282836914,53.18885803222656,59.45050048828125,85.90127563476562,110.13080596923828,107.88825988769533,72.28072357177734,58.18549346923828,4.92252779006958
2018-01-03,40.26005935668945,79.06616973876953,54.0963134765625,60.209999084472656,85.98881530761719,111.18284606933594,108.96231079101562,72.19300079345703,59.32826614379883,5.246500015258789
2018-01-04,40.44706726074219,79.76207733154297,54.306453704833984,60.47949981689453,87.22064208984375,111.1749267578125,109.36746215820312,72.70328521728516,59.41038513183594,5.274154186248779
2018-01-05,40.90757369995117,80.7509536743164,55.02657318115234,61.45700073242188,86.66072845458984,112.09249114990234,111.98670196533205,72.75115966796875,59.36246871948242,5.318849563598633
2018-01-08,40.755645751953125,80.83338165283203,55.22084426879883,62.34349822998047,86.78871154785156,112.23487854003906,112.43894958496094,73.13389587402344,59.62934875488281,5.481823921203613
2018-01-09,40.75094985961914,80.7784194946289,55.15046310424805,62.6349983215332,87.22864532470703,114.01463317871094,112.22222900390624,72.59964752197266,59.37614059448242,5.480341911315918
2018-01-10,40.74160385131836,80.41217041015625,55.01913070678711,62.71649932861328,88.18852233886719,113.8801498413086,112.09974670410156,72.13721466064453,58.90401077270508,5.523307800292969
2018-01-11,40.97303009033203,80.65023040771484,55.11379623413086,63.83399963378906,88.66046142578125,114.5287628173828,112.9100341796875,71.88204193115234,59.48566436767578,5.533184051513672
2018-01-12,41.3961296081543,82.04202270507812,56.03561782836914,65.26000213623047,90.12427520751952,115.2960433959961,113.14556121826172,71.45144653320312,59.88938522338867,5.506022930145264
2018-01-16,41.18574523925781,80.89745330810547,56.0380973815918,65.24299621582031,89.8042984008789,116.16612243652344,113.42822265625,71.93783569335938,59.513031005859375,5.435153961181641
2018-01-17,41.865989685058594,82.53649139404297,56.45440673828125,64.75,90.3802261352539,116.26106262207033,114.92628479003906,72.7192611694336,60.21782302856445,5.548988342285156
2018-01-18,41.90336608886719,82.49983215332031,56.29928588867188,64.66600036621094,90.59622192382812,116.21360778808594,115.99093627929688,72.45410919189453,59.82779693603516,5.542074203491211
2018-01-19,41.71636962890625,82.40827941894531,56.67247009277344,64.72899627685547,90.396240234375,116.56163787841795,115.60464477539062,73.1691665649414,59.63618087768555,5.682082176208496
2018-01-22,41.37508773803711,83.8824691772461,57.69639587402344,66.3655014038086,91.45208740234376,117.17861938476562,117.14038848876952,73.8280029296875,60.3889045715332,5.770483493804932
2018-01-23,41.38443374633789,84.14801788330078,58.2916145324707,68.12699890136719,91.35609436035156,112.18738555908205,117.44187927246094,71.54624938964844,60.42311477661133,5.899380207061768
2018-01-24,40.72524642944336,84.07473754882812,58.04975891113281,67.87550354003906,92.52394104003906,112.37728118896484,117.34766387939452,70.95167541503906,60.58051681518555,5.822585582733154
2018-01-25,39.99825668334961,84.541748046875,58.58749008178711,68.89749908447266,92.54796600341795,114.22027587890624,117.97892761230467,70.9758071899414,60.47103118896485,5.836165904998779
2018-01-26,40.09174728393555,86.12581634521484,58.85610961914063,70.10250091552734,93.04388427734376,114.95594024658205,119.01528930664062,70.48571014404297,60.902130126953125,6.008523941040039
2018-01-29,39.26192855834961,85.99762725830078,58.802581787109375,70.88400268554688,92.94790649414062,113.65077209472656,117.62091827392578,69.78670501708984,60.22467803955078,6.0954413414001465
2018-01-30,39.030494689941406,84.91715240478516,58.3510856628418,71.89099884033203,92.07599639892578,112.6620101928711,116.4054946899414,69.85900115966797,59.38302230834961,5.993459224700928
2018-01-31,39.13803482055664,86.99566650390625,58.59145736694336,72.54450225830078,92.52394104003906,109.30816650390624,117.04618072509766,69.36891174316406,59.73883438110352,6.069514751434326
2018-02-01,39.21984100341797,86.3089370727539,58.56023788452149,69.5,93.48382568359376,110.7557144165039,118.45000457763672,68.97521209716797,60.95003509521485,5.938641548156738
2018-02-02,37.51808547973633,84.0381088256836,55.468143463134766,71.49749755859375,91.412109375,108.9047393798828,113.9181671142578,67.68973541259766,57.84334182739258,5.766286373138428
2018-02-05,36.58071517944336,80.57698059082031,52.652618408203125,69.5,87.0286865234375,103.1383819580078,109.54647064208984,65.12673950195312,54.55189895629883,5.2768731117248535
2018-02-06,38.10950469970703,83.6261215209961,53.74493408203125,72.14199829101562,89.67634582519531,104.27742004394533,113.0325164794922,66.18727111816406,53.61439514160156,5.570223808288574
2018-02-07,37.2936897277832,82.0511703491211,52.30668258666992,70.83899688720703,90.28425598144533,103.95311737060548,112.73099517822266,65.75344848632812,52.64955139160156,5.649734973907471
2018-02-08,36.267486572265625,77.83918762207031,49.942657470703125,67.5250015258789,86.29277038574219,99.95064544677734,107.2758560180664,64.45184326171875,52.054229736328125,5.3712005615234375
2018-02-09,36.711082458496094,80.7417984008789,51.853702545166016,66.9800033569336,88.02053833007812,102.45812225341795,109.59355926513672,64.21083068847656,52.386043548583984,5.730728626251221
2018-02-12,38.18976974487305,81.61167907714844,52.26456451416016,69.3115005493164,89.38037109375,103.04346466064452,111.61925506591795,65.34368133544922,52.82848358154297,5.630720138549805
2018-02-13,38.57234191894531,82.25261688232422,52.24374008178711,70.72550201416016,89.93228149414062,102.79826354980467,111.50619506835938,65.48026275634766,52.74550247192383,5.744309902191162
2018-02-14,39.28351593017578,83.54055786132812,53.1635856628418,72.55249786376953,92.01203918457033,102.5688705444336,113.84278869628906,64.82145690917969,52.85610961914063,5.961359977722168
2018-02-15,40.60258483886719,85.24244689941406,54.08838653564453,73.08799743652344,92.39598083496094,103.8028335571289,115.40949249267578,66.21141052246094,52.683292388916016,6.0868000984191895
2018-02-16,40.47114181518555,84.6352767944336,54.29357147216797,72.43450164794922,91.73204803466795,105.321533203125,115.00366973876952,66.36402893066406,52.911399841308594,6.021115303039551
2018-02-20,40.33501434326172,85.29765319824219,54.69451141357422,73.4175033569336,91.75604248046876,103.51805877685548,115.15467071533205,65.35172271728516,52.36530303955078,6.150506496429443
2018-02-21,40.15193176269531,84.1661148071289,55.19804763793945,74.14600372314453,92.1400375366211,102.75870513916016,113.6634521484375,64.46795654296875,51.770782470703125,5.9635820388793945
2018-02-22,40.487586975097656,84.38688659667969,55.00723648071289,74.26699829101562,91.97201538085938,102.75870513916016,113.61627197265624,64.94998931884766,52.44133377075195,5.983101844787598
2018-02-23,41.19171905517578,86.53038024902344,55.90873718261719,75.0,93.83580017089844,104.4277114868164,116.02298736572266,65.11872863769531,53.595794677734375,6.076498508453369
2018-02-26,42.00615692138672,87.781494140625,56.68238830566406,76.09750366210938,95.00362396240234,105.13621520996094,117.58970642089844,65.584716796875,54.50139617919922,6.092556953430176
2018-02-27,41.87001800537109,86.65917205810547,55.384403228759766,75.5989990234375,93.87574768066406,104.81777954101562,116.4382781982422,64.70896911621094,53.57505035400391,6.0797119140625
2018-02-28,41.80664825439453,86.26361083984375,54.71085739135742,75.62249755859375,92.3879852294922,103.39282989501952,116.03238677978516,63.08602142333984,52.3583869934082,5.979396343231201
2018-03-01,41.07435607910156,85.41725158691406,53.09965133666992,74.67250061035156,90.73219299316406,101.32307434082033,113.63512420654295,63.23065185546875,51.98509216308594,5.737502098083496
2018-03-02,41.35836791992188,85.60122680664062,53.73055648803711,75.01249694824219,90.64418029785156,102.54901885986328,113.98435974121094,63.873382568359375,52.227046966552734,5.844486713409424
2018-03-05,41.50154113769531,86.14400482177734,54.25689315795898,76.18049621582031,92.03601837158205,103.32117462158205,115.0319595336914,64.50813293457031,52.72476196289063,5.822495937347412
2018-03-06,41.46631240844727,85.84962463378906,54.56119155883789,76.88200378417969,92.1160125732422,102.07137298583984,114.25804901123048,64.29118347167969,52.66254806518555,5.983346939086914
2018-03-07,41.08140182495117,86.34638214111328,55.26197814941406,77.25,91.77204895019533,102.72411346435548,115.00366973876952,63.600215911865234,51.33526611328125,5.975441932678223
2018-03-08,41.529693603515625,86.87073516845703,55.9726791381836,77.59300231933594,91.78006744384766,105.12825775146484,115.35289001464844,64.25101470947266,51.23849105834961,5.959134101867676
2018-03-09,42.24320602416992,88.81185150146484,57.53185272216797,78.94450378417969,94.41970825195312,106.5134048461914,117.51421356201172,64.50813293457031,51.542667388916016,6.061673641204834
2018-03-12,42.65161895751953,89.02342987060547,57.78411483764648,79.91950225830078,94.1157455444336,105.58201599121094,117.2593765258789,64.16263580322266,52.01274490356445,6.17113208770752
2018-03-13,42.24087142944336,86.85235595703125,56.49454879760742,79.40899658203125,92.98788452148438,106.95122528076172,116.27781677246094,64.05013275146484,51.52193069458008,6.120480060577393
2018-03-14,41.88175964355469,86.33718872070312,56.93960571289063,79.55000305175781,91.94802856445312,105.33522033691406,115.69265747070312,63.4716682434082,50.87901306152344,6.145928382873535
2018-03-15,41.93106460571289,86.64077758789062,57.024845123291016,79.11599731445312,92.18000793457033,105.92430877685548,116.4760284423828,63.20652770996094,51.44587707519531,6.160754680633545
2018-03-16,41.78318786621094,87.02714538574219,56.22246551513672,78.58399963378906,92.3399658203125,106.41786193847656,117.53309631347656,63.44758224487305,51.92979431152344,6.188920974731445
2018-03-19,41.1447868347168,85.45403289794922,54.520057678222656,77.24649810791016,91.61206817626952,103.6794204711914,116.28723907470705,63.19851303100586,51.25923156738281,5.954687118530273
2018-03-20,41.13068771362305,85.6748275756836,54.30843734741211,79.32550048828125,91.70006561279295,104.45159149169922,117.89173126220705,62.91729736328125,51.14863967895508,6.166684150695801
2018-03-21,40.19889068603516,85.0768814086914,54.2192268371582,79.09300231933594,91.78006744384766,104.4356918334961,116.29669952392578,61.896934509277344,51.87449264526367,6.141481876373291
2018-03-22,39.63088607788086,82.60220336914062,52.19468688964844,77.24600219726562,87.94855499267578,101.4026870727539,113.24817657470705,61.390769958496094,50.80989074707031,5.975688934326172
2018-03-23,38.71316909790039,80.20111846923828,50.87636566162109,74.77799987792969,85.59687042236328,99.5876235961914,110.42617797851562,60.98905563354492,50.38821029663086,5.75628137588501
2018-03-26,40.55094909667969,86.2728271484375,52.24126434326172,77.79299926757812,88.23651885986328,101.41063690185548,113.86164093017578,61.390769958496094,51.15553283691406,6.040670871734619
2018-03-27,39.51118469238281,82.3078384399414,49.904483795166016,74.85250091552734,86.52474975585938,101.26734924316406,110.80369567871094,62.49949645996094,50.94813919067383,5.572203159332275
2018-03-28,39.07463073730469,82.23422241210938,49.81725311279297,71.57099914550781,86.38876342773438,101.45836639404295,110.41673278808594,63.34312438964844,50.33290481567383,5.469170093536377
2018-03-29,39.37974548339844,83.96371459960938,51.401214599609375,72.36699676513672,87.96455383300781,102.01561737060548,112.8989486694336,63.69663238525391,51.57722473144531,5.722180843353272
2018-04-02,39.121559143066406,81.4338607788086,50.186485290527344,68.59950256347656,86.26876831054688,99.15778350830078,111.73805236816406,62.18619537353516,50.616336822509766,5.461755752563477
2018-04-03,39.52291488647461,82.52860260009766,50.486324310302734,69.60250091552734,87.45260620117188,102.17484283447266,112.50254821777344,63.03781127929688,51.86065673828125,5.568002223968506
2018-04-04,40.27869415283203,84.93885803222656,51.03298568725586,70.52850341796875,88.78044891357422,103.81472778320312,113.07828521728516,63.51185989379883,51.7569694519043,5.589993953704834
2018-04-05,40.55800247192383,84.98487854003906,51.17818832397461,72.5875015258789,89.9461669921875,104.05354309082033,114.38076782226562,63.31098556518555,52.55196380615234,5.469911098480225
2018-04-06,39.52057647705078,83.00697326660156,50.05366134643555,70.2614974975586,87.703125,101.975830078125,111.08684539794922,63.01371383666992,51.7569694519043,5.293740749359131
2018-04-09,39.91254425048828,83.50376892089844,50.55620574951172,70.30400085449219,88.7563247680664,103.07438659667967,112.1156005859375,62.79679489135742,51.7569694519043,5.322402477264404
2018-04-10,40.663604736328125,85.4448471069336,51.36949157714844,71.81099700927734,90.4526596069336,103.68737030029295,113.93717193603516,62.96550750732422,53.27780151367188,5.631256103515625
2018-04-11,40.47350692749024,84.5064926147461,50.80252456665039,71.35250091552734,88.93318939208984,103.19383239746094,113.04997253417967,62.88515472412109,53.526649475097656,5.589993953704834
2018-04-12,40.87251281738281,86.08880615234375,51.40863800048828,72.42500305175781,91.1440658569336,103.83064270019533,114.26749420166016,62.49949645996094,53.38149642944336,5.796553134918213
2018-04-13,41.01097869873047,85.62886047363281,51.34669494628906,71.53949737548828,88.67593383789062,103.9818878173828,113.96550750732422,62.96550750732422,53.8100814819336,5.719958305358887
2018-04-16,41.26681518554688,86.63158416748047,51.84527969360352,72.07499694824219,88.60357666015625,104.88941955566406,115.0319595336914,63.15834426879883,54.29400253295898,5.719710826873779
2018-04-17,41.83482360839844,88.37948608398438,53.49365997314453,75.19149780273438,88.60357666015625,103.91822814941406,116.84410095214844,63.01371383666992,54.14883804321289,5.869195938110352
2018-04-18,41.74094009399414,88.71986389160156,53.29690170288086,76.39199829101562,87.8880386352539,101.6733169555664,117.48590087890624,62.82892608642578,54.76408386230469,5.840285778045654
2018-04-19,40.55800247192383,88.4162826538086,53.99372482299805,77.84549713134766,89.81755065917969,101.53799438476562,116.9950942993164,60.77498245239258,54.90233612060547,5.659175872802734
2018-04-20,38.89622497558594,87.39512634277344,53.39256286621094,76.37449645996094,89.61656188964844,100.82951354980467,117.22161865234376,59.84250259399414,54.61199188232422,5.651022434234619
2018-04-23,38.78357696533203,87.71712493896484,53.218597412109375,75.89299774169922,89.18244171142578,100.9648666381836,117.4670181274414,59.19376373291016,55.00603103637695,5.531681537628174
2018-04-24,38.24374008178711,85.6656494140625,50.68258666992188,73.00450134277344,88.76435852050781,100.4553451538086,114.45626068115234,58.78834915161133,54.16265106201172,5.465465068817139
2018-04-25,38.41039276123047,84.92046356201172,50.6999397277832,73.00849914550781,88.42671203613281,100.90911102294922,114.3996124267578,58.62616729736328,54.9576301574707,5.353286743164063
2018-04-26,38.54417037963867,86.71437072753906,51.70700454711914,75.89800262451172,88.51512908935547,101.90416717529295,119.9398193359375,58.99106216430664,55.89780044555664,5.564789772033691
2018-04-27,38.09822845458984,88.14950561523438,51.11921310424805,78.63099670410156,87.9523696899414,102.11116790771484,118.92991638183594,59.03971481323242,53.77554321289063,5.592216491699219
2018-04-30,38.78827667236328,86.03363037109375,50.48137664794922,78.30650329589844,87.45391082763672,100.69416809082033,119.75104522705078,58.65859603881836,53.74787139892578,5.556882858276367
2018-05-01,39.68955612182617,87.39512634277344,51.58012390136719,79.11299896240234,87.45391082763672,100.31206512451172,120.3456573486328,58.350467681884766,53.19486999511719,5.612229824066162
2018-05-02,41.442848205566406,86.02442169189453,50.85158920288086,78.48400115966797,86.76250457763672,98.3139419555664,119.27912139892578,57.523380279541016,53.091156005859375,5.591722011566162
2018-05-03,41.51796340942383,86.53960418701172,50.86397552490234,78.60399627685547,86.21580505371094,97.93980407714844,120.03418731689452,57.86394882202149,52.911399841308594,5.756773471832275
2018-05-04,43.1468391418457,87.5423355102539,52.0881233215332,79.04750061035156,87.17252349853516,98.86322021484376,120.9591293334961,58.73158645629883,53.1602897644043,5.906752109527588
2018-05-07,43.459014892578125,88.5174789428711,52.50740814208984,80.00700378417969,87.92827606201172,98.38557434082033,121.99732208251952,58.366676330566406,53.74097442626953,6.144447326660156
2018-05-08,43.66790008544922,88.14028930664062,52.46427917480469,79.61949920654297,89.23066711425781,97.6054229736328,122.60138702392578,57.92882537841797,53.98293685913086,6.186943531036377
2018-05-09,43.97537612915039,89.17984008789062,53.96894454956055,80.4000015258789,91.17621612548828,98.32188415527344,123.48856353759766,58.682918548583984,55.2548942565918,6.3198747634887695
2018-05-10,44.60439682006836,90.07220458984376,54.78768157958984,80.4540023803711,91.8836898803711,99.78663635253906,123.63955688476562,59.31539535522461,56.492313385009766,6.427354335784912
2018-05-11,44.434757232666016,89.87898254394531,54.68410110473633,80.14550018310547,91.5379867553711,101.29119110107422,124.41346740722656,59.49379348754883,56.75766754150391,6.288989543914795
2018-05-14,44.33108901977539,90.18258666992188,54.843692779541016,80.0770034790039,91.57013702392578,100.35188293457033,123.83773803710938,59.42081832885742,57.141719818115234,6.309496879577637
2018-05-15,43.928184509277344,89.52938079833984,53.7667350769043,78.80599975585938,90.87071228027344,99.61151123046876,123.7339324951172,59.15322494506836,57.11378860473633,6.067354679107666
2018-05-16,44.33816146850586,89.7603988647461,53.72808074951172,79.36399841308594,91.11994171142578,99.78663635253906,123.53575897216795,59.62354278564453,57.27440643310547,6.078474044799805
2018-05-17,44.05778121948242,88.86419677734375,53.58782577514648,79.08799743652344,90.814453125,98.5925750732422,122.82672119140624,59.97222137451172,57.1766357421875,6.120480060577393
2018-05-18,43.897560119628906,89.03050231933594,53.01193618774414,78.71849822998047,89.34321594238281,98.9030303955078,122.82672119140624,59.55866622924805,56.77164459228516,6.076744556427002
2018-05-21,44.20858383178711,90.17616271972656,53.72412109375,79.27300262451172,90.16324615478516,98.48906707763672,123.51685333251952,60.05329895019531,57.45595169067383,6.034740924835205
2018-05-22,44.09782791137695,90.08379364013672,53.29293823242188,79.06999969482422,90.85464477539062,97.8442611694336,123.56411743164062,60.02898788452149,57.00904083251953,5.996691703796387
2018-05-23,44.38057708740234,91.15554809570312,53.82075881958008,80.09300231933594,90.4365692138672,98.27413940429688,124.670166015625,60.15059661865234,57.36517333984375,6.120060443878174
2018-05-24,44.33108901977539,90.83216094970705,53.79548263549805,80.15350341796875,89.42362213134766,97.31885528564452,124.67955780029295,59.81814956665039,56.05238342285156,6.123769283294678
2018-05-25,44.43241500854492,90.8783721923828,53.72758483886719,80.50749969482422,88.96534729003906,97.4150848388672,124.10295104980467,60.25601577758789,54.96302795410156,6.163078308105469
2018-05-29,44.27219009399414,90.5549774169922,52.934120178222656,80.64350128173828,85.16267395019531,95.7550277709961,122.59986114501952,60.04520034790039,54.760528564453125,6.146018505096436
2018-05-30,44.17794418334961,91.42349243164062,53.39999008178711,81.24449920654297,87.10821533203125,97.01409912109376,123.4979476928711,60.72633743286133,56.91128540039063,6.254804611206055
2018-05-31,44.02950668334961,91.32186889648438,54.51658630371094,81.48100280761719,86.03093719482422,95.93145751953124,123.5735855102539,59.33161544799805,56.72972106933594,6.235025405883789
2018-06-01,44.823524475097656,93.12355041503906,56.2512092590332,82.0770034790039,87.1484146118164,97.24668884277344,123.69647216796876,59.55866622924805,57.141719818115234,6.369274139404297
2018-06-04,45.19816207885742,93.93659973144533,57.14527893066406,83.26349639892578,87.18864440917969,97.80004119873048,125.7950668334961,60.15059661865234,56.54119110107422,6.5480265617370605
2018-06-05,45.54687881469727,94.41704559326172,57.04517364501953,84.81749725341797,86.69819641113281,97.423095703125,126.25827026367188,59.98032379150391,56.33867645263672,6.553464412689209
2018-06-06,45.70471954345703,94.69422149658205,56.84346008300781,84.7874984741211,88.72416687011719,98.47370147705078,128.82957458496094,60.28845977783203,57.30233383178711,6.555441856384277
2018-06-07,45.58221054077149,93.20667266845705,56.22246551513672,84.46499633789062,89.07791900634766,98.90674591064452,126.52300262451172,61.43180465698242,57.87495040893555,6.499814510345459
2018-06-08,45.167518615722656,93.89962768554688,56.13771438598633,84.19950103759766,89.32714080810547,99.4921875,127.373779296875,62.58323669433594,58.377708435058594,6.484486103057861
2018-06-11,45.05679702758789,93.36375427246094,56.54361343383789,84.45600128173828,89.1020278930664,98.36943817138672,126.58917236328124,62.86703109741211,58.02855682373047,6.443445205688477
2018-06-12,45.30418395996094,93.60397338867188,56.904911041259766,84.9375,88.58751678466797,98.27320098876952,127.48719787597656,62.63187026977539,57.553707122802734,6.491902828216553
2018-06-13,44.93191146850586,93.1789321899414,56.70864486694336,85.24299621582031,88.41062927246094,98.34539031982422,127.05238342285156,62.00749969482422,56.918270111083984,6.487452983856201
2018-06-14,44.95547866821289,93.7056121826172,57.49567031860352,86.19300079345703,86.8509750366211,98.1689453125,127.61953735351562,61.61827850341797,57.1836166381836,6.598955631256104
2018-06-15,44.49367141723633,92.51373291015624,57.45404052734375,85.79850006103516,86.74644470214844,98.32933807373048,127.71412658691406,62.74540710449219,56.3247184753418,6.55816125869751
2018-06-18,44.47010803222656,93.188232421875,58.65885543823242,86.18949890136719,86.9715576171875,97.29479217529295,128.75392150878906,61.49664306640625,56.43645095825195,6.553958892822266
2018-06-19,43.75148010253906,93.188232421875,58.41651153564453,86.73899841308594,86.46505737304688,98.2972412109375,127.72354888916016,61.89398956298828,56.35262298583984,6.432319164276123
2018-06-20,43.942325592041016,94.12139129638672,58.68314743041992,87.50399780273438,86.45703125,97.87222290039062,128.0922088623047,61.50473785400391,56.17806625366211,6.485228061676025
2018-06-21,43.69728469848633,93.44690704345705,57.95807266235352,86.51100158691406,86.43291473388672,97.39906311035156,127.1752471923828,61.98316955566406,55.64738082885742,6.356666088104248
2018-06-22,43.57006072998047,92.7724380493164,57.95064163208008,85.78350067138672,85.01795959472656,98.51378631591795,127.9315414428711,62.78594207763672,56.82749176025391,6.204368114471436
2018-06-25,42.92210006713867,90.90608978271484,56.46332550048828,83.15750122070312,84.24616241455078,98.31328582763672,123.77206420898438,63.07785415649414,55.68227005004883,5.91188907623291
2018-06-26,43.45459747314453,91.54359436035156,56.13325500488281,84.55449676513672,84.30242919921875,98.12081146240234,125.30350494384766,63.24814224243164,56.31075286865234,5.982844829559326
2018-06-27,43.39098739624024,90.1207504272461,55.35614776611328,83.02549743652344,83.00003051757812,97.5273666381836,123.85712432861328,62.99679183959961,57.05792999267578,5.827828884124756
2018-06-28,43.70669937133789,91.1278076171875,55.84381866455078,85.07250213623047,84.35871124267578,97.8401336669922,125.483154296875,63.28866958618164,57.23948669433594,5.9549078941345215
2018-06-29,43.61481094360352,91.10933685302734,55.963260650634766,84.98999786376953,83.7718276977539,97.31082916259766,125.20896911621094,63.29681015014648,57.77021026611328,5.857002258300781
2018-07-02,44.1025505065918,92.40284729003906,56.60358047485352,85.68900299072266,84.47930145263672,97.50332641601562,125.2562484741211,63.35353088378906,57.09283065795898,5.989026069641113
2018-07-03,43.334434509277344,91.5158920288086,55.32343292236328,84.697998046875,83.2974853515625,98.4095230102539,124.26364135742188,63.16707229614258,57.42803192138672,5.855518341064453
2018-07-05,43.68313980102539,92.171875,56.56294250488281,84.98650360107422,83.83905792236328,100.24605560302734,126.00301361083984,64.22930145263672,57.47690582275391,6.00114107131958
2018-07-06,44.28868865966797,93.46538543701172,57.24638748168945,85.53150177001953,84.11388397216797,100.84752655029295,126.75933837890624,64.31040954589844,57.49087142944336,6.114869117736816
2018-07-09,44.90364456176758,94.1029052734375,57.85102081298828,86.95099639892578,86.71668243408203,101.0881118774414,128.11114501953125,63.13460540771485,57.8889045715332,6.1623382568359375
2018-07-10,44.84944152832031,94.35237121582033,57.84408187866211,87.15350341796875,86.18318939208984,102.15472412109376,129.21719360351562,64.72394561767578,58.41961669921875,6.261231899261475
2018-07-11,44.26747131347656,94.2229995727539,58.05818176269531,87.75,85.99727630615234,101.24047088623048,130.59732055664062,64.18875122070312,57.67243576049805,6.119814872741699
2018-07-12,45.00965881347656,96.2649154663086,59.53508377075195,89.83100128173828,86.36910247802734,102.45946502685548,132.25169372558594,63.96983337402344,57.74226760864258,6.21129035949707
2018-07-13,45.08032989501953,97.41057586669922,59.69170379638672,90.65149688720705,85.97303771972656,100.99186706542967,131.79791259765625,64.31040954589844,58.17519378662109,6.164069652557373
2018-07-16,44.98137664794922,96.93014526367188,59.29967498779297,91.12449645996094,89.38414001464844,99.99742889404295,130.89039611816406,64.48876953125,57.60258483886719,6.136379718780518
2018-07-17,45.10862350463867,97.89104461669922,60.12089538574219,92.19650268554688,89.31949615478516,103.54214477539062,132.0059051513672,64.89421844482422,57.47690582275391,6.272110939025879
2018-07-18,44.86122894287109,97.12417602539062,60.11246490478516,92.14600372314452,90.15206909179688,102.4915542602539,133.1969757080078,64.64283752441406,57.41404724121094,6.2229108810424805
2018-07-19,45.20993423461914,96.45895385742188,59.42803192138672,90.64849853515624,88.826416015625,100.9998779296875,132.46913146972656,64.41947174072266,57.26742172241211,6.23106861114502
2018-07-20,45.10627746582031,98.18669128417967,59.36758041381836,90.68499755859376,89.94995880126953,100.92771911621094,133.2821044921875,64.37855529785156,56.84145736694336,6.202885150909424
2018-07-23,45.14632034301758,99.75737762451172,60.01780700683594,90.0999984741211,91.62318420410156,101.55322265625,132.3745880126953,64.23947143554688,56.84145736694336,6.166294097900391
2018-07-24,45.47383117675781,99.47097778320312,62.354591369628906,91.46199798583984,92.26984405517578,103.74264526367188,132.3745880126953,64.6322021484375,57.96572113037109,6.148989200592041
2018-07-25,45.90265655517578,102.39986419677734,63.23627853393555,93.18049621582033,93.10243225097656,103.1491470336914,134.84185791015625,65.02496337890625,58.37070846557617,6.227112770080566
2018-07-26,45.7589225769043,101.28190612792967,63.7100715637207,90.4000015258789,92.83567810058594,104.48043823242188,134.70956420898438,65.53224182128906,58.82462692260742,6.300542831420898
2018-07-27,44.99787902832031,99.48946380615234,62.09389877319336,90.8635025024414,93.78948211669922,105.49897003173828,133.0174102783203,65.93319702148438,57.20457458496094,6.230822563171387
2018-07-30,44.74577713012695,97.35515594482422,60.9614372253418,88.96099853515625,94.35533142089844,105.99615478515624,129.0186767578125,65.62226104736328,57.07887268066406,6.035752773284912
2018-07-31,44.83530807495117,98.01115417480467,60.82168197631836,88.87200164794922,92.91651153564452,106.27685546875,129.26441955566406,66.17867279052734,56.918270111083984,6.053802967071533
2018-08-01,47.4765625,98.19591522216795,61.10764694213867,89.8584976196289,93.49041748046876,106.37310028076172,130.69189453125,65.9905014038086,56.13618087768555,6.093606948852539
2018-08-02,48.86433410644531,99.3877944946289,61.51106643676758,91.71649932861328,93.88650512695312,105.25833129882812,131.3252410888672,67.09508514404297,55.80099487304688,6.19620943069458
2018-08-03,49.00571441650391,99.82205963134766,61.36387252807617,91.16449737548828,94.64630126953124,105.8197250366211,132.17599487304688,67.3651123046875,56.00348663330078,6.232800483703613
2018-08-06,49.26017379760742,99.9052276611328,61.33959197998047,92.3874969482422,94.67057800292967,105.8758773803711,132.0720977783203,67.52056121826172,55.989505767822266,6.280517578125
2018-08-07,48.798370361328125,100.59814453125,62.2401008605957,93.1240005493164,95.01815032958984,105.42676544189452,132.6109161376953,67.61874389648438,56.75067901611328,6.352709293365479
2018-08-08,48.831356048583984,101.16177368164062,62.51219940185547,94.32599639892578,95.21214294433594,105.1941909790039,132.98902893066406,67.38146209716797,56.37360000610352,6.389052391052246
2018-08-09,49.21539688110352,101.32807159423828,62.66731262207031,94.9260025024414,94.47657012939452,105.21822357177734,132.3556365966797,66.60417175292969,56.087310791015625,6.340595245361328
2018-08-10,49.06881713867188,100.70903778076172,62.0750617980957,94.31500244140624,93.54698181152344,104.85735321044922,132.0910186767578,66.62870025634766,56.03086471557617,6.299307823181152
2018-08-13,49.38564300537109,99.9791259765625,61.88325881958008,94.80999755859376,92.05967712402344,104.43231201171876,132.5447540283203,66.70233917236328,55.424129486083984,6.332188129425049
2018-08-14,49.59370803833008,101.22644805908205,62.354095458984375,95.98249816894533,92.67401885986328,103.85490417480467,133.064697265625,66.53050994873047,55.24773406982422,6.463470458984375
2018-08-15,49.70955657958984,99.85376739501952,61.06948471069336,94.13099670410156,91.90608978271484,104.6007308959961,132.2706298828125,67.340576171875,54.28121566772461,6.405371189117432
2018-08-16,50.43781661987305,99.83522033691406,60.665069580078125,94.32599639892578,92.77099609375,106.24474334716795,133.1605682373047,68.47789764404297,55.02904510498047,6.364823818206787
2018-08-17,51.4450569152832,99.7795639038086,60.25817108154297,94.11100006103516,92.77099609375,107.84068298339844,133.80435180664062,68.47789764404297,55.21247482299805,6.05281400680542
2018-08-20,50.94380187988281,99.1210479736328,60.56049346923828,93.83550262451172,92.64976501464844,109.77342987060548,133.4351043701172,68.43697357177734,55.600494384765625,6.127476692199707
2018-08-21,50.84449768066406,98.29559326171876,60.33549118041992,94.1709976196289,93.21558380126952,108.5464096069336,132.58297729492188,68.64971923828125,55.61460113525391,6.262964248657227
2018-08-22,50.84685516357422,99.29728698730467,60.55058288574219,95.24500274658205,92.93267059326172,107.95295715332033,133.6244659423828,68.23246002197266,56.41183090209961,6.497836589813232
2018-08-23,50.95088958740234,99.76100158691406,60.52133560180664,95.1449966430664,92.73867797851562,108.35395050048828,134.53334045410156,68.10968780517578,55.79097366333008,6.597224712371826
2018-08-24,51.10929870605469,100.54012298583984,61.29399490356445,95.26950073242188,92.69825744628906,109.02757263183594,136.52149963378906,68.20787048339844,56.17197799682617,6.730236530303955
2018-08-27,51.530181884765625,101.65310668945312,62.26141357421875,96.38400268554688,94.33914947509766,108.92262268066406,137.65756225585938,68.27334594726562,56.72224044799805,6.821221828460693
2018-08-28,51.94630813598633,102.26522827148438,61.745487213134766,96.64099884033205,93.8783950805664,108.43828582763672,137.46824645996094,68.30608367919922,56.637577056884766,6.783639430999756
2018-08-29,52.72183609008789,103.89763641357422,62.67672729492188,99.90499877929688,93.57125854492188,108.87420654296876,139.20077514648438,68.31425476074219,57.04677581787109,6.88901948928833
2018-08-30,53.20655059814453,103.83268737792967,62.17071533203125,100.11900329589844,93.11051177978516,108.94685363769533,138.92625427246094,68.2488021850586,56.79985809326172,6.872199535369873
2018-08-31,53.8213005065918,104.18516540527344,61.04866790771485,100.635498046875,92.61743927001952,108.73696899414062,139.06825256347656,67.87242889404297,56.55998611450195,6.943193912506104
2018-09-04,53.99389266967773,103.61011505126952,60.03316879272461,101.97550201416016,93.07818603515624,107.9538803100586,139.92982482910156,67.6678466796875,56.64461898803711,7.017900943756104
2018-09-05,53.6416015625,100.6235809326172,59.42803192138672,99.74099731445312,92.6255111694336,109.68153381347656,135.0729522705078,68.1506118774414,57.39952850341797,6.887288570404053
2018-09-06,52.75021362304688,100.85545349121094,58.67918395996094,97.91549682617188,92.22943878173828,110.49691772460938,136.80552673339844,67.6269302368164,56.76457595825195,6.746287345886231
2018-09-07,52.32463073730469,100.3638916015625,58.36199188232422,97.60350036621094,92.4072723388672,110.86018371582033,135.57476806640625,67.02145385742188,57.73109817504883,6.725014686584473
2018-09-10,51.62238311767578,101.44902801513672,58.23659896850586,96.95050048828124,91.9141845703125,110.77140045166016,136.40789794921875,67.4059829711914,57.64645004272461,6.796009063720703
2018-09-11,52.92754364013672,103.17415618896484,58.976539611816406,99.35749816894533,92.49617004394533,111.8208999633789,137.74276733398438,67.10325622558594,58.45777893066406,6.74826717376709
2018-09-12,52.270240783691406,103.61011505126952,58.065128326416016,99.5,91.40493774414062,112.5071029663086,138.76531982421875,68.0033187866211,58.648250579833984,6.6344757080078125
2018-09-13,53.532840728759766,104.72310638427734,58.58749008178711,99.49349975585938,91.76060485839844,112.93497467041016,139.7688446044922,68.2815170288086,58.07681274414063,6.712150096893311
2018-09-14,52.92518997192383,105.1497573852539,58.38132095336914,98.5094985961914,91.74444580078124,112.61205291748048,139.96768188476562,68.4124526977539,58.500099182128906,6.838062286376953
2018-09-17,51.51598739624024,104.0089111328125,57.48179626464844,95.40149688720705,92.0192642211914,112.99152374267578,138.39602661132812,68.93611907958984,58.845794677734375,6.776219844818115
2018-09-18,51.601104736328125,105.00133514404295,57.84259414672852,97.05249786376952,92.39111328125,113.45973205566406,139.7688446044922,68.73155975341797,59.00101089477539,6.704233646392822
2018-09-19,51.63183975219727,103.60082244873048,58.19744873046875,96.3209991455078,95.07472229003906,113.39517211914062,139.57005310058594,68.73155975341797,59.70651245117188,6.727980136871338
2018-09-20,52.02433776855469,105.33523559570312,59.05484771728516,97.21499633789062,95.89112854003906,114.62227630615234,141.2930908203125,69.84434509277344,59.84055709838867,6.586980819702148
2018-09-21,51.46397399902344,105.9752197265625,58.09089660644531,95.75050354003906,95.26065826416016,115.34886169433594,142.06004333496094,70.22074890136719,60.08748245239258,6.516973972320557
2018-09-24,52.20402526855469,106.35548400878906,58.45962905883789,96.71800231933594,94.34725952148438,113.40320587158205,141.17007446289062,68.95246124267578,61.09634017944336,6.572632789611816
2018-09-25,52.53505325317383,106.15144348144533,59.16982650756836,98.72750091552734,94.08048248291016,111.92581939697266,141.6150360107422,68.01151275634766,61.02577590942383,6.639671802520752
2018-09-26,52.11654281616211,105.71550750732422,59.17825698852539,98.74250030517578,92.9730987548828,111.53833770751952,141.321533203125,68.12606811523438,60.51784133911133,6.602813720703125
2018-09-27,53.1876335144043,106.11432647705078,59.83740997314453,100.64900207519533,92.56893920898438,111.5867919921875,142.0316162109375,67.79877471923828,60.51078414916992,6.614687442779541
2018-09-28,53.37442398071289,106.07723236083984,59.82353210449219,100.1500015258789,91.21094512939452,111.5464324951172,142.0978240966797,68.10153198242188,59.98165893554688,6.951603889465332
2018-10-01,53.73379898071289,107.2273178100586,59.8953971862793,100.21800231933594,91.74444580078124,112.77352905273438,142.7605743408203,68.46155548095703,60.53898620605469,7.157912731170654
2018-10-02,54.2114372253418,106.80068969726562,59.85128402709961,98.56549835205078,92.1243667602539,113.41129302978516,141.70025634765625,69.02611541748047,60.9975700378418,7.086671352386475
2018-10-03,54.8711051940918,106.81922149658205,60.04407501220703,97.63800048828124,92.9892578125,112.24070739746094,141.4161376953125,67.93785858154297,60.77887725830078,7.092853546142578
2018-10-04,53.90642166137695,104.6117935180664,58.33622360229492,95.47100067138672,93.82765197753906,112.49906158447266,138.94515991210938,67.02963256835938,60.37672805786133,6.908810615539551
2018-10-05,53.03157424926758,103.99964904785156,57.87828063964844,94.48249816894533,93.29857635498048,112.29723358154295,137.6196746826172,67.21782684326172,60.2074089050293,6.675540447235107
2018-10-08,52.908634185791016,102.81246185302734,57.28801345825195,93.22100067138672,93.86835479736328,112.53134155273438,134.33450317382812,67.42239379882812,60.76475524902344,6.574363708496094
2018-10-09,53.6416015625,104.12022399902344,56.7552375793457,93.51599884033205,93.21717834472656,112.37794494628906,134.732177734375,67.25873565673828,61.03284454345703,6.5686750411987305
2018-10-10,51.15658950805664,98.46253967285156,54.12803268432617,87.76249694824219,90.73452758789062,111.19121551513672,128.3037109375,66.63687896728516,59.62889862060547,6.0776448249816895
2018-10-11,50.70500183105469,98.23067474365234,54.05765914916992,85.96800231933594,88.01583099365234,108.0507354736328,126.60901641845705,64.53401947021484,57.5688591003418,5.816421985626221
2018-10-12,52.51613235473633,101.62525939941406,55.53456497192383,89.43049621582031,87.05533599853516,108.0749740600586,132.60194396972656,64.68948364257812,57.41362762451172,6.098671436309815
2018-10-15,51.393028259277344,99.79812622070312,54.63752365112305,88.04750061035156,86.55879211425781,108.1395492553711,129.92263793945312,65.56501007080078,57.01856231689453,5.822604656219482
2018-10-16,52.52559661865234,102.95157623291016,56.15605163574219,90.9980010986328,88.41468048095703,110.2466278076172,134.1924591064453,66.28504943847656,57.28664779663086,6.081108093261719
2018-10-17,52.298606872558594,102.68260955810548,55.88396453857422,91.58650207519533,89.39960479736328,112.5878448486328,134.8646697998047,66.98054504394531,57.498294830322266,6.012586116790772
2018-10-18,51.076202392578125,100.6328582763672,54.41301345825195,88.53600311279297,87.9832534790039,112.62014770507812,131.8730010986328,66.23513793945312,57.74520492553711,5.925264835357666
2018-10-19,51.854095458984375,100.78125,54.77331161499024,88.20149993896484,87.83676147460938,112.2568359375,132.62088012695312,72.06290435791016,57.82988357543945,5.668990135192871
2018-10-22,52.17093276977539,101.68091583251952,55.08009338378906,89.46499633789062,86.57508087158203,111.95809936523438,133.1510772705078,71.4850845336914,57.25137710571289,5.719699382781982
2018-10-23,52.662723541259766,100.26187133789062,55.25554275512695,88.43499755859375,85.67156982421875,112.15995025634766,131.71202087402344,71.94734954833984,56.32715606689453,5.468371868133545
2018-10-24,50.8563117980957,94.90095520019533,52.39142990112305,83.20999908447266,84.07615661621094,110.98127746582033,127.1107940673828,73.8459243774414,54.76096725463867,4.9328155517578125
2018-10-25,51.96995162963867,100.44735717773438,54.69451141357422,89.1084976196289,85.3541030883789,111.78858947753906,133.03746032714844,73.46620178222656,55.24773406982422,5.141347885131836
2018-10-26,51.14241409301758,99.20449829101562,53.71123123168945,82.1405029296875,84.1819839477539,110.57763671875,130.405517578125,72.5251693725586,54.69745635986328,4.905110359191895
2018-10-29,50.18244934082031,96.32003784179688,51.281776428222656,76.94400024414062,85.3459701538086,111.04589080810548,127.17707061767578,72.8388442993164,54.35881805419922,4.591691017150879
2018-10-30,50.43308639526367,96.2087173461914,52.014278411865234,76.52100372314453,86.85182189941406,113.62928771972656,125.69065856933594,73.623046875,55.579322814941406,5.02161979675293
2018-10-31,51.74769973754883,99.0653839111328,54.04972839355469,79.90049743652344,88.74028015136719,113.01573181152344,130.50962829589844,73.2020492553711,56.21430206298828,5.215311527252197
2018-11-01,52.54214859008789,98.23990631103516,53.821754455566406,83.27649688720703,88.70771026611328,113.68582916259766,133.33094787597656,73.9532241821289,56.912742614746094,5.395397186279297
2018-11-02,49.05698776245117,98.46253967285156,53.10361862182617,83.27649688720703,88.21930694580078,113.57276153564452,132.3368682861328,74.13484191894531,57.815765380859375,5.316486835479736
2018-11-05,47.66433334350586,99.71463012695312,52.32254409790039,81.38999938964844,88.79721069335938,114.79987335205078,132.35577392578125,75.28221130371094,57.59706115722656,5.238564968109131
2018-11-06,48.179786682128906,99.909423828125,53.00846862792969,82.1405029296875,89.2123794555664,115.09860229492188,133.29306030273438,75.53812408447266,57.84399032592773,5.221000671386719
2018-11-07,49.64100646972656,103.84198760986328,54.92496871948242,87.77449798583984,90.74268341064452,116.8585433959961,137.07058715820312,75.35651397705078,58.57772064208984,5.288534164428711
2018-11-08,49.467803955078125,103.64720916748048,54.250450134277344,87.74549865722656,91.4752426147461,117.30254364013672,137.4966278076172,75.41429901123047,57.64645004272461,5.095584392547607
2018-11-09,48.51398086547852,101.62525939941406,53.37768173217773,85.62149810791016,90.5880126953125,117.3348617553711,136.26585388183594,76.28104400634766,57.63219451904297,5.087669849395752
2018-11-12,46.07014083862305,99.1210479736328,52.00683975219727,81.84249877929688,88.68329620361328,117.56090545654295,132.28009033203125,76.5204086303711,56.89104461669922,4.688659191131592
2018-11-13,45.60983657836914,99.18596649169922,51.937950134277344,81.55850219726562,89.20423889160156,116.8020477294922,132.28009033203125,77.15602111816406,55.58689498901367,4.930342197418213
2018-11-14,44.321475982666016,97.77938842773438,52.26554489135742,79.95050048828125,87.3646469116211,116.45488739013672,132.0623321533203,77.17253875732422,55.15216827392578,4.8778977394104
2018-11-15,45.41527557373047,99.93116760253906,53.081809997558594,80.97200012207031,89.5949478149414,116.65670013427734,134.52828979492188,77.45317840576172,55.7222900390625,5.006530284881592
2018-11-16,45.91828155517578,100.87197875976562,52.944034576416016,79.67050170898438,89.52984619140625,117.8595962524414,132.9538116455078,77.44491577148438,56.27103042602539,4.067513465881348
2018-11-19,44.098445892333984,97.4533920288086,50.91948318481445,75.614501953125,90.21356201171876,119.26434326171876,127.81321716308594,77.00741577148438,56.45633316040039,3.5794503688812256
2018-11-20,41.99150848388672,94.7427215576172,51.06965637207031,74.77300262451172,88.27630615234375,118.23092651367188,126.49490356445312,76.02513122558594,54.85285568237305,3.68779969215393
2018-11-21,41.94406127929688,96.04679870605467,51.71295166015625,75.83650207519531,87.61698150634766,114.63037109375,127.49075317382812,75.45555114746094,55.27330780029297,3.579697847366333
2018-11-23,40.87872695922852,96.00955963134766,51.05230712890625,75.10299682617188,86.81111145019531,114.8240966796875,126.02067565917967,75.5628662109375,53.798126220703125,3.5868725776672363
2018-11-26,41.43155288696289,99.1766586303711,52.332950592041016,79.06649780273438,88.93562316894531,114.85658264160156,128.9324188232422,75.89306640625,54.859989166259766,3.7860052585601807
2018-11-27,41.341400146484375,99.80074310302734,52.15156555175781,79.07099914550781,89.31007385253906,116.35965728759766,128.90394592285156,76.53693389892578,54.90986633300781,3.8028268814086914
2018-11-28,42.93108367919922,103.50811004638672,54.10969543457031,83.88749694824219,90.30311584472656,118.97574615478516,134.09202575683594,76.77632141113281,55.90757369995117,3.9596590995788574
2018-11-29,42.60129165649414,102.64183044433594,54.24797058105469,83.67849731445312,89.58679962158203,118.49639892578124,131.92953491210938,76.61946105957031,56.34227752685547,3.896517515182495
2018-11-30,42.37115478515625,103.29388427734376,54.99484252929688,84.50849914550781,90.50660705566406,119.34944152832033,134.40499877929688,78.0145034790039,56.65584945678711,4.046820163726807
2018-12-03,43.851688385009766,104.41168212890624,55.32740783691406,88.61799621582031,91.3613052368164,118.78887939453124,137.52537536621094,77.0322036743164,57.88163375854492,4.210498332977295
2018-12-04,41.92270278930664,101.08621978759766,52.65658187866211,83.41999816894531,87.28324890136719,118.64263153076172,131.49325561523438,77.0239486694336,56.6059799194336,3.890325546264648
2018-12-06,41.45528411865234,101.7103271484375,53.43022537231445,84.95950317382812,85.62272644042969,118.54515075683594,133.7789764404297,77.22206115722656,55.86481094360352,3.919545412063599
2018-12-07,39.97712326049805,97.63970184326172,51.86906433105469,81.45649719238281,84.07615661621094,118.15515899658205,130.04208374023438,76.31404113769531,55.3303337097168,3.655088186264038
2018-12-10,40.240482330322266,100.21991729736328,52.19616317749024,82.05149841308594,82.50517272949219,118.0170440673828,130.77239990234375,76.7928237915039,54.54640197753906,3.7603273391723633
2018-12-11,40.010345458984375,101.1514129638672,52.615943908691406,82.16200256347656,81.69934844970703,119.02447509765624,129.757568359375,77.51921844482422,54.646183013916016,3.6694512367248535
2018-12-12,40.121849060058594,101.60787200927734,53.21464157104492,83.177001953125,82.2284164428711,119.51197052001952,130.69651794433594,77.6182861328125,54.17583847045898,3.687031745910645
2018-12-13,40.560794830322266,101.9525146484375,53.20520782470703,82.91899871826172,82.30982971191406,120.11318969726562,130.44992065429688,79.64889526367188,54.859989166259766,3.686784029006958
2018-12-14,39.26293563842773,98.7667999267578,52.12331008911133,79.59549713134766,81.63418579101562,108.0563735961914,128.12620544433594,79.77273559570312,53.862266540527344,3.626365184783936
2018-12-17,38.89755630493164,95.84187316894533,50.831764221191406,76.04550170898438,80.5923080444336,104.9202651977539,124.62642669677734,76.57817840576172,52.76477813720703,3.555299758911133
2018-12-18,39.40294647216797,96.84791564941406,51.71195983886719,77.5739974975586,80.20975494384766,105.96023559570312,125.82147979736328,76.3470687866211,51.31097030639648,3.6384994983673096
2018-12-19,38.17388916015625,96.58708190917967,51.31795120239258,74.75399780273438,79.1922607421875,103.67724609375,124.49365997314452,75.74446868896484,50.441532135009766,3.4297568798065186
2018-12-20,37.2105827331543,94.5564193725586,50.72917556762695,73.04149627685547,78.508544921875,104.21345520019533,122.12254333496094,75.10061645507812,48.90932846069336,3.3453190326690674
2018-12-21,35.76325607299805,91.50109100341795,49.12688446044922,68.87249755859375,76.65265655517578,104.06721496582033,117.85450744628906,75.09237670898438,48.54589080810547,3.2083866596221924
2018-12-24,34.83790969848633,87.68196105957031,48.80077362060547,67.197998046875,75.00025939941406,99.80182647705078,115.45494079589844,72.11244201660156,46.68586730957031,3.1467297077178955
2018-12-26,37.2912483215332,93.6714859008789,51.9320068359375,73.54499816894531,78.10966491699219,102.94602966308594,123.51677703857422,74.36595153808594,48.91645431518555,3.295795440673828
2018-12-27,37.04924011230469,94.2490234375,52.18229293823242,73.08200073242188,78.9887924194336,103.51476287841795,125.2049789428711,75.9590835571289,49.13026809692383,3.248005151748657
2018-12-28,37.06821441650391,93.5131378173828,51.8740234375,73.9010009765625,78.81784057617188,103.40099334716795,124.19017028808594,75.26570892333984,48.581520080566406,3.309415102005005
2018-12-31,37.426490783691406,94.61231994628906,51.78878402709961,75.09850311279297,79.46088409423828,104.84715270996094,125.13858795166016,75.87653350830078,48.59576416015625,3.3057003021240234
2019-01-02,37.46920776367188,94.19314575195312,52.27051162719727,76.95649719238281,80.83649444580078,103.79100036621094,126.06809997558594,75.34822845458984,49.66474914550781,3.373051643371582
2019-01-03,33.737003326416016,90.72796630859376,50.82284164428711,75.01399993896484,79.68769836425781,102.14171600341795,121.52501678466795,74.81996154785156,48.9022102355957,3.169262409210205
2019-01-04,35.17719650268555,94.94764709472656,53.42972946166992,78.76950073242188,82.6253890991211,103.85597229003906,126.76044464111328,76.3470687866211,50.70521545410156,3.3723089694976807
2019-01-07,35.098907470703125,95.0687255859375,53.32316970825195,81.47550201416016,82.68281555175781,103.18976593017578,129.0462188720703,76.0416488647461,50.96889114379883,3.550842046737671
2019-01-08,35.768001556396484,95.758056640625,53.79152297973633,82.8290023803711,82.52693939208984,105.58654022216795,129.74807739257812,76.32230377197266,51.33946990966797,3.462442636489868
2019-01-09,36.37540435791016,97.1273422241211,53.60715866088867,82.97100067138672,82.3874282836914,104.74967193603516,131.27508544921875,75.07586669921875,51.61028289794922,3.530537366867065
2019-01-10,36.49166488647461,96.50323486328124,53.4673957824707,82.81099700927734,82.37921905517578,105.38338470458984,131.52171325683594,75.2574691772461,51.34660339355469,3.5961556434631348
2019-01-11,36.133392333984375,95.758056640625,52.75570297241211,82.02799987792969,81.98534393310547,105.41590118408205,130.94317626953125,75.75273132324219,51.11143112182617,3.685297966003418
2019-01-14,35.59006118774414,95.05944061279295,52.1134033203125,80.8604965209961,82.83055877685547,104.22157287597656,130.03260803222656,75.24095153808594,51.04728317260742,3.725165367126465
2019-01-15,36.318458557128906,97.81668090820312,53.84801864624024,83.72799682617188,83.43779754638672,105.09903717041016,130.26022338867188,75.9508285522461,51.07579803466797,3.711050987243652
2019-01-16,36.76214599609375,98.16131591796876,53.996700286865234,84.18900299072266,84.11067962646484,104.0265884399414,130.26022338867188,75.42255401611328,51.05441665649414,3.6855452060699454
2019-01-17,36.98044204711914,98.85063934326172,54.47297668457031,84.66100311279297,84.45532989501953,104.87967681884766,130.20333862304688,75.41172790527344,51.40361785888672,3.756859302520752
2019-01-18,37.20820617675781,100.33171081542967,54.878379821777344,84.80999755859375,85.82571411132812,106.1795883178711,131.3604278564453,76.06067657470703,52.01649856567383,3.885869026184082
2019-01-22,36.3730354309082,98.44075012207033,53.457481384277344,81.6084976196289,84.47174072265625,104.64405822753906,130.93365478515625,75.24534606933594,51.23257064819336,3.683813095092773
2019-01-23,36.5201301574707,99.40019989013672,53.74394226074219,82.0009994506836,84.25836944580078,104.64405822753906,129.9472198486328,78.90609741210938,50.8121223449707,3.696688890457153
2019-01-24,36.23067092895508,98.92515563964844,53.72362518310547,82.74649810791016,84.3076171875,103.20601654052734,130.6017303466797,78.4568099975586,50.883392333984375,3.90840220451355
2019-01-25,37.43124771118164,99.82870483398438,54.591426849365234,83.52850341796875,84.84099578857422,104.18094635009766,131.52171325683594,77.87440490722656,51.11143112182617,3.965601921081543
2019-01-28,37.08482360839844,97.8818817138672,53.51844024658203,81.89450073242188,85.24308776855469,104.79843139648438,128.9798126220703,77.80786895751953,50.76935958862305,3.417374849319458
2019-01-29,36.700462341308594,95.88846588134766,53.032745361328125,79.69400024414062,85.4810562133789,105.88711547851562,128.0408477783203,77.82449340820312,50.96176528930664,3.258653163909912
2019-01-30,39.2083740234375,99.09282684326172,54.41697692871094,83.52149963378906,85.6780014038086,106.95143127441406,130.50682067871094,78.6398696899414,51.51763916015625,3.4020237922668457
2019-01-31,39.49072647094727,97.27640533447266,55.79970932006836,85.9365005493164,84.93125915527344,108.12134552001952,128.05032348632812,80.26223754882812,52.22315979003906,3.5595083236694336
2019-02-01,39.50971221923828,95.73944091796876,55.43940353393555,81.3115005493164,85.24308776855469,109.0312957763672,132.92539978027344,81.09423828125,54.10455703735352,3.5837748050689697
2019-02-04,40.63197326660156,98.49665832519533,56.56938171386719,81.66549682617188,85.54669952392578,107.95890045166016,134.2058563232422,81.56015014648438,53.32063674926758,3.693964958190918
2019-02-05,41.3271598815918,99.8752670288086,57.0872917175293,82.94049835205078,85.16922760009766,107.95890045166016,135.1827392578125,81.06929016113281,53.8693962097168,3.7130320072174072
2019-02-06,41.341400146484375,98.7667999267578,55.65103149414063,82.01300048828125,85.12821197509766,108.0563735961914,134.19639587402344,81.4686279296875,53.63421249389648,3.788555145263672
2019-02-07,40.55841827392578,98.0588607788086,54.80949401855469,80.71849822998047,84.01219940185547,107.2845230102539,132.9444122314453,80.81964111328125,53.22087478637695,3.650384187698364
2019-02-08,40.6060791015625,98.43146514892578,54.63454055786133,79.41100311279297,83.17520141601562,107.56890106201172,133.14353942871094,81.29390716552734,53.30734634399414,3.668955087661743
2019-02-11,40.37255859375,98.04022979736328,54.62165451049805,79.55000305175781,82.78130340576172,107.24392700195312,133.54188537597656,81.75982666015625,53.39381790161133,3.626365184783936
2019-02-12,40.720458984375,99.56786346435548,55.88346862792969,81.90049743652344,84.1927261352539,108.9988021850586,134.67054748535156,82.58348083496094,54.33054733276367,3.743241310119629
2019-02-13,40.551265716552734,99.49335479736328,55.935508728027344,82.0,84.59480285644531,109.23443603515624,136.09323120117188,82.5668716430664,54.94302749633789,3.785583734512329
2019-02-14,40.69900894165039,99.57720947265624,55.96376037597656,81.13249969482422,84.0450210571289,109.12068176269533,136.01722717285156,81.91790771484375,54.95745086669922,3.8264408111572266
2019-02-15,40.60846710205078,100.80677795410156,55.48945999145508,80.39749908447266,86.61347961425781,110.8024444580078,137.679931640625,81.93453979492188,55.99504852294922,3.8960213661193848
2019-02-19,40.72998809814453,100.76020050048828,55.83044052124024,81.37899780273438,86.30986022949219,110.24187469482422,137.23333740234375,83.19084167480469,56.3697509765625,3.87868857383728
2019-02-20,40.992095947265625,100.23633575439452,55.53703689575195,81.1050033569336,86.72836303710938,110.778076171875,137.5088653564453,82.60015106201172,56.58591079711914,3.925983190536499
2019-02-21,40.76095581054688,102.35052490234376,54.725242614746094,80.97200012207031,86.5478286743164,110.0225067138672,136.81529235839844,83.01611328125,56.07432174682617,3.857144832611084
2019-02-22,41.21608352661133,103.80986785888672,55.337310791015625,81.5780029296875,86.1621322631836,110.98120880126952,138.5919952392578,83.40715026855469,56.50664138793945,3.94183087348938
2019-02-25,41.51631927490234,104.38985443115234,55.37546920776367,81.6500015258789,87.0648193359375,111.39012908935548,138.7725067138672,82.8414306640625,56.56429672241211,3.9294495582580566
2019-02-26,41.5401496887207,105.11017608642578,55.60741424560547,81.81999969482422,86.40013122558594,111.31649017333984,139.70362854003906,83.0577392578125,56.67959213256836,3.8900787830352783
2019-02-27,41.66883087158203,104.9323959350586,55.65103149414063,82.05449676513672,86.29344940185547,111.12025451660156,139.87466430664062,82.29228973388672,57.26324081420898,3.848231315612793
2019-02-28,41.25896835327149,104.8014678955078,55.83241653442383,81.99150085449219,85.63695526123047,111.75000762939452,140.72975158691406,81.9927749633789,56.946197509765625,3.8236916065216064
2019-03-01,41.692657470703125,105.26922607421876,56.92126083374024,83.58650207519531,85.69440460205078,113.1484832763672,142.0124053955078,81.90125274658203,57.64513397216797,3.877976655960083
2019-03-04,41.90234375,105.0166244506836,57.16411972045898,84.80850219726562,85.49748229980469,113.25479125976562,140.57772827148438,82.259033203125,57.8685302734375,3.886155843734741
2019-03-05,41.82609176635742,104.49275970458984,57.9456787109375,84.62149810791016,85.43183135986328,113.49195861816406,140.56822204589844,82.44206237792969,57.78204345703125,3.879710912704468
2019-03-06,41.58543014526367,104.53955078125,57.73505401611328,83.44750213623047,85.11180114746094,113.75367736816406,140.43516540527344,82.3089599609375,57.1263427734375,3.768912553787232
2019-03-07,41.10409927368164,103.26727294921876,57.036739349365234,81.29750061035156,84.49634552001953,113.0585479736328,139.50408935546875,81.9927749633789,57.76045608520508,3.699754476547241
2019-03-08,41.201786041259766,103.37952423095705,56.99312973022461,81.04000091552734,84.52916717529297,112.91129302978516,139.99815368652344,81.87629699707031,56.931785583496094,3.7339625358581534
2019-03-11,42.62911224365234,105.54983520507812,58.44475555419922,83.53099822998047,85.62875366210938,113.32022857666016,143.1525115966797,82.84974670410156,57.486610412597656,3.9942281246185294
2019-03-12,43.10806655883789,106.28887176513672,59.33634567260742,83.65499877929688,85.37438201904297,113.8272705078125,144.15966796875,83.24076843261719,57.64513397216797,4.0284342765808105
2019-03-13,43.29870223999024,107.1120834350586,59.42605972290039,84.54049682617188,85.66160583496094,114.0154037475586,144.86268615722656,84.18092346191406,58.15674591064453,4.179637908935547
2019-03-14,43.78002548217773,107.19628143310548,59.10242462158203,84.31099700927734,86.44116973876953,112.87858581542967,146.5063934326172,84.29742431640625,57.962196350097656,4.103787422180176
2019-03-15,44.34952926635742,108.4311294555664,58.99190902709961,85.61799621582031,87.43407440185547,112.53510284423828,147.70355224609375,85.2292251586914,57.753211975097656,4.209136009216309
2019-03-18,44.80227279663086,109.98400115966795,58.90517425537109,87.10749816894531,87.95924377441406,112.18342590332033,147.2284393310547,84.45548248291016,58.4233627319336,4.187817096710205
2019-03-19,44.447227478027344,110.05883026123048,59.59456253051758,88.09249877929688,87.63922882080078,113.22210693359376,146.87693786621094,84.77996826171875,58.27202606201172,4.355378150939941
2019-03-20,44.83562469482422,109.93722534179688,60.78252029418945,89.8635025024414,85.76825714111328,112.2815399169922,146.078857421875,84.63021850585938,58.596282958984375,4.322908401489258
2019-03-21,46.4869384765625,112.46302032470705,61.26326751708984,90.96299743652344,84.4142837524414,112.94401550292967,148.02658081054688,85.27083587646484,58.93494415283203,4.559378147125244
2019-03-22,45.52426910400391,109.49756622314452,59.85177993774414,88.2385025024414,81.86223602294922,111.97079467773438,145.43276977539062,84.58029174804688,57.99102020263672,4.399750232696533
2019-03-25,44.97382736206055,110.06819915771484,59.34279251098633,88.71299743652344,81.18115234375,111.72544860839844,145.3947296142578,84.82987976074219,57.58750915527344,4.307540893554688
2019-03-26,44.50918197631836,110.30205535888672,58.96910858154297,89.18800354003906,81.9935531616211,113.32842254638672,147.55152893066406,85.7117919921875,58.33688354492188,4.384133338928223
2019-03-27,44.90950012207031,109.23561096191406,58.382808685302734,88.28500366210938,81.71452331542969,113.43470764160156,146.52542114257812,85.61195373535156,57.8901252746582,4.374962329864502
2019-03-28,44.96906280517578,109.38530731201172,58.09832763671875,88.6709976196289,82.64179229736328,113.58193969726562,146.9529266357422,86.15277099609375,58.1783447265625,4.393551826477051
2019-03-29,45.26215362548828,110.33011627197266,58.32730102539063,89.0374984741211,83.06851959228516,114.32618713378906,148.39710998535156,86.5687484741211,58.22159194946289,4.450810432434082
2019-04-01,45.569557189941406,111.34043884277344,59.42208480834961,90.70950317382812,85.86674499511719,113.66374969482422,149.41372680664062,86.22762298583984,58.89171600341797,4.518232822418213
2019-04-02,46.23198318481445,111.4994659423828,59.74720764160156,90.6989974975586,86.27703857421875,112.62506103515624,149.9077606201172,86.31915283203125,58.6395263671875,4.536079406738281
2019-04-03,46.54890060424805,112.22913360595705,60.008392333984375,91.03500366210938,86.44937133789062,112.18342590332033,150.5538787841797,86.26923370361328,58.29366302490234,4.675384044647217
2019-04-04,46.62991714477539,111.65848541259766,60.43659591674805,90.94300079345705,87.28450012207031,110.8749008178711,149.77474975585938,86.05292510986328,59.122291564941406,4.666460990905762
2019-04-05,46.94207000732422,112.15432739257812,60.04010772705078,91.86399841308594,87.0777816772461,111.37377166748048,149.7842254638672,86.2359390258789,59.43935394287109,4.7331390380859375
2019-04-08,47.68074417114258,112.19174194335938,59.88300704956055,92.49299621582033,87.3589096069336,111.34103393554688,149.87928771972656,87.33415985107422,59.80684280395508,4.753961086273193
2019-04-09,47.53777313232422,111.58366394042967,59.60596084594727,91.79199981689452,86.71394348144531,110.8749008178711,149.63218688964844,87.07625579833984,59.03582763671875,4.691248416900635
2019-04-10,47.80466079711914,112.43496704101562,59.79230499267578,92.3665008544922,87.10260772705078,110.88307189941406,150.64886474609375,87.06791687011719,58.769229888916016,4.761642932891846
2019-04-11,47.4067268371582,112.56591796875,59.94793319702149,92.20349884033205,87.83851623535156,110.58048248291016,149.98377990722656,87.15111541748047,59.05024337768555,4.747762680053711
2019-04-12,47.38766098022461,113.14591979980467,60.59915542602539,92.15299987792967,91.956298828125,111.2101821899414,151.6749725341797,87.40906524658203,58.308048248291016,4.709837436676025
2019-04-15,47.47343826293945,113.23947143554688,60.78748321533203,92.24349975585938,90.90618896484376,111.6518325805664,152.43504333496094,87.96649169921875,58.1135139465332,4.57821798324585
2019-04-16,47.47820281982422,112.97753143310548,61.05411911010742,93.1520004272461,91.8653564453125,112.87858581542967,152.23553466796875,88.5405502319336,58.50981521606445,4.665221214294434
2019-04-17,48.40274810791016,113.91299438476562,61.462005615234375,93.24099731445312,94.5113525390625,113.28750610351562,152.43504333496094,88.68800354003906,58.675559997558594,4.6424174308776855
2019-04-18,48.576698303222656,115.40975952148438,61.52791976928711,93.08450317382812,93.81676483154295,112.46968841552734,152.1690216064453,88.8556137084961,58.45937347412109,4.61787748336792
2019-04-22,48.7363395690918,115.77459716796876,62.13701629638672,94.3655014038086,93.9325180053711,112.72321319580078,152.39703369140625,88.82208251953125,59.73477935791016,4.671664714813232
2019-04-23,49.43928909301758,117.34620666503906,62.97111511230469,96.1884994506836,94.04830932617188,114.41613006591795,153.59417724609375,86.43417358398438,60.08064651489258,4.726197242736816
2019-04-24,49.363037109375,116.94393920898438,62.44875717163086,95.0875015258789,93.89120483398438,113.8436508178711,153.4326629638672,86.87824249267578,58.91332626342773,4.73859167098999
2019-04-25,48.91506576538086,120.81684112548828,62.81005096435547,95.1125030517578,93.9407958984375,114.2116470336914,152.986083984375,86.53470611572266,59.24480056762695,4.632997512817383
2019-04-26,48.68153762817383,121.50906372070312,63.30961608886719,97.53150177001952,94.65191650390624,114.81687927246094,154.80079650878906,88.69641876220703,57.99821853637695,4.41437292098999
2019-04-29,48.755409240722656,121.39682006835938,64.24036407470703,96.92150115966795,96.0162582397461,114.36705780029295,155.9599151611328,87.79150390625,57.62353897094727,4.4451093673706055
2019-04-30,47.81655883789063,122.17327880859376,59.42110443115234,96.32599639892578,95.95838928222656,115.47931671142578,156.2259521484375,89.21589660644531,57.84688568115234,4.486504554748535
2019-05-01,50.163665771484375,119.6287612915039,58.150367736816406,95.57599639892578,95.22246551513672,116.0926742553711,154.6678009033203,87.91717529296875,56.68678283691406,4.473366737365723
2019-05-02,49.83722305297852,118.06652069091795,57.81286239624024,95.04100036621094,95.4291763305664,115.54475402832033,153.08114624023438,88.44505310058594,55.69240951538086,4.540788650512695
2019-05-03,50.45675277709961,120.58295440673828,58.95473861694336,98.1230010986328,96.0162582397461,116.14178466796876,153.95523071289062,88.88072967529297,55.82211685180664,4.536327838897705
2019-05-06,49.67756652832031,119.88133239746094,59.14852142333984,97.52749633789062,95.1645736694336,116.2072296142578,154.1832275390625,88.54559326171875,55.577110290527344,4.458000659942627
2019-05-07,48.33839797973633,117.42105102539062,58.4249382019043,96.0500030517578,93.61006927490234,114.4734115600586,152.2164764404297,87.72449493408203,55.28168869018555,4.290933132171631
2019-05-08,48.347938537597656,117.41169738769533,58.02448654174805,95.88849639892578,93.11393737792967,114.32618713378906,152.73907470703125,88.03449249267578,55.3681640625,4.311008930206299
2019-05-09,47.82848739624024,117.40232849121094,57.88521957397461,94.99349975585938,93.03949737548828,113.45925903320312,151.83648681640625,87.33907318115234,55.31772613525391,4.218553066253662
2019-05-10,47.1658935546875,118.9271469116211,57.86886215209961,94.4990005493164,93.03126525878906,113.72095489501952,152.69155883789062,88.82208251953125,55.79875946044922,4.184594631195068
2019-05-13,44.42464447021485,115.39104461669922,56.33000564575195,91.13400268554688,90.50101470947266,112.20793151855467,149.480224609375,88.9058837890625,55.17923355102539,3.927550792694092
2019-05-14,45.127891540527344,116.68202209472656,55.748661041259766,92.00599670410156,91.22042083740234,111.8971710205078,152.2164764404297,88.47856903076172,55.25212097167969,4.016537189483643
2019-05-15,45.66849899291992,118.32516479492188,58.02547454833984,93.55750274658205,90.87311553955078,111.97079467773438,154.6678009033203,89.40018463134766,55.660274505615234,3.955559968948364
2019-05-16,45.467552185058594,121.05744934082033,58.70444869995117,95.37850189208984,92.03899383544922,113.03399658203124,156.8849639892578,90.58160400390624,55.65299224853516,3.9706802368164062
2019-05-17,45.20922470092773,120.24999237060548,57.92536163330078,93.4499969482422,91.59252166748048,113.36113739013672,156.14273071289062,90.0285873413086,55.32501602172852,3.8799586296081534
2019-05-20,43.795528411865234,118.5129623413086,56.72996139526367,92.94850158691406,92.0720672607422,113.20572662353516,155.5527801513672,89.92806243896484,55.31772613525391,3.761475086212158
2019-05-21,44.635135650634766,119.15142059326172,57.21466445922852,92.8759994506836,92.38629913330078,112.96041107177734,155.9238739013672,89.12372589111328,55.57280349731445,3.8435215950012207
2019-05-22,43.721378326416016,119.8744125366211,57.28454208374024,92.98400115966795,91.6338348388672,113.48377990722656,156.28549194335938,89.4169921875,55.06991958618164,3.772630453109741
2019-05-23,42.97508239746094,118.47537994384766,56.763668060302734,90.77400207519533,89.83126831054688,114.32618713378906,153.68765258789062,89.45046997070312,53.779903411865234,3.651667833328247
2019-05-24,42.81002426147461,118.5317153930664,56.43012237548828,91.16400146484376,90.71601104736328,114.33443450927734,154.762939453125,89.391845703125,54.00584030151367,3.597879409790039
2019-05-28,42.63301086425781,118.45661926269533,56.47720718383789,91.82150268554688,89.73204040527344,112.86865234375,155.78115844726562,87.52339935302734,52.91989517211914,3.5527663230896
2019-05-29,42.42970275878906,117.31109619140624,55.50482940673828,90.95950317382812,89.48397827148438,108.14214324951172,154.84861755371094,87.29717254638672,52.59192657470703,3.478652000427246
2019-05-30,42.64976501464844,118.05286407470705,55.577674865722656,90.81600189208984,88.52479553222656,108.78443145751952,154.8771209716797,88.2523422241211,52.45344161987305,3.452099323272705
2019-05-31,41.877140045166016,116.1280517578125,54.8387336730957,88.75350189208984,87.6152572631836,107.99391174316406,153.5164031982422,86.2247085571289,51.5788459777832,3.3615221977233887
2019-06-03,41.45375061035156,112.5225067138672,51.48051452636719,84.6344985961914,88.0286865234375,108.23274230957033,150.9186553955078,86.97042083740234,52.38784408569336,3.319832563400269
2019-06-04,42.97029113769531,115.63980102539062,52.26108551025391,86.47799682617188,90.74080657958984,110.118408203125,154.46798706054688,87.70771789550781,53.63414764404297,3.5486321449279785
2019-06-05,43.66397857666016,118.1467742919922,51.77292251586914,86.92500305175781,91.06328582763672,110.65362548828124,157.37973022460938,89.42533111572266,53.18955993652344,3.5059494972229004
2019-06-06,44.30503463745117,120.0152587890625,51.92755126953125,87.71800231933594,91.2617416381836,112.54753112792967,158.8356475830078,89.96995544433594,54.15889739990234,3.56798791885376
2019-06-07,45.48429489135742,123.3766632080078,52.94899368286133,90.20149993896484,90.26123809814452,114.08738708496094,161.81405639648438,91.13457489013672,54.35567092895508,3.6106715202331534
2019-06-10,46.06555938720703,124.50337982177734,53.66216659545898,93.03150177001952,91.23694610595705,114.4744110107422,162.5467987060547,91.09268951416016,54.59619140625,3.683381319046021
2019-06-11,46.59897994995117,124.03392791748048,53.5769157409668,93.18499755859376,91.51807403564452,115.10018157958984,162.06149291992188,91.64569854736328,54.545166015625,3.740953207015991
2019-06-12,46.45068740844727,123.46116638183594,53.48077774047852,92.76599884033205,90.3521957397461,116.66471099853516,163.2794647216797,91.89704895019533,53.954833984375,3.628042459487915
2019-06-13,46.44111251831055,124.240478515625,54.071044921875,93.51499938964844,90.575439453125,115.86602020263672,161.14804077148438,92.92762756347656,54.42855453491211,3.679162979125977
2019-06-14,46.10383987426758,124.36253356933594,53.83761215209961,93.4834976196289,90.80695343017578,115.35547637939452,161.44297790527344,93.1706085205078,54.18804931640625,3.5893301963806152
2019-06-17,46.3789176940918,124.7381591796875,54.21377944946289,94.30149841308594,90.31085205078124,114.8202133178711,161.34779357910156,92.99463653564452,54.72736740112305,3.599007606506348
2019-06-18,47.46969223022461,126.90704345703124,54.77628707885742,95.06849670410156,91.54288482666016,115.47071075439452,161.0813446044922,91.83002471923828,55.201114654541016,3.7938108444213863
2019-06-19,47.33094024658203,127.40467834472656,54.74010467529297,95.4394989013672,90.88140869140624,115.65189361572266,162.42311096191406,92.51703643798828,54.89502716064453,3.799767017364502
2019-06-20,47.71128082275391,128.58779907226562,55.17078399658203,95.90950012207033,91.1129150390625,117.10116577148438,165.3253936767578,93.62305450439452,55.8351936340332,3.824085712432861
2019-06-21,47.548622131347656,128.6065216064453,55.7739372253418,95.56500244140624,90.49275207519533,117.00233459472656,165.0399169921875,93.1706085205078,56.62232208251953,3.766016721725464
2019-06-24,47.50077438354492,129.36709594726562,55.34425354003906,95.69499969482422,89.84778594970703,117.80107879638672,165.4300079345703,94.11741638183594,56.08298873901367,3.788351535797119
2019-06-25,46.78077697753906,125.28273010253906,53.90105056762695,93.91349792480467,89.10363006591797,118.77274322509766,162.98451232910156,93.6063003540039,55.5873908996582,3.759068965911865
2019-06-26,47.792598724365234,125.7521514892578,53.541236877441406,94.8915023803711,89.69895935058594,116.80472564697266,162.775146484375,91.93894958496094,55.82789993286133,3.952133655548096
2019-06-27,47.77825164794922,125.95875549316406,53.35836410522461,95.21399688720705,89.99664306640625,115.84953308105467,162.93690490722656,91.98082733154295,55.25941848754883,4.050652980804443
2019-06-28,47.342899322509766,125.78034973144533,53.66415023803711,94.68150329589844,92.44416809082033,114.68848419189452,165.14453125,91.87191009521484,55.84975814819336,4.07546854019165
2019-07-01,48.211212158203125,127.39532470703124,54.51658630371094,96.1094970703125,93.99870300292967,114.75434112548828,165.5156707763672,92.5757064819336,55.79875946044922,4.123610496520996
2019-07-02,48.49347686767578,128.2403564453125,55.141056060791016,96.71549987792967,94.09793090820312,115.30603790283205,166.79080200195312,93.40518951416016,55.186553955078125,4.025835990905762
2019-07-03,48.89532852172852,129.06661987304688,55.65598678588867,96.9499969482422,93.9480209350586,117.04351043701172,168.3037872314453,95.58362579345705,55.7112922668457,4.038739204406738
2019-07-05,48.852272033691406,128.6910400390625,56.13573455810547,97.14550018310548,94.50594329833984,115.75074005126952,168.10391235351562,94.80443572998048,55.48534393310547,3.976206064224243
2019-07-08,47.8452377319336,128.59715270996094,55.34870910644531,97.61599731445312,93.98966217041016,116.08009338378906,167.65670776367188,95.55850982666016,55.74042892456055,3.901261806488037
2019-07-09,48.137054443359375,128.12770080566406,55.72041702270508,99.41500091552734,94.38938903808594,116.44239807128906,169.1221160888672,94.60336303710938,55.704010009765625,3.903743743896485
2019-07-10,48.61306381225586,129.43280029296875,56.54410934448242,100.87049865722656,94.11455535888672,116.2777328491211,170.62559509277344,95.30715942382812,56.491119384765625,3.971986770629883
2019-07-11,48.259056091308594,129.94921875,56.70122146606445,100.05349731445312,95.01390075683594,115.37193298339844,171.98631286621094,95.8350067138672,56.53486633300781,4.126339912414551
2019-07-12,48.62981414794922,130.41868591308594,56.763668060302734,100.5500030517578,96.01316833496094,110.58776092529295,171.59619140625,96.34611511230467,56.57857894897461,4.159343719482422
2019-07-15,49.086692810058594,130.41868591308594,57.0198974609375,101.04949951171876,94.84737396240234,110.9253921508789,171.82455444335938,96.75668334960938,56.177734375,4.150906562805176
2019-07-16,48.9168586730957,128.7098388671875,57.16609573364258,100.49500274658205,95.8633041381836,109.1055679321289,170.62559509277344,97.10017395019533,55.33958435058594,4.146193504333496
2019-07-17,48.64176940917969,127.94928741455078,56.83305358886719,99.60150146484376,94.92230224609376,108.57855987548828,170.4733428955078,97.14208984375,55.01161956787109,4.211457252502441
2019-07-18,49.19432830810547,128.0901336669922,56.85782623291016,98.8949966430664,95.48858642578124,108.75150299072266,171.78648376464844,97.34953308105467,54.545166015625,4.223121166229248
2019-07-19,48.45996856689453,128.27792358398438,56.08022689819336,98.22599792480467,94.54759216308594,107.30223846435548,170.5589599609375,96.98692321777344,54.65447998046875,4.179941654205322
2019-07-22,49.56747817993164,129.97740173339844,56.45985794067383,99.28150177001952,95.1554718017578,105.92710876464844,171.82455444335938,97.23148345947266,54.71279525756836,4.251410484313965
2019-07-23,49.95497512817383,130.7848663330078,56.89796829223633,99.72450256347656,96.89586639404295,106.09178161621094,172.1385955810547,96.00870513916016,54.93143081665039,4.359110832214356
2019-07-24,49.91432571411133,132.12762451171875,56.485633850097656,100.04049682617188,97.28726196289062,106.86581420898438,174.4508514404297,94.95458984375,54.92414474487305,4.433557510375977
2019-07-25,49.51963806152344,131.6299285888672,56.297794342041016,98.69100189208984,96.35462188720705,107.9692153930664,172.79515075683594,95.09793853759766,54.61076736450195,4.3025312423706055
2019-07-26,49.69186782836914,132.70973205566406,61.71377182006836,97.15249633789062,96.77928161621094,107.64806365966795,174.79345703125,96.75081634521484,54.5233039855957,4.3444671630859375
2019-07-29,50.15592956542969,132.4186248779297,61.54624938964844,95.62249755859376,96.47119903564452,109.53376770019533,174.336669921875,97.82177734375,54.909576416015625,4.338265419006348
2019-07-30,49.940650939941406,131.78016662597656,60.8603401184082,94.92649841308594,96.25469207763672,108.75970458984376,172.7380828857422,101.5406723022461,54.9168586730957,4.353899002075195
2019-07-31,50.95964431762695,127.94928741455078,60.37464141845703,93.33899688720705,96.59609985351562,107.2281265258789,169.3790283203125,99.54207611083984,54.19533157348633,4.186890125274658
2019-08-01,49.85691452026367,129.6300048828125,60.05646514892578,92.76599884033205,94.0479507446289,107.2857666015625,170.49234008789062,98.4374008178711,52.81056594848633,4.092589855194092
2019-08-02,48.80202865600586,128.54080200195312,59.290260314941406,91.16200256347656,94.03963470458984,107.92807006835938,168.82711791992188,98.1928253173828,52.29310989379883,4.000028610229492
2019-08-05,46.24736404418945,124.1371841430664,57.23003387451172,88.25650024414062,91.24166870117188,107.1787338256836,160.6817169189453,95.359375,51.22173309326172,3.74194598197937
2019-08-06,47.122840881347656,126.4657974243164,58.03935623168945,89.3915023803711,91.95779418945312,107.6810073852539,164.12640380859375,96.37133026123048,51.71734237670898,3.780658006668091
2019-08-07,47.61080551147461,127.01976776123048,58.27872848510742,89.66999816894531,89.95927429199219,107.21990203857422,166.82884216308594,97.41699981689452,51.38207244873047,3.8188745975494394
2019-08-08,48.66091537475586,130.4092559814453,59.779422760009766,91.64450073242188,91.48316955566406,108.43035888671876,171.18702697753906,99.0361099243164,52.75226593017578,3.927318572998047
2019-08-09,48.25992584228516,129.3013458251953,58.92252349853516,90.37899780273438,91.38320922851562,108.72679901123048,170.37818908691406,98.47954559326172,51.62986373901367,3.82607102394104
2019-08-12,48.13745880126953,127.49860382080078,58.2088508605957,89.24600219726562,89.6678237915039,108.63619232177734,167.79945373535156,97.84707641601562,51.37898635864258,3.758323907852173
2019-08-13,50.17601013183594,130.13702392578125,59.31058120727539,91.21700286865234,91.05013275146484,109.8631362915039,169.95950317382812,98.87590026855467,52.01357650756836,3.872476577758789
2019-08-14,48.68251800537109,126.21800231933594,57.70085525512695,88.14800262451172,87.26956939697266,107.26107025146484,165.10646057128906,97.64469146728516,49.91797637939453,3.72407865524292
2019-08-15,48.43999862670898,125.93537902832033,57.952125549316406,88.80599975585938,87.6026611328125,107.49163055419922,167.974853515625,98.99396514892578,49.62282943725586,3.6918187141418457
2019-08-16,49.58293914794922,128.24346923828125,58.44227981567383,89.62850189208984,89.70113372802734,108.1668472290039,169.84259033203125,100.50345611572266,50.397605895996094,3.9595792293548575
2019-08-19,50.507362365722656,130.39138793945312,59.49444580078125,90.80599975585938,90.50886535644533,108.89968872070312,171.2815399169922,101.3973617553711,51.24617004394531,4.238009452819824
2019-08-20,50.509761810302734,129.3079833984375,58.65637969970703,90.06900024414062,89.35971069335938,107.54103088378906,170.8050537109375,100.26732635498048,50.936256408691406,4.165796279907227
2019-08-21,51.05721664428711,130.74935913085938,59.05534744262695,91.177001953125,89.60952758789062,108.30685424804688,172.4250946044922,100.52031707763672,51.44540786743164,4.249176979064941
2019-08-22,51.01400375366211,129.7978515625,59.052371978759766,90.23300170898438,90.53388214111328,108.0927276611328,171.61508178710938,100.70581817626952,51.334720611572266,4.2553815841674805
2019-08-23,48.65610885620117,125.66220092773438,57.17204284667969,87.48100280761719,88.28550720214844,105.17777252197266,166.9837646484375,98.93492889404295,49.7999153137207,4.031047344207764
2019-08-26,49.58053588867188,127.60284423828124,58.04430770874024,88.44349670410156,88.99332427978516,106.0239715576172,169.23269653320312,100.62151336669922,50.065555572509766,4.105742931365967
2019-08-27,49.02107620239258,127.87609100341795,58.02646255493164,88.09149932861328,88.0523452758789,107.55044555664062,169.98553466796875,101.65876007080078,49.57854843139648,4.015165328979492
2019-08-28,49.35002517700195,127.70648956298828,58.17167663574219,88.2125015258789,88.93502044677734,106.7540512084961,170.2618865966797,102.37554931640624,49.94011306762695,4.004732608795166
2019-08-29,50.18561172485352,130.11814880371094,59.18717193603516,89.31999969482422,90.95022583007812,106.38900756835938,172.6442108154297,102.1900405883789,50.49352264404297,4.148309707641602
2019-08-30,50.12077713012695,129.87327575683594,59.0033073425293,88.81449890136719,91.48316955566406,106.48856353759766,172.31072998046875,101.3888931274414,50.530418395996094,4.160977840423584
2019-09-03,49.39083862304688,128.1586456298828,57.963523864746094,89.49199676513672,90.40059661865234,106.80382537841795,170.76693725585938,102.34183502197266,50.589454650878906,4.078011512756348
2019-09-04,50.22882461547852,129.65655517578125,58.593936920166016,90.03099822998047,91.49149322509766,106.9033660888672,173.21600341796875,103.90192413330078,51.128116607666016,4.192028045654297
2019-09-05,51.21087646484375,131.9363555908203,60.076778411865234,92.03600311279295,93.57330322265624,106.67107391357422,176.0367431640625,103.5224380493164,51.85124206542969,4.464773178100586
2019-09-06,51.206085205078125,131.0413818359375,59.78586959838867,91.67549896240234,93.7731704711914,106.36412811279295,176.99917602539062,103.6152114868164,52.33823776245117,4.437697410583496
2019-09-09,51.424583435058594,129.5529022216797,59.73382568359375,91.56749725341795,96.0964584350586,105.31878662109376,173.00637817382812,103.02489471435548,52.751461029052734,4.483651161193848
2019-09-10,52.03207015991211,128.19635009765625,59.7551383972168,91.02749633789062,97.32057189941406,107.4757843017578,168.05113220214844,101.09375762939452,53.1794319152832,4.550222873687744
2019-09-11,53.68641662597656,128.23403930664062,60.46384811401367,91.14949798583984,97.58704376220705,108.81974792480467,166.74559020996094,102.26592254638672,53.07612228393555,4.578789710998535
2019-09-12,53.56637191772461,129.5529022216797,61.20577239990234,92.17749786376952,98.18659973144533,108.2058334350586,169.60433959960938,103.53084564208984,53.113014221191406,4.577298641204834
2019-09-13,52.524295806884766,129.36451721191406,61.45654296875,91.96700286865234,100.11853790283205,108.49620819091795,168.9278106689453,102.98273468017578,53.60002517700195,4.519423007965088
2019-09-16,52.8004264831543,128.43185424804688,61.04024887084961,90.39199829101562,99.2274932861328,107.4675064086914,167.82237243652344,100.984130859375,54.40432357788086,4.476449012756348
2019-09-17,52.99251174926758,129.4304656982422,60.95351409912109,91.12750244140624,98.73619842529295,107.5753402709961,168.14639282226562,102.17316436767578,53.99111557006836,4.497810363769531
2019-09-18,53.48954391479492,130.4949951171875,61.090797424316406,90.8730010986328,99.72713470458984,108.18927001953124,167.04098510742188,102.38399505615234,53.73285675048828,4.470734596252441
2019-09-19,53.05493927001953,132.8972930908203,61.39311218261719,91.0749969482422,99.41070556640624,107.94036102294922,167.67945861816406,102.7972183227539,53.37128829956055,4.395220756530762
2019-09-20,52.27938079833984,131.36172485351562,60.95153045654297,89.70800018310547,99.01100158691406,109.21793365478516,165.8688507080078,103.08393096923828,53.18681335449219,4.289649486541748
2019-09-23,52.51709365844727,131.07911682128906,61.19190216064453,89.26499938964844,98.99434661865234,109.29264068603516,166.67886352539062,103.91033935546876,53.22370147705078,4.343056678771973
2019-09-24,52.26737594604492,129.42105102539062,60.38108444213867,87.08049774169922,97.70361328125,109.13501739501952,166.2691192626953,104.23922729492188,52.49319839477539,4.285676002502441
2019-09-25,53.07174301147461,131.28631591796875,61.749454498291016,88.41649627685547,98.26154327392578,108.6704330444336,167.0314483642578,103.7416763305664,52.64816284179688,4.4272637367248535
2019-09-26,52.79803085327149,131.4558868408203,61.56855773925781,86.99199676513672,97.45381927490234,106.8950653076172,167.384033203125,104.82953643798828,52.36774826049805,4.405157089233398
2019-09-27,52.54110336303711,129.75074768066406,60.75873947143555,86.27249908447266,98.02838897705078,106.68766021728516,165.81166076660156,105.0487823486328,52.74407577514648,4.266548156738281
2019-09-30,53.77767181396485,130.97544860839844,60.52035140991211,86.79550170898438,98.00340270996094,107.33477783203124,163.915283203125,104.88856506347656,52.10212707519531,4.323929786682129
2019-10-01,53.92654037475586,129.12904357910156,59.77000427246094,86.78250122070312,96.22136688232422,107.84081268310548,166.08799743652344,104.44161224365234,50.877235412597656,4.322190284729004
2019-10-02,52.5747184753418,126.84918212890624,58.37834548950195,85.6614990234375,94.30609893798828,109.5083465576172,161.83792114257812,102.10568237304688,49.54904174804688,4.298345565795898
2019-10-03,53.02132415771485,128.3848114013672,58.94879150390625,86.22100067138672,94.17179107666016,108.83636474609376,164.73486328125,102.66226959228516,50.1614875793457,4.503772258758545
2019-10-04,54.50760269165039,130.11814880371094,60.01583099365234,86.98249816894531,96.21153259277344,110.88544464111328,167.698486328125,104.568115234375,50.89198303222656,4.520166397094727
2019-10-07,54.51961135864258,129.17611694335938,59.88151168823242,86.63300323486328,96.0016860961914,110.47068786621094,166.66932678222656,103.5898895263672,50.19098281860352,4.578789710998535
2019-10-08,53.88092041015625,127.81011199951172,58.98348236083984,85.27549743652344,93.86122131347656,109.37557983398438,164.3059844970703,101.9792022705078,49.21697616577149,4.402424335479736
2019-10-09,54.51241683959961,130.23121643066406,59.59158706665039,86.09950256347656,94.54113006591795,107.20201110839844,166.6501922607422,102.86466217041016,49.76301574707031,4.488867282867432
2019-10-10,55.24715042114258,131.0413818359375,59.94198226928711,86.01300048828125,95.86737060546876,107.06929779052734,166.6501922607422,102.83094787597656,50.3607063293457,4.546497344970703
2019-10-11,56.716644287109375,131.58778381347656,60.25123977661133,86.59600067138672,97.4874038696289,108.95248413085938,168.7276611328125,102.11412811279295,50.899375915527344,4.62002420425415
2019-10-14,56.63499450683594,131.46533203125,60.35334014892578,86.82150268554688,97.74761199951172,108.4464340209961,169.0135498046875,101.2371063232422,51.04693603515625,4.6334381103515625
2019-10-15,56.5029411315918,133.36830139160156,61.56607818603516,88.36900329589844,100.69391632080078,110.20521545410156,170.33816528320312,98.83373260498048,51.22403717041016,4.877864837646484
2019-10-16,56.27482604980469,132.27549743652344,61.6037483215332,88.87149810791016,100.45885467529295,112.13819122314452,169.49954223632812,99.1120147705078,50.345947265625,4.824210643768311
2019-10-17,56.49333572387695,131.59725952148438,62.08944320678711,89.3740005493164,101.02124786376952,112.96776580810548,169.5662384033203,98.98129272460938,50.27954864501953,4.826199054718018
2019-10-18,56.76465225219727,129.4492950439453,61.67362594604492,87.87550354003906,101.1975326538086,105.94102478027344,167.4412078857422,99.6942138671875,49.888450622558594,4.731805324554443
2019-10-21,57.74911117553711,130.41021728515625,61.66718673706055,89.28299713134766,103.70735168457033,106.2064971923828,168.1273193359375,101.0605697631836,50.72227478027344,4.868923187255859
2019-10-22,57.61705017089844,128.4695587158203,61.5145378112793,88.2864990234375,104.74817657470705,107.1854248046875,162.8194122314453,103.69149017333984,50.98053741455078,4.858987331390381
2019-10-23,58.39021682739258,129.2891387939453,62.32881546020508,88.1084976196289,105.02517700195312,107.76614379882812,163.2577667236328,104.3874053955078,51.467533111572266,4.846069812774658
2019-10-24,58.48625946044922,131.83270263671875,62.40217208862305,89.03900146484375,104.94964599609376,105.77509307861328,167.8700408935547,105.9065399169922,50.98053741455078,4.890035629272461
2019-10-25,59.206581115722656,132.5769500732422,62.65938568115234,88.06649780273438,105.78903198242188,106.4802703857422,169.48046875,104.5995635986328,51.09859848022461,5.080809116363525
2019-10-28,59.79965972900391,135.83651733398438,63.88253402709961,88.85399627685547,106.19195556640624,107.1688461303711,171.37680053710938,104.79478454589844,50.64848327636719,5.136701583862305
2019-10-29,58.416622161865234,134.55531311035156,62.47898864746094,88.135498046875,106.12477111816406,107.11903381347656,169.27085876464844,104.8966064453125,50.50090026855469,5.040567874908447
2019-10-30,58.40942001342773,136.23220825195312,62.48097229003906,88.99949645996094,105.53722381591795,110.20521545410156,170.8145751953125,106.0338363647461,49.969635009765625,5.042555809020996
2019-10-31,59.73002624511719,135.0640411376953,62.38679504394531,88.83300018310547,104.85729217529295,109.5415267944336,170.44296264648438,105.6688995361328,49.85895156860352,4.993370532989502
2019-11-01,61.42521667480469,135.3937530517578,63.05339813232422,89.5719985961914,107.2747802734375,108.84463500976562,172.41555786132812,105.12574768066406,51.35684967041016,5.032371997833252
2019-11-04,61.82860565185547,136.17562866210938,63.913761138916016,90.23300170898438,108.13094329833984,108.0399169921875,170.5287322998047,101.05209350585938,52.88428115844727,5.228856563568115
2019-11-05,61.7397575378418,136.0908966064453,64.00446319580078,90.08550262451172,108.36599731445312,108.19754791259766,168.0701141357422,100.90780639648438,53.93207550048828,5.2067484855651855
2019-11-06,61.76616668701172,135.71405029296875,63.98315048217773,89.78849792480469,108.53384399414062,108.6455307006836,168.4513397216797,102.11294555664062,52.751461029052734,5.157566547393799
2019-11-07,62.47903060913086,135.9024658203125,64.77263641357422,89.41000366210938,109.12145233154295,109.03546905517578,170.03321838378906,101.51886749267578,53.873046875,5.175202369689941
2019-11-08,62.650020599365234,137.5039520263672,64.87474060058594,89.29399871826172,109.4404067993164,110.33794403076172,170.54776000976562,101.58676147460938,52.84994125366211,5.161290645599365
2019-11-11,63.1461296081543,137.64524841308594,64.34345245361328,88.5824966430664,109.05428314208984,109.49172973632812,171.0909881591797,101.27276611328124,52.52882766723633,5.171227931976318
2019-11-12,63.088321685791016,138.54969787597656,64.29042053222656,88.9000015258789,108.41634368896484,108.9690933227539,171.2815399169922,101.22181701660156,51.80445098876953,5.2067484855651855
2019-11-13,63.69282913208008,138.77578735351562,64.23936462402344,87.65550231933594,107.8455581665039,108.90270233154295,170.9670867919922,102.39298248291016,51.378787994384766,5.180914402008057
2019-11-14,63.25210189819336,139.48233032226562,64.8821792602539,87.7300033569336,107.94628143310548,108.6455307006836,171.57801818847656,102.2657241821289,51.154747009277344,5.211220741271973
2019-11-15,64.00350952148438,141.28167724609375,66.09095764160156,86.97450256347656,108.72691345214844,111.94737243652344,171.59707641601562,102.29963684082033,51.67002868652344,5.072116374969482
2019-11-18,64.32621765136719,141.63026428222656,65.4119873046875,87.62650299072266,109.641845703125,111.85614776611328,171.49203491210938,103.44536590576172,51.169681549072266,5.273072242736816
2019-11-19,64.1311264038086,141.6773223876953,65.05266571044922,87.6395034790039,109.60828399658205,111.84782409667967,174.46070861816406,103.04649353027344,50.646934509277344,5.166508197784424
2019-11-20,63.38454818725586,141.43154907226562,64.5208740234375,87.27649688720703,108.81086730957033,112.77701568603516,173.40110778808594,103.78483581542967,50.80376434326172,5.245747089385986
2019-11-21,63.100372314453125,141.29920959472656,64.43563842773438,86.7354965209961,109.06266021728516,113.19181060791016,171.7115936279297,102.12989807128906,52.02848815917969,5.220907688140869
2019-11-22,63.04498672485352,141.4031982421875,64.11498260498047,87.28600311279297,109.7845687866211,114.5440673828125,171.31069946289062,102.08746337890624,51.80445098876953,5.238544464111328
2019-11-25,64.15040588378906,142.95343017578125,64.70821380615234,88.69200134277344,110.37214660644533,114.59416198730467,172.74253845214844,102.27418518066406,51.4609260559082,5.494895458221436
2019-11-26,63.64947509765625,143.70965576171875,65.07299041748047,89.84700012207031,110.5232162475586,114.58584594726562,174.25067138671875,103.75938415527344,51.33397674560547,5.390319347381592
2019-11-27,64.50440979003906,143.98382568359375,65.02986145019531,90.92549896240234,110.85057830810548,115.0703353881836,175.98793029785156,103.33503723144533,51.30410003662109,5.4251203536987305
2019-11-29,64.36234283447266,143.09524536132812,64.63140106201172,90.04000091552734,110.5987548828125,114.8531494140625,176.1216278076172,103.58963775634766,50.8784294128418,5.3878326416015625
2019-12-02,63.61816787719727,141.36541748046875,63.8765983581543,89.08000183105469,110.35533905029295,114.7445297241211,173.5252227783203,104.14977264404295,51.095001220703125,5.201640605926514
2019-12-03,62.48385620117188,141.13851928710938,64.16801452636719,88.49800109863281,108.936767578125,114.57748413085938,173.6302490234375,104.3449478149414,50.69173431396485,5.162116527557373
2019-12-04,63.03535842895508,141.64898681640625,65.36737060546875,88.03450012207031,111.08563232421876,116.43193817138672,172.38931274414062,105.68585968017578,51.26676177978516,5.205867767333984
2019-12-05,63.96016693115234,141.72457885742188,65.76484680175781,87.02400207519531,111.69000244140624,116.58233642578124,173.62066650390625,105.7622528076172,51.08753967285156,5.188963890075684
2019-12-06,65.19560241699219,143.44496154785156,66.3808822631836,87.58000183105469,113.35199737548828,117.2673110961914,173.887939453125,105.3973159790039,51.90899658203125,5.274229049682617
2019-12-09,64.28285217285156,143.0763397216797,66.5593032836914,87.47550201416016,112.82318115234376,117.36758422851562,174.60386657714844,105.97442626953124,52.0210189819336,5.274229049682617
2019-12-10,64.6585464477539,142.85894775390625,66.55435180664062,86.96050262451172,112.8987045288086,116.94153594970705,173.97389221191406,105.4652099609375,51.57294845581055,5.319223403930664
2019-12-11,65.21007537841797,143.397705078125,66.62175750732422,87.43599700927734,112.63009643554688,117.7685089111328,173.73521423339844,105.79621124267578,51.498268127441406,5.40274715423584
2019-12-12,65.3762435913086,144.85345458984375,66.83187866210938,88.0165023803711,115.85337829589844,118.06925964355467,174.33656311035156,105.71981811523438,52.52882766723633,5.570044994354248
2019-12-13,66.26490020751953,146.07286071777344,66.75159454345703,88.0469970703125,114.83773803710938,118.10269165039062,176.72291564941406,106.48362731933594,51.69990539550781,5.568055629730225
2019-12-16,67.39922332763672,147.0181121826172,67.43701934814453,88.46050262451172,115.28260040283205,118.44515991210938,177.77294921875,106.56000518798828,52.27492141723633,5.596890926361084
2019-12-17,67.53168487548828,146.22409057617188,67.14907836914062,89.53299713134766,115.9876708984375,119.92373657226562,177.08567810058594,106.34783935546876,52.03594970703125,5.674948692321777
2019-12-18,67.37031555175781,145.92160034179688,67.00138092041016,89.20149993896484,115.87017059326172,119.61463165283205,176.49388122558594,105.24456787109376,52.177852630615234,5.70527458190918
2019-12-19,67.43775177001953,147.1883087158203,67.22589111328125,89.61399841308594,115.2909698486328,121.41900634765624,178.05929565429688,106.01685333251952,51.81939315795898,5.853183746337891
2019-12-20,67.29808044433594,148.79525756835938,66.96719360351562,89.32499694824219,115.19866943359376,122.01211547851562,179.45285034179688,106.39027404785156,52.23011779785156,5.950380325317383
2019-12-23,68.39624786376953,148.79525756835938,66.93795013427734,89.6500015258789,115.16507720947266,122.3296127319336,178.5747528076172,105.9999008178711,52.49148178100586,5.936707496643066
2019-12-24,68.46128845214844,148.76690673828125,66.63066864013672,89.46050262451172,115.48406982421876,121.90352630615234,179.0425262451172,106.27146911621094,52.28985977172852,5.931735038757324
2019-12-26,69.8196029663086,149.98631286621094,67.52473449707031,93.4384994506836,116.70954132080078,121.82001495361328,180.5601501464844,106.27146911621094,52.37200164794922,5.945905685424805
2019-12-27,69.79306030273438,150.2604522705078,67.13668060302734,93.48999786376952,116.79351806640624,121.7531967163086,180.77972412109372,107.0098114013672,52.192779541015625,5.888234615325928
2019-12-30,70.20732879638672,148.9654083251953,66.39673614501953,92.34449768066406,116.36544799804688,121.37727355957033,179.29061889648438,105.63497161865234,51.886600494384766,5.775126457214356
2019-12-31,70.72028350830078,149.0693359375,66.3808822631836,92.39199829101562,117.0117645263672,121.85340118408205,179.35745239257812,105.9999008178711,52.11063766479492,5.849205493927002
2020-01-02,72.33389282226562,151.8295440673828,67.83251190185547,94.90049743652344,118.43032836914062,121.9369659423828,182.43099975585935,104.7353744506836,52.94705581665039,5.963803291320801
2020-01-03,71.63063049316406,149.93902587890625,67.4776611328125,93.74849700927734,116.86746978759766,120.5251922607422,180.9801788330078,104.03095245361328,52.52135848999024,5.86834716796875
2020-01-06,72.20140075683594,150.32656860351562,69.2762222290039,95.1439971923828,116.7745590209961,120.37484741210938,180.58880615234372,104.17523956298828,52.92462158203125,5.892956256866455
2020-01-07,71.86184692382812,148.95591735839844,69.14240264892578,95.34300231933594,114.78932189941406,121.10994720458984,180.11155700683594,103.5302276611328,52.49148178100586,5.964301109313965
2020-01-08,73.01783752441406,151.32852172851562,69.63453674316406,94.59850311279295,115.68477630615234,121.09326171875,183.19468688964844,103.97154998779295,51.69990539550781,5.975487232208252
2020-01-09,74.56878662109375,153.21910095214844,70.36556243896484,95.05249786376952,116.10716247558594,121.45246124267578,184.46420288085935,105.10877990722656,52.095699310302734,6.04111385345459
2020-01-10,74.73735809326172,152.51011657714844,70.82002258300781,94.15799713134766,114.94981384277344,121.1767578125,184.96060180664065,105.21062469482422,51.63268661499024,6.073430061340332
2020-01-13,76.33409118652344,154.343994140625,71.36865997314453,94.56500244140624,115.9044418334961,121.71143341064452,186.44964599609372,105.98291015625,52.12557601928711,6.263847351074219
2020-01-14,75.30331420898438,153.25689697265625,70.90081024169922,93.47200012207033,117.2560806274414,122.39642333984376,187.13699340820312,105.82167053222656,51.677494049072266,6.147011756896973
2020-01-15,74.9806137084961,154.24942016601562,71.32752990722656,93.10099792480467,115.49893951416016,122.8057632446289,190.71646118164065,106.89948272705078,51.59536361694336,6.104501724243164
2020-01-16,75.91986083984375,157.07582092285156,71.87071990966797,93.89700317382812,115.9466323852539,123.79981231689452,191.8141632080078,106.99282836914062,51.39373397827149,6.188027858734131
2020-01-17,76.7603530883789,157.95492553710938,73.3258056640625,93.23600006103516,116.74919891357422,124.6100845336914,195.39366149902344,107.28138732910156,51.19955825805664,6.196728229522705
2020-01-21,76.24017333984375,157.3877410888672,73.46111297607422,94.5999984741211,115.60028839111328,124.6936492919922,197.8659210205078,107.0098114013672,50.46771240234375,6.163418292999268
2020-01-22,76.51231384277344,156.63153076171875,73.54139709472656,94.3730010986328,115.46510314941406,123.84156799316406,198.44813537597656,107.19650268554688,50.17646026611328,6.2173614501953125
2020-01-23,76.8807601928711,157.59568786621094,73.58202362060547,94.22899627685548,115.3468780517578,124.07545471191406,197.1309356689453,106.70647430419922,49.86280822753906,6.285722255706787
2020-01-24,76.65921020507812,156.00762939453125,72.6641845703125,93.08200073242188,112.48303985595705,123.9000015258789,195.6800079345703,106.83455657958984,49.526763916015625,6.226558685302734
2020-01-27,74.4050521850586,153.39877319335938,70.95730590820312,91.41699981689452,111.53685760498048,124.25924682617188,192.5205535888672,107.3041000366211,48.34684753417969,5.971011638641357
2020-01-28,76.5098876953125,156.40467834472656,71.88756561279297,92.6624984741211,113.5643539428711,124.88575744628906,193.6278076171875,107.5943374633789,48.27962875366211,6.164163589477539
2020-01-29,78.1114273071289,158.84349060058594,72.19482421875,92.9000015258789,113.39541625976562,125.7545394897461,195.54640197753903,106.76622009277344,47.87635803222656,6.103757381439209
2020-01-30,77.99824523925781,163.3240509033203,72.07342529296875,93.53399658203124,114.79774475097656,125.6041488647461,198.7441253662109,107.52606201171876,48.384185791015625,6.110467433929443
2020-01-31,74.53990173339844,160.9136199951172,71.00933837890625,100.43599700927734,111.81566619873048,124.3594970703125,189.92416381835935,106.39059448242188,46.390254974365234,5.877294063568115
2020-02-03,74.33519744873047,164.83651733398438,73.47845458984375,100.20999908447266,112.66889190673828,125.44548034667967,191.68051147460935,106.80892944335938,45.35223007202149,5.974244594573975
2020-02-04,76.78926086425781,170.26234436035156,71.63529205322266,102.4834976196289,114.29090118408205,126.64006042480467,194.3054962158203,107.27850341796876,44.78466796875,6.143281936645508
2020-02-05,77.41544342041016,170.054443359375,71.6670150756836,101.99349975585938,116.23388671875,128.63653564453125,193.589599609375,108.26024627685548,46.84580993652344,6.233519077301025
2020-02-06,78.3209457397461,173.5802459716797,73.14986419677734,102.5114974975586,116.25076293945312,128.25222778320312,193.8091278076172,108.5419921875,46.21104049682617,6.320272922515869
2020-02-07,77.25635528564453,173.82603454589844,73.30548095703125,103.96399688720705,115.87908172607422,126.8823013305664,193.52281188964844,107.63705444335938,45.90485763549805,6.254151344299316
2020-02-10,77.62330627441406,178.3727569580078,74.77000427246094,106.69550323486328,116.36062622070312,126.85723114013672,196.62503051757807,107.7138900756836,45.4200439453125,6.537041187286377
2020-02-11,77.15496826171875,174.34591674804688,74.83938598632812,107.54000091552734,116.58023834228516,126.96580505371094,194.66819763183597,105.9979019165039,45.851837158203125,6.659343719482422
2020-02-12,78.98722076416016,174.60118103027344,75.26412200927734,108.0,116.58023834228516,126.21399688720705,198.00912475585935,105.3917465209961,46.41238784790039,6.774937152862549
2020-02-13,78.42474365234375,173.65589904785156,75.0044174194336,107.49349975585938,116.47887420654295,125.37863159179688,198.25762939453125,106.68087768554688,46.15483093261719,6.731184959411621
2020-02-14,78.44406127929688,175.20611572265625,75.26908874511719,106.74349975585938,116.1240692138672,125.4120635986328,201.02024841308597,107.68828582763672,45.94272613525391,7.2037458419799805
2020-02-18,77.0077133178711,176.98321533203125,75.30426788330078,107.78350067138672,114.5865478515625,124.58505249023438,201.89016723632807,106.60404205322266,45.35945510864258,7.372287273406982
2020-02-19,78.12300872802734,177.5140380859375,75.57337951660156,108.51100158691406,116.14942169189452,124.4179916381836,203.90708923339844,107.0906753540039,45.7078971862793,7.822970867156982
2020-02-20,77.32152557373047,174.8031768798828,75.1828384399414,107.65499877929688,116.14942169189452,123.94180297851562,202.12908935546875,108.06389617919922,45.34429931640625,7.673819065093994
2020-02-21,75.5713882446289,169.2771759033203,73.52106475830078,104.79850006103516,114.73015594482422,125.24497985839844,199.60549926757807,108.16632843017578,44.791316986083984,7.3101396560668945
2020-02-24,71.9817123413086,161.978759765625,70.3690185546875,100.4645004272461,111.64672088623048,122.66407012939452,190.0271148681641,105.2637176513672,42.69302368164063,6.793332099914551
2020-02-25,69.54351043701172,159.30575561523438,68.7067642211914,98.63700103759766,106.6624755859375,121.60479736328124,180.0951385498047,103.66722869873048,41.05681991577149,6.514170169830322
2020-02-26,70.646728515625,161.29627990722656,68.91244506835938,98.97949981689452,106.98350524902344,120.78933715820312,178.95762634277344,102.58301544189452,40.1553840637207,6.653378963470459
2020-02-27,66.02870178222656,149.9315185546875,65.16961669921875,94.21499633789062,102.53150939941406,116.95584869384766,172.07504272460938,96.89723205566406,37.73893356323242,6.283013343811035
2020-02-28,65.99005889892578,153.56178283691406,66.37394714355469,94.1875,98.0879135131836,113.05506134033205,173.7478790283203,96.66673278808594,38.96609878540039,6.717550277709961
2020-03-02,72.1337890625,163.77960205078125,68.7067642211914,97.69750213623048,102.65819549560548,117.71244049072266,183.85194396972656,102.07078552246094,40.814414978027344,6.875747680664063
2020-03-03,69.84286499023438,155.93141174316406,66.29811096191406,95.44950103759766,98.80598449707033,113.98818969726562,177.54286193847656,100.88409423828124,38.86003875732422,6.613580703735352
2020-03-04,73.08248138427734,161.6564483642578,68.47283935546875,98.79149627685548,101.2474136352539,120.62122344970705,185.72555541992188,106.28814697265624,39.708457946777344,7.076723575592041
2020-03-05,70.71192932128906,157.59963989257812,65.16021728515625,96.20149993896484,96.28009033203124,119.38539123535156,178.7186279296875,103.83800506591795,37.9586181640625,6.797645092010498
2020-03-06,69.77288055419922,153.1447296142578,64.21756744384766,95.05449676513672,91.30429077148438,119.4022216796875,176.23324584960938,103.86358642578124,36.125450134277344,6.617312431335449
2020-03-09,64.2543716430664,142.7657012939453,60.25519943237305,90.03050231933594,78.93665313720703,114.70282745361328,163.58644104003906,99.082763671875,31.70919418334961,6.104919910430908
2020-03-10,68.88208770751953,152.52857971191406,63.19811248779297,94.59100341796876,85.06977844238281,119.07433319091795,174.55084228515625,102.9159698486328,32.883331298828125,6.493938446044922
2020-03-11,66.48975372314453,145.61874389648438,60.01284790039063,91.04299926757812,81.06552124023438,110.8020248413086,165.3262176513672,95.26663970947266,31.80008888244629,6.13054084777832
2020-03-12,59.92359161376953,131.80853271484375,55.089012145996094,83.83049774169922,74.38327026367188,105.43006896972656,153.02357482910156,86.94286346435547,28.164066314697266,5.380358695983887
2020-03-13,67.1029281616211,150.547607421875,60.17987060546875,89.25,87.78155517578125,112.89531707763672,168.0792694091797,97.38386535644533,28.87611961364746,5.990503311157227
2020-03-16,58.4703369140625,128.3583526611328,53.17845153808594,84.4574966430664,74.6451644897461,106.87606048583984,145.30926513671875,92.62862396240234,26.126379013061523,4.885129451751709
2020-03-17,61.04128646850586,138.9269256591797,55.411651611328125,90.39199829101562,79.20699310302734,114.8289031982422,150.9300537109375,100.94386291503906,27.883787155151367,5.404237270355225
2020-03-18,59.547000885009766,133.07864379882812,54.07996368408203,91.5,70.86896514892578,113.45861053466795,141.93490600585938,100.2694320678711,25.088592529296875,5.0448174476623535
2020-03-19,59.09074783325195,135.26821899414062,55.0949592590332,94.04650115966795,72.06010437011719,106.80880737304688,145.53866577148438,94.6178207397461,26.080923080444336,5.297282695770264
2020-03-20,55.339351654052734,130.18772888183594,52.94105911254883,92.30449676513672,70.53948974609375,100.7895050048828,140.35763549804688,87.4465560913086,24.800745010375977,5.117696762084961
2020-03-23,54.1636962890625,128.88912963867188,52.24324798583984,95.1415023803711,66.76331329345703,93.43351745605467,129.75650024414062,83.40845489501953,23.823558807373047,5.290317535400391
2020-03-24,59.597694396972656,140.60459899902344,56.003902435302734,97.00499725341795,74.70429229736328,100.19261169433594,147.7181854248047,88.16368865966797,26.846004486083984,6.197947502136231
2020-03-25,59.26939392089844,139.2586212158203,54.59687805175781,94.29199981689452,77.4920883178711,100.37755584716795,154.64862060546875,86.15743255615234,28.247392654418945,6.109398365020752
2020-03-26,62.388328552246094,147.96945190429688,57.63493347167969,97.77449798583984,82.8902359008789,106.40525817871094,161.43563842773438,91.67247772216795,29.406373977661133,6.39842700958252
2020-03-27,59.805301666259766,141.8936767578125,55.02507781982422,95.00499725341795,76.98521423339844,103.53853607177734,154.4383087158203,94.0543441772461,27.989835739135746,6.286248683929443
2020-03-30,61.51201629638672,151.87460327148438,56.81173324584961,98.19750213623048,78.98735046386719,111.81925201416016,158.27154541015625,98.1778335571289,28.406465530395508,6.606119155883789
2020-03-31,61.38648986816406,149.48599243164062,57.58686828613281,97.48600006103516,76.05593872070312,110.23876953125,154.0177001953125,93.90921783447266,28.76249885559082,6.556621074676514
2020-04-01,58.156517028808594,144.1780242919922,54.62067413330078,95.38500213623048,71.26599884033203,108.28836822509766,146.3607940673828,93.33723449707033,28.42919921875,6.045971393585205
2020-04-02,59.12696075439453,147.16372680664062,55.3606071472168,95.94149780273438,73.92707824707031,111.9369659423828,150.4521026611328,97.66558074951172,30.603233337402344,6.354399681091309
2020-04-03,58.277225494384766,145.80833435058594,54.15479278564453,95.32949829101562,71.74198150634766,112.7944564819336,145.15631103515625,98.24612426757812,29.701801300048828,6.066863536834717
2020-04-06,63.36117172241211,156.6517791748047,58.63953399658203,99.87950134277344,76.3597412109375,117.49386596679688,161.970947265625,100.5767593383789,30.65626335144043,6.6760125160217285
2020-04-07,62.62730407714844,154.96458435058594,58.608306884765625,100.58000183105467,77.36695098876953,115.5771026611328,161.15838623046875,96.27401733398438,31.239545822143555,6.442948341369629
2020-04-08,64.23021697998047,156.51910400390625,59.81956481933594,102.1500015258789,80.49098205566406,120.43624877929688,167.228515625,98.26318359375,33.216636657714844,6.639947414398193
2020-04-09,64.69374084472656,156.52854919433594,59.79825210571289,102.13800048828124,87.71212768554688,118.72966003417967,166.03359985351562,97.88755798339844,32.671226501464844,6.540452480316162
2020-04-13,65.9635009765625,156.87924194335938,59.98856735229492,108.44349670410156,83.81133270263672,117.50227355957033,161.5408172607422,98.98885345458984,32.39094924926758,6.712079048156738
2020-04-14,69.29485321044922,164.64219665527344,62.705474853515625,114.16600036621094,81.5152587890625,122.76495361328124,166.92259216308594,103.26600646972656,32.14097595214844,7.062793254852295
2020-04-15,68.66239929199219,162.9170684814453,62.312461853027344,115.38400268554688,77.4949951171875,124.13529205322266,158.6443634033203,103.48795318603516,30.66383171081543,6.985438346862793
2020-04-16,69.20797729492188,167.80799865722656,62.31890487670898,120.40950012207033,74.54165649414062,125.82501983642578,155.2604217529297,103.7270050048828,29.656360626220703,7.330183506011963
2020-04-17,68.2689208984375,169.28665161132812,63.3879280090332,118.75,81.24211883544922,127.80066680908205,162.06655883789062,106.45037078857422,32.73940658569336,7.270984649658203
2020-04-20,66.85189056396484,165.9312744140625,62.503265380859375,119.68049621582033,78.28023529052734,127.50642395019533,156.98104858398438,102.95864868164062,31.194091796875,7.139901638031006
2020-04-21,64.78543090820312,159.06883239746094,60.07530212402344,116.40599822998048,76.00977325439453,125.8334503173828,153.45372009277344,102.17323303222656,31.02743911743164,6.703622341156006
2020-04-22,66.65150451660156,164.47158813476562,62.36748123168945,118.17449951171876,76.25731658935547,128.6161346435547,159.2466278076172,101.9342041015625,31.913724899291992,7.1175150871276855
2020-04-23,66.39320373535156,162.48109436035156,62.99986267089844,119.97250366210938,76.29998779296875,130.734619140625,159.0458526611328,102.6139907836914,32.91362762451172,7.064286231994629
2020-04-24,68.30994415283203,165.4478759765625,63.268985748291016,120.51100158691406,77.42671203613281,130.1881866455078,159.94439697265625,102.08113861083984,33.12572479248047,7.2030792236328125
2020-04-27,68.35823822021484,164.9739532470703,62.9844970703125,118.8000030517578,80.7641372680664,129.708984375,164.1886749267578,100.9381332397461,33.28480529785156,7.389381408691406
2020-04-28,67.25020599365234,160.9550323486328,61.08782577514648,115.7040023803711,81.33599853515625,127.2710189819336,163.70114135742188,100.45685577392578,34.065040588378906,7.247105598449707
2020-04-29,69.45903015136719,168.1776885986328,66.51915740966797,118.635498046875,83.52967834472656,126.3042221069336,173.77655029296875,100.6201629638672,35.95122528076172,7.423707962036133
2020-04-30,70.9243392944336,169.86485290527344,66.7431640625,123.6999969482422,81.73716735839844,126.13610076904295,170.84188842773438,101.2990951538086,35.201297760009766,7.269988536834717
2020-05-01,69.78250122070312,165.4668426513672,65.28707122802734,114.302001953125,79.59474182128906,124.66490173339844,167.8307342529297,100.3967056274414,32.67880630493164,7.033693790435791
2020-05-04,70.76985168457031,169.51412963867188,65.56364440917969,115.79949951171876,78.64727783203125,124.64810180664062,168.38514709472656,99.49431610107422,33.996864318847656,7.245364665985107
2020-05-05,71.83203887939453,171.33401489257812,66.858154296875,115.88999938964844,78.52778625488281,125.68211364746094,170.57424926757812,99.70056915283205,33.958980560302734,7.306304931640625
2020-05-06,72.57315063476562,173.02120971679688,66.68022918701172,117.56300354003906,77.05110931396484,124.48834228515624,170.8992156982422,97.19967651367188,33.322689056396484,7.407041072845459
2020-05-07,73.32388305664062,174.0259552001953,67.86224365234375,118.38050079345705,77.85348510742188,124.0764389038086,174.66555786132812,96.40042114257812,33.51205825805664,7.583144187927246
2020-05-08,75.06912994384766,175.0496063232422,68.608642578125,118.98049926757812,79.12528228759766,125.00955200195312,176.93109130859375,99.64900970458984,34.98162078857422,7.772928714752197
2020-05-11,76.25037384033203,177.00222778320312,69.56266021728516,120.4499969482422,76.79505920410156,125.35425567626952,175.46849060058594,99.09899139404295,34.648319244384766,8.024648666381836
2020-05-12,75.37896728515625,172.99276733398438,68.1546630859375,117.84750366210938,74.28556823730469,123.69810485839844,171.55880737304688,98.4458465576172,34.06916809082031,7.762979984283447
2020-05-13,74.46884155273438,170.37673950195312,66.82395935058594,118.39600372314452,71.72488403320312,123.68972778320312,169.56719970703125,97.90441131591795,32.37806701660156,7.740593910217285
2020-05-14,74.92632293701172,171.11605834960938,67.24671173095703,119.44249725341795,74.7038345336914,124.1184539794922,173.21534729003906,97.80984497070312,32.66377258300781,7.989824295043945
2020-05-15,74.48335266113281,173.6088409423828,68.0495834350586,120.48899841308594,73.3210678100586,126.47235107421876,175.69529724121094,98.49739837646484,32.4321174621582,8.447742462158203
2020-05-18,76.23826599121094,175.2676239013672,68.65026092529297,121.31300354003906,77.20475006103516,126.53961181640624,183.25015258789065,99.87245178222656,35.01124572753906,8.705926895141602
2020-05-19,75.79771423339844,174.05438232421875,68.11600494384766,122.46649932861328,75.68541717529297,125.27857208251952,181.3159637451172,96.63249206542967,33.93018341064453,8.760899543762207
2020-05-20,77.27183532714844,176.4686279296875,69.83873748779297,124.89700317382812,77.95589447021484,124.15206146240234,185.6248016357422,97.3543701171875,35.03440856933594,8.924564361572266
2020-05-21,76.69576263427734,174.3490447998047,69.71929931640625,122.33699798583984,76.96577453613281,123.33658599853516,182.5224456787109,95.9277801513672,34.408935546875,8.730801582336426
2020-05-22,77.1895523071289,174.42503356933594,70.04093170166016,121.84400177001952,76.36827087402344,122.21076965332033,182.7522125244141,96.76998138427734,34.439823150634766,8.98052978515625
2020-05-26,76.66671752929688,172.5811004638672,70.44385528564453,121.09300231933594,81.78842163085938,122.37156677246094,185.0119781494141,96.28010559082033,35.45139694213867,8.673592567443848
2020-05-27,77.000732421875,172.8092041015625,70.38983154296875,120.51950073242188,86.52568817138672,122.65091705322266,184.6289825439453,97.8786163330078,35.70623016357422,8.482068061828613
2020-05-28,77.03462982177734,172.4195098876953,70.28873443603516,120.05500030517578,85.23678588867188,124.41168212890624,186.00778198242188,99.7435302734375,34.779598236083984,8.444011688232422
2020-05-29,76.95960235595703,174.17794799804688,71.0460205078125,122.11849975585938,83.06021118164062,125.91849517822266,186.9461212158203,99.62322235107422,35.11163711547852,8.83054256439209
2020-06-01,77.9060287475586,173.7787322998047,71.11293029785156,123.552001953125,84.16131591796875,124.59793090820312,186.09393310546875,100.76625061035156,35.73710632324219,8.76164436340332
2020-06-02,78.26669311523438,175.75579833984375,71.48165893554688,123.62049865722656,84.44298553466797,125.49522399902344,188.0185394287109,101.4623794555664,36.532470703125,8.780549049377441
2020-06-03,78.69757080078125,176.18348693847656,71.33000183105469,123.91999816894533,89.00099182128906,125.83380126953124,188.5069122314453,101.86629486083984,38.02280426025391,8.725080490112305
2020-06-04,78.0197982788086,173.86424255371094,70.09346771240234,123.02999877929688,90.85325622558594,124.2085189819336,185.4141082763672,99.73494720458984,37.91468811035156,8.72607707977295
2020-06-05,80.24188995361328,177.93238830566406,71.3681640625,124.1500015258789,94.94181060791016,124.69104766845705,191.13052368164065,101.69441986083984,40.98801803588867,8.878870964050293
2020-06-08,80.71630859375,179.03497314453125,71.76564025878906,126.2030029296875,96.8367156982422,124.2423858642578,191.12098693847656,102.31319427490234,42.269866943359375,8.764398574829102
2020-06-09,83.26519012451172,180.4036865234375,71.96586608886719,130.04299926757812,94.35286712646484,123.5567398071289,190.623046875,101.70301818847656,41.32778930664063,9.00428581237793
2020-06-10,85.4073715209961,187.09515380859372,72.59132385253906,132.37249755859375,90.52887725830078,125.11431121826172,191.9635467529297,102.4678955078125,39.111610412597656,9.323561668395996
2020-06-11,81.30694580078125,177.04843139648438,69.47891235351562,127.89800262451172,82.974853515625,119.24796295166016,180.8563232421875,99.91544342041016,35.659889221191406,8.75568962097168
2020-06-12,82.00889587402344,178.44564819335938,70.02507781982422,127.2509994506836,85.24533081054688,120.33150482177734,184.0927581787109,99.36540222167967,36.424354553222656,8.891312599182129
2020-06-15,83.02313232421875,179.5862274169922,70.41263580322266,128.63400268554688,86.42324829101562,119.56964874267578,183.61399841308597,100.28498840332033,36.40119552612305,9.131449699401855
2020-06-16,85.22340393066406,183.9870147705078,71.68783569335938,130.7635040283203,87.1146240234375,122.28694915771484,184.68641662597656,101.52254486083984,37.2197151184082,9.026681900024414
2020-06-17,85.10482788085938,184.62384033203125,71.98865509033203,132.0489959716797,84.91242218017578,121.91448974609376,185.3375244140625,101.35063934326172,36.00737380981445,9.193411827087402
2020-06-18,85.13871002197266,186.60086059570312,71.07575988769531,132.69900512695312,84.45153045654297,121.39811706542967,185.67266845703125,102.51087188720705,36.23131561279297,9.175495147705078
2020-06-19,84.65215301513672,185.4888153076172,70.6059341430664,133.75050354003906,83.4869613647461,121.75364685058594,184.0353240966797,102.20146942138672,35.50544738769531,9.218545913696287
2020-06-22,86.86699676513672,190.6405029296875,71.8954849243164,135.6909942626953,82.58221435546875,121.38118743896484,186.6780242919922,101.19597625732422,35.84521484375,9.482820510864258
2020-06-23,88.72115325927734,191.9141540527344,72.55563354492188,138.2205047607422,83.58941650390625,120.93254852294922,189.5601806640625,101.17876434326172,36.061431884765625,9.406426429748535
2020-06-24,87.15504455566406,188.04563903808597,71.00538635253906,136.72000122070312,80.79826354980469,118.359130859375,183.27886962890625,100.05294036865234,34.362606048583984,9.192914009094238
2020-06-25,88.31208801269531,190.42184448242188,71.42169189453125,137.72900390625,83.61502075195312,118.2321548461914,185.7396697998047,101.31626892089844,34.879974365234375,9.44623851776123
2020-06-26,85.5986328125,186.61036682128903,67.5282211303711,134.64349365234375,79.03138732910156,116.65763854980467,181.2298583984375,99.0302505493164,33.683074951171875,9.112784385681152
2020-06-29,87.57137298583984,188.61590576171875,69.2445068359375,134.0189971923828,79.38134002685547,117.69881439208984,183.25015258789065,101.11862182617188,34.223602294921875,9.157577514648438
2020-06-30,88.3023681640625,193.4349365234375,70.27932739257812,137.9409942626953,80.28614044189453,119.04481506347656,184.964111328125,102.76009368896484,34.53248977661133,9.453957557678224
2020-07-01,88.13536071777344,194.56597900390625,71.4662857055664,143.93499755859375,79.60327911376953,118.83317565917967,185.54818725585935,103.1124496459961,33.7525749206543,9.486059188842772
2020-07-02,88.13536071777344,196.0487823486328,72.85052490234375,144.51499938964844,79.86185455322266,119.33263397216795,187.35791015625,103.88592529296876,34.03828811645508,9.567926406860352
2020-07-06,90.49301147460938,200.2689514160156,74.3234634399414,152.8520050048828,81.87865447998047,121.03407287597656,189.35911560058597,104.53047943115234,34.27766418457031,9.7938814163208
2020-07-07,90.2122039794922,197.94024658203125,73.84123992919922,150.00599670410156,79.56879425048828,120.924072265625,185.9503173828125,105.03752899169922,33.389644622802734,9.8262300491333
2020-07-08,92.31327056884766,202.2935791015625,74.51921844482422,154.0554962158203,80.41344451904297,121.27962493896484,186.7834014892578,105.61333465576172,33.31242370605469,10.16889476776123
2020-07-09,92.7102508544922,203.70977783203125,75.2656021118164,159.13150024414062,78.67245483398438,120.61931610107422,184.04489135742188,105.2610092163086,31.93791961669922,10.460540771484377
2020-07-10,92.87242126464844,203.0919647216797,76.27415466308594,160.0,82.9732437133789,120.51776123046876,184.37045288085935,106.4727554321289,32.93405532836914,10.430931091308594
2020-07-13,92.44397735595705,196.81874084472656,74.94692993164062,155.1999969482422,84.16264343261719,122.92183685302734,180.99038696289065,106.6102523803711,32.9417724609375,10.005899429321287
2020-07-14,93.9737777709961,198.0353546142578,75.3746337890625,154.1999969482422,84.6452865600586,125.21585845947266,185.1172790527344,107.50404357910156,34.03055953979492,10.32915210723877
2020-07-15,94.62006378173828,197.7406768798828,75.1773910522461,150.44349670410156,85.95535278320312,125.503662109375,188.2004852294922,106.9969711303711,34.46299362182617,10.18009090423584
2020-07-16,93.4557647705078,193.8246612548828,75.08025360107422,149.9949951171875,86.1966781616211,126.34176635742188,185.2800750732422,107.22042846679688,34.192726135253906,10.088018417358398
2020-07-17,93.26697540283205,192.8361053466797,75.17589569091797,148.09849548339844,84.6021957397461,126.42638397216795,186.80252075195312,107.96814727783205,33.605865478515625,10.154459953308104
2020-07-20,95.23247528076172,201.12440490722656,77.50475311279297,159.8419952392578,83.86096954345703,126.63799285888672,190.03895568847656,107.63294982910156,32.81822204589844,10.462284088134766
2020-07-21,93.91810607910156,198.4155120849609,77.11222839355469,156.9145050048828,85.67953491210938,126.75653076171876,188.1334686279297,107.4868621826172,34.47843170166016,10.280874252319336
2020-07-22,94.18193817138672,201.2669982910156,77.5548095703125,154.99549865722656,85.0589828491211,126.9850616455078,190.4123687744141,108.4064483642578,33.67535400390625,10.390617370605469
2020-07-23,89.89512634277344,192.51292419433597,75.17094421386719,149.32749938964844,85.3089370727539,126.6465072631836,189.04312133789065,109.10781860351562,33.74485778808594,10.08304214477539
2020-07-24,89.67242431640625,191.33436584472656,74.74771118164062,150.44549560546875,84.70561218261719,125.38516998291016,186.85997009277344,108.9348602294922,33.53636169433594,10.14749240875244
2020-07-27,91.79767608642578,193.7580718994141,75.79936218261719,152.760498046875,83.51622772216797,124.58943939208984,188.54522705078125,109.24618530273438,34.03055953979492,10.373446464538574
2020-07-28,90.28968811035156,192.01870727539065,74.52169799804688,150.01649475097656,83.8781967163086,124.2931900024414,188.3824462890625,110.5953369140625,33.629024505615234,10.168397903442385
2020-07-29,92.0203628540039,193.9577178955078,75.50597381591797,151.67649841308594,85.91223907470703,124.04767608642578,190.1443023681641,110.96722412109376,33.99967193603516,10.417242050170898
2020-07-30,93.13385009765624,193.8056488037109,76.24244689941406,152.593994140625,83.61963653564453,124.3016128540039,185.8162384033203,113.6568603515625,32.33173370361328,10.565056800842283
2020-07-31,102.8839111328125,194.8606414794922,73.74359130859375,158.23399353027344,83.29215240478516,123.38736724853516,182.3118133544922,113.3974151611328,32.493900299072266,10.565805435180664
2020-08-03,105.476318359375,205.81983947753903,73.48638153076172,155.59449768066406,82.82672119140625,124.73336791992188,182.5894927978516,113.54442596435548,32.62517166137695,10.959479331970217
2020-08-04,106.18074035644533,202.7307281494141,73.01752471923828,156.94149780273438,82.35269165039062,124.62330627441406,184.1214904785156,115.7065200805664,33.5672492980957,11.175978660583496
2020-08-05,106.56555938720705,202.3980865478516,73.30448913574219,160.25149536132812,83.78340911865234,125.6221923828125,187.7696228027344,115.40383911132812,33.860679626464844,11.234708786010742
2020-08-06,110.28356170654295,205.6392517089844,74.58612823486328,161.25,83.80925750732422,124.90264892578124,190.32623291015625,114.77251434326172,33.698509216308594,11.283233642578123
2020-08-07,107.77618408203124,201.9608612060547,74.26002502441406,158.3730010986328,85.6536865234375,125.79149627685548,188.0185394287109,115.49895477294922,33.54407501220703,11.147857666015623
2020-08-10,109.34269714355467,197.94024658203125,74.18319702148438,157.4080047607422,86.7396469116211,125.30896759033205,188.4303131103516,115.97463989257812,34.370330810546875,11.113518714904783
2020-08-11,106.09087371826172,193.31138610839844,73.37635040283203,154.0334930419922,89.48043823242188,124.41168212890624,189.3686981201172,115.22220611572266,34.72554016113281,10.799972534179688
2020-08-12,109.6167221069336,198.8337554931641,74.69961547851562,158.11199951171875,88.72196960449219,126.68878173828124,190.2974853515625,117.15079498291016,34.717655181884766,11.387499809265137
2020-08-13,111.55667114257812,198.3679962158203,75.1659927368164,158.05099487304688,88.23069763183594,125.28357696533205,189.4727478027344,117.42754364013672,33.86724853515625,11.390233039855955
2020-08-14,111.45726013183594,198.5580902099609,74.57026672363281,157.4010009765625,88.26517486572266,125.4867706298828,188.57135009765625,116.83946990966795,34.016845703125,11.5106782913208
2020-08-17,111.166259765625,199.8697967529297,75.14566040039062,159.12049865722656,85.93809509277344,126.12165832519533,191.246826171875,117.18541717529295,33.575889587402344,12.280115127563477
2020-08-18,112.09256744384766,201.0199279785156,77.10528564453125,165.62449645996094,84.74008178710938,127.05281066894533,190.84410095214844,118.05887603759766,33.41054153442383,12.204214096069336
2020-08-19,112.23322296142578,199.80026245117188,76.55169677734375,163.0240020751953,84.9383316040039,127.30677032470705,192.7428436279297,117.41890716552734,33.04044723510742,12.082530975341797
2020-08-20,114.72364044189452,204.449951171875,78.11978149414062,164.86849975585938,83.92131042480469,128.17864990234375,195.7731475830078,118.35292053222656,32.53648376464844,12.085016250610352
2020-08-21,120.63562774658205,202.9635772705078,78.08609008789062,164.23599243164062,83.8781967163086,129.31298828125,195.7540283203125,118.86319732666016,32.29238510131836,12.625015258789062
2020-08-24,122.07845306396484,203.6019287109375,78.56087493896484,165.3730010986328,86.2397689819336,129.65386962890625,197.94046020507807,119.78852081298828,33.24517059326172,12.661596298217772
2020-08-25,121.07696533203124,206.2506866455078,79.58677673339844,167.32449340820312,86.61897277832031,129.5771484375,199.5611572265625,120.2642059326172,32.19001388549805,12.69120979309082
2020-08-26,122.7234878540039,210.7097930908203,81.48397064208984,172.09249877929688,85.40372467041016,129.78167724609375,201.6324462890625,119.68477630615234,31.504962921142575,12.714102745056152
2020-08-27,121.25640869140624,215.8834381103516,80.7103271484375,170.0,88.21346282958984,130.36111450195312,202.3708648681641,119.52908325195312,31.2923526763916,12.570021629333496
2020-08-28,121.05997467041016,218.1034240722656,81.25102233886719,170.08999633789062,88.57545471191406,130.9235076904297,206.8588714599609,120.0134048461914,32.0404052734375,13.087124824523926
2020-08-31,125.1654052734375,214.88299560546875,80.7603759765625,172.54800415039062,86.35177612304688,130.72755432128906,203.29151916503903,119.63287353515624,31.44983673095703,13.312829971313477
2020-09-01,130.1510467529297,216.54083251953125,82.02664947509766,174.95599365234375,86.30870056152344,129.11700439453125,204.59567260742188,119.50318145751952,31.048254013061523,13.761388778686523
2020-09-02,127.45455932617188,220.7140655517578,85.11476135253906,176.57249450683594,87.61014556884766,131.08544921875,207.59722900390625,121.51822662353516,30.859264373779297,14.284619331359863
2020-09-03,117.25041198730467,207.0414581298828,80.75938415527344,168.39999389648438,87.3343505859375,127.43824768066406,200.3858184814453,119.57233428955078,30.79627990722656,12.959360122680664
2020-09-04,117.32801818847656,204.135498046875,78.36561584472656,164.7310028076172,89.22186279296875,126.6202163696289,196.26226806640625,119.31291961669922,30.772655487060547,12.5680570602417
2020-09-08,109.43243408203124,193.09263610839844,75.51043701171875,157.49200439453125,86.11910247802734,125.4868621826172,191.90853881835935,117.56591796875,30.06397819519043,11.861615180969238
2020-09-09,113.79732513427734,201.3152008056641,76.68156433105469,163.4304962158203,86.9378890991211,127.56608581542967,195.68685913085935,119.47721862792967,29.882858276367188,12.660158157348633
2020-09-10,110.0822982788086,195.67469787597656,75.63185119628906,158.7554931640625,86.0415267944336,125.18860626220705,193.2703094482422,118.22318267822266,29.13479995727539,12.258647918701172
2020-09-11,108.63703155517578,194.39797973632807,75.12187194824219,155.81100463867188,87.1102523803711,125.92996215820312,192.445556640625,119.46856689453124,29.05606842041016,12.112032890319824
2020-09-14,111.8961410522461,195.7128143310547,74.77841186523438,155.14849853515625,88.31690216064453,126.4157257080078,196.56912231445312,119.8923568725586,28.86708068847656,12.816729545593262
2020-09-15,112.07073974609376,198.92372131347656,76.08136749267578,157.80650329589844,85.56752014160156,126.87581634521484,196.9623260498047,119.8923568725586,28.559986114501957,12.934967041015623
2020-09-16,108.76314544677734,195.36981201171875,74.93998718261719,153.90499877929688,85.92948913574219,126.45829010009766,196.7129821777344,119.08804321289062,29.77261734008789,12.46052360534668
2020-09-17,107.0269012451172,193.33084106445312,73.69849395751953,150.43649291992188,84.94693756103516,125.41017150878906,196.84722900390625,118.93234252929688,29.76473999023437,12.409740447998049
2020-09-18,103.63199615478516,190.9298248291016,71.91680145263672,147.74549865722656,84.76595306396484,127.12296295166016,194.2963409423828,118.80264282226562,29.28441429138184,12.136675834655762
2020-09-21,106.77468872070312,192.97830200195312,70.8785171508789,148.02349853515625,82.14582824707031,123.64620208740234,189.34808349609372,118.23186492919922,28.685977935791016,12.463262557983398
2020-09-22,108.45274353027344,197.62794494628903,72.34945678710938,156.44949340820312,81.24948120117188,122.88780212402344,192.33045959472656,119.31291961669922,27.977283477783203,12.583240509033203
2020-09-23,103.90357208251952,191.12034606933597,69.8501205444336,149.9929962158203,79.9307861328125,123.08382415771484,187.3534240722656,117.88592529296876,27.07961654663086,12.071455955505373
2020-09-24,104.9705581665039,193.59762573242188,70.51770782470703,150.989501953125,79.86185455322266,123.27980041503906,187.49729919433597,118.4134521484375,27.02449989318848,12.294742584228516
2020-09-25,108.90863800048828,198.00909423828125,71.32059478759766,154.75650024414062,80.5599594116211,124.12342834472656,189.15631103515625,119.0188217163086,27.27647399902344,12.818222999572754
2020-09-28,111.5081787109375,199.5526123046875,72.2919692993164,158.70249938964844,82.87841796875,125.35899353027344,192.100341796875,119.35613250732422,27.804052352905277,12.978777885437012
2020-09-29,110.6642837524414,197.4754638671875,72.65674591064453,157.24400329589844,82.18028259277344,125.3164520263672,191.2564392089844,118.70752716064452,26.99300193786621,13.168704986572266
2020-09-30,112.33264923095705,200.40054321289065,72.63591003417969,157.43649291992188,82.9732437133789,126.86736297607422,191.7646942138672,120.2036590576172,27.032377243041992,13.47214126586914
2020-10-01,113.2832260131836,202.43003845214844,73.74112701416016,161.06300354003906,83.57657623291016,125.53799438476562,195.0060272216797,120.4198989868164,26.087461471557617,13.555776596069336
2020-10-02,109.62641143798828,196.4560089111328,72.14031219482422,156.25,84.36946868896484,124.61771392822266,193.19357299804688,119.45127868652344,25.96934509277344,13.005910873413086
2020-10-05,113.0019073486328,200.44821166992188,73.4898452758789,159.9600067138672,86.15272521972656,126.31344604492188,195.18820190429688,120.54962921142578,26.567794799804688,13.583656311035156
2020-10-06,109.76221466064452,196.18927001953125,71.91332244873047,154.9980010986328,85.26543426513672,124.63471221923828,192.2250061035156,120.7398910522461,26.292186737060547,13.677252769470217
2020-10-07,111.62458038330078,199.92417907714844,72.31576538085938,159.7845001220703,86.7529525756836,126.01515197753906,194.162109375,121.6825180053711,26.378812789916992,13.903767585754396
2020-10-08,111.51787567138672,200.6387481689453,73.51958465576172,159.52749633789062,88.53620147705078,126.87581634521484,194.6511688232422,122.50416564941406,27.764673233032227,13.779058456420898
2020-10-09,113.45781707763672,205.62185668945312,74.85871124267578,164.33250427246094,88.03166961669922,128.6483154296875,198.1610107421875,123.6025161743164,27.3552188873291,13.703386306762695
2020-10-12,120.66471099853516,210.94798278808597,77.54190826416016,172.14649963378906,89.11030578613281,129.38963317871094,197.9308319091797,124.96025848388672,27.26860809326172,14.16463851928711
2020-10-13,117.46379852294922,212.3390655517578,77.66483306884766,172.18150329589844,87.66632080078125,126.42422485351562,195.9362030029297,124.7181167602539,26.945756912231445,14.186795234680176
2020-10-14,117.55110931396484,210.4334259033203,77.48490905761719,168.1855010986328,87.17918395996094,126.20269012451172,193.9031982421875,124.57109832763672,26.89063835144043,14.03445529937744
2020-10-15,117.08552551269533,209.2901306152344,77.08992767333984,166.9324951171875,88.4840087890625,125.42717742919922,191.3619079589844,124.3895034790039,27.12686538696289,13.909743309020996
2020-10-16,115.4462432861328,209.2901306152344,77.69605255126953,163.635498046875,88.30133819580078,126.20269012451172,192.0428009033203,124.87383270263672,26.85126304626465,13.751925468444824
2020-10-19,112.49755096435548,204.10693359375,75.82514190673828,160.36050415039062,86.81383514404297,122.9815444946289,188.8877868652344,122.72901153564452,26.315814971923828,13.439530372619627
2020-10-20,113.98160552978516,204.5166015625,76.87235260009766,160.85049438476562,87.30968475341797,123.17750549316406,189.58786010742188,123.22196197509766,26.53629302978516,13.586644172668455
2020-10-21,113.36083221435548,204.6595458984375,78.60252380371094,159.2469940185547,86.4397964477539,122.6492156982422,190.28787231445312,123.88787841796876,26.111087799072266,13.466412544250488
2020-10-22,112.27445220947266,204.7452545166016,79.62692260742188,158.82000732421875,89.4930648803711,123.62920379638672,189.8659210205078,123.01041412353516,27.44971466064453,13.303369522094728
2020-10-23,111.58576202392578,206.02200317382807,80.9313735961914,160.22000122070312,90.30206298828124,123.7655029296875,189.88511657714844,123.8192138671875,26.898509979248047,13.531631469726562
2020-10-26,111.59546661376952,200.162353515625,78.51825714111328,160.3520050048828,88.06648254394531,122.68331909179688,185.14781188964844,122.87995147705078,26.26068687438965,13.084568977355955
2020-10-27,113.0989227294922,203.1827087402344,79.24134063720703,164.31649780273438,86.4050064086914,121.98452758789062,182.2613525390625,123.80179595947266,25.84335708618164,13.338966369628906
2020-10-28,107.86106872558594,193.11170959472656,74.87605285644531,158.13900756835938,83.97802734375,117.90275573730467,173.44837951660156,119.7145004272461,24.859073638916016,12.572537422180176
2020-10-29,111.85735321044922,195.05538940429688,77.15980529785156,160.55050659179688,84.52606964111328,116.90576171875,177.28428649902344,119.6362075805664,25.961471557617188,12.967825889587402
2020-10-30,105.5913314819336,192.91162109375,80.09527587890625,151.8074951171875,85.28287506103516,116.8376007080078,174.2539520263672,119.2275161743164,25.685874938964844,12.479939460754396
2020-11-02,105.5040054321289,192.7782440185547,80.5021743774414,150.2239990234375,87.20529174804688,118.18399047851562,177.15963745117188,120.44499206542967,26.7646484375,12.526487350463867
2020-11-03,107.1239013671875,196.6846466064453,81.55977630615234,152.42050170898438,89.95410919189453,118.0220718383789,180.6118927001953,122.81040954589844,26.307939529418945,12.963342666625977
2020-11-04,111.49845886230467,206.1744537353516,86.5252685546875,162.05799865722656,87.20529174804688,118.78898620605467,186.0109100341797,122.30602264404295,26.16620445251465,13.734753608703612
2020-11-05,115.45596313476562,212.7487030029297,87.35043334960938,166.10000610351562,90.77179718017578,119.0957489013672,189.53028869628903,123.8192138671875,26.118955612182617,14.098923683166504
2020-11-06,115.3248062133789,213.15843200683597,87.21316528320312,165.56849670410156,89.56265258789062,121.21762084960938,190.3262634277344,124.5583724975586,25.81185913085937,14.499194145202637
2020-11-09,113.02198791503906,208.08004760742188,87.29692077636719,157.18699645996094,101.68875885009766,124.48131561279295,203.9531707763672,120.00145721435548,29.07968521118164,13.571959495544434
2020-11-10,112.68191528320312,201.0484619140625,86.12232971191406,151.75100708007812,101.3582000732422,126.35602569580078,204.5572967529297,121.97554779052734,29.72482109069824,12.714921951293944
2020-11-11,116.10210418701172,206.326904296875,86.59366607666016,156.8695068359375,99.84461212158205,125.9469985961914,203.9723358154297,123.54959106445312,29.418380737304688,13.360124588012695
2020-11-12,115.8300552368164,205.26931762695312,86.37509155273438,155.51400756835938,98.61808776855467,126.3730697631836,200.01544189453125,123.61917877197266,28.410350799560547,13.39870834350586
2020-11-13,115.87865447998048,206.288818359375,87.83414459228516,156.4405059814453,99.23570251464844,127.73648834228516,202.14752197265625,125.47151184082033,29.09581756591797,13.23964500427246
2020-11-16,116.88914489746094,206.9747772216797,87.92188262939453,156.55299377441406,102.03671264648438,128.54603576660156,204.2796936035156,123.86267852783205,30.773181915283203,13.456955909729004
2020-11-17,116.0049285888672,204.3356170654297,87.3088150024414,156.7830047607422,101.00154113769533,127.267822265625,202.3684539794922,123.38436889648438,31.184446334838867,13.364357948303224
2020-11-18,114.68348693847656,201.6417236328125,86.26705169677734,155.2729949951172,100.25347900390624,125.58057403564452,199.60247802734372,121.48857879638672,30.00707054138184,13.370827674865724
2020-11-19,115.27622985839844,202.9217987060547,87.15565490722656,155.8509979248047,100.52312469482422,125.38459777832033,199.35276794433597,121.3407211303711,30.16029167175293,13.382279396057127
2020-11-20,114.01306915283205,200.9825592041016,86.05592346191406,154.97000122070312,99.66193389892578,124.71990966796876,195.8088531494141,121.14068603515624,29.78934097290039,13.031301498413086
2020-11-23,110.6220245361328,200.7150115966797,85.6187973022461,154.91949462890625,102.53253173828124,123.45002746582033,199.91940307617188,120.67110443115234,31.740886688232425,13.083324432373049
2020-11-24,111.90460205078124,204.29739379882807,87.41983795166016,155.9029998779297,107.27336883544922,123.45002746582033,201.37925720214844,120.27974700927734,33.85371780395508,12.901863098144531
2020-11-25,112.7402114868164,204.30691528320312,87.43122863769531,159.2534942626953,106.1512451171875,123.28695678710938,202.54129028320312,120.60150909423828,32.91020584106445,13.177664756774902
2020-11-27,113.28430938720705,205.60610961914065,88.56566619873047,159.76699829101562,105.44664001464844,123.56155395507812,202.64698791503903,120.5406494140625,32.41022109985352,13.20405101776123
2020-11-30,115.6745834350586,204.49801635742188,86.94900512695312,158.40199279785156,102.5412368774414,124.1449966430664,202.022705078125,120.76673126220705,30.748985290527344,13.343693733215332
2020-12-01,119.2405242919922,206.5422821044922,88.97900390625,161.00399780273438,104.15921020507812,126.52186584472656,202.83908081054688,121.20157623291016,31.04735946655273,13.332245826721191
2020-12-02,119.59032440185548,205.73985290527344,90.44647979736328,160.17649841308594,106.15992736816406,127.1139144897461,201.8594512939453,120.32324981689452,32.20861053466797,13.486083030700684
2020-12-03,119.45429229736328,204.66038513183597,90.29136657714844,159.3365020751953,105.4640121459961,127.85188293457033,199.8137664794922,119.43619537353516,32.42634582519531,13.342159271240234
2020-12-04,118.78385925292967,204.7750244140625,90.38652801513672,158.12899780273438,106.4208984375,128.9416046142578,204.260498046875,119.54926300048828,33.61178970336914,13.503758430480955
2020-12-07,120.24131774902344,204.7081451416016,90.05298614501953,157.89999389648438,106.02074432373048,127.82615661621094,204.23167419433597,119.7319107055664,32.98278045654297,13.552061080932615
2020-12-08,120.85346221923828,206.35125732421875,89.77047729492188,158.864501953125,106.12511444091795,130.0399169921875,204.34690856933597,120.0536651611328,34.06339645385742,13.296346664428713
2020-12-09,118.3271713256836,202.3295135498047,88.1116943359375,155.2100067138672,105.29874420166016,131.36993408203125,201.28321838378903,118.62744140625,34.51498794555664,12.87878131866455
2020-12-10,119.74578857421876,201.10675048828125,87.60567474365234,155.07449340820312,104.62024688720705,130.6405487060547,199.3912048339844,117.84477996826172,35.49076843261719,12.920113563537598
2020-12-11,118.93932342529295,203.7242431640625,87.96005249023438,155.8209991455078,104.00262451171876,131.24119567871094,198.07542419433597,118.7144012451172,35.3214111328125,12.960949897766112
2020-12-14,118.3271713256836,204.62217712402344,86.84294128417969,157.84849548339844,102.90660095214844,127.91193389892578,199.04542541503903,118.14045715332033,34.04725646972656,13.255261421203612
2020-12-15,124.25421905517578,204.55532836914065,87.28008270263672,158.25599670410156,104.66373443603516,129.1990203857422,200.1114959716797,118.83612823486328,34.708534240722656,13.306803703308104
2020-12-16,124.18621063232422,209.47503662109372,87.08727264404297,162.04800415039062,104.96818542480467,128.42677307128906,200.02505493164065,119.3753433227539,35.240779876708984,13.18927764892578
2020-12-17,125.05095672607422,209.60874938964844,86.2605972290039,161.8040008544922,104.09832763671876,131.81613159179688,202.81985473632807,120.2275848388672,35.0633544921875,13.287630081176758
2020-12-18,123.0688247680664,208.81591796875,85.55239868164062,160.08250427246094,103.5851058959961,132.57981872558594,202.94471740722656,120.91458129882812,34.45853805541992,13.218660354614258
2020-12-21,124.59430694580078,212.6370086669922,85.96571350097656,160.3090057373047,107.47344970703124,131.30133056640625,200.7357482910156,119.59273529052734,33.82952880859375,13.27866554260254
2020-12-22,128.14083862304688,213.9266662597656,85.25502014160156,160.3260040283203,105.83807373046876,131.0438690185547,197.69125366210935,118.74915313720705,33.2569694519043,13.224882125854492
2020-12-23,127.2469253540039,211.1371917724609,85.65200805664062,159.2635040283203,108.79566192626952,130.37454223632812,197.17263793945312,118.56655883789062,33.68437194824219,12.956964492797852
2020-12-24,128.228271484375,212.7898712158203,85.9458999633789,158.63450622558594,108.31720733642578,130.829345703125,200.43800354003903,119.76667022705078,33.54728317260742,12.941527366638184
2020-12-28,132.81442260742188,214.90106201171875,87.91840362548828,164.197998046875,109.03052520751952,131.44715881347656,204.2124786376953,120.60150909423828,33.66018295288086,12.848154067993164
2020-12-29,131.04603576660156,214.1272430419922,87.11553955078125,166.10000610351562,108.74346160888672,132.26234436035156,205.8835906982422,120.37539672851562,33.281150817871094,12.891229629516602
2020-12-30,129.92864990234375,211.76773071289065,86.04949188232422,164.29249572753906,109.04791259765624,133.9011993408203,209.7156219482422,119.81016540527344,33.54728317260742,13.092915534973145
2020-12-31,128.92784118652344,212.4745941162109,86.86177825927734,162.84649658203125,110.5354232788086,135.04244995117188,210.0709686279297,121.0015869140625,33.24082946777344,13.002531051635742
2021-01-04,125.74082946777344,207.9561462402344,85.54792785644531,159.3314971923828,109.4915542602539,134.287353515625,209.139404296875,119.8536148071289,33.466636657714844,13.060795783996582
2021-01-05,127.29547119140624,208.1567840576172,86.23780822753906,160.92550659179688,110.08733367919922,135.8662109375,206.01803588867188,120.618896484375,35.07948684692383,13.350873947143556
2021-01-06,123.01051330566406,202.7593688964844,85.38684844970703,156.91900634765625,115.25659942626952,137.14471435546875,204.20285034179688,121.88856506347656,35.974613189697266,12.563801765441896
2021-01-07,127.20802307128906,208.529296875,87.93724060058594,158.10800170898438,119.0415267944336,137.6081085205078,205.3457489013672,120.74938201904295,36.25686264038086,13.29036808013916
2021-01-08,128.3059844970703,209.79986572265625,89.1014175415039,159.13499450683594,119.17294311523438,137.32493591308594,206.9208221435547,120.69717407226562,36.66007614135742,13.223386764526367
2021-01-11,125.32305145263672,207.76507568359372,87.04268646240234,155.7104949951172,120.9515151977539,136.75,204.46212768554688,119.87971496582033,37.77294158935547,13.566754341125488
2021-01-12,125.14813995361328,205.31956481933597,86.10795593261719,156.04150390625,122.85275268554688,135.68601989746094,200.59169006347656,119.18400573730467,38.611629486083984,13.430553436279297
2021-01-13,127.17887115478516,206.6664886474609,86.59463500976562,158.29449462890625,122.9666519165039,135.48008728027344,201.06228637695312,119.3666534423828,39.04709243774414,13.477362632751465
2021-01-14,125.25503540039062,203.4949493408203,85.78531646728516,156.37350463867188,123.68504333496094,137.8483123779297,193.86880493164065,118.0969467163086,40.57124328613281,13.14719581604004
2021-01-15,123.5352020263672,203.1414794921875,85.62177276611328,155.21249389648438,121.46841430664062,137.54800415039062,193.60948181152344,117.20992279052734,38.61969375610352,12.807818412780762
2021-01-19,124.20565032958984,206.7620391845703,88.43928527832031,156.03799438476562,120.94275665283205,139.67599487304688,193.67677307128903,116.18376922607422,39.38579940795898,12.972899436950684
2021-01-20,128.28659057617188,214.3087921142578,93.17727661132812,163.16900634765625,119.129150390625,139.3328094482422,197.8545837402344,114.73146057128906,39.94223403930664,13.312031745910645
2021-01-21,132.98931884765625,214.91061401367188,93.37948608398438,165.34950256347656,118.13035583496094,138.77503967285156,197.0189666748047,114.61862182617188,38.79710388183594,13.811762809753418
2021-01-22,135.126953125,215.8467712402344,93.79629516601562,164.6114959716797,117.21912384033205,140.3367156982422,194.02247619628903,113.73497009277344,38.24873733520508,13.657386779785156
2021-01-25,138.8677978515625,219.2666931152344,93.88152313232422,164.6999969482422,115.75597381591795,142.42181396484375,193.02362060546875,115.69470977783205,37.821327209472656,13.598377227783203
2021-01-26,139.10101318359375,221.94151306152344,94.55902862548828,166.30650329589844,115.28286743164062,146.28311157226562,194.01290893554688,116.4383544921875,36.9907112121582,13.381253242492676
2021-01-27,138.03216552734375,222.48602294921875,90.14764404296876,161.62899780273438,112.02361297607422,144.05218505859375,187.2515563964844,112.31766510009766,36.57137298583984,12.865830421447754
2021-01-28,133.20310974121094,228.24639892578125,91.84558868408205,161.88099670410156,113.99495697021484,145.15049743652344,190.37290954589844,114.0499267578125,37.1439323425293,12.998547554016112
2021-01-29,128.2185821533203,221.58807373046875,90.56493377685548,160.30999755859375,112.73329162597656,139.97634887695312,185.59971618652344,112.1689224243164,36.160099029541016,12.937541961669922
2021-02-01,130.3367156982422,228.93418884277344,93.82157135009766,167.1439971923828,113.5656280517578,139.61598205566406,190.5074005126953,112.8338623046875,36.224605560302734,13.183799743652344
2021-02-02,131.1626434326172,228.80044555664065,95.11262512207033,169.0,117.06144714355467,138.36317443847656,194.589111328125,112.67636108398438,36.79718017578125,13.502264976501465
2021-02-03,130.14236450195312,232.1344146728516,102.03919982910156,165.62649536132812,118.40193939208984,137.71963500976562,193.3885803222656,112.81632995605467,38.24066925048828,13.476122856140137
2021-02-04,133.49459838867188,231.18862915039065,101.77899932861328,166.5500030517578,121.12673950195312,138.99815368652344,200.96624755859372,112.8863296508789,38.97452163696289,13.609333992004396
2021-02-05,133.0810089111328,231.37017822265625,103.52352905273438,167.6074981689453,120.89019012451172,141.10899353027344,200.5052795410156,113.35877227783205,40.28092575073242,13.536375045776367
2021-02-08,133.2269744873047,231.62811279296875,103.30992889404295,166.14700317382812,122.78263092041016,141.51226806640625,198.69972229003903,113.00880432128906,42.014739990234375,14.380720138549805
2021-02-09,132.35118103027344,232.86997985839844,102.85743713378906,165.25,122.2920150756836,142.670654296875,198.34434509277344,112.57136535644533,41.52267074584961,14.205924034118652
2021-02-10,131.74786376953125,231.96246337890625,103.40707397460938,164.32899475097656,122.36209869384766,143.13401794433594,198.2675018310547,112.17766571044922,41.92452621459961,14.704910278320312
2021-02-11,131.49488830566406,233.55776977539065,103.5195770263672,163.10650634765625,122.02039337158205,142.49049377441406,202.6345672607422,112.2739028930664,40.8747673034668,15.189455032348633
2021-02-12,131.7283935546875,234.0354156494141,103.83081817626952,163.885498046875,123.7551498413086,142.9366912841797,201.9612274169922,111.65274810791016,41.43246078491211,14.90112018585205
2021-02-16,129.60704040527344,232.80308532714844,104.607421875,163.44749450683594,126.73404693603516,141.6409912109375,199.97967529296875,111.91519927978516,42.67903518676758,15.268637657165527
2021-02-17,127.3202896118164,233.81802368164065,104.9999542236328,165.4320068359375,127.12828826904295,142.1472625732422,199.60455322265625,112.3876495361328,43.34333801269531,14.846089363098145
2021-02-18,126.22067260742188,233.4254608154297,104.36508178710938,166.4114990234375,127.5575942993164,142.2158966064453,201.3744354248047,113.3237533569336,42.66263198852539,14.769400596618652
2021-02-19,126.37635040283205,230.725341796875,103.52253723144533,162.4949951171875,129.68667602539062,139.84767150878906,196.93048095703125,111.21531677246094,42.949668884277344,14.86650848388672
2021-02-22,122.61045837402344,224.5399932861328,101.81021881103516,159.03700256347656,130.9044952392578,139.76129150390625,200.3837127685547,110.74288177490234,44.532508850097656,14.298052787780762
2021-02-23,122.47422790527344,223.3527069091797,102.10063934326172,159.72500610351562,131.95587158203125,138.52658081054688,204.02931213378903,111.56526184082033,45.14759826660156,14.085161209106444
2021-02-24,121.97796630859376,224.5783233642578,103.27474212646484,157.97650146484375,134.27764892578125,140.38294982910156,211.0704345703125,111.68775939941406,46.50078582763672,14.440728187561035
2021-02-25,117.73526000976562,219.2547149658203,99.91156005859376,152.85800170898438,132.45523071289062,140.5297393798828,205.60682678222656,110.74288177490234,45.72988510131836,13.25401496887207
2021-02-26,117.99801635742188,222.5005798339844,100.2069320678711,154.64649963378906,128.9419708251953,136.81707763671875,204.2986297607422,108.07447052001952,44.58992385864258,13.659380912780762
2021-03-01,124.3523178100586,226.8666839599609,102.5734634399414,157.3070068359375,131.8594970703125,137.55960083007812,208.37710571289065,108.73936462402344,46.254764556884766,13.786118507385254
2021-03-02,121.75415802001952,223.9272003173828,102.3167495727539,154.72650146484375,131.4301300048828,137.30056762695312,207.54986572265625,108.3981704711914,45.984107971191406,13.35236930847168
2021-03-03,118.7764663696289,217.88543701171875,99.68656158447266,150.25,133.97100830078125,134.88299560546875,206.66493225097656,107.75077056884766,46.35317993164063,12.753287315368652
2021-03-04,116.89837646484376,217.0907745361328,100.80266571044922,148.8784942626953,131.91204833984375,132.16326904296875,203.4425201416016,106.86712646484376,48.14923095703125,12.32052993774414
2021-03-05,118.1536865234375,221.75369262695312,103.9319076538086,150.0229949951172,132.2187042236328,134.77940368652344,207.2035980224609,110.21794128417967,49.96990966796875,12.411417007446287
2021-03-08,113.22981262207033,217.7227020263672,99.4927749633789,147.59750366210938,133.97100830078125,135.9018096923828,211.87841796875,111.38153839111328,49.920692443847656,11.54665470123291
2021-03-09,117.83255004882812,223.8409881591797,101.121337890625,153.1425018310547,133.02476501464844,136.16087341308594,211.9650115966797,110.39290618896484,49.1497802734375,12.474233627319336
2021-03-10,116.75241088867188,222.5388641357422,100.91468048095705,152.8820037841797,135.91598510742188,137.41278076171875,214.66793823242188,111.40777587890624,50.6588134765625,12.422426223754885
2021-03-11,118.6791534423828,227.0486297607422,104.1038818359375,155.67950439453125,135.2063751220703,137.4041748046875,217.5344390869141,111.03154754638672,50.28155517578125,12.9457426071167
2021-03-12,117.77417755126952,225.72726440429688,101.59910583496094,154.47450256347656,136.80970764160156,137.8013458251953,215.8126678466797,112.1076889038086,50.82282638549805,12.808752059936523
2021-03-15,120.65455627441406,224.8272399902344,101.81916046142578,154.08399963378906,136.1262969970703,138.50933837890625,214.7641448974609,112.47513580322266,49.52703475952149,13.142770767211914
2021-03-16,122.19203186035156,227.6039581298828,103.2787094116211,154.59300231933594,134.49667358398438,139.32958984375,216.13966369628903,112.80757904052734,48.4772834777832,13.242402076721191
2021-03-17,121.40383911132812,226.96241760253903,103.19593811035156,156.7864990234375,135.8809814453125,138.8115234375,214.52366638183597,112.35264587402344,48.69050598144531,13.292216300964355
2021-03-18,117.28762817382812,220.91114807128903,100.17869567871094,151.39950561523438,138.12391662597656,138.55250549316406,212.2535858154297,112.59761810302734,46.59101486206055,12.675740242004396
2021-03-19,116.76215362548828,220.556884765625,100.4572296142578,153.7480010986328,135.92477416992188,138.1812286376953,199.01776123046875,111.99395751953124,46.32856750488281,12.79853630065918
2021-03-22,120.0706787109375,225.95709228515625,100.64207458496094,155.5435028076172,132.27125549316406,138.57847595214844,200.07589721679688,113.89246368408205,45.85289764404297,13.137787818908691
2021-03-23,119.2435531616211,227.4794769287109,101.16940307617188,156.875,130.9483184814453,138.4488983154297,200.22018432617188,116.0096664428711,45.287017822265625,13.022709846496582
2021-03-24,116.85945892333984,225.4495849609375,100.73326110839844,154.35350036621094,131.964599609375,139.7958526611328,200.1432647705078,115.97467803955078,46.20554733276367,12.596535682678224
2021-03-25,117.34602355957033,222.46226501464844,100.72981262207033,152.31300354003906,133.6555938720703,139.84767150878906,200.04702758789065,116.77954864501952,46.07433319091797,12.489179611206056
2021-03-26,117.94932556152344,226.42620849609372,100.3467025756836,152.60150146484375,135.8809814453125,142.40333557128906,205.39524841308597,118.50305938720705,47.32910919189453,12.792062759399414
2021-03-29,118.1244888305664,225.23898315429688,101.39044189453124,153.7864990234375,133.7694854736328,143.3617401123047,206.337890625,120.35781860351562,47.07487869262695,12.90066146850586
2021-03-30,116.67457580566406,221.99305725097656,101.42414855957033,152.76449584960938,135.3465118408203,142.47242736816406,203.8272705078125,118.50305938720705,46.49259567260742,12.824443817138672
2021-03-31,118.8640365600586,225.74642944335935,102.21958923339844,154.70399475097656,133.37522888183594,141.902587890625,203.6637725830078,118.48560333251952,45.78728866577149,13.299190521240234
2021-04-01,119.69120025634766,232.0467071533203,105.5530242919922,158.0500030517578,134.6719207763672,140.59019470214844,208.59835815429688,117.47947692871094,47.06667709350586,13.760986328125
2021-04-05,122.51318359375,238.48101806640625,109.97284698486328,161.3365020751953,135.38575744628906,141.10821533203125,210.69528198242188,119.37796783447266,46.33677291870117,13.9360933303833
2021-04-06,122.8148422241211,237.3224334716797,109.49211120605467,161.1909942626953,134.4339599609375,141.0736846923828,210.3201904296875,119.42172241210938,46.20554733276367,13.810555458068848
2021-04-07,124.45935821533205,239.27569580078125,110.967529296875,163.96949768066406,136.54029846191406,141.26365661621094,210.91651916503903,119.63170623779295,46.41058349609375,14.091517448425291
2021-04-08,126.85319519042967,242.4833068847656,111.5325164794922,164.96499633789062,136.7077178955078,140.71107482910156,212.2920379638672,120.08663177490234,45.92671585083008,14.264382362365724
2021-04-09,129.4221649169922,244.9727935791016,112.5356216430664,168.61000061035156,137.73004150390625,139.2259979248047,214.04269409179688,119.3079605102539,45.82009506225586,14.34707736968994
2021-04-12,127.70954132080078,245.03021240234372,111.24456024169922,168.96949768066406,137.439208984375,139.56271362304688,213.03274536132807,119.78916931152344,45.51665115356445,15.153103828430176
2021-04-13,130.81370544433594,247.50048828125,111.73074340820312,170.0,135.7999267578125,137.6977081298828,212.5998992919922,118.2056121826172,45.68887710571289,15.62187385559082
2021-04-14,128.47830200195312,244.7238006591797,111.11026000976562,166.64999389648438,133.2618408203125,138.07763671875,213.52330017089844,118.63431549072266,47.00926971435547,15.220852851867676
2021-04-15,130.88182067871094,248.46749877929688,113.25821685791016,168.95449829101562,134.10787963867188,138.48341369628906,217.65948486328125,120.06912994384766,46.73043441772461,16.077945709228516
2021-04-16,130.5509796142578,249.65481567382807,113.1343002319336,169.9720001220703,135.10374450683594,140.08078002929688,217.78453063964844,120.07786560058594,46.46799087524414,15.854015350341797
2021-04-19,131.21270751953125,247.73989868164065,113.48172760009766,168.60049438476562,134.5309295654297,140.4692840576172,217.18809509277344,119.51795959472656,46.32037353515625,15.305292129516602
2021-04-20,129.5292205810547,247.28030395507807,112.94896697998048,166.7344970703125,131.55210876464844,143.74163818359375,214.77377319335935,120.51531219482422,45.34441757202149,15.11549186706543
2021-04-21,129.9087371826172,249.5016632080078,112.91624450683594,168.1009979248047,132.6713409423828,143.8366241455078,218.784912109375,119.72791290283205,45.92671585083008,15.30404567718506
2021-04-22,128.39068603515625,246.2366485595703,111.63610076904295,165.45199584960938,129.87759399414062,142.61920166015625,218.9003753662109,118.53929901123048,45.32802200317383,14.795669555664062
2021-04-23,130.70664978027344,250.04742431640625,113.98576354980467,167.04400634765625,132.36288452148438,142.9127655029297,221.23776245117188,117.93173217773438,45.57405090332031,15.209144592285156
2021-04-26,131.09591674804688,250.430419921875,114.48137664794922,170.4499969482422,132.68898010253906,141.7039794921875,221.56480407714844,115.57203674316406,45.66427612304688,15.421110153198242
2021-04-27,130.77474975585938,250.83251953125,113.54220581054688,170.8715057373047,133.29710388183594,140.892333984375,221.15115356445312,115.50162506103516,46.26295471191406,15.325217247009276
2021-04-28,129.98655700683594,243.73753356933597,116.91529083251952,172.9250030517578,134.1607666015625,139.85629272460938,224.5562896728516,115.69532012939452,47.657169342041016,15.220602989196776
2021-04-29,129.88922119140625,241.7747039794922,118.58645629882812,173.5655059814453,136.76943969726562,141.77305603027344,227.8364105224609,116.67266845703124,48.337867736816406,15.268426895141602
2021-04-30,127.92359924316406,241.4587554931641,116.6407241821289,173.37100219726562,135.55319213867188,140.50379943847656,224.6621551513672,117.47386932373048,46.94365692138672,14.954334259033203
2021-05-03,128.97451782226562,241.15237426757807,116.12429809570312,169.32449340820312,135.1566162109375,142.64511108398438,223.74832153320312,118.8650360107422,48.23944091796875,14.782220840454102
2021-05-04,124.41071319580078,237.25543212890625,114.3277359008789,165.593505859375,137.02499389648438,144.85545349121094,223.1904144287109,118.46001434326172,48.54290008544922,14.298504829406738
2021-05-05,124.65399169921876,235.9915771484375,114.72122955322266,163.52699279785156,138.82284545898438,144.25108337402344,220.47784423828125,117.50912475585938,50.00270462036133,14.405360221862791
2021-05-06,126.24990844726562,239.1129150390625,115.84031677246094,165.31849670410156,141.61659240722656,144.82957458496094,222.5074615478516,118.98834228515624,50.47837829589844,14.469623565673828
2021-05-07,126.92242431640624,241.7268524169922,116.56291198730467,164.58050537109375,142.1012725830078,145.4857940673828,223.2769927978516,118.99712371826172,51.2000846862793,14.757810592651367
2021-05-10,123.64727020263672,236.6713104248047,113.58036041259766,159.52450561523438,142.0836639404297,147.0139923095703,217.3612823486328,121.21592712402344,51.32310104370117,14.21331787109375
2021-05-11,122.73103332519533,235.76173400878903,112.5053939819336,161.19549560546875,139.72178649902344,145.81387329101562,216.88992309570312,120.61720275878906,49.69105911254883,14.253669738769531
2021-05-12,119.67030334472656,228.839111328125,109.04557037353516,157.5970001220703,138.76116943359375,145.22674560546875,212.22476196289065,119.3405303955078,49.957313537597656,13.707934379577637
2021-05-13,121.81475830078124,232.6977996826172,110.472412109375,158.07350158691406,142.33042907714844,146.746337890625,215.5288848876953,121.25995635986328,49.34158706665039,13.61502456665039
2021-05-14,124.23213958740234,237.60009765625,112.91773223876952,161.14500427246094,144.54249572753906,146.9708251953125,218.61143493652344,121.5152816772461,50.56473922729492,14.19065284729004
2021-05-17,123.08191680908205,234.75636291503903,113.44010925292967,163.51950073242188,145.12420654296875,147.11756896972656,218.12977600097656,121.26874542236328,51.74626541137695,14.11343765258789
2021-05-18,121.6977767944336,232.74563598632807,112.12922668457033,161.61399841308594,143.0795440673828,147.16940307617188,217.2916717529297,120.02731323242188,50.281837463378906,13.964239120483398
2021-05-19,121.54180908203124,233.32147216796875,112.57676696777344,161.58999633789062,141.98672485351562,146.8499755859375,216.34767150878903,120.27383422851562,49.07533264160156,14.014052391052246
2021-05-20,124.09566497802734,236.5460357666016,114.33367919921876,162.38400268554688,141.73997497558594,147.7047576904297,218.12977600097656,121.50652313232422,48.95883941650391,14.558793067932127
2021-05-21,122.2631378173828,235.28884887695312,113.69831085205078,160.1540069580078,143.352783203125,147.60972595214844,218.4476318359375,121.50652313232422,49.02540969848633,14.936653137207031
2021-05-24,123.8909683227539,240.67274475097656,117.01441192626952,162.24949645996094,144.12826538085938,148.17445373535156,220.9040985107422,121.4712905883789,49.59953308105469,15.554621696472168
2021-05-25,123.69601440429688,241.5748443603516,117.1051025390625,162.95249938964844,142.6388702392578,147.76614379882812,220.61505126953125,121.88511657714844,48.47625732421875,15.590239524841309
2021-05-26,123.64727020263672,241.3541717529297,117.9694366455078,163.25799560546875,142.6212615966797,146.88864135742188,218.73663330078125,121.61214447021484,49.04204559326172,15.642298698425291
2021-05-27,122.1169204711914,239.2619781494141,117.09568786621094,161.5054931640625,144.84213256835938,146.66273498535156,218.53436279296875,118.84744262695312,48.725868225097656,15.431075096130373
2021-05-28,121.46385192871094,239.61708068847656,116.80674743652344,161.15350341796875,144.74520874023438,147.04502868652344,218.9582061767578,118.7329559326172,48.56777191162109,16.184795379638672
2021-06-01,121.14218139648438,237.4289703369141,118.01254272460938,160.9324951171875,146.34036254882812,143.81309509277344,218.31280517578125,116.9984130859375,50.306785583496094,16.20472526550293
2021-06-02,121.90247344970705,237.3329620361328,117.48770904541016,161.69949340820312,146.34915161132812,144.39517211914062,221.23159790039065,117.50912475585938,50.706180572509766,16.716583251953125
2021-06-03,120.42086029052734,235.80712890625,116.34732055664062,159.35049438476562,146.4460906982422,144.25616455078125,219.73846435546875,119.61346435546876,50.905879974365234,16.90738296508789
2021-06-04,122.71153259277344,240.6823272705078,118.6266098022461,160.31100463867188,146.68408203125,144.1953887939453,221.6939697265625,119.70149993896484,51.13053131103516,17.513648986816406
2021-06-07,122.72128295898438,243.5806121826172,119.0592803955078,159.90049743652344,145.9966583251953,143.21360778808594,222.8306579589844,120.1153335571289,50.79771423339844,17.554250717163086
2021-06-08,123.54004669189452,242.3906707763672,118.8679656982422,163.20550537109375,145.4149932861328,141.95384216308594,223.5338897705078,118.72415924072266,51.69634246826172,17.39284324645996
2021-06-09,123.92019653320312,243.36947631835935,119.33880615234376,164.0574951171875,143.59950256347656,143.86517333984375,223.78433227539065,118.68016815185548,52.1290168762207,17.298418045043945
2021-06-10,122.92594909667967,246.87234497070312,120.68634033203124,167.4824981689453,141.3610076904297,145.15972900390625,225.36415100097656,119.56063079833984,52.21222305297852,17.364938735961914
2021-06-11,124.13465881347656,247.4961853027344,120.4420166015625,167.3415069580078,141.2640380859375,143.31785583496094,226.33709716796875,118.74180603027344,51.72962951660156,17.763809204101562
2021-06-14,127.18563842773438,249.4156036376953,121.36930084228516,169.19349670410156,138.86692810058594,143.674072265625,225.4893798828125,118.78582000732422,51.64641952514648,17.956636428833008
2021-06-15,126.3668441772461,247.94723510742188,120.3523178100586,169.156494140625,136.76060485839844,142.90951538085938,224.4297332763672,118.55685424804688,53.526893615722656,17.727176666259766
2021-06-16,126.86392211914062,247.0067596435547,119.71099853515624,170.7624969482422,137.72120666503906,142.85739135742188,221.1738128662109,116.9103775024414,53.33551788330078,17.74885368347168
2021-06-17,128.46255493164062,250.3848571777344,120.6734619140625,174.46200561523438,133.74656677246094,143.54376220703125,223.63021850585935,117.97576141357422,51.579856872558594,18.592937469482425
2021-06-18,127.1661148071289,248.97412109375,119.05530548095705,174.34500122070312,130.36233520507812,140.72882080078125,221.9540863037109,116.25003051757812,50.25687026977539,18.574506759643555
2021-06-21,128.95965576171875,252.0452117919922,120.74185180664062,172.697998046875,132.57440185546875,142.3447723388672,225.7205810546875,117.16570281982422,52.0791015625,18.36373519897461
2021-06-22,130.59725952148438,254.80902099609372,121.25530242919922,175.27200317382812,132.38052368164062,142.1536407470703,227.2714691162109,117.20973205566406,53.07757568359375,18.821653366088867
2021-06-23,130.32431030273438,254.57872009277344,121.05359649658205,175.1909942626953,133.18246459960938,141.29351806640625,226.06732177734372,117.04244232177734,53.46865463256836,18.99155807495117
2021-06-24,130.04165649414062,255.9415435791016,121.4233169555664,172.45399475097656,134.40750122070312,141.9364776611328,227.57012939453125,117.12168884277344,53.68498611450195,19.13929748535156
2021-06-25,129.74923706054688,254.3388214111328,121.43174743652344,170.072998046875,135.76473999023438,142.666259765625,228.61045837402344,118.79460144042967,53.80147552490234,18.96540069580078
2021-06-28,131.37705993652344,257.8896179199219,121.45899200439452,172.1945037841797,136.01150512695312,142.5011749267578,225.4990081787109,119.1468276977539,52.42856597900391,19.91611671447754
2021-06-29,132.887939453125,260.46160888671875,121.19780731201172,172.40699768066406,135.84400939941406,142.50987243652344,227.29075622558597,118.33678436279295,52.10405731201172,19.95772171020508
2021-06-30,133.5020294189453,259.9818725585937,121.01641845703124,172.00799560546875,137.07781982421875,143.1267547607422,225.2389068603516,118.80340576171876,52.4868049621582,19.93355369567871
2021-07-01,133.80421447753906,260.6536560058594,121.3683090209961,171.64849853515625,138.4351043701172,144.18666076660156,226.5201110839844,119.07637786865234,52.63657379150391,20.1423282623291
2021-07-02,136.42633056640625,266.45977783203125,124.15657043457033,175.5489959716797,138.3021240234375,146.8104248046875,229.8723907470703,119.65747833251952,52.56169128417969,20.416379928588867
2021-07-06,138.43426513671875,266.46942138671875,125.08088684082033,183.78700256347656,135.97979736328125,145.9329833984375,230.8067779541016,119.72789764404295,51.06396865844727,20.62715148925781
2021-07-07,140.91989135742188,268.6478576660156,125.36238098144533,184.82899475097656,136.1393280029297,147.18402099609375,231.1920928955078,120.6260223388672,50.26519012451172,20.3015251159668
2021-07-08,139.6234588623047,266.2390441894531,123.9449462890625,186.57049560546875,133.7904510498047,146.89732360839844,227.92648315429688,120.60841369628906,50.04053115844727,19.834148406982425
2021-07-09,141.44625854492188,266.7380676269531,124.41527557373048,185.9669952392578,138.0716552734375,147.47943115234375,229.7182464599609,120.65243530273438,50.94747924804688,19.981136322021484
2021-07-12,140.85165405273438,266.1430969238281,125.8594741821289,185.9275054931641,140.0482940673828,147.2448272705078,229.1403045654297,120.74927520751952,50.897560119628906,20.441795349121094
2021-07-13,141.96279907226562,269.6555480957031,126.22225952148438,183.8679962158203,137.9652862548828,147.0623779296875,233.45590209960935,120.5995864868164,50.6562614440918,20.180198669433597
2021-07-14,145.38424682617188,271.1239013671875,127.10989379882812,184.08399963378903,137.49551391601562,148.06155395507812,236.9623107910156,121.48890686035156,49.53296661376953,19.773103713989254
2021-07-15,144.73114013671875,269.7035827636719,125.88871002197266,181.55999755859372,137.79684448242188,146.2804718017578,239.4283142089844,122.52784729003906,49.05036544799805,18.90087890625
2021-07-16,142.6939239501953,269.43487548828125,125.8540267944336,178.68150329589844,134.65023803710938,146.04588317871094,239.0141143798828,123.71651458740234,47.6941032409668,18.0983943939209
2021-07-19,138.85342407226562,265.8455810546875,123.48306274414062,177.47950744628906,130.27145385742188,144.98594665527344,231.58709716796875,123.65489196777344,46.054935455322266,18.71501922607422
2021-07-20,142.45997619628906,268.0625305175781,125.1002197265625,178.6595001220703,132.70016479492188,146.3499755859375,233.79302978515625,122.99452209472656,46.56248474121094,18.54784202575684
2021-07-21,141.72894287109375,270.05865478515625,126.4279327392578,179.25999450683594,135.4922637939453,147.2535400390625,234.7177581787109,122.5630874633789,48.06021499633789,19.343090057373047
2021-07-22,143.09361267089844,274.6076354980469,127.29275512695312,181.9015045166016,133.7815704345703,147.67926025390625,235.18017578125,122.09347534179688,47.51936340332031,19.526464462280277
2021-07-23,144.8091583251953,277.9953308105469,131.8459014892578,182.83200073242188,133.52452087402344,149.2517852783203,239.881103515625,123.8566436767578,47.46112060546875,19.49058532714844
2021-07-26,145.22828674316406,277.4003295898437,132.85694885253906,184.99099731445312,134.4197540283203,149.32130432128906,241.06593322753903,124.29080963134766,48.659305572509766,19.227500915527344
2021-07-27,143.06431579589844,274.9914855957031,130.74069213867188,181.3195037841797,134.2424774169922,150.00765991210938,241.720947265625,124.7958526611328,48.11845397949219,19.14179039001465
2021-07-28,141.3195343017578,274.68438720703125,134.89781188964844,181.51600646972656,134.46409606933594,149.59060668945312,237.8773956298828,122.94405364990234,48.44295883178711,19.435773849487305
2021-07-29,141.96279907226562,274.9531555175781,134.58413696289062,179.99600219726562,135.61639404296875,149.59060668945312,238.8214569091797,123.5819854736328,49.03373336791992,19.594226837158203
2021-07-30,142.17730712890625,273.4271240234375,133.54234313964844,166.37950134277344,134.5349884033203,149.60800170898438,237.3476104736328,126.0185546875,47.9021110534668,19.43178367614746
2021-08-02,141.8459014892578,273.3407897949219,133.6692352294922,166.57400512695312,133.99429321289062,149.6687774658203,230.98019409179688,125.7084732055664,47.910438537597656,19.681922912597656
2021-08-03,143.63943481445312,275.54815673828125,134.43792724609375,168.31199645996094,135.5188446044922,151.51068115234375,228.38888549804688,127.54248046875,48.42632293701172,19.7466983795166
2021-08-04,143.23977661132812,274.96270751953125,133.93785095214844,167.73599243164062,134.05638122558594,150.6157989501953,227.9843292236328,126.19578552246094,47.294715881347656,20.20411872863769
2021-08-05,143.34701538085938,277.85137939453125,135.05393981933594,168.79949951171875,135.7493438720703,150.90252685546875,231.39439392089844,126.25779724121094,47.5942497253418,20.56586456298828
2021-08-06,142.66368103027344,277.7938232421875,134.54544067382812,167.2469940185547,139.6051025390625,150.39862060546875,232.54071044921875,125.2920379638672,48.14340972900391,20.29579734802246
2021-08-09,142.61489868164062,276.7093200683594,135.70962524414062,167.093505859375,139.45440673828125,150.91989135742188,231.1920928955078,125.97422790527344,47.5942497253418,20.22504425048828
2021-08-10,142.1365509033203,274.8955078125,135.6045684814453,166.03399658203125,141.16510009765625,150.9720001220703,229.3329620361328,126.05397033691406,48.4096794128418,19.86728286743164
2021-08-11,142.39031982421875,275.38494873046875,135.08120727539062,164.60549926757812,142.84921264648438,150.9980926513672,226.43341064453125,126.36406707763672,48.55113983154297,19.63109970092773
2021-08-12,145.3482666015625,278.1297302246094,135.98818969726562,165.1750030517578,143.40765380859375,152.2144012451172,223.58782958984372,126.6565170288086,48.44132232666016,19.836389541625977
2021-08-13,145.5532684326172,281.04718017578125,136.5169677734375,164.69850158691406,141.8033447265625,153.1266326904297,224.4173889160156,127.2678451538086,47.951419830322266,20.118410110473636
2021-08-16,147.5252227783203,282.7267150878906,137.09384155273438,164.94949340820312,140.8726043701172,154.50804138183594,227.03147888183597,128.15386962890625,47.2503547668457,19.88122940063477
2021-08-17,146.6173095703125,281.2679138183594,135.46035766601562,162.09800720214844,139.1707763671875,155.9241943359375,226.23085021972656,128.36651611328125,46.92937850952149,19.390932083129883
2021-08-18,142.87844848632812,279.5467529296875,134.25851440429688,160.06100463867188,137.9032440185547,153.94332885742188,223.4334716796875,126.96658325195312,45.94113159179688,18.97437286376953
2021-08-19,143.21035766601562,285.3545227050781,134.48745727539062,159.3874969482422,136.75094604492188,155.1422882080078,223.37559509277344,128.46395874023438,44.53900146484375,19.72975349426269
2021-08-20,144.66488647460938,292.65240478515625,136.2216033935547,159.99749755859375,137.14096069335938,155.8981170654297,223.17303466796875,128.55258178710938,44.54743576049805,20.74424934387207
2021-08-23,146.14871215820312,292.93133544921875,138.8106231689453,163.2935028076172,138.89601135253906,155.22518920898438,225.8546600341797,127.89693450927734,46.380348205566406,21.882308959960938
2021-08-24,146.06088256835938,290.9794311523437,140.01992797851562,165.28900146484375,139.7557830810547,153.2849578857422,225.9511260986328,126.86026000976562,46.76044845581055,21.717878341674805
2021-08-25,144.83084106445312,290.39288330078125,140.83021545410156,164.95899963378906,142.6365509033203,152.27114868164062,224.35952758789065,126.40837097167967,46.844913482666016,22.136430740356445
2021-08-26,144.0303955078125,287.585205078125,140.1973419189453,165.8000030517578,143.37222290039062,151.45840454101562,222.3627471923828,126.18688201904295,46.21141815185547,21.991931915283203
2021-08-27,145.0651397705078,288.19097900390625,142.73829650878906,167.48150634765625,144.52447509765625,151.135009765625,224.4559326171875,126.08941650390624,47.10676193237305,22.557979583740234
2021-08-30,149.47763061523438,291.9120788574219,143.31964111328125,171.07850646972656,142.2110595703125,151.77301025390625,223.047607421875,126.63874053955078,46.59151077270508,22.60979461669922
2021-08-31,148.21835327148438,290.2679138183594,143.4257049560547,173.5395050048828,141.7767333984375,151.30982971191406,220.9930419921875,126.16031646728516,46.05093765258789,22.3117733001709
2021-09-01,148.8821258544922,290.21978759765625,143.9391632080078,173.9499969482422,141.57286071777344,151.8429412841797,221.9768829345703,127.44503021240234,45.41743850708008,22.36759185791016
2021-09-02,149.9950408935547,289.56591796875,142.02761840820312,173.156005859375,142.2288055419922,152.88294982910156,216.24710083007807,127.54248046875,46.5239372253418,22.32274055480957
2021-09-03,150.62957763671875,289.556396484375,142.4761199951172,173.90249633789062,141.3690185546875,152.97909545898438,217.14419555664065,127.63108825683594,46.34656524658203,22.768274307250977
2021-09-07,152.96270751953125,288.6332702636719,143.01239013671875,175.46449279785156,141.1208038330078,150.60194396972656,218.26315307617188,127.1526870727539,46.076271057128906,22.58786964416504
2021-09-08,151.4202880859375,288.6621398925781,142.42803955078125,176.27499389648438,140.491455078125,150.23480224609375,220.98336791992188,128.118408203125,45.65393829345703,22.265926361083984
2021-09-09,150.40504455566406,285.81597900390625,142.2793731689453,174.20799255371094,141.10308837890625,146.8875732421875,219.43995666503903,127.57796478271484,45.687721252441406,22.10445022583008
2021-09-10,145.42633056640625,284.33514404296875,139.63780212402344,173.45750427246094,139.48101806640625,145.92616271972656,216.9512481689453,127.70198822021484,45.59481430053711,22.404470443725582
2021-09-13,145.99258422851562,285.56597900390625,141.08151245117188,172.85850524902344,141.6969451904297,144.9036407470703,216.6811981201172,129.0753173828125,46.768890380859375,22.07953453063965
2021-09-14,144.5965576171875,288.2582397460937,141.29164123535156,172.5,139.22398376464844,144.02967834472656,215.1377716064453,128.85382080078125,46.10161590576172,22.16924285888672
2021-09-15,145.48492431640625,293.0948486328125,143.16006469726562,173.7895050048828,140.19012451171875,144.57150268554688,215.89016723632807,128.57911682128906,47.6557846069336,22.267915725708008
2021-09-16,145.25064086914062,293.4793701171875,142.34774780273438,174.41200256347656,140.12803649902344,144.396728515625,216.3917999267578,127.68429565429688,47.14899444580078,22.16924285888672
2021-09-17,142.58555603027344,288.3351745605469,139.56246948242188,173.12600708007812,139.76463317871094,143.98597717285156,213.903076171875,127.88805389404295,46.59151077270508,21.82835960388184
2021-09-20,139.53977966308594,282.9794311523437,137.500244140625,167.7864990234375,135.5808868408203,143.1644287109375,212.26324462890625,126.60335540771484,45.34986114501953,21.04393768310547
2021-09-21,140.0181121826172,283.46014404296875,137.81101989746094,167.18150329589844,135.59866333007812,143.79368591308594,212.37896728515625,126.79827117919922,45.3076400756836,21.17650032043457
2021-09-22,142.38058471679688,287.0947570800781,139.05050659179688,169.00250244140625,138.19577026367188,143.26931762695312,214.8676605224609,127.232421875,46.633750915527344,21.86922264099121
2021-09-23,143.33729553222656,288.037109375,139.97483825683594,170.8000030517578,142.86700439453125,144.08206176757812,220.23092651367188,127.75518035888672,48.21326446533203,22.4084529876709
2021-09-24,143.4250946044922,287.8352355957031,140.96502685546875,171.2760009765625,144.5156707763672,143.64511108398438,223.39486694335935,127.1881103515625,48.6440544128418,22.00876808166504
2021-09-27,141.91200256347656,282.8544921875,139.83206176757812,170.2899932861328,148.00799560546875,142.60511779785156,221.47531127929688,125.5135269165039,50.088409423828125,21.58914566040039
2021-09-28,138.53428649902344,272.6141052246094,134.63613891601562,165.79800415039062,147.21026611328125,142.2904815673828,217.57827758789065,124.56546020507812,50.61210250854492,20.63128662109375
2021-09-29,139.4324188232422,273.0756530761719,133.17262268066406,165.05599975585938,147.0950164794922,143.3479461669922,218.6586151123047,125.8324737548828,50.57831954956055,20.449880599975582
2021-09-30,138.13401794433594,271.0756530761719,132.50108337402344,164.2519989013672,145.091796875,141.1455841064453,214.8676605224609,123.86553192138672,49.6829719543457,20.648231506347656
2021-10-01,139.25665283203125,277.9795227050781,135.34286499023438,164.16299438476562,148.14096069335938,140.24539184570312,222.30487060546875,123.67060089111328,51.4652214050293,20.674150466918945
2021-10-04,135.83018493652344,272.2198791503906,132.4847412109375,159.48899841308594,147.98141479492188,139.15289306640625,216.7776336669922,122.97064208984376,52.13250350952149,19.667457580566406
2021-10-05,137.75332641601562,277.65252685546875,134.82745361328125,161.0500030517578,150.3979949951172,139.46754455566406,216.3435821533203,123.4490966796875,52.048038482666016,20.38410186767578
2021-10-06,138.62216186523438,281.83514404296875,136.3559112548828,163.10049438476562,150.71897888183594,139.75595092773438,218.4946136474609,125.09710693359376,51.09355926513672,20.63228225708008
2021-10-07,139.88145446777344,283.5083312988281,138.0012969970703,165.1215057373047,151.67312622070312,141.00575256347656,222.3916778564453,126.0982894897461,51.23714828491211,21.00606155395508
2021-10-08,139.500732421875,283.5083312988281,138.556884765625,164.43099975585938,151.7890167236328,140.64743041992188,222.12159729003903,125.57551574707033,52.52104187011719,20.762859344482425
2021-10-11,139.4128875732422,282.9120788574219,137.6930694580078,162.31500244140625,148.5966796875,140.05311584472656,217.14419555664065,126.0982894897461,51.99735641479492,20.627302169799805
2021-10-12,138.143798828125,281.61407470703125,135.24972534179688,162.3665008544922,147.45529174804688,137.81573486328125,216.1217041015625,125.91219329833984,51.72705459594727,20.60338020324707
2021-10-13,137.55807495117188,284.912109375,136.37274169921875,164.21400451660156,143.56736755371094,139.13546752929688,214.5879821777344,126.20462799072266,51.58345413208008,20.87050437927246
2021-10-14,140.34027099609375,291.1044311523437,139.910400390625,164.9929962158203,145.7698974609375,139.9307098388672,217.21170043945312,127.63108825683594,52.36899948120117,21.674867630004883
2021-10-15,141.3946075439453,292.5082702636719,140.12548828125,170.4510040283203,148.56993103027344,140.97079467773438,222.81614685058597,127.95895385742188,52.86735153198242,21.79048156738281
2021-10-18,143.06390380859375,295.4697265625,141.52308654785156,172.33700561523438,148.51644897460938,139.93951416015625,222.48814392089844,126.11603546142578,52.84200668334961,22.14930534362793
2021-10-19,145.22134399414062,296.37353515625,141.97805786132812,172.20750427246094,150.3177032470703,143.21688842773438,225.25657653808597,124.62750244140624,53.63599395751953,22.21708297729492
2021-10-20,145.70944213867188,295.58514404296875,140.52294921875,170.7530059814453,152.34190368652344,143.13824462890625,223.2308654785156,125.11482238769533,53.931617736816406,22.030696868896484
2021-10-21,145.92420959472656,298.8063049316406,140.63893127441406,171.75050354003906,151.1470184326172,142.80612182617188,222.0926818847656,124.2144012451172,52.95181655883789,22.617765426635746
2021-10-22,145.1529998779297,297.2677917480469,136.35740661621094,166.77749633789062,153.18016052246094,143.08578491210938,223.047607421875,125.55168151855467,53.31501388549805,22.65165901184082
2021-10-25,145.1041717529297,296.2774353027344,136.23895263671875,166.01849365234375,152.43109130859375,143.40040588378906,225.60386657714844,125.56947326660156,54.35395431518555,23.090221405029297
2021-10-26,145.76800537109375,298.18133544921875,138.08407592773438,168.80349731445312,152.84127807617188,144.85992431640625,223.61671447753903,127.3524932861328,55.61248016357422,24.636144638061523
2021-10-27,145.3092041015625,310.7388916015625,144.93235778808594,169.62449645996094,149.6578369140625,143.103271484375,208.1443328857422,126.44316864013672,54.16812896728516,24.371017456054688
2021-10-28,148.9407196044922,311.8735046386719,144.5670623779297,172.32850646972656,151.9138946533203,142.32542419433594,202.4145355224609,127.2009506225586,54.32017135620117,24.85940933227539
2021-10-29,146.23658752441406,318.8638916015625,146.7447967529297,168.6215057373047,151.49476623535156,142.35165405273438,204.27621459960935,127.47733306884766,54.45531845092773,25.48336410522461
2021-11-01,145.4165802001953,316.70037841796875,142.23574829101562,165.90550231933594,151.41455078125,142.47402954101562,204.94183349609372,127.1652603149414,55.43511581420898,25.742511749267575
2021-11-02,146.45138549804688,320.3158569335937,144.15423583984375,165.6374969482422,152.0120086669922,144.72012329101562,201.73931884765625,128.43125915527344,54.75094604492188,26.314632415771484
2021-11-03,147.8863983154297,321.1523742675781,145.30950927734375,169.1999969482422,152.0654754638672,144.25689697265625,200.73611450195312,129.3138427734375,53.99919891357422,26.510988235473636
2021-11-04,147.3690185546875,323.4984741210937,146.96434020996094,173.85000610351562,150.06800842285156,143.8548583984375,201.39202880859372,129.55455017089844,54.404632568359375,29.703516006469727
2021-11-05,147.8969268798828,323.1331787109375,147.54368591308594,175.94949340820312,149.85403442382812,142.8323211669922,209.0028839111328,130.1964569091797,54.91987228393555,29.654674530029297
2021-11-08,147.0757293701172,324.02734375,147.72113037109375,174.44900512695312,150.75466918945312,142.3428955078125,212.68768310546875,129.2246551513672,55.51114273071289,30.70323181152344
2021-11-09,147.43743896484375,323.02734375,147.609619140625,178.81149291992188,149.61325073242188,142.02828979492188,205.83888244628903,129.61692810058594,56.05172348022461,30.55671501159668
2021-11-10,144.61209106445312,318.0754699707031,144.6112060546875,174.1024932861328,149.4705810546875,143.56646728515625,208.2981719970703,130.891845703125,54.94746780395508,29.362628936767575
2021-11-11,144.56321716308594,319.6427001953125,144.48532104492188,173.625,149.46163940429688,142.5089569091797,203.33132934570312,130.51736450195312,55.0501823425293,30.29058074951172
2021-11-12,146.63575744628906,323.7677001953125,147.37120056152344,176.25750732421875,148.7928924560547,144.21319580078125,204.9450836181641,130.6600341796875,54.63074493408203,30.29058074951172
2021-11-15,146.6455841064453,323.1427001953125,147.147216796875,177.28399658203125,148.52536010742188,142.91099548339844,205.14797973632807,131.40890502929688,55.10154724121094,29.92677879333496
2021-11-16,147.62319946289062,326.4503479003906,146.57627868652344,177.03500366210938,147.45529174804688,142.16810607910156,207.9309844970703,131.2216796875,55.6579475402832,30.104196548461918
2021-11-17,150.05752563476562,326.6719665527344,146.7457733154297,177.4499969482422,146.66163635253906,142.70126342773438,198.1519012451172,131.14144897460938,55.0501823425293,29.165283203125
2021-11-18,154.33956909179688,328.7430419921875,148.5215301513672,184.8029937744141,145.39540100097656,141.93214416503906,196.4801788330078,131.1592559814453,54.45098114013672,31.571382522583008
2021-11-19,156.95962524414062,330.5155334472656,147.61753845214844,183.82850646972656,143.4960174560547,142.36038208007812,194.0933990478516,130.891845703125,51.934303283691406,32.87710189819336
2021-11-22,157.4191436767578,327.3558959960937,145.01608276367188,178.6284942626953,146.5546417236328,140.48663330078125,188.9912567138672,131.76547241210938,52.65335464477539,31.851463317871094
2021-11-23,157.8004150390625,325.2847595214844,144.50067138671875,179.0019989013672,150.05909729003906,141.35751342773438,191.80323791503903,133.2275848388672,54.04009628295898,31.642148971557617
2021-11-24,158.3185577392578,325.50640869140625,144.83572387695312,179.02049255371094,148.88204956054688,140.96168518066406,196.40284729003903,132.53219604492188,54.33970642089844,32.56711196899414
2021-11-26,153.3032684326172,317.5784912109375,140.9333038330078,175.22799682617188,144.3966827392578,140.04678344726562,190.99151611328125,131.47129821777344,52.430782318115234,31.399948120117188
2021-11-29,156.6565704345703,324.2733459472656,144.2513885498047,178.07850646972656,143.77244567871094,140.5306396484375,189.6773834228516,132.85316467285156,52.72183227539063,33.266822814941406
2021-11-30,161.60337829589844,318.4551086425781,140.6503448486328,175.35350036621094,141.63232421875,137.17018127441406,187.2422332763672,128.89480590820312,51.22381210327149,32.56910705566406
2021-12-01,161.08523559570312,317.9637756347656,139.811767578125,172.18600463867188,140.79409790039062,139.0615692138672,183.7538604736328,130.51736450195312,51.18101119995117,31.33600616455078
2021-12-02,160.09783935546875,317.3954467773437,141.7094268798828,171.8679962158203,143.75465393066406,138.19064331054688,191.6099548339844,131.28407287597656,52.45646667480469,32.02482986450195
2021-12-03,158.2207794189453,311.1532897949219,140.75340270996094,169.489501953125,141.1508026123047,140.20518493652344,189.7063446044922,133.61985778808594,52.12261962890625,30.596338272094727
2021-12-06,161.6230010986328,314.2165832519531,141.8967742919922,171.36849975585938,142.81834411621094,143.33682250976562,195.85206604003903,135.64356994628906,52.7132682800293,29.94241142272949
2021-12-07,167.35191345214844,322.6261291503906,145.97512817382812,176.1645050048828,144.96739196777344,143.706298828125,200.3840789794922,135.28695678710938,53.303932189941406,32.32488250732422
2021-12-08,171.16468811035156,322.6742553710937,146.884033203125,176.1580047607422,143.3087615966797,144.5684051513672,201.9495086669922,135.8931884765625,53.45800018310547,31.72577476501465
2021-12-09,170.6562957763672,320.8729553222656,146.34085083007812,174.17100524902344,143.0858612060547,145.9407501220703,204.2686309814453,136.68666076660156,53.594970703125,30.39398002624512
2021-12-10,175.4369659423828,329.9665222167969,146.70065307617188,172.21200561523438,142.51513671875,145.58006286621094,206.21090698242188,138.594482421875,53.93737411499024,30.102901458740234
2021-12-13,171.80996704101562,326.9417419433594,144.54478454589844,169.5675048828125,140.8208465576172,148.18392944335938,203.9111175537109,140.56471252441406,52.75607299804688,28.07231903076172
2021-12-14,170.4314727783203,316.28765869140625,142.6421661376953,169.0915069580078,141.8998565673828,149.80258178710938,202.90614318847656,141.081787109375,52.67902755737305,28.24776077270508
2021-12-15,175.29034423828125,322.365966796875,145.1538848876953,173.31500244140625,140.83871459960938,150.55030822753906,205.15765380859372,141.62559509277344,52.44791793823242,30.36307907104492
2021-12-16,168.40774536132812,312.97393798828125,143.1754608154297,168.87100219726562,143.041259765625,152.19532775878906,207.14825439453125,143.6315460205078,52.53350830078125,28.297605514526367
2021-12-17,167.3128204345703,311.9142761230469,140.47935485839844,170.0175018310547,139.7864532470703,147.9904022216797,204.7421417236328,140.37750244140625,51.38645553588867,27.71345329284668
2021-12-20,165.95388793945312,308.1671142578125,140.3623809814453,167.07899475097656,137.27183532714844,147.5681610107422,201.7079620361328,140.7340850830078,50.64171600341797,27.6317081451416
2021-12-21,169.1214599609375,315.27618408203125,142.2114715576172,170.41700744628906,139.1890106201172,147.09315490722656,208.1242218017578,140.64491271972656,51.78878402709961,28.983436584472656
2021-12-22,171.71217346191406,320.96929931640625,145.12811279296875,171.03700256347656,139.73297119140625,147.72650146484375,210.6172790527344,142.0357208251953,52.20822143554688,29.307409286499023
2021-12-23,172.3378448486328,322.40460205078125,145.6251983642578,171.06849670410156,140.23231506347656,148.00799560546875,209.3224334716797,142.73110961914062,52.23391342163086,29.546655654907227
2021-12-27,176.2973175048828,329.8797607421875,146.6064910888672,169.66949462890625,141.03488159179688,149.25714111328125,210.2984619140625,144.39820861816406,52.9786376953125,30.847545623779297
2021-12-28,175.28054809570312,328.7237854003906,145.39772033691406,170.66099548339844,141.46290588378906,149.85536193847656,210.70428466796875,145.173828125,52.80743408203125,30.22650909423828
2021-12-29,175.36854553222656,329.3980712890625,145.36602783203125,169.2010040283203,141.39157104492188,150.91098022460938,210.82028198242188,146.37738037109375,52.34519577026367,29.90652275085449
2021-12-30,174.21495056152344,326.8645935058594,144.91549682617188,168.64450073242188,141.3202362060547,151.57957458496094,210.53033447265625,145.11143493652344,52.03702545166016,29.492830276489254
2021-12-31,173.59902954101562,323.9747314453125,143.578857421875,166.7169952392578,141.20431518554688,150.48873901367188,209.4094390869141,145.83355712890625,52.379432678222656,29.318378448486328
2022-01-03,177.93971252441406,322.46240234375,143.71713256835938,170.4044952392578,144.1915740966797,150.90219116210938,213.9703826904297,145.22731018066406,54.39105987548828,30.02614402770996
2022-01-04,175.68136596679688,316.9330749511719,143.13034057617188,167.52200317382812,149.6578369140625,150.49754333496094,214.96575927734372,145.73550415039062,56.43693161010742,29.1977596282959
2022-01-05,171.00823974609375,304.76666259765625,136.56405639648438,164.35699462890625,146.92178344726562,151.50039672851562,212.58859252929688,146.39520263671875,57.13884735107422,27.517072677612305
2022-01-06,168.15357971191406,302.3584289550781,136.5367889404297,163.25399780273438,148.48265075683594,150.9813690185547,212.34703063964844,145.1649169921875,58.48280334472656,28.08926010131836
2022-01-07,168.31982421875,302.5126342773437,135.81271362304688,162.5540008544922,149.95387268066406,153.022216796875,209.6510009765625,145.0846710205078,58.96217346191406,27.161195755004883
2022-01-10,168.33934020996094,302.7341003417969,137.45069885253906,161.48599243164062,150.097412109375,152.26571655273438,204.82911682128903,143.10552978515625,58.6112060546875,27.31370735168457
2022-01-11,171.16468811035156,303.4180603027344,138.5078125,165.36199951171875,150.24990844726562,150.64707946777344,207.1579132080078,141.4473114013672,61.0765266418457,27.729394912719727
2022-01-12,171.60462951660156,306.5873107910156,140.1874237060547,165.20700073242188,151.10214233398438,149.3627166748047,208.44314575195312,141.75930786132812,60.896751403808594,27.910829544067383
2022-01-13,168.33934020996094,293.6116638183594,137.36891174316406,161.21400451660156,150.9137420654297,148.45664978027344,207.75701904296875,141.11746215820312,60.46018600463867,26.49131393432617
2022-01-14,169.19967651367188,298.8135681152344,138.2545623779297,162.13800048828125,141.6380615234375,147.64732360839844,207.43817138671875,142.47256469726562,61.52163696289063,26.857154846191406
2022-01-18,166.0028076171875,291.5406799316406,134.80267333984375,158.91749572753906,135.6994171142578,146.99639892578125,208.44314575195312,139.7266845703125,62.55739974975586,25.821428298950195
2022-01-19,162.5126495361328,292.1956481933594,133.92892456054688,156.2989959716797,133.6002960205078,146.5389404296875,207.4478302001953,144.42495727539062,62.58311080932617,24.988059997558597
2022-01-20,160.83111572265625,290.5292053222656,132.1358184814453,151.66749572753906,132.46104431152344,145.36892700195312,207.12893676757807,145.20474243164062,62.720062255859375,24.073945999145508
2022-01-21,158.77804565429688,285.1636657714844,129.205810546875,142.64300537109375,130.14662170410156,145.03465270996094,198.9925842285156,145.76051330566406,61.778446197509766,23.300392150878903
2022-01-24,158.0056915283203,285.4911499023437,129.65432739257812,144.54400634765625,130.02999877929688,143.3632354736328,195.05003356933597,144.57736206054688,62.309173583984375,23.298397064208984
2022-01-25,156.2068328857422,277.900390625,125.81932830810548,139.98599243164062,131.44737243652344,147.46258544921875,195.19497680664065,142.99981689453125,64.14103698730469,22.25369453430176
2022-01-26,156.118896484375,285.8186950683594,128.09715270996094,138.87249755859375,132.69430541992188,148.12237548828125,198.9346160888672,141.75390625,63.49047470092773,22.700288772583008
2022-01-27,155.6593475341797,288.8337707519531,127.8711395263672,139.6374969482422,130.35293579101562,150.0664825439453,199.2052001953125,142.63232421875,64.3036880493164,21.874895095825195
2022-01-28,166.5209503173828,296.9447326660156,132.17893981933594,143.97799682617188,131.5190887451172,151.12208557128906,220.3190460205078,143.86026000976562,64.44062805175781,22.768070220947266
2022-01-31,170.87139892578125,299.5649108886719,134.11428833007812,149.57350158691406,133.30430603027344,151.56195068359375,218.5507354736328,143.81546020507812,65.0227279663086,24.40888786315918
2022-02-01,170.7052001953125,297.4264221191406,136.43421936035156,151.19349670410156,135.591796875,150.3215789794922,224.5322113037109,143.17909240722656,69.19151306152344,24.560413360595703
2022-02-02,171.90771484375,301.9538269042969,146.69915771484375,150.6125030517578,134.50637817382812,151.98422241210938,227.48910522460935,145.74258422851562,69.01176452636719,25.16250991821289
2022-02-03,169.03346252441406,290.1920471191406,141.83233642578125,138.8455047607422,133.39398193359375,151.97543334960938,223.73980712890625,147.12289428710938,68.20710754394531,23.87257957458496
2022-02-04,168.74957275390625,294.7098999023437,142.03355407714844,157.63949584960938,136.856689453125,150.9813690185547,220.6959381103516,144.78346252441406,69.68800354003906,24.242412567138672
2022-02-07,168.03500366210938,289.9031066894531,137.97750854492188,157.9355010986328,137.31419372558594,150.47991943359375,219.5073699951172,143.69894409179688,70.52689361572266,24.65012550354004
2022-02-08,171.13807678222656,293.3805236816406,138.17376708984375,161.4134979248047,139.8977508544922,150.87579345703125,220.2611389160156,143.3762664794922,68.7035903930664,25.028932571411133
2022-02-09,172.55743408203125,299.7864685058594,140.34751892089844,161.1894989013672,140.4808349609375,150.8582000732422,223.0924224853516,143.0535888671875,68.37470245361328,26.620895385742188
2022-02-10,168.48529052734375,291.28057861328125,137.40164184570312,159.0034942626953,139.8977508544922,149.0372772216797,218.3449249267578,140.87548828125,67.71693420410156,25.742673873901367
2022-02-11,165.07876586914062,284.21002197265625,133.10223388671875,153.2935028076172,138.07667541503906,147.5330047607422,217.4738311767578,140.0867156982422,69.42196655273438,23.873579025268555
2022-02-14,165.313720703125,284.17144775390625,134.33480834960938,155.16700744628906,136.7938690185547,145.6768341064453,218.10292053222656,140.4900665283203,68.3573989868164,24.190580368041992
2022-02-15,169.14114379882812,289.4407043457031,135.40782165527344,156.510498046875,138.79434204101562,147.1810760498047,220.5033264160156,140.56179809570312,67.50053405761719,26.41156005859375
2022-02-16,168.90621948242188,289.1028137207031,136.52740478515625,158.10049438476562,139.0455322265625,147.09315490722656,221.47122192382807,141.6284637451172,67.81214141845703,26.427513122558597
2022-02-17,165.313720703125,280.6373291015625,131.37405395507812,154.65249633789062,135.84298706054688,146.19583129882812,217.3963928222656,143.25079345703125,67.7082748413086,24.429819107055664
2022-02-18,163.76707458496094,277.9344482421875,129.25685119628906,152.60150146484375,136.47991943359375,144.6287841796875,215.53811645507807,143.32249450683594,66.95529174804688,23.56754875183105
2022-02-22,160.84999084472656,277.7318420410156,128.67251586914062,150.19749450683594,136.23768615722656,142.66336059570312,214.2120819091797,141.55673217773438,66.17632293701172,23.316341400146484
2022-02-23,156.68975830078125,270.5404357910156,126.46658325195312,144.82699584960938,133.38504028320312,142.73416137695312,209.01451110839844,139.79098510742188,66.44462585449219,22.31649780273437
2022-02-24,159.3033905029297,284.3632202148437,131.52471923828125,151.35800170898438,129.6711883544922,140.00732421875,210.32118225097656,136.02638244628906,65.60509490966797,23.6732120513916
2022-02-25,161.36880493164062,286.9888916015625,133.2777099609375,153.7884979248047,132.7391357421875,146.96607971191406,212.22787475585935,141.83460998535156,67.37071228027344,24.08092498779297
2022-02-28,161.63307189941406,288.41748046875,133.8699493408203,153.56300354003906,127.20421600341795,145.70008850097656,209.1790313720703,139.7282257080078,67.87271118164062,24.308204650878903
2022-03-01,159.75364685058594,284.7107849121094,132.8831787109375,151.14199829101562,122.40487670898438,145.19541931152344,202.2587127685547,137.41567993164062,68.52183532714844,23.403064727783203
2022-03-02,163.04270935058594,289.7689514160156,133.38870239257812,152.05250549316406,124.94361877441406,147.00149536132812,201.7844696044922,137.8459014892578,69.69892883300781,24.147836685180664
2022-03-03,162.71966552734375,285.6470947265625,132.72262573242188,147.89849853515625,124.05551147460938,149.16171264648438,200.5745849609375,138.35687255859375,70.14033508300781,23.643346786499023
2022-03-04,159.72425842285156,279.7974548339844,130.7471160888672,145.64100646972656,120.56591796875,150.0470428466797,193.85748291015625,139.05596923828125,72.78011322021484,22.86766624450684
2022-03-07,155.93600463867188,269.2276611328125,125.2677230834961,137.4530029296875,115.91015625,152.46405029296875,184.5754547119141,136.99441528320312,75.40259552001953,21.288387298583984
2022-03-08,154.11526489257812,266.2738647460937,125.9873504638672,136.01449584960938,115.09381866455078,149.37420654296875,185.55303955078125,131.57164001464844,75.97380828857422,21.44990348815918
2022-03-09,159.5089111328125,278.4847412109375,132.24734497070312,139.2790069580078,119.70474243164062,149.9408416748047,193.3444976806641,133.34637451171875,71.65496063232422,22.9454345703125
2022-03-10,155.1724853515625,275.6757202148437,131.2655487060547,146.8175048828125,118.28736114501952,150.20645141601562,191.61199951171875,129.91348266601562,73.87930297851562,22.59049797058105
2022-03-11,151.46253967285156,270.34735107421875,128.72900390625,145.52450561523438,115.62310028076172,149.93197631835938,190.3924865722656,128.37179565429688,73.49848175048828,22.03415870666504
2022-03-14,147.4392852783203,266.84332275390625,124.84397888183594,141.85299682617188,116.7713394165039,152.00364685058594,193.89617919921875,130.01205444335938,70.86734771728516,21.26644897460937
2022-03-15,151.81491088867188,277.1815795898437,128.0624542236328,147.3665008544922,118.84357452392578,155.94338989257812,199.51963806152344,134.6908721923828,66.83411407470703,22.90455818176269
2022-03-16,156.21983337402344,284.17022705078125,132.1090545654297,153.10400390625,124.15420532226562,154.50917053222656,205.0655517578125,134.23374938964844,66.58311462402344,24.42301750183105
2022-03-17,157.2281036376953,284.9714050292969,132.66265869140625,157.23899841308594,125.7240982055664,156.52774047851562,206.59483337402344,134.65501403808594,68.3573989868164,24.692214965820312
2022-03-18,160.5171661376953,290.0005798339844,134.92909240722656,161.25050354003906,125.67919158935548,154.79244995117188,212.07305908203125,134.5833282470703,68.08908081054688,26.37418365478516
2022-03-21,161.88763427734375,288.7746887207031,134.90528869628906,161.4915008544922,125.2755355834961,155.66897583007812,210.06951904296875,135.09425354003906,71.1443099975586,26.65435028076172
2022-03-22,165.25497436523438,293.50457763671875,138.63864135742188,164.88900756835938,127.9398193359375,154.93414306640625,211.45361328125,136.13397216796875,70.83273315429688,26.444974899291992
2022-03-23,166.61566162109375,289.0932006835937,137.06016540527344,163.4080047607422,125.39215087890624,154.34982299804688,207.7853240966797,135.18386840820312,71.94921875,25.5576286315918
2022-03-24,170.3941192626953,293.54315185546875,140.32769775390625,163.64950561523438,126.20848846435548,155.1466064453125,210.33087158203125,135.41693115234375,72.16560363769531,28.066131591796875
2022-03-25,171.0303955078125,293.1377258300781,140.4278106689453,164.77349853515625,127.3118896484375,156.6339569091797,211.41488647460935,136.9854736328125,73.7408218383789,27.6094970703125
2022-03-28,171.8917999267578,299.9140625,140.2122039794922,168.99049377441406,126.36993408203124,157.43959045410156,213.67971801757807,137.9265899658203,71.6722640991211,28.13492202758789
2022-03-29,175.18087768554688,304.4605407714844,141.2529754638672,169.31500244140625,126.6480484008789,157.3599395751953,220.79364013671875,139.34280395507812,71.29143524169922,28.57062530517578
2022-03-30,174.01597595214844,302.9643249511719,140.69097900390625,166.30099487304688,126.07392120361328,158.99786376953125,216.7576141357422,138.3837432861328,72.51181030273438,27.607501983642575
2022-03-31,170.92271423339844,297.60699462890625,137.84519958496094,162.99749755859375,122.288330078125,156.908447265625,214.6475982666016,136.9585723876953,71.48186492919922,27.20470428466797
2022-04-01,170.62901306152344,298.6784362792969,138.9186553955078,163.55999755859375,121.38226318359376,157.75836181640625,219.0901641845703,139.01116943359375,71.9405746459961,26.632417678833008
2022-04-04,174.6718292236328,304.0358581542969,141.7148895263672,168.34649658203125,121.92052459716795,156.23556518554688,220.4258728027344,138.1058807373047,71.9751968383789,27.278484344482425
2022-04-05,171.36318969726562,300.0877990722656,139.35531616210938,164.05499267578125,120.50167083740234,157.24484252929688,218.82888793945312,138.58990478515625,71.60302734375,25.85373878479004
2022-04-06,168.20140075683594,289.1028137207031,135.34783935546875,158.75599670410156,118.8298110961914,161.33509826660156,211.97622680664065,140.57077026367188,72.39928436279297,24.33428382873535
2022-04-07,168.50485229492188,290.90789794921875,134.6941375732422,157.7845001220703,118.46829986572266,160.9189910888672,209.2080993652344,142.39028930664062,73.61100006103516,24.135875701904297
2022-04-08,166.49813842773438,286.66064453125,132.11598205566406,154.4604949951172,120.6372299194336,161.23776245117188,210.0114898681641,143.50177001953125,75.16024780273438,23.05011749267578
2022-04-11,162.2498016357422,275.357177734375,127.69123840332033,151.1219940185547,120.19441986083984,159.2191619873047,207.8530731201172,142.95497131347656,72.57240295410156,21.851701736450195
2022-04-12,164.11947631835938,272.268310546875,126.59197998046876,150.78750610351562,118.8749771118164,159.27230834960938,204.6106414794922,142.5247344970703,74.08702087402344,21.43993186950684
2022-04-13,166.80157470703125,277.63525390625,128.75230407714844,155.54100036621094,115.04320526123048,159.94515991210938,206.4206085205078,142.92811584472656,75.13427734375,22.136850357055664
2022-04-14,161.79949951171875,270.1156921386719,125.61614227294922,151.7064971923828,113.97682189941406,159.27230834960938,205.95599365234372,142.13037109375,76.01709747314453,21.194660186767575
2022-04-18,161.58416748046875,270.7817077636719,126.55430603027344,152.78500366210938,116.0915298461914,157.2891387939453,206.3238067626953,140.77691650390625,76.64025115966797,21.718101501464844
2022-04-19,163.86495971679688,275.39581298828125,128.86630249023438,158.11549377441406,118.4954071044922,162.08767700195312,208.7725372314453,142.88331604003906,75.95651245117188,22.13186454772949
2022-04-20,163.69851684570312,276.4189758300781,126.91461181640624,153.9980010986328,118.9111099243164,162.80477905273438,210.7954559326172,146.68370056152344,76.12962341308594,21.41799736022949
2022-04-21,162.90567016601562,271.06170654296875,123.71746826171876,148.29600524902344,117.98933410644533,162.3355255126953,209.4984893798828,146.56924438476562,75.3246841430664,20.12286758422852
2022-04-22,158.3734130859375,264.5170288085937,118.58399200439452,144.35000610351562,114.60039520263672,160.72422790527344,201.48439025878903,145.34341430664062,73.68022918701172,19.456859588623047
2022-04-25,159.44044494628906,270.97479248046875,121.99226379394533,146.07400512695312,114.5642547607422,164.68170166015625,203.2071990966797,146.51515197753906,71.19625091552734,19.842702865600582
2022-04-26,153.4888153076172,260.8392944335937,117.60714721679688,139.39100646972656,111.17530059814452,163.50418090820312,194.6414794921875,144.02740478515625,71.22221374511719,18.73202514648437
2022-04-27,153.263671875,273.3880310058594,113.28993225097656,138.16700744628906,109.7293472290039,161.2200164794922,207.23362731933597,143.63986206054688,73.25614166259766,18.36013603210449
2022-04-28,160.18435668945312,279.5754699707031,117.48077392578124,144.59649658203125,111.4645004272461,162.42410278320312,213.5732879638672,147.2903594970703,75.47181701660156,19.72306060791016
2022-04-29,154.32083129882812,267.8858642578125,113.10655975341795,124.28150177001952,107.8676986694336,159.76808166503906,206.2851104736328,144.7124786376953,73.78410339355469,18.491743087768555
2022-05-02,154.62432861328125,274.5946044921875,115.5583267211914,124.5,108.85274505615234,158.15676879882812,204.7364959716797,142.75650024414062,74.7880859375,19.47480773925781
2022-05-03,156.11216735839844,271.9980163574219,116.30271911621094,124.25350189208984,111.1843490600586,157.84689331054688,201.8618621826172,140.80056762695312,76.32868957519531,19.543598175048828
2022-05-04,162.51406860351562,279.913330078125,121.18640899658205,125.92849731445312,114.86248016357422,159.53790283203125,207.63043212890625,141.83714294433594,79.36659240722656,20.273420333862305
2022-05-05,153.45944213867188,267.72186279296875,115.4814910888672,116.40699768066406,111.98863983154295,156.49232482910156,198.6485137939453,139.2232208251953,78.16353607177734,18.78785896301269
2022-05-06,154.1848602294922,265.1927795410156,114.72916412353516,114.77249908447266,111.8079071044922,156.14706420898438,196.30621337890625,140.61129760742188,79.35794830322266,18.619359970092773
2022-05-09,149.0675811767578,255.3950653076172,111.52210998535156,108.78900146484376,110.12700653076172,156.99697875976562,186.80157470703125,140.25975036621094,73.10035705566406,16.89950180053711
2022-05-10,151.46937561035156,260.1443176269531,113.3895492553711,108.85900115966795,107.44295501708984,156.78445434570312,187.3629913330078,139.5206298828125,73.58503723144531,17.542577743530273
2022-05-11,143.61700439453125,251.5049591064453,112.60401153564452,105.37200164794922,106.76516723632812,155.93453979492188,190.40213012695312,137.5557098388672,75.11697387695312,16.58045196533203
2022-05-12,139.7545623779297,246.4855194091797,111.85218048095705,106.93049621582033,106.6748046875,157.4750518798828,188.09901428222656,136.9968719482422,75.4579849243164,16.12681007385254
2022-05-13,144.21499633789062,252.05517578125,115.03050231933594,113.05500030517578,107.62370300292967,156.5719757080078,193.1998291015625,138.466064453125,77.69636535644531,17.653249740600586
2022-05-16,142.6759033203125,252.4219970703125,113.4391098022461,110.8105010986328,106.87361145019533,157.66094970703125,191.82281494140625,139.81808471679688,79.5237808227539,17.212560653686523
2022-05-17,146.3031005859375,257.5573425292969,115.44928741455078,115.36849975585938,110.41619110107422,158.31613159179688,197.825439453125,139.42147827148438,80.53804016113281,18.12284278869629
2022-05-18,138.0487823486328,245.83079528808597,110.91597747802734,107.1125030517578,108.52739715576172,155.37680053710938,193.936767578125,130.73245239257812,79.26146697998047,16.88753318786621
2022-05-19,134.6470947265625,244.9213409423828,109.41380310058594,107.31900024414062,106.91879272460938,153.9956817626953,191.3961334228516,127.7219467163086,79.68992614746094,17.07298469543457
2022-05-20,134.88232421875,244.3601531982422,107.95077514648438,107.59100341796876,106.0421905517578,156.68707275390625,193.00587463378903,127.80303192138672,80.3194808959961,16.644262313842773
2022-05-23,140.29373168945312,252.1875457763672,110.50809478759766,107.55699920654295,112.60319519042967,159.88589477539062,201.27764892578125,130.74143981933594,82.09442138671875,16.847658157348633
2022-05-24,137.59783935546875,251.1909942626953,105.03860473632812,104.0999984741211,114.19371795654295,161.63229370117188,196.49691772460935,133.0669708251953,82.54035186767578,16.105871200561523
2022-05-25,137.7546844482422,253.99681091308597,104.87506866455078,106.7750015258789,114.98897552490234,160.04627990722656,197.67025756835935,130.8856964111328,84.20166015625,16.924427032470703
2022-05-26,140.95053100585938,257.26708984375,106.84508514404295,111.07749938964844,116.9771728515625,159.90370178222656,202.23773193359372,132.03038024902344,84.49893951416016,17.797815322875977
2022-05-27,146.6952362060547,264.36871337890625,111.32933044433594,115.14649963378906,118.63096618652344,161.3560791015625,206.43663024902344,134.04945373535156,85.32958984375,18.75495719909668
2022-05-31,145.9109649658203,263.04315185546875,112.76211547851562,120.20950317382812,119.4985122680664,159.96607971191406,205.7481689453125,133.29229736328125,83.9393539428711,18.61637115478516
2022-06-01,145.7835235595703,263.5753479003906,112.8909683227539,121.68399810791016,117.40191650390624,158.3444061279297,203.5759429931641,131.2732391357422,85.54816436767578,18.26541519165039
2022-06-02,148.23431396484375,265.66522216796875,116.58867645263672,125.51100158691406,119.29066467285156,157.8454132080078,208.54098510742188,132.6884002685547,85.39955139160156,19.53362464904785
2022-06-03,142.51904296875,261.2532653808594,113.53426361083984,122.3499984741211,117.62784576416016,157.1949920654297,206.213623046875,131.49859619140625,86.64114379882812,18.66422462463379
2022-06-06,143.26409912109375,260.02447509765625,115.7937240600586,124.79000091552734,117.23924255371094,157.17715454101562,206.4948883056641,130.98483276367188,86.42254638671875,18.730030059814453
2022-06-07,145.7835235595703,263.6528015136719,116.11984252929688,123.0,117.54651641845705,158.90576171875,208.0076141357422,132.44500732421875,90.38346862792967,18.869609832763672
2022-06-08,145.04827880859375,261.63067626953125,116.1639633178711,121.18000030517578,115.6758041381836,157.96128845214844,207.0378875732422,130.7955322265625,91.45018005371094,18.59637451171875
2022-06-09,139.83297729492188,256.1930847167969,113.82617950439452,116.1500015258789,113.24480438232422,154.7802734375,199.8715667724609,128.43399047851562,89.4740982055664,17.99803352355957
2022-06-10,134.43141174316406,244.77626037597656,110.18446350097656,109.6500015258789,108.03939819335938,153.74668884277344,193.4713287353516,127.9472427368164,87.83902740478516,16.927005767822266
2022-06-13,129.28475952148438,234.3945770263672,105.45738220214844,103.66999816894533,104.8221664428711,152.1963348388672,186.44076538085935,124.52210235595705,83.80818939208984,15.603682518005373
2022-06-14,130.1473846435547,236.5521697998047,105.77755737304688,102.30999755859376,103.0780029296875,149.86184692382812,187.66259765625,120.63728332519533,84.02678680419922,15.792157173156738
2022-06-15,132.7648468017578,243.58615112304688,108.7997589111328,107.66999816894533,104.29801940917967,151.46566772460938,190.2227478027344,119.4384765625,82.96879577636719,16.481245040893555
2022-06-16,127.50055694580078,237.0166015625,105.1015396118164,103.66000366210938,102.5086441040039,151.54588317871094,183.32791137695312,120.1685562133789,79.90850067138672,15.557808876037598
2022-06-17,128.97100830078125,239.60958862304688,106.20178985595705,106.22000122070312,102.14717864990234,150.99346923828125,184.2588653564453,119.30325317382812,75.30058288574219,15.836034774780272
2022-06-21,133.19618225097656,245.5018615722656,110.56360626220705,108.68000030517578,104.67757415771484,154.15660095214844,188.5063018798828,122.91768646240234,79.98721313476562,16.5201358795166
2022-06-22,132.68643188476562,244.91163635253903,110.50759887695312,108.9499969482422,104.09015655517578,156.58909606933594,187.9535675048828,124.83760833740234,76.82199096679688,16.314708709716797
2022-06-23,135.5489959716797,250.45559692382807,111.2554702758789,112.44000244140624,102.95146942138672,160.0819091796875,190.68820190429688,128.2627410888672,74.50491333007812,16.180082321166992
2022-06-24,138.87222290039062,259.00860595703125,116.93807983398438,116.45999908447266,106.02410125732422,162.42532348632812,199.2897491455078,130.11048889160156,75.98259735107422,17.078584671020508
2022-06-27,138.87222290039062,256.28985595703125,114.81541442871094,113.22000122070312,105.1746063232422,162.2738494873047,197.3987274169922,129.11898803710938,77.84498596191406,16.822294235229492
2022-06-28,134.73532104492188,248.1529083251953,111.02303314208984,107.4000015258789,104.66851806640624,157.6583251953125,192.12338256835935,127.01889038085938,80.00469207763672,15.937750816345217
2022-06-29,136.49008178710938,251.8102264404297,110.71971130371094,108.91999816894533,104.1986083984375,157.702880859375,193.46160888671875,128.17257690429688,77.04932403564453,15.498969078063965
2022-06-30,134.0294952392578,248.4915313720703,108.00529479980467,106.20999908447266,101.76761627197266,158.16619873046875,190.9306488037109,129.60574340820312,74.88089752197266,15.117032051086426
2022-07-01,136.19595336914062,251.15220642089844,107.7817840576172,109.55999755859376,103.06896209716795,159.95718383789062,193.15130615234372,131.69686889648438,76.55093383789062,14.482793807983398
2022-07-05,138.7742156982422,254.3160858154297,112.26750183105467,113.5,102.67692565917967,158.72755432128906,194.4701232910156,130.42596435546875,74.15516662597656,14.922572135925291
2022-07-06,140.1074981689453,257.5669860839844,113.5649871826172,114.33000183105467,102.0113754272461,158.8700714111328,195.03257751464844,131.64280700683594,72.8173828125,15.088109970092772
2022-07-07,143.469970703125,259.6858825683594,117.7389907836914,116.33000183105467,104.59152221679688,159.04832458496094,196.66177368164065,131.59771728515625,75.14320373535156,15.814094543457031
2022-07-08,144.1463623046875,258.969970703125,118.30447387695312,115.54000091552734,104.26329803466795,158.85231018066406,197.408447265625,130.71441650390625,75.26561737060547,15.794151306152344
2022-07-11,142.01905822753906,255.9221954345703,114.6597900390625,111.75,102.89574432373048,158.91465759277344,198.8533477783203,131.6337890625,74.88089752197266,15.110050201416016
2022-07-12,142.98960876464844,245.43414306640625,113.0183334350586,109.22000122070312,102.99603271484376,156.6870880126953,198.6205902099609,130.47103881835938,73.88410949707031,15.040245056152344
2022-07-13,142.6269073486328,244.51498413085935,110.3747787475586,110.4000015258789,102.02961730957033,156.32179260253906,197.9709014892578,131.32736206054688,74.181396484375,15.12201690673828
2022-07-14,145.54823303222656,245.83079528808597,109.39744567871094,110.62999725341795,98.46481323242188,156.5355987548828,199.67762756347656,130.93972778320312,72.69498443603516,15.329442977905272
2022-07-15,147.21478271484375,248.3851318359375,110.79505157470705,113.5500030517578,102.97779083251952,158.80772399902344,203.6826171875,130.75949096679688,73.91908264160156,15.718360900878906
2022-07-18,144.17578125,245.9952850341797,108.07170104980467,113.76000213623048,101.92020416259766,155.2436065673828,200.93829345703125,129.1731414794922,75.28309631347656,16.05642318725586
2022-07-19,148.02845764160156,251.10389709472656,112.8096923828125,118.20999908447266,104.44564056396484,152.9804229736328,207.1930389404297,129.83108520507812,77.18048095703125,16.944955825805664
2022-07-20,150.0283203125,253.75489807128903,112.89889526367188,122.7699966430664,104.42741394042967,152.1072235107422,206.91183471679688,127.58670806884766,78.02861785888672,17.75769805908203
2022-07-21,152.2928466796875,256.2414855957031,113.33502960205078,124.62999725341795,105.13855743408205,152.64183044433594,209.64645385742188,127.70736694335938,76.7258071899414,18.00002670288086
2022-07-22,151.05763244628906,251.90695190429688,106.95162963867188,122.41999816894533,104.62798309326172,153.36354064941406,207.2318420410156,129.74859619140625,76.13998413085938,17.271053314208984
2022-07-25,149.94009399414062,250.42662048339844,106.56507110595705,121.13999938964844,105.04737854003906,153.6665496826172,207.7845916748047,130.6285858154297,78.67565155029297,16.97686767578125
2022-07-26,148.61666870117188,243.7216033935547,104.09695434570312,114.80999755859376,103.40628051757812,154.7535400390625,206.05848693847656,130.8826141357422,78.36962127685547,16.487228393554688
2022-07-27,153.7045135498047,260.01483154296875,112.06629180908205,120.97000122070312,105.06560516357422,154.32586669921875,204.0995941162109,132.12545776367188,80.06588745117188,17.740745544433594
2022-07-28,154.2534942626953,267.43585205078125,113.2160873413086,122.27999877929688,104.67356872558594,155.21688842773438,204.95298767089844,134.32090759277344,81.00148010253906,17.9342098236084
2022-07-29,159.31192016601562,271.625244140625,115.2976303100586,134.9499969482422,105.17501068115234,155.5020294189453,205.6899871826172,126.01996612548828,84.75250244140625,18.11271476745605
2022-08-01,158.33160400390625,268.98388671875,113.8504638671875,135.38999938964844,104.12654876708984,154.95849609375,204.96267700195312,129.6396942138672,82.61031341552734,18.38994407653809
2022-08-02,156.86117553710938,265.8975524902344,114.11808013916016,134.16000366210938,102.50370025634766,154.07638549804688,200.0170135498047,128.77789306640625,82.25181579589844,18.474708557128903
2022-08-03,162.8607177734375,273.2990417480469,117.04216766357422,139.52000427246094,103.57952880859376,155.5644073486328,202.1698455810547,131.43600463867188,79.5849838256836,18.8406925201416
2022-08-04,162.54698181152344,274.4407958984375,117.15119171142578,142.57000732421875,102.43987274169922,153.06954956054688,207.0087890625,131.22732543945312,76.23617553710938,19.16179656982422
2022-08-05,162.3212432861328,273.7247619628906,116.4375228881836,140.8000030517578,105.53971099853516,152.46363830566406,209.3361358642578,131.29086303710938,77.33786010742188,18.93642807006836
2022-08-08,161.85003662109375,271.2188720703125,116.26901245117188,139.41000366210938,104.2541732788086,151.65281677246094,206.8633270263672,131.78976440429688,77.77503967285156,17.743736267089844
2022-08-09,161.89910888671875,273.13458251953125,115.60491180419922,137.8300018310547,105.19324493408205,151.63499450683594,203.8959197998047,131.48135375976562,79.20901489257812,17.038694381713867
2022-08-10,166.13998413085938,279.7718811035156,118.6479263305664,142.69000244140625,107.93749237060548,152.07156372070312,205.6802673339844,132.72422790527344,79.96096801757812,18.04689598083496
2022-08-11,165.40371704101562,277.70135498046875,117.79549407958984,140.63999938964844,109.53299713134766,148.92626953125,205.0536651611328,131.78073120117188,82.27408599853516,17.8923282623291
2022-08-12,168.9475860595703,282.4326171875,120.61051940917967,143.5500030517578,111.34730529785156,147.2867889404297,205.29656982421875,133.0598907470703,82.98920440673828,18.657201766967773
2022-08-15,170.01760864257812,283.9419860839844,121.00700378417967,143.17999267578125,111.64816284179688,147.99066162109375,210.24124145507807,134.7744598388672,81.5059814453125,18.979310989379883
2022-08-16,169.86053466796875,283.2066345214844,120.63034057617188,144.77999877929688,112.71487426757812,149.30938720703125,210.9406890869141,136.01736450195312,80.74671173095703,18.82673072814941
2022-08-17,171.35272216796875,282.4600830078125,118.49923706054688,142.10000610351562,111.76668548583984,149.31829833984375,208.39547729492188,135.39141845703125,81.4000244140625,18.284236907958984
2022-08-18,170.96002197265625,281.344970703125,119.11377716064452,142.3000030517578,110.90055084228516,148.59658813476562,209.10459899902344,135.87222290039062,83.32467651367188,18.72102928161621
2022-08-19,168.3782196044922,277.4472351074219,116.17980194091795,138.22999572753906,108.15631103515624,150.85975646972656,206.7440185546875,135.83592224121094,83.05982208251953,17.79958152770996
2022-08-22,164.50054931640625,269.302734375,113.23591613769533,133.22000122070312,106.36934661865234,150.3305206298828,202.6541748046875,135.47308349609375,82.99801635742188,16.986841201782227
2022-08-23,164.16677856445312,268.0325622558594,112.85924530029295,133.6199951171875,105.32088470458984,149.02090454101562,200.8958740234375,132.8603057861328,86.5206527709961,17.13343048095703
2022-08-24,164.4613037109375,267.40240478515625,112.69075775146484,133.8000030517578,105.576171875,148.52757263183594,200.7695770263672,132.28875732421875,87.03269958496094,17.17431640625
2022-08-25,166.91549682617188,270.36932373046875,115.6247329711914,137.27999877929688,108.08338928222656,149.91793823242188,203.8296661376953,132.17991638183594,87.48297119140625,17.8634033203125
2022-08-26,160.62294006347656,259.93658447265625,109.37018585205078,130.75,104.5459213256836,147.3524627685547,197.09751892089844,129.08631896972656,86.40587615966797,16.214988708496094
2022-08-29,158.42393493652344,257.1635131835937,108.45826721191406,129.7899932861328,104.29064178466795,146.2132568359375,196.5534820556641,128.54202270507812,88.39231872558594,15.75725269317627
2022-08-30,155.99917602539062,254.9722442626953,107.98249816894533,128.72999572753906,104.3088836669922,145.70196533203125,195.6306304931641,127.1720962524414,85.02860260009766,15.425177574157717
2022-08-31,154.34014892578125,253.51788330078125,107.26882934570312,126.7699966430664,103.68892669677734,144.72421264648438,193.03683471679688,125.14000701904295,84.3929443359375,15.052210807800291
2022-09-01,155.06661987304688,252.4803771972656,108.77545928955078,127.81999969482422,104.40005493164062,148.31227111816406,194.41629028320312,126.68222045898438,82.8744125366211,13.89841365814209
2022-09-02,152.95596313476562,248.27239990234372,106.90206909179688,127.51000213623048,103.67069244384766,145.9800567626953,192.1139678955078,124.43235778808594,84.3929443359375,13.609217643737791
2022-09-06,151.69940185546875,245.54788208007807,105.87122344970705,126.11000061035156,103.6980438232422,146.3747100830078,192.9688720703125,123.04431915283205,83.8279037475586,13.42772102355957
2022-09-07,153.1032257080078,250.24066162109372,108.48802185058594,129.47999572753906,105.66735076904295,147.17306518554688,194.6980133056641,124.9040985107422,83.11280059814453,13.680094718933104
2022-09-08,151.63067626953125,250.65753173828125,107.42741394042967,129.82000732421875,108.1289520263672,148.35711669921875,194.979736328125,125.0674057006836,83.7926025390625,13.955411911010742
2022-09-09,154.4873504638672,256.4169311523437,109.6774673461914,133.27000427246094,108.64862823486328,148.6441650390625,199.341552734375,126.9725341796875,85.19636535644531,14.351428985595703
2022-09-12,160.43634033203125,258.54034423828125,109.8856201171875,136.4499969482422,109.93415069580078,148.5813751220703,200.73077392578125,128.0067596435547,86.17633056640625,14.46914005279541
2022-09-13,151.02206420898438,244.32620239257807,103.4030990600586,126.81999969482422,106.11408233642578,144.71527099609375,193.96945190429688,125.35770416259766,84.16341400146484,13.09853744506836
2022-09-14,152.46510314941406,244.5491943359375,104.0771255493164,128.5500030517578,105.86793518066406,147.7022705078125,193.7168731689453,125.65711212158205,86.22930908203125,13.09554386138916
2022-09-15,149.57894897460938,237.91722106933597,102.00550079345705,126.27999877929688,107.46341705322266,148.0790557861328,189.792236328125,124.68636322021484,83.72198486328125,12.897035598754885
2022-09-16,147.9395294189453,237.2967071533203,101.89646911621094,123.52999877929688,106.74314880371094,150.33950805664062,187.7812957763672,125.4484405517578,82.29173278808594,13.165371894836426
2022-09-19,151.65032958984375,237.0834045410156,102.16409301757812,124.66000366210938,107.72781372070312,149.15542602539062,187.61614990234372,125.18533325195312,82.28290557861328,13.348916053771973
2022-09-20,154.0260009765625,235.07632446289065,100.25105285644533,122.19000244140624,105.603515625,147.98036193847656,186.58642578125,124.74079895019533,81.61193084716797,13.143427848815918
2022-09-21,150.90423583984375,231.68276977539065,98.40739440917967,118.54000091552734,102.5583953857422,146.46441650390625,181.68060302734372,123.13502502441406,80.29645538330078,13.228215217590332
2022-09-22,149.94223022460938,233.65103149414065,99.25984191894533,117.30999755859376,101.39141082763672,149.06573486328125,180.4857177734375,123.5705337524414,79.96098327636719,12.529946327209473
2022-09-23,147.67454528808594,230.68411254882807,97.87213897705078,113.77999877929688,99.50416564941406,149.55014038085938,178.70794677734375,122.99899291992188,75.70556640625,12.48505687713623
2022-09-26,148.00828552246094,230.2283935546875,97.3071517944336,115.1500015258789,97.36164855957033,148.6351776123047,175.43417358398438,123.1169204711914,74.14289855957031,12.197768211364746
2022-09-27,148.98013305664062,229.22006225585935,96.6430435180664,114.41000366210938,96.504638671875,147.95346069335938,172.79180908203125,119.73304748535156,75.69673919677734,12.382311820983888
2022-09-28,147.0952911376953,233.7383270263672,99.17063903808594,118.01000213623048,98.45570373535156,149.2272186279297,174.0644073486328,119.73304748535156,78.45128631591797,12.704514503479004
2022-09-29,139.87010192871094,230.27687072753903,96.5637664794922,114.8000030517578,96.78727722167967,147.585693359375,174.91929626464844,116.75740051269533,78.29236602783203,12.189788818359377
2022-09-30,135.66851806640625,225.81678771972656,94.8093032836914,113.0,95.27383422851562,146.53616333007812,172.57809448242188,114.53472900390624,77.08283996582031,12.108990669250488
2022-10-03,139.84066772460938,233.41835021972656,97.77303314208984,115.87999725341795,98.2186508178711,146.3926544189453,176.46388244628906,116.58502197265624,81.15283203125,12.48106861114502
2022-10-04,143.42381286621094,241.310791015625,100.74664306640624,121.08999633789062,102.81368255615234,148.5634307861328,180.3497009277344,118.02750396728516,84.11044311523438,13.134448051452637
2022-10-05,143.7183380126953,241.6210479736328,100.53849792480467,120.9499969482422,101.54427337646484,148.10594177246094,182.31207275390625,117.21100616455078,87.50945281982422,13.176342964172363
2022-10-06,142.76608276367188,239.28436279296875,100.52857971191406,120.3000030517578,99.47454833984376,145.23550415039062,180.29139709472656,114.743408203125,90.10507202148438,13.097541809082031
2022-10-07,137.52389526367188,227.11605834960935,97.81266784667967,114.55999755859376,97.48765563964844,143.7016143798828,178.5816650390625,112.73847198486328,89.19573974609375,12.04614543914795
2022-10-10,137.8478546142578,222.27780151367188,96.9998779296875,113.66999816894533,96.57696533203124,143.88998413085938,176.978759765625,112.27581024169922,87.26224517822266,11.641149520874023
2022-10-11,136.43421936035156,218.5545959472656,96.32586669921876,112.20999908447266,93.78975677490234,145.9710693359375,174.02554321289062,112.70218658447266,86.5206527709961,11.55735683441162
2022-10-12,135.80596923828125,218.8842315673828,96.70252990722656,112.9000015258789,95.30754852294922,145.93516540527344,173.15127563476562,112.8836441040039,86.90028381347656,11.471570014953612
2022-10-13,140.3708038330078,227.11605834960935,98.1893310546875,112.52999877929688,100.6060028076172,148.14183044433594,179.38796997070312,114.58916473388672,89.93732452392578,11.93043327331543
2022-10-14,135.84524536132812,221.6087646484375,95.7113037109375,106.9000015258789,102.28015899658205,147.5229034423828,177.4061737060547,113.47330474853516,87.57125854492188,11.199244499206545
2022-10-17,139.80142211914062,230.30593872070312,99.0913314819336,113.79000091552734,106.5759506225586,149.4335174560547,179.96112060546875,115.52360534667967,88.83374786376953,11.85860824584961
2022-10-18,141.1168670654297,231.24644470214844,99.88430786132812,116.36000061035156,109.31714630126952,148.9132537841797,181.82632446289065,116.45800018310548,88.99266815185547,11.937416076660156
2022-10-19,141.224853515625,229.2878875732422,98.75431823730467,115.06999969482422,107.17386627197266,147.7292022705078,181.08804321289065,117.53759002685548,91.6324234008789,12.02120590209961
2022-10-20,140.7634735107422,228.9679412841797,99.0913314819336,115.25,106.82430267333984,148.10594177246094,181.87489318847656,116.023681640625,91.75602722167967,12.163851737976074
2022-10-21,144.57240295410156,234.75637817382807,100.24113464355467,119.31999969482422,112.43551635742188,151.33517456054688,184.9349670410156,117.47637939453124,93.45994567871094,12.4351806640625
2022-10-24,146.7124481201172,239.7303466796875,101.61891174316406,119.81999969482422,112.573486328125,153.3714141845703,185.26528930664065,118.19813537597656,94.11327362060548,12.567851066589355
2022-10-25,149.5495147705078,243.0366668701172,103.56169128417967,120.5999984741211,112.86782836914062,153.12921142578125,188.8304748535156,119.5594711303711,93.47762298583984,13.228215217590332
2022-10-26,146.61431884765625,224.28485107421875,94.09562683105467,115.66000366210938,114.16485595703124,154.4747314453125,197.52496337890625,120.40003204345705,94.59001922607422,12.864118576049805
2022-10-27,142.14761352539062,219.8538360595703,91.40946197509766,110.95999908447266,114.6156005859375,154.56443786621094,198.45753479003903,120.49142456054688,94.9520034790039,13.143427848815918
2022-10-28,152.88726806640625,228.6964263916016,95.44367980957033,103.41000366210938,115.97701263427734,156.86080932617188,203.36334228515625,123.54298400878906,97.73301696777344,13.799799919128418
2022-10-31,150.53121948242188,225.07017517089844,93.67932891845705,102.44000244140624,115.79300689697266,156.05348205566406,201.24562072753903,123.0404815673828,97.83013153076172,13.463631629943848
2022-11-01,147.89048767089844,221.2306365966797,89.67483520507812,96.79000091552734,117.88111114501952,155.2641143798828,201.0221710205078,123.23234558105467,98.80130004882812,13.509519577026367
2022-11-02,142.3734588623047,213.4060516357422,86.2055892944336,92.12000274658205,116.7956771850586,152.87806701660156,195.21286010742188,121.45987701416016,96.77069854736328,13.186318397521973
2022-11-03,136.3361358642578,207.73399353027344,82.69670104980469,89.30000305175781,117.00724029541016,153.13818359375,189.18991088867188,120.6284408569336,98.0861587524414,13.38782024383545
2022-11-04,136.07057189941406,214.6568145751953,85.81903076171875,90.9800033569336,120.20838165283205,153.81991577148438,191.35623168945312,122.83035278320312,99.15442657470705,14.121002197265623
2022-11-07,136.60157775878906,220.9397735595703,87.71223449707031,90.52999877929688,120.84308624267578,155.1654510498047,194.3871612548828,124.71243286132812,100.3286361694336,14.265645027160645
2022-11-08,137.1719207763672,221.90933227539065,88.11864471435547,89.9800033569336,120.91667175292967,155.93687438964844,196.01922607421875,124.9956512451172,100.64646911621094,14.565902709960938
2022-11-09,132.61917114257812,217.68194580078125,86.55252075195312,86.13999938964844,119.3437271118164,154.6900177001953,188.81439208984372,124.69415283203124,96.14385986328124,13.741942405700684
2022-11-10,144.4188995361328,235.59019470214844,93.11433410644533,96.62999725341795,124.25579833984376,156.50198364257812,200.14735412597656,128.98831176757812,97.5564422607422,15.71106243133545
2022-11-11,147.20166015625,239.5946350097656,95.5626220703125,100.79000091552734,124.4582061767578,151.81959533691406,199.59239196777344,128.79644775390625,100.60231018066406,16.28663444519043
2022-11-14,145.8053741455078,234.20372009277344,94.85887145996094,98.48999786376952,123.1795654296875,154.20565795898438,201.4033203125,128.80557250976562,100.89602661132812,16.254716873168945
2022-11-15,147.53598022460938,234.6109161376953,97.57477569580078,98.94000244140624,122.28731536865234,154.63623046875,204.4507751464844,128.35787963867188,101.57239532470705,16.624797821044922
2022-11-16,146.30682373046875,235.0387420654297,97.98117065429688,97.12000274658205,122.45286560058594,155.5960235595703,204.5968170166016,129.49993896484375,100.48663330078124,15.87066650390625
2022-11-17,148.2046661376953,234.99012756347656,97.49549102783205,94.8499984741211,121.9193344116211,156.85182189941406,205.4243927001953,128.705078125,100.62012481689452,15.638242721557615
2022-11-18,148.76512145996094,234.5428466796875,96.57366943359376,94.13999938964844,123.11515808105467,158.05384826660156,205.23941040039065,130.25827026367188,99.74795532226562,15.370903968811035
2022-11-21,145.53982543945312,235.349853515625,94.7597427368164,92.45999908447266,122.3884735107422,158.86634826660156,200.8775787353516,131.91195678710938,98.76008605957033,15.279132843017578
2022-11-22,147.67367553710938,238.24737548828125,96.1969985961914,93.1999969482422,124.21900177001952,159.6337127685547,204.7818298339844,133.04490661621094,101.6168975830078,15.998350143432615
2022-11-23,148.548828125,240.7268524169922,97.59461212158205,94.12999725341795,125.54361724853516,159.80528259277344,206.14488220214844,133.80320739746094,101.10960388183594,16.478160858154297
2022-11-25,145.63819885253906,240.6392822265625,96.6033935546875,93.41000366210938,125.78279876708984,160.01290893554688,208.1505126953125,134.04989624023438,100.75362396240234,16.229778289794922
2022-11-28,141.81312561035156,235.0679473876953,95.20578002929688,93.9499969482422,123.58430480957033,160.0941925048828,205.68722534179688,133.9402618408203,97.72772979736328,15.787871360778809
2022-11-29,138.81402587890625,233.67752075195312,94.35334014892578,92.41999816894533,125.61722564697266,158.97467041015625,203.54530334472656,132.91696166992188,98.37738800048828,15.600335121154783
2022-11-30,145.55953979492188,248.0775451660156,100.10237884521484,96.54000091552734,127.10738372802734,160.69906616210938,211.27584838867188,136.2792205810547,99.0893783569336,16.885478973388672
2022-12-01,145.83489990234375,247.6400146484375,100.10237884521484,95.5,125.32286071777344,161.36712646484375,211.27584838867188,136.36143493652344,98.60880279541016,17.097009658813477
2022-12-02,145.34320068359375,247.96087646484372,99.55719757080078,94.12999725341795,124.32940673828124,161.49351501464844,211.91847229003903,137.6039581298828,97.772216796875,16.83858871459961
2022-12-05,144.1829071044922,243.27427673339844,98.60563659667967,91.01000213623048,120.84308624267578,161.40321350097656,208.04342651367188,136.21522521972656,95.09339141845705,16.57317352294922
2022-12-06,140.52499389648438,238.33489990234372,96.12761688232422,88.25,121.04544830322266,158.98370361328125,203.56475830078125,136.3888397216797,92.4501724243164,15.951558113098145
2022-12-07,138.58787536621094,237.60565185546875,94.10555267333984,88.45999908447266,120.96267700195312,159.94969177246094,202.3282928466797,137.2659149169922,92.24549102783205,16.084260940551758
2022-12-08,140.26930236816406,240.55177307128903,92.88634490966795,90.3499984741211,122.23212432861328,159.97682189941406,203.5842437744141,138.25265502929688,92.9307632446289,17.130935668945312
2022-12-09,139.78753662109375,238.6266021728516,92.01408386230467,89.08999633789062,121.56979370117188,158.65872192382812,203.1948089599609,137.88717651367188,92.14759063720705,16.963306427001953
2022-12-12,142.07864379882812,245.5203399658203,92.48986053466795,90.5500030517578,123.45552825927734,160.55458068847656,208.92941284179688,139.3033447265625,94.41702270507812,17.496124267578125
2022-12-13,143.04226684570312,249.8082733154297,94.78947448730467,92.48999786376952,123.3359146118164,161.7914581298828,207.4202880859375,139.0932159423828,95.44939422607422,18.031932830810547
2022-12-14,140.8199920654297,250.09996032714844,94.23440551757812,91.58000183105467,122.71964263916016,162.28797912597656,207.6929168701172,139.64137268066406,94.74629974365234,17.63481330871582
2022-12-15,134.2219696044922,242.1172332763672,90.0614013671875,88.44999694824219,119.67488098144533,160.23863220214844,202.42562866210935,138.06077575683594,93.83855438232422,16.914417266845703
2022-12-16,132.26516723632812,237.91680908203125,89.4666748046875,87.86000061035156,118.92976379394533,158.59552001953125,201.43251037597656,137.44863891601562,93.17996978759766,16.534257888793945
2022-12-19,130.16091918945312,233.79417419433597,87.66267395019531,84.91999816894531,119.6380615234375,158.4239501953125,199.4171142578125,137.412109375,93.5982437133789,16.21796417236328
2022-12-20,130.09207153320312,235.10682678222656,88.23758697509766,85.19000244140625,120.21761322021484,158.59552001953125,199.94290161132807,137.46693420410156,94.95101165771484,16.049341201782227
2022-12-21,133.189453125,237.66400146484372,88.79266357421875,86.7699966430664,121.56979370117188,160.41012573242188,201.3546295166016,138.72775268554688,96.17025756835938,16.464418411254883
2022-12-22,130.02322387695312,231.5967254638672,86.98866271972656,83.79000091552734,120.18999481201172,159.82330322265625,199.6508026123047,139.04751586914062,94.23014068603516,15.304991722106934
2022-12-23,129.65943908691406,232.1217803955078,88.44573974609375,85.25,120.7602996826172,160.2295684814453,200.4005126953125,139.44036865234375,96.7220458984375,15.17228889465332
2022-12-27,127.85992431640624,230.4008026123047,86.62190246582031,83.04000091552734,121.18344116210938,160.18446350097656,200.84835815429688,140.65553283691406,98.06591796875,14.089693069458008
2022-12-28,123.93653869628906,228.0380401611328,85.2639389038086,81.81999969482422,121.84573364257812,159.48927307128906,199.5826568603516,138.83740234375,96.45507049560548,14.004880905151367
2022-12-29,127.4469757080078,234.3386688232422,87.67256927490234,84.18000030517578,122.54486083984376,160.30177307128906,202.57167053222656,139.41297912597656,97.18482971191406,14.57062530517578
2022-12-30,127.7615966796875,233.18161010742188,87.45452117919922,84.0,123.35436248779295,159.48025512695312,202.2795867919922,138.47193908691406,98.16380310058594,14.5816011428833
