Date,AAPL,MSFT,GOOGL,AMZN,JPM,JNJ,V,PG,XOM,NVDA
2013-01-03,-0.012622519233200347,-0.013396242471557906,0.0005807013238969816,0.004546992670002581,-0.0020151953016548374,-0.0014114195620057446,0.0007723217868287335,-0.00634061076610648,-0.0018034257118560992,0.0007859443178432901
2013-01-04,-0.02785442824293205,-0.018715708718067825,0.019760225175400326,0.002592128748101219,0.017724499338203525,0.011450664823937196,0.00816715184560901,0.002030491965227199,0.0046300434282815495,0.03299288267473344
2013-01-07,-0.005882124544196565,-0.00186956230854185,-0.004363102122471929,0.03592512919038926,0.001102569260206021,-0.0020967400050146967,0.007144174100586875,-0.006802502823235579,-0.011578278332132763,-0.028897551135512622
2013-01-08,0.0026909102744614444,-0.0052457204487010856,-0.0019735383854155852,-0.0077479020302329005,0.0019818523328483106,0.00014031463108676867,0.009309981888151464,-0.001603652850028392,0.006255412091771495,-0.021925959118905824
2013-01-09,-0.015628692175885917,0.00565025817642284,0.00657290966729307,-0.0001126308035293011,-0.0006592908761240412,0.0044811262126267515,0.015248794708919933,0.005400778487353763,-0.0038429979838333628,-0.02241851955834029
2013-01-10,0.012396118124114563,-0.008988835325506206,0.004552230168791249,-0.003791996669247233,0.014954921126092202,0.006412867496509156,-0.007911539168241943,0.005662143518446294,0.010891791468521372,0.0016383934506636333
2013-01-11,-0.00613148713957179,0.013983438065189757,-0.002009447524818353,0.009798757254631418,-0.0002163738846497898,0.002216239198610026,0.004049871568754249,-0.0007219758573663304,0.005723982462304322,-0.0016357135083643337
2013-01-14,-0.03565283654813123,0.0022359657173796066,-0.02262195367790676,0.017877139671889752,-0.0056349497419739825,0.002902625972909023,-0.0031648275470860243,0.005923039865703084,-0.0003348830685342419,-0.0008187729846229619
2013-01-15,-0.03154947886920367,0.011900698550612265,0.0023229116121978866,-0.0030433095340784977,0.010243751767568421,-0.002618770300267137,-0.0012445938673050216,0.0035910557083136396,-0.0005580331043126829,-0.01803243127707932
2013-01-16,0.04150881648642435,-0.00624788363116735,-0.013435702408122752,-0.010923165839505922,0.010140585009934089,0.0029015943745218653,-0.0015584665317741608,0.00031682200691340867,-0.000669852750849298,0.009181353679861504
2013-01-17,-0.006738120157319338,0.0077660271197728115,-0.005411325109673126,0.005763607208874255,-0.008116037803866716,0.004409427394289844,-0.001997594243219325,0.004759313558850398,0.008159228165931953,0.013234354995169006
2013-01-18,-0.005331229352542155,0.0,-0.009573743357002118,0.006063278447933751,0.00043074750611249435,0.004526584036177894,-0.010069872326077034,0.0038756693374277784,0.006651454067067242,-0.006530377707492874
2013-01-22,0.009540005969371768,-0.0036696680641449264,-0.0023279460266657503,-0.007092488395361918,0.0017218971686800977,-0.007374158991279467,0.004928053581818803,0.00014267155301528334,0.0013216162665432574,-0.004930376460797525
2013-01-23,0.018305472179926285,0.016942874807840624,0.05496035642297037,-0.007698222831611368,-0.006661305572442822,0.0022009190286924607,0.0,0.010579051151211605,-0.0024195611481725443,0.0016517086490188682
2013-01-24,-0.12355787811365837,0.0007248120697236349,0.017141080022333055,0.01995448998433913,0.0030284598325176493,0.0034321071829894745,0.003206603009361375,-0.0038196679356998775,0.007166580114638332,0.004946421849691074
2013-01-25,-0.023573831489560826,0.009048078215429634,-0.0007160114035750231,0.03850652638803442,0.017036814999140226,0.01121742930711811,0.0017549454537717502,0.040187985932596426,0.004159620677909759,0.018047538288613607
2013-01-28,0.02261974360284924,0.001076006046454303,-0.0039009414904686013,-0.027993945969761458,-0.011026494569915668,-0.004058430898647547,-0.021834202540176206,0.007098609888097185,-0.006758681237872599,0.016116027308538117
2013-01-29,0.018762666841132702,0.0035829737360824065,0.003929636099472944,-0.05683959712131581,0.010291982228131547,0.010730776496320926,0.0019826162623974852,0.0166735703924481,0.007133969563636322,-0.021411870056216142
2013-01-30,-0.0031421565911766702,-0.0057128005904582,0.0001989468874046274,0.04766657303918165,0.00021203493200516732,-0.004300535617449586,-0.010532578070208798,0.0010663670009793957,-0.0118787590648467,-0.0016202944978014333
2013-01-31,-0.0029334951171431367,-0.014362181215323178,0.002467266741136065,-0.026616800737933488,-0.0016977652588093806,-0.002294475767880111,0.01870833074049516,0.0010656748275461592,-0.007720348221068818,-0.004870032209657649
2013-02-01,-0.00410534667017548,0.017486478979314324,0.02634682672502131,-0.0018832104895412094,0.017003406273074173,0.0035175819436445988,0.004116660604250866,0.010111914525882115,0.0007779033253383361,0.008971875729619772
2013-02-04,-0.02491071245840526,-0.01754387010943448,-0.021377105388205586,-0.018943426743993186,-0.0035524432689429952,-0.000943523214544828,-0.012046153534723603,-0.00882536997465233,-0.009884365645478566,-0.016976429810373617
2013-02-05,0.035087832019540244,0.002186432776707159,0.008853562258542835,0.026578967852759483,0.023279856141600108,0.007421328313423681,0.018384810437819477,0.005980094638097011,0.006617739604382278,0.023026283248430035
2013-02-06,-0.0010701407018455233,-0.0058181421185563575,0.005785439077912624,-0.01749781064756384,-0.0036893355318864396,0.009777431765760625,0.008086719873760861,0.005944839105193278,0.0005574759368744964,-0.008038841472702729
2013-02-07,0.02973339615419235,-0.0021946042546661104,0.004907916413864344,-0.007589024635070829,-0.00781728928622305,-0.004377447188411265,-0.023380167511279915,0.0,-0.010872014778223638,-0.004051889255208718
2013-02-08,0.014437893770187005,0.009897309300661128,0.014755562744225958,0.006609498248512535,0.008293754466006442,0.005595509520835762,0.004711474860471521,-0.005252918812846286,0.0040792414506714,0.006509545512670023
2013-02-11,0.010421504763711509,0.011252488979581088,-0.0037560192207770626,-0.018095019238773102,0.0006169122485641942,-0.0009271996849753439,-0.009315397663424374,0.0007920583341982645,-0.003724027461298074,0.011317898713391283
2013-02-12,-0.025065942607902847,0.0007177953384973623,-0.0021985428351736225,0.005792938220029464,0.009864063596511263,0.005171787500112046,0.0030064457776088904,0.0022420839822692162,0.0020386327050270214,-0.006395480244681506
2013-02-13,-0.0019022448381202928,0.005379859573104717,0.0027668655732955294,0.041631218761821964,-0.009360855204864293,-0.001846936213335204,-0.010865055767301013,0.007633876770643866,0.0023743626194183687,-0.004826625766832904
2013-02-14,-0.0008992566964776127,0.0003566362563955927,0.006335663042990269,-0.0008535538922064267,0.011092904766350165,0.0019825480053032862,0.007817845595355477,0.00287375371186549,-0.0016920607833129653,0.02910282454967006
2013-02-15,-0.01378096252234351,-0.0010694424942401248,0.006435444831396353,-0.015413720527092556,-0.006907569048356654,0.004616694767926255,0.012886524232531338,-0.0031260206359019493,-0.0018072870838128363,0.0
2013-02-19,-0.0003693690829481566,0.00971877651519315,0.017606397339833713,0.017578919974031493,0.011661159461259452,0.010504513536384597,-0.0024049797877890855,0.010974728560919411,0.010864607210080868,-0.013354015273082553
2013-02-20,-0.024218107383477405,-0.006416876774532954,-0.017834602502505237,-0.012381821281400307,-0.016987105005178638,-0.004028438956838465,-0.013895114680048448,-0.003877227584934917,-0.003918148914419772,-0.014331641801742734
2013-02-21,-0.006215566607316814,-0.013634802826807846,0.0038737835297977252,-0.0017642312109411584,-0.007405658784369384,0.002870278189736064,0.012996826079150425,-0.0005184715858191913,-0.0042714902246241415,-0.0072699598700974866
2013-02-22,0.010648703085794242,0.009821906228282495,0.005254368217340488,-0.001955330000935951,0.013678845180419952,-0.00013069078632121922,0.012639629793384177,-0.0006494888131659549,0.006885745324272996,0.018714456588032613
2013-02-25,-0.017768318525240523,-0.01404903789338141,-0.011178792313131014,-0.020910267086299505,-0.024739271620966896,-0.008918448322215444,-0.02220380568148994,-0.01389753477412925,-0.016816208410518008,-0.017571643372183532
2013-02-26,0.013934176976823753,0.0,-0.0008096097546792524,-0.0019624692616454498,-0.002096732543354185,0.002381923886360715,0.012444735989735056,0.0021074014824731258,0.009236114175855015,0.011860786245576627
2013-02-27,-0.00980016000289774,0.016075755643962575,0.012213349999284695,0.014998454912341863,0.03529418616615443,0.007524593218842801,0.012925231938898385,0.008806372568160858,0.01152424230754412,0.018593848519872003
2013-02-28,-0.0071304390933333295,-0.00035947540516301224,0.0017755744297669462,0.0038746165196890114,-0.007305303051277745,-0.002751651152935297,-0.007693691491855725,-0.007426696372487496,0.0002234167652668262,0.004761953833575694
2013-03-01,-0.024762398162258448,0.00539585243494467,0.00622806479590543,0.0055624686448036975,-0.00020412211102482924,0.007752057375492116,-0.003530214645845353,0.004069287886646844,-0.0013402738078202026,0.003949149094950366
2013-03-04,-0.02420573363934897,0.007155689125718068,0.018990504366301453,0.027733929238038968,0.0038842243521051145,0.006519009316652946,0.008982616521751252,0.0024840770573510973,-0.005367490101751082,-0.003933614664159646
2013-03-05,0.02640149993183738,0.007104932851943024,0.02081553153059046,0.009080560353045719,0.007943093410145208,0.005958749618529158,0.0049530412577507565,0.004825350258629069,0.007420318309921292,0.011057820559154496
2013-03-06,-0.012710573139043002,-0.009171243258286998,-0.00860939406348471,-0.006531452704239049,0.010911129090259264,-0.00347666008198122,0.004804132223277691,0.0019467724605457537,-0.0005579343623541844,-0.000781392415170501
2013-03-07,0.011558505734410085,0.001779796300722003,0.0014673375200007222,0.00032874751793521284,0.01199363778509821,0.004651458481229831,-0.003415012226741454,-0.0038864113703714898,-0.009491195898236882,-0.002344904739815301
2013-03-08,0.002647497494753237,-0.004974894528848917,-0.0012971043035325813,0.0011318875703383302,-0.008493682534402969,0.0056593054783442565,0.0009968073121631171,0.003641623572580688,0.002931339373366759,0.004701638490687943
2013-03-11,0.014245472520978852,-0.004642984655710225,0.0039685886339089205,-0.0107589653000848,0.0055775925209649024,0.0031972497430290403,0.0031742701777457416,0.002202285023598538,0.0021354892162472883,-0.009359975018406241
2013-03-12,-0.021558891448342,0.001435313694859941,-0.008636678310329104,0.010654754152864099,-0.00396177374525597,0.0015298954021893962,-0.008561815397846284,-0.002326880266134257,0.0,0.003149875546662795
2013-03-13,-0.00018678463189669703,0.00035835639951486975,-0.0027790400674752025,0.003538471589842773,-0.002386778563556735,-0.0001274249621787682,-0.0026909859683176274,-0.004794494969093899,0.0011215005636686648,0.0
2013-03-14,0.009688523696250284,0.007879410930814235,-0.0045680870439063215,-0.034024020944643185,0.016746772112316233,0.007002189900841671,0.00809431984458886,0.007682582439757946,0.006385945846992591,0.0007844664739979912
2013-03-15,0.025803447873373964,-0.0035536038953308813,-0.008812605015589448,-0.014751268425627573,-0.0192157202145945,0.001137395149428455,-0.013132817765413751,-0.013568106586902107,-0.005120989430858258,-0.008627509580352077
2013-03-18,0.027182774461157022,0.002139917681622139,-0.007994637946668992,-0.015010299478950273,-0.010196397974022053,-0.004798763212808477,-0.003027599864786623,-0.00235795617999901,-0.00671370239735769,-0.007120024564364447
2013-03-19,-0.0026987467688235345,0.002846795084240572,0.004370170894528291,-0.005738834865792408,-0.0062609443008169174,0.0006344755406046954,-0.01309561079556154,0.012473838004955828,-0.0021403011047818055,-0.0063745348860555495
2013-03-20,-0.005302752220065821,0.004968167873284912,0.004178189820703393,0.0033929991284114003,-0.001625782535593201,0.007481519863638653,0.021346246686013925,0.006095376467845748,0.000564422025530531,0.012028996190164953
2013-03-21,0.0014375639537487217,-0.007415035890869892,-0.004234611462341054,-0.015119711181401096,-0.015676087288275076,-0.005537591410606613,-0.009603002569676722,-0.004769156055280721,-0.00519054607521563,-0.015848093657920392
2013-03-22,0.020277092268949026,0.0049802862619590105,-0.001170851864159439,0.017206634221893724,0.008893428942791104,0.009239361009670821,0.014511652818743448,0.0007767930679651869,0.01270300183688966,0.004830969378845973
2013-03-25,0.0036152651567129546,-0.0031856392831033364,-0.0008270003515818969,-0.006711943288216005,-0.0053299837158578,-0.000752476709834804,0.02442453047496218,-0.0076355664818953395,-0.0030239062562834595,-0.005608862185613406
2013-03-26,-0.005263247358404222,0.0,0.0034335387587289823,0.016756537243549863,0.0024731313741950256,0.0146832749229171,0.021097524887833785,0.009389786614718343,0.012469174521677173,0.007252188491637668
2013-03-27,-0.019646815498235326,0.007457164725661158,-0.012013413817754226,0.019169472808723498,-0.017886443080167846,0.005195023543045352,0.007165728436947738,-0.004392409743781744,0.004992945167168639,0.011999509216637838
2013-03-28,-0.020837073191734445,0.008459355257657952,-0.010552473776403781,0.004485468455380559,-0.006489562194084253,0.003199526852758261,0.006995930027575037,0.0,-0.005188751025049787,0.014229507297072619
2013-04-01,-0.0310621276595745,0.0,0.00881410768439217,-0.018312164309255197,0.007796193027820086,0.0049063281210712795,-0.014660753773428792,0.008305042524304973,0.007324215577666715,-0.03273552638988564
2013-04-02,0.002051745773540059,0.006641358947179876,0.014790472229031293,0.006536502385771525,0.009408573432696077,0.009275878423886663,0.0035854713705907315,0.01621599950317476,-0.002093070886929893,-0.010475567540958353
2013-04-03,0.005118825307860231,-0.00833346168328064,-0.008412944443546011,-0.016291996147636878,-0.023551805257098213,-0.007497641513358078,-0.019053097375175354,-0.010638087646376415,-0.007175834479898002,-0.012214904344081123
2013-04-04,-0.009884643548477623,0.0014008022806737408,-0.013805634761429708,0.00019306907071769963,0.013660724580863981,0.004142462459772123,0.010500792872766285,0.005376130079118635,-0.0017795288075057591,0.0098925082638055
2013-04-05,-0.010567656563162497,0.0034964469591423075,-0.015117963110808597,-0.013895344959315215,0.008843743096691004,-0.004489522122227307,-0.007928933227835833,-0.003947294557355763,-0.008465837889117256,0.017142938700437815
2013-04-08,0.007112387457610891,-0.003833003256375478,-0.010471969202932363,0.013582281098748705,0.013984724010634997,-0.011336102782668611,0.006841814018895498,0.007158641785193431,-0.004606033482188243,-0.002407317949417398
2013-04-09,0.0018068625272256167,0.035677036438928056,0.0036136023638162484,0.008457225672889868,0.0020581911314412338,0.005054950244340883,-0.009260874642530448,-0.006726975701134785,0.0019184985742497496,0.01609013420718375
2013-04-10,0.02039873537457937,0.02262733403498096,0.016112680490587783,0.01390054981803357,0.011709224260008755,0.0061332919640588734,0.01359635055613051,0.012522554419743814,-0.0010138731198905404,0.015834934286773406
2013-04-11,-0.003121058730220505,-0.04425364480420513,0.00026575733737410623,0.019186514381331232,0.0012180711522471466,0.0036577973719147394,0.0037727542451644336,0.005426631298738549,0.0060893392588281525,-0.0046763892543451036
2013-04-12,-0.010430029081288428,-0.005183055038886941,-0.0004302938129429057,0.011191404074325728,-0.006083932279416282,0.00510205275428155,-0.0111561689576537,0.005146429184273105,-0.002577965051691722,0.025058963570037562
2013-04-15,-0.02315020927479483,-0.003473290753880698,-0.0102777723707006,-0.01887350330243842,-0.022036068781466134,-0.012448742438364357,-0.026908244144040805,-0.005369776437984086,-0.02809342174531948,-0.02062694107709273
2013-04-16,0.015219646586016378,0.009759373505295432,0.01463064214770382,0.017256831923197602,0.011683486196654602,0.021172795407480516,0.02120435363761053,0.005649393750718268,0.0013876932643590578,0.010920722949994133
2013-04-17,-0.05499250680029888,-0.004832605787366329,-0.013625509908673394,-0.018139072290644265,-0.03505865799334573,0.005512402179396636,-0.015056988803827331,-0.012983870006153309,-0.006119139589219835,-0.013117687700035296
2013-04-18,-0.026688292481612974,-0.0013874378157294753,-0.021276296786717275,-0.029842944746591882,-0.0032061450844727,-0.00858128316699558,-0.005054719666177432,0.010245643292599693,0.006273264031077197,-0.019546468143661344
2013-04-19,-0.0038771052837041076,0.03403974095009055,0.04433942687136927,0.003469283576692739,0.012650627388743896,0.01574871759450014,0.015798484544832014,0.019531573175457506,0.009582118205566426,0.0023924732588289643
2013-04-22,0.02084358963393096,0.035606041692672674,0.00030002948383311967,0.012407804215407658,0.0025403342398166995,0.00402453030916794,-0.002622607836874291,-0.0003680299093686834,0.0073182678500165466,0.00159127760190092
2013-04-23,0.018712409810319075,-0.007460178173657961,0.009736164726269703,0.020299747930358603,0.017318007190746387,0.007308756897615121,0.013025181689783949,0.01400454268494844,0.013736012181235768,0.026211149592315408
2013-04-24,-0.0016499158924762058,0.03790872442256776,0.006869780077380705,-0.00044623021648870775,0.011418367425898746,-0.01240557927116348,0.008451343531606481,-0.05880056109647258,0.0014556945197661264,0.03405566347782174
2013-04-25,0.007201740168251369,0.005667295730598987,-0.0053477103522853175,0.022025412911738096,0.005746684191606732,0.009836039488669401,0.010175409856141293,-0.007001787221949218,-0.015207440076071332,0.008233782574715187
2013-04-26,0.021597339008573524,-0.004696378311131344,-0.00949189377616988,-0.07240620541693976,-0.0024486819716548203,-0.0011738264028474665,-0.009065910615994044,0.006790081245451773,-0.0007946634424164101,-0.004454581053781492
2013-04-29,0.030968489484254125,0.025794354705831912,0.022010809337901893,-0.01989717638905919,0.0008176046482559762,0.005404123869041211,0.004006603098506645,0.00752287817636077,0.0023864776565520884,0.01193174742517078
2013-04-30,0.029433676640342687,0.015026057104009505,0.0067272650632370645,0.016296931722741048,0.0018400400804745587,-0.004089793470542058,0.003335116816481687,-0.01171499732259873,0.008842313731016738,0.014738326982797645
2013-05-01,-0.007881763689178478,-0.011480136457735712,-0.005020825688544117,-0.021984971166203793,-0.020403983755645116,-0.011732759676075455,-0.01448400225570623,0.0028656702185851923,-0.016630754231315215,-0.008714875609075468
2013-05-02,0.014181578055923572,0.013447445721560536,0.011189168124221771,0.017403182828007235,0.0014579181824012633,0.011041100770070367,0.05649923526287637,0.010001185665136747,0.012798278686337206,0.011721958434755209
2013-05-03,0.010010923749522505,0.009951616250888806,0.019418803032214438,0.021777911807005834,-0.010606961326078634,0.006927788741443397,0.023603172011162243,0.0055302760870517,0.015682903006762006,0.004344537156451667
2013-05-06,0.023845258450960305,0.007763443041969964,0.018717762913246228,-0.009029250101927344,0.012822906325567374,-0.01247757844871522,-0.003620464507034682,-0.005627182040844225,0.006221114807471562,-0.0028837056173312003
2013-05-07,-0.004449625763427223,-0.013036842304689933,-0.005014164450064085,0.007860167748519498,0.019925328511159357,0.010037804973234365,0.005030935264814573,0.0024435786509242607,0.006292670319156368,-0.013015598751564328
2013-05-08,0.011294046590047069,-0.009606682347721218,0.019131385134098844,0.00368600126919727,0.012617257895308986,-0.0008183851553851262,-0.002947692656101175,0.006415077979366357,0.006033945555685927,0.018314965531823324
2013-05-09,-0.00872420225838233,-0.010003183367473523,-0.0024610176771497905,0.005721382286550503,-0.01446953855065991,-0.0036274387893048265,-0.003793945254032316,-0.0029318561987781155,-0.0004390262484352814,0.0007197405826309122
2013-05-10,-0.008319410635809765,0.0009184966765360958,0.01004032346653494,0.01333795018826045,-0.0016314167912995226,0.007163662213549582,0.0009524741414961291,0.007031842648098419,-0.00977707768933156,0.04529098907570428
2013-05-13,0.003907420215155666,0.01040101486131495,-0.0030670741423024506,0.0033379866088401045,0.014501738847110035,0.0010493235322031058,0.0010070125940369046,-0.0021583934201300226,-0.0004442724402733411,-0.020632516538373613
2013-05-14,-0.02392546672797169,0.022255656349241315,0.010905443801686676,0.014441796771287319,0.011274417945013715,0.013045999208319392,0.007768145878368049,0.011197576394026187,0.01121019210578722,0.014747075055262293
2013-05-15,-0.033817279843662895,0.009543372167126973,0.03245406110462068,-0.00659635689518645,0.01712100672328276,0.007704180136742789,0.009834024792076512,0.015225833176802483,0.0014267583775966486,0.01730125139968197
2013-05-16,0.013361670673543768,0.006795328428876202,-0.01312383554504215,-0.009153641954686043,-0.002348088248868785,-0.0021684158043426827,-0.010783419432404573,-0.005949609377535525,-0.005918183703509272,-0.00476198347092982
2013-05-17,-0.0030370476902390475,0.02318053991858826,0.005874690510251357,0.02188395807328325,0.026093465860132836,0.007318354197217047,0.026529108258587453,-0.002244250962683436,0.011686817424363172,0.016404380640892446
2013-05-20,0.02231862986421551,0.006022185024100901,-0.0007149086662525672,-0.008410495915595728,-0.00019129320507327296,-0.0009079294672560412,-0.016036751512381153,-0.011622411234425756,0.008282363238253154,-0.002017506555210602
2013-05-21,-0.00738248861814117,-0.006556129044582026,-0.0017170760111667738,0.004595867019396627,0.013960670567576994,0.006590205723196574,-0.0003304252226984383,-0.003666414223889025,0.003026137028796949,0.010498191306785642
2013-05-22,0.00384382931573346,-0.006886609316241521,-0.01935024633436111,-0.021944512371482316,0.011505432382163283,-0.0014676713790228169,-0.00776659123843082,0.0002539313717939695,-0.006573315035025007,-0.034852625061703724
2013-05-23,0.0017899381450234841,-0.013291196355253665,-0.007454196056543405,-0.004411287796181829,-0.0052215633907546355,-0.00671961641367913,-0.011324649683316257,-0.0015225020842613013,-0.004338608818362122,0.015972290074844242
2013-05-24,0.006808093050427733,0.003513919831911627,-0.01072723354684535,-0.00022920239606116777,0.005811049996759854,-0.0044717603162526265,0.013194786446565576,0.040406495426474676,-0.002832377301597022,-0.006152103226849004
2013-05-28,-0.008334797034968977,0.021885096474920207,0.009103123654526923,0.0212042603234317,0.017517566543568064,0.009099204659501536,-0.0023273822598742777,-0.0124572950206433,0.009286566539493224,-0.0006877495599300065
2013-05-29,0.007951203772672777,-0.003997794265035548,-0.014706237780757192,-0.006584630719066675,0.0012821508553031435,-0.022372120212449498,-0.010498024129956152,-0.024239229275909935,-0.0032475074983093766,-0.006193565811467461
2013-05-30,0.01490072863115599,0.004300471715128484,0.0028217277999695867,0.004895908958705952,0.01737664317502219,0.003969994846423575,0.016223198008936457,0.0024076833477906234,0.0001083246436248686,0.013157728068128094
2013-05-31,-0.00409652734790289,-0.0037113165960336314,0.0005282475568328948,0.008882041251140116,-0.018518268512513703,-0.02104909575430358,-0.01596420750945493,-0.029459904880230314,-0.01759130746801385,-0.010936382687101842
2013-06-03,0.002201244907948041,0.019771173027253175,-0.004120750368615922,-0.008618140798463458,-0.00183189476025869,0.006295787961733801,0.011507605507917296,0.011724996859991288,0.010943049996819054,-0.001382683030920595
2013-06-04,-0.0031285454149403424,-0.01685851838826502,-0.009831410013657949,-0.004421464018733889,-0.008258357992448007,-0.007200862094202232,5.555131850321082e-05,-0.0037339247989461866,-0.007325809395457461,0.0013845974903752278
2013-06-05,-0.009347691893777932,-0.006002065664672762,0.0006984947813382103,0.005532531457254741,-0.018689925827486964,-0.004994281533031164,-0.016537117598488305,-0.009176755875765608,-0.012556421713327381,-0.02142398496285791
2013-06-06,-0.014939934695372692,0.005175673311457407,0.005746216593324194,0.0024704081456359273,0.008863043791616398,0.009321388114686746,0.012018637265652776,0.002086577356630537,0.006469414079107505,0.006355945025768195
2013-06-07,0.007640485275199005,0.020308712209937685,0.017452396229494127,0.03375272735248802,0.014391923753055647,0.0053281759144614416,0.003289705781885699,0.012106771216969348,0.013521009906295456,0.014034916387407392
2013-06-10,-0.006609239805769773,-0.005606903508566186,0.011924071298292871,0.015169576773485627,0.0016589452946216277,0.0027087337057511984,0.013282468908501821,0.00411592627519175,-0.003608382552410916,-0.0006914135658687703
2013-06-11,-0.002939289178501392,-0.01776120992285124,-0.011693818764336728,-0.02237875626104302,-0.016004280316190056,-0.005285234646364767,-0.014643610303406773,0.0006402699131673462,-0.007243254747818173,-0.018698266992697055
2013-06-12,-0.012363119122559607,0.0045922327948972885,-0.008899460143524718,-0.011318175148160026,-0.005795737323465722,-0.01121781186881754,-0.0028393313023069577,-0.006656719714335013,-0.007959332362186045,-0.008468490132551687
2013-06-13,0.00872321572703072,-0.008000156380142398,0.005757090566108625,0.015165482346406023,0.01861611893577364,0.013972095207655189,0.0173038805398944,0.01069585687295338,0.01771801345165258,0.022775605611871752
2013-06-14,-0.013556388231013461,-0.009216684711736423,-0.0022350837836394577,-0.006526716055277437,-0.01919914125323241,0.0,-0.00724236224412389,-0.005099775247225935,-0.008212002881727187,-0.0013915041961868324
2013-06-17,0.004534410172047032,0.017442118258056194,0.01281083651284387,0.014854541608066318,0.01355205440424978,0.008479178575715673,0.007848622864401467,0.011918391117866634,0.010267052338167382,0.009756063211495691
2013-06-18,-0.0005327931667327146,-0.0005715640651819953,0.016214483775061073,0.01330651091426538,0.004828457927049445,0.008525385747392367,0.00910301264950375,0.0010131086287437086,0.004589622918563352,-0.006211366540361807
2013-06-19,-0.02031125206757023,-0.011148993062021328,6.642438557036279e-05,-0.01277685273808049,-0.010349590057716629,-0.017368674717084365,-0.007499386202151848,-0.01809210446021725,-0.010116000241457868,0.030555353231373594
2013-06-20,-0.014562606074766782,-0.03180125248493326,-0.017697678818277662,-0.01696865553383775,-0.01998181151463274,-0.02639659289168761,-0.022833499777097366,-0.03040870644135374,-0.021428729637272492,-0.026953761808038434
2013-06-21,-0.00801267746790324,-0.006569283878934851,-0.004306171234338074,-0.00029254754996321797,-0.009907987698753895,0.007019658773327331,0.005827904514060567,0.028970590034318677,0.004828347936167043,-0.0013853783238780837
2013-06-24,-0.02650533037590197,0.013526021485263717,-0.012645836450196235,-0.010059980029217153,-0.020015524195266976,0.016947721552503126,-0.006852456903694182,-0.010977831617339673,-0.011175237335175003,-0.020804181770040953
2013-06-25,0.00022367820090507529,-0.00148308148255627,-0.004127348326115277,0.005469081161378675,0.02278099735476724,0.008745585696462,0.012340898446552062,0.0014363176598546357,0.007120153753674474,0.007082154385910977
2013-06-26,-0.011325717736464513,0.020196219803980675,0.008600760554833276,0.020140407330993426,0.008064000843088115,0.019215056457556168,0.012079526984436928,0.009258199721342564,0.007743020877918783,-0.005625898146822239
2013-06-27,-0.010777045896658066,0.007860147570290632,0.003914601365397452,-7.208303195671562e-05,0.012381448930703254,-0.0032187598170728693,0.008814782257419829,0.0034882276678365187,0.0026727782858724236,-0.009193932295961105
2013-06-28,0.006983654039206977,-0.002310606693808892,0.0037623074550567903,0.0005044114353509599,-0.006773474867921014,-0.009802362767110218,-0.008194972206044593,-0.008755229784771945,0.0034428279619189706,0.0021413010352999695
2013-07-01,0.03200240738114646,-0.005211905981644338,0.008530543412070601,0.01588101836718603,-0.005682868822372122,0.008967524366156665,0.013515868961753164,0.013378541351217299,-0.000553138197674774,0.0042736335305042505
2013-07-02,0.02265272080113312,-0.012223351153783257,-0.006273209732845397,0.005778096848689351,0.013241404464484186,-0.0006928843320119782,0.00010790467733312603,0.005383256674933001,0.0037654389040315817,-0.0007096645553622549
2013-07-03,0.005519830834590067,0.002062538611762532,0.004669420147938919,0.0010573674796678922,-0.0005684943229284922,0.00242592483809978,0.009716969640670925,0.0016572155532019739,0.0005510118204901104,0.0028390401150357736
2013-07-05,-0.008032143694385874,0.005881054525172846,0.007964678765821409,0.006513377697337397,0.023119283621018116,0.012560701981821909,0.020049222980855097,-0.002927286153025843,0.009703750807702027,0.00778485030599807
2013-07-08,-0.005677732582986761,0.003507207486717956,0.012982794943820153,0.016475468105384694,0.013150932310340702,0.008193858767720386,-0.014099216710182771,0.005361126859033671,0.007425866733848263,-0.004915490640052256
2013-07-09,0.01758860370892812,0.0005829239124930385,0.00016583553498716874,0.0032347934416716573,0.0034729834185458497,0.00327346036964804,-0.004784835890513928,0.010284756195118927,0.011815460548545431,0.004939772043295099
2013-07-10,-0.0038358841773580288,0.010189325235586466,0.0008284455921137024,0.0027441403643204687,-0.0010929152885129634,0.004050650368111253,-0.0026707841217954442,0.002890358014505212,-0.005570963935531803,0.013342982751769261
2013-07-11,0.015591868243646667,0.02853026890084487,0.015728710009324853,0.025074395601190513,0.005653950453963885,0.004817960316004344,0.017461141726656804,0.012155468420373516,0.004848275629271814,0.013860017914260725
2013-07-12,-0.00182526051949905,-0.0005606451647209854,0.0029990662385708244,0.026329826067573503,-0.0030825851542994887,0.0035687628899827573,0.004000971053871094,0.00965747879793466,0.001393993692188955,0.0006832561672063253
2013-07-15,0.00218024887274737,0.014017554359060602,0.001830948121720466,-0.0031864599391348003,-0.0014561066527635225,0.0045563805199893,-0.0024647399046858753,-0.0004910745095557667,-0.0016060555904117146,-0.0020493300011916737
2013-07-16,0.006457128068307005,0.002764535512105981,-0.0054936159084021385,0.000978591742462509,0.0021864168001382023,0.0,-0.00457257054200344,-0.006624613913035038,0.0005364901641273789,0.0054758980640918775
2013-07-17,0.0002556217945781647,-0.0146129293365177,-0.001152804403450225,0.005930824287614378,0.004726446467029799,-0.0029869513476900034,0.0013729195182612397,-0.003459626940593874,0.00171468474042058,-0.005446075907572623
2013-07-18,0.00336985196134143,-0.008393393848161623,-0.008567821309413581,-0.01483689756075135,0.019902152850753918,0.0004441063816595925,0.007224138233878463,0.00262193411157452,0.009843528084368725,-0.004106288821207893
2013-07-19,-0.015772867016564884,-0.11399552987484718,-0.015460938354247222,0.003682924653988673,-0.0037255330830743283,0.02284539400852159,-0.005706662142465846,0.013325380445065926,0.008370320742509874,-0.021306189453970226
2013-07-22,0.003200327621485588,0.019426730608844034,0.015726030710227157,-0.005733418743157359,0.007122639617564097,0.00054225618371051,0.0068451690553865685,-0.0018431955141466894,-0.0035722814419619775,-0.0007019691424606789
2013-07-23,-0.017170350673044288,-0.00593580801400706,-0.007576461827028758,-0.007974122706348452,0.0019446433273435648,0.001517091937784043,-0.013805775151285449,-0.0033245790754961035,0.003901523904404236,-0.0014054638169920253
2013-07-24,0.05136149535114498,0.004399908812011244,-0.0009958378148164915,-0.007041845286572479,-0.0007054092225207143,-0.0006497715043102259,-0.009704194617885631,-0.008400205093072488,-0.0022059651311204798,0.0
2013-07-25,-0.004562886348461248,-0.017835136421052056,-0.016834810666503608,0.01491941748471004,-0.0022956661996603733,0.0022743186979561347,0.042088056641696125,0.0017442632042052875,-0.0002102843606311966,0.0035186048142328286
2013-07-26,0.005678471715216515,0.007327719726718973,-0.0026471390499002156,0.028378380247362056,-0.007964522054164758,0.0028087142838935097,-0.00724538767429983,-0.0002489021056043539,-0.001895474173628675,-0.004207700567434136
2013-07-29,0.015419896088936014,-0.002530421334529187,-0.0034788147520506962,-0.018941687741582225,-0.006423020724764306,0.004093356248502378,-0.006366543361079002,-0.003732010933456653,-0.008017342398000227,-0.002112559908633904
2013-07-30,0.01234950881812269,0.009828818045777732,0.009804230880385845,-0.012054929147077842,-0.006464253715072976,-0.00042907987155971217,-0.0027605875639453714,0.004370596108812075,-0.002339971738137603,0.016937160799130435
2013-07-31,-0.0017428808686267283,-0.00031389910207346716,-0.0035583045215789033,-0.003935038003485936,0.007229289590113819,0.0035423372085523486,-0.07537610892030044,-0.0017410525596948112,-0.0006393391200272269,0.0020821279974803097
2013-08-01,0.009171044915377013,-0.005339211302915037,0.018552662931719643,0.014441254554426575,0.01453456397607189,0.002887100130497755,0.012202828921431763,0.016687846887005087,-0.01088033519384457,0.013849974334183557
2013-08-02,0.012831640142603185,0.006946657239327969,0.0025989458800688148,-0.004450688323358265,-0.0008844050199374731,0.006612126958895681,0.026957405936498313,-0.00428714646204531,-0.008411693244269602,0.00819644631360017
2013-08-05,0.014939087068976065,-0.005957997630231637,-0.0017318146946402324,-0.010584747417843876,-0.00690378195669239,-0.006250878159899997,0.002934654605644571,0.0013533344412004489,-0.003915178211358117,0.004743270639141706
2013-08-06,-0.00894672893216375,-0.0037854998709858645,-0.009315072729770724,-0.0007973742351736757,-0.0108736207938388,0.00010691553684227806,-0.008941200544885564,0.0041766470728517024,-0.0013098833808096177,-0.01483538249722438
2013-08-07,-0.0005803193640177007,0.015199388943936354,-0.006602633489003695,-0.012768105351852355,-0.003424023368563067,-0.0015989034759555931,-0.00820144754038965,0.002691634366652762,-0.001421707861705368,-0.0006842793302467287
2013-08-08,-0.0019914828575589016,0.025888816529097358,0.002256601041517481,-0.003940607587959777,-0.008499181105612208,-0.0034170787452593165,-0.0033627985393821502,0.002562111168922021,0.004817561086978506,0.006849493885804359
2013-08-09,-0.01422970166607318,-0.005776493780048297,-0.0025206207745770426,0.005139664242397757,-0.005653657021711722,-0.010499514928941078,-0.00536570645983836,-0.006449968018833574,-0.004717600013289247,-0.01428553653162834
2013-08-12,0.02840783737076613,0.005198647981799809,-0.005503039219301287,-0.0019174866064998186,-0.007886958351363216,-0.003897024034822061,-0.00027834359310296986,-0.00024528616618857413,-0.009148663411265745,-0.00828182205381578
2013-08-13,0.047522494660986014,-0.01256137787242384,-0.004810673512527175,-0.009167860755131096,0.0036973603795578125,0.010977915568726626,-0.0029480975598672465,0.0004905586234649206,-0.005451362026838491,0.003479428070679802
2013-08-14,0.018240643824060987,0.0037231857320039197,-0.012981626972759952,-0.008946443061064735,-0.0025789441709509475,-0.024835847906653274,-0.003074302619974878,-0.0050207018356107636,-0.0050336401313312296,0.04230245718018777
2013-08-15,-0.001183705279076963,-0.01731063261400556,-0.011669058399747745,-0.016715912887316664,-0.01588120781679525,-0.01267926479077941,-0.024782962768176375,-0.009476722367185997,-0.008880988393773603,0.006653107075383469
2013-08-16,0.008876954354950284,0.00031485256600460865,-0.0031991393111308053,-0.0057597309271457675,0.0,-0.0020100195384170627,-0.0045992297409299665,-0.0072073249236658254,-0.0028359688677295214,0.003965836538651679
2013-08-19,0.010770053190298334,-0.012893332084660036,0.01019946310680897,0.0026332018350780917,-0.027397796546631548,0.012084712721974311,0.010685355495580806,-0.0038798695584827403,-0.011261994039708512,-0.01580009378824232
2013-08-20,-0.013136754629266001,0.007327513620310588,-0.0002655052772392308,0.00532270306647864,0.00559536245896286,-0.007960196961943278,-0.010058294548121904,-0.0007538496619191593,-0.0010348618533237985,0.005042072023635491
2013-08-21,0.0025741618948107448,-0.00031639804227612256,0.00451789819997539,-0.00877769704906739,-0.009401340205718811,-0.010364378276096597,0.029846414423521317,-0.001885977153767815,-0.00472221824038721,-0.004682137985375534
2013-08-22,0.0011947168241737138,0.024675817536884637,0.0050381937721522,0.01813257992941386,0.011233553138985108,-0.006081294501805834,0.002971449786703939,0.004912709543173577,0.006480213140934055,0.005376504567274898
2013-08-23,-0.003857143869174573,0.07286193239112149,-0.004005861687101486,0.0009664128099466929,0.002107179571883,0.009246512034353227,0.0010058206113197077,0.0030090067177599433,0.006208056909093873,0.0
2013-08-26,0.003891682463298629,-0.017266269802798107,-0.004389647437387345,-0.013102967758500617,-0.009938803596054924,-0.009953268437651874,-0.022892054062525702,-0.018372568081145402,-0.004913049218534193,0.0020056410782107736
2013-08-27,-0.028589826071551028,-0.02606131960583158,-0.0187445129330589,-0.018447988280678618,-0.02316613349365626,-0.015537902251888336,-0.004743437352313418,-0.007257103949198207,-0.0031002188489446247,-0.01267572283245777
2013-08-28,0.004727873635725022,-0.007216188639696974,-0.0018819301601038507,0.0023137626136180423,-0.00039512106040828776,0.004177627005183648,0.0059713937546517215,-0.014365372151661338,0.023266568726851178,0.0
2013-08-29,0.0016297638735842668,0.016050929383746082,0.008108001571307755,0.008523324208208116,0.002372617720359349,0.00046256990002602194,0.0009135455053894681,0.005985957583412471,-0.017672535629826625,-0.0020267223980212634
2013-08-30,-0.009111247848512583,-0.004470597013952471,-0.009971712028994828,-0.01056416426624962,-0.0033531731172409263,-0.0018482968727749904,-0.005417296458383292,0.007502573788118694,-0.0012595705638513977,-0.001354265613561556
2013-09-03,0.002791308571995943,-0.04550942452010831,0.01591692561133473,0.027831148120985416,0.011873871793260715,0.00011550502864099421,0.014906698070969115,-0.0017974900466859456,-0.0001151995543360318,0.0006776627967524096
2013-09-04,0.02069257445002526,-0.02132990128606893,0.013075682324918514,0.01675904341179768,0.014473288393384909,0.005554202959610954,-0.004688837606595553,-0.003344176820692879,0.006999050396004458,0.009485510432293953
2013-09-05,-0.00685796765158142,0.0009618229087007268,0.009097749196311566,0.0015665279415466582,0.004626704487590061,0.0016113840109832633,0.00011341575636913959,-0.0045166753501819645,-0.0046711552744065354,0.0026843874274526947
2013-09-06,0.005956375382333734,-0.002561825352900171,2.2904742759344288e-05,0.005984379326960498,0.008635286010272525,0.001378519352369878,0.0026105422213389406,0.00012958474296054234,-0.0011452298664079708,-0.004015971545413888
2013-09-09,0.01595675943252184,0.01637222910708802,0.0096295627366203,0.013012919053726701,0.005707944962272782,0.004589526715709447,0.010641195384906599,0.013091682127473137,0.009054468289249495,0.01680099945407032
2013-09-10,-0.02277891974216084,0.02305781676104135,0.0006980634756341697,0.002168717268457465,0.015323303191774773,0.01107838144491069,0.03382822471674585,-0.0026872358606683244,-0.0024984924147054555,0.021149993018416247
2013-09-11,-0.054443663068880155,0.010805574084149283,0.008462117190606078,-0.0023970767703397344,-0.007639051613660741,0.007906305975290628,0.009317954175705134,0.004104886367393146,0.011614269151277945,0.01682885964088543
2013-09-12,0.010647644719021576,-0.001527161841846869,-0.0034925923768204248,-0.0026031578064242833,-0.019151195786720865,-0.002465784685669048,-0.00670928119174552,-0.00012715473626923046,-0.009680459965020316,-0.0006366573343183912
2013-09-13,-0.01648029856825506,0.010401010934591337,-0.004467788570365339,-0.0031452808565468615,0.0066998019173822865,-0.0049426023709922,0.021290328521916813,0.010094601451691831,0.004774110490390671,0.006369251204230597
2013-09-16,-0.03179185608598922,-0.006963757201333132,-0.0014734884937389614,-0.00624325046217622,0.010458134066315683,0.005193141388096123,0.0020107017601087573,0.01404182939131604,0.003054058283160632,0.0006331115402380405
2013-09-17,0.011552527127785206,0.003963641579208588,-0.0018585019730936736,0.027393058568022433,-0.0009408902337451064,0.0003371703485439692,0.011722569846478681,-0.0041170987268930315,0.003044976479812389,0.003162347354455086
2013-09-18,0.020557103632707685,0.01184334356400396,0.019421785906340583,0.02584078978292692,0.0060276514342618714,0.009544359845802708,0.01069919847137868,0.005887173956371061,0.007195933850847602,0.00882698060402598
2013-09-19,0.01639825973896092,0.009603771206841305,-0.005457504492164755,9.615291749232036e-05,-0.01235740604925295,0.0017792739190027884,0.005473723590159407,-0.002241076490745786,-0.00334908885030083,-0.00437455521272212
2013-09-20,-0.010353400722541761,-0.025267448305454132,0.005253790709752737,0.013715356418286806,0.000948049914700988,-0.004329653400808153,0.02115950231874386,-0.00911118610816597,-0.006944320681965488,-0.008788590642631933
2013-09-23,0.04969917862836226,-0.0015250457166031683,-0.018391909303635212,-0.015331624151878276,-0.025379000447421363,-0.006579244461432987,-0.013026214188856189,-0.0013857916248509738,-0.010263834122951843,-0.009499624285192687
2013-09-24,-0.003138368202617703,-0.008857751874219999,0.000383556677178154,0.008475390463330346,-0.022152707728597343,-0.009765024551762647,-0.014777491753080407,-0.008325046014461046,-0.004444590674541171,0.0038363907038359013
2013-09-25,-0.015477526808700404,0.001848971944926836,-0.010836307243415888,-0.004711448020241482,0.027424107491136107,-0.012922853536261325,-0.009206748619847716,-0.011447466766137393,-0.002518675063082565,0.00127355841917276
2013-09-26,0.009739735173865283,0.00799771101377078,0.0010714932482076556,0.01749563075925953,0.0036749264252280422,-0.00011467862063663237,0.010440820392787264,0.0042460035056948175,-0.0008029750571915129,-0.003180291599457541
2013-09-27,-0.007136637795129075,0.015257778803315691,-0.002026863382508237,-0.0066327310663633066,0.006745304176889899,-0.0039043769481490465,-0.0026348097872602727,-0.01076241407324019,-0.001952165210077128,-0.005743243435310075
2013-09-30,-0.012428495300902065,0.0003007066185947149,-0.00054766617176083,-0.010664216163362883,-0.010528406813138602,-0.00046156545575115615,-0.010100937541136834,-0.020981495248649784,-0.009896643619830003,-0.0012838573783692242
2013-10-01,0.023513124864295687,0.009014571637264934,0.012660988137171092,0.026580133167880104,0.005223623306488179,0.008997365723207862,0.011093350101327504,0.007540612275017677,-0.0004649325985682795,-0.0006426312071429185
2013-10-02,0.0032784678513886334,0.010124787152903991,0.0011162126858490495,-0.0013710089199373554,0.00988731587267444,-0.00205749048388959,-0.007245853598217833,-0.003019806294171423,0.000930372325739004,-0.0006434536651162004
2013-10-03,-0.012561992279104595,-0.0017689110369925043,-0.013401092731128106,-0.017940122902026512,-0.0028796651346812974,-0.008133955720326269,-0.016525923829018185,-0.0011852801307878913,-0.006738277479651833,-0.010296318487134637
2013-10-04,-0.0007862317974391964,0.0005904528319025104,-0.004268993550035849,0.013597645785432766,0.014054618069667013,0.008431090759413173,0.009700540783737832,0.002373156943697108,0.009590679416519476,0.013654612625026541
2013-10-07,0.00977145480802366,-0.017119002213320744,-0.007577140521042525,-0.028240944338467244,-0.01594808102681644,-0.00824647360752162,-0.02178693324330261,-0.004867290457917006,-0.004865400616982707,0.0
2013-10-08,-0.013961711788826325,-0.008709072445950539,-0.013941884994436826,-0.02193337094753023,-0.01852246925855372,-0.011317254464795812,-0.02039361680950591,0.00898908194820236,-0.00453993938929953,-0.008338702098667494
2013-10-09,0.011747748388489354,0.0018182398702217828,0.0025653081702543545,-0.016489133685809843,-0.0023586892603241205,0.004088432644210549,0.007231572616008153,0.008122450556558025,-0.004092980303559313,-0.015523571501483535
2013-10-10,0.006268105809497548,0.020864386133541357,0.01446526019589478,0.023270638272671063,0.03487695967457105,0.021172577832902828,0.02817461269517918,0.01221602095653962,0.010333155282862938,0.011169026813290461
2013-10-11,0.0064741361068896275,0.010960249214107654,0.004318925843546317,0.018743667458202662,-0.00019046667172817333,0.01902460095492642,0.016769930284904255,0.007574760314757789,0.010576601429949317,-0.008447068466670316
2013-10-14,0.006554146112920822,0.009375641220536135,0.0047248592445023885,-0.0006111810174366239,0.0038086397298122687,0.003913345174948235,0.006451866402665596,0.0033128608354440203,0.0074753637441205,0.01507201326909624
2013-10-15,0.0053225175289921545,0.0011612888759939821,0.006734268852753633,-0.0138397267267244,-0.007588479062067943,0.0014469928683318312,-0.010701337189938709,-0.014477898649289389,-0.009246436110728395,-0.0051645306290460935
2013-10-16,0.0048725333980153,0.004349292860458487,0.018163047570027846,0.013348577182631827,0.032306895817204584,0.013121372560544575,0.022260879890237506,0.017428662100764658,0.005991671006609245,0.01232950825751078
2013-10-17,0.006764999280924666,0.008082483566335341,-0.01028908417774932,0.0009017964547113344,0.0038890934039010894,0.009439454582844675,0.013545895061546576,0.013786413432044231,0.001946871869832556,0.0019231958434040575
2013-10-18,0.008701982612984827,0.0011459921356955505,0.13796271679633643,0.0584355604371809,0.0016605638237296994,-0.0036971828080055724,0.01094427394458064,-0.00012632365556053404,0.0008000738687687914,0.01151653701694011
2013-10-21,0.02450402291677456,0.0008581109486744953,-0.008018389785324542,-0.007570016037894423,-0.0005525709599253359,-0.004692706253888734,-0.002045381479607866,-0.005540484360652798,-0.0036548706937614694,0.002529877883564069
2013-10-22,-0.0028577676988099654,-0.011718126357851522,0.0036875609292514877,0.018686453606568065,-0.011977682076217855,0.012719475903141042,-0.00029993149434370814,0.01785511115309224,0.008597732896362453,-0.005047549566161047
2013-10-23,0.009791148857693388,-0.02371312874280207,0.0242406193935798,-0.017381454909911165,-0.016225008709911393,-0.0028149463342890257,-0.005450431998347716,0.006593712529776141,-0.004205668507825444,-0.01712120738915246
2013-10-24,0.013239201436223924,-0.0011843348848338264,-0.005681667807433621,0.01667896944331182,-0.00511846311272135,0.002713876086574585,0.020212105169513217,-0.0037079758653458805,0.009245602185650181,-0.007096475163075877
2013-10-25,-0.011186398778072704,0.05960835486258986,-0.01009216271983493,0.09385629473837964,0.005526121792579719,-0.0028146653303865454,0.0007390171146481883,-0.007567876348295255,-0.005089431484236129,-0.0097466111004344
2013-10-28,0.0074528190183669185,-0.004477834407123238,-0.00019692974410190356,-0.014392217719598643,-0.0017055746039074116,0.0032571928399687256,9.857255746581473e-05,0.016250362973678545,0.00295601603342055,-0.0019684584019528106
2013-10-29,-0.02491149335643228,-0.0014059853046245463,0.020926088467053017,0.012675858322815925,0.0009488346786190593,0.008117835896276793,0.005712284369101539,0.014267884069193437,0.007934108843649312,0.0013148381332510617
2013-10-30,0.015909566686197696,0.000563054949080044,-0.005616525124396143,-0.00446646668692352,-0.002465096063125727,-0.003757492108882432,-0.0020566727418177555,-0.011399266102786854,-0.0013496861698290008,-0.0006560544230193033
2013-10-31,-0.004191277024959472,-0.0036579940232970287,0.00015529139187209218,0.008169883543345247,-0.020152386539273204,-0.0019399934165023058,-0.03507975917970796,-0.009445918141192,0.009120310422580324,-0.001971462171539873
2013-11-01,-0.005108245995790295,0.0033890877026643285,-0.0034349808005031957,-0.013817497286967795,0.01882068240183643,0.008206497502271093,0.01266056893042955,0.004954126528289304,0.00223172961980711,0.00460815979668161
2013-11-04,0.012922635775377112,0.011539442532143562,-0.0009055409598375253,-0.0007242611548012867,-0.008950597382394121,-0.003641514613670571,-0.013757645408417618,0.0022179253296465973,0.025383879325517444,-0.02883341306266729
2013-11-05,-0.002468312616227819,0.01947727340700589,-0.00447313295108509,0.0004181131019334039,-0.001729602036034228,-0.0023649476322201712,0.004836564869334259,0.00122956515447048,-0.0011940024851134767,-0.0013497825088006898
2013-11-06,-0.0028328114117215364,0.04203032949236296,0.0012040012435199365,-0.007551057675280637,0.002887322976614204,0.002478269144024603,0.00835990732189229,0.01694702815313165,0.013370889637625005,0.006757002528394063
2013-11-07,-0.01618311589997601,-0.017810113612417466,-0.014470712994982038,-0.03543155248796592,-0.008637133214848713,-0.0037618799890359877,-0.014671811754592201,-0.005917126014192142,-0.0068043621147102495,-0.023489756612294355
2013-11-08,0.015746924040090704,0.007466494367882159,0.008016391331598927,0.019647201561498795,0.04472427501511844,0.014672804793709693,0.011167666744569038,0.002307880566339904,0.008373279762674102,0.06941578393462677
2013-11-11,-0.0029008137332245942,-0.005029412034587177,-0.005354458638205384,0.01161832422500031,0.0025946823761091586,0.0025521194627555754,0.004942200420913645,-0.003029689323605367,0.0024806176192915252,0.008354369274687246
2013-11-12,0.0018499292656650734,-0.00611837540919502,0.0011777620208537343,-0.013685891249802573,-0.002403555431695792,-0.007742892679296398,-0.0050181748483040245,0.006564388090662954,-0.0031196798127739456,0.0019120018428930852
2013-11-13,0.0011925448060265964,0.021413400116406134,0.02044907047330624,0.019140060936060577,0.0031501526396178203,-0.0023510880054644634,0.009652899598771247,0.008454283420767483,-0.0008634865989383123,0.027354167078205593
2013-11-14,0.014462469347717999,-0.00366925792777939,0.0026731410505853592,0.031385098500829045,0.004802282581344075,0.006213637616100609,0.0018517952824332884,0.009820215948395772,0.006804087283870386,0.004334158583395364
2013-11-15,-0.00600170837503855,-0.004733977152757474,-0.0016131418697294952,0.004817586563461429,0.008639533327017945,0.005004401998897734,0.00924336193352393,0.006166951890525629,0.021991303283793062,-0.00308233314823958
2013-11-18,-0.0121145004826555,-0.016913503176888667,-0.0019446562684829471,-0.008099243921769639,0.015855673099854473,-0.0009532100018816436,-0.010396231420796376,-0.003182350433145187,0.0018892711206064394,-0.024118879168858243
2013-11-19,0.0017736210485377324,-0.004875478382041276,-0.0061558766695754,-0.0033863277408124892,0.007356010848821759,0.005937893237962788,-0.012556073337030793,-0.0027195908307708905,-0.00031398431947737837,-0.016247146379731126
2013-11-20,-0.008757245975538397,0.009254195740928228,-0.002819002982735408,-0.00649420494020736,-0.0008906717916165041,0.0030574947083361614,0.003698171618680357,0.004149955849068299,-0.007755637999080078,-0.014896647411961172
2013-11-21,0.011921897488584632,0.008630110737404939,0.0115033738260657,0.017513813113817278,0.019964316694884632,0.0005255591900781287,0.017615441981768898,-0.0002362207197686983,0.00010560237066203904,0.007889892864567427
2013-11-22,-0.0025711924776956607,0.004545813205214744,-0.0021081073122545257,0.009189003513178085,0.004194237872646722,0.0075097718947789716,0.0025295477812015132,0.0033069096876070514,0.0033798612171997977,-0.009785141556581167
2013-11-25,0.007579385020906937,0.0018630277556841435,0.013606009419562248,0.011630159910728466,0.0033067241944642056,0.003989842598256299,-0.0009399687947519997,0.005414786971662977,0.0008417501642588032,0.021739273642556567
2013-11-26,0.01844468676004052,-0.007704562549564864,0.011932007780142584,0.012558399382907037,-0.008325815606072262,-0.0059607553300169425,0.007873803135103774,-0.009015450626972177,-0.008623530873487106,0.008381696283745521
2013-11-27,0.02354704500310345,0.006693410799324395,0.004440658894859784,0.014002160164667155,0.005422542228148863,-0.0008416099193526705,0.0023096701450859847,-0.0042528828747525615,-0.004985506258854411,0.00383652578443483
2013-11-29,0.018517630414036867,0.014095380549297154,-0.003311068594625155,0.017868636750099753,-0.004523697079935829,-0.0033687084565635628,-0.0025978781787876493,-0.0007120451710016518,-0.003411725782005437,-0.00636969122187292
2013-12-02,-0.008703547161617031,0.008392279030621008,-0.004822724577774884,-0.0033534874020593186,-0.004194516992292452,-0.00401448134395721,0.00820747467966032,-0.010448492971359524,0.000428036463335113,0.0096154618561064
2013-12-03,0.02737514963625154,-0.0036407799787369077,-0.001156815179305215,-0.019474890335960615,-0.0021059523894056964,-0.003288189960553356,-0.016477058242284515,0.005879167895673332,0.009303067202068194,-0.0006348346018372197
2013-12-04,-0.002330929300728868,0.016445124582350257,0.00467131257342035,0.003379635768107514,0.005803778415453431,-0.003617929917074325,0.0049070655197756,-0.005725968959817362,0.0029660174189807265,0.013977082862876244
2013-12-05,0.005133221474021843,-0.024139996287860455,-0.000793946358844666,-0.0038086681670062017,-0.023955072416953938,-0.0070492653914960846,-0.0050807373879060425,-0.007918393990693717,-0.005704207665953809,-0.016290580816310518
2013-12-06,-0.013876255258528314,0.009473823205331078,0.01185037076997264,0.006398043490662753,0.004299526938542408,0.015812084451413577,0.000793414018860128,0.022130575384455176,0.016148061082467358,-0.014649789935800794
2013-12-09,0.011445612685650364,0.009123842303665919,0.007730101209890039,-0.005323718396768373,0.008027017181459595,0.0,-0.0013870846747749965,0.003076661997408081,0.0019868303699766,-0.01680689871299612
2013-12-10,-0.001552926932275378,-0.015499364172393948,0.006047407877805666,0.0075086772002228575,0.0033621254420985736,-0.0031771535003187745,-0.010714899568184832,-0.01332842823199587,-0.001356480223388079,0.023011306752010574
2013-12-11,-0.007408627454568717,-0.013120278194322932,-0.006794765293591687,-0.014415341422193917,-0.011111129889745053,-0.010940790892884467,0.031239297973838953,0.004422824573298456,-0.015150149228410625,-0.009639935212580664
2013-12-12,-0.0014608269876454916,-0.010369294251187822,-0.006803991303739099,-0.002459555866612839,0.004280452530482259,-0.020943137358301334,-0.010794808004063516,-0.02047116768297741,0.011670114768308704,-0.019468029066180614
2013-12-13,-0.010900517010708488,-0.014240277312394078,-0.008570565771751193,0.007842617347592507,-0.002486303961389935,0.0020840705853115704,0.019268834068993046,0.0008502213880450249,-0.0005246474367218701,-0.005956434473063488
2013-12-16,0.0055377699422554105,0.0054514448887299505,0.01149143754490578,0.012310003523412494,0.0044509218595509825,0.00021888858818397416,0.0018805979894720437,-0.008255083055033197,0.02004007091506277,0.0013315461399698858
2013-12-17,-0.004502775239830448,-0.010029919626565187,-0.0029079610755456953,-0.003393577182231544,-0.012406809747184555,-0.007770317448626329,0.026474146873927795,-0.009548009532657886,-0.00483435830372847,0.0046543825149674145
2013-12-18,-0.007603323105654702,0.0016426223154215602,0.013917892434047507,0.021436896551588314,0.027279109647283972,0.02183988030911821,0.009847625042272101,0.01816782029568942,0.028837423503004445,0.013898123708899757
2013-12-19,-0.011457186110259143,-0.009021090368464102,0.001355267702054519,-0.0019446323618810268,-0.0001744818280338123,-0.007124597289452028,0.0033899032126536444,-0.0058263589378736436,-0.001105485803649331,0.003916165939940486
2013-12-20,0.0083753147617045,0.01517233726547973,0.013256908481664942,0.017738308048258933,0.008212402650800588,0.001196168187943325,-0.0005088395240984145,-0.0007326044718701796,-0.007542709376534562,0.02015636478620375
2013-12-23,0.038377827869477965,-0.0048911260282084035,0.01315612056422566,0.0017901191945850492,0.00935871247765907,-0.0006516227136057484,0.009538070636847973,-0.006476083909552455,-0.001722986117501546,0.005736085837015237
2013-12-24,-0.004244804167342964,0.012561233863291221,-0.002923414672459157,-0.00923264294747761,0.00017157730919792336,0.0003259653007245955,0.0032106529252984295,0.0,0.007207617951483947,0.0025347512560249807
2013-12-26,-0.006641571125846069,0.009708944637773831,0.005054676232523425,0.013001027827797218,-0.0008585619297883929,0.005213511385418146,0.006720701530825268,0.005534336300616394,0.01693197921344436,-0.009481664575784032
2013-12-27,-0.006756443765822406,-0.004006541019586418,0.0008412139077946801,-0.015603762003410737,-0.0010311779247976771,-0.00205310926497404,-0.0024073170443589254,0.0030575465763407195,0.006045272057768392,0.0057434078037643665
2013-12-30,-0.009944623155319743,0.0,-0.007993581208948108,-0.011831714041819819,-0.0032675923242484473,-0.0005410045918931017,0.005645125847138832,-0.00012226799383374676,-0.011821024187015028,0.01332499632545181
2013-12-31,0.011722004436205857,0.0032179653705388667,0.01014018753123147,0.01377837130655779,0.009145537059493725,-0.00769260651864434,0.008012036320607319,-0.007194368443346755,0.008872117238469812,0.0031308423400533414
2014-01-02,-0.014064216504268812,-0.00668261589676844,-0.0067725624120144046,-0.0020562383484051816,0.0018937161160956784,-0.006113761771613047,-0.007499448696583921,-0.010687367428203087,-0.014327705772453125,-0.009987821502881578
2014-01-03,-0.021965348049294953,-0.0067278222471442994,-0.007294905979353894,-0.003844507739961811,0.007730642885459771,0.009007514976250519,0.0006788606066348013,-0.0011173960849278908,-0.002406084109770279,-0.011979560570135828
2014-01-06,0.005452812818722341,-0.021132091005656273,0.011149347550023503,-0.007088135343038537,0.005796062316731687,0.005226019266601156,-0.006013694664177671,0.00236226843361953,0.0015073415178130656,0.013401527213332542
2014-01-07,-0.007151628523968334,0.00774976301669783,0.019278221652579752,0.011178072123684712,-0.011525323142309696,0.02122864712229977,0.007642183810930847,0.009672398595566012,0.014147991797487158,0.0163725687832581
2014-01-08,0.006333180316079545,-0.01785224820252229,0.002081105803600103,0.009773130800322605,0.009430136951018353,-0.0013790406828421142,0.003205528226398302,-0.01449256325310544,-0.003265055825928953,0.013630532945924756
2014-01-09,-0.01277040455654943,-0.006432015317661577,-0.009629962176163409,-0.0022641222191301935,-0.0018683182018576217,0.006053584693694658,-0.0013951236627469665,0.002242875622296525,-0.009727751126650364,-0.03728574334456447
2014-01-10,-0.006672592501411501,0.014354225575277768,-5.299761735222397e-05,-0.008353978320694289,-0.004594881370383108,0.00010570977120871738,-0.0035149608059966697,-0.0014924443150110545,0.007618108306044036,-0.0012699103106251775
2014-01-13,0.0052350985457854105,-0.02941196822541503,-0.006370732878872243,-0.016798251950372545,-0.013506275586113059,-0.002533243061426882,-0.01008463279615468,-0.003610869319036647,-0.019597865230046807,-0.02352196581423549
2014-01-14,0.01989849051326975,0.022870368371658012,0.0235266076057572,0.01677840431342359,0.0006931808494352598,0.002327856546609386,0.01713106513684992,0.010748372582384702,0.005783473792019711,0.031250301310139506
2014-01-15,0.0200771859466915,0.027389568932002728,-0.000678621528612422,-0.004200830359208485,0.030308357147018627,0.0008447443736001592,0.004985426781964231,-0.0009888445844445926,-0.003430419030847176,0.010732145548475902
2014-01-16,-0.005580170124226291,0.0035366060491848206,0.0066165678290752705,-0.0001768249466754801,-0.008404934795185337,-0.0016877220182470731,-0.008893483201931063,-0.0028471029321551766,0.0016200879813637048,0.0031230201929743906
2014-01-17,-0.02450172021458885,-0.013824846716605999,-0.004921112040840003,0.009625990057499978,-0.01491783752998288,0.004437432901490901,0.046940397558131286,-0.008440823194223568,0.002223414048697192,-0.004358616223684053
2014-01-21,0.01553681860129319,-0.005772412433485918,0.011446906613102215,0.018618235859243937,0.0010325263080768199,-0.010835133034401312,-0.0010764513115304464,0.0037555169221858975,-0.006656022719882304,0.0037521533242037552
2014-01-22,0.00444354732479435,-0.006635536249567031,0.001134339210572044,-0.006166398577320709,-0.009970550070562911,0.003084511916297661,0.004570268251812282,-0.004372717105292412,-0.006294400388378807,-0.0012459372767823496
2014-01-23,0.00846775558342494,0.0036182391386148094,-0.004223129058454456,-0.01154395289743626,-0.019448064272097443,-0.01675179614406963,-0.020344394683532663,-0.012495837157843637,-0.009296748345142158,-0.003742948510057631
2014-01-24,-0.018177687543732612,0.020798771544320083,-0.03126445149874035,-0.03068500275510666,-0.02443760996034683,-0.022967402577936058,-0.03066792365856219,0.012014598142024546,-0.021862546603357624,-0.025673144973932027
2014-01-27,0.008112796184470028,-0.021189868539019496,-0.02010986620768107,-0.0034055721155459295,0.0,-0.007394673159165865,-0.02273471490868284,-0.00896706975257866,0.0007381602938560938,-0.0064266777086209315
2014-01-28,-0.07992778393598254,0.006661191351993834,0.019777817950481502,0.02109874899492392,0.011798573418156932,0.001779519305910915,0.021922154454287357,0.008155971391374583,0.007690284336898889,0.00970245244814949
2014-01-29,-0.011352402619213553,0.01075257864144974,-0.014327464898912567,-0.02593622706012333,-0.003767404187063228,-0.013318683317475544,-0.017378703374182902,-0.018581796116785898,-0.005645164567743111,-0.00960921945333959
2014-01-30,-0.0019369125194909076,0.005455651971038922,0.0257198465798123,0.048958891422312245,0.008463686461749775,0.006749202269557442,0.017317820559578312,-0.009917208888061024,-0.011776132347218526,0.016817196694479897
2014-01-31,0.0016403903235275852,0.02658685866793764,0.04014486770328207,-0.10997244115170712,-0.011428153693640364,-0.011508178939306446,-0.024674092225809963,-0.0032523753555182555,-0.019470018463194072,-0.0012717705350397956
2014-02-03,0.0018583000664804672,-0.035940646889782046,-0.04025499336947702,-0.034960490141120126,-0.018966984289434108,-0.019102631627791244,-0.009097736463786865,-0.012007232581270899,-0.022895174681206276,-0.013375996816283098
2014-02-04,0.014475286599385795,-0.003563497084644651,0.004173128560825967,0.005199956138973283,0.011784353077932241,-0.0018440694252062073,0.0050120387818666234,0.005151767853777134,-0.0003332375632119078,0.005810230094133617
2014-02-05,0.00746877832826498,-0.014580660538327295,0.004428320850481837,-0.004310898665760399,0.0047315499678706185,0.007619752035167071,0.004987354410171285,0.004731218856951713,-0.004887815685735042,-0.008985717779288915
2014-02-06,0.005829096771839959,0.010050333861512328,0.01466040954254022,0.023495429795642453,0.02300276681579927,0.016842478356043245,0.01576943448817314,0.005886086690783721,0.009556099804059137,0.012953168016523575
2014-02-07,0.013989592450126098,0.010503164824574363,0.015069523729786649,0.018302887331792528,0.0024790082169121597,0.014534888658586542,0.01264764320188605,0.0053314661885857095,0.008686101539942204,0.014705832364146021
2014-02-10,0.017915001405271358,0.0065641198083079555,-0.003830307428342228,-0.0005815860045791377,0.0021193027216601656,0.011439461370202464,-0.005545930779957131,0.009313674585225362,-0.011702346372211903,0.003150650481187789
2014-02-11,0.013176304971214137,0.010054326392948676,0.014706675782552692,0.0025493681759316544,0.012161035114675478,0.020862958476618898,0.008070853372554199,0.010380350929139581,0.014745335694098749,0.020728538134003216
2014-02-12,-7.472794571505847e-05,0.008071600674781854,-0.0029322356756158463,-0.034661035070456814,0.001566759212170421,-0.005915879594900253,0.010093198970340778,-0.017123162688088,0.0026418924439730596,0.03569246089596256
2014-02-13,0.015879046866379642,0.003735999246686772,0.011131863305588796,0.022763121002418396,0.00886659002671597,0.0015148302369529798,-0.0005354791703280348,0.004001164824794401,0.0038430798995465754,0.03149110257893839
2014-02-14,-0.0008080943517646544,0.0002656620910819196,0.002416707322145051,0.00041991570929011957,0.0020681730578966384,0.0021608530896768396,0.00870337555648315,0.020565055798126064,0.029311505012616257,0.031682336070262496
2014-02-18,0.0036766282777846993,0.002142593866228726,0.006717696723939293,-0.010353964616348299,0.005846622904237764,-0.006360742900782479,0.00026535071956224066,-0.018009783628525566,-0.00042487041754835086,-0.0005582009278799482
2014-02-19,-0.015788187931929043,0.002405547870188096,-0.007052740321382034,-0.017729469427573252,-0.02102918400515663,-0.005749468949538206,-0.009643009841289074,0.002179652846350466,-0.0012753548240935775,0.013407628202811717
2014-02-20,-0.011574781595315442,0.006397607935956895,0.0014722667247704102,0.006966451351901659,0.005588615046566936,0.008074770765198469,-0.0018761585200799402,-0.002815229199112923,0.015114607579152617,0.03528125019189532
2014-02-21,-0.011107664991006794,0.006093442458029452,-0.00026590965432127245,-0.008690704930545357,0.00052101513442393,-0.002181264298738772,-0.0004475015107272551,0.0006421246345522658,-0.003565707188308287,-0.007454739155912771
2014-02-24,0.00437852496385327,-0.007636146720949588,0.007243813433031265,0.014476950486270512,0.007290321656626464,-0.0044794160860881505,0.012670007291549101,-0.0014112010010880471,0.014837500431976958,0.01448477980688656
2014-02-25,-0.01040662656721325,-0.003979836597263198,0.006177302952292685,0.018591145105317786,-0.017232344946948586,0.0,0.004067059160809627,0.003339461954659173,-0.0013478122655378177,-0.00451528586323402
2014-02-26,-0.009021594487967244,-0.0018640717329383438,0.00013941672630113366,0.004130352946787541,-0.004909643018184862,0.0,-0.0044028769048634064,-0.003328347066259618,-0.00539891946711446,-0.0016006371348084025
2014-02-27,0.019947416274959995,0.010407760486390805,-0.0007867880607858035,0.0009172025143076024,-0.0010576432338607056,0.002743955992507763,0.0007517925279345583,0.0042383402564054595,0.0005217898282889877,-0.011224241425010884
2014-02-28,-0.002709492415254977,0.011885837601344207,-0.002919998695747772,0.00547020780052776,0.0022936755609728188,0.008318401938179454,-0.0015023084089698102,0.006011310909289191,0.004486478370979041,-0.006486426545551538
2014-03-03,0.0028880390009202728,-0.013834208816081217,-0.010660911488197256,-0.006407027049691316,-0.010735796563115296,-0.006078795251947988,-0.019917192732868183,-0.015001599456390236,-0.007998353635840227,-0.004896581223594598
2014-03-04,0.006594107923732606,0.01667479782415815,0.01016054870198091,0.011451407566858807,0.018679792461387512,0.019440457359886976,0.018334769587392552,0.012519171115181305,0.01068064328617968,0.010388185031902752
2014-03-05,0.0021080912338817814,-0.007809993851582542,0.002757421293682283,0.023275628916642477,0.0157183608478082,-0.008034973489730146,-0.011928950645605396,-0.008030781893727634,-0.028180880104683226,0.008658086882807003
2014-03-06,-0.0030240565956884957,0.0010491404265291493,0.0011081534264518744,-0.000563952754588648,0.01272323361074057,0.003240461652343374,0.004712697772399244,0.0030842353166649072,-0.0004264094870815027,-0.013948614346107058
2014-03-07,-0.0005841920155963409,-0.006552583506389986,-0.003952076003129967,-0.0002686565358930304,0.008488767520862472,0.004628681204502216,0.007593857016895633,0.004099301273035039,0.013118781912525135,-0.0010882434264727348
2014-03-10,0.0009049128060285572,-0.0021108142082558734,-0.0026507203570096394,-0.004112236538700076,-0.0033671574681933825,0.0013935021375663936,-0.0002660896815201985,0.0019140377548638732,0.005368960311007642,-0.014705953005686223
2014-03-11,0.009737877137708795,0.0052881070223995685,-0.009557914939069434,-0.00461504946556357,-0.01706063384380163,0.0004278564278563657,0.007449984558852485,0.005348079374922543,-0.015602179183317078,0.009950645567017302
2014-03-12,0.0009700854525107605,0.006575950309094303,0.006091745856415365,0.0049346349626797625,-0.00463998023590928,0.001176788080947011,-0.004753702611517974,0.0036730873124659613,0.0021270827264352477,0.0027363329744711784
2014-03-13,-0.011107281599934238,-0.009929442441675373,-0.015108014565754058,0.002347339803347337,-0.00863258069809636,-0.006410416753043102,-0.02352950096825257,-0.0006309521931489037,-0.00604987584435579,-0.03165926023955801
2014-03-14,-0.011231000363068344,-0.005014724246118818,-0.013674710263915646,0.0060025185564875905,-0.010798171365829057,-0.002043071764663118,-4.5383834534451495e-05,-0.002651958061014259,-0.0018152520364231872,0.004509943633340452
2014-03-17,0.003907108509769941,0.009283353353784829,0.016456439980787163,0.003478382463865337,0.013732890224130712,0.012067662491103137,0.013634314691466587,0.01088907292076069,0.009093781303664894,0.0
2014-03-18,0.00884656452268473,0.03942237292954376,0.016072421910637624,0.009945532952467362,0.008336242150785766,0.00010641752294837659,0.011752355673859238,-0.0008770590743423234,0.004134654030739426,0.023568867617523415
2014-03-19,-0.0002632160320229504,-0.0070800084885461745,-0.009915289943354222,-0.01462621263203967,0.0041338440650395825,-0.0037259240325742127,-0.01143940904313867,-0.012410107975126317,-0.010347421235503917,0.017543808743931688
2014-03-20,-0.004819020728417334,0.026992848146552895,-0.0017427908466964848,-0.011413939961780417,0.031046026471140298,0.005663361106979847,-0.008935339260827235,-0.005839349460754262,0.009068963575759703,0.0005388106623676059
2014-03-21,0.007887694867044548,-0.004215152590433258,-0.011794540302605183,-0.022630541750708,0.0009984357810099986,0.019231090328956757,0.006987179453509906,-0.005617655575438585,-0.0028547431487168096,-0.0016155615053383698
2014-03-24,0.011859850665820737,0.008465990623172326,-0.021224940102452683,-0.024319197345896493,0.01495737915655626,-0.007610303090414439,-0.011729520227727663,0.01823273853608831,0.003498769221190301,-0.004854391367989375
2014-03-25,0.010757243523358495,-0.00395038382206736,0.0006822551181253633,0.008128443567798405,-0.002292339845184732,0.022899534090119245,-0.010645617160562226,0.00643146788716531,0.002853134861285689,0.0
2014-03-26,-0.009559850224705624,-0.013634203104139875,-0.023085962937409277,-0.03185703946116103,-0.01690470149124812,-0.003388788498231432,-0.012453704331730209,-0.0038845176606883136,-0.0022127840917424146,-0.022764151235923236
2014-03-27,-0.004298442397502322,-0.010807038433704008,-0.015627522922443293,-0.014385122358351876,0.0003338609531380321,0.0023696870409226634,0.00041710959641449996,0.001886598461482869,0.016261444095936328,-0.013310952603070358
2014-03-28,-0.0011164239430206946,0.02388232236016763,0.00526788162813685,-0.0005318508680698386,0.0020025854333911575,0.0016448149261762968,-0.017055099536163687,0.001381572302746159,0.015171029620333787,0.006183095006993655
2014-03-31,-0.0002233518334356921,0.017121691756771362,-0.005035025788821645,-0.005675530941403384,0.011159276863002443,0.008107875926095964,0.017775271386366143,0.010531548776803401,-0.00020459678920992097,0.000558606989746746
2014-04-01,0.009147833071671219,0.010490098568121997,0.018286136996553903,0.019680670938510447,-0.0006588131240246042,-0.002953080905536032,-0.005373876670555888,-0.0032260041996816646,0.0005116938134088755,0.04131791983810773
2014-04-02,0.0016620205466442162,-0.0016901195843713746,0.00018510429427753827,-0.0030030217064828113,0.0031513457601157757,0.002961827421540164,-0.00018613352526042348,-0.002613930482258886,0.002250845183819905,-0.006434457030568774
2014-04-03,-0.006930752077239033,-0.008221909980018371,0.005952792643858729,-0.024388807305799176,0.002976065550092555,0.00030538604779728473,0.0016305416920183724,-0.00037413792442619886,-0.00020401005734693722,0.010793114962124983
2014-04-04,-0.012936189482236404,-0.02779824798384456,-0.04593176471633997,-0.031832632641972336,-0.01401233232891863,0.0016280832833579506,-0.033998453317355626,-0.004120219101938716,-0.005820642186451952,-0.030966300184033013
2014-04-07,-0.01570045722421398,-0.0017558247058746534,-0.008473243573761224,-0.016222915796401893,-0.013542975417447645,-0.005385101682138238,-0.02065474514774246,0.009026454155860897,-0.005957213609847911,0.0033057541394825307
2014-04-08,-5.7558690268355583e-05,0.0005026123981948238,0.031222773620244837,0.029298895093121002,-0.0025421325780579096,0.0017367868558555433,-0.004031655916484356,0.0106843866185935,0.0069229737200948716,0.035695008727433475
2014-04-09,0.013143324123802813,0.016323588848116577,0.017093901453065996,0.014492280332131902,0.007136844521391739,0.009076184193412828,0.024433849429523757,0.0017208962251622495,-0.001231444488605793,-0.0010608805669504173
2014-04-10,-0.012897641877929189,-0.027428183348091828,-0.035888169673823134,-0.04430244188452792,-0.03155057280593765,-0.02435586304595705,-0.028861916575809166,-0.004908777342183979,-0.005650889943652371,-0.024416066581525953
2014-04-11,-0.007392410536507188,-0.0038108019850362496,-0.016334594351402165,-0.016965724805402038,-0.036585378137209745,0.0034178315705801765,-0.02441094562096624,-0.004069120630997736,-0.0006201483282344267,-0.014145930474867674
2014-04-14,0.003983610154953077,-0.0007651460932189824,0.013835245345127145,0.013409016234459559,-0.00614859291212877,0.002787504589648604,0.02227552764667262,0.000618876534931978,0.011786531623998453,0.011037472634767731
2014-04-15,-0.007131247207569857,0.01454855682626377,0.006419522146476009,0.0005381342337296147,-0.0029108949409644147,0.02120628732428842,0.015123495073793292,0.00037152298955178686,0.008379865691181765,0.00709630317876786
2014-04-16,0.0020274732797513906,0.016351525745327056,0.027701932264448725,0.024044553076797426,0.008393806336765008,-0.004535893467231378,0.026023367055802105,0.0100201302406977,0.012768129992425159,0.0021681607590291474
2014-04-17,0.01142576855175581,-0.009653004898721007,-0.03646030080447682,0.0038000833698974557,-0.0007238205933141062,0.0021263376489077945,-0.006735135268352455,0.0013468717369622407,0.00480311660288768,0.003785748794723265
2014-04-21,0.011868103766782268,-0.001749681042952922,-0.007306838115064163,0.01834356131464343,-0.0034407809979873916,0.01050930952342366,0.0056744158721324656,-0.002446216871798801,0.005079086106026143,0.008082024146539135
2014-04-22,0.0009971718550578768,0.0012521266642611106,0.011365262869331483,-0.004684697481160849,0.014174257318315231,0.0018004195241552168,0.0040169707303610025,-0.003800970395306247,-0.005548636269538942,0.008551248153426894
2014-04-23,-0.013070797089071773,-0.007501989320142011,-0.014647244620005107,-0.01439326596799273,0.0043004063080160915,0.0003992200429163706,-0.0054769799266977115,-0.0030523120001745285,0.0012951011096780096,0.011658966255242653
2014-04-24,0.08198213590492642,0.00428289068095955,-0.0057115318083299504,0.03872696907977402,0.0024975707902934463,-0.0025948014579531,0.002777204114339904,0.00983126728405792,-0.00487545352232388,0.008905277731406036
2014-04-25,0.007344160007317413,0.0012546399252411078,-0.021218509406536912,-0.09882843592887003,-0.008720280889858767,-0.0017007144669176633,-0.049999944360163306,0.003203971449083687,0.003999445751680097,-0.027518411121521424
2014-04-28,0.03872788704464414,0.024053962542576635,-0.0002292486896555701,-0.023861978341739865,-0.0037698972698040345,0.015532735980020362,0.012517205468031811,0.018793353740256258,0.007569067131019347,-0.004270891346817907
2014-04-29,-0.0029625949197783497,-0.008808261854646338,0.025526690121722595,0.012812703103554313,0.010992742545053558,-0.003058778874709067,0.006205525558748093,-0.006027899684055482,0.0027672370491536036,0.0021443685646391764
2014-04-30,-0.0037814502675962425,-0.002715805305693042,-0.002703502692129378,0.012484186652458318,-0.0021394157010720116,0.0025734692672532145,-0.00029581403431455655,0.0013338313938819901,0.009463127204276445,-0.01177091428217747
2014-05-01,0.0023557335060253592,-0.009900805863715112,0.00682399072866291,0.01236311608072449,-0.004644040170355801,-0.007503326262496834,0.017175927610745934,-0.002543731617956402,-0.009764913597753444,0.00541429387500969
2014-05-02,0.0018597400650359752,-0.007749708237110409,-0.00865322710143901,0.00038978329176453386,-0.0025123623053967536,-0.012135578779278844,-0.008103343800367813,-0.005100697056312997,0.005916350080351629,-0.007539083451134521
2014-05-05,0.014140837495650649,-0.006550914820552589,0.0027347026310051703,0.006623114890180748,-0.024469518496494924,0.006947818963354946,0.013256864087281661,-0.0026853144626365344,0.008823259581621778,0.010851952378474472
2014-05-06,-0.010898864908777561,-0.00938349084087775,-0.023835782732307242,-0.040864322699897704,-0.01623036141681833,-0.004899758187226322,-0.008545441250091379,-0.006977010157122043,-0.0023322785170100113,-0.020397263662427556
2014-05-07,-0.003499316930038354,0.009216072853588608,-0.008745103916461772,-0.01570384516932133,0.01331091789107619,0.014068715857018743,0.016264303358694887,0.011833041155817181,0.0042853980299235594,0.0010959951743898522
2014-05-08,-0.0017824252252457429,0.005581104155338856,0.004189020417230571,-0.014997751269122173,0.0057354320463618436,-0.004063013955215022,0.01054155011564828,0.0008523793560881732,-0.007661507016497038,0.012588662864782663
2014-05-09,-0.0041667637668663104,-0.002522743546050532,0.012399811099257807,0.013596010974134431,-0.006438335303374232,0.0040795893838130315,-0.00042648443059556396,0.0027996561115859464,0.003148373939998006,-0.024324167660516927
2014-05-12,0.012449732156182947,0.010874908067691758,0.02242611459335886,0.036339937499481945,0.011849351055295942,-0.003864794896775603,0.00422158134536188,-0.008010895643345228,0.0027465356674201136,0.029362860812818248
2014-05-13,0.0015693753912651154,0.01839245259995792,0.005775965254290583,0.005877349532256826,-0.0005486843645343686,0.004974064543191048,0.0017003558899049143,-0.0014679201499575578,0.0012717548089189457,-0.01614631030857583
2014-05-14,0.00018472319675155724,-0.004452655067316291,-0.013166023410227656,-0.023043643496613697,-0.004760344938083638,-0.0014849712800077963,-0.008504144464575036,-0.0053918147224746305,-0.0006835764809902667,-0.009846802848040515
2014-05-15,-0.008503388803637102,-0.01590488379971622,-0.009898814692987923,-0.00816477513671443,-0.015636468236414625,-0.001784573245031007,-0.011483821734305066,-0.007884412526182105,-0.014762215575326643,-0.005525180745648117
2014-05-16,0.014758491997240775,0.0058081963028051575,-0.001549679310355656,0.008503044333725507,-0.003737560047407551,-0.0010922154986727772,0.011376187285141892,-0.002483608884968902,-0.0003970687136545248,-0.0022219451509488675
2014-05-19,0.011848994072853003,-0.0020085759886488974,0.019931822213253847,-0.003157536487251922,0.009754152142609884,0.0005968208104774053,0.002621587616801202,-0.004979585111764551,0.0012905648083330057,0.03229391538044446
2014-05-20,0.00019833693123283425,-0.0017609266656146705,0.002895159444826545,0.014927850021058786,-0.002043726031549009,-0.0038754810889843894,-0.011599150529686963,0.0037531784749018637,-0.001982824575759601,-0.011650077102595358
2014-05-21,0.0026459486460574944,0.016884954948216846,0.017228227401206775,0.012683023210012356,0.00744648802909631,0.008877913466923903,0.010484670936802498,0.003241045217594385,0.013509220912321984,0.0
2014-05-22,0.0015838015113414095,-0.006195909875992722,0.010460323840239427,-0.0003278656129941382,0.00794550521450188,0.005176962437875021,-0.0034743892677586707,0.0019877548298903314,-0.00519425783891081,0.004386080130341918
2014-05-23,0.01129582419442654,0.0004989901012442122,0.015032900731042798,0.024039937282877233,-0.0003669096093896762,0.00019801159761190235,0.012895775388607422,-0.0016121161033781917,-0.00177342238010747,0.009279684452933923
2014-05-27,0.018725633907624495,0.0017446866927079974,0.019634633346296004,-0.004547789973457506,0.011186079305854468,-0.0016835538978535736,0.01145846381287674,-0.005464473256192148,0.00039495252288568317,0.01784710025324343
2014-05-28,-0.002588914605631043,-0.004478475051100994,-0.00768881105304664,-0.0021234149406722524,0.00562234249877247,-0.005058336582270173,-0.003263633408595812,0.00024978327529412425,-0.002959765346841836,0.008501751217187437
2014-05-29,0.01822067870434929,0.008247871877497426,0.0001929490090415431,0.011671379384585068,0.004869473429179871,0.0045857143719059135,0.004069452655043326,0.0037453463456029734,0.002078042065705832,-0.0015806855792477315
2014-05-30,-0.003745567486350243,0.01487318962408457,0.001910366303733868,-0.003919978890177034,-0.0026923423038460736,0.00694763909028473,0.000745322907222068,0.004850789037748715,-0.00730727966837641,0.002638757156962823
2014-06-02,-0.006872486904532127,-0.0036637493498687945,-0.01278767901791289,-0.011870049353066903,-0.00395889918086656,0.006997644779903833,-0.006097800982357349,-0.005322945660565348,-0.005869186884515765,-0.003157976877284696
2014-06-03,0.01414185408918911,-0.012257703468827597,-0.017418397379234007,-0.005342601715119022,0.004516664482593136,0.002838151287294366,-0.01030352160438286,-0.005350499775100159,0.004502887553209378,-0.004223842597391059
2014-06-04,0.011419003225072277,0.0007441643763870243,-0.00135275387541689,-0.0013346907905279481,0.0014389775942245109,0.002147379847393438,0.0005205866387216762,-0.0008758152083412352,-0.003486330706267693,0.0010600739850368246
2014-06-05,0.003923256419940957,0.022073630472178918,0.020171319618358385,0.05472974035798206,0.017061582473739234,0.005259133613984446,0.0037364203830836384,0.0031303569049982993,0.005098048553184409,0.004237599492203037
2014-06-06,-0.0027497527442728043,0.006552158978410549,0.0019471851821271091,0.018852200132677854,0.006004004525951734,-0.00038745501505332847,0.0036754644430596617,-0.0009986256386290693,0.010442722634881108,0.0036921788380310794
2014-06-09,0.01600157880030406,-0.005062889430875406,0.008303529826273026,-0.006582311407839381,0.007899069637248513,0.00038760519462988086,-0.001971860777675305,0.0007494841410400355,-0.0007875422945967658,0.0010508016663595132
2014-06-10,0.005869873922918822,-0.0038768744126950194,-0.00425783219476239,0.014992400890088353,0.008359470026223281,0.008525347446967757,0.007855590488046849,0.0007494567789896323,-0.0005912305954094421,0.005249151654918238
2014-06-11,-0.004138444648937645,-0.006081476011851161,-0.0014076939579746872,0.008393228817907605,-0.010880778217746245,-0.007492677943962134,-0.007327805222929973,-0.0011230431528279627,0.004829401853412074,0.013055009859214817
2014-06-12,-0.01672703361664829,-0.006852470094175334,-0.014096919167522759,-0.027714822249562898,-0.00401621574294897,-0.0076460376755140835,-0.004278585894359588,-0.0037470850774796727,-0.00284430918080969,0.006185146673601372
2014-06-13,-0.010943150950626479,0.016017610274529526,0.0015191175979989424,0.00110457790598395,0.0,0.0,-0.002266588386356627,-0.0015049807584832653,0.009738161748631624,0.0010248743936072113
2014-06-16,0.01007851756399214,0.006548759771831669,-0.014366011841927318,0.00413774299740477,-0.002980469516325357,-0.0007804355362525106,-0.00496970584250811,0.0006284455687808332,0.002630332001656299,-0.003070512399138803
2014-06-17,-0.0013015133619553865,0.0043369963048554006,-0.003041747941722739,-0.0061046565107525375,0.009671374380636033,-0.005075601372077632,0.002711522457237603,-0.0013806655045187632,-0.004858355766746425,0.006673460388728181
2014-06-18,0.0010858976914871477,-0.0007194565154715615,0.018234109326094705,0.02690250731818078,0.006269144837676599,0.008633450655521013,0.0020869900446562895,0.002639069363480351,0.003027318275145907,-0.0010199145267490994
2014-06-19,-0.003471329863828143,-0.003361301741883649,0.007722854757228559,-0.022070667159047597,-0.0083072988302485,0.009726449355991429,-0.004402310465907444,0.005640014754734635,-0.0009736759383783822,-0.022970897540857016
2014-06-20,-0.010342012749248508,0.004095040915867987,0.0027081141112110796,-0.008562770258754293,0.004363140297901857,0.014063933385082272,-0.003946344688457337,-0.0038635204328901773,0.011693171789535661,-0.010971648470259887
2014-06-23,-0.0008798603094958279,0.007437987828211146,0.013715202922083947,0.009376954708880447,0.011120754507095265,-0.00493923306191002,-9.587545991873725e-05,-0.00512943085520523,0.005296211007293383,-0.011622001161047169
2014-06-24,-0.0060551568400276645,-0.005715759346238913,-0.003047107804154403,-0.009412011563928013,-0.013232275131892846,-0.0015277911225545227,-0.008019970021175382,-0.006413925144724164,-0.015807154663990297,-0.015499637808805367
2014-06-25,0.0008859036472577131,0.006706719900901659,0.02338689766676172,0.010118432603799077,0.0019154906680474149,0.011186770526758538,0.00611203733485155,0.003923600673873651,-0.005743311491749781,0.010314839127924191
2014-06-26,0.005976410163979651,-0.007375829411243151,-0.001979730309775496,-0.005344467378244899,-0.002433319428128966,-0.0010402880482618393,-0.0004784561623778494,-0.008824767223506225,-0.0010774457680503557,-0.01343355239092836
2014-06-27,0.011881139790050677,0.012703991467320153,0.0015732500760134993,-0.0034388378789398377,0.0024392549145026976,-0.006246519927394445,0.0015315382068854522,0.005087757182284047,-0.008036337321041032,0.0010893531223714614
2014-06-30,0.01032842472416573,-0.013017791257902367,-0.0017414913955423605,0.0006470070546686912,0.0015643811882497527,-0.0035242700578614894,0.006832881020217618,-0.005441839189440967,-0.005237084007025383,0.008705137052489764
2014-07-01,0.006348690403557455,0.004076272934765868,0.011664578514753332,0.0234311767104034,0.006116669623672744,0.01194789517010264,0.016800192690608284,0.00877995402197529,0.006754440264154837,0.011326987505064778
2014-07-02,-0.00042765229310270936,0.0007171701425012778,-0.0012003171783488975,0.001383959701627413,-0.01042202340585252,-9.466481535447269e-05,0.00275413012902348,0.003532051011487347,0.002072077568881392,-0.0037335976086243505
2014-07-03,0.005883409540809792,-0.002387333055883012,0.0038932114584346866,0.013940234460910528,0.0014044274692783798,-0.004156319243989737,0.007773185433203489,0.0052791269596674795,0.010041700521926433,0.009100713465584498
2014-07-07,0.02063155775450154,0.00454587279592511,-0.003911726399520088,-0.011674449633088724,-0.006661057079365373,0.00995997941113469,0.001062329956231567,0.002625334474335661,0.0005850031152381252,-0.007957601690577132
2014-07-08,-0.006459890461347428,-0.005000964225447269,-0.020922190145407527,-0.029200990460340304,-0.01605768879179903,-0.007044097554399276,-0.00682848812008785,0.004613785295067618,0.0017536158952382586,-0.008021365982603834
2014-07-09,0.0004190795523941748,-0.002633216859516896,0.008575339259197845,0.019023536002007457,0.004662570668695798,0.0030268442249246075,0.004180921357018974,0.01377878343249539,0.007001817717304126,0.030188658831802773
2014-07-10,-0.003668807366727367,0.00047986191162441294,-0.005691111565142792,-0.006212741183028947,-0.008210843848338145,-0.0022633075948756964,-0.0028680550938949834,-0.0007343683607405893,-0.009464158752706675,-0.005232802679716042
2014-07-11,0.001893977535906588,0.00959525543420714,0.011395685320563453,0.05574527705530308,0.004319171924480614,-0.006616372136839854,0.006773705560852772,-0.005514299398135192,-0.008091700092813459,0.0021042107573272517
2014-07-14,0.01291710485080122,0.001187629190632089,0.01297194674979707,0.026343229104973,0.008781632552458118,0.0026640750195767726,0.018570955777565512,0.0019711483111273242,0.009239144602765759,0.012598622420330496
2014-07-15,-0.01171577366925347,0.007356251517610435,-0.002019331598067775,-0.0024766758841938685,0.03517458869172274,-0.01992762548044913,0.003393450217922256,-0.0007375949815406901,-0.0028240870669384854,0.004146878828789724
2014-07-16,-0.0056649691930164,0.03839791209168286,-0.004114258555786843,0.004119171296738777,0.007551619829395673,-0.010263186839732819,0.0040130646700868855,0.004019343844633427,0.013477540634418084,-0.0010324221213552365
2014-07-17,-0.017830839578620417,0.01020912246382788,-0.01659272443930182,-0.009693768452485929,-0.014478222389756157,-0.018098655526369356,-0.021511965072330885,-0.006671826913425494,-0.014069567557896456,-0.002584014503982268
2014-07-18,0.014394443643818589,0.0035933582669369635,0.041820238413365685,0.017619583375950265,0.006394695236440429,0.01424755798383548,0.010648307421287972,0.001865839368828226,0.004105490924408484,-0.0445596477228577
2014-07-21,-0.00518860267135135,0.0033560112782351492,-0.011022710107850386,0.003066988426043471,0.00017183318036861905,-0.005206458833120431,-0.004450617474890506,-0.0033523614298571758,0.003407039857514782,0.0059653474371372806
2014-07-22,0.008302998842805165,-0.0002230195795357437,0.008572165555413402,0.0030019426580283337,0.007383165894222277,0.011849463619109546,0.009305689583911647,-0.00224191859983891,0.004462786727828183,-0.004312443368540753
2014-07-23,0.02607703752200541,0.0008922773134534268,0.002684025584386518,-0.007482553500273381,0.005624587873031661,-0.0027321405093136963,-0.00027104963181534547,-0.001373503965788947,0.006856678614875378,-0.021115700865714904
2014-07-24,-0.0016465514486458943,-0.010474506134466433,-0.003602167799780398,0.0013123606994782655,0.0028817135924894544,9.765824869867323e-05,0.00696193100945508,0.0033759648170923473,0.0002878137638764322,0.0016593704687835054
2014-07-25,0.006595902583675484,0.0022518862853810884,-0.008175710311981721,-0.09648361949147444,-0.002704418077735471,-0.0008805005182134229,-0.0357813528095311,-0.0087217311843516,-0.010548467386685356,-0.01766949825797759
2014-07-28,0.013822512585517144,-0.011909633911269424,0.0015716991454461926,-0.01111078668871901,0.0030505217455372158,0.0,-0.0025609654502493084,-0.0037708105456317753,0.011533319079702897,-0.0039350028263288594
2014-07-29,-0.006463781412287872,-0.0018195612618233659,-0.008463770253783975,-0.0012796219138705434,-0.009291985649150014,-0.00146924468803733,-0.003361114753828831,-0.007696354043794096,-0.007856879573552189,0.003385810050329452
2014-07-30,-0.0023379013362658796,-0.007063147061056263,0.0025087485136743304,0.007843732833862305,0.00460429687496533,0.003334848021644854,0.0026228869372946217,-0.006230055300354476,-0.0028973512445998884,0.01687291279107872
2014-07-31,-0.02598096292997565,-0.009637742055899845,-0.02668616695119319,-0.029518454637735614,-0.021049132273732507,-0.021603167284209857,-0.014248444493975887,-0.01074721428954295,-0.041743116417930826,-0.032079173575506825
2014-08-01,0.005544269980639616,-0.006950491680977056,-0.010266667330720125,-0.01894630550607601,-0.020634668795871725,-0.0018983622555051038,0.0037915689690166676,0.03013399463149069,-0.0014149823347952006,0.01085688621320946
2014-08-04,-0.005617778727051492,0.011899014438797595,0.015115047423183592,0.021461616952879847,0.0030100109131494523,0.002602632622942469,0.0016522662660107823,-0.005398290004421602,0.013461729668585276,-0.0022613653961459645
2014-08-05,-0.004916489128550805,-0.006686781691527921,-0.01568002009292979,-0.004240376889416919,-0.01041483353422179,-0.003394884967903411,-0.007635684047712754,0.002398167257991357,-0.019275478422146053,0.0005663384192213794
2014-08-06,-0.0016820184001291594,-0.007891816229256388,0.0023554863244275026,0.00502688224412462,0.0030324684544607017,0.008916457007508427,0.0007124419636757029,0.021156158318015983,0.007943166181317851,-0.0011320357231210387
2014-08-07,-0.00010554376891847017,0.011464359822087822,-0.004665067162751724,-0.007773407297958612,-0.005691082192092356,-0.0077454151112602565,-0.007831518815688665,-0.01171516923389826,-0.007172760919568422,-0.010204347924710588
2014-08-08,0.002751666223647753,-0.0006939761898043795,0.01072035246956382,0.017177711977806265,0.00769094684916527,0.011508600348089315,0.006793043323463088,0.010107214959366395,0.014958447194414193,0.08820198945114743
2014-08-11,0.013194250397166263,0.0,-0.0011937653578177887,0.004829541554792538,-0.0003546392333270143,0.0007912107856744566,0.0005700755188242645,0.0065474518787342895,-0.003230719091149137,-0.0052634928498414
2014-08-12,-0.00020869075232110568,0.007407553356900687,-0.008887103912179284,0.003109949513651067,0.0005320548940523917,-0.005239293462564021,-0.0013297864996848485,-0.0007362348745449943,-0.002430924459336792,0.0
2014-08-13,0.013233611131582723,0.012867166599189073,0.021743833328781603,0.021796290955850894,0.006566517669862604,0.011030692532185027,0.007289596229929751,0.0007367773156996549,0.006092342435830567,0.005820292351258027
2014-08-14,0.002673475675956327,0.004310534436465119,0.00015385927044908598,0.021239451650685526,0.004583839343663909,0.0027520563463527825,0.005155303356774166,0.005768106060517475,0.0,-0.011047073484265368
2014-08-15,0.004923197567453075,0.011746336544201874,-0.0016077367261335684,0.0012604609096842356,-0.004036756579492762,-0.008331955340761033,-0.010963747252938472,-0.0020745101026079515,-0.0006055702510937566,0.012766294740078177
2014-08-18,0.012043243856471264,0.007144490389901614,0.015401541677199315,0.002697603794230785,0.008458405184326612,0.015122898539287721,0.019649022163782615,0.008070822370901842,0.004948024845819798,0.013655357276027624
2014-08-19,0.013816057528521997,0.011153049909928603,0.007440368840018197,0.0017936022144013908,0.005766111284497777,0.0025318824181896904,0.0031724273242972334,0.003032222884141955,-0.000301414163003888,0.008066670297550038
2014-08-20,0.0003979295949652073,-0.00838289173590867,-0.0028469313713647137,0.0019395048417616412,0.001390122513047487,0.0024283540183380747,0.005581717540181996,0.0014510516340557889,0.0021104725511216227,-0.006195166672684049
2014-08-21,9.959346584209605e-05,0.006006843111603155,-0.005021869441865778,-0.008547226051095258,0.014920219665883083,0.009495059238426418,-0.00208140096177456,0.00567572318577958,-0.004212619101442772,-0.009350711460971217
2014-08-22,0.0073569605414178785,-0.0015482124583237056,0.00020261881735694764,-0.003965034634897835,-0.00017139694577961162,-0.0037683735211997416,0.0015758155656362405,0.0013208665975041889,-0.007856594918945081,0.0005246092901751709
2014-08-25,0.0021717619510348563,0.0004430323248285628,-0.0033247695133897803,0.00732832798366112,0.014532865487891344,0.0012610464302178492,-0.00032396731198980344,0.0017987479289915953,0.0025382392906287965,0.0015721517855606937
2014-08-26,-0.006401416489453249,-0.003542188353569675,-0.004148483652980595,0.02338178013264769,0.0067405323412645934,0.002034195071472178,0.0032867778117473545,-0.0019150501818306909,0.009012690288114245,0.017791538253075112
2014-08-27,0.012290681595768627,-0.003110671234451856,-0.008705703407721477,0.003949394188152322,-0.002511125146750448,-0.0021269149294176337,0.0018454908992786567,-0.0008396646327812896,-0.0011040422478914014,-0.011310910253984563
2014-08-28,0.0011745775542868486,0.00022289852360724005,-0.004596905813765262,-0.009208050725090344,-0.00721590410420625,-0.0026157058819923362,-0.011651712624893062,-0.0033612900835672255,0.00040171980726988465,0.008320402989038023
2014-08-29,0.002445118187767381,0.01225487256341573,0.0035152789327113076,-0.002882170928779293,0.0049020040330522985,0.0075765855675198335,-0.009692542782704927,0.0009641093912557963,-0.00110456793785485,0.003094162908881648
2014-09-02,0.00780520887791325,-0.0074840363194267345,0.010766560327168051,0.009851334367718234,0.003700645439975059,-0.0035670048342182348,0.010398945078430533,-0.001564506759557438,-0.00975286006352094,0.002571029150679527
2014-09-03,-0.04220745127732173,-0.0028831413329143407,0.0015120015367156014,-0.009871997393732124,0.0005028842146053147,0.0038698328217936506,0.0007916505117815387,-0.0009638592407622548,0.006295259974312684,0.009230637205614789
2014-09-04,-0.008287731995466618,0.006673368743264074,0.0061405852063483035,0.020501465001223185,0.00016751467327114078,0.0007711862537778114,-0.0029782234529445173,0.009650066582734151,-0.007567471980705176,0.01778464628881471
2014-09-05,0.008663056772935773,0.014361049722873664,0.007822856077278173,0.0012429329689513935,0.0033496449213792356,0.005585268572328106,-0.00023317163258540496,0.0008364545150139069,0.009150210337190545,-0.0029956718377668334
2014-09-08,-0.00616370476566197,0.012197875975961114,0.006440407416270499,-0.011663471416312299,-0.0003340291839050158,-0.0035433342425796877,0.007282720320983538,-0.005372333734709467,-0.015011022952642228,-0.009013393206667941
2014-09-09,-0.0037616802195117316,0.006240226223531931,-0.016056356047400522,-0.0367763814599078,-0.01385856362161908,-0.0024025814828931846,-0.006905541224031642,-0.003960252865028657,-0.0038866332870650666,-0.012632897746053251
2014-09-10,0.03071726598442792,0.0017112098124711927,0.0024493969962444684,0.004791537630211673,0.0027088367679939385,0.011464180126322887,0.012133152756375498,0.007832120858811242,-0.005955686437242758,0.003582401857508577
2014-09-11,0.004257429502046994,0.0034156074176083795,-0.003892623464914813,-0.0024447313299676976,0.009118408156645996,-0.004190728729588367,-0.008898364725077768,-0.001793371518800213,0.0022723104035971,-0.010198742671538197
2014-09-12,0.0022674724770130883,-0.0063829451401649084,-0.010505684499764523,0.00202714953851868,0.004518269070866943,0.0002870600471924778,-0.004233756035246672,-0.002754882529400371,-0.012882311659223156,-0.014940612838116762
2014-09-15,-0.0002948956484114529,-0.00985028092184037,-0.005573548375125914,-0.022041714836545268,-0.001499170465385391,0.0013385904899272383,0.002803259174193551,0.007326542300560623,0.005324906000883756,-0.013598292199342166
2014-09-16,-0.007576615841291656,0.01124574760263819,0.012275586368087898,0.011948533092313252,0.0008343938866846035,0.011077070936454492,0.012392686074922166,0.002503645036803226,0.011839049085399456,0.01484612630060056
2014-09-17,0.007138610320197136,-0.005132758789648695,0.007659853782531201,-0.011471791538951392,0.005334120105970674,0.0029279642899506797,-0.008145422502539468,0.0009520693775069144,-0.003592444885586632,0.0005223643858929261
2014-09-18,0.002067173420731594,0.003439687757953447,0.006708401111750861,0.003086372512705715,0.016746729505306757,0.010923729428755413,0.004222133407906448,0.0003561429491760748,-0.004841356870918023,0.015143788452579354
2014-09-19,-0.008154001738198136,0.01799485960827174,0.013612007118804392,0.01944615290715146,-0.0034247015515684875,0.005961696183066412,-0.0008778632445499701,0.003325651984506628,0.005278900510524265,-0.018518447141056438
2014-09-22,0.0009906298744233322,-0.009680019617056335,-0.013429208635261314,-0.020584305419870552,-0.0032729062654300867,-0.0010183086584555356,-0.010959277407988965,0.00402499146026547,-0.005971474093835805,-0.009958357613217061
2014-09-23,0.015634200600830983,-0.010624836712884056,-0.01019629548966261,-0.0026811031892631787,0.0004926465497088195,-0.003893419427136502,-0.0066394043894292265,-0.0043625821028523415,-0.005283178278124967,-0.004234816569181787
2014-09-24,-0.008670971929704119,0.011168454740584366,0.012246554130892928,0.014151969773800843,0.011322636116208207,0.01098078830631466,0.009178462587615455,0.009474324403761614,-0.002186969088198043,0.005848009901330498
2014-09-25,-0.038132697950020944,-0.022090292206622175,-0.02200781370734617,-0.01913404126628282,-0.0240142572954688,-0.014175003681270781,-0.017256775514518985,-0.010675898652219074,-0.016384804901033,-0.021670393105035157
2014-09-26,0.029426710790943833,0.008036677676729331,0.0045278748776727,0.003975968343926439,0.006816285186617588,0.0,0.005837082629627011,0.002964832087070768,0.012520124348290862,0.002161045997268074
2014-09-29,-0.006352369217444198,0.0006460190731574222,-0.00015305063698023424,-0.00430060773613683,-0.0037978654729081684,-0.005228573600380315,-0.0047657256428507155,-0.0016555033259290086,-0.010478857159226918,-0.0016172726305740959
2014-09-30,0.006392979785440955,-0.001722417048957925,0.0010207120078420395,0.001926551369922258,-0.001491715407831884,0.0004688699827595233,0.011568292031611804,-0.008289609933514352,-0.004024037545081294,-0.003779704068719747
2014-10-01,-0.015582977173092982,-0.009922132593545463,-0.014921668451581827,-0.015444709071358309,-0.007802005725023209,-0.021484106602942643,-0.015747420819747115,-0.0071652345063558665,-0.01265332448570855,-0.009756094919541991
2014-10-02,0.007259704285671242,-0.003050158100682765,0.0021567480358839486,0.002992481335819308,-0.008927521945700456,-0.004314300605777532,-0.0013806799084663535,-0.00108236643356463,0.004738608603364058,-0.0043786630692623785
2014-10-03,-0.0028029858653982886,0.007211697433735287,0.009244524030872947,0.013598777130793271,0.02481340405095178,0.012325135734191361,0.010823835398005688,0.00891025672134016,0.006645177021979531,0.002199063021063985
2014-10-06,0.0,0.0,0.002609840126613694,-0.0016730818214429899,-0.001990354061022215,-0.002567983452400502,-0.0009432211969859772,-0.002625590204007433,0.006388319640469264,-0.006033999690363889
2014-10-07,-0.00873326774706995,-0.012150335572050697,-0.023274010070011064,-0.016201156011877438,-0.015121157153878406,-0.023555618130072342,-0.01765917136915285,-0.004906283306846393,-0.012166538957198658,-0.010485952945812893
2014-10-08,0.02075954635897448,0.02745434550405701,0.016791451493060494,0.0180453184543532,0.01906546464126313,0.024611951012774025,0.02071625796635823,0.012265507250443175,0.013280523193922145,0.018404743037965687
2014-10-09,0.0021822778256954667,-0.019880573062865947,-0.022150335013482625,-0.02271458913039448,-0.021854298610063383,-0.026975387797020245,-0.021896775789421397,-0.00617709840796743,-0.029489573643152633,-0.019167002466728422
2014-10-10,-0.0028703749963470138,-0.03969452514449323,-0.02736455684134831,-0.01262011950669606,-0.009478659676873447,-0.008326897433449942,-0.013143589607266581,0.01231156036907799,-0.0023960036334312873,-0.059184996869234285
2014-10-13,-0.009133605231892994,-0.008630298198562203,-0.018804379908740065,-0.01586433354216432,-0.0061521519375365985,-0.020843752744291844,-0.0034149416153054224,-0.015585756413006857,-0.008296859173686943,-0.0035605825238114175
2014-10-14,-0.010620033798704354,0.0018328199965780279,0.007232609250542366,0.006069470185922521,-0.0029227580488168092,-0.02128714419735256,-0.007636327095418283,0.002158696403589122,-0.0031926973960899607,0.02322797380141206
2014-10-15,-0.012253097726982354,-0.011662308502573104,-0.014507240118068365,-0.007589739452744215,-0.04242120861057119,0.01236985960664816,-0.012184675272858159,-0.0071812762412742925,-0.003644137823790472,0.01513347363052664
2014-10-16,-0.013122844300041181,-0.011106117564461782,-0.007045886838916493,-0.010164422091506808,-0.008103591978719349,-0.014560795611338495,0.013733181605416256,-0.00855940515506537,0.004211537524932973,0.0005736410950152315
2014-10-17,0.014647780214767758,0.020823649194999128,-0.02598175600200925,0.0025754812172820163,0.020334222377847988,0.019838988550674674,0.014777988741894621,0.012524202872934875,0.0067334022564407014,-0.0017192925680744597
2014-10-20,0.021398679942756127,0.010314051842000849,0.01799335749432185,0.008463969396992344,0.007650977772541978,0.005065624907848232,0.008981010262838707,0.010928278958143522,0.006139693527181356,0.008610837996396281
2014-10-21,0.027164973498444045,0.018148481549712603,0.010612969794678184,0.02978350306956612,0.02295617412722817,0.011693884788382292,0.02626883341237729,0.005108355934522635,0.020485739285207805,0.042686551315102905
2014-10-22,0.005074554966868705,-0.011140829890733506,0.008661196537667282,-0.00748422458867648,-0.00828578767383814,0.008569007032909193,-0.01120477008044063,0.0031441780996854796,-0.0055525860483219835,-0.023471613339142938
2014-10-23,0.01786602732220821,0.014421176091421462,0.02019557833682173,0.0006709878855299944,0.010618101128889501,0.013929955681723172,0.015930738530784083,-0.011872315300483272,0.010522720020920806,0.022358485620385338
2014-10-24,0.0037203584644782683,0.024655475145629602,-0.008579429583044251,-0.08340255932342533,0.011711608657801742,0.0048720591272504166,-0.0037337242016611816,0.023188886169254408,0.004038053444153977,0.010388561377922212
2014-10-27,-0.001045550044231014,-0.00476884459461957,0.0017855072008536865,0.010137266514070653,-0.001702339867781122,0.00911474709820781,-0.0003277728201922514,0.00927673778004201,-0.008254869577089985,0.000541020190000463
2014-10-28,0.015507681816160135,0.012633475695584817,0.01647632152115608,0.01938132495381306,0.016882584216862728,0.006918278187233895,0.015463129744794912,0.006049946485034319,0.014833115791536233,0.023796676679516127
2014-10-29,0.0056211100305443296,0.002796122694295855,-0.0008767862005667482,-0.00497308295459864,-0.005701585603513748,0.007348048618001757,-0.009459760344066592,0.0008095827033889336,-0.005363046023749152,-0.006339098004869537
2014-10-30,-0.003353829991587398,-0.012226446978478855,0.0032590985407314754,0.01682982867000704,0.0016864603797237532,0.014020669968805466,0.10244111375501275,0.0046218712503396375,-0.001479977317000225,-0.006379604916088688
2014-10-31,0.009534481899179603,0.019543671891691483,0.013564932068869329,0.021366233583022698,0.018353180145877834,0.006913404422632219,0.020198805630357475,0.00379552264889238,0.02392811566972952,0.04547856636523262
2014-11-03,0.012962931493866181,0.010436709887039708,-0.007220139538174575,0.0008512072600386222,0.006613969677099929,-0.002969297301528284,0.00045534428938864835,0.0012606516927016198,-0.014993069209931154,0.016888666762746363
2014-11-04,-0.0073126080390338855,0.0027406071843727453,0.0007451023090663256,-0.009518525494504049,-0.01034799939331299,0.010794728138224574,0.0059205572360232495,0.014419645669571102,-0.007768546761651063,0.013085083556564348
2014-11-05,0.0023942183552647656,0.006096118949441731,-0.014604932772438572,-0.020772091649231883,0.014937502538518332,0.001841313994908722,0.02699913179883362,0.004061267886938946,0.005818902955859961,0.0
2014-11-06,0.0028599173317447324,0.01755100300964796,-0.007662710061877465,0.0004046651179054894,0.0013084020233091742,0.0017458685584634814,0.0022439495958246347,-0.0011233828974740456,0.012517506060320427,0.00447093732542192
2014-11-07,0.002851920123716045,-0.00041055166068149074,0.00023571498479735276,0.010854925443075647,0.003919484313764654,-0.007430323485922541,0.009357089764081117,0.002587432400161349,0.010672371393207758,-0.021266072614505083
2014-11-10,-0.001651252055169361,0.004313863891015179,0.011616078348009706,0.017508157722325945,0.007483219203760827,0.005730073975485972,-0.008794512753738215,0.0035899582726395263,-0.0032093147627967333,0.011621915070387567
2014-11-11,0.007994291726424851,-0.00040914114962553594,0.0054816100191348305,0.022614812405499007,-0.00904245664958614,0.0008270005704889005,-0.0019185648702694236,0.002459620649140737,0.0013501872678460813,-0.011987925991492787
2014-11-12,0.014129217992335574,-0.0018415185182991678,-0.005416071630840236,-0.0016025494076099545,-0.013198561253671914,-0.001469148226143635,0.010832499943230767,-0.00211858438325474,-0.010683643395117737,-0.0065722159612853215
2014-11-13,0.0141125044250483,0.017015327500635502,-0.00324234181846772,0.015954597374066237,-0.0054490549871792915,0.0029425226277033367,-0.00408811752822269,-0.009835062065074895,-0.007548403003794557,-0.005089211828035345
2014-11-14,0.01205451935030788,-0.0006045311386877472,-0.0022463551454354747,0.035831671906631835,0.0008298978780576505,-0.008342804380772395,-0.008289471150155103,-0.00553072166437707,0.004542317949687513,0.012276318247946616
2014-11-17,-0.0016642052734735513,-0.002420590870145456,-0.015400122583764109,-0.014550703691873168,0.0016588494807612264,0.0012939915192466955,0.003857756614038088,-0.003064393048889835,0.00021023041409784504,-0.0045478760024478815
2014-11-18,0.012983686815655648,-0.008342040106764093,-0.0038966083307735433,0.00581952402308672,0.0024844539164452506,0.004893714724610865,-0.0002801074796514591,0.0012530106795884954,-0.0025232120260401114,0.02385779220746298
2014-11-19,-0.0069281478709555255,-0.010668919220526374,0.004940367008789082,0.004954891759594071,0.0011565784327716155,-0.000643012912776797,0.0005204778959915224,0.008868464071108972,0.007799828695351119,-0.003734140074181269
2014-11-20,0.014301897032414912,0.009954393176996312,-0.0062867643102694215,0.012249694803184497,-0.0079208915257164,-0.005332994619688947,0.007244152670396575,-0.0029304651532177095,0.00219651604944171,0.01649189844888399
2014-11-21,0.0013756816712782172,-0.014784235231894649,0.003917317895641315,0.006322975385312901,0.0054891075912000264,0.003535789930095179,0.01013236950937002,0.001469420037721214,0.010331847214123169,0.005408129869950429
2014-11-24,0.018545411836692782,-0.008128270762602696,0.002912635801450403,0.009049054003717583,0.008436621560483859,-0.009086140575824686,0.0015733055717723765,-0.00553072166437707,-0.011258860464522291,0.006357040948854253
2014-11-25,-0.008682373178126812,-0.0025217779394021145,0.003196394248529133,-0.0017875569081948761,-0.010826600550506882,-0.001684203716011523,0.010368363472619935,0.007831419140400309,-0.009820456567652847,-0.00048612333888720105
2014-11-26,0.011904935546174888,0.00589870890697286,-0.0027310970887638453,-0.004387630334629633,0.000663078773104786,0.004780108245429071,0.0,0.000901062143892517,-0.0031652086996557527,0.01701545826062878
2014-11-28,-0.0005884502087389887,0.001256287438565984,0.002464831187168892,0.015199208356219573,-0.0029829083373472676,0.009700608633447905,0.0036151868468388138,0.017439194572630656,-0.04170206793238895,0.0023896268793790476
2014-12-01,-0.03245564166372894,0.01694231450160255,-0.0171741771318622,-0.03732577362974365,-0.0026593493910076482,-0.0020328059632845896,-0.00015479602306900375,-0.0038705364116051744,0.019991493971520002,-0.018597739061644858
2014-12-02,-0.003824246032961831,-0.00329138634024706,-0.0019641622753759913,0.000950983010086448,0.01799981197179723,0.004443497884448089,0.007204802996853443,0.010990357920713345,0.019924033607942038,0.001457826186947786
2014-12-03,0.011340824954612305,-0.007840908468995766,-0.0030080628259755438,-0.030063463720746086,0.007531254246760266,-0.007280407398474353,0.006114957743059701,-0.011749369739813775,0.008068707601505132,0.025715265596294445
2014-12-04,-0.003795135121992921,0.01580696377387314,0.010447568858731993,0.0013586469334925244,-0.0026001357229904487,-0.0014853956198336293,-0.0017579308695646612,0.006444370350610296,-0.006108347378605661,-0.008987851135914049
2014-12-05,-0.004242849073750055,-0.008599405819741501,-0.0267241058290677,-0.013567674073467928,0.02150545717837682,0.008832315556229098,0.008462788774652896,-0.002208039835353337,-0.005827808742336904,0.005727726484232365
2014-12-08,-0.02260896965423298,-0.014869815310974421,0.005018209209577629,-0.019160058901277144,-0.00047860409014643945,9.240271982635662e-05,-0.000949225694512057,0.004204815728661382,-0.02259683520530109,-0.012813901031663466
2014-12-09,0.015302774052929902,-0.0023062827994821955,0.010136843618129276,0.019110372128923636,-0.0035101754136327434,-0.004331230730092672,0.003952732017789895,-0.0005512049446783074,-0.003489658406772289,-0.003365676189127864
2014-12-10,-0.019015298268384884,-0.014498947999782907,-0.015052678776403483,-0.021312011718749968,-0.028342874411024677,-0.016751587545463575,-0.009161500071582007,-0.007827064062526423,-0.029656315418642,-0.02218985785948613
2014-12-11,-0.0029475244859654692,0.0057568547391928515,0.007707613156576976,0.004969932940954047,0.007580643934788522,0.004517969364433938,0.005348831871244908,0.004555640291769691,0.005977127617234013,-0.00049343528010104
2014-12-12,-0.016932536580762658,-0.004664012779673321,-0.01992059650190925,-0.000130131119048138,-0.01799143701012751,-0.02145781047454598,-0.024095434512836245,-0.009512352798529133,-0.029148066486719193,-0.031095631362376253
2014-12-15,-0.013669987432343489,-0.005963657573384573,-0.010872476941407916,-0.004067421533662907,-0.014656864624534305,-0.004500563285239623,-0.0003114209709670357,-0.003908220120792727,0.0034644007155635315,-0.0030567567742209034
2014-12-16,-0.013674598053530884,-0.03235494146822271,-0.03427404704205195,-0.0359721573342312,-0.012339546589165251,-0.011542888125644968,-0.012816463622313368,0.0017940428432157152,-0.005638783420443549,-0.011241647606618388
2014-12-17,0.024918422695592746,0.012843120762781712,0.016641137832758446,0.012946518090075854,0.0229334613911667,0.012747826397261353,0.02237462648601496,0.014994844473174007,0.030204943367703407,0.04082705904392592
2014-12-18,0.029613313484347703,0.038915751560845147,0.016132033870652318,-0.003847690351960753,0.02860969195460994,0.02632875521893774,0.0196077880272143,0.01433338791394867,0.024039631540170525,0.003972221371504325
2014-12-19,-0.007723124450467522,0.0029465347119079777,0.010532098543481139,0.007288450902766419,0.007319414456963047,-0.011797051786630597,-0.00942612639388074,0.0005434324359605558,0.027204577295564247,0.009890832632422963
2014-12-22,0.010377904167979901,0.006713856572239774,0.023574975811676113,0.02214069898508564,0.00016149037956014745,0.011274314928608087,0.009706824540413939,0.005974853087083565,-0.0033100230539553355,0.017630142868478638
2014-12-23,-0.003542091403832437,0.009796009531434668,0.012154768033038055,-0.0008155418241605483,0.008718068006354551,-0.023046662431575715,0.003974398387666334,0.007451459124729665,0.013499983898870527,-0.006255907720618459
2014-12-24,-0.004709374018672996,-0.006398600743308558,-0.0034152187708669235,-0.010643514862019088,0.0,0.0029728429306290494,0.008934775267099404,-0.0016083181696741056,-0.008563204569278615,-0.0038742982181660945
2014-12-26,0.017676668375297133,-0.005400805727492908,0.008548777791197226,0.019998050039216286,0.0011203987165617768,0.004493979978138052,-0.0037740870673655946,0.003436078553596955,-0.006077905639129133,0.0009721754452338693
2014-12-29,-0.0007017268984773617,-0.008981091751585124,-0.007774510345996077,0.009544148063913793,0.006554730633145711,0.0025695209697282895,-0.004463407851744483,-0.008773519341913949,-0.0015018263245222263,-0.0014569978476003387
2014-12-30,-0.01220265575239754,-0.009061630130921983,-0.0037780432705462053,-0.0055762012478940415,0.0030179561349310546,0.00028527900644914617,-0.003315116507297544,-0.002590682111079823,-0.0005375822885744785,-0.00924139958302117
2014-12-31,-0.01901880170311321,-0.012122647290570887,-0.008630992673441362,0.00016110733664143062,-0.009026133843359152,-0.007498072827625268,-0.008882997710047191,-0.014177887239183895,-0.006127430897110098,-0.015709059963053384
2015-01-02,-0.0095123220851705,0.006673815674249184,-0.002091790308664465,-0.00589658661108261,0.0049854366362154234,-0.0004784194264537689,0.010755210833375495,-0.00713577806672927,0.0041105853773597545,0.0039898657199832765
2015-01-05,-0.02817179014583371,-0.00919601489358346,-0.019053804757967696,-0.020517290123176934,-0.031045049710511474,-0.0069840568475944,-0.022074034136505216,-0.0047543666457880995,-0.02736247685220583,-0.016890206399682528
2015-01-06,9.459244366993858e-05,-0.014677482702466937,-0.024679560815303758,-0.022833334564125174,-0.02592883747917707,-0.0049138258411234315,-0.006443453011904188,-0.004554899803196344,-0.0053158206506599415,-0.0303180485080482
2015-01-07,0.01402171948579034,0.012705757609058344,-0.0029409327229356075,0.010599740338593344,0.0015256122406734907,0.022075531952017835,0.01339812982242039,0.005245328225368162,0.010132467260952849,-0.002605767656196578
2015-01-08,0.03842219262005919,0.029417970547316985,0.003484126509477603,0.0068360190164746815,0.02234664885732429,0.00786321437174542,0.013412330693781227,0.011435756546696041,0.0166446206983466,0.0376174866285075
2015-01-09,0.0010727309256501893,-0.008405233789633204,-0.012211397795566348,-0.011748610100441481,-0.01738685077611457,-0.013629434773355986,-0.014823362373570292,-0.00933042796089767,-0.0014095436972655362,0.004028225127015395
2015-01-12,-0.024640754738063375,-0.012502870787919451,-0.007309366195710876,-0.018590241168821242,-0.00859462640087405,-0.0034299801329720214,-0.0019571773831831285,-0.0036571343801536926,-0.01921822221621161,-0.012537293476043376
2015-01-13,0.008878852376613233,-0.005149837933528523,0.009536061960400577,0.0114272047823194,0.00016987657503597653,0.0017209427857152182,0.0029226519400311624,0.004226210228938765,-0.0036533072226667684,-0.0015239733705705305
2015-01-14,-0.003810779683693366,-0.008628333750430373,0.008230378821066697,-0.00498748937494764,-0.0345000120819513,-0.0072545863971654745,-0.02001716242710383,-0.0034328295579318935,-0.002889007086705031,0.004069330553566619
2015-01-15,-0.027140261844131652,-0.010443489861468147,-0.0037949710035277695,-0.02155010661563239,-0.03203699839779639,-0.01451949542924924,-0.00950839171535467,-0.0014447173952887304,-0.008691718578102248,-0.007092183390834839
2015-01-16,-0.007770304019448893,0.0167105144292381,0.012797535894591316,0.013207865973644317,0.017094354982629456,0.015123818114683552,0.007189994026317592,0.01546873017916317,0.024280772047901023,0.01836753391263657
2015-01-20,0.025757540886563568,0.003243523743196697,-0.0010188639870105654,-0.0044713201976834815,-0.00393355101555104,-0.026432305421533964,0.007413375974666625,-0.0006573635327609129,-0.00032969687473471954,0.003005969386187912
2015-01-21,0.007634270463050985,-0.010131378659550827,0.02049262664526741,0.0269831443733215,0.0032309686229587964,0.006021896168062035,0.0017128659798837376,0.002031907316216719,0.008563516968661977,0.01398567126345962
2015-01-22,0.026015200068988165,0.026350548448082822,0.032494907671760886,0.043969695198313286,0.0304166749236936,0.018253459795184668,0.001243842058753275,0.009809609872157399,0.010884932448584461,0.0172417130662752
2015-01-23,0.00516048476486386,0.0010606940970050438,0.008654269786675162,0.006670557333399607,-0.015801192663685293,-0.015034529819803577,0.002678804946033564,-0.0168087864935631,-0.021320397346415443,0.002905287063607931
2015-01-26,0.0010622286874681919,-0.0036031675632981486,-0.009650245614533426,-0.008739099022464614,0.001587610458124944,0.0005869040937200865,-0.006814089889166652,-0.005550636944929077,0.009571702270704696,-0.0043456665108666526
2015-01-27,-0.03501353146456099,-0.09253345804869728,-0.028935123937608442,-0.009397415550576937,-0.010040047487483661,-0.00166255135600335,-0.021595947737388488,-0.03449468689234336,-0.008826901269124554,-0.04801157437282366
2015-01-28,0.05653290104256525,-0.03445867579492479,-0.01680763298206378,-0.009258304692531527,-0.02580085070622684,-0.005974811559806614,-0.018447044612282082,-0.01549298106271113,-0.03298525541558872,-0.01630143579892196
2015-01-29,0.03113354885185804,0.019907748545925363,0.001561324397231223,0.02589578261385017,0.016803554443529434,0.008868603635776573,0.006657174746386607,0.006106927943748897,-0.004207116001583411,0.024339655618992095
2015-01-30,-0.014634098954825259,-0.03832441562290845,0.04738610085194206,0.13711590504758542,-0.023172424208158016,-0.021879285950096583,0.027862567453781573,-0.016108319109005675,-0.001827052389676509,-0.029322680569026316
2015-02-02,0.012546747096588984,0.021782439527746833,-0.009952678669933768,0.02803710563321249,0.020044481823137117,0.006890072196406027,0.001686946401731726,0.009847144772519467,0.024708298702978748,0.02187521353405142
2015-02-03,0.0001689333158079176,0.007751949802455194,0.0020669361018597066,-0.0025241873816378435,0.02253446752804833,0.01616594675081906,0.017427613249185958,0.009751062652006315,0.029805976012688973,0.02497433182405695
2015-02-04,0.007669439465688432,0.005769563666077282,-0.013500861353294535,0.0033007545975995978,-0.005994116687009221,-0.010735845637784291,0.019631665553244693,-0.0018617420341248136,-0.008563714144745438,0.0024864966412507794
2015-02-05,0.007137407329091738,0.014578601648935985,0.0070899583685042344,0.02505830029005307,0.00691692101898056,0.010852354844198109,0.026085859652375865,0.01060751711566743,0.009840250326591304,0.016369186500716726
2015-02-06,-0.008420781971068103,-0.0009420221178236821,0.007643948253444721,0.0010431267192867466,0.01972892062343523,-0.013273427744149191,-0.01611465578197757,-0.012572234006659522,-0.0018541362703943243,-0.004392688029752123
2015-02-09,0.006642536489805506,-0.0011788499355406268,-0.008616069320701802,-0.009939126696499656,-0.001209156808897438,-0.013056213212137013,-0.007329026563010377,-0.006541183103013881,0.0006554466161887706,-0.0009804597493049405
2015-02-10,0.01921156480435715,0.00566573109748969,0.020556089991790705,0.006584614713103232,0.011069053398544915,0.005712863682254543,-0.0034280791024201562,0.0039978974926278,-0.006006597866676233,0.027968391182456864
2015-02-11,0.02343859117819469,-0.005164248010528394,-0.003998713549072885,0.005737284350710414,-0.0015397990559588015,0.0002987053040917065,0.007270597158096415,0.002927260806245835,-0.004505578483298023,-0.006682327778814612
2015-02-12,0.012652166386228458,0.0167531701228274,0.014888560945792495,0.005411289527123442,0.020558726863864285,-0.019326860221255626,0.018496859897951134,0.004553867211497087,0.019536619901698193,0.07160046869151215
2015-02-13,0.004902938905060772,0.018101596147255927,0.009431949467147982,0.012355161199459674,0.0016784411502679397,0.011987298438274063,-0.0047245846026019445,-0.001511418703616596,0.010826172582338867,0.0004479036525337765
2015-02-17,0.005901492303974409,0.00045904390785711513,-0.011158384003060018,-0.01676137056164162,0.007206178994165313,0.008230788096829755,0.004599114229236756,-0.004772528224516459,-0.003427131350027701,0.003138046627567004
2015-02-18,0.006962532837843094,-0.0011470832080844318,-0.004330250616882192,-0.005486974164552572,-0.012146227880738047,-0.004778761154258793,-0.006461072469847284,0.009006660389569543,-0.02192355011348812,-0.01161775915417651
2015-02-19,-0.002097535850607568,-0.0006893479187034535,0.007002731093494807,0.015078868098447495,-0.0023581156593387442,0.007402859286139707,-7.390502099902108e-05,-0.012172393720543795,-0.017250884828844737,0.0027119900317500445
2015-02-20,0.008174370711615309,0.008275931841380313,-0.008509430237567672,0.012295503549077491,0.009623661352184953,0.002600453086864851,0.0144921637699158,-0.003990023805962584,0.005366269042240246,0.007213983290793591
2015-02-23,0.027027084366629373,0.006612033485745794,-0.012550745383192896,-0.009174820930662242,-0.007525184666593243,-0.0007979124145582883,3.721396754574613e-05,0.006127444038539709,-0.010119642409980867,-0.008056629644193292
2015-02-24,-0.0062405194082857385,-0.0013591325895309092,0.006822460152860366,-0.004077413046397305,0.024768427179659325,0.005190520388666853,-0.0019783177105028305,0.0012876300251749573,0.004605848770117493,0.010645431920021764
2015-02-25,-0.02557361424802762,-0.0022680339524802084,0.016114282946203096,0.01790849120006932,0.005261319009973953,0.005064427657269555,0.0019822392094372976,-0.00046767141865733386,0.0020129736585621227,-0.007620512450338901
2015-02-26,0.012656509762140278,0.0015912530293213933,0.021851635152999593,-0.0014790774682414964,0.007196882631563595,0.015709979602582358,0.0027104072036783222,-0.003393427144959049,-0.010602310989956343,0.002710226345696398
2015-02-27,-0.01502815338890029,-0.004766884014264172,0.005971681990043276,-0.012058230442414719,-0.004871971361953498,-0.0028210042301399785,-0.008913094089103346,-0.00046979016693660114,-0.0012412666956302942,-0.006306433895106767
2015-03-02,0.00490386592820391,0.0006846232159947174,0.022021601063191953,0.014467673309540796,0.007996116899548822,0.0069260547237490755,0.025726570878201516,0.003289217449837123,-0.005646651607910225,0.02447903242019045
2015-03-03,0.0020915909040271075,-0.01367343335054405,0.006556384093368006,-0.0027226923140073467,0.003237574107012975,-0.008525443934420784,-0.010744148591564917,-0.0029266990253840053,-0.00477053614267775,-0.018584114162267795
2015-03-04,-0.006338599471039097,-0.005083387793537231,-0.0007947191074889615,-0.004914047560482082,0.002582299362014817,-0.006742263435956852,-0.005629966048589452,-0.009511526700422879,-0.005021958036470098,0.011271402595667501
2015-03-05,-0.01657087284480574,0.001161350255214133,0.005360169249029267,0.013351839346541716,-0.002092341102923556,0.008558860641851185,0.001388048924108265,0.0033195079870027566,-0.005047093744580788,0.019170444241471518
2015-03-06,0.0015031955130169194,-0.01739745791183911,-0.014670562825091271,-0.019957250762314804,-0.017903325002920578,-0.023507115969250703,-0.01747353816308861,-0.02327761165755804,-0.01279703528778453,-0.013560880139845355
2015-03-09,0.004265185023728968,0.011567705172297549,0.002094552872748512,-0.004025359322132216,0.01001815237026471,0.005493462781368752,0.007722775920758096,0.005201523639306593,-0.005488462614198442,0.0026610594708336155
2015-03-10,-0.020685526553475886,-0.01913681426415559,-0.024821463669435384,-0.02390635046947598,-0.025040880831350365,-0.011225922082432338,-0.022916826938526702,-0.018654624613901216,-0.010568201145957357,0.017249008257634424
2015-03-11,-0.018231683380100394,-0.0011895983103923369,-0.00743067022108812,-0.008497717902359425,0.00466939435337399,-0.012157034468433858,-0.001696536594915976,-0.0018394524515992217,-0.0028486678247910957,-0.005217450316537198
2015-03-12,0.01807915667874327,-0.02286808608906654,0.009861663288673217,0.02148098169857482,0.018758637085077856,0.01535777921835213,0.0182434292088669,0.008600358629702987,0.0023804031869205655,-0.009177857536166067
2015-03-13,-0.006910306750286255,0.00877606460175917,-0.014558920731960745,-0.009779850663734435,-0.006028899736500559,-0.006210589111234732,-0.016878211128751097,-0.0031668399286514104,-0.004155557465664317,0.001322830108898554
2015-03-16,0.011004074373821116,0.0043502351905559955,0.01562403003991597,0.007474781080550219,0.013934538922091066,0.018647318281956204,0.01505504502981636,0.02114140576497414,0.010611509287765664,0.011894326930601551
2015-03-17,0.01672684565621485,0.0033685864652546194,-0.007175517135806664,-0.0038301257588269078,-0.00388054636986801,-0.011577237935182394,-0.016801647687285648,-0.008496705703601615,-0.008022696129780793,0.012190382628453955
2015-03-18,0.011256104578039938,0.019184624556739305,0.015333356109334506,0.008657737808293042,0.0022722126660617015,0.01571759777877557,0.01198475197095683,0.0108625778943916,0.02366795516202913,-0.016344315646119267
2015-03-19,-0.007550439460450864,-0.004941122205738835,-0.004398175826292761,-0.005064739217841785,-0.00890648553089235,0.0022667765821726693,-0.001606082079286364,-0.004417601171621155,-0.019286310816070795,0.015303870671259157
2015-03-20,-0.012548874578323765,0.013951104589536856,0.00227093393685851,0.014065954686622861,0.008986523875764929,0.006982006454373302,0.008980563109655337,0.016310689566070957,0.0015396973184302887,0.010766566059212668
2015-03-23,0.010405143187672605,-0.00046632362734833066,0.000743409689789587,-0.00893015522852103,-0.009878381227212962,0.005664250408882188,-0.004895524407045326,0.0014160286326008187,0.010527340449145495,-0.03238180533378432
2015-03-24,-0.004087812478022812,0.0009331865117112592,0.021525780039455267,-0.002719233981241853,-0.01112181921986266,-0.00990510341310269,0.0002979174223882719,-0.011077288796173645,-0.010651580083971268,-0.013650553085011508
2015-03-25,-0.0261267430721851,-0.0335667228456451,-0.018249863711756742,-0.008366963084348034,-0.01405907890726621,-0.015888711061912808,-0.020417298683282015,-0.010843327280446236,0.004022920085623438,-0.06071397522734523
2015-03-26,0.006970234839121847,-0.006029552428889695,-0.005926046592920287,-0.009731508909358144,-0.0011740082438971289,-0.0019933468006597677,-0.002129699156118714,-0.010359880431200619,-0.00636371299264471,-0.0033275330931044067
2015-03-27,-0.007968387669416432,-0.005823734604929909,-0.010804665996659635,0.008738237108327551,0.00016785079344971976,0.0019973281683740574,-0.0007625629747246565,0.0019471600888603113,-0.008776330029514612,0.0195515812474103
2015-03-30,0.025314224782865047,-0.00024424954110613406,0.006438847172876683,0.010875428556369249,0.023677350104984285,0.01205900157215578,0.0018310185045158356,0.004981444571311,0.024527472980321763,0.004210256979568117
2015-03-31,-0.015351417294572123,-0.007323827939624494,-0.01147664254932812,-0.006647282408785982,-0.0062335583718468035,-0.009354656273628636,-0.0038076185580977473,-0.009429674944661737,-0.007356951829983194,-0.025151591313557486
2015-04-01,-0.0014464534497360404,0.0014756821997687908,-0.00939235308781361,-0.004944856555692212,-0.0038218450793872094,-0.014413374598914563,-0.0035162062375456715,0.004637626924753002,-0.006353015629247727,0.003822307336000863
2015-04-02,0.008611481450104819,-0.01056008421672916,-0.014886665070732108,0.005374533903473866,0.00950778505279759,0.004941702849120988,0.0016879256167170453,0.001336412462857206,-0.001894153996008674,0.002379344408481643
2015-04-06,0.01619829725912969,0.03127269979894276,0.004877075972626432,0.012867699427462576,-0.0008261315994659846,-0.004817473553807683,-0.0013787431545152495,0.007400080497397488,0.009845441941375377,0.02896528617296168
2015-04-07,-0.010522096828073924,-0.0004808209276127018,0.0016730587032269817,-0.0069752992676864745,0.006284129906207969,0.00947971327927899,0.009202770110509295,-0.007827373151920058,0.00728297468749961,0.008768008436788488
2015-04-08,-0.003253657682070865,-0.0026486890413272013,0.007304607265052887,0.018135119400701116,0.0032868574731033107,0.0005995208822020537,0.010638293866157333,0.004611978522676363,-0.01970830562925352,0.007319158871354814
2015-04-09,0.007643127057562538,0.0014484979350122273,-0.0014939987613818984,0.006138540562031336,0.006879511192669829,0.011681471195365,-0.0009026651818284659,0.001449731478011973,0.007018766146758226,0.023161050361268032
2015-04-10,0.004266805311608168,0.005785934103772483,0.000948822837479435,-0.0023205063798260595,0.0037418903993335917,0.00720405362267007,-0.001504930978361796,0.005549521738384966,0.010750377965964564,0.010208309781898794
2015-04-13,-0.001966945081917859,0.000958685788459368,0.00018220391810697123,-0.0007578551960236712,0.005996620991159274,-0.014795296878983732,-0.01100378060418683,0.0009599085970908305,-0.0025709679527208262,-0.009227116339999064
2015-04-14,-0.004335766865032453,-0.0026339944754948386,-0.016148870169722662,0.007192214809078834,0.01562771815527797,-0.0002985223505804768,-0.0012192504347947608,0.0020375442790545595,0.015115091250389678,-0.008425186763085901
2015-04-15,0.003800621189368858,0.014645895702807499,0.0023340821047621585,-0.004310466084251341,0.01855967866582664,0.000796159307627109,0.002289027089436013,-0.001076613111664959,0.016738296912367723,0.012075184862417654
2015-04-16,-0.004811531911063871,-0.002366247450928949,0.00458388552478195,0.006754436369916572,-0.006229960780313126,-0.008052269736246731,-0.0004568730629188611,-0.0001199542334238135,-0.003973863237627717,-0.006186929551596276
2015-04-17,-0.011254716628048889,-0.012808085581751616,-0.019833714524881363,-0.027147454491968093,-0.015201176091203417,-0.0021042168058548194,-0.017212599381184468,-0.011616367249930093,-0.009119024537160736,-0.012894520052058822
2015-04-20,0.022845695768700658,0.030994115672558165,0.022130777398910118,0.03714454326424965,0.006365376728604932,0.006326379539934868,0.0030998135746460598,0.004119780989185751,0.003566404409614643,-0.004954704452593606
2015-04-21,-0.005407651307150596,-0.006291904029870454,-0.002956591542492948,0.004287433338775237,-0.014705787151675254,0.0008985021676080063,0.009734034240802991,0.002534204733021017,-0.004126478312212467,-0.001358460211371093
2015-04-22,0.013474444504654626,0.008208477620389454,0.011530257889039941,-0.0035278001987215646,0.010110553638759567,0.0012960259595222734,0.04070394255556553,0.00012007185693674316,0.006675483209031663,0.011333280547267899
2015-04-23,0.008163231248719205,0.008141024150223775,0.015076850627439908,0.0004874552925402398,-0.0022244724327706855,0.0002983610962823402,-0.0042636781368113885,-0.017918871860032493,0.0009147669675453329,-0.004034637178607969
2015-04-24,0.004704296848023981,0.10452224914944463,0.02906054420993809,0.1413112565602248,-0.003184716230473339,0.006172575475011266,-0.003544515651468072,0.000617515632725496,-0.006511336347872043,-0.008550312629481804
2015-04-27,0.018191517755641984,0.0033426423825793083,-0.013143652835124309,-0.014693312812301018,-0.004153145821573445,-0.0049468807323113095,-0.005631103077461175,-0.004937972314639216,0.00046017258275199424,0.007716356748679987
2015-04-28,-0.015755507945617753,0.023526939852045903,-0.0030912180569772074,-0.02109173792187191,0.006737399759691787,0.0015905406690055468,-0.004917958627107533,-0.0022332367996364955,0.009079474489522621,0.00495537406757518
2015-04-29,-0.014706051589878255,-0.0020340348330848412,-0.0052802714457624855,0.00013977123367614475,0.013384051190789226,-0.003474402193889614,0.00853702662532485,-0.007088121160576888,0.0007973912982564002,-0.007620512450338901
2015-04-30,-0.02712995064084145,-0.008561122581417613,-0.0224798476796777,-0.017677035330704638,-0.005345964528994274,-0.011853697545250785,-0.01915635218427114,-0.0042577062672171095,-0.00569054412420289,0.002710226345696398
2015-05-01,0.03036384614023091,0.0004111927756338396,0.004355211993460895,0.0025842226123322654,0.005532848186799999,0.00937530841900358,-0.0042394479307532595,0.00981000474963678,0.016939422404913307,0.024774861492931066
2015-05-04,-0.001938858574249136,-0.008631590804148104,0.003048178665416623,0.0004020646112508075,0.01745009119453611,0.0021972376692946938,-0.002888942066878286,0.0007474587081843787,0.0029264818013827743,-0.006153861232917612
2015-05-05,-0.022532982931450563,-0.013266908118694909,-0.017726775084401236,-0.004373141299976568,-0.004944284484624917,-0.008470668056810071,0.005794246623565202,-0.0034850837332350837,-0.005611082770217712,-0.0256520537575754
2015-05-06,-0.006280056804904399,-0.0277306434510729,-0.01465824939257343,-0.004962122471174668,-0.007453675170425389,-0.0033166209156040294,-0.004396441047850419,0.00412157446967476,-0.00473991941137486,0.0031772109034420293
2015-05-07,0.006185406709326768,0.009074705793455262,0.013007430135473008,0.018563585797238602,0.009074106631901335,0.004941337420776959,0.013857451106155327,-0.002487733322518615,-0.006690003032351344,0.017646837246407365
2015-05-08,0.018840842849634498,0.022484269441164217,0.012748179470510657,0.0159529554029465,0.015348378843848653,0.018161595343181736,0.04340605999780789,0.009476497398345662,0.01586768652360182,-0.07381038360891456
2015-05-11,-0.01018656703418741,-0.007958279951909342,-0.005774712326504616,-0.0019368589267426684,-0.0006102808331106546,-0.004336647904671254,-0.006477555942204338,-0.008522814040376803,-0.01676844671514166,-0.00960146603937917
2015-05-12,-0.003562272696137514,-0.0004224996318203944,-0.012917281785396528,-0.004227761531053753,-0.0013751823066548985,-0.005542511122095917,-0.004781389457691132,-0.003986664963471331,0.0027649760515187083,0.00969454791192259
2015-05-13,0.0011121718318725105,0.005913724438879386,0.0014108084255888276,-0.00962834448674832,0.0024479350866961624,0.0007961410768615451,0.0011668652826735126,-0.0031269107151773445,-0.005285970388135053,0.005761224557277567
2015-05-14,0.02333149387309108,0.022884885682400213,0.017998294491424094,0.012673656212196072,0.008089271680465027,0.01272988290473731,0.01966519947597911,0.010916075954570559,0.0047364037341268705,0.016228762782125594
2015-05-15,-0.001395913599359755,-0.008621234594140992,-0.004934336845869969,-0.014527670894737499,-0.0025738324605520946,0.00461567871729196,-0.006143183503372063,0.0059574733657628,0.004369761149042084,0.0004700294271704486
2015-05-18,0.011027217232308484,-0.006003760147153092,0.000329436782116721,-0.0017840426372131013,0.008196617528130945,0.010948115976578743,0.006181155475722289,-0.0038248583042924666,-0.005724390943267932,-0.0014082626294067424
2015-05-19,-0.0009210670192005832,-0.0025157078342823436,0.004774415401807008,-0.008301120322916078,0.008882957654380741,0.005221770573076823,0.002285583707854144,0.0011143935903075164,0.001612065939902596,-0.006234936682084635
2015-05-20,-7.730291700180913e-05,0.0,0.005880333424651107,0.005098293739187243,-0.007909249255560358,-0.003463063524692722,-0.005416646737114061,-0.00432960567816465,0.0016094012425720283,0.0
2015-05-21,0.010226270508550517,-0.003362923180105115,0.007782652175678528,0.01833144395456987,0.0025571076994272968,-0.004181204824504237,-0.005875542712271087,-0.0008699441821242715,0.0009182601448634031,-0.007129123139655413
2015-05-22,0.008752241697171259,-0.010965771568183902,-0.004112689474838005,-0.009267143800650524,-0.0027005387256884283,-0.010446981342774442,0.0036042833491594095,-0.005720740595377749,-0.007912063315531959,-0.001436605545115599
2015-05-26,-0.02203098086727051,-0.006609768103559621,-0.01321866143554784,-0.005051086238223035,-0.011132816830622061,-0.005229106276242179,-0.015513320251308471,-0.010131239994579655,-0.013523004915418135,-0.006231606504846665
2015-05-27,0.018670084554059274,0.021893262291491578,0.012902352776184678,0.013984473491185145,0.011258151772152836,0.0030746190611423696,0.013860909470833516,0.003159110942377197,-0.0028114464758824953,0.053545398447711445
2015-05-28,-0.0019692701390929823,-0.0033608969793749166,-0.00012630514740341603,-0.011241871375144208,-0.004062315996679056,0.00019763259640726005,0.0010073708936733095,-0.0007556056971049774,0.0,0.013736306546366928
2015-05-29,-0.011382692895737123,-0.01243378645629234,-0.015987640393335667,0.006235760391197553,-0.006344323507546434,-0.00998526472939898,-0.012651355103125539,-0.011849867093973399,0.0010572379949447264,-0.0004521292682022615
2015-06-01,0.0019958742394470264,0.00789571531060318,0.0071334446327036005,0.003937253149593589,0.0045606602116374795,-0.0009987575097631929,0.006261496973907876,0.0058686867938742004,-0.0008218573532283724,0.011297534886758331
2015-06-02,-0.004442997685658923,-0.00656330246165604,0.008630638925852807,0.00016244244026974997,-0.0009081768676579838,-0.0005993580209642246,-0.0010129693603164736,-0.003932035203118245,0.00011765831295029727,-0.01966062211565167
2015-06-03,0.0012309202428155697,-0.0014924584583625444,0.002418882806423772,0.01299337307083337,0.010300321929630707,0.001100050229566163,-0.0013040254246143856,0.0002550345395573306,-0.0022317342450087763,-0.010939003237593337
2015-06-04,-0.005840832868992951,-0.010458470432489708,-0.006483142014929721,-0.013307709211358931,-0.005547405829747776,-0.008592180599669375,-0.010732525557305195,-0.00521875876169009,-0.00859339668557546,0.01797239605618972
2015-06-05,-0.005488429149567486,-0.00474601374924466,-0.0039152824021080335,-0.008890835879903913,0.016433006088167224,-0.006449812458610649,0.0023457460860865087,-0.009213192865004105,0.0007127085568847669,0.007695668958963564
2015-06-08,-0.006607189532970903,-0.008885850925419603,-0.011009397518016661,-0.008080600144492966,-0.007861227415043803,-0.006390163293114259,-0.010091847120853203,0.0036163108634805763,0.006763303555757494,-0.022910804550940633
2015-06-09,-0.002973498890172954,-0.0017493881262898858,-0.0024287306557670973,0.00467536880062136,0.004335869616359567,0.002552090686735342,0.0039892265907506275,0.01531314070610712,-0.003182439622110178,0.005057271026163823
2015-06-10,0.011458352345257383,0.021029931892299514,0.019256244657490873,0.012433000950446749,0.01607585339602946,0.006822011290683827,0.024723753604341647,0.008111841909455242,0.007448341935257785,-0.017840963819538036
2015-06-11,-0.0022500129530319546,-0.003647833591580052,-0.004632505020978894,0.0051071621147611435,0.003808848508739082,0.0036409473336525,0.000144111431648275,-0.0016346661317276912,-0.0014080688667303942,0.01071280764259308
2015-06-12,-0.011042917862800428,-0.010120240280030668,-0.004672326662369053,-0.007044374874504933,-0.003940555728743078,-0.008967920504692306,-0.004451537288758245,-0.006800240019991244,-0.012575069316260068,-0.027188787950592652
2015-06-15,-0.001965887151623158,-0.010659059708773566,-0.008165008946284358,-0.014537588192468642,-0.0038093324295629394,-0.00874461102213353,-0.010962216326317553,-0.009509316507688381,-0.0035704284768280914,-0.0018948890333355672
2015-06-16,0.005357624518574244,0.007695447377894515,0.0034438967524133,0.008473603388360784,0.005589151700191364,0.00892410075090444,0.006416737736955724,0.012545029410665931,0.011466849949349989,0.012339810816175856
2015-06-17,-0.0023509809680163363,0.003054942815615691,0.0031751180030312742,0.0012871901942481667,-0.003364327692463309,0.003761531899092674,-0.0037671776670524793,0.012389011676772865,0.0005909135178652214,0.011720559713032985
2015-06-18,0.004556012443366342,0.01631488730934727,0.017526550301305788,0.02706811420855071,0.00939233095948433,0.016509955080987293,0.010909159378762467,0.009240956480489837,0.008851700769015425,0.016682119210595703
2015-06-19,-0.010009272748169318,-0.013270562247898132,0.002409184364084105,-0.010173162897968213,-0.010176941175209953,-0.004982222228168687,-0.011654753364329973,-0.003464688806586347,-0.003159412119417282,-0.0031904957756617724
2015-06-22,0.007977969916306726,0.0028201319152607596,0.003874340114130348,0.0031500284137579992,0.012925841723665954,0.0023032832854328333,0.005822872421002767,-0.0011174183972727514,-0.0004690460732532653,-0.00411534049410478
2015-06-23,-0.004545346430238073,-0.0069219649436492725,0.006628745292662552,0.022232858191701288,0.011456080473369878,-0.003096941385972607,0.0047767948007029215,-0.00820382614110493,-0.0011742397791184578,-0.02571181211348772
2015-06-24,0.008502007260396738,-0.005881131898142544,-0.008555431124899315,-0.011547330678381318,-0.01046600693771882,-0.00451036397191118,-0.008067389680250003,-0.003509024737874067,-0.004584452843609643,-0.009896020312235465
2015-06-25,-0.00476119541643838,0.00021900754215731233,-0.0011098343254641874,-0.0016786433370519216,-0.005360938787101199,-0.0021138393147284162,-0.003485016256125073,-0.0015092565758998422,-0.008856499141039698,0.007615632188441301
2015-06-26,-0.005882730837083905,-0.008542726796816447,-0.008764313408200164,-0.004544352553277231,0.004369921593072146,0.005246398688994347,0.001894714391496466,-0.0006299108330428682,-0.000834293253897056,-0.020311970866472184
2015-06-29,-0.01751471054770104,-0.019664621405994676,-0.021353925036534438,-0.018808520575811283,-0.025380620993434078,-0.01967098813545809,-0.02952718061157833,-0.012856006830088473,-0.01240155280912747,-0.029893742292508185
2015-06-30,0.007226954025628229,-0.004958075041957111,-0.0022355209489074435,0.009840420953164841,0.008333598597940695,-0.002252750483140109,0.006444692826352405,-0.0010214148303052673,0.004587985754124224,-0.000497276714389816
2015-07-01,0.009328175204951439,0.006794672660037859,0.0060365314661869895,0.007602064395435759,0.011140342761768007,0.010363326896703828,0.010424321128004621,0.018915826206585606,-0.0099759715932074,0.014420718881273498
2015-07-02,-0.001263792017640264,-0.001124752894063663,0.0074361574042494105,0.0007316467345479527,-0.008079779607609083,-0.0003044046152019808,0.005747920518907712,0.0026346488478734553,0.009348445199096389,0.0009804798022430283
2015-07-06,-0.0034799779717930024,-0.00022512397549367957,-0.003142437674376719,-0.0038153073323397013,-0.0028140160604709363,-0.002438286832264769,-0.0017581580023526833,0.0015009367965068687,-0.007337497749357658,-0.012243116945353627
2015-07-07,-0.0024605667059490743,-0.0020273712096303687,0.00808244790930468,0.0015595081486619033,-0.007871516718685578,0.007331898354346222,-0.005138576092678981,0.020862274627027944,0.004119831750562186,-0.018839836174593283
2015-07-08,-0.02482281661114505,-0.0013545934703030893,-0.015144651796224817,-0.016074364583272494,-0.02050903837862128,-0.01162522854401149,-0.015345582351524834,-0.008932756394035901,-0.010860294401801918,-0.007074103121250008
2015-07-09,-0.02039645421723324,0.006329075224276615,0.005445834398124738,0.0109145436816116,0.010392771659352151,0.006443545657346839,0.0047954184416523216,-0.004074817966757793,-0.004514038034666212,-0.012213890200931887
2015-07-10,0.026734706796794683,0.002021750275740697,0.02104106631754732,0.020995017858973064,0.014218894438044138,0.011483649760019032,0.020432303365311322,0.00359527725736819,0.0075985024420315295,0.017516913714644256
2015-07-13,0.01930559181242386,0.02084721308502968,0.028087899764975166,0.027192113362501047,0.015510922614633493,0.007434940765804088,0.016077403687058123,0.011859463611179955,0.0024321475569126783,0.0065820859301108925
2015-07-14,-0.0003979020058805238,0.0017570761411673796,0.02177616757544576,0.021950523902293684,0.013951619213967481,-0.004886362079481565,0.008342625847445273,0.00158673561929068,0.008372038289134354,0.0005030941437322856
2015-07-15,0.009632748445025596,0.0030684206479454357,-0.0003766964433412623,-0.00940781692992465,0.002172944495543394,0.0064139485368619464,-0.0011410445644888245,0.0013407627644166364,-0.004211596985817412,-0.007038598437652421
2015-07-16,0.01332598023765641,0.01966761518112836,0.030515803981556733,0.030985079263800452,0.005347504775778056,0.006871212517058911,0.007855247158613965,0.0018260541158943155,0.001812762039344884,0.02227859772550178
2015-07-17,0.008637552014528316,-0.0008570701923188428,0.16258433393141547,0.01583659347889599,-0.00503166673366684,-0.010186987196493469,0.004392754834577461,-0.0007291406778552334,-0.0036185223138531786,-0.0059437611883345065
2015-07-20,0.018901149467139167,0.006435442867478214,-0.009691003679976218,0.01053813998417441,0.000722853915410937,0.002897544378872352,0.02567683941639709,-0.0006075773384683902,-0.010289418081700141,-0.018435434844662146
2015-07-21,-0.009994375529721822,0.007672395208216942,0.0036228909472164617,-0.00020491981047010555,-0.002310433972379178,-0.0002990538331888448,-0.009353316866263395,-0.006813683096217882,-0.001222990703196536,0.004568404226346745
2015-07-22,-0.04229471527928863,-0.036802174361009965,-0.00035942052600035357,0.0005532874522173881,0.014182395432296602,-0.0015941269915779044,-0.0006945841327767877,-0.001692515331672917,0.0015918645933532538,-0.019201591003388918
2015-07-23,-0.000479119387169602,0.01251639225254464,-0.02930524290426284,-0.01247263120517228,-0.006278661756468407,0.00019919739533946768,-0.0030563697320641348,-0.0016078547994395898,-0.007947269592538886,0.012364913901670826
2015-07-24,-0.005273044516136194,-0.003687005836196411,-0.02958217066192903,0.09797177370770194,-0.01048222330191717,-0.010478458906813759,0.042508496344164426,-0.005080646769564101,-0.01478893204252818,-0.01170497026520767
2015-07-27,-0.013895630451222774,-0.01284266633306086,0.005345388984845156,0.003758783055256787,-0.0130605597420691,-0.008774790076343852,-0.01256706709056965,-0.00398544812564694,-0.008506543339326322,-0.005664040202214893
2015-07-28,0.004968705498516801,-0.0002206036149070556,0.002111609784708035,-0.010123976048688199,0.0005880379358478294,0.007529290939658928,0.011914762411950441,0.0032513186782239245,0.04062593124373537,0.021750030555598654
2015-07-29,-0.0031610310941789788,0.020952773856537377,0.0026829859671222422,0.005646082569271016,0.013078657682579209,0.00717041491396242,0.016992236841960162,0.004860852357417622,0.008002074365346834,0.012164244265349566
2015-07-30,-0.005041292536296815,0.012746136713500889,0.0047321772693504904,0.014669133071491647,0.0014501896294039085,0.0011028078307642186,0.004867530322809177,-0.04006437964910725,-0.0015637470704963352,0.0025038872585720906
2015-07-31,-0.008743886807731971,-0.0038398498908434053,-0.01062339753445729,-0.0011363926292679016,-0.007387142313246775,0.0037057720451536547,-0.013616005164349132,-0.008915841156577842,-0.045777637763428025,-0.0034966622153836946
2015-08-03,-0.02357783175467365,0.0023555410290123646,0.010980961782970589,-0.0020890296168917244,0.0,-0.0018959325372079894,0.005707326543785252,-0.00391161689885533,-0.014518164975905967,0.0170427117921641
2015-08-04,-0.0320837807210439,0.01559495704698488,-0.005175403868508677,-0.005850134291208509,-0.0010210729939212904,-0.002199117915680282,-0.006599033160353818,-0.006413256023132474,-0.011401646992262093,0.003942695633086135
2015-08-05,0.0066293795144505285,0.0008413915384741788,0.018161880571449407,0.009607099080793713,0.003943797323395559,0.007214038556496716,-0.0038522772658131643,-0.0018446892741011967,0.0,0.010309445599435474
2015-08-06,0.002176174240934081,-0.020176607058242646,-0.004663567300887017,-0.014059348338240296,-0.006983644909762665,-0.014425130057678759,-0.018671788736819295,-0.0003955557690882294,0.01192110480028985,-0.006316928137924838
2015-08-07,0.0033874364550705582,0.002574557632860186,-0.008595101616741485,-0.01291878742396313,-0.002930446699064504,-0.0022205186221524453,0.008562041604348147,-0.0034328330142313623,-0.016134664128644283,0.12371639834261994
2015-08-10,0.036357727257622985,0.012622367869266737,-0.001881309625055283,0.002640551175642436,0.012343631323090687,0.00950925037264283,0.0022909159997466233,0.011923637818198385,0.02498995833194062,0.03481310091187817
2015-08-11,-0.05203825183620059,-0.019437872031791814,0.04095658134848357,0.006602993255993894,-0.009580090227374938,-0.007816245668222033,-0.013713302225741408,-0.002094734056557468,-0.006792995815261604,-0.005046397089226495
2015-08-12,0.015419715378406806,0.007111066350364625,0.0016948441947572945,-0.0029385884057527845,-0.014510028345837256,-0.003029947068773464,0.004095988397303296,0.002230272066073402,0.01677646171383196,0.002535683488496865
2015-08-13,-0.0007806858469189271,-0.00021423271859233317,-0.007173090092408629,0.00713049766745022,0.004610503736946603,-0.0023300122784227772,0.00530318675887953,-0.007985561910215822,-0.001776994581880853,-0.008431835927549813
2015-08-14,0.007034101380853697,0.005777551457711416,0.004165986481201811,0.0035117023254125357,0.005032887103779915,0.0033509416230916855,0.003922475983352491,-0.0021112521884496527,-0.0036871790671194615,0.0008505738280153441
2015-08-17,0.010348305229679555,0.006808658229549014,0.006875947448347297,0.006961147819661395,0.002651448403772738,0.010727885561415462,0.0025600330069242005,-0.001190108938858403,0.00523205678469485,-0.006371996488707454
2015-08-18,-0.005633218561193809,0.005530832672490993,-0.00775104913840019,-0.00037368667096049357,0.0020569916653745413,-0.005006872543027119,0.0008064719540250564,-0.005296144457483165,-0.011044534132154782,-0.009101384687097647
2015-08-19,-0.012789705929841855,-0.013962308886400265,0.007709786501486793,-0.0039250698812169915,-0.008942813459486776,-0.0006037108885932341,-0.0009400152232945658,-0.01344335342035552,-0.021437922592972836,-0.003900166630134261
2015-08-20,-0.02051988565132523,-0.020381983551501115,-0.020978455611172953,-0.03216243916147654,-0.024556471558802584,-0.005236257722687099,-0.00604846695532435,-0.00283309602801185,-0.021775812770710057,-0.036102162431583484
2015-08-21,-0.06116281543811897,-0.05672389392348265,-0.052172154272133175,-0.041316075756407056,-0.03548660118556224,-0.025296136296198424,-0.037322350520527015,-0.028007055557120797,-0.03272144519074671,-0.031137574044662997
2015-08-24,-0.024962357921222034,-0.032272958860372625,-0.040246736153957574,-0.06289556260132323,-0.05267313961183118,-0.028672858559567027,-0.03975304242290256,-0.037583440703618076,-0.047275261571604665,-0.03539811570435869
2015-08-25,0.006012422023938591,-0.029030292755131804,-0.009124543995389534,0.006474291072001703,-0.0056429347412415565,-0.022516138686409448,-0.020333163805005605,-0.01041371521789669,-0.0001455466335811284,-0.020762826627379827
2015-08-26,0.05735486443512028,0.05534907487559648,0.077178945532284,0.07376114566062553,0.05007509214349559,0.048274819547454495,0.055547446435300074,0.036247003871342054,0.05515885759078132,0.0754435352960332
2015-08-27,0.029446783178126434,0.027862724199155364,0.012459664990460029,0.03514591824647484,0.0249561485176808,0.01167030051161233,0.024189900911421258,0.008180745858046512,0.03241400931797234,0.03759769402191249
2015-08-28,0.0032765987533096563,0.0006831050078008882,-0.01238100264411679,-0.0006945446600384875,-0.005428239381863653,-0.010911927002118849,0.0008287476870900701,-0.0037773281186946894,0.002939305647577939,0.004418860533234481
2015-08-31,-0.004678340253800761,-0.009333106021099713,-0.017993417099440023,-0.009883925713222386,-0.00046767211546827614,-0.01250435544057138,-0.016009225574544983,-0.007583589674568736,0.002264676441327218,-0.010998712338494032
2015-09-01,-0.04469668869413268,-0.03906247627431381,-0.028186566013273517,-0.03187822124693118,-0.04134160249988117,-0.02011066428017505,-0.032819123008472006,-0.02504578244878808,-0.04199899869660284,-0.040925680751876414
2015-09-02,0.04288897225823529,0.03682458035445091,0.024382025597113888,0.028215269575580182,0.018226324935450178,0.013682491660071516,0.009571340459176403,0.013207203044273141,0.015954613501670156,0.030148821361968503
2015-09-03,-0.017535642441305233,0.003228845696045868,-0.012187735307362169,-0.01141906139693738,0.0017579028026175614,-0.007605844943323725,0.011203569667240343,0.0017190723490820847,0.007646743665854938,0.002701188748618355
2015-09-04,-0.009966905767113898,-0.020459801685153378,-0.012699249639221755,-0.01133298848486275,-0.018825642762726247,-0.014356882459366505,-0.017613871084255495,-0.01673094159522892,-0.018023985734130332,-0.023349332421725322
2015-09-08,0.02782114089523957,0.030040086948106337,0.023721750103959494,0.03715430931582686,0.02699165981537255,0.028803084399328327,0.019809443416663797,0.017742622719620238,0.014352817914537352,0.042758371038271514
2015-09-09,-0.019232538530479903,-0.018683419852581484,-0.0007300407027278633,-0.0012559887037674189,-0.015515884442039551,-0.018309282211277367,-0.013186345052479953,-0.02143466142038697,-0.020408230387165993,-0.01984130894296887
2015-09-10,0.02197009866503996,0.005108123254915498,0.011921025746544522,0.010350361894030602,0.007719376683717805,0.005421841089525703,0.009051396390488131,-0.0023362375560529447,0.007221964441477713,0.015744471985504882
2015-09-11,0.014568394756112824,0.004388923308890069,0.006481392816737097,0.013786788338058908,-0.0015960194771174052,0.00226480934464357,0.007547254734440179,0.0014635771218669547,0.0023448094018381216,0.003100346219466754
2015-09-14,0.009631503457724344,-0.010119505079054347,-0.004318591721181986,-0.01522362783587694,-0.0028771024111763355,0.004196522792871082,-0.010599386759072793,-0.005261613368548579,-0.0027517009921903535,0.0017659183930369693
2015-09-15,0.008412116654454405,0.02184013828228637,0.019311332177563312,0.001898788264036888,0.0192369776399528,0.01157297259059975,0.007142154183191973,0.02042323109768729,0.005104322429439145,0.011017777416998165
2015-09-16,0.001117953909379965,0.00727610576032145,0.0006765743257286516,0.009610025576882064,0.008807580491059674,0.0022248299887406287,0.006807228915662655,0.00935931586086336,0.0197637500652168,0.006975021855154084
2015-09-17,-0.021389812469811975,-0.0011286263049585799,0.00924080378107317,0.02176762280390343,-0.02323053867201208,0.0024307314665257262,-0.00042254625165294435,0.0019971402781999714,0.0021533675303995192,0.009091131381429252
2015-09-18,-0.004125582128245431,-0.0174013200404054,-0.016004659001133792,0.002579470675457829,-0.027294429731901326,-0.015288742626457186,-0.016487662094803568,-0.004271077326659656,-0.02390552943962787,-0.0008581169700347946
2015-09-21,0.015513379585605058,0.014489452558424265,0.009168860764682707,0.015048304717102612,0.008369022569212792,-0.0027837557828899184,0.01418519353782477,0.010151314740895367,0.009768693665058725,0.010304876814296149
2015-09-22,-0.015710275834830867,-0.0047605692827876744,-0.020660553313048835,-0.0182169721645149,-0.008787631803928053,0.001180471728610133,-0.00748836992928914,-0.006510845562789913,-0.008856643054606428,-0.02719945477098873
2015-09-23,0.008112914598157328,-0.0006834060677425313,0.00013822164246901636,-0.004327669173923021,-0.004433061596259447,-0.002680826325549557,0.009964598128055169,0.000997509632264304,-0.0060490519313521895,0.004805653315972602
2015-09-24,0.005947901363472896,0.000911128287726326,0.002479516156795869,-0.00432776410430058,-0.006925657278437969,-0.005484093318434247,-0.010006787290942731,0.015655913563011437,0.005947776590628173,0.019130571083321835
2015-09-25,-0.002521763458114057,0.0006837525544149958,-0.02253740573641594,-0.0177986091417226,0.020756898393988088,-0.016003984065069865,0.0064066887297618,0.018357760125430778,0.00687484736525934,0.007252650909703506
2015-09-28,-0.019789112026111222,-0.014792952505601753,-0.02483789940790515,-0.03851217999928558,-0.024239246652144053,0.004066097485861508,-0.04937083899468386,-0.01238456006527533,-0.008603071472711776,-0.013130609602457821
2015-09-29,-0.030060313050134457,0.003465078715060299,-0.002627106376693056,-0.015851283863707266,-0.0023341801379810345,0.018277583450373003,0.019791700799810297,0.007105670329651259,0.005096504693813841,0.0175970073050864
2015-09-30,0.011369905595740581,0.018876458780430205,0.02531281109192518,0.031890676357296366,0.01888382874305017,0.0033317648261661503,0.016488876305740252,-0.004703904087449029,0.018911538630048463,0.039645598622002565
2015-10-01,-0.006527517394301796,0.00790802294847559,0.005686242746981041,0.017249788712016434,0.007380580287993377,-0.0019282269140946662,0.004737461443870439,0.0001389430195677388,-0.003900750611420367,-0.01947256607121084
2015-10-02,0.007300459555575012,0.02151965138297096,0.023348967010182298,0.02269939800863896,-0.0027877941336792444,0.008156996857387133,0.009715460101514584,0.006532487604238302,0.02457526878868732,0.026065396525609463
2015-10-05,0.0036239673347118195,0.023260753407262635,0.022359615221497986,0.02091858600765306,0.019897913486199403,0.008836246573730833,0.022074929706152657,0.01104702108713429,0.012255734917594685,0.02499982175450599
2015-10-06,0.004784108893930883,0.0025739605026875445,-5.9588848405400796e-05,-0.011403747269289832,0.0004836997340507132,-0.014140833716720147,-0.002077144267390696,0.0024578140791453595,0.014060841798357648,0.012982457258993385
2015-10-07,-0.0047613301719086065,0.0010694788050673587,-0.002441798567375808,0.008297967113034765,0.001289242351285802,0.016698816279774098,0.01581600309079567,0.0043598395437824955,0.01681848572409983,0.010485184407727832
2015-10-08,-0.011554406282843321,0.013888841821471543,-0.004477612969086109,-0.016201024986077006,0.0,0.0010530090838087869,0.009287100085656697,0.009224250139528767,0.010480182403384442,0.005764585528310828
2015-10-09,0.023926630058804577,-0.007165430493114688,0.006356929222487651,0.012454003049411133,-0.0032189558639876825,0.0030497271115219604,0.0010827166563927015,0.0010752058755252314,-0.009621621156284621,-0.0038212180451578925
2015-10-12,-0.00463788597301773,-0.0023351730306078178,0.007731675341189126,0.0192478968813401,-0.0033909000605525375,0.006500841800059165,0.013651843334329561,-0.0020140355649106434,0.0005046149623140206,0.010740734739770774
2015-10-13,0.0017026754236171282,-0.0023403576244169777,0.00996429861717596,-0.002344673932102803,-0.002754451437734673,-0.005625053727672635,0.00013348219818398732,-0.002960189112317546,-0.001765337801092115,0.0018970907267912285
2015-10-14,-0.014133880938260734,-0.004478513479651891,-0.0040401124728375315,-0.007414787487514896,-0.025345107753858898,-0.009638432592185331,-0.01066716276782742,0.0013496489164439573,0.012632531413750758,0.036363545031219635
2015-10-15,0.014971647479751882,0.0070692027610888,0.018533161747371407,0.032321966796598156,0.03167178738772858,0.027715781837424514,0.01536467855710133,0.0008086424624527133,0.016467139680952814,0.0025586023613284326
2015-10-16,-0.007330470458407401,0.010636204253807069,0.0033185190779583262,0.014792702156608994,0.008725046681316018,0.01121959820092222,0.008760262800235674,0.008482743122607994,0.012272991053150717,0.015676288501222935
2015-10-19,0.006213892948052413,0.002315234666948607,0.006658922240694087,0.00418737143793213,-0.0033635004531941126,-0.003054093983247075,0.013026443028388401,0.0034712632931170884,-0.018065021092112166,-0.0017943580678723148
2015-10-20,0.018258102350012573,0.003150005347302587,-0.028501889429968785,-0.021407963096704785,0.004821610863584569,-0.0035733621976543617,-0.009222163000472072,-0.009712745535398137,-0.001975418784976757,-0.0014387026737952002
2015-10-21,-8.730672445833587e-05,-0.011932045753495935,-0.012058892809476918,-0.00911071130214225,-0.007357816975079867,0.00041016990277231713,-0.010749748935471315,-0.0023998281248056585,-0.00767058131091336,-0.012963619180001329
2015-10-22,0.015294675448380035,0.017584613568132124,0.01390291777382835,0.014646331772892873,0.018208101982744695,0.01946106558452798,0.012721599567314223,0.017122154804821044,0.033412084739285586,0.03611821980934149
2015-10-23,0.030995977721905765,0.10077053790894985,0.05606761340836841,0.062279461435710504,0.01076117894629891,0.007836902134194856,0.008505585203586463,0.02912485855935465,0.0010861359704872342,0.006690053519736283
2015-10-26,-0.03191136007307793,0.026101669210924605,0.01639039917684726,0.01599252433196452,0.00046984745092548685,-0.0036890195362708766,0.014402656381959256,0.005971514819134605,-0.02121023931336463,-0.004546759416023338
2015-10-27,-0.006332213975731693,-0.010322943826369113,0.002325263359473473,0.003943439612003052,-0.004068808659902334,0.0025022313511660066,-0.008442035539582893,-0.002580592975428675,-0.0016004596680294636,-0.0007030084134929115
2015-10-28,0.04120471553866256,0.005401655287742946,0.0055947002750609265,0.009967059911179632,0.029226694848875745,0.00289459053698482,0.017415091592735354,-0.010092072541395103,0.014675107721075609,0.008087218826558384
2015-10-29,0.010563939124490052,-0.011485668418778183,0.010761054189956099,0.015313558723775822,-0.004427342386179478,0.008857129274443931,-0.0045645744187197135,0.0066656285167439044,-0.0006075802689776699,-0.03453088389051007
2015-10-30,-0.008545436865519562,-0.013493280233828897,-0.010015615233052055,-0.0010374052825050661,-0.014721438011373933,-0.0033542628847793576,-0.011845626564098266,-0.008309202780342528,0.006202012436803628,0.024927977630678555
2015-11-02,0.014058453491055722,0.011398087703645032,0.014036080999423106,0.003914346242011257,0.020077735268921426,0.011284049693000231,-0.03042039406578645,0.002880364655819978,0.030698768959570355,0.011631892956772028
2015-11-03,0.011470536568872092,0.017092374154344947,0.0014444186528881353,-0.004838081625234136,0.0036615391819583287,-0.0020558324400747896,0.03562871076545915,0.0058747759379735864,0.01840959298116851,-0.006968387687972366
2015-11-04,-0.004650302682505436,0.00461687834003266,0.008666860526730158,0.025011642785078614,0.001064426952539499,-0.00019564157618745526,0.005776925647166031,0.00012956470030567324,-0.010016946810229577,-0.01649126178204241
2015-11-05,-0.004609937167917577,-0.00036758483240839634,0.007096516207506065,0.022934724903762138,0.008959858020852973,0.003825611637823245,0.011614406251224674,-0.008694391110910082,-0.013608170553600862,-0.011416570283729
2015-11-06,0.0011580846122984934,0.009929655220574984,0.0012226512356741104,0.005673667424738182,0.030403322246010944,-0.004006667427971511,-0.006434507864265804,-0.010734310749260234,-0.004008752899889778,0.1385782152988364
2015-11-09,-0.004047802419020363,-0.013837898785347469,-0.008967927795725084,-0.005884296824504642,-0.015629513873476553,-0.010596848271654635,-0.00901574415481865,-0.0022497152959062294,-0.021375633574958197,-0.004437457251682986
2015-11-10,-0.03151678716241568,-0.012001601146213736,0.004623917878598505,0.006392144735131389,0.004303247974720703,0.006049301758505932,0.020282272338525864,0.004907384190531605,0.004881173552090168,-0.019102440197563908
2015-11-11,-0.005652327940842472,0.0026163848311098192,0.00921846755031197,0.02057049753208151,-0.0048757326968097425,0.0040416251010784165,-0.003774360874512883,0.002507283766951751,-0.008864874397546019,-0.00973698572790338
2015-11-12,-0.0033589085419504228,-0.00615104638490227,-0.011394947116944554,-0.0113627838741166,-0.020044732387390685,-0.015609827866715276,-0.010987717778197736,-0.017114093959731402,-0.027076559036924297,-0.003605260734645732
2015-11-13,-0.029208430164152088,-0.00900221523204825,-0.021757205024074078,-0.03493084485460596,-0.006666686042047232,-0.003889430819839168,-0.0025540794128671163,-0.009375833142332035,-0.01649666293630958,-0.01973701323933119
2015-11-16,0.0163792087578285,0.017600368582233017,0.013985144859255172,0.008500001781597488,0.01449031767779796,0.013416362816825567,0.010114031249845556,0.018117759927416488,0.035851412260133886,0.020134406282698913
2015-11-17,-0.004291779549796537,-0.008238068352526273,-0.005916740987060298,-0.006961862448069844,-0.005713323795315528,0.0027660937306162037,-0.0008869984584535251,-0.0030546587454114427,-0.011619333523513076,0.0
2015-11-18,0.03166503993791148,0.016613160925332604,0.018807503686117277,0.03146268285700127,0.01996104959985545,0.011527194457542356,0.02067716686945964,0.011056519145719035,0.009754972907473514,0.024599631529006016
2015-11-19,0.012703465283004478,0.0016710120727636557,-9.205950791413287e-05,-0.0034210053384148287,0.0031131688787287004,-0.001753189637011876,-0.0038529820986661356,0.004215940367603643,-0.005449564186983835,0.002900443215034798
2015-11-20,0.004378016673823204,0.004635056532470205,0.02244899013373569,0.010857929911606723,-0.0017736671235497603,0.007273112786256197,0.0004991712260851155,-0.005247984903903435,-0.006351253056528838,0.008676322153870597
2015-11-23,-0.012992402876307652,0.0,-0.0003860410641894907,0.01576783357385514,-0.00977197918041528,0.0028299535606020054,-0.0009976394187254378,0.0019784944502077018,0.006141056043884818,-0.014973051469075238
2015-11-24,0.009596434129528486,0.0011073684700144693,-0.00910257218297228,-0.01154662347699209,-0.001495168364562094,-0.007103286625303684,-0.0039943376453347446,0.006318117307026361,0.019930181117587153,0.008085439514921022
2015-11-25,-0.0071500158767253685,-0.010323038607741752,-0.00048064657465307636,0.006242996820356117,0.0011980769693020754,-0.0007838092531374796,-0.0028826946562944267,-0.007194053743899365,-0.007693803761613327,-0.0012834701415804783
2015-11-27,-0.0018638526610720296,0.004470481204523535,0.0035225342635372137,-0.0030799329764649164,0.004636407672288012,0.004021121566772257,0.003518974234296257,-0.0026350550476542667,-0.00024643411603830767,0.00835233401036839
2015-11-30,0.0041591091244943534,0.007787651377418214,-0.011813732186176096,-0.012565622304041901,-0.007294769326498196,-0.01103854704523144,-0.010395372214038523,-0.011360733288773517,0.005293591458149116,0.010512623784292074
2015-12-01,-0.008115192679498007,0.016007522721667833,0.027449652883756226,0.021449981965113052,0.013947073084413342,0.011063157016603098,0.011390854681219142,0.014698312208705433,0.0028168294868406996,0.032471530662890435
2015-12-02,-0.009033368599690617,-0.00018099997892051523,-0.007578515440984646,-0.00449150757114003,-0.014051032845994516,-0.003028808574188413,-0.010886933119834574,-0.001975501605887553,-0.028575042785268234,-0.007633121317541347
2015-12-03,-0.009288016860587334,-0.01829366016032008,-0.012405914410748231,-0.014437625993189207,-0.012901412814996016,-0.012346677358398894,-0.009489051246656888,-0.0006597367413725408,-0.0143305854898651,-0.002154005604298903
2015-12-04,0.0332467372716887,0.03154936741564862,0.014332114985161404,0.009590993455382169,0.03176260932737729,0.021430758611540757,0.02695120914459892,0.027594690013387213,0.005738951517366919,0.040703033327966986
2015-12-07,-0.006300962040573621,-0.0017882886348574711,-0.007982520659368997,-0.004177542671197743,-0.013109182041050382,0.0035940124041957677,-0.010572230064480936,0.006938227468078928,-0.026122361408715378,-0.01896301358780983
2015-12-08,-0.0004226847352269969,-0.000358329831711246,0.0027815276057205907,0.01119687056215346,-0.01552235243613087,-0.008710677685917823,-0.006034096565583957,-0.007911365243052693,-0.02825517135929767,0.013590950459887452
2015-12-09,-0.022075638153597033,-0.01451881525538834,-0.016242301737818043,-0.018513950371146337,-0.007580572471890479,-0.002636782076717248,-0.015049672993143082,-0.0006430398198361553,0.01339952535570621,-0.025327707270552002
2015-12-10,0.004757160718774189,0.005274698020732771,-0.003291697314043218,-0.0037153692502526203,0.002291635484214849,0.00479730612120477,0.003081268401330828,0.0011581639870748006,0.0007932888429318385,0.008254200473899687
2015-12-11,-0.025738471149448494,-0.021892425725520193,-0.012657026689929407,-0.03347328773190594,-0.023472064278206917,-0.009353402099630426,-0.025729350815951735,-0.0001284632338355296,-0.01783587979525081,-0.014857408727030674
2015-12-14,-0.006184688492894219,0.01997764719529127,0.016150851509135533,0.027743513137480136,0.0031214878829624038,0.004622233857532798,0.009985093668485323,0.006556987381402646,0.022733406925147026,0.0024624254404896906
2015-12-15,-0.017691960278119923,0.0010879722677781256,-0.003212906699430529,0.001109544564889875,0.02847383639307477,0.019383471602416158,0.02276591518925608,0.017754584384086503,0.044719133193030336,0.012281057700028741
2015-12-16,0.007692793887124516,0.016848136554524995,0.02170775811899195,0.02600821552275545,0.02163389467989707,0.010755916076317096,0.015772208292062828,0.01644044232926234,-0.0035253597657622926,0.006066105771282082
2015-12-17,-0.021195971794830126,-0.007661260772417577,-0.008704634433601144,-0.007576557278937912,-0.018510531454583257,-0.015296980281365502,-0.014650766750109123,-0.008642664173999393,-0.015034536590801117,-0.015073529981216138
2015-12-18,-0.027069587301557507,-0.028186496241378922,-0.01686085505279744,-0.009707014879053677,-0.028364466244107822,-0.01630612523613939,-0.03011813934294072,-0.02690309728733642,-0.008722672770431816,-0.01622299889325496
2015-12-21,0.012260852390259203,0.012931841515962494,0.0052190625193226925,0.0005570351622559144,0.017702171940374267,-0.0036295639033806504,0.011137414888057418,0.010495844514355923,-0.0002585513033235287,0.023646530112268138
2015-12-22,-0.0009314576364444216,0.009483974149983032,0.008320155041661614,-0.0020465299978816853,0.002136109657171925,0.01112419479812421,0.002721182021160118,0.008233037723180958,0.0050480560637662375,0.0009118368574987379
2015-12-23,0.01286903980374654,0.008491366640170694,0.0017989173786314705,0.0008293795242544366,0.015986557860324657,0.007594071407235781,0.015249021908423144,0.0040195889260188356,0.03271071086765098,0.0039477429268677255
2015-12-24,-0.0053401282617121515,-0.002687384509297841,-0.0034741922938592573,-0.0013711528431936681,-0.0019482390959505436,0.0022223209833038826,-0.0038182494437625225,-0.0016260876956197823,-0.01072449074508175,0.003327171602945489
2015-12-28,-0.011200700044733503,0.005029627916010915,0.021414218650421812,0.018723839029316514,-0.0033030478157478615,-0.004820441379175033,0.003449963403592937,0.0016287361634546027,-0.007437449980035482,-0.0009047097792665992
2015-12-29,0.017974359090318748,0.010724172393290488,0.01498279322607865,0.027799268721593773,0.010394519666669044,0.007847167489080986,0.008658978005375628,0.005506011238509245,0.005334227532633795,0.016294871432375402
2015-12-30,-0.01305876228694225,-0.004244076535917296,-0.004609735256748015,-0.00706090278764171,-0.007156927839014782,-0.0024029893433922256,-0.010857000648666904,-0.0036088899305692923,-0.01326416798403407,-0.008610385955716282
2015-12-31,-0.019195062087178028,-0.014739733189761295,-0.015551090150197289,-0.019127241612891477,-0.008409635251713676,-0.010213797519724843,-0.010210577495051942,-0.008242427899042282,-0.002048654882305323,-0.012877912616948706
2016-01-04,0.0008550878856430355,-0.012256942091872114,-0.02386874667586847,-0.05755368113308201,-0.03003481474170877,-0.021806817167567494,-0.023855784316457518,-0.013096666470512441,-0.006285785172827185,-0.017900762078213783
2016-01-05,-0.02505921774334463,0.0045619963639143,0.0027523044570081368,-0.005023621850138049,0.0017288682777496511,0.004179897523394205,0.0075298981569604795,0.003189892533192351,0.008520328654286535,0.016064080673892756
2016-01-06,-0.01956943286931967,-0.018165195752983143,-0.0028890829274139662,-0.001798738144714651,-0.014436028939406431,-0.005054902122536453,-0.013111321746291593,-0.009666873974466417,-0.00832019199015388,-0.04134990244348746
2016-01-07,-0.04220450876723458,-0.034782562230299185,-0.024139671388747508,-0.03905794191457823,-0.04043923441484909,-0.011654407982326864,-0.01966293821399978,-0.008733732775567216,-0.016006632373111174,-0.03964468799977772
2016-01-08,0.005287481139518935,0.0030671530024186655,-0.013616811761003045,-0.0014639090877944794,-0.02239949217801085,-0.010683004446294997,-0.012331961531647395,-0.015677536703640804,-0.020201766159279044,-0.021466503370290435
2016-01-11,0.01619237005537344,-0.0005733222359466383,0.0029552505375958216,0.017609692730401916,-0.0015273107968966082,-0.00601068951730066,0.014269932931337825,0.009214228515550316,-0.013388999304776994,0.0016875576026211814
2016-01-12,0.014513365133000944,0.009177581252251432,0.01673784967161529,0.0002428724830541018,0.0022095375244657323,0.006866754325733027,0.011363848579543978,-0.0020869658385379575,0.02049109120638093,0.016846321192749647
2016-01-13,-0.02571036521828196,-0.02159892700569388,-0.03457495284482637,-0.05839229674292812,-0.027476090886268345,-0.012418552288584017,-0.02220436035076334,-0.008626346486666159,0.005984565658889718,-0.030483628060826495
2016-01-14,0.021870934656271768,0.028466211981466927,0.016426542869826033,0.019233074128955474,0.014998321471704212,0.019274617572272446,0.009576006275942905,0.0039554235841845475,0.04586901588272574,-0.02016411363369941
2016-01-15,-0.024015478803083856,-0.03991739705303288,-0.028575755381691992,-0.038482254806470606,-0.019930942434683185,-0.01911222313824057,-0.0266937731082173,-0.015364264540363881,-0.019464084005399673,-0.05441211256903977
2016-01-19,-0.004838790741213184,-0.008432606134266551,0.01209032961049572,0.007541483276127803,-0.0005263811637823412,0.005154601323787533,-0.006125741222809955,0.023339136332882537,-0.015210282409155007,0.008115083787791244
2016-01-20,0.0013450178618197306,0.004548769838875977,-0.0007231635515294599,-0.004717374222998116,-0.026311019218545395,-0.01794884773557326,-0.009945572598432761,-0.0031153494185020003,-0.04214637235690699,0.005488281017462127
2016-01-21,-0.005062873055244221,-0.006103244842587063,0.011286452005022873,0.005684117276542278,-0.004683917328055176,0.001984101048661646,0.012450592494790858,0.011736657412706908,0.012571238258494821,0.011645000686419271
2016-01-22,0.053167359188803553,0.035855488204700414,0.02585772067772374,0.03714656234086622,0.030769156769787864,0.008443254809129774,0.015930598735183876,0.008341718072581106,0.03333371065053248,0.02338114728670715
2016-01-25,-0.019522690107064644,-0.009561873751331218,-0.01588268225528633,0.00025150725251732453,-0.02265132794257496,-0.003617765100840553,-0.013205069764818611,-0.006592372493959386,-0.03382520524570176,-0.001054461808695284
2016-01-26,0.0055309484671060005,0.007337154213318486,0.00023155555602216715,0.007912428931255544,0.02551212942983172,0.04958505045873407,0.0019517382325018318,0.02550418743665772,0.036766370834587336,0.009852433869680599
2016-01-27,-0.06570659140848367,-0.0182096586884285,-0.022090761561697314,-0.02977132499837576,-0.0007005592703009933,0.009685687089018957,-0.013494489249140207,-0.00012705110287658528,-0.018383161926347813,-0.011846863177825906
2016-01-28,0.007171887984497527,0.016399974950261464,0.042810757329586835,0.08914032475443312,0.004207181445995856,0.0010768202854574138,-0.02228207256520609,0.01294431864516321,0.022579612730397658,-0.01093074083227985
2016-01-29,0.03454120200536592,0.05820191700702804,0.017439366100067133,-0.07609977329164319,0.03875706243373944,0.02121833072899948,0.0744267241062575,0.023427485131911174,0.011170317241585348,0.04420669283457834
2016-02-01,-0.009348658683581479,-0.006897724607177413,0.012372696964663588,-0.020766639764494776,-0.010756258388184281,-0.0006702188884810667,-0.001476721314658147,-0.006977446458429237,-0.020038881204537007,0.0003413791735316085
2016-02-02,-0.02022163644788233,-0.03125575146795656,0.013155791069580314,-0.039508706324449805,-0.031090858349896666,-0.009198267084153389,-0.013175369858879238,-0.011094287305198125,-0.022283564958882285,-0.042320913498471
2016-02-03,0.019792637707493066,-0.015849265605612395,-0.04037600212348613,-0.03809093779645767,0.006663127534995317,0.007059423654569796,0.01335127788307755,0.010969493351933757,0.052152137952993005,0.004989505872735389
2016-02-04,0.008034937309544521,-0.0030672381215415268,-0.025821330301543433,0.009772742242836863,0.017244747904572755,-0.002304792263839839,-0.009410773306042008,-0.004932314602934085,0.017201729280431177,0.00035431403362928826
2016-02-05,-0.026707744675266376,-0.035384455621234934,-0.035984846088606415,-0.06364446787796685,-0.011130574366760793,-0.03233830261078041,-0.02904453995748757,0.0061958284439189715,0.0031318443426078257,-0.06309802922350316
2016-02-08,0.010529367864959616,-0.014952602777443036,0.0005682882056792238,-0.02794096833428339,-0.020952247820250736,0.014521470583293894,-0.05269818192343412,0.017488092533192612,0.013486683933672028,-0.04578106595143494
2016-02-09,-0.00021035918275957854,-0.0026305693018886522,-0.004459337566038557,-0.012354038596669725,-0.006013267926355481,-0.0002942930492371154,0.008263438211330021,0.00024195625391798536,-0.004351853464961808,0.010705391139755216
2016-02-10,-0.0075802920747650715,0.008725388251361599,0.008316636743097572,0.017445590692097612,-0.012099827457591639,-0.0023541393575458036,0.026635737978881524,-0.012342713752585666,-0.009116023328336054,-0.002353820355823877
2016-02-11,-0.00604636905787026,-0.0004022130963542425,-0.0006932078372340333,0.02719783935448805,-0.04412813528407544,-0.000294274127652705,-0.023948707670902736,-0.021073455849807687,0.0031506584454885633,-0.005111944710375904
2016-02-12,0.0030952374312318565,0.01630089648854116,0.000750460906348227,0.006470569128270043,0.08328617106571712,0.00117984431297935,0.028479447038266104,0.013642323448965321,0.017964937458113006,0.016995985358685406
2016-02-16,0.028194399863751274,0.01894701979925939,0.015207350591479596,0.0276485056043132,0.014959274883871387,0.004910691041501547,0.009656197637350594,0.005926315897812673,0.002344757971151301,0.048970200931719
2016-02-17,0.015314840526889473,0.02603234964428025,0.0199680873553143,0.02494721208662387,0.0071976176082502175,0.0017591422140528223,0.01507917558189864,0.012029229060915858,0.009603300246266988,0.024824235053894972
2016-02-18,-0.018956552427529916,-0.00438767168442844,-0.019754670758466708,-0.01703800505545583,-0.016334630286454765,0.016975808381045843,-0.010967781820690692,-0.005700116717930248,0.0054882283703110435,0.0860444834412133
2016-02-19,-0.0022856543380626038,-0.007089408228635241,0.006411039650868977,0.018857174827938916,0.00017294992111005492,0.006473933728862846,0.004070939610712143,-0.0023177918687976584,0.0006062666468586997,0.013315627702877642
2016-02-22,0.00874656577070243,0.016017143174314574,0.00961056752051781,0.04598988609609567,0.012971255819898886,0.005664334864009302,0.02138930754748003,0.004157159197134108,-0.0013333527167376236,0.03547944607640674
2016-02-23,-0.022605335281643213,-0.027920395316672675,-0.016130593766875756,-0.011724790629712767,-0.0418301847654281,-0.006396254947496738,-0.012455345046159638,-0.003896487502218937,-0.014079321466814343,0.002538282448539819
2016-02-24,0.014890812842426993,0.003516944289184698,0.005032927786789765,0.0019893770192320748,0.00035631626875032296,0.008454987586578033,-0.004157581641898056,-0.003056096569934552,0.0035701679734647662,0.0069618681692944495
2016-02-25,0.006867940171432663,0.014407952239460675,0.011402390216199487,0.0020034665796739848,0.015496826985219814,0.013528827586950287,0.019762764193772098,0.009563829372096988,0.006010636713361661,0.002199807506271245
2016-02-26,0.0015499000113687877,-0.015354814261820948,-0.005842880480537493,0.0001440947537416637,0.009296998126352207,-0.005639954925943713,-0.007370216463802648,-0.015059846226451956,-0.003169950390656484,-0.006584936925137619
2016-02-29,-0.002270150225336276,-0.00818723276817368,-0.010539771318489266,-0.00488085863977783,-0.021550513162646223,-0.005388681476818036,-0.004674456826673445,-0.009987532170146807,-0.01957224244436706,-0.006494906600676087
2016-03-01,0.03971475691070747,0.03341190672026206,0.03478716736852494,0.04799827119341504,0.051509854517210796,0.019104679169596794,0.031081089654122263,0.011707242857256217,0.014098562075564258,0.04432423197101798
2016-03-02,0.0021883197656891173,0.0070368242122678115,-0.003624664770363717,0.0020205958343222363,0.009459144929888197,-0.0016786364677930932,-0.00455495045556098,0.01625077857546886,0.017470455059615198,0.005801695968533638
2016-03-03,0.007444188042261768,-0.011330997058814796,-0.010669675760807795,-0.004687946770308371,0.0033472212852831973,-0.003643790417873105,-0.005248745898072116,0.003512900770375582,-0.0036279684324459494,-0.008803903623648468
2016-03-04,0.01487702511320177,-0.006112873660638063,-0.0018724195970589719,-0.004069345064264263,0.0015009026907786271,-0.0014061823905233695,-0.00013547827659643463,0.007846262266321569,-0.001334467101963166,-0.003062785649949995
2016-03-07,-0.011067037646438238,-0.01922008527470276,-0.023856076151228534,-0.021455665767943777,-0.0018319843254285262,0.0022535343266767427,-0.02652205110608974,-0.004671614909594668,0.026370235558846433,-0.006451737074976371
2016-03-08,-0.00824591719444856,0.012150003699441303,0.0010243292781297875,-0.004513109599210141,-0.019352785163639696,-0.004871726533674847,-0.01834890204343309,-0.00048117841597161704,-0.02166738065970708,-0.018243601737052306
2016-03-09,0.0008906700249862176,0.023039743789367906,0.016649622768921457,-0.0014101020775004747,0.005784454719389043,0.005836952975873944,0.0008496941356588295,-0.0012036772064957235,-0.0027837297566850605,-0.0006297981513432305
2016-03-10,0.0004945801253981585,-0.014950817774194158,0.009318665927460446,-0.0009651463197277721,-0.00862652641606565,0.0028079300574275212,-0.006508095060352215,-0.008196695855036351,-0.0026697988694354136,-0.0015760638046556918
2016-03-11,0.01077415060381326,0.019596515229032274,0.01734597836980112,0.019107883796187997,0.012454896300309493,0.005320279425933272,0.02007997608191947,-0.006441437295621744,0.0001220997074882213,0.01704574221939059
2016-03-14,0.0025425186035634706,0.0018841471376951358,0.007209308333376407,0.006601065203391654,-0.0037071334180178717,-0.0004641769623786596,-0.00195466344022599,-0.007094804579562797,0.002676257764214096,0.002482898204502426
2016-03-15,0.02009353301997785,0.007899369473928664,0.00043982235978079487,0.006365834492694233,0.001353195581330624,0.0009284097028665617,0.005874901332653115,0.0017246343383099383,0.004975689998562016,-0.0049534219100413335
2016-03-16,0.013290934060220971,0.01418159288120835,0.009046287078250392,-0.004765892473030164,-0.004729995958180688,-0.0032475449353401853,0.0063968892770907,0.00036906137378811543,0.0006034147669651269,0.029869089415911487
2016-03-17,-0.0016037996098442475,0.005703986051167176,0.0014789192019448727,-0.025824053883372833,-0.002884929849824358,-0.006237851745633516,0.010639986791662448,0.017334827087110538,0.014842416866280628,-0.008459107660359289
2016-03-18,0.0011340717574064296,-0.021405112786066716,-0.004047728017682051,-0.013156014189604659,0.029446644178765524,0.007119909928804624,0.008750004484996854,0.004833720585724066,0.0011895210880366047,0.030164093882866005
2016-03-21,-9.438566076491739e-05,0.006917271833187577,0.008935853999726628,0.003441505326743144,-0.00033054658327413833,-0.0020466884413742337,-0.00013582815493129452,0.0020444003486215223,-0.00688847264647785,0.0029579928532896815
2016-03-22,0.007648427502662036,0.003898802004328461,-0.002768637632344695,0.011733303365531578,-0.0036391221554948894,0.0009321695292341392,-0.0109798964808836,-0.006961117591397947,0.005979400987738748,-0.00176925944070494
2016-03-23,-0.005528902412795023,-0.0018493812186597403,-0.003276093017546944,0.016325308843260222,-0.004979868025340117,0.010430688559039059,0.013021050233283926,0.000966543667929809,-0.0043985356471747394,0.017134306470416583
2016-03-24,-0.004334261210999224,0.004446899648421265,-0.003590451216428203,0.023383545256862037,-0.007674325516379477,-0.0017516626036933047,0.00311233878667605,0.0008456868021131658,0.0027463601458685982,0.0014522566724899377
2016-03-28,-0.004542665807581003,-0.012359133972582703,-0.002066712559622652,-0.005283449127727158,-0.0013448369028034035,-0.0007381588877212186,-0.0008096839080300455,-0.0032572630798822777,0.002857613919596602,0.010150771979712259
2016-03-29,0.023671543846335297,0.021852639376267913,0.01674032001476311,0.02412613321909496,-0.006229206854508007,0.008407917034393142,0.017548289678847473,0.002178584627455793,0.0036808578121680924,0.016077960756329723
2016-03-30,0.017459251452471625,0.0062147365558749,0.003198752377029601,0.008133194378816988,0.01151948863204888,-0.001466015614297378,0.018572715593297984,-0.0014491918004005955,-0.00011842424946528762,0.010454920786849842
2016-03-31,-0.0052028546262880004,0.003269545649490224,-0.007080152402193618,-0.008435101179096849,-0.008205891819913824,-0.007157110287984492,-0.003906978055705168,-0.00447541691889064,-0.011002817440043056,-0.0036350798635758075
2016-04-01,0.00917541173727221,0.006156224098640806,0.008874051048292309,0.008186781113585173,0.010975775482185313,0.009149623552316521,0.014513451784814224,0.014821981794689076,-0.0075370943276815705,0.014594462163761035
2016-04-04,0.010273598859621647,-0.002519322993126516,-0.005911565429287391,-0.008872151103062609,-0.003870124290369037,-0.005495549657663856,0.003093248450971142,-0.0038308197736586225,0.0024110892499515924,-0.009682044081038566
2016-04-05,-0.011789018242797877,-0.015695748817853183,-0.008560890375253316,-0.011884924360712312,-0.014189284911057864,0.003315662205841896,-0.011050188309024711,-0.0006008749934733881,-0.011424216626165551,-0.0013965453376766357
2016-04-06,0.010472600408415023,0.010264161280766348,0.012523770110799859,0.027194899054415078,0.00771107855826525,0.004313919520977372,0.016110453783410694,0.007816071397003466,0.013380420132538928,0.001398498404102666
2016-04-07,-0.021809457333576976,-0.011973951260454974,-0.010350679668275742,-0.017688656382376045,-0.02533611857251361,-0.0013707688233971504,-0.008054964048933577,-0.006801069383590264,-0.01128320838800212,-0.010335116408284217
2016-04-08,0.0011055206446952681,-0.0007345346822114074,-0.0008551484799012021,0.005359848498285968,0.0073273788538987805,-0.0015558923517383638,0.005800402599018373,-0.00048018694760598724,0.010197611933843387,0.0064915398278408976
2016-04-11,0.003313209760877678,-0.0020211158906973115,-0.002541493476306389,0.0022367881300682235,0.00796688528671341,-0.0011913545402960635,-0.0026914614491684308,-0.005649825575365752,0.0013226185249506361,0.006169265887505437
2016-04-12,0.013024665918722533,0.006260348046358999,0.008950151778772453,0.012149125841996566,0.01855646915500775,0.005780965764393464,0.008994977077330102,0.0012092728382224749,0.012361578743602886,-0.0011146774630111933
2016-04-13,0.014487682916413558,0.012808591500944821,0.009930269184131424,0.019314572589734125,0.04234156254799015,0.0024639221278568435,0.015155537767847838,-0.0044668865609156505,0.005690934043405704,0.025111529221707007
2016-04-14,0.0005356809400054452,0.00018085756156116517,0.004508383031775587,0.009645137346663946,0.012946966076400113,-0.0002732699173036979,0.00777796902619321,0.0026900254752297847,0.007072835797495403,0.0027218282023016016
2016-04-15,-0.020071339765181384,0.0052382701057189784,0.005945385008175652,0.008280304996334698,-0.011503558828522942,0.0030954530061562124,-0.003112289582793304,0.0035358352432388607,-0.005384774111440005,0.007872094249685269
2016-04-18,-0.021575247360415828,0.014555264903260312,0.009846101500164073,0.015114463162838598,0.006465596822372799,0.006807026127280791,0.017108360322072746,0.006439970436485698,0.00953305046574493,-0.004309194787132764
2016-04-19,-0.005302994832136809,-0.0012398051402777721,-0.01451101696530066,-0.011725803630659892,0.016861622583473457,0.015775432676011558,-0.008594195532472204,0.0054327655337960135,0.0050123613235857345,-0.01785225063794771
2016-04-20,0.002057571149850057,-0.01418673542356752,-0.0017133305225682793,0.008106368266093567,0.014529550189286367,0.007987651250573657,0.004953598605160314,-0.020773441436834017,0.006844194084558941,0.003855537190526448
2016-04-21,-0.01082814390513942,0.0034180965204866354,0.0065555813474640345,-0.003143830280533,-0.009962522963111065,-8.796635398145014e-05,-0.004436222854056315,-0.009196526395726545,-0.00011525879361318214,-0.0010972460842018084
2016-04-22,-0.0027363707260513737,-0.07171045718659685,-0.05414082851996549,-0.016640241877203366,0.005817582548989675,-0.002201487180244377,-0.020795096603477004,0.0018561294411214568,0.008526302899451998,-0.0038453496716730484
2016-04-25,-0.005677277076581944,0.006373072794098045,0.006017877526041104,0.009186135404233298,-0.005783934035281546,0.0016768003628713224,-0.012261217559149107,0.005682678110389361,-0.0022849333994653387,0.004962885055743049
2016-04-26,-0.00694699586549441,-0.012857697200688967,-0.022688767741366078,-0.014883411409137182,0.005188532028673087,-0.005285864033892418,0.004991228250616375,-0.022847367149214315,0.0034352154214636332,0.0008231184740876696
2016-04-27,-0.0625780138005465,-0.009719846910954177,-0.005390382815970152,-0.016713108458223047,0.002815726556094633,-0.0012401788233896704,0.002928714392023135,0.004274009271649559,0.009471669819756778,0.022752121288338367
2016-04-28,-0.030566450943866452,-0.020415961472179167,-0.022731920888976465,-0.00753417942126311,-0.007955077356363138,-0.002571498267497252,-0.013712318898149833,-0.00162707396892392,-0.0048608420282385545,-0.0297508351143706
2016-04-29,-0.011494027072200153,-0.0006014831243408292,0.00399972227486578,0.09566443185819673,-0.006289174790272134,-0.003556029217765211,-0.0056646657644501275,0.004513801654704608,0.004203032447847477,-0.018508206988786968
2016-05-02,-0.0010668549549360806,0.014838688430668823,0.009224647686242982,0.03678046234647003,0.009335210324765475,0.005977760962570855,0.015794860578622893,0.010608501924199043,0.00825797779988835,0.013228039588135676
2016-05-03,0.016445798701609116,-0.01639999811132109,-0.008356307972829269,-0.0183227069227061,-0.019282140672401082,-0.0005322211047171788,-0.016186639226074995,0.001605619401798597,-0.01144420304022764,-0.01194431336398416
2016-05-04,-0.010401312011551478,0.0018079268436375084,0.004135678952669863,-0.000625743965934844,-0.015824840041444577,-0.0041707474830421365,-0.0015545331768317405,0.006164604384182981,-0.0019291898575113375,-0.0227717650754673
2016-05-05,-0.004058826630119694,0.0014034631011787813,0.004695353315193218,-0.01760321687769084,-0.005359764089863717,0.005881272139391935,0.0037632051620373197,-0.003675683349984138,0.0011373764547950582,0.0060413322867403085
2016-05-06,-0.005577268445907557,0.009010848566813667,0.0146490591632491,0.022546240090086433,0.005878655862770588,-0.0012402402010015523,0.004653349031071619,0.01020891929568779,0.0053382339304532955,0.010294477458480777
2016-05-09,0.0007550716807547264,-0.006350215305305329,0.005446989264488389,0.008606007269745364,-0.006331283775108609,0.008692641362951115,0.006433190230515695,-0.00012147376041704572,0.0006777895982505999,-0.0014149857673462218
2016-05-10,0.006789524558109328,0.018973333116974578,0.014057959723648095,0.03430674196057093,0.013559898407894844,0.008354067482103211,0.012529159463077866,0.004383471703731656,0.016032635746814794,0.01927399052188772
2016-05-11,-0.00974112398439897,0.0005879387899854205,-0.011942403219313502,0.014450891828668544,-0.0037073100757724076,-0.002616460185473679,-0.022261905526170467,-0.004000493796619153,-0.004818180918480741,0.002780934626954279
2016-05-12,-0.023456554646796968,0.009010757196209696,-0.003394791695640609,0.006589756930776014,-0.0006471067459590252,-0.0012237291090918534,0.007632661334648239,0.0031649281530747864,0.009683215254155053,-0.013588479175042023
2016-05-13,0.001992220684742918,-0.008347773893222166,-0.004450008526196481,-0.011157111565377131,-0.009227725609265214,-0.005865779026059226,-0.01360880326654157,-0.014319003668676888,-0.011263278435780899,0.15209452705428217
2016-05-16,0.03711874605525178,0.014683075251207045,0.007546360355060067,0.0010424432376223702,0.007516307603621986,0.0077492540000834165,0.012625561164761434,0.004924382950042716,0.01026341732940761,0.029526806839617725
2016-05-17,-0.004154325021916705,-0.018651872207837594,-0.013843513116598816,-0.021655945513589514,0.0,-0.005330126194577733,-0.012982261570805398,-0.012372664219036933,-0.0004462092981919463,0.0021329340947862097
2016-05-18,0.011445458130197927,0.005939359253074095,0.0022077213925499883,0.003135505889745094,0.038598936392541416,-0.0021085082095856356,0.008334611724318375,-0.009551040733836613,-0.0020106796062872023,0.025544307052425497
2016-05-19,-0.0038069794268407176,-0.009643789412186243,-0.008963820639128484,0.0015340830839882802,-0.010149856342754782,-0.006514718527090735,-0.007103269009274493,0.004257888037079827,0.008506098424867492,0.004381932925797916
2016-05-20,0.010828018169645848,0.0059617000066793935,0.008947085138485633,0.006127260778355126,0.0018930892193083082,0.00526539448428931,0.01027538749792889,-0.0021199488902730046,-0.004105966998059096,0.017910469816509123
2016-05-23,0.01270703239662363,-0.011655075432943085,-0.006179841547774845,-0.008608362806592496,-0.0007874665544191917,-0.004261368569599466,-0.005921936386560578,0.0022492546631691646,-0.0015599542117747944,0.0015791695233369207
2016-05-24,0.015244451835567663,0.031180977495995688,0.022000837258406847,0.010692430348859583,0.017018698010699662,0.0047253363058257225,0.028104596160837714,0.009600874315355723,0.0007808671706368564,0.024273883501829907
2016-05-25,0.0175690461631417,0.010273347930690235,0.006916557358389586,0.005893225309828942,0.015184187055525156,0.005856971509572206,-0.004030872485989989,0.0062987065991544355,0.006579695566128585,-0.004188170508753197
2016-05-26,0.007929827010747292,-0.004412905283093793,-0.0015852930852564562,0.0092609336974534,-0.007478575990888858,-0.003969991880728552,-0.0007590933292357382,-0.0031907082698339195,-0.0050962877107351146,0.01062609873281728
2016-05-27,-0.000597363340515078,0.008287039693210652,0.014479028621945389,-0.003734712076280511,0.00615126032411073,0.0014172736264763675,0.008354504648224959,0.0025852054165738103,0.0023384993936070853,0.0054767791063672355
2016-05-31,-0.004883039168177561,0.012996866112701566,0.0016720175001752047,0.014812427266666317,-0.002445598386935033,-0.0032728955188657816,-0.009038661101694379,-0.004789217037349802,-0.01099871808851871,0.017864800865155184
2016-06-01,-0.014019329478154874,-0.0028303232333823924,-0.0005208110097409957,-0.004634805235053108,0.00643496717774017,0.000798969244223624,0.0035473724119849948,0.009254834260762568,0.002471297065860467,0.0019262349937998469
2016-06-02,-0.0075157457349406265,-0.007001067598313648,-0.005598113531585458,0.012231697576333245,0.0018265793012126608,0.015162070791254312,0.009214725994379114,0.001956254064169549,-0.007955966232421008,0.007050218000161923
2016-06-03,0.0020465953253430147,-0.013147820156039103,-0.011299797281239643,-0.003707522964191301,-0.01777832266084367,0.002358522594112067,-0.00012532905275908224,0.006344755156286963,-0.001807000747873544,-0.014000998737703663
2016-06-06,0.007250360502990327,0.00656477090949803,-0.007881873876210865,0.0016400979284734163,0.009901026693286186,0.00880074854610835,0.00750552965996043,0.0036379394172563195,0.010976097681392849,-0.005163671987301832
2016-06-07,0.004055682189733734,-0.0005754788566767477,0.0014108686225327016,-0.004114265077721169,-0.0033702819255355676,-0.00034536140043095465,0.000745042948727459,-0.005436039465090747,0.015334727910764068,0.0019463356928499653
2016-06-08,-0.0009084046850229566,-0.0011513720026378182,0.01619486563885686,0.004006976446324195,0.00292021071786408,0.0006048079370770676,0.013027630671657464,0.004008083855790545,0.000881851901975983,-0.00323762636761038
2016-06-09,0.007175783319085527,-0.008070718339781568,-0.0005517945600269636,0.0013899306777584997,-0.00766254181704118,0.010362920951706656,-0.00477654049973153,0.006291687141103619,-0.001321547534887113,0.02598535171592342
2016-06-10,-0.008228611248229378,-0.0027124068856066996,-0.012565284487100814,-0.013385542934204464,-0.014054000619261764,8.504684435051146e-05,-0.013290734103313717,0.0003608283230172038,-0.007610220201107687,-0.02490509144986619
2016-06-13,-0.015076694963569559,-0.02602916557920565,-0.0017864487724765787,-0.0037191053147838105,-0.00892867236588335,-0.0018799583580222379,-0.022199962304936705,-0.007571830972343374,0.0067793116580501245,0.01277044077287215
2016-06-14,0.0012329235695840435,-0.006182569743331312,0.001871466679847833,0.005676391395907032,-0.018808362635766906,0.0028255065479296793,0.0021680177751770557,0.009446487684204197,-0.001766170216458196,0.001923769228338923
2016-06-15,-0.0032831171439235973,-0.002809581983763354,-0.001445564842049163,-0.007006781601502476,-0.001771483090935333,-0.006062116525009986,-0.005090691387553359,-0.004799430366357216,-0.002985482000739781,0.010238708185769774
2016-06-16,0.0042205276362494715,0.01408705572069402,-0.010844028173553677,0.004550120920334022,0.004034053237198076,0.001975901089653842,0.0023024750087836665,0.00554548213557382,0.011757152803999471,0.004011920148476067
2016-06-17,-0.02275757385501187,-0.005159589534436515,-0.027614886049711296,-0.01549803515257031,0.0009638636332547357,-0.009945590353989897,-0.017357826757335104,-0.0033565191397045835,-0.005481499487408392,-0.017455348696892692
2016-06-20,-0.0024127231331653176,-0.00119679017518326,0.002669511814324732,0.010787256873059592,0.0014454022207694983,0.009179405659129447,0.004546019059382234,-0.0010828849090751547,0.004409226763098406,0.017979234089748664
2016-06-21,0.008517462966374456,0.022368661314282612,0.0038945772842886583,0.0025349750477419164,0.009299437085992235,-0.0030889205974919953,-0.00012945270192032954,0.004455533041648252,0.004499460902125163,-0.006097373945412765
2016-06-22,-0.003753830289761506,-0.003906861737788203,0.0022430534887580844,-0.0072923803258784226,-0.003812642539223088,0.002409947497973297,-0.010345171090771266,0.0019181997446082732,-0.003933167227247125,-0.0008462120233293513
2016-06-23,0.0057565280373055305,0.018042627193896266,0.006192889276495972,0.016155399154990313,0.02136814344049176,0.007899521830701861,0.022213783572158974,0.007658349035894796,0.0069100763971658985,0.026677842364185134
2016-06-24,-0.028095577658394988,-0.04006931020931703,-0.04150410203381116,-0.03201856378930534,-0.06947718507596556,-0.014908598407508244,-0.04064969015881437,-0.023156745988062277,-0.026252775418562413,-0.05691898710541077
2016-06-27,-0.014561345357974265,-0.02809556007598546,-0.005925108808412349,-0.01087332745432501,-0.03338907197951757,0.007956571623284558,-0.022784593350807625,-0.01252096238436029,-0.005928918841266673,-0.01071492106404015
2016-06-28,0.016840716809857437,0.02085478181261613,0.014857443508119017,0.023996131450350733,0.03315410351612691,0.01441420987739539,0.02481580498026137,0.01514222465298043,0.0230700172336189,0.014589020931148111
2016-06-29,0.008654614930734938,0.02224902776572968,0.00568509788830629,0.010805839528702954,0.028225659434961692,0.009303982147458312,0.021022161886156576,0.017584830643764038,0.01704979460739664,0.016339676787264112
2016-06-30,0.012711795208243393,0.012465422676986915,0.011996804660810767,2.7933222965126348e-05,0.01535947483847755,0.01650862925857255,-0.03348998354628718,0.009056642848880525,0.013843656401865578,0.007717648657951326
2016-07-01,0.0030333279580447847,-0.00019545319212244117,0.009551808105218829,0.014057801392656444,-0.006487163642087013,-8.23627933853599e-05,0.004179692910835087,0.001299500013848487,0.0010667784866256191,-0.007445561186676386
2016-07-05,-0.009385443287990403,0.00019549140154095923,-0.007546627956562801,0.003334758605593846,-0.027913846431679823,0.00807982703711918,0.002550421494412536,0.007784753274174605,-0.008738148861685224,0.01478783078570478
2016-07-06,0.005684618638641004,0.004104179755551884,0.005788318056224151,0.013061448430278899,0.010747480122424102,0.0030258722578853092,-0.008169223098266176,-0.004798680283747414,0.011502702653433783,0.0063357632030323074
2016-07-07,0.004291921905895446,0.0,-0.0024121324464601024,-0.0014100121203947102,0.006479517795083156,-0.0010597535976781813,0.006076627808702106,-0.0023521555277246087,-0.012009931744599633,0.026022959622072017
2016-07-08,0.007713071403351757,0.01790592789511103,0.014874325790134701,0.012544681838379868,0.020633648307384123,0.002775132701844818,0.02563414053181745,0.011080853072696462,0.0062394732521797724,0.040089941255911254
2016-07-11,0.003103003672196847,0.005544519169213169,0.013123948100857818,0.010686328376066534,0.007116419774111149,0.0006514054779460654,0.0013081831936381239,-0.0002328707388628004,0.0037415819598873856,0.023009151505084535
2016-07-12,0.0045369534273502765,0.011789417238615707,0.007301714550750127,-0.007389413605035089,0.014935081364325198,-8.159707007748818e-05,0.012546302160539202,0.0,0.011289950869496135,0.014993926787550071
2016-07-13,-0.005645427553714888,0.005638063427260809,-0.0041363841456225625,-0.007457781419643927,-0.0006329870164984985,0.0006509529438623041,-0.00025843752014087507,0.0016324616781140389,-0.0007369310999187917,-0.0003786999686872239
2016-07-14,0.01982023420013168,0.004298273248326767,0.008663767629965236,-0.0019255583636402784,0.015199433923210437,0.001463263188635322,0.008778790047562213,-0.00023301208314085997,0.0007374745678632166,0.010231168201326524
2016-07-15,-0.00010117904543793799,-0.0007441833428821765,-0.00023086954970796825,-0.007771235927900411,0.0009358574113784712,-0.0014611251779484968,0.0020477329419319457,0.0016304143586636233,0.0017904870901255254,-0.011627669437447974
2016-07-18,0.010629709479035299,0.004841477117739412,0.023884036753460736,0.0008566781945107405,-0.0034277301312970465,0.001138202325351445,0.0001273427724508558,-0.0009299324287164179,-0.003154276155583724,0.005123163818244958
2016-07-19,0.00040066779084169113,-0.016122895972350504,0.00027898218714073053,0.005271244261784824,-0.001563895473436494,0.017135000874858308,0.005235964964916295,0.0027928605308640275,-0.0036911986112488915,0.010383211045608354
2016-07-20,0.0009012673112034353,0.05311738725673254,0.004871121147582258,0.007797767797718347,0.0010964338174928034,-0.0008783795147291329,0.008129853023713274,-0.002105297436356679,-0.005715929325432967,0.013079274464332435
2016-07-21,-0.005302488344072653,-0.0019674022727225182,-0.0035266436565910553,-0.001729842369290413,-0.0037543229525817123,8.031637920313806e-05,-0.007182425647948132,-0.0007035959967404137,-0.0008514960008710881,-0.018443578970893992
2016-07-22,-0.007743843345821788,0.013799041345549767,0.006455270748461528,0.0005776133030614972,0.0054954833327529595,-0.0009591506191078958,0.014215047082525079,0.005395740299557916,0.0017048197514164531,0.02724519515244661
2016-07-25,-0.01337951523608738,0.002828351918886751,-0.002317892845329239,-0.00704832485901663,-0.0026546770462981817,-0.0011195619115331734,-0.012138827570296273,0.0009333635715598199,-0.019253396868943784,0.0184746466592407
2016-07-26,-0.006882819067175028,0.0005291197643610968,0.00017151511863100488,-0.005435302865131164,0.004070637413319478,0.0020819642716878306,-0.005700249053397943,-0.006177448846442335,-0.0072665556185357305,0.01706183984667864
2016-07-27,0.06496344671280418,-0.01004248583203804,0.005702001323528272,0.0014682324632255828,0.003118884902765684,-0.003036629021988757,0.0005092853578112511,-0.009498810462148954,-0.006773734396355535,-0.010065318653516564
2016-07-28,0.013501043133689938,0.00035590609853364263,0.005078835696261219,0.02163793522176194,-0.003575435344242872,-0.002484569021536487,0.008404820768182164,0.004143411753971371,-0.007810333372927025,0.002140500521658817
2016-07-29,-0.0012454441116389603,0.008361546863141944,0.033296880306329824,0.008237933380032203,-0.0020278616588291776,0.0061867981874732525,-0.014396098849490557,0.009197297945648053,-0.01385774413197527,0.016375769705059717
2016-08-01,0.017656547390435096,-0.001764146379617637,0.012131303613002853,0.011768498173212238,-0.002657658899212101,0.001357588530607634,0.0026908409877122175,0.009580636852573043,-0.03473870708051152,-0.006479719834382558
2016-08-02,-0.014804042097133152,0.0,-0.0010238510001767676,-0.009326118199067812,-0.0023509914960216927,-0.004386243473427975,0.0002554433652666166,0.004050254176580115,0.013743263324713206,-0.01216288322142356
2016-08-03,0.012537903644291193,0.006892901889580916,-0.001499929245897924,-0.007809852750616408,0.015867908213052173,-0.00760921464565345,0.005493035089603637,-0.00910542221044508,0.005169688953474028,0.00267699295882573
2016-08-04,0.006177505390269289,0.007372302686785792,-0.002090261008047989,0.008123166239300872,-0.0015465071524524143,-0.0003227806643454345,0.009783025511562071,0.0009306493864607024,-0.00011393519651370365,0.01850813852528388
2016-08-05,0.015207105286523248,0.009931492765740346,0.012141783218150293,0.0068482730644587875,0.026951684522357855,0.0030678518250730757,0.00830373928854189,-0.003138107950636182,0.0009145468749358621,0.01694964074500449
2016-08-08,0.008280963344186487,0.001725633953294059,-0.002106712635468133,0.0007571824009775519,-0.003016654171766886,-0.004748450177685437,-0.0023707035467289694,-0.00023288795203046941,0.011763393438022796,0.009278199864797498
2016-08-09,0.004060145831518147,0.002411250172314583,0.0027942332806258907,0.0022829661839738336,-0.0034796193085772087,-0.0017793285407575743,0.0013760597549263842,0.002682023923361143,0.0012417125837134169,0.0025535298788077476
2016-08-10,-0.00744405851182095,-0.003092604970349244,0.0012508128567776389,0.0003254093459907903,-0.008956909451980466,-0.0005670778861729397,-0.004746756812304631,0.003721268867110661,-0.017510311096607944,-0.006452696997959251
2016-08-11,-0.0006480679873395179,0.004825675700195875,-0.000358628699816288,0.003487011188573863,0.0027569261907156584,0.0033234104800619058,0.005522069167029242,0.0048663743086221345,0.0035877189236872553,0.020338419884430747
2016-08-12,0.002316073590869827,-0.0061747490846739694,-0.001422934357117156,0.0017114796152302159,-0.002138590148119901,-0.004443766562212903,-0.0012480770519756046,0.003574062712859538,0.01303070185772981,0.05594636223168692
2016-08-15,0.012016954999122698,0.0031066312181957656,-0.0013504759855611503,-0.005268169437032899,0.006123676952336954,-0.007384903433257928,0.011122329253232976,-0.00022951658711467537,-0.0004552852228013604,-0.0009519414213153832
2016-08-16,-0.0009132525751546217,-0.005540216587287761,-0.0059186143256941826,-0.005790572427475604,-0.00015187833140350993,-0.016188500591953203,-0.0012362954239161228,-0.005056351887078869,0.0012523220914442135,-0.006033420189423877
2016-08-17,-0.0014627073990945982,0.0020893142267235376,0.0052797284826349156,0.0007721861215197467,0.002739336217180144,0.008144455169193154,0.0021076163816040605,0.004388921825646319,0.0021611991477916703,-0.0231629211183334
2016-08-18,-0.0012818105512998335,0.0006947377156538703,-0.0033150755231140527,-0.00022230741123796527,0.0009105676138803087,-0.0048637988317852265,-0.0070507451062691295,0.005519639717438407,0.009079830551352197,0.01553545981983806
2016-08-19,0.002566911396712168,0.0003472021381218937,-0.003861706883071858,-0.00935295955161386,-0.0013649832921162064,-8.309086740876381e-08,0.002491142947868452,-0.0014866821798060759,-0.012484768646600863,0.0025766745879090003
2016-08-22,-0.007772534585725355,0.0008677784937536348,-0.0033765355468945435,0.002865342214060762,-0.0009108327302860264,-0.006587693776227477,0.007332179125382865,-0.005268706779116505,0.002163886599123366,0.004176081314439806
2016-08-23,0.0031332605293190596,0.003814736425104437,-0.000451710705804631,0.003910632371425082,-0.0004559816688614049,0.002602349851740682,-0.0032071564795358443,0.006333013971032031,-0.003068402566242412,0.008092260936934492
2016-08-24,-0.007533345240593348,0.0010366107664712132,-0.0037534923876455517,-0.006820175142353779,0.0027369879120622276,-0.006111866290765766,-0.006312267661752413,-0.0010298786547636718,0.003419999680541741,-0.015419088842634432
2016-08-25,-0.004257825993249642,0.003796156236424597,-0.0028983218868547933,0.0026015001671968463,0.001819478469592184,-0.0011793260533522476,0.00037384817509567014,0.006757602473619118,-0.006362147685318509,-0.006619470299757291
2016-08-26,-0.0058567787438025265,-0.002406378816730892,0.002426520096266982,0.012881700868071944,0.002270366979122418,0.003963936739035168,0.0031121683973278635,-0.003640295499819146,-0.002172432027809368,0.008126249327512713
2016-08-29,-0.0011222752466927277,0.0012059069935366207,0.00327785751935461,0.002977844893519377,0.011023762403560067,0.007392248723350647,0.0037238674301571795,0.008220732176984047,0.00653121770339915,-0.0006450005027451855
2016-08-30,-0.007676586971427257,-0.003614396833229283,-0.004900528972390017,-0.004810053007818782,0.008215258601312447,-0.003752466968053536,0.0037094453728387933,-0.008606861434801272,-0.003643029984330748,-0.005806950300322744
2016-08-31,0.0009437852273437297,-0.007427969810220758,-0.002614052180349824,0.0020583799042324102,0.0,-0.0010878363416406689,-0.0033263438397902467,-0.002627488452272897,-0.00434168653446132,-0.004705756157861396
2016-09-01,0.005937609467753235,0.0022627606769773934,0.0019623398746937415,0.0018981238371065245,-0.004296517589849835,-0.0021788769832906674,0.004944397124376554,0.011453665823380588,-0.00344262918920768,0.0295075590237035
2016-09-02,0.009369784858402674,0.0013889750302422676,0.006911974927508391,0.00236182352259795,0.004166031641940959,0.0020153604185726426,0.00860999745186053,-0.0012458196804377986,0.006678719789236842,-0.009817699190136087
2016-09-06,-0.00027870466611035205,-0.0010402677527703297,0.013992168790026183,0.021270230329795137,-0.0007406465835160247,0.0036038177168871144,0.006463664720600892,0.0049887055408917025,0.013155224327738635,0.009435412195282877
2016-09-07,0.006128105254850302,0.0008677801255501105,-3.715066232012898e-05,-0.005564959815286041,-0.004151603160344575,-0.0011686679498577046,0.008602975280197489,-0.007784309887105656,-0.003726442449092815,-0.01473393054122818
2016-09-08,-0.02620896605928047,-0.003988818398627525,-0.0063738615756809835,-0.00053538417729182,0.0013397286538381348,-0.0011709517006580628,-0.003243918585320804,-0.0019330231285533683,0.009179659484690905,0.00723588967562816
2016-09-09,-0.022650025769088256,-0.02124344045134896,-0.017886495319732965,-0.030507848187831588,-0.008921826719858972,-0.010379108004225368,-0.01976619818774883,-0.01754384375002127,-0.024817202891187162,-0.049808411305836686
2016-09-12,0.022399464496944077,0.014944088872554051,0.013113912336378597,0.014931488109319435,0.006151458946677568,0.007865804227093154,0.02016477921002635,0.023307429911326727,0.005181816354433044,0.020665419090138748
2016-09-13,0.02380473475524636,-0.009114810185473998,-0.012643824576509255,-0.01358415691973791,-0.007903138188590786,-0.013007388235317552,-0.013016819913586275,-0.013597950256606706,-0.02382852615925124,-0.014485477210912312
2016-09-14,0.03538674634722594,-0.004776327848951878,0.002206098986371474,0.00010516596472487372,-0.0019540907813726527,0.002125865973520602,-0.0048843236403299795,-0.000459551526600932,-0.007158641844962399,0.008852419411065515
2016-09-15,0.03399853315510115,0.01653043041509572,0.0136251925941413,0.011299591339365866,0.003614295090473396,0.006533155026232862,0.006381267921994338,0.012067545248294786,0.005673719907402175,0.03791373409847765
2016-09-16,-0.005624559026539688,0.0010490738167237001,-0.004068944574991962,0.011472093767138869,-0.012304987540191381,-0.0032032937893375912,0.0007313171341456481,-0.0001137113405438317,-0.012341593221548708,0.0023928034876941062
2016-09-19,-0.011660233838448164,-0.005589196875759983,-0.003233074083580534,-0.004392889723924931,0.005621465011544702,-0.004989542378247114,0.005361529324361181,0.003634546429882368,-0.0023799130475441466,0.01320813608577387
2016-09-20,-8.804327561762193e-05,-0.0021080306190168763,0.005519317611640817,0.006605612482086798,0.004079430706311893,0.002464726231109715,-0.0003637893959501648,0.002376072825124309,-0.015387981777166382,-0.009109663044314487
2016-09-21,-0.00017602867998089966,0.016722345675201256,0.0065643062957980725,0.012201633012272062,0.005717590745081491,0.008138756501476108,0.008972014583028765,-0.008805631850475892,0.009207273642911407,0.028055454665680823
2016-09-22,0.009423118726452184,0.0010388695638166023,0.013564652965097457,0.018942971304031886,0.00822892498980865,0.004625490618840766,0.0016823489173192208,0.01355360283265128,0.0028812733979499683,0.00246668161353103
2016-09-23,-0.016663683392342032,-0.0067450510422966126,-0.0012131137025247485,0.001304780986035814,-0.0020779272937250237,-0.005441221561497289,-0.009836956239357764,-0.013821892507342226,-0.001077399523601863,-0.0010765271105522833
2016-09-26,0.0015082147761722453,-0.009228614101876031,-0.015105270514811364,-0.008178673372517098,-0.021858637032410866,-0.008669432382016895,-0.008844107688869784,0.0010261076177953132,-0.0046735569053334425,-0.009391893977274246
2016-09-27,0.0018603743294625108,0.018453412695200955,0.010066814179404693,0.021209766342872083,0.008817048551317264,0.012226394253859407,0.0042777611957594,0.00580510288986269,0.0021666896038963213,0.03419359861482052
2016-09-28,0.007604454868412436,0.001380642429741341,-0.0008264499687316018,0.015451367903480895,0.0052740753045725786,0.0014257696305968182,0.009858988779020805,0.012449348278463335,0.043969866868283525,0.003606822895702688
2016-09-29,-0.01553335293248681,-0.010856635835743034,-0.009159850851809814,0.00039816983651275173,-0.015889062632221784,-0.01775681083641245,-0.012654850338138735,-0.013749269025429833,-0.0050631559252495295,0.009284248590540223
2016-09-30,0.007755732281377492,0.003484268239799082,0.0017690048146812298,0.009963259640341393,0.014318034247337463,0.007333207240064699,0.009521158823479592,0.01722748765758042,0.009483700459566036,0.016617143882621477
2016-10-03,-0.0046882436987419895,-0.0031251914580829876,-0.004576720812563662,-0.0006807419549713645,-0.001201302987645092,0.005756631319256078,0.0019344355215169529,-0.01214463745353278,-0.0026351716078920617,-0.0010218921225901845
2016-10-04,0.004266111508569592,-0.0031343914876101886,0.003011001358460774,-0.0032388043057740568,0.00863235383554195,8.411876328140444e-05,-0.0015686450102591065,-0.003496821143060602,-0.00919006075781681,-0.0021911680490669383
2016-10-05,0.00044232832841561986,0.006987864314585535,-0.0019429820810359377,0.012385611223332038,0.01636637268944985,0.0030302011275662455,0.007494404805333144,0.005659251855953729,0.008695552701824871,-0.001024828479273543
2016-10-06,0.007430233433271427,0.0017351035992390074,0.0023087389028892957,-0.0031976485459955795,0.0026592849151569897,-0.0036081334330482218,0.00012010642311510722,0.0041645393131570785,0.0004600691083389563,-0.013044345524806378
2016-10-07,0.0014930276596087921,0.0010389321826806963,-0.002951039390768795,-0.002649520849079323,0.0035359961080565494,0.004126082778922013,-0.005758043737604135,0.008742129904185214,-0.0034469193535567877,-0.0072762866215433375
2016-10-10,0.017446874886984265,0.004152231730896183,0.016809957913342943,0.002716090966688789,0.007781584914179573,0.004696588186020589,0.0028958433126815564,-0.010444542728634043,0.019598891474551072,0.003739594137321278
2016-10-11,0.002154090189870672,-0.01464503893774316,-0.005649814189161995,-0.012724087581184262,-0.004807784004031701,-0.0180300632746887,-0.0129935198065666,-0.005838670998654649,-0.007915033612966749,-0.014455827707406943
2016-10-12,0.008942278348843757,-0.0013988400656526068,0.0027173595263174644,0.0037183888517926533,-0.002635005258884826,0.0028052209855837784,0.0025597201630283006,0.0003392847235621499,-0.006952288609438528,0.0045364444043534125
2016-10-13,-0.003067851953949985,-0.0033270209632653147,-0.009473084561037792,-0.005766706205961869,-0.005724165562008832,0.0024580805703435793,-0.0046203135021115616,-0.0037259262244827562,-0.006541913737248328,-0.016257580360700796
2016-10-14,0.00555633757867402,0.008784203710720861,0.0006466216198104391,-0.007621114382127869,-0.0032476768340058415,-0.005919153019597112,0.00708471785751974,0.0021534033667423014,-0.00023086658602411436,0.009793411942366603
2016-10-17,-0.0006800247838181228,-0.003482831453330726,0.0027841768373211284,-0.012163403806223938,-0.005183745074450963,0.007910718357168944,-0.0036388563209281966,-0.006785360434743426,0.0,-0.005758804398801276
2016-10-18,-0.0006804166407028411,0.007689548267796553,0.018157278494567608,0.0057814285169965896,0.007890409070977489,-0.025993520414830718,-0.00693851028893866,-0.004326345944417165,0.0026574340083822534,0.015241752321025537
2016-10-19,-0.002979754144035285,-0.0022543167332114145,0.006512445286127377,4.889381476447241e-05,0.009600967027841634,-0.007105176820002779,0.015077388405157377,-0.01428929772921761,0.004609925212851529,-0.002101732816514379
2016-10-20,-0.0005120082513303537,-0.004867413751261762,-0.0063009772020932164,-0.009013190047870712,-0.0013166599449145888,0.0024434559510544407,-0.0037436310902467795,-0.0071311335846883095,0.00045876997407456876,0.01895587273665278
2016-10-21,-0.0039298041291313535,0.04209611060833662,0.0029574837125272424,0.010699531288220099,0.003369616873627468,-0.01244868563666246,-0.0018180782593837375,-0.00706477222424251,-0.0067653942139820344,-0.002805179348307596
2016-10-24,0.009005248833231283,0.022460749676789016,0.014173769648105239,0.023321359043681378,0.00554824777744356,0.0014985910029730043,0.009957108922457492,-0.0027270842314012222,0.0033480447351348364,0.04693502945445238
2016-10-25,0.005099849384448296,-0.00016413581194574256,-0.008603111531735541,-0.003472185240017467,-0.001016455081399692,0.003080578384643484,-0.013706540602586692,0.034126271381132334,-0.002186046289797128,0.016404969005323844
2016-10-26,-0.02249454266027262,-0.005902617808924204,-0.007784833880191577,-0.015074535910763909,0.004796460445664064,0.005264985316361326,-0.0034135095638341273,0.00494379753269647,0.004266619092980539,0.004035081190914891
2016-10-27,-0.009602933919406031,-0.00874146695283895,-0.005777794006396442,-0.005142344747451566,0.001446637783560245,0.009951123301244591,0.002079872252698678,-0.00938192618177014,-0.0019520661836240905,-0.020510012689275436
2016-10-28,-0.006638756050519223,-0.003826947952109472,0.0027039246317617227,-0.05137097153119685,-0.0017335851400512858,-0.003197949481647644,0.0036617999951118474,0.003003027645428702,-0.024620229686090678,-0.0016974357512877791
2016-10-31,-0.0015829010051908732,0.0008351661605368044,-0.011787028248859466,0.017389715688315377,0.002170726858622629,0.005722557685645002,0.0035273787567293713,-0.0004608832186011602,-0.017221151766396714,0.008503260624243447
2016-11-01,-0.01805530213810591,-0.002002697551880206,-0.005457405031658258,-0.005583574478747688,-0.004187133913384655,-0.00560366063447737,-0.01078710337373312,0.0005761422975982811,0.003960686580667394,-0.029651737370676945
2016-11-02,0.0008970868297379919,-0.006187435313762757,-0.021179683152834472,-0.02527343172478269,-0.0042047397216703475,-0.004161938598101544,-0.012741613616659597,-0.0012664878033372684,-0.0023907940470792033,-0.004199733434386843
2016-11-03,-0.010719174708903934,-0.0037014042334436725,-0.007901962208507696,0.0019202044816464259,-0.004367920209744525,0.001480498428108934,0.000868530681170876,-0.0016141547802541734,0.002516643652409556,-0.011634646640870772
2016-11-04,-0.009013971425474332,-0.008444680819322814,-0.0013935943664226125,-0.015618758464616245,-0.009067153728303357,0.0006954102318337263,-0.0035956406466985946,-0.01755207567765893,-0.0010757144568834809,-0.00573871194767106
2016-11-07,0.014425141300067779,0.029126133465868564,0.02679569245280522,0.03957352587370777,0.03128682298886232,0.013465465254387077,0.026754808352341675,0.017395817506810962,0.022495500396937596,0.054758120030115265
2016-11-08,0.005886860572556829,0.000827563653597263,0.012405790302911557,0.003592744877303433,0.002146597005583839,0.0033429707418526355,0.004484424851738167,0.010396917780071124,0.007202350817573144,-0.0015433625840338694
2016-11-09,-0.0016205221951373083,-0.004961205239951694,-0.007869381313783563,-0.020145959442710915,0.04598012680314789,0.02785122213019875,0.004343518463922225,-0.017493328122345053,0.011018361924153286,-0.01686360712375623
2016-11-10,-0.027867707833138966,-0.024430792758644126,-0.03140578384278958,-0.038218433465590174,0.04641665978319276,-0.006400115552580465,-0.016458748718440108,-0.03456299544123154,0.009275477992796821,-0.03130343468048913
2016-11-11,0.005937495961933381,0.005451571338920713,-0.010944485956878025,-0.004539427120207162,0.000521730630910433,-0.008950909823978725,0.0001223774810261702,0.007473277057562733,-0.01585293125765197,0.29806659729001317
2016-11-14,-0.025085585336568905,-0.015249056959905083,-0.02401059185215293,-0.02698208778702238,0.03677158835922367,-0.015784518404393322,-0.04274573480332022,-0.00693933579917827,-0.00455234569348939,-0.049221359947967835
2016-11-15,0.013243834343525052,0.01974691702726994,0.02912833871747833,0.03361285959439342,-0.0018870392409811032,-0.002401505132360482,0.002423908276841802,0.007469676063581732,0.018057939414699575,0.0304883894376462
2016-11-16,0.02688817075294625,0.013249794205277832,0.006218029096972222,0.0043728080913219,-0.024697504442153795,0.00034393474714078387,0.02136364629195664,-0.005141977292884792,-0.012324368812845488,0.0631159458404098
2016-11-17,-0.00036369460959373434,0.016596519926755704,0.007923424657845235,0.013275426153116943,0.008010874253739475,0.001804715483928021,0.01236281753295998,-0.00144224644562585,-0.0060638179486014465,0.008294424306015458
2016-11-18,0.0010004675081816128,-0.0047821957658319425,-0.012961986976625428,0.0049709076377260075,-0.003973856458889924,-0.003541554974452077,-0.0030839434561411583,-0.012881188543386601,0.0005865617142837287,0.010498976401547955
2016-11-21,0.015173782913955769,0.008450818535426174,0.011379572555314299,0.026099784123540415,0.004375356139692199,-0.0031206829937145963,0.01076473360099528,0.007804573273439752,0.014188589387061468,-0.004070673691348947
2016-11-22,0.0006264237282360696,0.0042719500010461875,0.00025480280734235805,0.006833296555739166,0.006150101604392555,-0.0196521729402922,-0.021544755946625416,0.0014523832679860238,0.002196851224516516,0.007206381004821516
2016-11-23,-0.005098353029745706,-0.011779752091628404,-0.0076432155492486276,-0.006634104297313703,0.004202295340868023,0.002927156309076029,-0.0045040614705527116,-0.000966493577753802,0.002768651713815462,0.004919457475856648
2016-11-25,0.005034513519186268,0.0021519245928729447,0.001578832908612826,0.00032048307371135287,-0.0003806429682740031,0.00937460479302632,0.007037755592519623,0.00943392060521453,0.0023011613261625374,0.0020212155948515775
2016-11-28,-0.0019680005600822836,0.0013215800755654872,0.007126054061135312,-0.017427637731796786,-0.006469475917776912,-0.008762006432101566,-0.013103839149985141,-0.004672522058808748,-0.007461338259689421,-0.0005302516219460873
2016-11-29,-0.0009858663020537728,0.00791964728298078,0.004645027745668218,-0.005542770856085566,0.007661029300364719,-0.005745258324938773,0.0008853123941054974,-0.00216702882802855,-0.0065914105137988566,-0.009138535426282623
2016-11-30,-0.008433618346654903,-0.013586661162571234,-0.017176588827154005,-0.01567171630962705,0.01583878675542083,-0.010490961219233319,-0.02312067916190097,-0.005187736095681572,0.016298049344566135,-0.011259952571510357
2016-12-01,-0.009319494046458043,-0.017590421293403047,-0.01488646293061513,-0.009219677712789864,0.020206923525510012,0.0007186733803308254,-0.02444342161495594,-0.0072763886060126515,-0.000687528822418626,-0.0494580928007865
2016-12-02,0.0037444199056846372,0.0008446343344863383,0.0001699869680014121,-0.004451035987987906,-0.0023234987990440326,0.005207639672169195,0.003844395759888375,0.006596762318143101,-0.0022926540414038854,0.009242938615434015
2016-12-05,-0.007188342463446906,0.01637143071152658,0.017999748486210443,0.0256909057332686,0.020343561998110715,-0.00017863127958328562,0.020998204978779578,0.007160078018929816,0.005055322865308298,0.03877853972350764
2016-12-06,0.007698730768274986,-0.004483487614711845,-0.0026214978450409543,0.007058616912970717,0.0051646930511617395,0.0010717139564244693,-0.0025866821207966018,-0.0009639338679775511,0.0009142016462906355,0.016434158870779703
2016-12-07,0.00982272391379757,0.02368623549360338,0.019699375067370628,0.007453704544334361,0.004540559795364274,-0.008566564022497558,0.02853014982905333,0.015317616615892371,0.005824860293565992,0.017989651490007752
2016-12-08,0.009817155185976922,-0.005865986943298429,0.004674612249724763,-0.004010774754608759,0.012489764304894235,-0.0009902998182134137,-0.00037828992184851806,-0.008077789472487273,0.0028382998323803754,-0.016724570927996396
2016-12-09,0.01632161522216924,0.015734956029106906,0.01795854860289281,0.0017332256331263896,0.004346075939508864,0.011442623053134593,-0.0017653352830677704,0.010419035094726858,0.007699431391324119,-0.017757994597115134
2016-12-12,-0.005704051835438095,0.0032277949405876694,-0.0019150138550618756,-0.011110195752249585,-0.008889576631002205,0.027614386762202736,-0.008087378808850021,0.009008233512799446,0.022247477775214408,-0.02428667960118014
2016-12-13,0.016681341915591563,0.013028440754451198,0.009208921980969453,0.018707533690754286,0.0003541567879876695,0.004594169669627446,0.008917392650337419,0.0005873284495550024,0.017586115106792644,0.017635813801968325
2016-12-14,0.0,-0.0047631674532693236,0.0031277574502073247,-0.007128578366329963,-0.0003540314053623872,-0.0077657301634198594,-0.0008837648899144845,-0.009509552936673549,-0.021602891953474312,0.0579137078056311
2016-12-15,0.005469477391118804,-0.0015955477687200625,-0.0027387475561181374,-0.010171500111440857,0.014988818020237993,0.007826508718247416,0.004675637382673736,0.0036743094705162793,0.0034220270213893844,0.023432263930967867
2016-12-16,0.0012947908291469634,-0.00447441468254306,-0.0071231054524034665,-0.004244389662962256,-0.012325325653599117,-8.624414436420036e-05,-0.014465394934372933,0.0,0.003191272278118218,0.017221977058574423
2016-12-19,0.0057772024874049865,0.02118797715403309,0.003284531394942114,0.010860789451083708,0.005768295169354509,0.0012084615364909013,-0.0031905901426023675,0.0003544795990115812,-0.008335407622986013,0.01215014069330822
2016-12-20,0.0026579526798558017,-0.0012575920803766794,0.003323039659537619,0.006814662979457875,0.012876248863443518,-0.0031034415405352123,0.0033285047373528,-0.001652836532614832,0.0001107195606651068,0.03483183135094681
2016-12-21,0.0009405848540742223,0.0,-0.0036801737613817442,-0.0008039740674586904,0.0025424437605865435,-0.0030260027297082104,-0.0028070997049595148,-0.003429109356839821,-0.0016588177535097337,0.006276146000093963
2016-12-22,-0.006577694425075831,0.00015752263415924617,-0.0031026054626667188,-0.00552809351859862,0.0016141342954307802,0.0011277573779455707,-0.0030714232712442113,0.0022546387110355948,0.006535404756273344,0.012094637709950451
2016-12-23,0.00197775469767536,-0.004878076242485152,-0.0023218142548596665,-0.007503256485194232,0.0018414296157094334,0.004504490603464806,0.003209334739046499,0.005800604300192136,-0.0017608930060241113,0.024927605900267213
2016-12-27,0.006350746638757787,0.0006324733689042628,0.0026367002142748674,0.014212667910831422,0.0009189098397028861,-0.0004312163056258145,0.0025589829767056482,-0.004237529282912766,0.0004406967780969939,0.06868304187913266
2016-12-28,-0.004264217901244871,-0.004582886952246956,-0.006617751036625097,0.0009463060338679163,-0.007230629669397137,-0.006988325072970425,-0.0006379306773670601,-0.006264663669441339,-0.00495807795965908,-0.06878618648202994
2016-12-29,-0.00025668887540242213,-0.0014285272848577613,-0.002100550924655664,-0.009039903514286185,-0.007052245980380789,0.003388584580491516,0.00038296107544888436,0.0033307217620184293,0.0005533078891168941,0.0199538463995399
2016-12-30,-0.007795543930210425,-0.012083032292969365,-0.01299077798277537,-0.019969939098456124,0.004657060031763249,-0.0024244843183119924,-0.003957658241520834,-0.0032006917986484584,-0.00099609516859267,-0.04208904327354612
2017-01-03,0.0028489979544481514,0.007080981659428165,0.019635262291088473,0.005067508446695346,0.01089368393167689,0.005468369112853644,0.018969472762086825,0.0014268626672262474,0.006979426204882566,-0.04431322725069775
2017-01-04,-0.0011192306089014004,-0.00447441468254306,-0.0002970184887816085,0.004657284610836365,0.001844482897246813,-0.001640199653302754,0.008176213207066185,0.0035628944268981666,-0.011002163148168487,0.023330965757248245
2017-01-05,0.005085414090552298,0.0,0.0064995671560794666,0.03073239887913859,-0.00920498636437539,0.010462584279623321,0.011728110674098735,0.006627194584550633,-0.01490696992919549,-0.0253858454066761
2017-01-06,0.011148225015533253,0.008667870985807902,0.014993531517109027,0.01991160088348276,0.00011586091797188836,-0.004792291280395822,0.01381177076356499,-0.000352083960017624,-0.000564765913286025,0.01336742037596994
2017-01-09,0.00915945889124603,-0.0031826321290161497,0.002387062256882011,0.0011683855384734265,0.0006967836182807385,-0.0001718801811344539,-0.005595499396436443,-0.00740936476304932,-0.016497122623783667,0.04054341181662435
2017-01-10,0.0010084185846395144,-0.00031929975985189873,-0.0014144780919201905,-0.001279990502987438,0.002900960627055582,-0.001032139204669047,-0.005382385704856052,-0.010782020013279214,-0.01275269467184914,-0.007550088694093904
2017-01-11,0.005373208837579746,0.00910220155270336,0.004661036336049085,0.003920142024267603,0.007520680432521187,-0.012310464316368064,0.006026420690039114,0.0031140527124453588,0.010240777848451454,-0.012304158297868906
2017-01-12,-0.004175343085631611,-0.009178561356757653,-0.0003977168751140292,0.01829738902683742,-0.009646417846360222,-0.0009588810219876009,-0.005256771174681818,0.00107454059854728,-0.005414221978568112,-0.016356192429566763
2017-01-13,-0.0017609718334193891,0.0014376737739025813,0.0016998768981069112,0.004301638082535808,0.005334121311821427,-0.00017448579140877385,-0.002457918973961859,0.002027901476236993,0.00011608569751819786,-9.661109638903209e-05
2017-01-17,0.008064377959196456,-0.0027113829173706083,-0.004188106400300762,-0.009080412088530276,-0.03633185415155149,0.0023562714971887555,0.0011091656060604471,0.014283687300160386,0.011696488024456109,-0.022430465855736048
2017-01-18,-8.32527520391313e-05,-0.0004795197718466815,0.0018853325628784834,-0.002766376316502228,0.00466752997353348,-0.0014804609734205831,0.004060628224206164,0.004613154949361986,-0.012362717798747203,0.01819816064653268
2017-01-19,-0.0017501116405258532,-0.0032003538154932176,-0.005609144723807136,0.001931914448134897,-0.0076245680137607685,-0.0043591035077648055,0.0017159540346609603,-0.0027079675131505,-0.017964679910219106,0.021466506683297748
2017-01-20,0.001836585553919523,0.007062659051344289,0.0046097126742215,-0.0008775727540912825,0.004441533140859377,-0.0004374289058878267,0.0013459257732262309,0.03246779891324758,0.013690873211063215,-0.010935375112152146
2017-01-23,0.0006667129105188963,0.003506767517545084,0.019633567583427824,0.011814504334756615,0.00047835752725999825,-0.0021027102205241066,0.0037879199293473498,-0.0056035516849669564,-0.010711847935256924,0.010383242549738991
2017-01-24,-0.000915929593971021,0.008894478450164556,0.006039651322707229,0.005575405566935476,0.01206541277463713,-0.018874526990081852,0.013146540149843178,0.010350019898688334,0.0014127644191495037,0.02131521470446085
2017-01-25,0.01592072910317488,0.002518875473571436,0.010499867175158162,0.017119754327643122,0.015462717727037445,0.009305627720346932,0.008050433694420489,-0.007967860685064165,0.0029375654115648686,0.004285839300488092
2017-01-26,0.0004921514596627485,0.009265107852367116,-0.0017123674569486935,0.0031439832513029398,0.008368901400454654,-0.008510627098377133,-0.007866781711119986,-0.0064248569177625114,0.003047153267734082,0.0172557114227736
2017-01-27,8.206421623491167e-05,0.023494405857166667,-0.013944372681513939,-0.004027854767751027,0.0020753950400520527,0.013769811213907968,0.006367427425689742,0.0013860937524377004,-0.0010517069060441697,0.019334221744866653
2017-01-30,-0.0026241398156159335,-0.009881239940540354,-0.025087745489486113,-0.0064491599651470555,-0.010353351915352138,-0.0022052312141200847,-0.0008359410045855054,0.00034590267332879066,-0.007601552374712828,-0.015657043943997917
2017-01-31,-0.0023019505266382856,-0.007370024525549912,-0.004418399061663636,-0.008309477885662386,-0.016273248003224938,0.0010608783947145817,-0.01182764175267148,0.009797939227723207,-0.011430578640779787,-0.007635083500300843
2017-02-01,0.060980549683193,-0.016550512490622782,-0.006035244113898552,0.010771373223389613,0.0037809135198714205,-0.00017668394126468812,-0.0032648496776955804,-0.003081628280795834,-0.011324416463096676,0.04368955655959472
2017-02-02,-0.0017088240345259909,-0.006448736709855463,0.003704257601970573,0.009130799911785559,-0.004237706970363853,0.0030029342408091075,-0.001698261606477569,0.004923492983918809,0.0061489728745385275,0.01263675205096182
2017-02-03,0.00427921152076749,0.008073629723093667,0.002285428324975358,-0.03541884643413129,0.030618442384525046,0.000616389906959558,0.04592987727993858,-0.003988080603180788,0.0010786648687763911,-0.008752820885874701
2017-02-06,0.00937383022218996,-0.0006282369956346345,0.001816871991940916,-0.003159673101806648,-0.004703292853140417,-0.002111972786177363,-0.0029040737654062454,-0.00011457740426068508,-0.0027533637754084683,0.025616621669249717
2017-02-07,0.009517574104817017,-0.0032996985471327456,0.009262179861604825,0.006017533324283564,-0.000575909904492744,0.0007053645315695523,-0.0005828104365823705,0.006979493223084443,-0.006481615002404739,0.015514363825068545
2017-02-08,0.0038772220782619105,-0.0014190205152643243,0.0007838784467677495,0.008873854417067228,-0.008764070493576304,-0.0007048673431463426,-0.008043747490785291,0.0036360307318958895,-0.006583607749369058,-0.004364967488734051
2017-02-09,0.007226259589532047,0.011367152843815509,0.00021675417989142076,0.0020129181561270304,0.014425408177968002,0.0059964275376476195,0.005758607890134382,0.0038491826208777447,0.004418346935808115,-0.01880105335519977
2017-02-10,-0.002265588458596146,-0.0009366659439552505,0.005770698737478819,0.007426714212598773,-0.0022936215891213863,0.010168165649696803,0.0037392065430397192,-0.00789397210870868,0.00830874273405402,-0.023715700764035286
2017-02-13,0.00885537761909383,0.011250329667740866,0.00492321484943159,0.010961226604057517,0.013218530604283796,0.005553591475052855,0.00628616753588207,0.0038642651680727003,0.005816420428936375,-0.046118380648050294
2017-02-14,0.01297974681380576,0.0037306326472243967,0.001275256617870868,-0.00016735728527716986,0.015995167462685478,0.004142381722179289,0.004743171007371982,-0.005095234241535018,-0.0021681645024863583,0.0036904461232787344
2017-02-15,0.003628577021881574,-0.0006193846344486609,-0.0032260467540378146,0.007544288006336997,0.011500977970242854,0.007218986673143801,0.009863439554941955,0.03710408762496198,0.004105213101342153,0.00202262084756355
2017-02-16,-0.0011804607610407247,-0.000155286552565026,0.00579236452515941,0.0017088504510960334,-0.000662401873715579,0.007508535823693263,-0.0014849863519051931,-0.003621412901130383,-0.01034154002695642,-0.016055199045073798
2017-02-17,0.0027334305669721726,0.001549957182941375,0.005200763224615823,0.0011017404426045818,-0.003313342892261706,0.006605545460129925,0.0005717473025912412,0.003303855382165821,-0.00656155652933077,-0.0001864484259070931
2017-02-21,0.007220943851322659,-0.0020117212720115463,0.0032131110277655583,0.01345442812180253,0.008643956725957969,0.006730543317304383,0.005259768360609263,0.0063678816897472235,0.001590081582947045,0.035810829927958476
2017-02-22,0.0029993144838120767,-0.0020158420978833025,0.002460821442353822,-0.0009691301880624392,0.0005497221545636144,-0.001170038770559323,-0.0013646967639346919,-0.002509184769659667,-0.011722966325243722,-0.0015321819293466765
2017-02-23,-0.004230061292810894,0.0040397620727152805,-0.0004228421174254926,-0.003997092731641838,0.0007682242816493545,0.01823989036376661,0.004327831673268223,-0.003390005079172531,0.010502995779571256,-0.09272322597195326
2017-02-24,0.0009517997643537779,0.0,-0.003748488742368661,-0.008155454539350404,-0.008778302043279895,0.015136457339274045,0.0028348814476431006,-0.0008778054241306288,-0.008559628363572602,0.009652716457583477
2017-02-27,0.0019757854682003195,-0.006035098302592523,0.0021938773889000895,0.004022482721395049,0.0011070728611355385,-0.0026888376152105486,-0.004862245430501733,-0.0017575833819878373,0.005673738199367895,0.029075644860934835
2017-02-28,0.0004380971764286201,-0.0038923213622953368,-0.005578721087498462,-0.004242088719402681,0.0021011554899279528,-0.001552370372696621,-0.0006823291908604201,0.001980304879703798,-0.0026984259041572534,-0.028062395535117468
2017-03-01,0.02043957933850904,0.015004761835757385,0.013989471207334736,0.009514352875576781,0.03288441670253972,0.0135013939400912,0.011940259826806798,0.006478391547732887,0.020905109085510132,0.012908649817064521
2017-03-02,-0.005937367574924579,-0.014321006615933607,-0.008053800530307798,-0.00488816785598345,-0.01559833632749652,-0.0018571889260138308,-0.005169245313599302,-0.008181511642152195,0.0033726847760249257,-0.03687105021313852
2017-03-03,0.005901069054911723,0.0037493497831178058,-0.0009058758575117842,0.001142643194159465,0.007162894946747711,0.0012944754785995105,0.002937036988002184,-0.004510566636366509,-0.010083906345139892,-0.005757894063667113
2017-03-06,-0.003148191543844603,0.00031133363137891834,-0.002131944115832396,-0.003847553226356659,-0.009482183336083194,-0.0006462818660916136,0.0016894083019076689,-0.0014364856760342715,0.004486561144346979,-0.007721193567921225
2017-03-07,0.001292093148245188,0.002022808218230754,0.004579691649357676,-0.0006969647787666844,-0.0055486816231459235,0.0009702086580374303,0.0013487713258792944,-0.0008849711872491728,-0.0037422939586964077,0.010955295981512014
2017-03-08,-0.003727383971432463,0.009161338170804889,0.0029253563438336183,0.005295450345943475,-0.0021880925261528184,0.0021802780225625984,-0.0011225840178692437,-0.0016618885698671537,-0.01805647612203043,-0.001822910692180546
2017-03-09,-0.002302118966172606,-0.00400047109580981,0.004920161771045484,0.002939447278418772,0.003947182008651184,0.014907280931699018,0.001686271671633266,0.00221910561745875,0.007898754293562682,-0.00020253355530175376
2017-03-10,0.0033172147301285815,0.0030899221970082102,0.004161486492306521,-0.0006330697838242694,-0.0031673978271906655,0.0020641214710312994,0.006957702354257744,0.008080414012307413,-0.0007347247088888009,0.005885567759478905
2017-03-13,0.00043096073155113324,-0.003388476987500999,0.003680046063793796,0.002498620827174447,0.0008766333773910784,0.003723967029311437,0.004234926962794594,0.002635582197925368,-0.0023282686668159025,0.027542671676070718
2017-03-14,-0.0015085430337430372,-0.004636021632281717,0.0015383764839924652,-0.002410527652102701,0.001641887659486585,0.0029209219307775314,-0.006214588475461191,-0.0033948312105318568,-0.005280991543455071,-0.0006874898891556791
2017-03-15,0.010576467926061373,0.005278932035688966,0.0028639363137505924,0.0005160958454508702,0.0024042824362584536,0.015033459229246704,0.004131822385627926,0.004395404362462552,0.012470219821052675,0.007565403790824599
2017-03-16,0.001637705618271701,-0.001699275117610588,0.0018541727973111488,0.0005276363750852386,-0.000981307631224393,-0.00387728974839463,0.0013342526460791149,0.0004375526656490436,0.0008537994495094736,0.012286385148041923
2017-03-17,-0.004976080103577196,0.0035583750803191982,0.00272395768960898,-0.001300649824284017,-0.010475505627734805,-0.00311362981003227,0.0022213638376646916,-0.004811616658658147,-0.0008530710978756906,0.02177064032562237
2017-03-20,0.010501272354358493,0.0009250739683923648,-0.0051125709689612275,0.005467444629579932,-0.007168197813049559,7.822588903816374e-05,-0.011746601512299115,0.0024176014987580263,0.0,0.03186579652170174
2017-03-21,-0.011452223657113736,-0.011089193555517074,-0.020474228049368715,-0.01606822787173301,-0.02932393883465556,-0.006402967530658832,-0.012558612654720247,-0.00032926810290379027,-0.002072993454157568,-0.03234352343219171
2017-03-22,0.011298476519702394,0.0127706531912688,-0.0004000898866801661,0.00576375786046146,0.0016022010539686882,-0.007780062751936434,0.00522365234732991,-0.002193123953051157,-0.0008555730468350342,0.02039456437447429
2017-03-23,-0.0035355803599416147,-0.0024602739515565686,-0.011944098322926089,-0.0008018394176448895,-0.0015996381120995107,-0.0028510634123157796,0.0038408769311162327,-0.00241786786274667,0.0012232637681699465,-0.00906812357178255
2017-03-24,-0.0019871140440143042,0.0016957405287272298,-0.005371203189665774,-0.002088814407849471,-0.0011436481438371615,-0.00333607643709799,0.00371369749179995,-0.002203163681353093,-0.007695864156018861,0.0035482223678038327
2017-03-27,0.0017068666635442487,0.001846690124745587,0.004035248959091575,0.0014309457261054703,-0.000573149136086637,0.0025502319542942686,-0.002690985649810518,-0.0008835572312468898,0.00024559947025637463,0.007257996957143353
2017-03-28,0.020726999522914902,0.0029184334337315487,0.002528383036444204,0.010840547887149832,0.015589541910832505,-0.0011128834724025705,0.0019114753306306298,0.0029838583863839307,0.0072620731480865786,-0.005173232227840829
2017-03-29,0.00222504454107475,0.0027567213359662723,0.010991750830452007,0.021401878096712235,-0.0037248723840449527,-0.005888948946143779,0.0006729322061902465,-0.001762983938767615,0.0021989650297085106,-0.003249510501353914
2017-03-30,-0.001318316047141388,0.0036660624781883477,-0.0004589952333508007,0.0023104067256507488,0.008609733582954915,-0.002081062106608522,-0.0019059066952707981,-0.004414919677356521,0.02048318626378598,0.019190946167064293
2017-03-31,-0.0018757004339392536,0.002282702282431659,-0.0019775396796848366,0.011639279409916048,-0.013366360819554335,-0.0008824552981978595,-0.0015731214330320098,-0.0038804160658689746,-0.02019111993844891,-0.004296252877456719
2017-04-03,0.00027822923468678873,-0.004706900396330926,0.010556700297132515,0.005606082655188249,-0.0036428572142306326,0.0011240523282232129,0.005513546881497078,-0.0018917608161440613,0.0007314689464126278,-0.0050488672153521374
2017-04-04,0.007446105351418542,0.0027458514173788195,-0.004878853396681371,0.017184301509601818,0.00333280217692411,-8.041893534793676e-05,-0.006490548549133779,0.0025644269841340606,0.0036554400488546523,-0.0701235219843549
2017-04-05,-0.005180591990433192,-0.002586073973617986,-0.004293018752706157,0.0027017495033232475,-0.012828131908357965,0.0009626605354124962,0.0028160899623206337,0.0006670425450319151,0.0019426159707760515,-0.007442302154182401
2017-04-06,-0.002499523687354621,0.0025927790921476124,-0.004487971568866045,-0.012097466755439101,0.0033647843390147703,0.002003108524463837,0.0006743439728404965,-0.0063350739307773685,0.005815853763608159,0.007297773892015025
2017-04-07,-0.0022274428032635907,-0.0007604546574644377,-0.0035500582993565066,-0.003785055396937742,-0.0034693279386690534,-0.0010396850740846952,-0.003928768706236263,-0.0019015018952052154,-0.0030116590914648356,-0.004267466183667135
2017-04-10,-0.0011857763051140724,-0.0022838091838494057,-0.00047492998530240804,0.013588452441311683,-0.0034806184550639774,-0.004643041265610437,0.0013519944027065023,0.002913642365650171,0.004470575616405181,-0.025515669006558883
2017-04-11,-0.010756613895115619,-0.0007629692333464,-0.002162250840484159,-0.005159665583149842,-0.0017467264686192863,-0.0009648185551299759,-0.00011230035086073897,0.003464202348975487,-0.003488595239760639,0.0035797083913484684
2017-04-12,0.001200209547074671,-0.0038179529583559635,0.0018811884726868122,-0.006793286071941518,-0.003849296077172326,0.00949930162552004,-0.0019133511898120625,0.005679313807544162,0.0015697669951315607,-0.00825497980924439
2017-04-13,-0.00528898223010954,-0.004292797000233994,-0.0015212793418660775,-0.012898454814163851,-0.01170946280060381,-0.0032696493721053876,0.0021422592298880883,-0.003100378213620636,-0.015427572627113473,-0.018703311112017507
2017-04-17,0.00552966674048605,0.008160413589056725,0.01779386685954032,0.01957786036312048,0.017298604689210295,0.005840289851538838,0.010577484938241843,0.0039985511219398084,-0.0013463851734211163,0.039166228875255005
2017-04-18,-0.004442057343049033,-0.0013743932397800585,-0.0013329617710273745,0.0019845104652858048,-0.008153137865978932,-0.031021283513610887,-0.0008908933031559485,0.004536193150285417,-0.006496737186402868,0.00060496156284362
2017-04-19,-0.0036824518436462395,-0.005352348136217877,0.0029507788031712945,-0.005067607066505442,-0.008219930216561422,-0.0036938619414155216,0.0002230579917215092,-0.005660000599478132,-0.0069091811367341105,0.003927581492952914
2017-04-20,0.012510679547844461,0.007072262467227919,0.004168038608972635,0.0031806396643336843,0.012905328661834137,0.0041195979382571135,0.015598696884541186,-0.003013368011824502,0.006460466449368152,0.015850966938798505
2017-04-21,-0.0011935004125730453,0.013740706384576029,-0.0013138351286813288,-0.003913314530636147,-0.01203974370163663,-0.0009026577583997053,0.0,-0.007948491530052504,-0.00395017361821437,0.004147731319554149
2017-04-24,0.009629272207681616,0.01701794006021351,0.023260948811574922,0.009882814370667736,0.035258502193990626,0.00928050342597242,0.007679602003733077,0.010494479610347884,0.005205253010232891,0.01249014597289233
2017-04-25,0.006196263001359448,0.005774969947826003,0.011275012575470367,0.00023146894751158165,0.008685747747054773,0.00439423161304453,0.002830963577729717,0.005025121266568844,0.007643653529937788,0.01738717014458957
2017-04-26,-0.005881208610359012,-0.0013248319697940492,0.00033772649107555175,0.0018399750444610952,0.001926167956308511,0.0006479279169639973,-0.0031486042036353856,-0.025110952686095644,-0.00403766938485095,-0.006874310729640398
2017-04-27,0.0007656272766007888,0.006486526363367773,0.002586544359768128,0.00999677301508961,-0.00927305340553286,0.0018623725916826483,-0.0023961041102360525,-0.0005700494806936129,-0.0017200444495103495,0.01557379612315879
2017-04-28,-0.0009736683563870141,0.002783045596927991,0.0371086513633494,0.007197490485894464,-0.006962608423088268,-0.0021818643479886157,-0.004148294324521351,-0.004105079669080802,0.00479931429697289,-0.012684404140362981
2017-05-01,0.02039662557145272,0.013876794265917924,0.008977499803935585,0.025124568738659425,0.0006893616177048312,-0.0010529895388176058,0.00043856134746023123,-0.0027481488766432083,0.0050217103888556824,0.022435112066501173
2017-05-02,0.006344894793710365,-0.00158488600012896,0.004577532136212925,-0.0013604062874136291,-0.006432319691556998,0.002918719802739611,0.014025938071959176,-0.009989631738170912,-0.00012201192208816103,-0.029632319399401252
2017-05-03,-0.003050930584753697,-0.0031744982563932655,0.012122628375142774,-0.006241191801434343,0.005780615734336969,-0.0029908908720607252,-0.0010809839011679534,0.002435559209532867,0.00792202808280007,0.007440836615835167
2017-05-04,-0.0036039729698659206,-0.003908429641188094,0.006610881981948369,-0.0037193127310027885,0.0011493447052179917,0.005026926948143329,0.0019474363875895406,0.0002312285056973451,-0.01281743696747717,-0.003836920612822481
2017-05-05,0.016583908807486836,0.002761143180584291,-0.004650620942749484,-0.003605190686853832,-0.0011480252285001047,-0.003549962274859375,-0.005722421432487801,0.0005782185900029546,0.004654405934241046,9.629481239437077e-05
2017-05-08,0.027188542569850815,-0.0008695196548131889,0.00885004780887133,0.015939607113341525,0.0011493447052179917,-0.0021049792956510105,-0.0018458574668178684,0.0005783337249543052,0.010607422993775373,-0.010494751086498
2017-05-09,0.006404550817697974,0.001450214996092658,-0.002065305864219269,0.003982954930507487,-0.0040183109578629805,-0.00032447700416793346,0.0008700003426871383,-0.0017327635434453148,-0.006997252680352339,0.0016541205641003032
2017-05-10,-0.004740466558830869,0.003911124399669452,-0.0019546928961524657,-0.004061638578303994,0.007838559169854431,-0.0032463817608353596,0.002717526898349476,0.0010410579163526723,0.004537723866060217,0.17825897521910283
2017-05-11,0.008648350746305544,-0.012263893195900821,0.0010996126003786078,-0.00140150282073348,-0.0030880351199529255,0.0031756252610097846,-0.0016258677706367797,-0.0036996742916165504,0.008546061896252954,0.04295503586284122
2017-05-12,0.013965726276720547,-0.0011688136451836195,-0.0007846093528752762,0.014488941596833227,-0.0027534969411152632,0.0035716525691722456,0.006840613605771262,0.00023215171605106555,-0.0007263773163979081,0.010988379425442396
2017-05-15,-0.002562784048657396,0.000731541350071474,0.004271678012438329,-0.0035159417320134168,0.004831756996459102,0.02709470648037393,0.005391737946754294,0.001624346668268828,0.0030286001426147457,0.050199174838985394
2017-05-16,-0.0014768247286246483,0.020135408205870675,0.00561907973907938,0.008455434019437602,0.0030914394383738664,0.006141882454690606,-0.00085812501822502,-0.001042690201491836,-0.0030194554195005496,0.018613551580648702
2017-05-17,-0.03357588304819903,-0.02780578553043689,-0.023263177305772653,-0.022058487311286012,-0.0381237315959666,-0.008608914942329182,-0.013174256718220811,0.00023241393699513502,-0.006783830344440078,-0.06644218116018585
2017-05-18,0.015241228718122501,0.0034084006971750735,0.00884126440791233,0.014532803344672107,-0.0036783721681384884,0.00236818244364545,-0.0005447408248537844,-0.004522177083048251,-0.0029272036841971882,0.04188848872467976
2017-05-19,0.0034090182745238895,-0.0002949218180537949,0.004366140349584269,0.0014084877005076102,0.009766286826842663,0.00023630519636830272,0.008396168009120242,0.004309304588192564,0.002201848020786379,0.023094554147953694
2017-05-22,0.006076004519459444,0.011227125389632109,0.009867441329827642,0.01128313229309863,-0.0009433698984482319,0.0020475977456608785,0.008974472288061586,-0.00034777596873691863,0.0043940210749653374,0.021323670162007646
2017-05-23,-0.001233871897702632,0.003360162278601031,0.006721412857956466,0.0008962673682750832,0.012514659624246471,0.00204279565747556,0.005894702378308914,-0.0015078915810176063,0.0035237517393882367,-0.013462693793356073
2017-05-24,-0.0029909930250786587,0.001310242952065943,0.007274266674946128,0.009068122152297464,-0.0005832077329862573,-7.863423739318254e-05,0.010121273493742144,0.0048789285973478425,-0.0035113785132444564,0.011238121397004308
2017-05-25,0.0034567481862204374,0.01235989539607063,0.014576369536351441,0.013291107520177148,-0.0042002336907480675,0.006789520994255449,0.0024260366895521024,0.004162565128531748,-0.0065621971797423795,-0.002236924602388002
2017-05-26,-0.0016897220277434233,0.004883863437320501,0.0014215937758730313,0.002416049239541307,0.00011736094432279742,-0.00478324756028492,-0.003893175551107131,0.004489261119184462,-0.0024465209640793795,0.025893273376677906
2017-05-30,0.00039036530892966326,0.006432316067595423,0.0029195881145889224,0.0009238510168030345,-0.017104287556689912,0.0014969186743951646,0.0005281679866002698,0.001719196303844761,-0.00551798092875222,0.02136189540314848
2017-05-31,-0.005921564943445312,-0.008095750552981618,-0.009114808291241228,-0.0020868886016521815,-0.02085763543888719,0.008968625369598193,0.005384400935000366,0.007895019430182781,-0.007398387486210578,-0.0035894639101071713
2017-06-01,0.0027492687954602246,0.0037232630985180037,0.001215741714733154,0.0013372266549704914,0.011076968185306235,0.004132433104392597,0.001784989061918818,0.0004539629109212573,0.0024845105337123474,6.93386592569567e-05
2017-06-02,0.014819494745650585,0.023680323854510466,0.007922749319482447,0.010823789217132784,-0.005056418903852666,0.010095034437916706,0.007861811850861988,0.005219307026309128,-0.014869907055601539,-0.004987549047001161
2017-06-05,-0.009778261877143257,0.007246347057167979,0.0077901568184677306,0.004579243496091179,0.00181520912922295,0.002152316724802761,0.004160050702440188,0.0016935211465320954,0.007798669855142437,0.03042323197776664
2017-06-06,0.0033782336731078555,0.0033203084962252216,-0.0071720668082305705,-0.00824648102164205,0.0020529628817564927,0.0036056360566303347,-0.00787151100746708,0.0006761756050819301,0.0136047939176267,-0.004526499022620145
2017-06-07,0.005956170251724124,-0.0017926308500368915,0.0048360999080692135,0.00704886052752185,0.01145143810388527,-0.0006117316012856922,0.0031316155590737083,-0.00033796876070169013,-0.003694078093911868,0.012080590829819382
2017-06-08,-0.0024455081024851166,-0.006078351492833867,0.0027757014072027353,0.0001979728367069722,0.01239465995115907,-0.0015296302274472318,0.0,-0.010363683863808482,-0.0035845545256845135,0.07255927469713686
2017-06-09,-0.03877658858398714,-0.022654326411899572,-0.0340143729092901,-0.031635098854680854,0.023660888563190374,0.007506887485109859,-0.01592239439313614,0.003528266275666825,0.018730005947129813,-0.06464929935571695
2017-06-12,-0.023895988659006995,-0.007679250860157305,-0.00856591141272045,-0.013697130252466216,0.00022959552048984477,0.0022047695906628473,-0.011209774001813666,0.0009079767393087579,0.009740529001805331,0.002473169354342497
2017-06-13,0.008045868494411357,0.01246777310212921,0.009035011911570745,0.016457546404488266,0.0033341122255909905,0.0015173619816255535,0.01689831361853278,-0.0020401309806149515,0.00036189008967113523,0.009535150606952314
2017-06-14,-0.009754838049723324,-0.005378674125488758,-0.002648085259637112,-0.004404604411325286,-0.0020626870643498663,0.005680987234367496,0.0025242570601049508,0.004315331070615436,-0.010728080222202174,0.002113663903614338
2017-06-15,-0.0059941512850386625,-0.005265192689064113,-0.008006778979565143,-0.012596427099190843,-0.005970485273534165,0.0020334613064199036,-0.012064428403432914,0.010628436563342225,0.0023152953398044573,0.004284445686374427
2017-06-16,-0.01399924746623793,0.0014302154235634745,-0.0016246540185156366,0.024414822186134,-0.004505403616868131,0.009846586111363687,0.0,0.0031328559861290017,0.014952261737195771,-0.004922422874446664
2017-06-19,0.028607740378209012,0.012429012293711628,0.01731654599836241,0.007552768927631126,0.021931361808004368,-0.002083910622419638,0.006583571906998653,0.002230502446032512,-0.008743524924553991,0.037594084231505676
2017-06-20,-0.009088385192033033,-0.01354606377993306,-0.006388290627918347,-0.0025924777666052057,-0.006245364669488773,0.001118576706565122,-0.004325254695871417,-0.0025591961421118636,-0.005437305186625996,-0.001462141171924669
2017-06-21,0.0059303943168538265,0.005149364196041173,0.0099071293012154,0.009711934042506698,-0.004569953797453508,0.005141042510519167,0.0016951757095120534,-0.0025660876231176077,-0.010569998364991173,0.015150574019413998
2017-06-22,-0.0016449904551327776,-0.0001422086038481707,-0.0020130821235885277,-0.0009279538602159354,-0.0011482065783465778,0.008450090240660124,-0.006240677314681586,-0.0041388206795407445,-0.004420110789110532,-0.006897896301722661
2017-06-23,0.004463492371734157,0.013521084974716269,0.009696692465876344,0.002436865101283381,-0.0018385069081905403,0.002792855567223418,0.017349676752934418,0.004380388387889456,0.006536605304995335,-0.028666936524947895
2017-06-26,-0.003145315062038523,-0.00954897819945244,-0.014197412623471406,-0.009723612882453048,0.004374817404289244,-0.000659708328173414,-0.0037663653189041746,-0.0006709250214397278,-0.004533692552008861,-0.010921018394819404
2017-06-27,-0.01433247402308846,-0.01871564162265693,-0.024689234817419026,-0.017304182934144485,0.009284726079295424,-0.009755172308570925,-0.0033606984723477673,-0.008393008736252816,-0.0016003929273358253,-0.03660875726611157
2017-06-28,0.014610776251110957,0.008524649667807305,0.013627432204423862,0.013872066463946231,0.020101863892501015,-0.008813977251535987,0.014014583166558348,-0.0027084513616322248,0.0051783249950834165,0.03527084411606629
2017-06-29,-0.014743128923059956,-0.018767796268367998,-0.024130751360104452,-0.014540555710960135,0.014807699200378721,-0.008817550708415167,-0.018808902095090563,-0.015616275008275893,-0.010180316044301363,-0.03341006695982329
2017-06-30,0.0023660567665950705,0.006424284112303891,-0.008679797655233523,-0.008125575079485081,0.0027428589179243623,-0.0026389117443388344,-0.006778690229414797,0.0018394837651316553,0.0003716790424759253,-0.014453168111822956
2017-07-03,-0.0036103481730089815,-0.011025531089319252,-0.010992930437221049,-0.014814108389417546,0.020351631670805892,0.004610917522313018,-0.004584972086859707,0.006769847589801259,0.01697013282237081,-0.03617911868763446
2017-07-05,0.004111534364035663,0.013349018107491784,0.013921250814733721,0.018602039774678225,0.010027283143716925,0.005567903772043747,0.007070419139473927,-0.000797936394304144,-0.015225035217702132,0.026699593652948828
2017-07-06,-0.009438210145094605,-0.007383241266497587,-0.004902195523088015,-0.006444301571102318,-0.0032025615551170006,-0.008380149754573352,-0.008084271822642153,-0.003421809215823135,-0.009029375825108876,0.0030058855569103926
2017-07-07,0.010158839942890241,0.012979807510387742,0.014142739147624095,0.014111937258636909,0.005033259874611007,0.00015041142425253895,0.007185172212187618,0.003205039814463184,0.0012483244650962622,0.02286008612247792
2017-07-10,0.006102861660068237,0.007486414148459852,0.010831055319393323,0.01809436157060018,-0.007032359932862886,-0.007468893059560222,0.012457163253842607,-0.006389157320695116,-0.0007478767375069806,0.04728811981222658
2017-07-11,0.003240685169549673,0.00014273775219253437,0.002660377589082774,-0.0023483010247660197,-0.0038632809181221583,-0.002432865322333555,0.0033653787409675395,-0.00367474224929476,0.005489077476392046,0.014183391806595669
2017-07-12,0.001442757223163449,0.01657380013203613,0.014818708585282225,0.012453089005661555,-0.0034471377754959898,0.007620101397938672,0.008070648297768823,0.0021899116264623153,0.004466104063199028,0.04253275045235383
2017-07-13,0.01392911770671934,0.008713918202167603,0.0012297327749317688,-0.0058419432575773644,0.006377716562725677,-0.0027980579845355846,-0.0024956396844388884,-0.002989884824465938,0.00012363549253624484,-0.011568618116468143
2017-07-14,0.008593973926000809,0.014072733973820917,0.008319101392459505,0.001179219208357063,-0.009130144070487178,0.005612040353246028,0.010318681452694767,0.004613754910911316,0.0038285781999198853,0.02689432766408384
2017-07-17,0.0034891849937688235,0.007831775869579838,-0.0009725014442154567,0.00821511113764739,-0.009322155889938455,-0.0033935951737106285,-0.0010317906181741554,0.0051662462689305855,-0.005167214231183825,-0.004243909537211765
2017-07-18,0.0034770529129219963,-0.0006810713134690616,0.011260704045192416,0.014266780755591402,-0.003501241315618353,0.017480247471854504,0.007745792992234879,0.012450120616057436,-0.0032152657891462155,0.010411005876761026
2017-07-19,0.006263258206736122,0.007639767032931788,0.005897000503258143,0.0023622115853150216,0.0014272312719312286,0.0055778962578263425,0.006866006419619097,0.004548180294930759,0.003101731332469493,-0.005181992654191836
2017-07-20,-0.0045027728340326645,0.004873863145205659,-0.0005841186255458597,0.0017821758638392193,0.0,0.010057934006125535,-0.0014247193605534392,0.002829701588360045,0.00012352260326631281,0.014536426056010132
2017-07-21,-0.0004652409557716064,-0.0057937261969254195,0.001662926065652437,-0.002945478717979899,-0.003399620828604455,-0.00922573583706443,0.015186942783663948,0.00011272070572743154,-0.009151767978169967,0.0035825561178790544
2017-07-24,0.012111304960558122,-0.0025746690534295125,0.0044975331798786655,0.012947588238978236,0.004291237563246897,-0.016998110735606642,0.007731050483098967,-0.0048528627505930455,-0.003120456645966274,-0.0116000751554165
2017-07-25,0.004274014779323654,0.008016065989792542,-0.029329441492041752,0.0008855370482221403,0.0166519971884469,-0.008495613349479347,-0.003786246886416933,0.010886834533561762,0.0050084301259734065,-0.00481520115876799
2017-07-26,0.004713648136307036,-0.001887200748298734,-0.003838872215119804,0.012434239603503539,-0.009374981164615992,-0.007051735386269797,0.008601244982471723,0.001794877229835068,0.001245920768356168,0.01155134002983682
2017-07-27,-0.018897491677209444,-0.012018792409001833,-0.013259943841569921,-0.006458969538946313,-0.0041335908068201865,-0.0009162718727654395,-0.01269218176169784,0.015453821888970598,0.005723114195739232,-0.03300266700832988
2017-07-28,-0.007040055563867331,-0.0016401278869381253,0.0061100566561249625,-0.02481836242119062,-0.0029491549133761064,0.007796050848892344,-0.004218310244176293,-0.005183261796871896,-0.015217076264104734,0.016384297568839745
2017-07-31,-0.0051510223078991,-0.00465518193280412,-0.013387847352180016,-0.03162619107383846,0.005696955520684055,0.0065985538526240894,0.004135056891040323,0.0067621171831020455,0.005527624670759401,-0.011436199438508265
2017-08-01,0.008875239228948839,-0.001650389929517937,0.001121057889195587,0.00851407620125988,0.013398879774400019,-0.0015820545855925738,0.013158186813886363,0.0030829579455664557,0.0016241742769376177,0.012183568784737586
2017-08-02,0.04725076487416002,-0.004409204523271093,0.0011409446836581072,-0.00030121169353869437,0.0008596722195155504,-0.0026413533835142333,0.0040647076454474185,-0.0006586109573223364,0.005364037072085992,-0.0006076661410731043
2017-08-03,-0.00999097855004294,-0.0015219141422790905,-0.00774545585979558,-0.0090069743894452,-0.006551325309091416,0.00900404534714161,-0.0068130852375317685,-0.001976923259375707,-0.001365218503679655,0.01271415666470821
2017-08-04,0.005271125721537873,0.007345796898488022,0.005838556855040977,0.0006687663761180129,0.012540581792250372,-0.001274970646893081,0.0029825031168708716,-0.0020912866627664783,-0.0034788322399122995,0.004384514739706802
2017-08-07,0.01547393133234043,-0.003852354444408679,-4.2318738061708494e-05,0.0047489228747330525,0.003843688227358477,-0.002402503830931546,0.005946946351286231,0.008492186612063746,-0.0006228246464617948,0.030739686946881895
2017-08-08,0.007997169832417717,0.0053866880374477955,-0.001649524003919156,-0.00244889215886257,-0.0036163414280901973,-0.0044408148624032195,-0.0020688540436361036,0.0015312908882341159,-0.00249476462980347,-0.011894320092110222
2017-08-09,0.006121691222350734,-0.004396251822615382,-0.004352928890911656,-0.00791041735602449,-0.0016012807775585003,0.007257982702992827,-0.003060938549302006,0.0037126370502018613,0.0031257755027211953,0.010628536812147704
2017-08-10,-0.031851734792922026,-0.014626952988411768,-0.017540976734299774,-0.02554958858013978,-0.014326892778957379,-0.0010510075870023838,-0.01465787010452102,-0.001958521092669141,-0.005915842607948196,-0.04282130758202307
2017-08-11,0.013906914105023871,0.015264245359693396,0.007037589508502862,0.011568388608943936,-0.008352237553184816,7.536061005852801e-05,0.006030385249341519,-0.004360179354329086,-0.009624027902506604,-0.05329622116647381
2017-08-14,0.015049634361796072,0.015034402868070673,0.009504519508678255,0.015816260219888134,0.01170410612094197,0.0028550493967349766,0.017784152567194234,0.0033940585453200445,0.0002559540612099287,0.07976354616757719
2017-08-15,0.01094769731766454,0.0002733017169731511,-0.0009051876961040373,-0.0005695083374003262,0.0025949091109285227,-0.0007492822335678495,0.007460594376610619,0.006001001762234726,-0.0024285680380943253,-0.008432000115771165
2017-08-16,-0.004022670135981454,0.005872379982533538,0.006598628286791142,-0.0046401008619690876,-0.006901813295056569,0.005922823683914169,0.008344205812871097,0.002603327227641117,-0.00730445033791316,-0.010958931083470458
2017-08-17,-0.019198085838899814,-0.01697182145744336,-0.017590300713550167,-0.018002837643680936,-0.015636872692482706,-0.008422088836128383,-0.011227260357842272,-0.004002524507263239,-0.015618758807570798,-0.022283219589820713
2017-08-18,-0.002280904755081914,0.0012429267049152148,-0.0015953990642504357,-0.0021861924295710766,0.0009926697123714412,-0.003081696560539915,0.0034260835593726835,0.004344445087786752,0.004982757187124376,0.0001856614278201718
2017-08-21,-0.0018409576473678024,-0.004690249569426097,-0.005733350541667792,-0.005404423101813438,-0.0012120007630801455,0.006182298274537867,0.006926343139777025,0.004217336595668808,-0.0033926298431178337,-0.01455111807312015
2017-08-22,0.01634748511047479,0.013998241384385102,0.021208314317858523,0.014276873008747692,0.010261303911508923,0.009367002642581168,0.008234759894294008,-0.0007539891977006441,0.004713506894357344,0.02226265853743592
2017-08-23,0.0012516464311522757,-0.006013867148935925,0.002318116990343899,-0.009204668188810716,0.001201567472574272,-0.01410546633221843,-0.008552017844381754,-0.003771543943530853,-0.0016940309931570141,0.01999413440719411
2017-08-24,-0.004437682794130815,-0.0004124858143226273,-0.006036666512330369,-0.005793322416450586,-0.0016363912371064604,0.000677740995718823,0.00038783211908777204,-0.0018389441953331476,-0.0036551108761029294,-0.0036789245815216365
2017-08-25,0.003704338582140254,0.0017884065313933384,-0.006820367148666406,-0.0075489710670970656,0.0040426262349950726,-0.002801798530512878,0.0012593959583331316,0.0026008288718541994,0.005109760753841286,-0.008354440626700654
2017-08-28,0.010071062553344445,0.00013742144696848868,-0.002547014844999418,0.0008039734902636209,-0.0031558014009155366,0.0004554430082350791,0.004160315795942893,-0.0004322428129212019,-0.0032588489541329757,0.00708153891289709
2017-08-29,0.008917918694522742,0.0030204418222592455,0.008209971867424004,0.008498772507952612,-0.0054582802411308196,0.0035674860368610783,-9.622161706546173e-05,-0.0016226539801152962,-0.0002613366353568791,-0.0016368745886289338
2017-08-30,0.002700696949511583,0.013141639195349608,0.008421057999824066,0.01418154498320856,0.0023052816641979668,-0.008622474055727025,-0.0003857052355227264,-0.00487441192179594,-0.004578339906358031,0.005950350738065158
2017-08-31,0.0039794760859463985,0.010268862341847429,0.012303707499357053,0.013445724293737804,-0.00460038158727849,0.0099183754005987,-0.0020245216746911376,0.004354640220674222,0.003022201402908209,0.02269452474777056
2017-09-01,0.00030478497430053153,-0.011100899388222452,-0.0034022866324960876,-0.002396498227640431,0.008912137749107707,-0.010123013369348066,0.0036710907091972445,0.0028174078969749328,0.003144592895292675,0.006019511835734903
2017-09-05,-0.012008483059588015,-0.004463046480261523,-0.011040201069625555,-0.013268556723623814,-0.02388192304755754,-0.008624356356082052,-0.008565933421599836,0.0020534392189803796,0.00796630750915428,-0.026692475995057308
2017-09-06,-0.0010487669031435942,-0.002852718455482073,0.0005736730897287767,0.0026210112293032495,0.006702979003617271,0.005927859099998489,0.001650357082557452,0.0,0.02073078605050549,-0.0006026339553135696
2017-09-07,-0.004014665175670062,0.01280664669663989,0.008354303660137008,0.0120582747635265,-0.01753409627598046,0.011632345660931742,0.013374665403401709,0.0026962310468203743,0.003173563431739357,0.0046440351920158385
2017-09-08,-0.01630894234960567,-0.00484230271336572,-0.008927419631912126,-0.013854454733169819,-0.001242582846844753,-0.009153591566785413,-0.001243333838394034,-0.0013980461157171442,-0.002657354286899838,-0.017349129968190047
2017-09-11,0.01809228067715707,0.010542989841642925,0.0019970901319170675,0.012485778315173057,0.015494513105233976,0.017025622377717875,0.016470562464185212,0.012386442468146797,0.005455641735295336,0.03243946648483309
2017-09-12,-0.003962693325301858,-0.0010698353477363032,0.003561910470647467,0.004724177128713647,0.012250168595820954,-0.004354016740166333,0.000565280152216685,-0.005106471489534137,0.0031544576761486365,0.0036093788966249374
2017-09-13,-0.007522479880153421,0.007096777738394122,0.004003781484693825,0.017321701984327253,0.002860860409895638,-0.0013572010678490898,-0.003577881338223121,0.0004275172669245819,0.0033963392203402165,0.004481085185735756
2017-09-14,-0.008581136927551025,-0.0058503910355762745,-0.010847728580435256,-0.007392941375093831,-0.001974343375565346,0.013061388430374521,0.002362238704458619,0.0,0.004011509214318698,-0.005693450626250041
2017-09-15,0.010108998423072002,0.007222410876522645,-0.005148202505189325,-0.005462551407736771,0.007144955379939644,0.002012465919490669,-0.0073528034168910406,-0.002993093811634817,-0.00024987564173328813,0.0632225866248397
2017-09-18,-0.0075683844091465335,-0.001991833183720648,-0.0059234064545437,-0.012768695723707313,0.0141887448307918,0.006917030852615191,-0.004463604417767497,-0.001286472535098171,0.00024993809517526167,0.041308087838870744
2017-09-19,0.0003782962609877316,0.0037251081021156818,0.007647292378007098,-0.004444704451118442,0.010977357397101262,-0.0011818233885477758,0.005532536851078573,0.010950188903953384,0.0016229623140184835,-0.0010660980810234255
2017-09-20,-0.01675781035982915,-0.006627338949802497,0.011399739165055323,0.0034540973363357264,0.007025930858845175,-0.014790594797326806,-0.004173900596568303,0.002442198554007957,0.004113637473047049,-0.008059709097517853
2017-09-21,-0.017171865039076528,-0.009741156593332967,1.0641377770959082e-05,-0.008795663989611957,0.004545390600008359,-0.01103431858249515,0.003238619103138607,-0.01864403768021161,-0.008193569571267711,-0.02733565845228847
2017-09-22,-0.009779316997066023,0.002694917752085191,-0.0045274925192317905,-0.009899903985017278,-0.0021044062331098123,-0.0027325318456560277,0.002374135061409266,-0.004317611906502705,0.0003757166345845775,-0.00973614598585093
2017-09-25,-0.008822112450502462,-0.015454973514891446,-0.009520245526029592,-0.016029796096028393,-0.007487072817206064,-0.0016746776537259755,-0.02406220884463728,0.005203664125328578,0.01326327189570109,-0.04469278386931119
2017-09-26,0.0172033830636642,0.0,0.0033715153908804307,-0.0012661942691252204,-0.004462522820825043,-0.0017533932969178156,-0.0007765540825979134,-0.0007548157714076797,-0.0011114917674365232,0.005613711215036954
2017-09-27,0.0071180013770359984,0.00805345514429523,0.023969943228909107,0.013072633363619968,0.01579500488515384,-0.009088080677402743,0.009228805453940891,-0.019212086674606943,0.006675954011021945,0.021923592640922474
2017-09-28,-0.006159449722976662,0.00027066947549081455,0.005115139758438136,0.005815741536933761,0.002101393769174953,-0.0021579882550332163,0.006641630771429208,0.00021991582305491697,0.009333147150816679,-0.0002845889998214224
2017-09-29,0.005480031084281745,0.008393131095429496,0.009234923324320299,0.005175687471152379,0.0013628394460072357,0.004170904705403489,0.006310810949174295,0.0009904112115652897,-0.002555322188005804,0.017588822984089703
2017-10-02,-0.0020115066810947324,0.0016111881118330285,-0.006418763680711037,-0.0022468758846300174,0.01392527902507501,0.009306629874668682,0.0019005095286395157,0.00868300637493391,-0.004269094684958286,0.0012870857317786033
2017-10-03,0.004355992644357709,-0.004691215607021237,0.0047651568106141795,-0.002178918009798525,0.005266301080496527,0.006706726427949672,0.0014227552675527555,0.00381388349393208,0.0015921371857079425,0.0020671401685774526
2017-10-04,-0.0064730497917854235,0.005790478261095133,-0.005452179664352519,0.008724261753839224,-0.01016953920965702,0.0059801718789773695,-0.002652092972372344,0.00325680200920897,0.0003672609913363267,0.00836203795506374
2017-10-05,0.012443867077752246,0.017137668326796307,0.019042540351409176,0.015951120666370278,0.013465675233321761,0.0022573571132820103,0.008831311006147091,-0.004220036002462457,0.0028119511293651644,-0.000552789294221423
2017-10-06,-0.0005788426477603137,0.0003945089730124085,0.008576918034692627,0.00890045477678969,-0.001750942349845408,0.0002255770247177047,0.004612252044207565,0.0032600916927629786,-0.0037797067727890488,0.0029319168228016945
2017-10-09,0.0034773874900526636,0.0038158291404131184,-0.0013383305316209126,0.0014248351833214823,-0.005262040579232963,0.0017260472069360322,0.002623461622534684,-0.0022747425892849504,0.0039164046801853925,0.02255976247428859
2017-10-10,0.00038495572431163083,0.0,-0.004545034978812534,-0.003824436235170703,0.007468060407594734,0.00337233657220648,0.0028034589689576173,-0.005427794056090396,0.0028038616472605415,0.019094480084096643
2017-10-11,0.004169431738043405,0.0017042348028544207,0.018070447683970814,0.007901122058873167,-0.0029858690187735126,0.020537589303004422,0.010530260210818154,-0.0017460826512090133,0.004133297475673592,0.010638850629780316
2017-10-12,-0.00351343671943094,0.009159881579346774,0.0,0.005959822304883788,-0.008777215317703035,0.0013174877825947728,-0.0030431237111328002,0.007544529207106132,-0.002058209939729716,0.0004718185569214661
2017-10-13,0.006346253097589738,0.004797616860404252,0.0022073564977180826,0.0020080964130191337,-0.0013541998774247999,-0.0029234965333434504,0.00508750436983485,0.00965779680882628,-0.00024271402329412162,0.01863522612079671
2017-10-16,0.018408869056356192,0.002065045976423985,0.0014685844358153233,0.0033900729019715747,0.020654798065823154,-0.0022723334686707286,-0.0033130359056555703,0.0010746587347210124,0.004853956983992713,0.01716419563091587
2017-10-17,0.003690205865423568,-0.0007728098615973344,0.0016348073187635315,0.0027724160936446474,-0.002248556312391181,0.03430792494045276,-0.00701774386399634,-0.0036503519838109177,0.0018113223135274303,-0.000909140700946165
2017-10-18,-0.004424335744928065,0.00025773056794631266,0.0017209862876867987,-0.012020305032128253,0.003790283548409379,-0.0007812264138067349,0.002417835970049076,-0.00032316910573981783,-0.0024108202343150475,-0.0008601308254883033
2017-10-19,-0.023660724216792883,0.0038662571950127678,-0.010762898617254102,-0.010421202279360164,0.0012246076872017841,0.00966756121977097,-0.007235937168545092,-0.005321596420734931,-0.00024174621256900508,0.0011135969641622445
2017-10-20,0.0017315336415324456,0.01155109090889539,0.0032239794061141858,-0.0037502431042487627,0.01426990817490048,0.002534028851035597,0.004952780651190425,-0.03646668650185081,0.004472026375476501,-0.004549961405487024
2017-10-23,-0.0005124513412305687,0.0002538470741919596,-0.019431430789030202,-0.016898832106748807,-0.0017082644640042943,0.008567820016831318,-0.0001863007548876805,-0.010764870002642257,0.0015640558519036674,-0.001421780296227304
2017-10-24,0.005954677501374128,0.0003803021745105717,0.0029933305904688012,0.009934793664073238,0.015904779598937324,-0.013786603731564373,0.008184125394868902,-0.003665662231008948,0.002762901272765017,0.010476811896311888
2017-10-25,-0.004392059889640754,-0.0029165945906971524,0.0030046426467078557,-0.0030637973450112765,0.0009909730346271406,0.005083467917751383,0.009961877105820749,-0.001379144501385987,-0.003593866525315348,-0.025266764389578866
2017-10-26,0.006393596769903809,0.0016534108027737027,-4.044702580818793e-05,-0.0004934079227257859,0.007127258908575351,-0.0038635302701942598,0.0028313111975153404,0.007368129192264039,0.003606828987275268,0.010482482364220225
2017-10-27,0.035829924130497126,0.06411874444855337,0.04261549898004935,0.13216381132847,0.0002949617609877553,-0.00021172831138049908,-0.0008194750173525778,-0.005257541798764032,0.002875740302262564,0.03152934749678171
2017-10-30,0.022508716191172562,0.0009547117899462165,-0.0005222855615295563,0.008992214476522209,-0.0035376495276586706,-0.012554574878406721,0.003007748290257295,-0.008846295613711752,-0.0020309176411379415,0.009808909868291416
2017-10-31,0.01391524581574033,-0.008463226147907954,-8.701857883908204e-05,-0.005014171230441233,-0.007888817413883031,-0.004213897001438371,-0.0005452234306599912,0.0008115376992368084,-0.002274337652195202,0.014570444624375734
2017-11-01,-0.012718586936923293,0.0,0.009254203016663132,-0.0014476301234627176,0.003081377624995829,0.004088332541287709,0.009910910306589749,0.006369788156170397,0.0062386137805849895,0.0018855049343717845
2017-11-02,0.0073102482630653665,0.01045914699928363,0.0003548791565231024,-0.008571317573420112,0.006638977816682434,-0.0003571703154031658,-0.0008103240025196801,-0.004373191005583976,-0.004053818991984315,-0.006081221731948361
2017-11-03,0.026113709585496414,0.0010706472773169828,0.006730791867286978,0.015883521031699654,-0.0017720061533234022,0.0010720324974675677,0.003423882784825194,0.0008090651575620722,-0.004190347611198075,0.013353573897404214
2017-11-06,0.010144773150374098,0.003921906233935957,-0.006961934519212676,0.008150397626239814,-0.0062123692603017755,-0.0022844103730728094,0.00502877336290064,-0.006121489987306328,0.006852544616788858,0.004504300123209903
2017-11-07,0.003213882800708001,-0.002367783472526419,0.009312518897875988,0.0022397466354273643,-0.020142673464990213,7.151872867194875e-05,0.0015191165220138636,0.010807582554107631,-0.0020295454687447867,0.01144854648306226
2017-11-08,0.008180229819927831,0.003441355109469857,0.005606302451434342,0.008645179801616942,-0.011240535756086523,0.011089817488925346,0.003390049091772429,0.006898362649550238,-0.0013164247207813062,-0.013535543195741018
2017-11-09,-0.002042844820552281,-0.0055579334069993935,-0.009987780469712604,-0.003310147529595686,-0.00010261281690049362,-0.006863895037259038,-0.002934083308491986,0.0022837004228173363,0.005990563926579817,-0.01835929607223208
2017-11-10,-0.003308970088530816,-0.0026159926187759863,-0.0034075140890639233,-0.0033476955293720856,-0.0012290250644514389,-0.005628786096240734,-0.002318438924542421,0.004328632018862022,-0.003124952469753639,0.052698223747169815
2017-11-13,-0.004007957803535578,0.0007150968915350386,-0.0028251621584106656,0.0033944652095283523,0.0035894525981545744,0.0014329805536583695,-0.004290487167583179,0.00952826870214829,-0.0006028336474870333,-0.016239358726063635
2017-11-14,-0.015117315164676626,0.0014298702091715132,0.0004224799863505879,0.0067925847503862435,-0.006028789072132779,-0.0019319777733678434,0.005206538276102846,-0.001460619605458513,-0.007841968097730745,0.007289689711741376
2017-11-15,-0.013190280052246761,-0.007772504689935178,-0.005020918152339404,-0.00892825205430392,0.009457657537600639,-0.0027956731314419114,-0.015449391501867749,-0.0072012692580254445,-0.012524253522929296,-0.01960958392429868
2017-11-16,0.011947215437102532,0.0026510941411541644,0.011636434662070982,0.009408067619774974,0.0028518909999000197,-0.0016537121001927169,0.008768471645061782,0.011559949554611926,-0.008004128576775016,0.007762499843551929
2017-11-17,-0.005552666687776653,-0.009615325875243275,-0.011998631597184617,-0.006515465173448587,-0.00335115722903756,-0.006264592394090052,-0.010808789816703412,-0.009186873958473618,-0.003972007725347448,-0.0011812175901427802
2017-11-20,-0.0009989954417957136,0.0015777663467888559,-0.0011871503917513238,-0.0031596475871705776,0.00886463781390967,-0.0005077190881703775,0.0011837532484271218,-0.0018093556737507344,0.0038632793584427727,0.012868784188165172
2017-11-21,0.018590334270412123,0.014419125887187079,0.01511601324802947,0.01170193669616193,-0.0008078008266449999,0.0029725800770858957,0.013642507933052217,0.0050978608474443465,0.00397291585074111,0.009202244659509917
2017-11-22,0.010512082532807776,-0.00728613058484906,0.0015423405307026794,0.014629350441896172,-0.002931444912182113,-0.007589916924649165,-0.005652884059276553,-0.004396010427218933,0.002844194592817928,-0.004492980081983289
2017-11-24,5.698975098566983e-05,0.0018044994887469468,0.004373088991574292,0.025809587159050906,-0.003244100797679783,0.005244677886810045,0.010377380687413673,0.0013584993137634171,0.00394555871345359,0.009444751469821044
2017-11-27,-0.005029362039359442,0.007326787764035281,0.014661118585000299,0.008288378765863635,-0.003966615949136942,0.006779598089989403,0.0036619170104814636,0.005765870395998407,-0.00380742660781086,-0.01299770062316552
2017-11-28,-0.005859346621968187,0.012042354036565506,-0.008134166320290848,-0.0018648099848008748,0.03502471079364344,0.013903218263450201,0.008720218888878861,0.0049462475924593186,0.006903740355361787,-0.016017316329620557
2017-11-29,-0.020742723098012505,-0.018143430341875044,-0.024367646185897707,-0.027086140184754415,0.023382344984462566,-0.0014999683473958525,-0.030875029787603592,-0.00022390284928153203,0.007347250646098535,-0.06781858187737844
2017-11-30,0.013983833683776536,0.009959196617674415,-0.001166450592718804,0.013330269145295004,0.007615695347784834,-0.0034332749369824223,0.024849543620501402,0.006825106629244182,0.012397918102199146,0.021841094188108867
2017-12-01,-0.0046551736744809835,0.001069520304700422,-0.010712515111145349,-0.012237114119919568,0.002583589651294682,0.004665350264360324,-0.016520114326648017,0.004111535979634651,0.002041249599755046,-0.015096234090630545
2017-12-04,-0.007307834938220958,-0.03774041092984748,-0.012877291864132445,-0.02443329420890661,0.020612253039068662,-0.006929801744319231,-0.029802131352160477,0.011620164618204587,0.0013179175740110072,-0.05574645700243397
2017-12-05,-0.0009422366818968575,0.006289874356661285,0.00763938750108295,0.00671988235950316,-0.011500366339639911,0.004748181651530681,0.010704691410136746,-0.00010938506021984651,-0.008136706922391213,0.0057859668165574085
2017-12-06,-0.003713916726189148,0.014585148575114282,0.01286786687039121,0.009443161186693416,-0.007472342267102916,0.009952152819279414,0.010683269075862478,-0.0016413741439028628,-0.0073592892212231975,0.008095803426305892
2017-12-07,0.001834286057475376,-0.003503305467602469,0.011474465115253185,0.00645633412212665,-0.0029546060092826565,-0.007444135988184497,0.015126696171144927,-0.012602599876707643,0.003281644518818183,0.014425073427814183
2017-12-08,0.00029521141638344517,0.020245456156090524,0.0046048021339542,0.0019055232281814938,0.012521797239938737,0.004143034297972248,0.010771992427163646,0.0029966560809879805,0.0013325131520844913,-0.002604464483016211
2017-12-11,0.019484080727815378,0.012713392267534429,0.0024681040334197935,0.00595526128181989,-0.0029267138576950513,0.003911959539714127,-0.0020423931785216176,-0.0015492263714920185,0.004476174245461539,0.016554418422662254
2017-12-12,-0.005617860187090207,0.0041063875423283935,-0.0030419564634751595,-0.0032850414208537293,0.011645541629339284,0.010344430281720163,0.009700035800616513,-0.004211310145553315,-0.0032520684375871856,-0.019624275687637138
2017-12-13,0.0033199780828794268,-0.0026875810660478283,0.0024982356760971935,-0.0008154051057901457,-0.012541137920393686,0.0020334860995629978,-0.0013220604673516156,0.01146334079097433,0.004350193617362885,-0.024418265553950436
2017-12-14,-0.00029015611971749955,-0.007732730196843951,0.005782795701443799,0.008701781336744707,-0.008056060842046686,-0.00867803609254636,-0.0034421648977507324,0.0013208024330138013,-0.002647287207993232,0.0015574685783619202
2017-12-15,0.010161159665064812,0.02550458558541102,0.013740144862881998,0.004155799839922203,0.014140943888125701,0.005718316384499378,0.00797037054460259,0.009779761631256267,0.0015686355204391766,0.027296681483242713
2017-12-18,0.014082941444804487,-0.005411400253181209,0.012211021454227922,0.009701962262080421,0.00772560001307987,-0.00463278637801301,-0.0023718836700586943,-0.00010881370157134196,-0.0010839780524154463,0.0330972520150683
2017-12-19,-0.010656582573044138,-0.006367151025951645,-0.004893638482776241,-0.0026877630938977326,-0.004207155741313251,-0.00014107385774209114,-0.01241761678915243,-0.002176719144183381,-0.006028403687898143,-0.009045386276312906
2017-12-20,-0.0010879358054296517,-0.003611607936819805,-0.0057603458331747515,-0.008219760593352499,-0.003473831894657442,-0.0043728181574200775,-0.00017835929809040252,-0.0016358397737001873,0.005216055825463695,0.0035186813383749627
2017-12-21,0.003784965866231005,-0.00023412497714037084,-0.0025242891492633923,-0.00242865364271172,0.015922634519392798,-0.0007083622619408203,0.002586454509795777,0.0015295920979716549,0.011825221785132678,-0.004624067937542109
2017-12-22,0.0,0.00011713862879192405,-0.0018585470125709325,-0.005447916178231371,-0.0035243107823796915,-0.006664159509873535,0.002491032678559657,0.005017754142468078,0.0014313255594498031,-0.0031649868426214534
2017-12-26,-0.02536970759638446,-0.001286425164588767,-0.002815875190399053,0.007189598906302885,-0.004001926992537985,-0.00021407913824278424,0.0026621160556705714,0.0037986617859568916,0.00011916750576279611,0.011112328585053177
2017-12-27,0.00017565656424567422,0.003629987708483995,-0.005301165457701762,0.004673811233108838,0.0018689778611857832,0.0034265504507364763,0.009115686333529771,-0.004108541648776054,-0.0009526290264358916,-0.0013674178776610368
2017-12-28,0.002813263759021689,0.00011685160555763296,-0.0040084613796910196,0.0032480392831288896,0.0053162299263183055,-7.122274494930636e-05,0.002894262786107049,-0.00032569668963333687,0.0014300735368621975,0.001166653722347144
2017-12-29,-0.010813223878376022,-0.0021002642656758885,-0.002414989539977652,-0.01402075715034623,-0.007885833882214643,-0.005976000205311749,-0.00288591020360085,-0.002063937371036384,-0.0045227516982379035,-0.01975668711311951
2018-01-02,0.017904552511547545,0.004793522320839738,0.018805739012546452,0.016708444028718628,0.00944458211417909,-0.0035072108199231122,0.004297752619470296,-0.013386687355669502,0.016619042642474824,0.03023217148459456
2018-01-03,-0.00017421748025625572,0.004653644076496821,0.017061006344338603,0.012775310383486449,0.0010190730254548974,0.009552641432511777,0.00995521574301339,-0.0012136400133460068,0.019640164694396,0.06581419933124022
2018-01-04,0.004644998220094898,0.00880158473684367,0.0038845572787973293,0.004476012896857506,0.014325430322767119,-7.122781798996058e-05,0.0037182706960443568,0.007068336517663809,0.001384146097208827,0.005270975109036735
2018-01-05,0.011385409880037223,0.012397825832231257,0.013260292786421601,0.016162516530176196,-0.006419508293428411,0.00825333929914529,0.02394898588156069,0.0006584908858040528,-0.0008065325994299766,0.008474416137925322
2018-01-08,-0.0037139320242360885,0.0010207678642171203,0.0035304958389272834,0.014424678832250848,0.0014768291883073825,0.00127026697931365,0.004038404664947537,0.005260894916334857,0.004495770495353435,0.030640903762413352
2018-01-09,-0.0001152206583245885,-0.0006799438187453655,-0.0012745398134115238,0.0046757095740346255,0.0050690207172037205,0.015857411366440477,-0.001927451135524394,-0.007305071686199316,-0.004246368033319459,-0.00027034977937956395
2018-01-10,-0.00022934455105894092,-0.00453399666351495,-0.0023813471377871487,0.0013012055442500614,0.011004149045156453,-0.0011795269927461494,-0.0010914263679472347,-0.006369629565875834,-0.007951507407694569,0.007840001531352225
2018-01-11,0.005680341889785057,0.0029604971031664817,0.0017205929306345347,0.01781828254348916,0.005351479698238126,0.005695575365663341,0.0072282721362857405,-0.0035373243989610392,0.009874600852141535,0.0017881044435328342
2018-01-12,0.010326293097910222,0.017257139754310646,0.016725786594744108,0.022339231610462695,0.01651033344738062,0.006699457496425865,0.0020859708376264052,-0.005990305594847145,0.00678685965777448,-0.004908768823798315
2018-01-16,-0.005082223166463451,-0.013951013873550133,4.424959193372047e-05,-0.0002605871874575838,-0.0035503953391451404,0.007546477874691426,0.0024982105788755593,0.006807268204573447,-0.006284155633347832,-0.012871172144165666
2018-01-17,0.016516502053054438,0.020260688302449648,0.007429041601012765,-0.00755630863716783,0.00641314218395328,0.0008172794576901676,0.013207137506941358,0.010862510229041389,0.011842650437946745,0.02094409503696326
2018-01-18,0.000892762934538549,-0.0004441579730792844,-0.002747719063429299,-0.0012972916415299185,0.002389856695545145,-0.0004081747828045268,0.009263777135081419,-0.0036462413571731744,-0.006476921165753158,-0.001246017898660412
2018-01-19,-0.004462564166429095,-0.0011097323713926688,0.006628577933288637,0.0009741736041779525,-0.002207395465356865,0.002994744737351729,-0.003330359390979365,0.009869107232455931,-0.0032027931523950226,0.02526273874663887
2018-01-22,-0.00818100649469411,0.01788885496330206,0.01806742814586726,0.025282411609683475,0.011680211093196169,0.005293178077947269,0.013284446454229437,0.00900428958913091,0.012621929888359196,0.01555790902964782
2018-01-23,0.00022588491799591104,0.0031657235255386773,0.010316392374783545,0.02654236704761037,-0.0010496539195423704,-0.04259508988832217,0.002573756051016618,-0.03090634243773549,0.0005664981890440846,0.02233724667876036
2018-01-24,-0.01592838797638163,-0.0008708503933424483,-0.004149063690853327,-0.0036915667119321594,0.012783456734489551,0.0016926647228336922,-0.0008022299511049047,-0.008310344423105409,0.002604997096825379,-0.013017405495697187
2018-01-25,-0.017851082800769857,0.005554706582053148,0.00926327999875931,0.015056912893923968,0.00025966212754058304,0.016400064767916556,0.005379431614070729,0.0003401156457714105,-0.0018072745492533349,0.002332352538689575
2018-01-26,0.0023373668839135053,0.018737113141563455,0.00458492993945514,0.017489776074125496,0.005358499979432274,0.006440751101457254,0.008784294918678937,-0.006905128173982811,0.007129015819841822,0.029532751269738977
2018-01-29,-0.02069799352243351,-0.001488393287330303,-0.0009094694225907363,0.011147987016343786,-0.0010315324209493326,-0.011353638176990977,-0.011715898359262678,-0.009916976441390113,-0.011123618927452394,0.014465682622388343
2018-01-30,-0.005894612845221192,-0.012564007728612436,-0.007678168382167061,0.014206254114237371,-0.009380631884052248,-0.008700001624549869,-0.01033339648950704,0.0010359586766621742,-0.013975263274109029,-0.016730883128438623
2018-01-31,0.0027552848476437575,0.024476964196976203,0.0041194041442595974,0.009090198056924459,0.004864944813331551,-0.02976907373855009,0.005503915746097654,-0.00701540829912195,0.005991814813775198,0.012689754594466862
2018-02-01,0.002090196486267182,-0.007893834931668842,-0.0005328333484921899,-0.04196737400527717,0.01037444614620675,0.013242815783081952,0.011993760444316992,-0.005675447921884014,0.02027493048130946,-0.0215623832608135
2018-02-02,-0.04339016885696534,-0.026310464757040464,-0.05280194434121355,0.02874097206609716,-0.02216122728658665,-0.016712230573136866,-0.03825949589059385,-0.018636792051605622,-0.05097114813747128,-0.02902266008491572
2018-02-05,-0.024984491833924927,-0.041185222790324105,-0.05075931659408961,-0.027938006598856924,-0.04795232143238681,-0.052948636163213436,-0.03837576203085524,-0.03786387840079419,-0.05690270940630604,-0.0848749489261319
2018-02-06,0.0417922261159831,0.03784134014228813,0.020745704712340496,0.03801436389950541,0.030422834211622618,0.011043784712477578,0.031822529899589114,0.016284119615401993,-0.017185539507035164,0.05559176625109963
2018-02-07,-0.021407126079235006,-0.018833244245096026,-0.026760689540824778,-0.018061620618718965,0.006778935411072551,-0.0031099990122805954,-0.002667562491402653,-0.006554472249829302,-0.017995983120796977,0.014274321527365297
2018-02-08,-0.02751680412981694,-0.05133360936997167,-0.045195470235561364,-0.046782076355553315,-0.04421020644533469,-0.03850266374945588,-0.048390765570124894,-0.019795238950547356,-0.011307250290615078,-0.04930043863480438
2018-02-09,0.012231227696095637,0.03728983905769323,0.03826478548090728,-0.008071057484337008,0.020022163347086286,0.02508714971706527,0.021605078095857655,-0.003739420954393946,0.00637438713312255,0.06693625765964883
2018-02-12,0.04027904347545985,0.01077361036659874,0.007923483740361226,0.0348088545167482,0.015449039388653718,0.005712991750705498,0.018483712130203944,0.0176426723471117,0.008445761561448162,-0.017451269153332283
2018-02-13,0.010017661185915516,0.00785350592492895,-0.00039844266505673076,0.020400675986486094,0.0061748501783656096,-0.0023795891534448277,-0.001012907651926298,0.0020902008902325964,-0.001570764557174087,0.02017322133694477
2018-02-14,0.0184374081492098,0.015658358698137365,0.01760680953573912,0.025832207585371192,0.023125819292877603,-0.002231487161842405,0.02095483238843565,-0.010061136278872174,0.0020969967491670793,0.03778523081566543
2018-02-15,0.03357817846640754,0.02037200949640483,0.017395381844026225,0.007380856462852581,0.004172732761855702,0.012030580098478794,0.013761994188023596,0.02144280118894404,-0.003269579079313023,0.021042198620079278
2018-02-16,-0.0032373067922467635,-0.007122861051805929,0.0037935118731673434,-0.008941218962002284,-0.007185732477681173,0.014630618394056327,-0.003516372398327805,0.0023050167183999992,0.004329787339573565,-0.010791350844049807
2018-02-20,-0.0033635688497613003,0.007826244905152269,0.0073846669234456375,0.013570904563712238,0.0002615710246842706,-0.017123510942356868,0.0013130100709439763,-0.015253839010234693,-0.010320966812362942,0.021489572425987813
2018-02-21,-0.004539048356555053,-0.013265762288716787,0.009206339198420288,0.009922706887337096,0.004184956606362755,-0.007335470222951113,-0.012949701107486167,-0.013523226895481022,-0.011353330055182242,-0.03039171776479943
2018-02-22,0.00835962798467893,0.0026230483616440647,-0.0034568461275686913,0.001631842065593636,-0.0018235520654626969,0.0,-0.0004150865989857033,0.007477090972437317,0.012952311478550582,0.0032731680022082266
2018-02-23,0.01739130762500629,0.025400790795712114,0.01638876554397317,0.009869817359685173,0.02026469445429746,0.016241994733156684,0.02118284072589205,0.0025979884002642617,0.022014331520040287,0.015610074187043521
2018-02-26,0.019771883400156343,0.014458666285771749,0.01383774991232345,0.014633382161458375,0.012445397059299479,0.00678463324587919,0.013503522799643397,0.0071559775340874765,0.016896876087202806,0.0026427135552600234
2018-02-27,-0.0032409276637805906,-0.012785406463024951,-0.022899265816126446,-0.006550867172796515,-0.011871929034882323,-0.003028791442695411,-0.00979191340553942,-0.013352923111284776,-0.01699673568268789,-0.002108316666690091
2018-02-28,-0.0015134875501707779,-0.004564562629290947,-0.012161290871372743,0.0003108313001467522,-0.015848208807164532,-0.013594541424515882,-0.003485893339697066,-0.025080722425919744,-0.02270951408456834,-0.016500053332998643
2018-03-01,-0.017516165630809488,-0.0098113126113053,-0.029449475506520217,-0.012562358807392093,-0.017922159815642047,-0.020018366421547085,-0.020660288388205772,0.0022925907969115755,-0.0071296090608991,-0.04045462639745134
2018-03-02,0.006914578046539832,0.002153841481768559,0.011881530960853759,0.004553166629101657,-0.0009700272021324619,0.01209936164115244,0.003073306225575223,0.010164859827157313,0.004654311330404948,0.018646549229439646
2018-03-05,0.003461771461839236,0.006340773787772536,0.009795853687818212,0.01557072907976953,0.015354963431264856,0.007529626029615599,0.009190732788769695,0.009937635063112626,0.00952983224681736,-0.0037626531020349407
2018-03-06,-0.0008488535192261448,-0.0034173032539794868,0.005608474484394277,0.00920849302913429,0.0008691619115592797,-0.012096277847398196,-0.006727787004569441,-0.003363133499936777,-0.0011799749375610569,0.027625781704329055
2018-03-07,-0.009282488872043748,0.005786367843112261,0.012844048499572436,0.004786506564700588,-0.003734026402558266,0.006394941690518685,0.006525761064463342,-0.010747469909600071,-0.025203526997238934,-0.0013211679832655365
2018-03-08,0.010912280463910129,0.0060726693387895825,0.012860578151002722,0.0044401594736043215,8.737402884717582e-05,0.023403894237000067,0.0030366011508342616,0.010232650758753348,-0.001885157363713419,-0.002729142211451041
2018-03-09,0.017180777384639745,0.02234488207384988,0.02785597559364872,0.01741782666536884,0.02876050194363211,0.013175782842337336,0.018736622438231265,0.004001776878704177,0.0059364810376638655,0.0172071206293245
2018-03-12,0.009668132980151345,0.002382321340718141,0.004384738254419318,0.012350428812454961,-0.003219271835795401,-0.008744334633987383,-0.002168563515921762,-0.005355869339732533,0.009120162740152038,0.018057462836440275
2018-03-13,-0.009630291607108044,-0.024387668692723352,-0.02231696450940357,-0.006387748444923624,-0.011983765483924658,0.01296820558592815,-0.008370842336871354,-0.001753404459611696,-0.00943642197492911,-0.008207898714568618
2018-03-14,-0.008501524086417356,-0.005931528634444794,0.007877873613569841,0.001775698923243585,-0.011182703664916693,-0.015109737542561286,-0.005032424223296861,-0.009031433397667876,-0.0124785236964009,0.004157896446727705
2018-03-15,0.0011772418966591314,0.0035163163369795747,0.0014970144126074114,-0.005455760159082668,0.0025229401188802125,0.005592511584038284,0.006771138193260473,-0.004177305257370478,0.011141411351403674,0.0024123772417077305
2018-03-16,-0.0035266631289349037,0.004459422094401422,-0.014070702102206623,-0.006724274466889391,0.0017352774134682392,0.004659489094810398,0.00907541135484946,0.003813760123293708,0.009406336597601594,0.004571890224170483
2018-03-19,-0.015278897185592721,-0.018076112698173108,-0.030279850257647012,-0.01702002356856136,-0.007882801748697044,-0.025732911913493695,-0.010600054604591125,-0.003925590307065074,-0.012912871175995044,-0.03784728503684531
2018-03-20,-0.0003426708989984206,0.002583783002939821,-0.0038815133333044427,0.02691387223103381,0.0009605441540094795,0.00744767878715491,0.013797663443271047,-0.004449719688604747,-0.0021575018790976896,0.035601708023553114
2018-03-21,-0.02265454528928923,-0.006979251478084092,-0.001642663913955511,-0.0029309385697435797,0.0008724293763595625,-0.00015222035371653675,-0.013529631986943125,-0.016217525176143277,0.014191051235469043,-0.004086843708326793
2018-03-22,-0.014129857776190469,-0.029087549973334736,-0.03733988965925794,-0.023352257063312565,-0.041746672865718315,-0.029041841036278715,-0.02621332300657042,-0.008177538270580764,-0.020522646948539558,-0.02699559249453065
2018-03-23,-0.023156610179671744,-0.02906804905883864,-0.025257766768763013,-0.03194990354365934,-0.026739320168572944,-0.017899559952097133,-0.024918711113461667,-0.006543562252481205,-0.008299180420177632,-0.03671669674450728
2018-03-26,0.04747170127384304,0.07570603496668271,0.026827755164717804,0.0403193371656132,0.030838141914244055,0.01830562111870493,0.03111094682936999,0.006586662488510919,0.015228215802189471,0.04940507200377864
2018-03-27,-0.025640938805597813,-0.045958720022865274,-0.04473055117390379,-0.037799009933227934,-0.019399780568434832,-0.001412945062460147,-0.026856676458229645,0.01806014979473969,-0.004054178203976799,-0.07755226569194296
2018-03-28,-0.01104887030031998,-0.0008943987501961459,-0.001747952803821895,-0.043839574227757305,-0.0015716465925496026,0.0018862659317784303,-0.0034923283763661495,0.013498155624789065,-0.012075698637343368,-0.01849054365925973
2018-03-29,0.0078085125908164965,0.021031294961759484,0.031795440090406135,0.011121789958675743,0.018240687130469446,0.00549241029959302,0.022480432255784777,0.005580842419943055,0.024721798201958745,0.04626126916694551
2018-04-02,-0.006556323235783146,-0.030130322757451644,-0.023632307495925597,-0.05206094449224363,-0.019278055177545994,-0.02801368982479102,-0.010282613921132389,-0.023712980657803584,-0.01863008166761093,-0.045511510020222135
2018-04-03,0.010259196008534754,0.01344332456817443,0.0059744972782938,0.014621073252283123,0.013722670600366804,0.030426853237590867,0.006841857660901951,0.013694613420973889,0.024583365646052124,0.019452805328243228
2018-04-04,0.01912255886308789,0.02920509200680499,0.01082791002159711,0.013304155601610468,0.015183569364963567,0.016049791741663322,0.005117546301238063,0.007520067795526941,-0.00199934387449463,0.003949662527371167
2018-04-05,0.006934393603526434,0.00054180747043997,0.0028452702651691197,0.02919384373872269,0.013130346747267208,0.002300399112117546,0.011518414897057294,-0.0031627845405436394,0.015360141110788872,-0.02148175046683598
2018-04-06,-0.025578823700481812,-0.02327361417014495,-0.021972778137835602,-0.032044139547784845,-0.02493760509419285,-0.0199677296032279,-0.02879786949353913,-0.004695420958335084,-0.015127776331642417,-0.03220716862656903
2018-04-09,0.009918068216062448,0.00598498698056682,0.010040112742161211,0.0006049309856379637,0.012008691458444742,0.01077271464927576,0.009260819175330282,-0.003442408518798734,0.0,0.005414267389037386
2018-04-10,0.018817654948936502,0.023245396119472295,0.01608676552323307,0.02143542524562969,0.019112269951464977,0.005947003167836806,0.016247260332886482,0.0026866437412718103,0.02938410184894691,0.05802898739254392
2018-04-11,-0.004674888270986277,-0.010981990417902598,-0.011037037609113898,-0.006384761566404218,-0.01679851340410199,-0.004759865173575739,-0.007786742349139231,-0.0012761396895559773,0.004670762575702758,-0.007327343855846102
2018-04-12,0.009858446183262703,0.018724165311311713,0.011930773893779723,0.015031037769792865,0.024859970500961115,0.006171011270146964,0.010769765265642883,-0.006132739369920315,-0.002711790240519818,0.03695159295771311
2018-04-13,0.0033877506373616306,-0.00534268854764941,-0.0012049152945586838,-0.012226519005276604,-0.027079459269648276,0.0014566520369538871,-0.0026428049065554404,0.007456236830033047,0.008028719334549184,-0.013213857921515748
2018-04-16,0.006238243878445404,0.011710113719852977,0.009710162413296475,0.007485369514734552,-0.0008159731124641745,0.008727786707191765,0.009357673647867992,0.0030625777367423446,0.008993129868941852,-4.3265784800516904e-05
2018-04-17,0.013764290272889612,0.02017626635021208,0.031794220983716315,0.04323969457439136,0.0,-0.009259193256709652,0.015753373460758002,-0.0022899655430067556,-0.0026736744939362955,0.02613508195802905
2018-04-18,-0.0022441474902131775,0.0038513214174353827,-0.0036781605588859234,0.015965907361371823,-0.008075723936594836,-0.021602670039946315,0.005492788437994278,-0.0029325005462002007,0.01136212412537474,-0.004925744577204405
2018-04-19,-0.028339985141841995,-0.0034217955762858576,0.013074364510001546,0.019026846696625466,0.02195420507599999,-0.0013309546187021404,-0.004177578551282535,-0.03269105111247406,0.0025245060001075625,-0.031010452591846427
2018-04-20,-0.0409728634315325,-0.011549414659666968,-0.011133922668936758,-0.018896413095091713,-0.0022377449402279925,-0.006977494870306855,0.0019361867639324792,-0.015343153066788351,-0.005288376757656366,-0.0014407466301409322
2018-04-23,-0.00289611679088686,0.003684399916403791,-0.003258233820644274,-0.006304443768269441,-0.004844195861443801,0.0013423955309679325,0.0020934660169251718,-0.010840770906347164,0.007215249626891351,-0.021118460950263263
2018-04-24,-0.01391921338321822,-0.023387400423005134,-0.04765271663492676,-0.03806011733462866,-0.00468795407363698,-0.005046522630499872,-0.025630662072503196,-0.006848940762207989,-0.015332500063629073,-0.011970405085797275
2018-04-25,0.004357645959494505,-0.008698770827603841,0.0003423869814367375,5.476104433066453e-05,-0.0038038520190172287,0.0045170903394524675,-0.0004949336458960341,-0.002758741427315692,0.014677625261525717,-0.020524936897520663
2018-04-26,0.003482849530849652,0.021124556912214487,0.019863235040180394,0.03957763154732241,0.0009998907704102944,0.009860914859486147,0.04842854614325476,0.006224095549220321,0.017107183941375448,0.03950900428408932
2018-04-27,-0.011569633505055466,0.016550138986819007,-0.011367733405160951,0.03600877473825914,-0.006357776407307281,0.002031327453624332,-0.00842008066789679,0.0008247461079826657,-0.037966739580979514,0.0049286173942029166
2018-04-30,0.01811234395310346,-0.024003257073003326,-0.012477431039442655,-0.004126787422321976,-0.005667372738925702,-0.013877030749223862,0.006904308606242804,-0.006455294975927672,-0.0005145799058746681,-0.006318359361676906
2018-05-01,0.023235872453829742,0.01582516006597734,0.021765397981923007,0.010299216955919732,0.0,-0.0037946881488108986,0.004965402351642334,-0.005252910532152599,-0.010288805666444412,0.009960074236109229
2018-05-02,0.044175149713404416,-0.015683994156640346,-0.01412433013692349,-0.007950625194139027,-0.007905950042219279,-0.01991907121506431,-0.008862272002198912,-0.01417447768975677,-0.001949699083150902,-0.0036541291327840675
2018-05-03,0.001812501001013045,0.005988793472653242,0.00024357787466700032,0.001528911821702117,-0.006301103530691465,-0.0038055424385999848,0.006330243793827517,0.005920523808327083,-0.0033858024212345406,0.02951710759667847
2018-05-04,0.0392330355022219,0.011586964519450405,0.024067088425511196,0.005642261901468659,0.011096787233247918,0.00942840499219244,0.007705654841146936,0.014994442168923205,0.00470389979932806,0.02605255156020192
2018-05-07,0.007235193978083476,0.011139106889637151,0.008049528257496386,0.012138311349751518,0.00866961897104268,-0.004831380901668458,0.008583004480472223,-0.0062131835312152495,0.010923278718733664,0.04024127180640713
2018-05-08,0.004806487063441667,-0.0042611881939600416,-0.0008213882347504198,-0.004843383195326512,0.014811970739965208,-0.007929530039485044,0.004951460664010865,-0.0075017283778267,0.004502382687409101,0.0069161963830064455
2018-05-09,0.007041237226876218,0.011794274666303783,0.028679806497340588,0.009802904151798408,0.021803591457399296,0.007340382939933443,0.007236268163089754,0.013017580888960323,0.02356221190373775,0.021485767857028604
2018-05-10,0.014303929750836275,0.010006347859265796,0.015170521433440776,0.0006716524063099527,0.007759411225281676,0.014897519609697873,0.0012227314242099219,0.010777868965685444,0.022394742494151965,0.01700659844037955
2018-05-11,-0.003803203260132837,-0.0021451905921290315,-0.0018905796315370482,-0.003834516470754168,-0.003762399240279657,0.015077717854119044,0.006259408735848515,0.003007619375304582,0.004697172776156222,-0.021527487772030507
2018-05-14,-0.0023330433054422617,0.003377921260157901,0.002918429151811841,-0.0008546543966294617,0.00035122324287728546,-0.0092733450588669,-0.004627548625686373,-0.001226601203479838,0.006766526766281977,0.003260831572328593
2018-05-15,-0.00908853175969393,-0.007243148546768108,-0.019636856091471477,-0.015872268790349864,-0.007638131451846553,-0.007377755976779143,-0.0008382383563971807,-0.004503360797020628,-0.0004888059629253316,-0.03837741821439489
2018-05-16,0.009332891031313517,0.0025803603727205804,-0.0007189264391317396,0.007080662119067549,0.0027426816066284943,0.0017580811686022102,-0.0016016101561878715,0.007950840229132394,0.0028122425826224706,0.0018326546378484299
2018-05-17,-0.0063236778372642855,-0.009984381740022918,-0.002610459417285549,-0.003477659670395261,-0.0033525985715975315,-0.011966144194682782,-0.0057395347441178135,0.00584800185592349,-0.0017070572530885064,0.006910618597363971
2018-05-18,-0.0036366129981748596,0.0018714572125022588,-0.010746649618119553,-0.004672001043388829,-0.01620047395530899,0.003148871221133609,0.0,-0.006895778341794667,-0.007083158088007524,-0.007145763684795803
2018-05-21,0.00708521638356685,0.01286817855167599,0.013434425475116196,0.007044143460552821,0.009178427301421266,-0.0041855473610430405,0.005618745940777936,0.008304966384629298,0.012053677558632181,-0.006912193066824224
2018-05-22,-0.0025053035137153623,-0.0010243181435534154,-0.00802587092259155,-0.0025608078786804045,0.0076682977830959675,-0.006546979551495191,0.000382653037588776,-0.0004048248156022227,-0.0077783213923656724,-0.006305029745723112
2018-05-23,0.006411861749599623,0.011897305966573901,0.00990413748358665,0.012937936366005598,-0.004601587101649929,0.004393494618134763,0.008951211783601032,0.0020258334917253595,0.0062469478897295705,0.020572800166412497
2018-05-24,-0.001115083914512538,-0.0035476408485477506,-0.0004696363380300994,0.0007553855752788774,-0.011200635885734389,-0.00972060528276264,7.533305656126643e-05,-0.005526911962480119,-0.02288478950834738,0.0006060135272378808
2018-05-25,0.002285664327450476,0.0005087541922661476,-0.0012621468068408914,0.004416479152626884,-0.005124762678875516,0.000988806875504622,-0.004624709620897671,0.007319955801200706,-0.019434596750900868,0.006419089778255449
2018-05-29,-0.0036060365955793428,-0.0035585449825839,-0.01476829198677343,0.0016893033249025802,-0.04274330911614965,-0.01704106782452619,-0.012111637088967675,-0.003498661950462223,-0.0036842837301019893,-0.0027680652680651674
2018-05-30,-0.002128783564681047,0.009591024584425067,0.00880093788271008,0.00745252767120097,0.022845001120722408,0.013148879796774926,0.007325347186072806,0.011343739066810521,0.03927567706739832,0.017700256844233486
2018-05-31,-0.003359991116470895,-0.0011115691651381043,0.020910045492773532,0.0029110106331380337,-0.012367124422200115,-0.01115963155222588,0.0006124621404310915,-0.022967332525286488,-0.003190304520049536,-0.003162241916690678
2018-06-01,0.018033765344191766,0.019728916417566245,0.03181826069700544,0.007314596664868223,0.012989250767564853,0.013710115088936492,0.00099444114377234,0.0038268093584776786,0.007262485008092012,0.021531385163855443
2018-06-04,0.00835805769731257,0.008730866819216088,0.015894230246921826,0.014455850842866047,0.00046162397265026023,0.005690192257874038,0.016965679204477446,0.009938610564680594,-0.01050946171995748,0.028064802742103767
2018-06-05,0.007715285750589773,0.005114575822309231,-0.0017517682565867387,0.018663651200122366,-0.005625136178803114,-0.00385424679770352,0.0036822066384278873,-0.0028307753658360912,-0.003581718822928237,0.0008304564590382313
2018-06-06,0.003465456533298772,0.0029356553319235257,-0.0035360320448306615,-0.0003536862117876627,0.02336808080040087,0.010783949805159843,0.020365432822097684,0.005137284476809834,0.017104721655300636,0.0003017402049578788
2018-06-07,-0.002680445343703597,-0.015708971515000947,-0.010924644048132537,-0.003803651977406841,0.003987100118373776,0.00439756429481486,-0.0179040563308549,0.018964572711986927,0.009992901490354145,-0.008485674536895416
2018-06-08,-0.009097670343958142,0.0074346073864768325,-0.0015074246277508863,-0.003143258294014406,0.0027977955091211815,0.0059191269914429245,0.006724284554707971,0.01874325593693338,0.00868697117786943,-0.002358283803822414
2018-06-11,-0.0024513542370295793,-0.005706874737357648,0.007230416348281032,0.0030463392416790747,-0.0025200953820144756,-0.01128479890557521,-0.006159877942893188,0.004534671232526044,-0.00598090642280924,-0.00632909018804606
2018-06-12,0.005490557445119171,0.0025729376253433855,0.006389715574945276,0.005701178257960349,-0.005774404023844659,-0.0009783240039403784,0.0070940151983789335,-0.0037406065394171018,-0.008183034818014745,0.007520452332751448
2018-06-13,-0.008217176845831453,-0.004540845685744199,-0.0034490199655017317,0.0035967177727189714,-0.001996754380608645,0.0007345779961207555,-0.0034106518957927046,-0.009968895584018367,-0.01104076598164061,-0.0006854453121218906
2018-06-14,0.0005245091725853968,0.005652350593610356,0.01387840343402269,0.011144664310384744,-0.01764102629598252,-0.0017941360215298907,0.004463937750592839,-0.0062770018678681705,0.0046618867119776475,0.017187430518166957
2018-06-15,-0.010272546631854618,-0.01271940116178083,-0.0007240508899033493,-0.004576946257703773,-0.0012035597116621943,0.0016338441929870662,0.0007411814472921829,0.018292114425294992,-0.015020004213379679,-0.00618194375567116
2018-06-18,-0.0005295895856469723,0.007290804191998124,0.020970064069127936,0.004557175708828076,0.0025950679109905117,-0.010521233221989057,0.008141581120765018,-0.019902078824770797,0.001983720219730367,-0.0006407841633462308
2018-06-19,-0.016159797254522656,0.0,-0.00413141205666856,0.006375480989251114,-0.005823745808601344,0.010303213699644598,-0.008002650385748211,0.006461271327492746,-0.0014853515943822337,-0.018559733213975305
2018-06-20,0.0043620350455497725,0.010013698621164746,0.004564392630886482,0.008819555259391043,-9.282504737428976e-05,-0.004323807111074718,0.0028863899911242274,-0.00628900660197762,-0.0030975795433975106,0.008225477630797284
2018-06-21,-0.00557642068901032,-0.007166110101429868,-0.012355757995532124,-0.011348009699612582,-0.0002789422186327828,-0.00483446452953884,-0.007158606117157351,0.007778777999116526,-0.009446487930155345,-0.0198238168880297
2018-06-22,-0.0029114845323618965,-0.0072176706054806195,-0.00012821389552986062,-0.008409345657574563,-0.016370559103746296,0.011444906860176074,0.005946866762084779,0.012951459690226486,0.021206944762160562,-0.023958781462159795
2018-06-25,-0.014871695195869616,-0.020117486463053225,-0.02566522284661732,-0.030611940875939325,-0.009078048730584376,-0.0020352530927829626,-0.03251330506123984,0.004649322271798706,-0.020152599995730824,-0.04714082608289005
2018-06-26,0.012406135887408354,0.007012781862694606,-0.005845750187041587,0.016799393006361685,0.0006678854330610662,-0.0019577655615317102,0.012373072588314438,0.0026996493177307013,0.011286946779264007,0.012002213236996129
2018-06-27,-0.0014638284693260228,-0.015542801689702013,-0.013843972502608937,-0.018083004300295413,-0.015449123993365288,-0.006048103510091218,-0.011543018017592943,-0.003974036136407011,0.013268817871539884,-0.025910072858431166
2018-06-28,0.007275980429175544,0.011174531782826236,0.008809697172172726,0.024655133217022396,0.01636964127151619,0.0032069668195691126,0.013128271603881192,0.004633216042575716,0.003181971404911943,0.021805549293997695
2018-06-29,-0.002102387713006415,-0.00020269075535916947,0.002138857781224912,-0.0009698112831901806,-0.006956999891019944,-0.005409891468424188,-0.0021850357699438883,0.0001286259296975345,0.009271983423112307,-0.016441167113629973
2018-07-02,0.011182888391261248,0.014197342244937516,0.0114417890733014,0.008224557530564391,0.00844524674136693,0.0019781688746718373,0.00037760360335115095,0.0008961073000051112,-0.01172541358312551,0.02254119181074632
2018-07-03,-0.017416589029236484,-0.009598787128782371,-0.022616017251045673,-0.011565135656379955,-0.013989416114393416,0.009294006959022383,-0.00792461157659774,-0.0029431443685200565,0.0058711620980209656,-0.02229206001513706
2018-07-05,0.008046840709860836,0.007167967843059619,0.02240478432093984,0.0034062854005068033,0.006501667709595704,0.01866214301823277,0.013997435085738141,0.016816184728558392,0.0008510460785788876,0.024869315024407257
2018-07-06,0.013862301597385773,0.014033678245253478,0.012082910586690865,0.006412761389779309,0.0032780192981078926,0.005999946268683276,0.006002433960843989,0.001262789590223523,0.00024297770538517227,0.018951070315737173
2018-07-09,0.013885168441657436,0.006820919139689519,0.010561947362918378,0.01659616164256117,0.030943743636606902,0.0023856343866646146,0.010664355446414753,-0.018283263106020353,0.006923414660331639,0.0077629035364685794
2018-07-10,-0.0012070965280491786,0.002650990866413183,-0.00011994488997180142,0.0023289787055904565,-0.006152138516112182,0.010551312353578313,0.008633507910773552,0.025173836118831838,0.009167769395769909,0.016048071089871385
2018-07-11,-0.012976086100788153,-0.0013711541257452886,0.003701327380082109,0.006844206585369106,-0.0021571850293412576,-0.008949691193718357,0.010680675803560025,-0.008268877798860541,-0.012789897998948918,-0.022586134612975428
2018-07-12,0.016765979125942243,0.021671098381643272,0.025438309695837047,0.023715114321803732,0.004323697073280508,0.012040581498231617,0.012667742047799635,-0.003410532881796824,0.001210835769699825,0.014947427113001899
2018-07-13,0.0015701314652447618,0.011901120931141262,0.002630718153313616,0.00913376889672457,-0.004585722751970778,-0.014323693384902358,-0.003431193318939707,0.005324012177485127,0.007497561074544912,-0.007602398890835471
2018-07-16,-0.002195042656093049,-0.004932016865240474,-0.006567559370243337,0.0052177800587498435,0.039676419321626355,-0.009846715386917726,-0.006885666560308867,0.00277342325466412,-0.009842836963365409,-0.0044921513444234895
2018-07-17,0.002828878664282719,0.009913317992183757,0.013848649223090481,0.011764193682617163,-0.0007232139823987183,0.03544807022092189,0.00852246663075329,0.006287124355470075,-0.0021818294520087322,0.022119103847167976
2018-07-18,-0.0054844183339388675,-0.007833899355261131,-0.00014022547240744032,-0.0005477318654329988,0.009321290119784331,-0.010146501382753081,0.009022858146193302,-0.00387370287268185,-0.0010936319664948124,-0.007844258250801928
2018-07-19,0.0077729767990109,-0.0068491923966989,-0.011385874535049356,-0.016251439318926697,-0.014704632844555476,-0.01455413903450653,-0.005464420152277438,-0.0034553833378221377,-0.0025538265606467325,0.001310918677526196
2018-07-20,-0.0022927874272254956,0.01791163347377389,-0.0010172221023292405,0.000402643441726358,0.012648746128031352,-0.0007144445612775607,0.006137075207190756,-0.0006351564482828254,-0.007438161919240849,-0.004523054068958143
2018-07-23,0.000887745108817839,0.015996937260937427,0.010952553371473384,-0.006450891550112137,0.018601736177876083,0.006197539640411698,-0.006808989721087344,-0.0021604067015982276,0.0,-0.005899037644388483
2018-07-24,0.007254430289153957,-0.0028709640141765247,0.03893485082730219,0.01511653201758878,0.00705781900827307,0.021559361191647364,0.0,0.00611354209669468,0.01977893980039913,-0.0028063691146749115
2018-07-25,0.009430157242549253,0.029444632784828118,0.014139891625303491,0.018789205001256803,0.009023405255815797,-0.005720870414206547,0.018638546374356357,0.006076865980316093,0.006986669488579844,0.012705107610370137
2018-07-26,-0.0031312779925648515,-0.010917573745013343,0.007492424297721678,-0.029839878546057186,-0.0028651684380439635,0.012906468322957831,-0.0009811026280875934,0.007801287628981024,0.007776476746019778,0.01179199157804578
2018-07-27,-0.01663158802100162,-0.017697557148196652,-0.025367618507709633,0.005127223105519718,0.010274110510399392,0.00974854065074493,-0.01256149806882978,0.006118441686898901,-0.02754037590035041,-0.011065755779298247
2018-07-30,-0.0056025284666126884,-0.021452601910556646,-0.018237887622229,-0.020938043492589764,0.006033185080339232,0.004712697699971624,-0.03006173035650761,-0.004715924423015272,-0.0021974100010162534,-0.031307229167377715
2018-07-31,0.002000880319138254,0.006738197105371935,-0.002292518933023846,-0.0010004034202905077,-0.015248951634069918,0.002648215722190317,0.0019047071635438506,0.008479009017419603,-0.002813695541581396,0.0029905455814085435
2018-08-01,0.0589101433324255,0.0018851022510535387,0.004701694470265583,0.011100188511422582,0.006176576534560052,0.0009056046265878415,0.011043061814633548,-0.002843384111288594,-0.013740565759853274,0.006575037542105644
2018-08-02,0.02923066737288127,0.012137768355886536,0.006601784143495104,0.020676972776122904,0.004236665715682708,-0.010479801556890433,0.004846104342498103,0.0167385262535773,-0.0059709442181148376,0.016837725620186594
2018-08-03,0.0028933231700367656,0.004369401081158131,-0.002392966294003651,-0.006018567620502124,0.008092708760973899,0.0053334850635164965,0.006478219854201495,0.004024544570810473,0.0036288198931684335,0.0059053931953574335
2018-08-06,0.005192443047372652,0.0008331628308642092,-0.000395681483182031,0.013415305387102894,0.00025649954697448685,0.0005306415579000578,-0.0007860511647849178,0.002307558144802435,-0.0002496427690308334,0.007655803285561369
2018-08-07,-0.009374782926602765,0.006935741865956135,0.014680711943912739,0.00797189690599387,0.00367138697145597,-0.00424187217701244,0.004079728939260008,0.0014541152569107485,0.013594927082361652,0.011494548712342123
2018-08-08,0.0006759587873861328,0.005602778788981855,0.004371756110569391,0.012907476510019888,0.0020416374563512196,-0.0022060286295968456,0.0028512946292909014,-0.0035091127939267386,-0.006644484551501018,0.005720881596883665
2018-08-09,0.007864635832300904,0.0016438809497449913,0.002481327192116689,0.006360983466085601,-0.007725619781202231,0.00022845931462356361,-0.004762741250743385,-0.011535670495208095,-0.005078427048421652,-0.007584402619515429
2018-08-10,-0.0029783310045381484,-0.006109203537943975,-0.009450713604815197,-0.006436593187619577,-0.009839352937960344,-0.003429732503342886,-0.001999294678535213,0.0003682727789027229,-0.0010063965385999074,-0.006511600343892199
2018-08-13,0.006456765929446329,-0.0072477289058028305,-0.003089855619306192,0.005248317917343481,-0.015899013080898694,-0.004053518286670776,0.003435020458679716,0.0011052131548763278,-0.010828589431415958,0.005219669710836872
2018-08-14,0.00421306720530823,0.01247582503183664,0.007608465494311156,0.012366845697121098,0.006673298832149843,-0.00552901516581672,0.003922774923205141,-0.0025760599368006565,-0.00318264658182954,0.020732537769885706
2018-08-15,0.002335952398845098,-0.013560494222432329,-0.020601866466590235,-0.019289990364543486,-0.008286346989113125,0.0071814299682571026,-0.005967528571664493,0.012175860725684773,-0.017494263219521078,-0.008988866002502371
2018-08-16,0.014650302484939592,-0.00018574219670730585,-0.006622212919121351,0.002071577924933621,0.009410761714266913,0.01571702642122541,0.00672816297375034,0.016889096245110258,0.013776947108804727,-0.006330214083382635
2018-08-17,0.01996994245411665,-0.0005574829495808009,-0.006707294681300047,-0.002279290398177758,0.0,0.015021351513039516,0.0048346411994026894,0.0,0.0033333254768939113,-0.04902096590778415
2018-08-20,-0.00974350239763222,-0.006599707439197022,0.005017118546233323,-0.002927367006458015,-0.0013067778099423721,0.017922242642923303,-0.0027596070795741223,-0.0005976245427152804,0.0070277516632155645,0.01233520232248031
2018-08-21,-0.0019492891294782266,-0.008327743993723824,-0.0037153311660620414,0.0035753524597155195,0.006107072009644332,-0.01117775280519362,-0.00638607868010288,0.0031086363905437064,0.0002537162779645552,0.022111476430419552
2018-08-22,4.636652966771848e-05,0.010190626988931584,0.0035649283881535876,0.011404839643848863,-0.003035041958337703,-0.005467269306854705,0.007855372301258656,-0.006078090645357137,0.014334900378172977,0.03750178538962001
2018-08-23,0.0020460345776240896,0.004669962429775909,-0.00048302233507369063,-0.0010499879325084338,-0.0020874533520632843,0.0037145193401089127,0.006801707346846486,-0.001799322738141651,-0.011005798408617595,0.01529557125434744
2018-08-24,0.003109055012290085,0.007809879477272519,0.01276672588393346,0.0013085721135976947,-0.00043585409138491293,0.006216867296819251,0.014778189354227811,0.0014415376341689878,0.006829139347795943,0.020161783739561123
2018-08-27,0.008234962900421916,0.011070045177585808,0.015783253680501153,0.0116984128662041,0.017701433381952736,-0.0009626000894862319,0.008321492403158048,0.0009599400099014055,0.009796031238261893,0.013518885665765534
2018-08-28,0.008075388752775359,0.006021671171361875,-0.008286454345739713,0.0026663776936470818,-0.004884021078151335,-0.004446613945821909,-0.001375266224361571,0.00047950970440036045,-0.001492596033665139,-0.005509628392985189
2018-08-29,0.014929414272740305,0.01596249448303455,0.015081913250965862,0.03377448472317157,-0.0032716423771512737,0.004019988991941004,0.012603119128518525,0.00011962450638147715,0.007224863460796316,0.015534442736889975
2018-08-30,0.009193809320836133,-0.0006251252471808355,-0.0080733628689581,0.0021420801683240676,-0.0049240201777933645,0.0006672571680041983,-0.0019721217337658192,-0.0009581100739930459,-0.004328337948452776,-0.0024415599265773524
2018-08-31,0.011554026741750656,0.003394673067266485,-0.018047844846628358,0.005158808357790701,-0.005295562233959106,-0.0019264865073815862,0.001022112715550083,-0.00551472376020723,-0.004223108768439343,0.010330662951626657
2018-09-04,0.003206763148816849,-0.005519503201506737,-0.016634255091779182,0.013315420436047276,0.004974730123918025,-0.007201678429387015,0.00619531956246977,-0.0030142167841796796,0.0014963383011414866,0.010759750079201602
2018-09-05,-0.006524647321373256,-0.028824735086670716,-0.010080042141823897,-0.021912171605654396,-0.004863382979462649,0.01600362579331005,-0.034709344948623544,0.007134336637592886,0.013327117895175267,-0.018611316175423998
2018-09-06,-0.016617474376012575,0.0023043560609219416,-0.01260092143748559,-0.018302408612638987,-0.004276061559010502,0.007434103834830008,0.012826953389016182,-0.0076841810542620514,-0.011061981896387962,-0.02047267557856214
2018-09-07,-0.008067889331850098,-0.004873924737161306,-0.0054055298017291475,-0.0031863848938521455,0.001928164797248444,0.0032875667366243366,-0.008996410425659462,-0.008953184438126538,0.017026855225831472,-0.0031532394354252258
2018-09-10,-0.013420976120300465,0.010812020102629383,-0.0021485372547117576,-0.006690332574955105,-0.005336027739748617,-0.0008008579923316494,0.00614516915422203,0.005737403348300418,-0.001466248434553452,0.010556761649584967
2018-09-11,0.025282841349764107,0.017004876316515594,0.012705766758644321,0.024827078442519523,0.006331835247775253,0.00947446278948827,0.009785865810076233,-0.0044910960757719165,0.014074221176466839,-0.007024989152600636
2018-09-12,-0.012418918605299867,0.004225465740725021,-0.015453793854290243,0.0014342332856687179,-0.011797594422409574,0.006136625650074556,0.007423638351587547,0.01341309813653968,0.003258277215695049,-0.016862323738696228
2018-09-13,0.024155234912602408,0.010742110772264724,0.008996135381542869,-6.53290868404266e-05,0.0038911148898037595,0.0038030639205925976,0.00723181254181271,0.0040909509587381265,-0.00974347623405225,0.01170769060044119
2018-09-14,-0.011350990318537035,0.004074086567017909,-0.003518995746876308,-0.009890105002663963,-0.00017610016457647593,-0.0028593600332588176,0.0014226151817744448,0.001917585821798129,0.007288389599702683,0.01875884592359145
2018-09-17,-0.02662631114656655,-0.010849727862533354,-0.015407748129563248,-0.03155027437226776,0.0029954774701776987,0.0033697176755436153,-0.011228701170684752,0.007654547691039459,0.00590931469242828,-0.009043854672403762
2018-09-18,0.0016522509688730036,0.00954172099699413,0.006276732905474258,0.01730581836168099,0.004040991451146114,0.004143747225274774,0.009919489936076609,-0.0029673751424228456,0.002637677303723107,-0.010623356395430661
2018-09-19,0.000595627090276496,-0.013338046543800774,0.006134831761522852,-0.007537144683164243,0.029046181104234847,-0.0005690118895377294,-0.0014222876669601758,0.0,0.011957448621595868,0.003542014155681006
2018-09-20,0.007601859980995718,0.016741306738476514,0.014732587175553036,0.009281436034859869,0.008586995894759974,0.010821485289712607,0.012345325386419415,0.01619031116633618,0.0022450590683287253,-0.02095715419795474
2018-09-21,-0.010771185056197896,0.006075688987071226,-0.016322980214166338,-0.015064474134848682,-0.006574855103677835,0.006338954447588474,0.005428096378921943,0.005389180872034549,0.004126387954542565,-0.010628063037954494
2018-09-24,0.01437998685343067,0.0035882377333844584,0.006347508369352051,0.010104372755515678,-0.009588415189646371,-0.016867577140983858,-0.006264737439026891,-0.01806143737476873,0.016789815214010684,0.008540592233091449
2018-09-25,0.006341043299175286,-0.0019184767879658615,0.012148511035122711,0.020776882772626015,-0.002827607711419211,-0.013027731123248731,0.0031519537660125163,-0.013646336466750508,-0.0011549672175498182,0.010199719816219144
2018-09-26,-0.007966308418778212,-0.0041067361858089235,0.000142479392870154,0.00015192716831013975,-0.011770600009715304,-0.003461950884441012,-0.0020725398650106586,0.0016843524609886362,-0.008323279183969579,-0.00555119031691198
2018-09-27,0.020551837101328685,0.0037725682743274813,0.011138431886342115,0.019307813394711104,-0.0043470590021309485,0.00043441820690426347,0.00502459173572567,-0.004804231405847181,-0.0001166133785549528,0.0017982821534379134
2018-09-28,0.003511915345096206,-0.00034956746598169275,-0.00023192629257473563,-0.004957829079553222,-0.014670083628419262,-0.00036168704512196115,0.0004661489287276499,0.00446552706058978,-0.008744312622336103,0.050934598134876774
2018-10-01,0.006733093740362683,0.010841963196273285,0.0012012844989088833,0.0006789894400496266,0.005849086100685463,0.01100076918794235,0.004664042172030092,0.005286569744541003,0.009291628147642284,0.029677876499546896
2018-10-02,0.008888972186767319,-0.003978725958143414,-0.0007365033249966402,-0.016489093067526883,0.00414107858145063,0.0056552630959394445,-0.007427246619453265,0.008246379045250718,0.007575016704545412,-0.009952814662568366
2018-10-03,0.012168427964895034,0.00017351759964245872,0.0032211670683643945,-0.00940996473691802,0.009388298478044454,-0.01032159673919586,-0.0020050680194020343,-0.01576587106713967,-0.0035852703543000075,0.0008723691912171372
2018-10-04,-0.017580902176155044,-0.02066508206658546,-0.02844329618809016,-0.022194225670922108,0.009016032440323007,0.0023017868739623193,-0.01747309623550153,-0.013368481611670036,-0.006616594754298988,-0.02594765694874923
2018-10-05,-0.016229001761698947,-0.0058515818305813205,-0.007850061837538447,-0.010353955604213705,-0.005638802755985384,-0.0017940416576555096,-0.009539628658750243,0.0028076280249695884,-0.002804377750807663,-0.03376415728921034
2018-10-08,-0.002318242767953671,-0.011415300010079621,-0.010198422877685354,-0.013351652655319346,0.006107043265214607,0.0020847171717852664,-0.02387137970181541,0.0030433437850261313,0.009257105630858353,-0.015156336709924223
2018-10-09,0.013853454884795058,0.0127198796957666,-0.009299953807867745,0.003164503350325809,-0.006937124380654525,-0.001363145629730389,0.0029603307501147036,-0.0024273558512051263,0.004411920912623213,-0.000865280284084613
2018-10-10,-0.046326209174570865,-0.05433799610558787,-0.04629008717207128,-0.061524252143350444,-0.026632974746938154,-0.010560163132717348,-0.04771292875224464,-0.009245738614933718,-0.02300312124321713,-0.07475331221856762
2018-10-11,-0.008827556358713684,-0.002354854241720772,-0.001300131034997487,-0.020447169250033426,-0.029963197765093263,-0.02824395818459602,-0.013208460664621668,-0.03155699260919309,-0.034547670138448616,-0.04298093206791753
2018-10-12,0.035718971665087196,0.0345572771908611,0.027320935571376603,0.04027654247009993,-0.010912752674987036,0.00022432597353039263,0.047334129280826476,0.002409026644234258,-0.0026964487095273437,0.04852630214607889
2018-10-15,-0.021385887442598284,-0.017979124378220024,-0.01615284681268847,-0.015464474245241777,-0.005703773106862764,0.0005975036855119242,-0.02020563160737021,0.013534293039964673,-0.006881037202542517,-0.04526670816314304
2018-10-16,0.02203739296429852,0.031598288781827355,0.027792767372024407,0.033510326446840155,0.021440784019368442,0.01948480982910561,0.03286433553621371,0.010982067521964067,0.004701722892386906,0.04439652909735381
2018-10-17,-0.004321507240398259,-0.0026125551899873756,-0.004845196363392312,0.006467185756362515,0.011139827809685698,0.02123617826298574,0.005009303040092172,0.010492495839718563,0.003694526418141164,-0.01126800830047292
2018-10-18,-0.023373557214616203,-0.019962010028371724,-0.02632152340063376,-0.03330729849140657,-0.015842925945475206,0.00028691246811551885,-0.02218274590085567,-0.011128710642816286,0.004294215957942438,-0.014523082037736224
2018-10-19,0.015230049024147707,0.0014745852018360761,0.006621543888847947,-0.0037781598679350603,-0.0016649987196653004,-0.0032259926396965843,0.005671206555471819,0.08798602372934305,0.0014664187270880813,-0.0432511807127226
2018-10-22,0.0061101694665877115,0.008926916787790562,0.005600935195505974,0.014325112382443717,-0.014363924418958174,-0.0026611882454262714,0.003997840634500038,-0.008018270001288408,-0.010003590426944209,0.008945023078151149
2018-10-23,0.009426528248106969,-0.013955858707706992,0.0031853499251606188,-0.011512868959461908,-0.010436155973142847,0.0018029145926710122,-0.010807696234862663,0.006466593942832555,-0.01614321061852908,-0.043940686009654506
2018-10-24,-0.03430152528569452,-0.053469141022000066,-0.05183394662679619,-0.059082926650834144,-0.018622434621908823,-0.010508856216799423,-0.03493399293479449,0.026388391525471677,-0.027805217263158877,-0.09793706962334436
2018-10-25,0.02189777025050943,0.05844411118769899,0.04395912684188463,0.07088689580645524,0.015199867876947604,0.007274308154971099,0.04662598722043887,-0.005142092788682606,0.008888937496704274,0.04227450452707737
2018-10-26,-0.015923384776620475,-0.012373236306452595,-0.01797767557423935,-0.07819674751655215,-0.013732428766914051,-0.010832525613290511,-0.019783471080636272,-0.012809052146964706,-0.009960186046100605,-0.045948558863933564
2018-10-29,-0.018770423125730518,-0.029075903803849723,-0.045231783888681876,-0.06326358495753426,0.013827022736564443,0.00423461834825134,-0.024756981302689773,0.0043250492135562535,-0.006191116154215748,-0.06389649143238674
2018-10-30,0.0049945161652260595,-0.0011557355883550224,0.014283865237543658,-0.005497459446531794,0.017644087270806796,0.023264227904527868,-0.011687736170683971,0.010766268784565991,0.022452746480345898,0.093631905543335
2018-10-31,0.026066486036210756,0.02969238800536278,0.039132523680750264,0.04416426273766638,0.021743450058424818,-0.0053996282165958975,0.03833991946111226,-0.005718285747446594,0.011424738839678206,0.03857156422406027
2018-11-01,0.015352351052670965,-0.008332654328964573,-0.004217855385476255,0.04225254609166407,-0.00036702481892492145,0.005929239587562307,0.02161771217125441,0.01026166527302097,0.01242460594770356,0.03453018253772111
2018-11-02,-0.06633076341865085,0.002266221235101007,-0.013342854409049476,0.0,-0.005505759520196607,-0.0009945621876181754,-0.0074557303137785524,0.0024558460949468675,0.015866794053943645,-0.014625494301000241
2018-11-05,-0.028388502483865707,0.012716414366943152,-0.014708499047647816,-0.022653420449634698,0.006550762724917281,0.0108046313201704,0.00014285995953566832,0.015476790063437162,-0.0037827783164696704,-0.014656646349726965
2018-11-06,0.010814235770556069,0.001953511745707459,0.013109540865327007,0.00922107808904249,0.004675470760457934,0.0026021713626371845,0.0070815677257776155,0.003399379167135397,0.004287183473252298,-0.0033528832474806203
2018-11-07,0.030328481884700054,0.03936128976685427,0.03615460210716126,0.06858973168176319,0.017153493320288593,0.015290725221533519,0.02834001145212861,-0.0024042178651244583,0.012684642121469025,0.012934971146834728
2018-11-08,-0.0034891015909208623,-0.0018757195125596038,-0.012280727707830619,-0.0003303844428476088,0.00807292859950448,0.0037994675548542745,0.003108184317634377,0.0007668220188274955,-0.01589803408458479,-0.036484546734879
2018-11-09,-0.01928169462436158,-0.01950800011218068,-0.016087763326191662,-0.024206376188181555,-0.009699126168707939,0.0002755107794893963,-0.008951302627605684,0.011493112134982608,-0.0002472923080445444,-0.0015532159890101482
2018-11-12,-0.050373933106661606,-0.02464162394842262,-0.025681931764265253,-0.04413610380713673,-0.0210261428088242,0.0019264837218040398,-0.029249906974207707,0.003137930624068419,-0.012859997932212264,-0.07842699508332862
2018-11-13,-0.00999137948951112,0.000654941804930198,-0.0013246261116456326,-0.003470038015299326,0.00587419176202264,-0.006455017712765687,0.0,0.008306443982327272,-0.022923636513834333,0.05154629424628565
2018-11-14,-0.028247428457442436,-0.014181220526621185,0.0063074256152415575,-0.019715929862163195,-0.020622248480993033,-0.002972211070815245,-0.0016461901270580226,0.00021408101300179894,-0.00782066915545132,-0.010637082763803929
2018-11-15,0.024678771787569387,0.022006469966776354,0.015617652277382987,0.012776650897123432,0.025528643246008897,0.001732969295350717,0.01867267979743592,0.003636522174293111,0.01033725024744414,0.02637048834212319
2018-11-16,0.011075700303275537,0.009414591861555133,-0.002595529827428944,-0.016073437868940443,-0.0007266215910926022,0.010311419033621538,-0.011703695570754902,-0.00010667908596417863,0.009847771629238666,-0.18755840184085748
2018-11-19,-0.039632050704142,-0.03389035065028967,-0.03823946187326266,-0.05090968010562913,0.007636736232639052,0.011918817422966077,-0.03866451377962854,-0.005649176522974364,0.00329303965063521,-0.11999053010986616
2018-11-20,-0.04777804219203863,-0.02781504486154862,0.002949228426195827,-0.011128808718927297,-0.021474108949642856,-0.008664926329063127,-0.010314376148991555,-0.012755713668061719,-0.028402083314048032,0.03026982137108658
2018-11-21,-0.0011299237941890805,0.013764404557920606,0.012596428756034284,0.014223040580892299,-0.007468874432265626,-0.03045358372883522,0.007872646101252379,-0.007491997303298414,0.007665090772202676,-0.029313372149141426
2018-11-23,-0.025398931042335593,-0.00038771802088877205,-0.012775223808371594,-0.009672192531983259,-0.009197646875040544,0.0016900022575958573,-0.011530855987995192,0.0014222288730862953,-0.026688860108025292,0.0020042837710958494
2018-11-26,0.01352356026854129,0.03298732971158591,0.025084928285437957,0.052774205345442304,0.024472808644649735,0.00028291937714675086,0.02310528132651246,0.004369873879462638,0.01973791691555249,0.05551707694686292
2018-11-27,-0.0021759440377356887,0.006292654756419935,-0.003465981532308038,5.693110101656629e-05,0.004210356550630179,0.013086534628026447,-0.00022083585067667055,0.008483877686918051,0.000909172012354631,0.0044431060444189985
2018-11-28,0.038452580877332165,0.0371476887655251,0.037546905104299366,0.06091358215761211,0.011119036737413657,0.02248278250529312,0.04024764173696771,0.0031277384657604212,0.018169910684040502,0.0412409565465337
2018-11-29,-0.0076818937339070414,-0.008369195434662635,0.002555459707799912,-0.0024914277024860043,-0.007932353346214671,-0.004028949130357229,-0.01612691606768657,-0.0020430824071724363,0.007775401401557858,-0.015946217290038422
2018-11-30,-0.005402110179981046,0.006352710490304947,0.013767739884872787,0.009918938050902604,0.010267220594633697,0.007198890517114975,0.018763530613798096,0.01820741623787936,0.005565481973677455,0.038573584735258626
2018-12-03,0.034942016741355886,0.010821529845476574,0.006047209016736721,0.04862821032044029,0.009443489364557411,-0.004696814049658382,0.023216224212299963,-0.01259124599763517,0.02163561774310252,0.04044611883611693
2018-12-04,-0.04398885577145828,-0.03184952366922866,-0.04827310844065957,-0.05865623540184539,-0.044636581371933604,-0.001231157870290045,-0.043861867200244764,-0.00010716303687363649,-0.022039008857848597,-0.07604154221009962
2018-12-06,-0.011149535682454359,0.006174010286972953,0.014692246743912563,0.0184548674019982,-0.01902452626177953,-0.0008216336123706425,0.017382798946613764,0.0025720894762641944,-0.013093474874650513,0.007510905051894001
2018-12-07,-0.03565675376686683,-0.04002175019292831,-0.029218687182792635,-0.041231479123390424,-0.01806260894173639,-0.0032898162241478124,-0.027933333021570195,-0.011758557152242943,-0.009567332724463862,-0.06747140241968186
2018-12-10,0.006587744398418138,0.026425884198658434,0.006306241507420429,0.007304527462037358,-0.01868524858825249,-0.0011689284697525837,0.0056159986144810325,0.006273847468576843,-0.014168209002507148,0.02879250719690374
2018-12-11,-0.005719038590262571,0.009294516415734755,0.008042367592685284,0.0013467657815862122,-0.009766954642070669,0.008536318107562835,-0.007760288437977714,0.009459147579889748,0.0018292872262783977,-0.024167072238852283
2018-12-12,0.0027868692408197226,0.004512631430795722,0.011378635787518743,0.01235363498916997,0.006475792074275288,0.004095757800765876,0.007236183575515476,0.0012779758358734128,-0.0086070886842593,0.00479104586806911
2018-12-13,0.010940317571271674,0.003391889155287986,-0.000177277269175935,-0.0031018578309504052,0.0009900867919490075,0.005030618896417538,-0.0018867931136780092,0.026161478590042586,0.012628336083323255,-6.718599696398098e-05
2018-12-14,-0.0319978737429546,-0.03124704410347301,-0.020334433034453814,-0.04008130390245668,-0.008208544754170988,-0.10037878547278889,-0.017813082586067508,0.0015548279938006893,-0.018186708398878926,-0.01638795322635045
2018-12-17,-0.009305960635772714,-0.029614473284357734,-0.02477866171031473,-0.04460045543160707,-0.01276276276276278,-0.029022891422927022,-0.027315089332596076,-0.04004572697784581,-0.02037583031331469,-0.019596875177103068
2018-12-18,0.012992851357406465,0.010496899186176467,0.017315858128505335,0.020099752835132323,-0.004746769386168026,0.009912006951079189,0.009589082606801913,-0.0030179566026766746,-0.02755261904125017,0.023401610299565334
2018-12-19,-0.031192015370725024,-0.002693230292932669,-0.00761929421554175,-0.03635238334743507,-0.012685417158704304,-0.021545719383486373,-0.010553204638486413,-0.007892904170825887,-0.016944488989293682,-0.057370522836256876
2018-12-20,-0.025234694399631663,-0.021024162822627757,-0.011473093156886827,-0.022908494210543306,-0.008633619168145201,0.005171907305103973,-0.019046083460756758,-0.00850032015579405,-0.030375835337740575,-0.024619193166314002
2018-12-21,-0.03889556555820062,-0.03231222575277981,-0.03158519903485768,-0.0570771264386426,-0.023639316822723466,-0.0014032759406553685,-0.03494879628379011,-0.0001097160913277051,-0.007430845280976817,-0.04093253041328715
2018-12-24,-0.025874220530226588,-0.041738627397404304,-0.006638133955070846,-0.024313035987901577,-0.021556945708362973,-0.04098686113749139,-0.02036041473835193,-0.03968358471235178,-0.03831474647128319,-0.019217431826486053
2018-12-26,0.07042152196500662,0.06830965878191719,0.06416359789038073,0.09445222040160872,0.04145859684323194,0.031504465369260215,0.06982668898447164,0.031249940488294436,0.04777863482377631,0.047371635571470616
2018-12-27,-0.006489678413065358,0.006165563950082165,0.004819496059253359,-0.006295430662189294,0.0112550412727499,0.005524576491131583,0.01366779432537868,0.02142286874695687,0.004370999180778767,-0.014500380798937118
2018-12-28,0.0005121374727716788,-0.00780788588865533,-0.005907549924977773,0.011206593086295902,-0.00216425442174073,-0.0010990657572546025,-0.008105178111552536,-0.009128264867329206,-0.01116924530667851,0.0189069744003596
2018-12-31,0.009665325746793352,0.01175430698361124,-0.0016432002908564058,0.016204139597652434,0.008158603602504755,0.013985932977814919,0.007636817482206126,0.00811557605314106,0.000293199545140288,-0.0011224943884285965
2019-01-02,0.0011413568059950308,-0.004430439868443159,0.009301774682440644,0.024740760502233394,0.017311792679415294,-0.010073257274536007,0.007427860895192762,-0.006962693592916236,0.021997493070147645,0.020374303503642777
2019-01-03,-0.09960724178626512,-0.0367880212057522,-0.027695730113284633,-0.025241497784936007,-0.014211354530139997,-0.015890437099302712,-0.03603673880861047,-0.007011006331179348,-0.015353725188020584,-0.060416873415456096
2019-01-04,0.042688829305176146,0.04650915211502005,0.051293625721061,0.05006399867375011,0.03686504686626657,0.01678311618108852,0.04308107083599144,0.020410425335394722,0.03686960588937671,0.06406744979443846
2019-01-07,-0.0022255620051030434,0.0012752131823776658,-0.001994390660248646,0.03435341415874271,0.0006950218723669188,-0.006414714004147615,0.018032235824263276,-0.004000414511375783,0.005200169003047428,0.052940901576578714
2019-01-08,0.019063102925692244,0.007250870887759886,0.008783297655538647,0.01661235994563981,-0.0018852304269971754,0.02322686043898936,0.005438815074493508,0.0036908051234627592,0.007270685266109078,-0.0248953372423365
2019-01-09,0.016981737169631028,0.014299429536618113,-0.003427386112810127,0.0017143547179709895,-0.0016904917282296594,-0.007925899308490636,0.011769022611567204,-0.01633122968192724,0.0052749471071233955,0.01966667394271382
2019-01-10,0.003196130204368819,-0.00642566085458951,-0.00260716818255724,-0.0019284287379283116,-9.96417619367751e-05,0.006049782847450391,0.0018787099377861605,0.0024189195011881104,-0.00510904977823734,0.018585917603330282
2019-01-11,-0.00981792838460016,-0.007721795271546594,-0.013310781264793237,-0.009455231305329326,-0.0047812436994153495,0.00030855413861829994,-0.004398794487834201,0.006580903548984107,-0.004580094031264359,0.024788227034144183
2019-01-14,-0.015036815287592487,-0.007295637070559136,-0.012174980445914807,-0.014232985793521946,0.010309340708988701,-0.011329678869034132,-0.0069539189688693215,-0.006755925182056477,-0.0012550607136366798,0.010817958680904738
2019-01-15,0.020466314051620582,0.029005433628010557,0.03328539714180656,0.035462313843586335,0.007331095896227602,0.008419219459274263,0.0017504482905463803,0.009434716064174564,0.0005585970552854924,-0.003788927065458192
2019-01-16,0.012216582327328807,0.0035232744207407407,0.002761134845123525,0.005505997778829874,0.008064475571806007,-0.010204172743560447,0.0,-0.0069554808841804094,-0.00041862054038421803,-0.006872926634902021
2019-01-17,0.005938066048934765,0.007022353142341897,0.008820472272838664,0.005606434395265758,0.004097580355851171,0.008200676304969567,-0.0004367009678408751,-0.0001435394356644748,0.006839784395972659,0.019349673511901422
2019-01-18,0.006159042916481727,0.014982922538567367,0.00744227985840662,0.0017598946424279838,0.01622614248280163,0.0123943125918351,0.008886786204064467,0.008605407772233509,0.011922909949054317,0.03433978045884434
2019-01-22,-0.02244587502773243,-0.018847089100652914,-0.025891770896198096,-0.03774908655967102,-0.015775847631347206,-0.014461631606021097,-0.0032488708985893844,-0.010719474794183226,-0.015070755223762555,-0.05199761745179754
2019-01-23,0.004044059694767954,0.009746469494357202,0.0053586676559942426,0.004809570602366753,-0.0025259486193853764,0.0,-0.007533853218578801,0.04865086724965262,-0.008206660292527812,0.0034952357874864504
2019-01-24,-0.007926018534641255,-0.004779107597503107,-0.00037803474739817045,0.009091336230296898,0.0005844848651017642,-0.013742220163946883,0.005036741061557715,-0.005693950522026814,0.0014026178345751816,0.05727106617030331
2019-01-25,0.033137028695405135,0.009133664622447135,0.0161530734998252,0.009450615167288179,0.006326576635275805,0.00944644355290536,0.007044186227197491,-0.007423257335471001,0.004481595612670919,0.01463506404277859
2019-01-28,-0.00925494403649596,-0.019501636561896185,-0.01965485543625578,-0.019562216712664893,0.0047393595070770456,0.005927043936726051,-0.019326851603596373,-0.0008544007467703452,-0.0066926620072089715,-0.13824561382413447
2019-01-29,-0.010364381698253489,-0.020365524217717756,-0.009075281024934712,-0.02686994204251958,0.002791645059483594,0.010388362378368265,-0.007279936485109495,0.00021366027506375396,0.0037897996398346123,-0.04644550054002827
2019-01-30,0.06833460730836904,0.03341758502924774,0.02610145030116051,0.04802744720961405,0.002303962996644149,0.010051419297699038,0.019259267204009944,0.010477116471050874,0.010907665142562362,0.04399689722882605
2019-01-31,0.007201330188826294,-0.01833050450424789,0.02540994500978755,0.02891472167185971,-0.008715682395714297,0.010938743237607573,-0.01882274949008489,0.02063034775214323,0.013694739149236135,0.04629142563922284
2019-02-01,0.00048076472599145603,-0.015799971341655117,-0.0064571265786724785,-0.05381880772938674,0.003671541154372404,0.008416009364027088,0.038071565625258375,0.010366029627765228,0.036026109007546436,0.006817368915300159
2019-02-04,0.02840468796978035,0.028799180158039617,0.020382221090094577,0.004353581897566405,0.003561717006256737,-0.009835665228693835,0.009632895933247898,0.005745314033513749,-0.014488988192708607,0.03074695233810254
2019-02-05,0.017109349093849202,0.013996502288043722,0.009155306067896385,0.015612487224473615,-0.004412466242751489,0.0,0.007278988870779601,-0.0060183801092809075,0.01029168993291818,0.005161675663492904
2019-02-06,0.0003445740025054267,-0.011098514527436154,-0.025159018411581857,-0.011182689786027766,-0.00048157798486303527,0.0009028727054782859,-0.007296370743811953,0.004925882140585758,-0.004365813102948701,0.020340018049793906
2019-02-07,-0.018939413512466086,-0.007167784604484417,-0.0151216869299996,-0.015784110453143985,-0.013109785197516599,-0.007143036178707263,-0.009329487833290462,-0.007966094837958515,-0.007706605323356985,-0.03647062066340645
2019-02-08,0.001175115541114602,0.0037998031708492697,-0.003192028385340162,-0.016198209157239574,-0.009962814826882882,0.002650690367804742,0.001497822991755049,0.005868202898616337,0.0016247676868197392,0.00508738231607575
2019-02-11,-0.005750875558027335,-0.003974698039601154,-0.00023585898648925685,0.0017503863887402549,-0.0047357626257344965,-0.0030210781819854926,0.002991853370992281,0.005731296610952841,0.0016221320990015275,-0.011608183218440593
2019-02-12,0.008617249011284134,0.015581702227234873,0.0231009867558869,0.029547382710171766,0.017050018197634964,0.016363399142158563,0.008451746103459223,0.010074069484372838,0.017543780684094346,0.03222955201150168
2019-02-13,-0.004154994124383249,-0.0007483204359293172,0.0009312253046449559,0.001214920135908626,0.004775670531744991,0.002161802197583551,0.010564178600187768,-0.00020112002699090858,0.01127321909390866,0.011311700444807116
2019-02-14,0.0036433690166506327,0.0008428168440368644,0.0005050753732585012,-0.010579272014338836,-0.006499002075214588,-0.0010413773951677419,-0.0005584703048747697,-0.0078598585038816,0.00026251502726681863,0.010792807532537863
2019-02-15,-0.002224669395007095,0.012347890525923555,-0.008475134289315678,-0.009059262479477748,0.030560508223122618,0.015411951869672036,0.012224219698733219,0.00020303350686168287,0.01888001790269933,0.018184145109281014
2019-02-19,0.0029925038979767837,-0.0004620468440573733,0.006144960319269144,0.012208075244112715,-0.0035054518779042976,-0.005059182276398455,-0.0032437133935173668,0.015332994888691331,0.006691706918687812,-0.0044488442575891796
2019-02-20,0.006435254743740959,-0.00519912369657527,-0.00525526259060527,-0.0033668938325457365,0.004848841215875144,0.004863863922262901,0.0020077333927526197,-0.0071004283753011155,0.003834677585262236,0.012193455545318477
2019-02-21,-0.00563865133942143,0.021092043439512542,-0.014617169485107273,-0.0016398893947140447,-0.0020816069446130125,-0.006820568510645719,-0.005043842055194148,0.005035853008622304,-0.009040926320461606,-0.01753404296058847
2019-02-22,0.011165776341944378,0.014258285025263495,0.011184384883925702,0.0074841032295558385,-0.004456453928892934,0.008713690644184258,0.012986142486215435,0.004710374550780161,0.007709761396048398,0.021955628982945896
2019-02-25,0.007284431770358868,0.00558700809689916,0.000689560374412812,0.0008825736547322105,0.01047661018876167,0.0036845903239186573,0.0013024668148962082,-0.0067826271808912875,0.0010203284615135644,-0.003141006204653074
2019-02-26,0.0005740011213559715,0.006900303283289944,0.004188588217131972,0.00208203509820426,-0.007634405210063977,-0.0006610901398325097,0.006709699552316595,0.0026111161047805975,0.002038307144912599,-0.010019412296574104
2019-02-27,0.003097754433375677,-0.0016913695513268712,0.0007843782906811203,0.0028660116253622636,-0.0012347414548703473,-0.0017628624153771533,0.0012242757642657587,-0.009215872365003985,0.010297333831822852,-0.010757485839357095
2019-02-28,-0.009836189538738993,-0.0012477370633167117,0.0032593293495790654,-0.0007677325817357916,-0.0076076938072994205,0.005667311648380524,0.006113239195333353,-0.0036396456032073976,-0.005536593806697021,-0.006376879942644242
2019-03-01,0.0105113902441345,0.004463278884388799,0.01950200917141176,0.019453250691601864,0.0006708475405865499,0.01251432260846519,0.009114304502993331,-0.0011162229457138961,0.012273628318773877,0.01419702607445883
2019-03-04,0.0050293335090050295,-0.0023995770934714944,0.0042665760238180805,0.014619586796095208,-0.0022979598628470876,0.0009395440426609447,-0.010102477456302661,0.004368436923059216,0.003875371360527957,0.002109137960407237
2019-03-05,-0.0018197546203505555,-0.004988398254409332,0.01367219497650729,-0.0022050158240090045,-0.0007678698620761093,0.0020941044150128985,-6.762255801695538e-05,0.002225034354011113,-0.001494539709192333,-0.001658433498147871
2019-03-06,-0.005753863460112307,0.0004477925245005565,-0.003634864575060459,-0.013873495481994347,-0.003746030107376286,0.0023060554526204147,-0.000946562734367884,-0.0016144964494219094,-0.011347827878073424,-0.028558405873596704
2019-03-07,-0.011574507463327333,-0.012170301312022014,-0.01209515914808279,-0.02576471998369667,-0.007231143262672712,-0.006110830090191088,-0.006629935223971484,-0.0038414408067924954,0.01110019092737069,-0.018349610465357324
2019-03-08,0.002376569960278241,0.0010869976376104429,-0.0007645882222246936,-0.0031673752931026256,0.00038843875520822024,-0.0013024662574119272,0.003541575973416533,-0.0014205881720751323,-0.01434667518010202,0.009246034980904039
2019-03-11,0.03464233810066486,0.020993625094196222,0.02547018966752379,0.030737873720530162,0.013008367686104583,0.0036217417753521275,0.022531425073071487,0.011889273730419037,0.009745431719998532,0.06970224962381977
2019-03-12,0.011235380939861539,0.007001778435965278,0.015255263024949839,0.0014844854239022265,-0.0029706334868560003,0.004474416770253287,0.007035548037801043,0.00471964905230382,0.0027575736059675116,0.008563895424863466
2019-03-13,0.0044222739818811085,0.0077450410024193506,0.0015119577937605655,0.010585118161452245,0.0033642857391800174,0.0016527958450271996,0.004876663482805466,0.011294405938334418,0.008875197318885197,0.037534094383456784
2019-03-14,0.011116343384142802,0.0007860737588765154,-0.005446013126689686,-0.002714673150861824,0.009100505368887513,-0.009970739871657641,0.011346657438110919,0.0013839341468484534,-0.0033452621445806408,-0.0181476214944869
2019-03-15,0.013008301797620803,0.011519504277128556,-0.001869899503954775,0.015502120161135613,0.011486478793456323,-0.003042941836222446,0.008171375906725675,0.011053728507619542,-0.003605528916428735,0.025671063385677373
2019-03-18,0.010208530682576544,0.01432127205442324,-0.001470282504142717,0.017397066258948213,0.006006461166899957,-0.003125042160442293,-0.0032166654614200763,-0.009078372757004294,0.011603696728156088,-0.0050649141437634215
2019-03-19,-0.007924716681565691,0.0006803635144523312,0.011703356858903335,0.011307873960989534,-0.003638218564429807,0.009258774385875634,-0.002387456298802215,0.0038420925352506963,-0.002590345075073275,0.04001155025642511
2019-03-20,0.008738390195178747,-0.001104908339884858,0.019933995875270227,0.02010391063581385,-0.02134856393491491,-0.008307273571169449,-0.005433667503763617,-0.0017663341816440692,0.005564537890403676,-0.007455093065495633
2019-03-21,0.03683039531573451,0.022974883849009586,0.007909300578086365,0.012235166707998735,-0.015786416021538185,0.0059001291434659375,0.013333369544689555,0.007569605537070867,0.0057795678624310565,0.054701539721387915
2019-03-22,-0.020708383991428936,-0.026368259477653755,-0.02303970448445236,-0.029951683771010984,-0.030232415842992633,-0.008616842785884926,-0.01752260317676302,-0.008098245095408574,-0.016016371335611956,-0.03501089606470975
2019-03-25,-0.012091171429591485,0.0052113755058942335,-0.00850413182844767,0.005377413721055602,-0.008319876322560815,-0.0021911612759565324,-0.000261565266147068,0.002950900352044261,-0.0069581643149801975,-0.020957857665781954
2019-03-26,-0.010331461941221365,0.0021246481995838007,-0.0062970398532252725,0.0053544138654035844,0.010007259005527569,0.014347437919956407,0.014834095583301954,0.010396245213746491,0.013012793931196143,0.017781014102068893
2019-03-27,0.008994057584903459,-0.009668400044793302,-0.009942492100410427,-0.01012467867973188,-0.0034030705516737703,0.0009378503011576722,-0.006954233517757147,-0.0011648135515009983,-0.007658247117703132,-0.0020918636261101353
2019-03-28,0.0013262824779516347,0.0013703987992510491,-0.004872685213166195,0.00437213503435796,0.011347664335680019,0.0012979453883659176,0.0029176199585740914,0.006317076496279883,0.004978732565128263,0.0042490643829440344
2019-03-29,0.00651761015305774,0.008637439370773548,0.00394113562276055,0.004133266392968293,0.005163577447430123,0.006552515642074042,0.009827523566026786,0.004828370268510573,0.00074335602196407,0.013032418466528917
2019-04-01,0.006791624786497419,0.009157269156775394,0.018769662983075586,0.018778657625842854,0.03368575022844045,-0.005794275621119338,0.006850651076624192,-0.003940515420333579,0.011509888883436181,0.015148340062476784
2019-04-02,0.014536590560051854,0.0014282959656188865,0.005471414109763151,-0.00011581671050930886,0.004778259372995919,-0.009138257909463321,0.0033064821019819224,0.0010614910051089943,-0.004282259939850097,0.003949903650719122
2019-04-03,0.006854938888662954,0.0065441359508511265,0.004371496220368254,0.003704629310371743,0.0019974348507989514,-0.003921286503880794,0.004310104836398931,-0.000578308831588159,-0.005898126463700359,0.03071036139755412
2019-04-04,0.001740460880400585,-0.005084670753700782,0.007135728289144216,-0.001010631789435723,0.009660322235491403,-0.01166415693684486,-0.00517508439245995,-0.0025073665832381353,0.014214727588573117,-0.0019085178150597404
2019-04-05,0.006694261574166305,0.004440701287933946,-0.006560399103937464,0.0101271962833136,-0.0023683293658681714,0.004499402893977322,6.326639185338934e-05,0.00212675996524192,0.005362822880121465,0.014288782722093218
2019-04-08,0.015735866861071646,0.0003335988155881431,-0.00261659552984872,0.00684705448924583,0.0032284691257926657,-0.0002939447182532806,0.0006346613307575133,0.012735071219735161,0.0061825850502545965,0.0043992048447569765
2019-04-09,-0.0029985068669479142,-0.005419988961724909,-0.004626457775976145,-0.007578913297284995,-0.007382946151574754,-0.004186534839847211,-0.0016486656284369072,-0.0029530718927640587,-0.0128917550415375,-0.013191666535436797
2019-04-10,0.005614223115837147,0.007629280761388468,0.0031262669720251157,0.006258726672734971,0.004482142432936875,7.36964045306987e-05,0.006794513116319623,-9.576581062431533e-05,-0.004515863645433438,0.015005497414634528
2019-04-11,-0.008324166583876691,0.0011646815148405043,0.002602813261083803,-0.001764730856449126,0.00844875403279377,-0.002728905425513406,-0.004414801531947399,0.0009555591813157349,0.004781643205137964,-0.0029150133753740315
2019-04-12,-0.0004021761932454515,0.005152552757715645,0.010863130624764405,-0.0005476903050047888,0.0468790089957849,0.005694492309061605,0.01127583681381572,0.002959799514508754,-0.012568875028125648,-0.00798802424076861
2019-04-15,0.0018101185190515512,0.0008268228841812331,0.003107762607954756,0.0009820611162911774,-0.011419662129333763,0.003971312535669513,0.0050111813971811525,0.006377215579004503,-0.003336319900975493,-0.027945646787135514
2019-04-16,0.00010036258293277811,-0.002313151051667406,0.004386361807921402,0.009848939749589336,0.01055117909342429,0.010987309446784499,-0.0013088110360147676,0.006525877315622708,0.006819433942608644,0.019003732755184632
2019-04-17,0.019473047275915478,0.00828007958568322,0.006680736878561078,0.0009553942674214166,0.028802980755048502,0.0036226560169223543,0.0013105262672563622,0.0016653760081590807,0.002832768841981137,-0.00488803903807955
2019-04-18,0.003593808246686425,0.013139546939334279,0.0010724374089803312,-0.001678383384266291,-0.007349251585754946,-0.007218957465980447,-0.0017451481148667014,0.0018898854610180926,-0.003684439031284903,-0.005286027780816327
2019-04-22,0.003286375390781693,0.0031612373857903275,0.009899514389297703,0.01376167016316665,0.0012338218444858384,0.0022541609552324537,0.001498413294334311,-0.0003773671416512636,0.021816961215872066,0.011647609023633931
2019-04-23,0.014423519085368097,0.013574735179515907,0.013423541483540413,0.019318479950358514,0.001232707514496223,0.015018351785062833,0.007855425566298369,-0.026884180913251954,0.005790046614386979,0.01167303975190448
2019-04-24,-0.0015423357625372613,-0.0034280397082024905,-0.00829519915190069,-0.01144625325368731,-0.001670465884109018,-0.005003483754581151,-0.0010515651382264624,0.005137654359128163,-0.019429222539665947,0.002622494918556706
2019-04-25,-0.009075036104475465,0.03311759414554061,0.005785444083885372,0.00026293177839042947,0.0005281758237185574,0.003232470262299003,-0.0029105861220525275,-0.003954227975802915,0.0056264740971687655,-0.02228386944987526
2019-04-26,-0.004774155642090716,0.005729520725474391,0.007953585721419243,0.02543302552920257,0.00756988056858221,0.005299216450236344,0.011861945068150082,0.02498087465153609,-0.021041205629969917,-0.047188583896831005
2019-04-29,0.0015174461643561177,-0.0009237471584979673,0.014701526297890677,-0.006254395751948416,0.014414306505706742,-0.003917729475128473,0.00748780806355831,-0.010202383236949886,-0.0064601909314624395,0.006962811463994356
2019-04-30,-0.01925633314237174,0.006396038543655003,-0.0750191832342394,-0.006144196629405685,-0.0006026995696398751,0.009725343403299336,0.001705803616460111,0.016224721491459704,0.0038759630906679554,0.009312523935134598
2019-05-01,0.049085651302323674,-0.020827119824428197,-0.021385275593594155,-0.007786060129541195,-0.0076691967486594015,0.0053114060717733835,-0.00997370298397493,-0.014557061721921172,-0.020054715661490863,-0.0029282969007370374
2019-05-02,-0.006507553096157914,-0.013059071946579626,-0.0058040104252424785,-0.005597598276473326,0.002170819819791614,-0.004719679605669991,-0.010258467850575603,0.006004262601227994,-0.017541537405535657,0.015071850153443034
2019-05-03,0.012431064296309247,0.021313694187770738,0.019751248655997644,0.03242811755501651,0.006152016938153482,0.005167094297523045,0.005709942041357108,0.0049259575231590524,0.002328994876581225,-0.0009823869724671086
2019-05-06,-0.015442655460240817,-0.005818583669054078,0.0032869759232685425,-0.006068961956672836,-0.008870212044567505,0.0005634918257553245,0.0014809293917208421,-0.003770630763255123,-0.004389058944678226,-0.017266648649915672
2019-05-07,-0.02695720910203092,-0.02052263953751665,-0.012233327292438756,-0.015149504925400237,-0.016334906305901398,-0.014920053252749366,-0.012755934157199667,-0.009273169870913311,-0.0053155264603987895,-0.037475886729264496
2019-05-08,0.00019737017071452811,-7.965895053418937e-05,-0.006854122100606652,-0.0016814851400367425,-0.005299984294592219,-0.0012861014995808606,0.0034332568905974803,0.0035337628199134663,0.0015642679224052713,0.004678655531624942
2019-05-09,-0.010744018402221278,-7.979525628909467e-05,-0.002400141320910043,-0.009333722778829934,-0.0007994507002668794,-0.00758293547891542,-0.005909345020953194,-0.0078993959280369,-0.0009109553856463393,-0.021446456142741543
2019-05-10,-0.01385353954565638,0.012987974259167423,-0.00028258374064027425,-0.005205610992477072,-8.847980622672669e-05,0.002306518340118968,0.0056315319157660415,0.016979906980498338,0.00869582607244479,-0.008049782597318589
2019-05-13,-0.058119307785280294,-0.029733348413291005,-0.026592133474181767,-0.035608819608768605,-0.027197851628459557,-0.01330470165205333,-0.021031511191296648,0.000943473370069059,-0.011102861701844047,-0.06142622192954639
2019-05-14,0.015830111387475476,0.011187848089214025,-0.01032033634344276,0.009568262041155462,0.007949149854718618,-0.0027695056297823983,0.018305109175512202,-0.0048063720879781835,0.0013209212227802691,0.022656969059465792
2019-05-15,0.011979452926735634,0.014082226813496135,0.040840685041654945,0.01686309695084609,-0.0038073196183848745,0.0006579581642245369,0.016104199231349092,0.010416257978420829,0.007387110698334087,-0.015181540132364058
2019-05-16,-0.004400118512598361,0.02309132254862245,0.011701311482523069,0.019463956305463936,0.01282973835524559,0.009495350170166228,0.014335001034400108,0.01321495450406851,-0.00013083401303271014,0.0038225353645851
2019-05-17,-0.005681578878041216,-0.006670031250547548,-0.013271346276198637,-0.020219492921261573,-0.004850902311763106,0.0028941806712821094,-0.004731067002813671,-0.006105176306811622,-0.00589323616854176,-0.02284787537588051
2019-05-20,-0.031270084776160334,-0.014445157085278049,-0.02063690591359013,-0.005366456690265031,0.005235641344199182,-0.0013709351386155255,-0.0037782774697864285,-0.0011165886893531596,-0.00013176474222342804,-0.030537321323954703
2019-05-21,0.019171072235357745,0.005387244056176854,0.008544040081178705,-0.0007800247985996211,0.0034128903793231302,-0.0021669888889420674,0.0023856452429773523,-0.008944221926247664,0.004611132450326405,0.021812322801181727
2019-05-22,-0.02047170487776384,0.0060678415730131,0.0012213236793778837,0.0011628591845378455,-0.008144760657074035,0.0046332058327642756,0.002319196111180144,0.003290552470225583,-0.009049100989787506,-0.01844431991319595
2019-05-23,-0.017069359602146283,-0.011670819177912906,-0.009092750059450205,-0.023767519755121258,-0.019671407744639713,0.0074231509317999045,-0.016622396123692984,0.0003744006858665827,-0.02342506006927425,-0.03206320398590479
2019-05-24,-0.0038407869578879206,0.0004755034273402625,-0.005876041774821705,0.004296377605180091,0.00984893961151534,7.213898840707778e-05,0.0069965729004770605,-0.0006553824434608613,0.004201139743932547,-0.014729823738974468
2019-05-28,-0.004134858605443381,-0.0006335530547418866,0.0008343913918227308,0.007212290050219838,-0.010846714165772875,-0.012820128702419997,0.006579217206255095,-0.020901753794220435,-0.020107920242176003,-0.012538798987449029
2019-05-29,-0.004768795385249214,-0.00967040152267662,-0.017217171768682538,-0.009387773958249856,-0.002764476687130868,-0.04187618967792173,-0.005986223897997078,-0.0025847579997222425,-0.006197453648489115,-0.020861018125701514
2019-05-30,0.005186514199979619,0.006323083726798906,0.0013124165908260377,-0.001577639243082074,-0.010719044434387537,0.005939296084837897,0.00018407279586374337,0.01094158779571952,-0.0026331979802501904,-0.007633036346055833
2019-05-31,-0.01811557388925955,-0.016304664287318582,-0.013295647837234248,-0.022710755340790256,-0.010274389944361473,-0.007266846034527985,-0.008785789436816294,-0.022975409104076916,-0.016673751332238362,-0.026238273313482274
2019-06-03,-0.010110275781913813,-0.03104801113399147,-0.061238087056267765,-0.04640947352034053,0.004718690250626434,0.0022115188027844734,-0.01692163018814219,0.008648475509538622,0.015684688026145865,-0.012402010717452394
2019-06-04,0.03658391593075905,0.02770374036769696,0.01516245498064972,0.02178187690076805,0.030809502711712566,0.017422323904177084,0.023518177098367676,0.008477561117979482,0.023789937915959403,0.0689190123773491
2019-06-05,0.01614341957195453,0.021679155830189645,-0.00934085064668222,0.005169016882808464,0.0035538503590886172,0.00486037978472198,0.018850139886403605,0.01958337602924698,-0.008289265832472137,-0.012027915535309575
2019-06-06,0.014681576935677398,0.01581494296621644,0.0029866723018139307,0.009122798271355315,0.002179317479521936,0.017115622116231632,0.009250983950223945,0.006090269074972676,0.01822420536164815,0.01769518405213799
2019-06-07,0.026616845321443927,0.028008142071778375,0.019670529196115005,0.02831229113708922,-0.010963011685725554,0.013681827949481695,0.018751513648219476,0.01294453731858658,0.003633263203270065,0.011962933269433762
2019-06-10,0.012779454913789623,0.009132331710657082,0.01346905508477092,0.03137422141504964,0.010809823002334573,0.0033923463028655565,0.004528298257197916,-0.0004595991809590583,0.004424938064131245,0.020137472601820194
2019-06-11,0.011579595902883488,-0.0037705956655061934,-0.0015886584515839575,0.001649933470424969,0.0030812948228340353,0.005466466814045612,-0.0029856373056624808,0.00607083879236181,-0.0009345961560820459,0.015630173197729302
2019-06-12,-0.003182313039108764,-0.00461778116085787,-0.001794392214607532,-0.004496418192190821,-0.012739322895325977,0.013592762387290014,0.0075154916804305305,0.00274263175267464,-0.010822811155820733,-0.03018234692599664
2019-06-13,-0.00020613021401671983,0.006312204530603882,0.011036996961054202,0.008074084887562893,0.002470816691848343,-0.006846035866908129,-0.013053839647431897,0.01121449083571524,0.008779946402472483,0.01409038626446435
2019-06-14,-0.007262372190373179,0.0009824097199979676,-0.004317149226775063,-0.00033686328637261287,0.0025560348196884686,-0.00440632915801642,0.0018302247571677643,0.0026147332435153547,-0.004418732420159888,-0.024416635863927505
2019-06-17,0.005966483932236422,0.003020408153249221,0.006987072463402466,0.008750215966301989,-0.005463253205339802,-0.004640118339618193,-0.0005895848020576189,-0.001888707046756588,0.009952712664884844,0.002696160452301477
2019-06-18,0.023518757883213004,0.017387496269039904,0.01037573168863637,0.008133468756305495,0.013642134338253786,0.005665356453593784,-0.0016513952171198776,-0.01252342995028366,0.00865649630002574,0.05412693142489311
2019-06-19,-0.002922959411020387,0.003921255070951313,-0.0006605486697621732,0.0039024725343073108,-0.007225860715515453,0.0015690806798056567,0.008329743960831415,0.00748134088878305,-0.00554495132592947,0.0015699709836283215
2019-06-20,0.00803577055918181,0.009286320902108569,0.007867710956048768,0.004924598579345574,0.0025473455021187696,0.01253133096615966,0.01786865611461108,0.011954750270752212,0.017126623703771493,0.006400048991747509
2019-06-21,-0.00340922919278841,0.000145601171454679,0.010932475217265925,-0.0035919036198251986,-0.006806531912641467,-0.0008439811517391149,-0.0017267564178826689,-0.004832634293783666,0.014097353250809741,-0.01518506515651652
2019-06-24,-0.001006290942996424,0.005913964014576001,-0.00770402282282312,0.0013603018897812014,-0.007127268324786495,0.006826737299104879,0.0023636157209245834,0.010162087340233938,-0.009525101120364754,0.005930619995075936
2019-06-25,-0.015157593015057813,-0.0315719064018527,-0.026076835084025807,-0.01861645619625729,-0.008282406471380455,0.008248349154683199,-0.01478266026823849,-0.005430621105858124,-0.008836865696686957,-0.0077296337492853695
2019-06-26,0.021629006874169354,0.00374689621095059,-0.006675448556129893,0.010413885939479117,0.00668131347990597,-0.016569606162882167,-0.0012845750908148101,-0.01781237761493959,0.004326683251553831,0.051359709382027274
2019-06-27,-0.0003001945238165771,0.0016429460765441384,-0.0034155500112073023,0.0033985604479445097,0.003318697540924953,-0.008177687680247847,0.0009937538152797742,0.0004554951603326085,-0.01018274815990139,0.024928136000168744
2019-06-28,-0.00911193504206298,-0.001416382378662151,0.005730800371043676,-0.005592597818778855,0.027195736874408905,-0.010022042025390143,0.013548964515009088,-0.0011841297745183166,0.010683059590602673,0.006126310870075757
2019-07-01,0.018340930701734814,0.012839644499590408,0.01588464667553091,0.015082077541072714,0.016815932732307415,0.00057422446602029,0.002247361892991462,0.007660626474287335,-0.0009131407088428523,0.011812618808016095
2019-07-02,0.005854752387191908,0.006633145605810631,0.011454674612257687,0.006305337412949141,0.0010556305789704012,0.004807633174769954,0.0077039909248761695,0.00896005079246609,-0.010971668748389174,-0.02371089745205679
2019-07-03,0.008286715657639387,0.006443084303861424,0.009338426970458613,0.0024246069203850418,-0.0015931271994787943,0.015068356920249437,0.009071155071695536,0.02332243305353643,0.009508444977280428,0.0032051016310958858
2019-07-05,-0.0008805849012341049,-0.0029099687770067773,0.008619877212175053,0.002016536782024403,0.005938628166173965,-0.01104521199778885,-0.0011875839588495474,-0.008151919923609974,-0.0040557008201853595,-0.015483332054286647
2019-07-08,-0.020613868297943094,-0.0007295560675635304,-0.014020043700426088,0.004843221049465107,-0.005462948783018562,0.0028453669702126483,-0.002660286626186892,0.00795399593777879,0.00459734000680645,-0.018848182545294634
2019-07-09,0.006099179882034678,-0.003650562196782725,0.006715746803505507,0.018429393240526393,0.0042528812046482845,0.0031211612339261396,0.008740529053337553,-0.009995413190132196,-0.0006533662459650147,0.0006361883748278174
2019-07-10,0.009888626846841664,0.010185927626096936,0.014782594348525802,0.014640624938845548,-0.0029117010079207084,-0.0014141345840984476,0.008889901798037059,0.007439443632069054,0.014130210282204292,0.0174814309571667
2019-07-11,-0.0072821520222310365,0.003989857716609313,0.002778576290323409,-0.008099507325226352,0.009555858756594482,-0.007789968410357617,0.00797487488730897,0.005538380256322251,0.0007744039898416322,0.03886043703015418
2019-07-12,0.007682662834083143,0.003612697079688587,0.001101327142937425,0.0049624026209122984,0.010517067188751339,-0.041467382355411364,-0.0022683285283545684,0.005333211902029511,0.0007731974762144045,0.007998324851662186
2019-07-15,0.009395032041853657,0.0,0.004513968342612307,0.004967642414728246,-0.012142025857239558,0.003053061412591873,0.0013308164664840305,0.004261388607377903,-0.007084740928825939,-0.002028482675698662
2019-07-16,-0.0034598814310033976,-0.0131027776728041,0.002563986945175234,-0.0054873776497271765,0.010711210372402746,-0.016405839848415482,-0.006977811491902686,0.003550045213360775,-0.014919612436115837,-0.0011354287070471925
2019-07-17,-0.005623608534521707,-0.005909038961827262,-0.005825868296606362,-0.008891002112726198,-0.00981608030882608,-0.004830258130991583,-0.0008923174578986393,0.000431676812197912,-0.005926404879319946,0.015740642133738714
2019-07-18,0.011359761489710518,0.001100797474432813,0.00043588444538245064,-0.007093314974039089,0.00596576532898796,0.0015927924945098315,0.007702910301615518,0.0021354619572044875,-0.008479182323846923,0.002769567165824993
2019-07-19,-0.014927731843630831,0.0014660763605758298,-0.013676205831919752,-0.006764737761974948,-0.009854520816754198,-0.013326386178688532,-0.00714563670441426,-0.0037248238569292935,0.0020040999565833495,-0.010224549645701964
2019-07-22,0.022854113318466096,0.013248407067498302,0.006769427719499843,0.010745666804249376,0.006429350814384893,-0.012815480081189934,0.007420275561669243,0.002521579544801922,0.0010669807327861047,0.017098044906138865
2019-07-23,0.007817564307701197,0.006212346060475937,0.007759678602501152,0.004462067812826209,0.018290010646061505,0.0015545864838846235,0.001827684865604251,-0.012575950472072828,0.00399605902152822,0.025332850896840897
2019-07-24,-0.0008137210349560275,0.010266923202658429,-0.007246909766986054,0.003168672237739978,0.004039342269318347,0.007295877031959996,0.013432524249253674,-0.010979372067171034,-0.0001326393954976801,0.017078409113035153
2019-07-25,-0.0079073021009739,-0.003766781736149527,-0.0033254386160405103,-0.013489486526910066,-0.00958645620060028,0.010325109037434999,-0.009490929221168787,0.001509655237135421,-0.005705639693194264,-0.029553302894735567
2019-07-26,0.0034780094036981346,0.008203327908575586,0.09620230315102951,-0.015589116785757695,0.004407258527785007,-0.002974475013357125,0.011564596955768502,0.017380795346722655,-0.0016015775482969286,0.009746802138786093
2019-07-29,0.009338786351589246,-0.0021935631488749774,-0.002714506429915664,-0.015748424764872926,-0.0031833526290074854,0.017517305712893005,-0.002613296384963326,0.01106927092701615,0.0070845382099729015,-0.0014275039600447625
2019-07-30,-0.004292186932901787,-0.0048215139867348045,-0.011144615277817405,-0.007278612913047433,-0.002244265233272369,-0.007066890207504284,-0.009169539815399586,0.03801704548290652,0.00013262271456815355,0.00360364836147542
2019-07-31,0.020404086821194767,-0.02907022588838215,-0.007980545278028495,-0.016723481350493508,0.0035469208670215746,-0.014082219786645922,-0.019445940983677246,-0.019682715763957415,-0.013138535543418817,-0.038358463694480704
2019-08-01,-0.021639275786347056,0.013135809524411401,-0.00527003162347528,-0.006138892274227259,-0.02637942021210893,0.0005375462348462534,0.006572902080136833,-0.011097571360061842,-0.025551382098702002,-0.022522747733768278
2019-08-02,-0.02115826609825744,-0.00840239790042463,-0.012758074123816132,-0.01729077783786137,-8.842340501014068e-05,0.005986846970877924,-0.009767137732465292,-0.0024845790162705272,-0.00979834329350393,-0.02261678991534566
2019-08-05,-0.05234750853952497,-0.03425852173242083,-0.03474814294094941,-0.03187185710749196,-0.02975305053244115,-0.006942922653959904,-0.04824699432966739,-0.028855981159768063,-0.020487915190221972,-0.06452019557812994
2019-08-06,0.018930307818661563,0.0187583865166967,0.014141566977792452,0.01286026675758456,0.007848667154769506,0.004686317347126101,0.02143795172033225,0.010612016503154242,0.009675761703433094,0.010345425849317857
2019-08-07,0.010355161552242143,0.004380396504008122,0.004124309243927593,0.0031154615501278737,-0.02173301257469873,-0.004282141836117637,0.016465591713346717,0.010850421518822762,-0.00648273698088353,0.010108449591035296
2019-08-08,0.022056124696906654,0.026684730101115717,0.02575029198322043,0.022019656560675394,0.01693983500495544,0.01128947914640932,0.02612368915317842,0.01662040619671279,0.026666761696163777,0.028396841184100685
2019-08-09,-0.008240484778852308,-0.00849564049661966,-0.014334351552953373,-0.013808825620453047,-0.0010926635755401648,0.0027339218236972496,-0.004724878426278889,-0.005619812121861578,-0.021276852688143277,-0.025780324966028
2019-08-12,-0.0025376549772549994,-0.013942175101809728,-0.012112051479892916,-0.0125360496687702,-0.018771341600864244,-0.0008333427478517397,-0.015135360725350933,-0.006422340532096893,-0.004859152478868922,-0.01770670634835325
2019-08-13,0.042348544799224896,0.020693717624459484,0.018927196300752014,0.022085030397553274,0.01541588611735567,0.011294062719838127,0.012872803757057127,0.010514610044809247,0.012351161319067883,0.030373292112507944
2019-08-14,-0.029765063474372466,-0.030114578374562995,-0.027140620094799894,-0.033645045853565536,-0.041521777511426716,-0.023684614583866503,-0.028554111490756484,-0.012452061603742237,-0.04028948341725558,-0.03832119304947612
2019-08-15,-0.004981652317888607,-0.0022391678351917355,0.0043547065823972275,0.007464685662255555,0.0038168142474115374,0.0021495245403932994,0.01737299033854245,0.013818198013280547,-0.0059126383628905765,-0.00866252947038515
2019-08-16,0.023594974270086944,0.018327575839049093,0.008457916973904744,0.009261785673171152,0.0239544389186237,0.006281574400941237,0.011119145379891782,0.015248313011060999,0.015613306768810453,0.07252807787861593
2019-08-19,0.018643977820981483,0.01674875698489542,0.01800350685199037,0.013137538159314621,0.009004698099658537,0.006775102635169672,0.00847225411569541,0.008894277611897872,0.01683739004786,0.07031813415950561
2019-08-20,4.7506828068089035e-05,-0.008308865778150154,-0.014086459497084869,-0.008116198419710674,-0.012696597825641809,-0.012476232511542173,-0.0027818888497009864,-0.011144623300129886,-0.006047547260373709,-0.017039408174172266
2019-08-21,0.010838594647118338,0.01114684255789955,0.006801779192006974,0.012301698764070057,0.0027956323111710812,0.007121220226030456,0.009484736302336705,0.0025231621491588196,0.009995855499371986,0.02001554890235102
2019-08-22,-0.000846362051540317,-0.007277340207893945,-5.038432582382679e-05,-0.010353490725939274,0.010315360186627931,-0.0019770363417968007,-0.004697766408310877,0.001845409008106591,-0.0021515478338630656,0.001460189851613114
2019-08-23,-0.04622054188976832,-0.0318622425947801,-0.03184172064682522,-0.030498806969126657,-0.02483462418479243,-0.026967171633400122,-0.02698665577898962,-0.017584776275059943,-0.029897996513213232,-0.05271777290064228
2019-08-26,0.01899919772053238,0.01544333376480389,0.01525684265646654,0.011002318967479496,0.008017364345158207,0.008045416967427776,0.01346796731706501,0.017047411783785327,0.005334150813623539,0.018530069428614793
2019-08-27,-0.011283857188141622,0.002141384596619611,-0.00030744020409623207,-0.003979912470737479,-0.01057359090158172,0.014397442168952113,0.004448538315513506,0.010308398963564391,-0.009727389130995578,-0.022061196694635687
2019-08-28,0.006710358076416956,-0.0013262951588435268,0.002502549257988651,0.0013735967509673763,0.010024436806684855,-0.007404844712847969,0.0016257379149979823,0.0070509343720721596,0.007292763658274248,-0.0025983289178723723
2019-08-29,0.016931836303114345,0.01888439067564507,0.017456868342505816,0.012554889043934425,0.02265930083759038,-0.00341948278312898,0.013992116887517447,-0.0018120413445009698,0.011081464226294635,0.03585185650874978
2019-08-30,-0.0012918960733612206,-0.0018819284559942195,-0.0031064939832666782,-0.005659435682760394,0.005859729546814352,0.0009357730795103159,-0.0019316073987413196,-0.007839780240077587,0.0007307026727609855,0.0030538059293514497
2019-09-03,-0.014563591166692369,-0.013202332173121278,-0.017622460919809013,0.007628234940805445,-0.011833574877978092,0.00296052299277183,-0.008959353400594172,0.009398878566841073,0.0011683310124241952,-0.0199391419154471
2019-09-04,0.016966425673133223,0.01168793208243124,0.010876030534150205,0.006022901313268436,0.01206736069505343,0.0009319957416933367,0.014341571041002865,0.015243904029990984,0.010647712265420717,0.027958855079564193
2019-09-05,0.01955155942595166,0.017583379505557772,0.025307080726109765,0.022270161635782104,0.022754137288334197,-0.0021729173158110404,0.016284521582496714,-0.003652348954553686,0.014143401043160031,0.06506281195542885
2019-09-06,-9.355941738109497e-05,-0.006783374839141598,-0.004842283843554229,-0.00391699050586547,0.0021359430697833748,-0.002877497990035782,0.0054672271483184876,0.0008961674323764157,0.009392170324617366,-0.006064309750357433
2019-09-09,0.004267036409938196,-0.01135885163452699,-0.0008705052739806929,-0.0011780869502404645,0.024775614946078273,-0.009827951493107445,-0.022558284966195163,-0.005697201829637066,0.007895246081403684,0.010355314109690372
2019-09-10,0.011813157915429251,-0.010471028442899932,0.0003567947202300914,-0.005897299060526384,0.012738382707232931,0.020480654495425243,-0.028641984324421332,-0.018744373292641447,0.008112967449276143,0.014847656541632226
2019-09-11,0.03179474622055367,0.0002939959597576536,0.011860230530900795,0.0013402724765312346,0.002738083609582498,0.012504804052170915,-0.007768718812421138,0.0115948298339974,-0.0019426614318150959,0.006278118260092835
2019-09-12,-0.0022360350307654153,0.010284811444528641,0.012270543622854735,0.011278173776550826,0.006143807068274665,-0.005641572430128194,0.017144377767644547,0.012368959905772803,0.0006950759714228205,-0.0003256471442921738
2019-09-13,-0.019453923675107676,-0.0014541164770147663,0.004097171868189031,-0.0022835833039021036,0.019676189792404042,0.002683540680213259,-0.003988865687406196,-0.005294180285254302,0.009169333786675393,-0.012644058816427162
2019-09-16,0.005257199016713621,-0.007209573258325386,-0.006773796210959526,-0.01712575737502442,-0.00889989641642619,-0.0094814537704061,-0.006543849873176022,-0.01940717370739542,0.015005560132162143,-0.00950873488341375
2019-09-17,0.0036379491399480823,0.007775418770071152,-0.0014209439399901491,0.008136828085409276,-0.004951196937154734,0.0010034089922454914,0.0019307341508638665,0.011774458998479398,-0.007595131795379961,0.004771941097130972
2019-09-18,0.009379290566166043,0.008224720611198277,0.0022522626828713754,-0.0027928049815375555,0.010036200452326227,0.005706974730347758,-0.006574079266821964,0.0020634644114365663,-0.004783357721974024,-0.006019766359024126
2019-09-19,-0.008125039268752854,0.018409119610108382,0.004948613720017425,0.002222836785044313,-0.0031729492592054154,-0.0023006809874683842,0.0038222566176293604,0.004036014284995781,-0.006729001076691277,-0.01689070064346443
2019-09-20,-0.014618025811556246,-0.011554548641222517,-0.007192691661577766,-0.01500957245064305,-0.004020733755130346,0.011835912162312612,-0.010798030510578704,0.0027891089969398486,-0.0034564454212336893,-0.0240195602990243
2019-09-23,0.004546971606729233,-0.0021513727270382477,0.003943653297974858,-0.004938252915601793,-0.0001682133095795013,0.0006840179881641983,0.004883453487048994,0.008016849750104083,0.0006935576740183524,0.012450246202582171
2019-09-24,-0.004754979664838843,-0.01264935129337963,-0.013250408793916146,-0.024472096150627953,-0.013038455037988506,-0.001442213217891286,-0.002458285675993266,0.0031651127452101413,-0.013725146166137514,-0.01321204868220971
2019-09-25,0.015389467155573877,0.014412376331360388,0.02266223054446148,0.015342109540061655,0.005710433564721118,-0.004256968676738637,0.004584910925991448,-0.004773164357289028,0.002952086208504179,0.03303743310034113
2019-09-26,-0.005157399072872715,0.001291611556512251,-0.0029295280501338006,-0.01611124135996367,-0.00822014363006418,-0.016337173664252136,0.002110888951272649,0.010486239917267826,-0.005326198791427039,-0.004993298074401298
2019-09-27,-0.004866232434849627,-0.012971189051586562,-0.013153114147189227,-0.008270849128875435,0.005895815129909554,-0.0019402681474134376,-0.00939380182466576,0.002091451685224399,0.0071862458698133125,-0.03146515088732926
2019-09-30,0.023535258526711456,0.009438873760855282,-0.0039235188813538935,0.006062217161457495,-0.00025488807222662224,0.006065533853007343,-0.01143693727394679,-0.0015251703215798385,-0.01217101049770708,0.013449193079708488
2019-10-01,0.002768222494011985,-0.014097336935393279,-0.012398261410760392,-0.00014978297291068365,-0.01818340770177762,0.004714546965068012,0.013255104654920968,-0.004261215887105818,-0.023509436780380533,-0.0004022965309202764
2019-10-02,-0.02506784025119624,-0.017655682927743,-0.023283565057401034,-0.01291737598591125,-0.019904809154065006,0.015462920141485093,-0.02558930422151451,-0.022365892486952088,-0.026105853704108672,-0.005516813782436403
2019-10-03,0.008494685189470275,0.012105945396639672,0.009771534455475184,0.0065315416415505645,-0.0014241694104687452,-0.006136352457571603,0.01790026786194132,0.005451089560370992,0.012360397087254782,0.04779203761496764
2019-10-04,0.028031712854143853,0.01350110954266115,0.018101125782627348,0.008831925999802426,0.021659793158790297,0.01882716222468339,0.017990260154070903,0.01856422665949964,0.014562874590299035,0.003640090438476351
2019-10-07,0.000220311780360527,-0.007239819110650414,-0.00223806457722997,-0.00401799145160453,-0.0021810950405523055,-0.003740407735611573,-0.00613696383570661,-0.009354913835974199,-0.013774275865397922,0.012969282268344706
2019-10-08,-0.011714884471293652,-0.010574748461022576,-0.014996771158151345,-0.01566961490022023,-0.022296116555392098,-0.009913109562174838,-0.014179827391060607,-0.01554869170363804,-0.01940600877157983,-0.03851790246998199
2019-10-09,0.011720223497227567,0.018942980279694765,0.010309745736787557,0.009662859223618092,0.007243766306541444,-0.019872522997227415,0.014267330376597886,0.008682749817493285,0.011094537369781943,0.019635305640812506
2019-10-10,0.013478279337804544,0.006220977024389285,0.005879944131120585,-0.0010046756673366408,0.014028185813159899,-0.0012379741433852232,0.0,-0.0003277539022851217,0.012010738764572926,0.012838441965799863
2019-10-11,0.026598545893589343,0.004169690290836137,0.005159280617963002,0.006778047269550891,0.016898692995630515,0.017588481284488644,0.012466045456580588,-0.006970856322827568,0.010696227782408085,0.01617219888290089
2019-10-14,-0.0014396088009035468,-0.0009305710505781439,0.001694577118960483,0.002604069615361304,0.002669146162008751,-0.004644686295132816,0.0016943793919479422,-0.008588642979764916,0.002899055577298082,0.0029034276671235926
2019-10-15,-0.0023316568915390246,0.014475066018919902,0.02009396719579848,0.017823932579885904,0.030141957036288414,0.01621797386869317,0.007837333042506778,-0.02374004755319592,0.003469378360572817,0.0527527769819236
2019-10-16,-0.004037224916413562,-0.008193880732344283,0.0006118651148154797,0.005686324313618707,-0.002334417550698298,0.01753978485571772,-0.004923283313993165,0.002815659777209323,-0.017142145627139227,-0.010999524518203074
2019-10-17,0.003882902701092039,-0.005127464482713728,0.007884177480871557,0.005654258700535264,0.005598244080069925,0.007397788174683395,0.0003934887735519421,-0.0013189323837388134,-0.0013188473792170585,0.000412173326692189
2019-10-18,0.004802628926824815,-0.016322258422018177,-0.006697068604034961,-0.016766587598934568,0.0017450268509531242,-0.06220129235598171,-0.012532155796979194,0.007202584679931956,-0.007778471227379957,-0.01955860690646327
2019-10-21,0.01734281607092436,0.007423155459322706,-0.00010440782239740098,0.01601690499181374,0.024801187982988582,0.0025058508982707117,0.004097626019656353,0.013705468381709274,0.016713771370117536,0.02897791715772402
2019-10-22,-0.0022868058390933532,-0.014881185000194197,-0.0024753671094502883,-0.011161118465189634,0.01003617268428969,0.00921721022897004,-0.031570759145254534,0.02603310486296806,0.005091700547661171,-0.0020406680252186282
2019-10-23,0.013419060056022447,0.006379566383799551,0.013237157880042982,-0.0020161792094772757,0.002644441519690899,0.005417891426924948,0.002692274134759698,0.00671140149499827,0.00955258068508491,-0.0026584795832399477
2019-10-24,0.0016448411784555361,0.019673453365848914,0.0011769296091437287,0.010560886524610735,-0.0007191704695528323,-0.018475660815437833,0.028251483910898045,0.014552852575735908,-0.009462192329400487,0.009072468659429012
2019-10-25,0.01231608350266522,0.005645393150850442,0.004121869222180274,-0.010922221117825037,0.007997987781296123,0.00666676139537703,0.009593301150539801,-0.012340846177996134,0.0023158066129003174,0.03901269879284053
2019-10-28,0.010017106242328877,0.024586229046160923,0.019520592687763738,0.008942089145920873,0.00380874629849437,0.006466697935067378,0.011189087457072366,0.0018663648350840667,-0.008808758307365716,0.011000702096594983
2019-10-29,-0.023127850114971205,-0.009431957243740907,-0.02197072174756365,-0.008086279290598686,-0.0006326698466360137,-0.0004648022134523533,-0.012288371389013841,0.0009716313636720653,-0.0029138682595331034,-0.01871506595903405
2019-10-30,-0.00012328936817929126,0.012462496670245349,3.1748954665733464e-05,0.009803069503577566,-0.005536382279608509,0.028810768084399196,0.009119800312529902,0.010841436705833596,-0.010519916594830758,0.0003943869345446327
2019-10-31,0.02260947346140174,-0.008574823305347534,-0.0015072948233996186,-0.0018707552680410355,-0.006442576524572585,-0.006022298100259893,-0.0021755318502721943,-0.0034417016409549195,-0.0022150140008121433,-0.00975403701898614
2019-11-01,0.02838087535288958,0.002441152443575678,0.010685002938672472,0.008318962677863917,0.02305503077557214,-0.006361895849559929,0.011573345031176796,-0.0051401297624283915,0.03004271158300642,0.007810649056800623
2019-11-04,0.0065671559481246256,0.005774827809468253,0.01364499031100963,0.007379573116068405,0.007981027998566148,-0.0073932722316164545,-0.010943476243837513,-0.03875029918625694,0.02974153394999135,0.03904412587532513
2019-11-05,-0.0014370065939051102,-0.0006222262859847394,0.0014191318937970543,-0.0016346467664720699,0.0021737904890439808,0.0014590063080255344,-0.014417618256494347,-0.0014278487893636393,0.019812963683891294,-0.004228090354776004
2019-11-06,0.00042774947980217526,-0.00276907804176163,-0.0003329879286363413,-0.003296920048778351,0.0015488869557527263,0.00414041534885623,0.0022682532697611,0.011942972532977825,-0.02189076649618016,-0.009445806400623202
2019-11-07,0.01154133339262331,0.0013883273466308577,0.012338966203553792,-0.004215398090435696,0.005414056259115396,0.003589087852738926,0.009390715827627183,-0.005817852582024607,0.021261702028111618,0.0034194076090117154
2019-11-08,0.002736758054139532,0.011784084978797571,0.0015763475545411687,-0.0012974492684962868,0.0029229309265823566,0.011945424611571553,0.003026124135433239,0.0006687819083333046,-0.018991048041366088,-0.0026881507420954964
2019-11-11,0.007918736562938733,0.0010275805504968982,-0.008189445415183072,-0.007968083918385438,-0.003528163577960819,-0.007669295470991155,0.0031851966240010743,-0.0030909082716119585,-0.006075949732555874,0.001925349115036834
2019-11-12,-0.0009154626375678099,0.006570873119980725,-0.0008242007440454335,0.003584284648149527,-0.005849742300298333,-0.004773295798986887,0.001113745147320211,-0.0005030878353088353,-0.013790078907826242,0.006868881831571416
2019-11-13,0.009581923090295374,0.001631829451850919,-0.0007941448785131477,-0.013998865975055064,-0.005264755322301418,-0.00060926441788689,-0.0018358845042635297,0.011570286928523688,-0.008216726290122156,-0.004961653828440049
2019-11-14,-0.006919573834171855,0.005091255342332568,0.010006553458190348,0.0008499299602007238,0.0009339584152929792,-0.002361480710335595,0.003573386012172497,-0.0012428420160774944,-0.004360573572344872,0.0058496120399460505
2019-11-15,0.011879567646628342,0.012900178249609429,0.01863036037212984,-0.00861165809356279,0.007231671241280546,0.030390957773830163,0.00011107616080585636,0.0003316131476369666,0.010072998252784737,-0.026693240069607382
2019-11-18,0.005042038042843311,0.0024673194920075137,-0.010273271278591345,0.007496454800304697,0.008414956535846452,-0.0008148888930991083,-0.0006121404053037738,0.011199737362940665,-0.009683508025256304,0.03961972733098884
2019-11-19,-0.0030328418906260257,0.00033226023906141045,-0.005493207117597154,0.00014836251405148104,-0.00030610307887213306,-7.441405412078606e-05,0.01731085474363958,-0.0038558747605151877,-0.010215952571321019,-0.02020910013117594
2019-11-20,-0.011641433082772101,-0.0017347399801722618,-0.008174787016088425,-0.004142042998724227,-0.0072751498147400895,0.008307641179968739,-0.0060735786210592835,0.007165137404110844,0.0030965316164524026,0.015337030072950064
2019-11-21,-0.004483361969595423,-0.0009357139790037161,-0.0013210545733177703,-0.006198694786181735,0.002314041914567966,0.003678009382955816,-0.009743387350333532,-0.01594585308285057,0.024106950178789388,-0.00473515036502159
2019-11-22,-0.0008777379208413372,0.000735946420076905,-0.004976373798383782,0.0063469584412145785,0.006619209249963953,0.01194659549696997,-0.0023346948017251012,-0.0004154972557909309,-0.004306048058223766,0.003378105307343393
2019-11-25,0.017533815396930885,0.010963202762490631,0.009252614241929136,0.016107946060534006,0.005352098444420417,0.0004373391449838948,0.00835814104867394,0.0018290375289744532,-0.006631185666571393,0.0489355384623229
2019-11-26,-0.00780869238832671,0.005290013573004959,0.005637253601542769,0.013022581087476892,0.0013687297543640842,-7.256949127976142e-05,0.008730524328772082,0.014521738520681726,-0.0024669068365542612,-0.019031501442557608
2019-11-27,0.01343192054720177,0.0019078044576879005,-0.0006627783202901583,0.01200372676735717,0.002961930277287861,0.004228178767741841,0.009969883601063767,-0.004089720918091455,-0.000582006516511302,0.0064562049248610975
2019-11-29,-0.0022024378802756317,-0.006171389863041221,-0.006127344873535723,-0.009738720787676458,-0.0022717375870882073,-0.0018874193195703715,0.0007596970402421466,0.0024638354204304935,-0.008297009858382554,-0.00687315850453829
2019-12-02,-0.011562272666009954,-0.01208864680647781,-0.011678575606510755,-0.01066191775556835,-0.0022008912557601734,-0.0009457266996641955,-0.014742113513355637,0.005407248252115693,0.004256652777230974,-0.03455787290744472
2019-12-03,-0.017829995956736178,-0.0016050473828984613,0.004562174187468848,-0.006533461163659049,-0.012854579437443059,-0.001455804417546891,0.0006052505995128854,0.0018739855685092621,-0.0078924923594067,-0.007598387001998663
2019-12-04,0.008826315488717373,0.003616783935918022,0.018690870957348116,-0.005237417464897476,0.019725798679979034,0.016185152384820878,-0.007147005123107175,0.01285075984332762,0.011343613975777878,0.008475445980936414
2019-12-05,0.01467126586167633,0.0005336574776464431,0.006080651441344731,-0.011478432267733929,0.005440578628778336,0.001291726795556114,0.007142865994211656,0.0007228320578798186,-0.003495873363397628,-0.003247081565223353
2019-12-06,0.019315701398492147,0.01213891552403501,0.009367245441668226,0.006389039145533015,0.014880427054820178,0.00587545842200754,0.001539407459956621,-0.003450539478173975,0.01607939850773854,0.016432020228548838
2019-12-09,-0.01400018115183077,-0.002569778834991765,0.0026878374379000203,-0.0011931926776630464,-0.004665257211064144,0.0008550817050965165,0.004117175269745754,0.005475569137285197,0.002158053656947878,0.0
2019-12-10,0.00584439336780096,-0.0015194124213432358,-7.439196034964013e-05,-0.005887355634324631,0.000669395913973192,-0.0036300336384113008,-0.0036080207018555077,-0.004805086722513785,-0.008613259311176957,0.00853098222018911
2019-12-11,0.00852986899589081,0.003771253622466997,0.0010127917837652323,0.005467935101741261,-0.00237919553092103,0.007071678635907519,-0.0013719183693660097,0.0031384878659121984,-0.0014480523337371265,0.015702245226898226
2019-12-12,0.002548198448266481,0.010151832701406516,0.003153941934991078,0.00663920342821922,0.02861829974722707,0.002553744928950552,0.0034612952797541396,-0.00072207810226943,0.020011537810254554,0.03096532844170663
2019-12-13,0.013592959267685334,0.00841820536060034,-0.001201284779951295,0.00034646559584494696,-0.00876660028156484,0.00028315589457306167,0.013688193093218226,0.007224844099419592,-0.015780330697262812,-0.0003571541389773003
2019-12-16,0.017118008426253883,0.006471095727152765,0.010268291107881744,0.0046964185941400505,0.003873834275444521,0.0028997498442502323,0.005941694462641145,0.0007172733553046928,0.01112218711677726,0.005178701246606687
2019-12-17,0.001965327511381787,-0.0054008420776008315,-0.00426977618209079,0.012123992912275838,0.006116018316222327,0.012483217222665877,-0.003866005042861609,-0.0019910456286598155,-0.004571440831019236,0.013946629832117141
2019-12-18,-0.0023895349868434668,-0.002068675778273521,-0.0021995454340940634,-0.00370251419034362,-0.0010130413367699376,-0.0025775124113758263,-0.003341867514909058,-0.010374178648682286,0.00272701707920997,0.005343817403747453
2019-12-19,0.0010009782158422187,0.008680746175044662,0.003350829337947392,0.004624344595139496,-0.004998704512674701,0.015084899480033442,0.008869511043898992,0.007338007814062797,-0.006869954484212126,0.025924986134359784
2019-12-20,-0.0020711147987244605,0.01091763922392519,-0.003848182679046963,-0.0032249589345579865,-0.0008005866822026197,0.004884812919331294,0.007826351791290875,0.0035222769172447155,0.00792607969453818,0.016605762469067198
2019-12-23,0.01631796051511336,0.0,-0.0004366835112042944,0.0036384504756830083,-0.0002916025357434515,0.002602178088403573,-0.004893193574285415,-0.0036692567386835684,0.005004085653527834,-0.0022978075226791628
2019-12-24,0.0009509379594689893,-0.0001905358446326888,-0.0045905423384525745,-0.00211376350409187,0.0027698727989031724,-0.0034831012398850447,0.0026194824864405053,0.0025619674758605715,-0.003841042440343001,-0.000837578386429505
2019-12-26,0.019840621537667413,0.008196756621920764,0.013418233302780136,0.04446651549531899,0.010611606418507336,-0.0006850610074177199,0.008476332037951284,0.0,0.0015708949417589935,0.0023889547619526663
2019-12-27,-0.0003801606203207575,0.0018277628075396013,-0.005746840723376834,0.0005511476895356804,0.000719536249179642,-0.0005484996642803885,0.0012160710679027797,0.0069476999922610805,-0.003422097710497063,-0.009699291100470409
2019-12-30,0.005935668845232112,-0.00861866130271649,-0.0110214632502168,-0.012252649580489217,-0.003665186865215997,-0.0030875834629146004,-0.008237125218820918,-0.012847791849274204,-0.005866310423077725,-0.019209179915686936
2019-12-31,0.0073062844108728875,0.0006976627223269638,-0.00023877501751456975,0.0005143848474418178,0.005554196193453986,0.003922708185384094,0.00037276627469462476,0.0034546248616997843,0.004317823258326525,0.012827257941703696
2020-01-02,0.022816782313598072,0.01851627038199255,0.021868188387682563,0.02715061035487687,0.01212325827676719,0.0006857810901357286,0.017136435215158174,-0.011929505192275647,0.016050813986115076,0.019592027928029054
2020-01-03,-0.00972244547697132,-0.012451583122962795,-0.005231278616902646,-0.012139034655920922,-0.013196438809758515,-0.011577897405678272,-0.007952710475703784,-0.0067257314041685445,-0.00804005662060403,-0.016005914127142584
2020-01-06,0.00796824291147824,0.0025846688167920906,0.026654170669184962,0.01488557393050649,-0.0007950096529891759,-0.0012474143024603368,-0.0021625168191772293,0.001386963264027985,0.007678078093084073,0.004193529829323861
2020-01-07,-0.004702870435317252,-0.009117824333050972,-0.0019316812576147813,0.0020916204156395946,-0.017000596176304894,0.0061067557574034925,-0.0026427393573064117,-0.006191604689955943,-0.008184088767721032,0.012106801635321629
2020-01-08,0.016086291266786734,0.015928231735893528,0.007117688645231546,-0.007808640261289468,0.0078008510889449045,-0.00013777139058324117,0.017117890345567766,0.004262738879553751,-0.015080092210017937,0.0018755127699401353
2020-01-09,0.021240687882068787,0.012493211471559462,0.010498033447067456,0.0047991747864684076,0.0036511819698366033,0.0029663048036483453,0.00692987341917628,0.010937895218135374,0.007655602302694131,0.01098263935576771
2020-01-10,0.00226061707326064,-0.004627258420093594,0.006458559106056638,-0.009410596802031157,-0.0099679348641033,-0.00227005222747112,0.0026910312029586603,0.0009689465303235334,-0.008887733564235445,0.005349379049901959
2020-01-13,0.021364591069291228,0.012024628953377636,0.007746924812028544,0.00432257824569926,0.008304737161457076,0.00441236098239095,0.008050601992578565,0.007340375210829642,0.009546073168188896,0.03135251214070345
2020-01-14,-0.01350349446121446,-0.00704333961306125,-0.006555394645511914,-0.01155821171805238,0.01166166518352263,0.005627983419504545,0.0036865042485723087,-0.0015213738119260745,-0.008596201796389646,-0.01865236932333758
2020-01-15,-0.004285342602487696,0.0064762057236253945,0.006018544274355442,-0.003969126548925228,-0.014985500998146328,0.0033443779941884078,0.019127526355142477,0.010185174637703298,-0.001589288212213158,-0.006915560655323616
2020-01-16,0.01252653299157025,0.018323574596221803,0.007615432682835266,0.00854991102959346,0.0038761643438194326,0.008094482262086311,0.005755675307553609,0.0008732094834189574,-0.003907902271390373,0.013682711261961744
2020-01-17,0.011070782259575251,0.00559668960564963,0.020245876988896017,-0.00703966144232826,0.006921861478940139,0.006545019751102776,0.018661282520279432,0.0026969934747904656,-0.0037781983363369687,0.0014060005848703927
2020-01-21,-0.006776672170022979,-0.0035907993771864266,0.00184528912824522,0.014629525206926841,-0.009840842876458922,0.0006706099158306777,0.012652710955502133,-0.002531435643176927,-0.014293987694663945,-0.005375407035722701
2020-01-22,0.003569515794732192,-0.004804760027157684,0.001092879149251269,-0.0023995494624705627,-0.0011694195886592373,-0.006833397720463208,0.002942469084448396,0.0017446183834437523,-0.005771058809016738,0.008752149315797153
2020-01-23,0.004815517027164873,0.006155574805426278,0.0005524307054782795,-0.0015259112256779117,-0.0010239032784068458,0.0018885962325905226,-0.006637501050517303,-0.00457130940908701,-0.006250979780374144,0.010995147388338955
2020-01-24,-0.002881735134215191,-0.010076788858765284,-0.012473685896781217,-0.012172426638861866,-0.02482805121535847,-0.0014140845700910676,-0.007360223444643044,0.0012003233751822773,-0.006739377974661287,-0.009412374266193235
2020-01-27,-0.029404921000219297,-0.01672261934430319,-0.02348995825388689,-0.01788746376771222,-0.008411777030459144,0.0028994777713375885,-0.01614602523298936,0.004395052238377994,-0.023823813399897587,-0.04104145798297443
2020-01-28,0.02828887889250864,0.019595366304385298,0.01311013281413631,0.01362436592451366,0.018177814772863732,0.0050419637662348915,0.005751354895253913,0.002704812086945063,-0.0013903446438788825,0.03234827907321436
2020-01-29,0.020932452785635602,0.015592962318454973,0.0042741551106628695,0.0025630978623367717,-0.001487594277958526,0.0069566142786992025,0.009908671610560749,-0.007696663134222348,-0.008352813222594624,-0.009799578995834168
2020-01-30,-0.0014489822011070075,0.02820739009066986,-0.001681546109363885,0.006824489189870775,0.012366712319292539,-0.001195906132774316,0.016352760042289916,0.007116875714856974,0.010607067447512053,0.001099331456168029
2020-01-31,-0.044338734740134056,-0.014758579002121297,-0.014763928725978093,0.07379135586484753,-0.02597680432411731,-0.00990932071657813,-0.044378476755474794,-0.010559928523869333,-0.04121038277388234,-0.03815966174152108
2020-02-03,-0.002746237651347072,0.024378901792068364,0.034771711260880744,-0.0022501685803328897,0.007630645481209619,0.00873261232114153,0.009247626110018059,0.00393206714345995,-0.022375925782631367,0.016495776790688588
2020-02-04,0.033013478133557594,0.03291641387553468,-0.025084394424319534,0.022687342140775613,0.014396247712157972,0.009522703207988537,0.01369458335131113,0.004396392483817513,-0.012514535721180109,0.028294345736205484
2020-02-05,0.008154558972240489,-0.001221062717993271,0.000442840694184099,-0.004781236737139594,0.017000351861243157,0.015764957889545794,-0.003684386805250961,0.009151347451797909,0.046023383922633165,0.014688751319915871
2020-02-06,0.011696662569230964,0.020733375398216625,0.020690817379903415,0.0050787328892443195,0.00014519191588213687,-0.00298754828402803,0.0011339875627882634,0.0026024872502508067,-0.013550186037073253,0.013917314463791852
2020-02-07,-0.013592665972639084,0.0014159939274360767,0.0021273690930621036,0.014169136390608683,-0.003197236766286804,-0.010681502195442838,-0.0014773087377647487,-0.008337213330094406,-0.006625751293116933,-0.010461823251492142
2020-02-10,0.0047497838516039614,0.026156740122313726,0.01997836036691636,0.026273579599096264,0.004155577412731093,-0.00019758618945897588,0.016030247791658736,0.0007138399756623226,-0.010561272056111126,0.045232330881297855
2020-02-11,-0.006033471584418804,-0.022575421710328336,0.0009279351331097363,0.007915025985726132,0.0018873404923542836,0.0008558748492175638,-0.009952104676556717,-0.015930983069815552,0.009506666559163213,0.018709157353009598
2020-02-12,0.023747693035478745,0.001464125383535464,0.005675300743739564,0.004277469597884664,0.0,-0.005921343673486401,0.017162161897352535,-0.005718560316272048,0.012225261285893296,0.01735808185451515
2020-02-13,-0.007121115369989384,-0.0054139495325520315,-0.0034505762229145587,-0.00468981707537619,-0.0008694795720403103,-0.006618642274332731,0.0012550160957396361,0.01223180379019495,-0.0055493140350212355,-0.006457948238300815
2020-02-14,0.00024632056228024446,0.008926945086832339,0.003528743169932458,-0.006977166077050345,-0.003046088787281742,0.0002666483627351557,0.013934490324491566,0.009443193231492675,-0.004595505889143703,0.07020470918833088
2020-02-18,-0.01831047421565446,0.010142908551137975,0.00046737829260457,0.009742990607446878,-0.013240333142933824,-0.00659435053269819,0.00432751839732326,-0.01006835391687333,-0.012695612029947956,0.023396360049909415
2020-02-19,0.014482905180583039,0.0029992830275480387,0.0035736571228317526,0.006749650094826309,0.01363924360786739,-0.001340938168034822,0.009990194295641075,0.004564867254642113,0.007681795929914692,0.06113212589743866
2020-02-20,-0.010259245865544053,-0.015271249729231662,-0.005167706924822157,-0.007888626914309249,0.0,-0.003827329579895178,-0.008719656999735426,0.009087820409930059,-0.007954815081324562,-0.01906587722180708
2020-02-21,-0.022634542142248693,-0.03161270335698607,-0.02210309847463532,-0.026533823330561868,-0.01221930963061646,0.010514425710820952,-0.012485041593655266,0.00094788596930373,-0.01219518966350397,-0.0473922314224704
2020-02-24,-0.047500462631443585,-0.043115181351227605,-0.042872695246941483,-0.04135555023463999,-0.026875541423273308,-0.020606891644853853,-0.04798657569335718,-0.026834698199840412,-0.04684598367793613,-0.07069735743330574
2020-02-25,-0.033872518796661755,-0.016502189263940092,-0.023621962727876755,-0.018190498951138112,-0.04464300662598053,-0.008635558603231508,-0.05226610068384163,-0.015166564398991444,-0.03832485087189452,-0.04109352023107182
2020-02-26,0.015863709951951632,0.01249499294174794,0.0029936040432032573,0.003472315416060745,0.003009771349506085,-0.0067058226546935495,-0.006316173863386565,-0.010458592078185336,-0.02195581279553782,0.021370149997749
2020-02-27,-0.06536787803807598,-0.07045891795567627,-0.05431280758399781,-0.048136265467272565,-0.041613852894860304,-0.03173697740666115,-0.038459292061581274,-0.05542616739952455,-0.06017749691183949,-0.05566579353030543
2020-02-28,-0.0005852437236799624,0.024212816072441967,0.018479937512819067,-0.0002918467224900523,-0.043338832250292225,-0.03335264885919986,0.009721551000211992,-0.002378801361897609,0.032517220448527784,0.06916059382986317
2020-03-02,0.09310084376473005,0.06653881600683631,0.03514657750564787,0.03726611425327664,0.046593732282903755,0.04119567134080282,0.05815360163193306,0.055903955564752916,0.04743395541869,0.02354986511660795
2020-03-03,-0.0317593752115346,-0.047919217102406875,-0.035057003288977984,-0.023009811402324165,-0.037524631910172856,-0.03163854880530281,-0.03431610183185696,-0.01162616000362382,-0.047884459981976324,-0.03812923177300065
2020-03-04,0.04638435714938005,0.03671509516327287,0.032802267847480415,0.035013229015638414,0.02470932454760333,0.05819053509015015,0.04608855231972564,0.053566945068773686,0.02183269025415524,0.07002906482945104
2020-03-05,-0.03243666632668918,-0.025095246819592076,-0.04837862868684928,-0.026216794314283698,-0.04906123647876637,-0.010245561925267377,-0.037727320154686605,-0.02305188279713455,-0.044067180474754664,-0.039436114834850655
2020-03-06,-0.013279920037581605,-0.028267261786618536,-0.014466646683870654,-0.011922924014239333,-0.051680462112024705,0.00014097574386440215,-0.013906676147133035,0.0002463583525804669,-0.0482938557421122,-0.026528696075498237
2020-03-09,-0.07909246210418475,-0.06777267716920643,-0.061702243937211354,-0.05285383245165354,-0.13545516349533848,-0.03935767827403558,-0.07176174250551226,-0.046029825451122,-0.12224777641559148,-0.0774321185861152
2020-03-10,0.07202180872859709,0.06838392085412459,0.0488408151187496,0.05065506668458708,0.07769679941351493,0.03811157784294861,0.06702512246986014,0.03868691218032572,0.03702828613964115,0.06372213580547292
2020-03-11,-0.034730857672797266,-0.04530190885197072,-0.05040126139871004,-0.037508896429749194,-0.04707026720259411,-0.06947180074773918,-0.05284778069829754,-0.07432597827538967,-0.03294199138578269,-0.05595950766794311
2020-03-12,-0.09875449586887808,-0.0948381424815603,-0.08204636051545366,-0.07922082514747941,-0.08243024746315908,-0.04848247023712593,-0.07441434877684616,-0.08737346326585638,-0.11434001273361583,-0.12236802109658829
2020-03-13,0.1198081816277825,0.14216890455469677,0.09241150387632535,0.06464833687376514,0.18012497789644755,0.07080758061586523,0.09838807253648651,0.12009038437491104,0.025282332849025257,0.11340221900610015
2020-03-16,-0.1286470126425262,-0.1473902849785046,-0.11634154405686892,-0.053697516604298,-0.1496486438378738,-0.05331715032659423,-0.13547181846101808,-0.04882986906134612,-0.09522541939071172,-0.18452103304020795
2020-03-17,0.04397015119345116,0.08233646489642954,0.041994454683261795,0.07026613247879654,0.06111351812893262,0.07441182502657862,0.03868155667107853,0.08976964783598484,0.06726566054987004,0.10626285827847903
2020-03-18,-0.024479916298406734,-0.042096100756585986,-0.02403263372452602,0.012257741060410998,-0.1052688358369569,-0.011933342785731882,-0.05959812167234568,-0.006681246662173179,-0.10024443990701226,-0.06650703970095051
2020-03-19,-0.007662066014691105,0.016453242479856023,0.018768421903543775,0.02783061376686291,0.016807628257140772,-0.058609947101275206,0.025390228993255715,-0.05636424991715816,0.039553057828520366,0.05004447648049126
2020-03-20,-0.06348533935947598,-0.0375586383119656,-0.03909432324575557,-0.018522798541688812,-0.021102031940076205,-0.05635586162048134,-0.03559899526337851,-0.07579190254405288,-0.04908484512299516,-0.03390151970343158
2020-03-23,-0.021244473053094293,-0.009974820624935599,-0.013180906056780906,0.030735291504301987,-0.053532800793272384,-0.07298366579408999,-0.07552945172016501,-0.04617793286304628,-0.03940148582609515,0.03373016834336684
2020-03-24,0.10032546669100695,0.09089571318539225,0.07198354992174671,0.019586561347294085,0.11894225454332696,0.07234121568269458,0.1384260915396811,0.05701141174037483,0.12686793367645532,0.171564364645864
2020-03-25,-0.005508610348035514,-0.009572786329787641,-0.025123684642697097,-0.027967604900147047,0.03731774888397155,0.0018458861357586454,0.04691660109913798,-0.0227560363457594,0.05220099583390114,-0.01428684852283102
2020-03-26,0.05262302218764403,0.06255146440791393,0.05564522237044023,0.03693312450375408,0.06966062859042732,0.060050299896927006,0.043886701321315336,0.06401125245255224,0.04102967439937788,0.047308855519488935
2020-03-27,-0.041402405641036144,-0.04106101001451323,-0.04528253083067901,-0.028325389436650306,-0.07123905009200071,-0.026941545521357968,-0.04334439272556523,0.025982350583965585,-0.048171129143684155,-0.017532172436299565
2020-03-30,0.028537848360855822,0.07034088298879992,0.03246983914999024,0.03360354691971401,0.026006763122056187,0.07997713949366902,0.02482050422728621,0.043841562194214756,0.014885038809899998,0.050884158110397815
2020-03-31,-0.0020406814112192695,-0.01572751986435794,0.013643925224545495,-0.007245622950859287,-0.03711242022866734,-0.014134260911618401,-0.026876879250910424,-0.04347840615338472,0.01253353131224122,-0.007492762397903419
2020-04-01,-0.052616998402943094,-0.035508130583377207,-0.05150816915575007,-0.021551791267353848,-0.06297916981816476,-0.0176925170196085,-0.049714455664640056,-0.0060908114303595,-0.011587993050055645,-0.07788305520103622
2020-04-02,0.01668675799661834,0.020708443809728916,0.013546757261000186,0.005834205106051149,0.037340098364442964,0.033693348390852584,0.027953582923760267,0.04637320010351553,0.07647187322879279,0.05101385160924621
2020-04-03,-0.014371367125387224,-0.009210098748284268,-0.02178108990686689,-0.0063788821910731874,-0.02955746111620816,0.007660476879390865,-0.035199186533832694,0.005944197675487706,-0.029455450913149495,-0.04524993055004212
2020-04-06,0.08723727296381334,0.07436779846991759,0.08281337588510396,0.04772922477644714,0.0643662135841796,0.04166347914106927,0.11583813415040778,0.0237224123412052,0.03213482043562221,0.10040591410843325
2020-04-07,-0.011582292835094266,-0.010770352134564898,-0.0005325266025856257,0.007013456003121199,0.013190324664009712,-0.016313730847921426,-0.005016708544796522,-0.04278067848575684,0.019026535100394648,-0.034910685696404875
2020-04-08,0.02559447395112935,0.010031451120492418,0.020667000958616066,0.015609461784076961,0.04037940007934404,0.04204246348354035,0.037665612919767666,0.02066150675799694,0.06328807873288178,0.030575919996696177
2020-04-09,0.007216601259350641,6.034528813469997e-05,-0.00035628332782788874,-0.0001174844583299306,0.08971372252470444,-0.014170058951641473,-0.007145406792726128,-0.0038226484896368707,-0.016419788730275386,-0.014984295487985966
2020-04-13,0.019627248560004196,0.0022404395289452594,0.0031826222319273345,0.06173506614263302,-0.04447269819852884,-0.010337656776377657,-0.027059478302808748,0.011250617482746694,-0.008578718407914687,0.02624077896095045
2020-04-14,0.05050296276831001,0.04948363222405705,0.04529042151090423,0.052769449861283624,-0.027395745175902486,0.04478789979363995,0.033315263557550656,0.043208430705774514,-0.0077173810250341646,0.05225120326791588
2020-04-15,-0.009126997015727278,-0.01047804395759,-0.0062676026520234185,0.010668695718768717,-0.04931915486250571,0.011162293469014761,-0.04959321954261087,0.0021492718068230054,-0.0459582883709625,-0.010952452549330638
2020-04-16,0.00794580452409721,0.03002098074418935,0.00010339863792951931,0.043554542393708706,-0.03811005625048236,0.013611985401207782,-0.0213303616831797,0.0023099482740558397,-0.03285535526336003,0.04935197220715537
2020-04-17,-0.013568614965911996,0.008811576122315534,0.01715407442475403,-0.013782136130354616,0.0898888307081731,0.015701543105056892,0.04383690967806175,0.026255127905825626,0.10395901231207638,-0.008076040157140252
2020-04-20,-0.020756594887163193,-0.01982068382431812,-0.013956326637585614,0.007835757606907912,-0.036457487660076726,-0.0023023577750675983,-0.031379146261710344,-0.032801408591320524,-0.047200451992726045,-0.018028233855968745
2020-04-21,-0.03091101296207177,-0.04135713439696198,-0.038845382589874466,-0.02736033095931456,-0.0290042822138471,-0.013120700753602832,-0.022469772772117924,-0.007628457244448272,-0.005342443707883615,-0.06110438476506996
2020-04-22,0.028803908258981048,0.03396489215313392,0.038155099127656245,0.015192527091639096,0.0032567303435104833,0.022114027066358677,0.03775019407376723,-0.0023394476573788126,0.028564580483293023,0.06174165621333416
2020-04-23,-0.0038753931081280113,-0.01210235638256918,0.010139602028495398,0.01521482348408254,0.0005595686489083818,0.01647137431817125,-0.0012607811496450072,0.006668877126382311,0.031331432741713794,-0.0074785728560411435
2020-04-24,0.02886952744622384,0.018259241962213624,0.004271804191041451,0.004488511186874211,0.014767030451188212,-0.004179707706414182,0.005649592846900031,-0.005192782863058132,0.006444053216753121,0.019647135900238588
2020-04-27,0.0007069844366256461,-0.0028644836127078577,-0.004496494998518341,-0.01419786171076065,0.0431043130228248,-0.0036808429616785876,0.02653595896095795,-0.011197028037189027,0.004802325273414176,0.02586424212125138
2020-04-28,-0.016209198121709845,-0.024360941950749226,-0.030113303803135594,-0.02606061104255919,0.007080633638068434,-0.01879565555781426,-0.00296934955808259,-0.00476804405206499,0.02344118535606121,-0.0192540893983838
2020-04-29,0.032844868280750505,0.044873752281044066,0.0889102135426012,0.02533616474965794,0.026970589272622414,-0.00759636312126355,0.06154757903335817,0.0016256450461573646,0.05537009966241668,0.024368675354227598
2020-04-30,0.021096020774738156,0.010032034098572673,0.0033675509665953562,0.04268957423996422,-0.021459570081551638,-0.001331082485495183,-0.016887559686775022,0.006747476548862208,-0.02085958169423663,-0.02070655607514693
2020-05-01,-0.01609938259685817,-0.025891231639065704,-0.021816359097227345,-0.07597409237648933,-0.026211154684567695,-0.011663584229056667,-0.017625385685656303,-0.008908169663283116,-0.0716590471259212,-0.03250276739800839
2020-05-04,0.014148969248672705,0.024459806704792086,0.004236262646648115,0.013101236487597978,-0.011903600257729519,-0.00013476067862094876,0.003303404732540427,-0.00898823841606744,0.04033372582881345,0.030093842845012597
2020-05-05,0.015009035197057097,0.010735891207331427,0.019744324760477605,0.0007815221854263754,-0.001519335194329785,0.008295447951741197,0.013000565730539648,0.002073013412628555,-0.0011143309626917564,0.008410931466515947
2020-05-06,0.010317286922836955,0.00984740143559093,-0.0026612327506563282,0.014436139090531874,-0.018804515081133455,-0.009498339323392058,0.0019051318241729565,-0.025084035732298893,-0.018737061401956856,0.013787563227560806
2020-05-07,0.010344492629969615,0.005807065417257284,0.01772661071720294,0.0069536948597912485,0.010413552778163693,-0.0033087707152861245,0.022038381789511563,-0.008222819249622981,0.005682890757695569,0.023775096337373958
2020-05-08,0.023801888476894684,0.005882175000098577,0.010998736346016447,0.005068389389295769,0.016335777112880256,0.0075204696910098345,0.012970693678855172,0.033698904252783324,0.04385175387322793,0.025027155243480426
2020-05-11,0.015735414775260637,0.011154674957424726,0.013905210820543745,0.012350743942999287,-0.029449791724298735,0.0027574186835819248,-0.008266499105331504,-0.005519556212123189,-0.009527904558908173,0.032384183731403615
2020-05-12,-0.011428226660245677,-0.022652033815809602,-0.02024070279873791,-0.021606420523622938,-0.03267776589802862,-0.013211763804398702,-0.02228139772649307,-0.006590832330761853,-0.01671512980123302,-0.032608116937831055
2020-05-13,-0.012074001080154106,-0.015122180379834482,-0.01952476433892214,0.004654320575239179,-0.0344708166722435,-6.772193644277724e-05,-0.011608891997511805,-0.00549982818607142,-0.04963728699540526,-0.0028836959661733275
2020-05-14,0.006143259042822313,0.004339317971557843,0.006326359354930755,0.008838926123896362,0.0415330124355342,0.0034661422898474292,0.021514464998601657,-0.0009659048447744345,0.008824046421911369,0.03219783749379812
2020-05-15,-0.005912078139097998,0.014567788767553269,0.011939196481661751,0.008761547889003518,-0.018509983219257453,0.01896492438679176,0.014317149086214398,0.007029490803994731,-0.007092111612671426,0.05731267049242894
2020-05-18,0.023561148463096426,0.009554714782842755,0.008827056095172425,0.006838841203809398,0.05296816272558136,0.0005318217113556845,0.04299975847565052,0.013960301778795703,0.0795238938188414,0.030562535984014705
2020-05-19,-0.005778617234857952,-0.006922222998990368,-0.0077822862469044685,0.009508426590011165,-0.01967926694330413,-0.00996557296000189,-0.010554909862057538,-0.03244097505347798,-0.030877573603277808,0.006314393548524144
2020-05-20,0.0194480942949129,0.01387063958534318,0.025291156540455884,0.019846275173532213,0.029998874019063537,-0.008992045498212975,0.023764249995560816,0.007470344977433152,0.032544037423180905,0.018681280043507442
2020-05-21,-0.007455144431760319,-0.012011104493470315,-0.0017101994635512208,-0.02049693045417056,-0.012701027174543356,-0.00656836023712859,-0.01671304658479389,-0.01465357912647458,-0.017853106360367854,-0.021711175065323163
2020-05-22,0.006438291450418188,0.00043584276368413555,0.0046132475284101915,-0.004029821100215214,-0.00776323847464,-0.009127999904490647,0.0012588415898591165,0.008779534266103228,0.0008976622865211059,0.02860312429102252
2020-05-26,-0.006773387877050063,-0.010571493481959182,0.005752687381439081,-0.0061636144559753525,0.07097385726824923,0.0013157360811715257,0.012365188873968425,-0.005062270204555519,0.02937221213591701,-0.03417807468549716
2020-05-27,0.0043567130997943515,0.0013217185258536102,-0.0007669049693080909,-0.004736042347035618,0.05792099231243686,0.002282803825509161,-0.0020701124829846096,0.016602710730095893,0.007188242027569958,-0.02208133528592493
2020-05-28,0.00044022178538027923,-0.002255054734458195,-0.0014362458996919347,-0.003854151605534595,-0.014896180659804026,0.014355906323305412,0.007467946903451983,0.019053333713717313,-0.025951547481916415,-0.004486685713765315
2020-05-29,-0.0009739446531240592,0.010198602881407837,0.010773932378402629,0.017187950901155657,-0.025535626247968568,0.01211150772606051,0.0050446235281012,-0.0012061726914364135,0.009546944077405861,0.04577573911916044
2020-06-01,0.012297703764425849,-0.0022919990896129727,0.0009417809690228651,0.011738616181262485,0.013256705234232724,-0.010487452761807736,-0.004558469064826154,0.011473512222374138,0.017813729553724844,-0.007802261354425966
2020-06-02,0.004629479559848271,0.011376916000447101,0.005185113820382892,0.0005543957444538172,0.0033467824692019477,0.0072015087592536275,0.010342122879155813,0.006908353153941116,0.02225598157524966,0.0021576641541265484
2020-06-03,0.0055052496585294985,0.0024334252563651404,-0.002121622619711938,0.002422733405640143,0.05397732277892775,0.0026979295284610405,0.002597471527107542,0.003980937638569104,0.04079476499796186,-0.006317208520014939
2020-06-04,-0.008612369035994827,-0.013163801131802488,-0.017335400068838935,-0.0071820481181340545,0.020811727671711244,-0.012916102598826806,-0.01640684640402379,-0.020922991841036742,-0.0028434554474817686,0.00011422125695847996
2020-06-05,0.028481125609475466,0.023398403790223732,0.018185665393640082,0.009103493113018724,0.04500173744100544,0.0038848276308136587,0.03083053095804833,0.019646800957646926,0.08105908498026171,0.017510031470100218
2020-06-08,0.005912356256949858,0.0061966505893973345,0.005569376787400326,0.016536458949464095,0.01995859440850145,-0.0035981877816296803,-4.989649471154323e-05,0.006084644712160525,0.0312737470337876,-0.012892674044332808
2020-06-09,0.03157827179127315,0.007644949781969723,0.00278999573272265,0.030427139202305886,-0.025649863833852038,-0.005518616310845825,-0.002605365697681661,-0.0059638064352317555,-0.022287215570872432,0.027370644488689866
2020-06-10,0.025727214377112784,0.03709163273826377,0.008691033647806323,0.017913292558120908,-0.04052860272956649,0.012606122608642467,0.007032202558427958,0.0075206943998304965,-0.05362442393420919,0.03545820986481418
2020-06-11,-0.048010208570893886,-0.053698464164323445,-0.04287580572777461,-0.03380230045218746,-0.08344325005956188,-0.046887907622076286,-0.05786110800004096,-0.024909773688166936,-0.08825310834796174,-0.06090720130583016
2020-06-12,0.008633334659527314,0.007891720846405326,0.007860881061719116,-0.005058743377937103,0.027363438424080178,0.009086460206925606,0.017895060999274293,-0.005505066883565668,0.021437681067639325,0.015489696880712112
2020-06-15,0.012367395504913503,0.0063917458070870126,0.005534559838628494,0.01086830941079775,0.013817970665004564,-0.0063313101604600686,-0.0026006442098074345,0.009254591246851573,-0.0006358115986865309,0.02700805955712493
2020-06-16,0.02650191030920035,0.02450514951403915,0.018110384245527023,0.0165547312399128,0.007999881352454885,0.022725670298546552,0.005840612492288955,0.01234039587801905,0.02248606345079396,-0.011473293160044862
2020-06-17,-0.0013913554767321923,0.0034612527537216664,0.004196240464831247,0.009830663019560593,-0.025279358867108637,-0.00304578218842233,0.003525477400996735,-0.0016932743147225482,-0.032572557439972116,0.018470787927348686
2020-06-18,0.0003981224327334054,0.010708369298983111,-0.012681098174305516,0.004922484646629588,-0.005427848032115268,-0.004235531656159308,0.0018082902748826069,0.011447708188754069,0.006219331744696133,-0.0019488607406376035
2020-06-19,-0.005714874076790277,-0.00595948638466004,-0.006610210645250469,0.007923935918584757,-0.0114215702969791,0.0029286268498269763,-0.008818445783960294,-0.003018240505853531,-0.020034277332213635,0.004691928369879417
2020-06-22,0.02616405692131618,0.027773575530830152,0.018264056653326532,0.014508287231048467,-0.01083698573391112,-0.003059123248095985,0.014359744295199484,-0.009838343516537451,0.009569445847130487,0.028667709597815172
2020-06-23,0.021344774922445353,0.006680905177409491,0.009182059503463957,0.018641697717608263,0.012196356761542848,-0.0036961157283225132,0.015439184033586129,-0.00017008496482839863,0.006031963874623791,-0.008056050520855007
2020-06-24,-0.01765203275746996,-0.020157528420678306,-0.02136632424859186,-0.010855867894827953,-0.03339122428221675,-0.021279776991434685,-0.03313623680433153,-0.011127077721466039,-0.04710921744899765,-0.022698569137695856
2020-06-25,0.013275691188388672,0.012636323056950172,0.005863013545553297,0.007380066387785211,0.034861605663247586,-0.001072802852316146,0.013426535071287438,0.012626600953367983,0.015056143178398651,0.027556497147301462
2020-06-26,-0.030725750701367627,-0.020015968606399537,-0.05451384111580082,-0.02240276315369638,-0.05481830156389089,-0.013317158081361469,-0.02428028113880032,-0.02256319143934149,-0.034314801998692857,-0.03530020245128296
2020-06-29,0.0230463981552258,0.010747200032838355,0.02541582877257964,-0.004638148068063508,0.004428021695945139,0.008925055017641847,0.01114768949943934,0.02108821562372465,0.016047446515306873,0.004915416306531695
2020-06-30,0.008347421689287149,0.025549439970384613,0.014944442583618267,0.029264486024190406,0.011398149927085655,0.011435974766090595,0.009353109484655286,0.016233131278378554,0.009025568934199812,0.032364459111123844
2020-07-01,-0.0018913133335084487,0.005847146853596996,0.016889152998832424,0.043453386195574595,-0.008505345061632474,-0.001777812869750317,0.0031577797635466975,0.0034289182150588626,-0.022584958715755943,0.0033955759763777404
2020-07-02,0.0,0.007621082330620643,0.01936912186090467,0.004029609482701257,0.0032483013555706375,0.004203020833346782,0.00975338496783662,0.007501282819176058,0.008464930348941913,0.008630266413883314
2020-07-06,0.026750338770219484,0.021526117208308326,0.0202186400107911,0.05768955229869066,0.02525360747055716,0.014257951468710894,0.010681190042454158,0.006204441423281137,0.0070325530854036256,0.023615880792983157
2020-07-07,-0.003103084874084061,-0.011627887485898714,-0.006488173295797206,-0.018619371729473477,-0.028210774153072493,-0.0009088400294046117,-0.018001764567614598,0.004850734095033449,-0.025906653294284543,0.0033029430761324363
2020-07-08,0.02329027001527506,0.02199316508240856,0.00918157003153075,0.026995584181255694,0.010615345833891565,0.002940296887776306,0.004480143503763134,0.005481904130741677,-0.002312720534177526,0.034872450259614496
2020-07-09,0.004300359885402116,0.007000710238844299,0.010015988929685582,0.032949191382365184,-0.021650480158778684,-0.005444515830445029,-0.014661421250503515,-0.003335993893209599,-0.04126100524789034,0.02868020668753113
2020-07-10,0.0017492176826352512,-0.0030328102898476983,0.013399913412918796,0.005457748808544549,0.05466702276508473,-0.0008419453358561313,0.0017689245326848457,0.011511824034768692,0.031189749477266382,-0.0028306070233481417
2020-07-13,-0.004613252275080693,-0.030888587273997015,-0.017400713745145513,-0.030000019073486373,0.014334738115661994,0.0199478948000138,-0.01833301304603785,0.0012913815152444386,0.00023432075070672909,-0.04074724089985193
2020-07-14,0.016548405410430567,0.0061813918954549685,0.005706756204850283,-0.006443299095769239,0.005734647912144286,0.018662441639138327,0.02280171979901846,0.00838372650635466,0.033051866900863036,0.03230620897210135
2020-07-15,0.006877301584247375,-0.0014880056894335247,-0.0026168317761701143,-0.02436122126125273,0.015477131407842792,0.002298460062832186,0.016655420782624386,-0.004716775591397826,0.012707228087906364,-0.014431117041878605
2020-07-16,-0.012304990767245672,-0.019803793972945516,-0.0012921098991632851,-0.002981196241378159,0.002807566609919432,0.006677926635451303,-0.015517548494568656,0.002088445439764053,-0.007842252171648245,-0.0090443678493215
2020-07-17,-0.0020200933365571716,-0.005100258665759583,0.0012738647681176385,-0.01264375276193297,-0.018498188745572075,0.0006697517154121702,0.008216996231835028,0.006973659979979674,-0.017163318725066712,0.006586183054085204
2020-07-20,0.021073910346512514,0.042981056610981616,0.030978778509670013,0.07929519957328535,-0.008761311568901031,0.0016737715662684671,0.017325435028903824,-0.0031045957273669877,-0.02343767736381408,0.030314180787761158
2020-07-21,-0.013801691049037279,-0.013468742510463594,-0.005064524477189636,-0.018314900474015072,0.02168547989073688,0.0009360374414977279,-0.010026823467028878,-0.0013572762496644186,0.05058804384466087,-0.017339410236543507
2020-07-22,0.002809171769956098,0.014371286680618489,0.005739442186770027,-0.012229630062539742,-0.007242710451508039,0.0018029121057172581,0.01211320964368845,0.00855533562863009,-0.023292175952285055,0.010674492809925606
2020-07-23,-0.0455162838209211,-0.04349483110003938,-0.030737814581106804,-0.036568799201794455,0.0029385987847536654,-0.0026660961371134384,-0.00719095847258544,0.006469820290589512,0.0020639362594858657,-0.029601246476479104
2020-07-24,-0.0024773537279209057,-0.006121970015995792,-0.005630274258926815,0.007486874288995304,-0.007072235463702725,-0.009959510984793751,-0.011548429954323036,-0.001585206048816068,-0.006178603420388784,0.0063919463046619995
2020-07-27,0.023700170774023643,0.012667384889207156,0.014069340510253214,0.015387648743417026,-0.014041389109909486,-0.006346289524740256,0.009018822796402537,0.002857901250217898,0.014736179492674362,0.022266984461229544
2020-07-28,-0.01642730012745064,-0.008976991807218226,-0.016855869861967188,-0.017962780502695397,0.00433411570437281,-0.0023778049816576274,-0.0008633512726095027,0.012349645047920577,-0.011799248663840967,-0.01976667656184894
2020-07-29,0.019168022172555643,0.01009802975777907,0.013207909163541753,0.011065474265779418,0.024249953361276333,-0.0019752805122372763,0.009352549103211594,0.0033625939158741236,0.011021652749934496,0.024472306167746538
2020-07-30,0.012100443957376639,-0.0007840321769450043,0.009753838620657929,0.006049030252796905,-0.02668540086667881,0.002047090083341807,-0.022761996604366397,0.024238114017645973,-0.049057480188627545,0.014189432285386827
2020-07-31,0.10468869293960004,0.005443559990605751,-0.03277512320816556,0.036960821567137314,-0.003916354392664467,-0.007355058268974868,-0.01885962754892101,-0.0022827059416139495,0.0050157098578620385,7.085947122598135e-05
2020-08-03,0.02519740159582362,0.05624120866501525,-0.003487893297136724,-0.01668096589563972,-0.005587935957243495,0.010908739698412662,0.0015231017576435857,0.0012964211134247616,0.004039877056815966,0.03725924154146809
2020-08-04,0.006678484877242763,-0.015008812250395631,-0.006380186393136977,0.008657119256458845,-0.005723147484254287,-0.0008823753205996487,0.008390393429484444,0.019041834047315298,0.028875790953585057,0.019754526839767195
2020-08-05,0.0036241886190460093,-0.0016408050451894862,0.003930075931871446,0.021090645909052075,0.017373050468532325,0.008015243201772826,0.019813723616605605,-0.0026159370191716214,0.00874156609507426,0.005255031994144899
2020-08-06,0.034889342679903734,0.016013813254931675,0.017483773698331095,0.0062308600392182445,0.00030851440570134336,-0.005727837123225665,0.01361567472555314,-0.005470569895489996,-0.004789343035793703,0.004319191310753201
2020-08-07,-0.022735733102125177,-0.01788758941865476,-0.004372169707245743,-0.017841853651889505,0.022007461597569833,0.00711632106059179,-0.012124936463880354,0.00632939370409602,-0.004582820062165371,-0.011997976896591878
2020-08-10,0.014534872197099924,-0.01990789007342031,-0.0010345808919998145,-0.006093187166982039,0.012678501442975776,-0.003835940431628493,0.0021900695691596805,0.004118523155157705,0.024631944629242675,-0.0030803184019403407
2020-08-11,-0.029739740378122104,-0.023385140483365485,-0.010876406666844973,-0.021437993092404684,0.03159790728216105,-0.007160584582894924,0.004980010881880048,-0.00648791647512259,0.01033476670748068,-0.028213042940629318
2020-08-12,0.033234228968980206,0.028567222531160175,0.018033945112000627,0.026478049605839216,-0.008476362464381215,0.01830294045068559,0.004904650244023756,0.016737996365479457,-0.00022706570470776288,0.054400811967442175
2020-08-13,0.01769756473608175,-0.0023424557675760793,0.0062433689291869765,-0.0003858318082136103,-0.00553720769327215,-0.011091785347278171,-0.004333938240457802,0.00236232846108253,-0.024494933263011553,0.0002400202534884599
2020-08-14,-0.0008911256469380513,0.0009582896322337664,-0.007925472564028313,-0.004112558082955964,0.0003907623402297222,0.0016218699168126793,-0.004757400288597835,-0.005007970977157994,0.004417163319702766,0.010574432590043648
2020-08-17,-0.00261086954646772,0.006606160149816853,0.0077161273794326135,0.010924312234330102,-0.026364642414059558,0.005059399426136313,0.014188136600990608,0.0029608767130873126,-0.012962874911183975,0.06684548180126293
2020-08-18,0.00833263330236722,0.005754402337275755,0.02607769009812899,0.04087466955935781,-0.0139404219324476,0.007382969397286887,-0.0021057877288098714,0.007453648101948707,-0.004924606764270312,-0.0061808078104883535
2020-08-19,0.0012548157365437351,-0.006067386152252885,-0.007179648743403155,-0.015701145907449088,0.0023395046678451603,0.001998851142486213,0.009949181904539639,-0.005420760332043972,-0.011077171524893958,-0.009970582273440276
2020-08-20,0.022189663762259393,0.023271684749860855,0.02048399686499125,0.011314270642265756,-0.011973642052927724,0.006848650510989263,0.015722005019952023,0.00795453976915761,-0.015252925206275414,0.0002056916116024432
2020-08-21,0.05153242419710202,-0.007270111305224258,-0.00043127880807658503,-0.0038364352508537536,-0.0005137396958871943,0.008849667083952628,-9.766029167612711e-05,0.004311484601638105,-0.007502306183291285,0.04468334977633459
2020-08-24,0.01196019239369095,0.003145152687070052,0.006080274355391824,0.006923017605080961,0.02815478107632985,0.002636095199616273,0.011169281692573474,0.0077847770137391414,0.029504958799232872,0.0028975045715879943
2020-08-25,-0.008203640419729652,0.013009493335059963,0.013058685958253768,0.011800549645987202,0.004397087339904182,-0.0005917385391260854,0.008187800613403073,0.003971040934477754,-0.03173864621340028,0.002338843710979477
2020-08-26,0.013598974152163379,0.021619838061322838,0.02383805434220143,0.0284955613728457,-0.014029814357418902,0.0015784327025254452,0.010379219539945028,-0.004817972413084459,-0.021281474645902354,0.0018038431590496895
2020-08-27,-0.01195434703048004,0.024553415119634936,-0.00949442556070934,-0.01215915158498826,0.03289948032153189,0.004464707716487881,0.0036622011620242034,-0.0013008592989384171,-0.006748468337612112,-0.011332385667457534
2020-08-28,-0.001619988775158232,0.010283262029481044,0.006699207022606624,0.0005293902228860059,0.0041035899817640775,0.004314117677078677,0.022177137972506866,0.004051914237620302,0.023905284616399625,0.041137812681540264
2020-08-31,0.0339123695854433,-0.014765602514015597,-0.006038648477041719,0.014451219151166761,-0.02510490740464788,-0.0014967011852750067,-0.01724534350276763,-0.0031707400646023842,-0.01843199352319269,0.017246350884237094
2020-09-01,0.039832423892212976,0.007715067957756672,0.0156793908302586,0.01395547583299983,-0.0004988381647420548,-0.012319896406839836,0.006415188630294333,-0.0010840839461956353,-0.012768992135982038,0.03369372314824148
2020-09-02,-0.0207181386091857,0.01927226834620277,0.03764766569404898,0.009239471142122424,0.015078954947265188,0.01524543442941062,0.014670673911289178,0.016861853730077758,-0.006086965122184429,0.03802163873777875
2020-09-03,-0.08006106170555682,-0.06194715043508969,-0.051170644528109266,-0.04628410915968095,-0.0031479799641860318,-0.02782308455913851,-0.03473750857399571,-0.016013172575442325,-0.002041022941760562,-0.0927752555344461
2020-09-04,0.000661884251462519,-0.014035643437097622,-0.02964074498072511,-0.021787358799564616,0.02161248345430744,-0.006419040797586817,-0.020578055105336168,-0.002169520854409135,-0.0007671192831465445,-0.030194628340802887
2020-09-08,-0.06729495842810373,-0.05409574544423834,-0.03643407637687757,-0.04394435952982134,-0.034775784968097745,-0.008950815434584536,-0.02218322090608771,-0.014642183374286577,-0.02302944873145918,-0.05620931508238036
2020-09-09,0.03988663040222762,0.042583522929634965,0.015509476115920018,0.03770662418145765,0.009507607459130929,0.01656925351903893,0.019688130271661164,0.016257268196448793,-0.0060244827762753195,0.06732160537972742
2020-09-10,-0.03264599454411721,-0.028018266415621995,-0.013689250394446018,-0.02860545100214451,-0.010310375763385782,-0.018637238400984635,-0.012349064691161371,-0.010496025636588358,-0.025033024357090983,-0.031714472572714536
2020-09-11,-0.013128965748628763,-0.006524697130017798,-0.006742916376902053,-0.018547317429499666,0.012421043951147626,0.0059219118906341794,-0.00426735389399302,0.010534179406235689,-0.002702319459226943,-0.011960130460854423
2020-09-14,0.02999998665662207,0.0067636227316250075,-0.004572038397078981,-0.004251985314208007,0.013851983518593736,0.003857410432589692,0.021427180475403373,0.003547292723461659,-0.006504243079247685,0.05818153415325056
2020-09-15,0.0015603638535321984,0.016406217412981983,0.01742422170973068,0.017132004407634627,-0.0311308702160088,0.0036395047738739805,0.0020003331689224524,0.0,-0.010638227581398318,0.009225246971292567
2020-09-16,-0.02951345111855308,-0.01786568880921613,-0.01500210035221139,-0.024723344317983953,0.004230214847194658,-0.0032908260781641108,-0.0012659470319579258,-0.006708631647995067,0.042459097169175175,-0.03667913757835839
2020-09-17,-0.015963534288457648,-0.010436468798686871,-0.016566499031716253,-0.02253666798925036,-0.01143439329838103,-0.008288255285430202,0.0006824502617246431,-0.0013074417833485175,-0.00026458372011894937,-0.004075523545964077
2020-09-18,-0.031720110092292586,-0.012419209589798808,-0.02417542624289981,-0.01788790878106783,-0.002130559408810684,0.013657516150921367,-0.012958719685471465,-0.001090533527491111,-0.01613740617287851,-0.02200405516026227
2020-09-21,0.03032550450175675,0.010728953293101862,-0.014437298110951291,0.001881613182508124,-0.030910108624831567,-0.02734958959051237,-0.025467579174619948,-0.004804420840370693,-0.020435319266977392,0.02690907525066155
2020-09-22,0.01571584829396877,0.02409412299777025,0.02075296853487041,0.05692335984779917,-0.010911656319326335,-0.006133629262974116,0.01575075936110215,0.00914351379086642,-0.024705257028158956,0.00962652840631617
2020-09-23,-0.04194611680325144,-0.032928535884546584,-0.03454533528883508,-0.04126889165142078,-0.016230196782356265,0.0015951301130243678,-0.02587752107985619,-0.011960098942467967,-0.03208556441389965,-0.04067192017512755
2020-09-24,0.01026900290912991,0.012961883514940764,0.009557424884453436,0.006643681788120581,-0.0008623908624557641,0.0015922178130662878,0.0007679343080213563,0.004474892606201486,-0.002035355757252666,0.018497075211653335
2020-09-25,0.03751604166701483,0.02278679032952935,0.011385607780763918,0.02494874307344297,0.008741405547165071,0.006843196751189717,0.00884819060300579,0.005112337803582001,0.00932391373867647,0.042577582390033175
2020-09-28,0.02386900394840641,0.00779518775308774,0.013619831895844925,0.025498115680328004,0.028779291524748007,0.009954326931055801,0.015564010238979353,0.0028340962055533048,0.019341882455214954,0.012525518230538601
2020-09-29,-0.007568009524070218,-0.010409026539469735,0.005045880128369484,-0.009190126805558863,-0.008423608860871346,-0.0003393574143203404,-0.004393030121637831,-0.00543420210637191,-0.02917022327338259,0.01463366603633487
2020-09-30,0.015075916293352698,0.014812368526301745,-0.0002867713961546281,0.0012241460404771587,0.009649043488141995,0.012375956425742851,0.002657453035227908,0.01260351329657472,0.0014587227188149754,0.023042226217861117
2020-10-01,0.008462159387625068,0.010127194301573272,0.01521584818666688,0.023034752317315554,0.0072714105479037006,-0.010478412730619335,0.016902657817698064,0.0017989463124044036,-0.0349549639304324,0.006208020577402884
2020-10-02,-0.032280282826424256,-0.029511576378165816,-0.02170857544703031,-0.02988273802333874,0.00948701767640081,-0.00733069268035591,-0.009294349766802101,-0.008043689692838973,-0.0045277068799106646,-0.04056320335167596
2020-10-05,0.030790900353004025,0.02032110283068489,0.0187070590630396,0.0237440429687501,0.021136277832160433,0.013607472511299123,0.010324509637130497,0.009194966659040515,0.023044466654562612,0.04442175894062972
2020-10-06,-0.028669362880691884,-0.021247092278397717,-0.021452253998225368,-0.03102028886576813,-0.010299046865051231,-0.013290222682124986,-0.015181223925789133,0.0015782864042379607,-0.010373765110010869,0.006890372981464887
2020-10-07,0.016967275381734925,0.019037274858331177,0.005596222207864487,0.030881037106998743,0.017445736638382225,0.011075885150458875,0.010077269917948328,0.007807087988153993,0.003294745078557426,0.016561426486888964
2020-10-08,-0.0009559248648250973,0.003574200454869114,0.016646705854004074,-0.0016084400175445657,0.02055548368583171,0.0068298482695889895,0.0025188202261319237,0.006752388572421664,0.052536877006267746,-0.008969448645076095
2020-10-09,0.017395788743021612,0.024836222145444564,0.018214555933418364,0.030120249141207367,-0.005698593930329676,0.013970346245102183,0.018031445380800815,0.008965821848422983,-0.014747313691269692,-0.005491822964358017
2020-10-12,0.06352047048434684,0.02590252896450007,0.03584348403736248,0.04754990740220588,0.012252819628778111,0.005762358772809506,-0.0011615747827774525,0.010984746521304656,-0.0031661524780377537,0.03365972484456514
2020-10-13,-0.026527328902522296,0.006594435013248301,0.0015852692748898889,0.00020333647320058823,-0.016204466729327183,-0.02291843830409146,-0.010077403742562163,-0.0019377498620014588,-0.011839664860270327,0.001564227379533767
2020-10-14,0.0007432995707061796,-0.00897451273737948,-0.0023166728636495604,-0.023208080547411636,-0.005556715924320721,-0.001752312337770623,-0.010375850555355504,-0.0011788057455982548,-0.0020455376692719573,-0.010738150003767988
2020-10-15,-0.003960692536095101,-0.005433049826462311,-0.005097526590418289,-0.007450142689235051,0.014967160391187395,-0.006144977532153817,-0.013105974043960855,-0.0014577606770006524,0.008784731416009883,-0.008886129721185188
2020-10-16,-0.014000724849501434,0.0,0.007862569031042321,-0.019750480983333984,-0.002064447528560609,0.006182971754668198,0.00355814253525244,0.003893650268606219,-0.010159756269911502,-0.011345848522871127
2020-10-19,-0.02554169142142637,-0.02476560651115156,-0.024079867420506162,-0.020013957457728493,-0.016845758876942507,-0.025523589288824367,-0.01642870247281092,-0.017175905636689248,-0.019941262108163937,-0.022716462254105396
2020-10-20,0.013191883313974362,0.002007124214434608,0.013810863613646696,0.003055554339711275,0.005711642718609022,0.0015934179338894516,0.003706291729104416,0.0040165763032318225,0.008378158080855957,0.010946349758511165
2020-10-21,-0.0054462587409987995,0.0006989375671482279,0.02250706717165163,-0.009968886774915697,-0.0099632510198705,-0.004288849598039435,0.003692283918572681,0.00540420256419627,-0.01602353539869461,-0.008849251286040971
2020-10-22,-0.009583380640930561,0.00041878632041236763,0.013032645189219316,-0.0026812857408547996,0.03532248522198511,0.007990170116991324,-0.0022174366070373264,-0.007082729203524263,0.05126660642686165,-0.012107383582672937
2020-10-23,-0.00613398838287782,0.006235791204249663,0.016382034443309657,0.008814971867029398,0.00903978547378581,0.0011024833058479455,0.00010110059002399474,0.006575050977717156,-0.020080524996741178,0.01715820546461777
2020-10-26,8.69697859988694e-05,-0.02844186333466081,-0.029816823165740525,0.0008238907949942309,-0.024756692929884028,-0.008743824509042875,-0.02494826752561874,-0.007585756368508334,-0.023712209536902673,-0.033038328997563315
2020-10-27,0.0134723762653024,0.015089526934312536,0.009209112917448303,0.024723687101579017,-0.018866157558011132,-0.005695896631092823,-0.015590026806832191,0.007501992565435156,-0.015891807788737,0.019442550435800232
2020-10-28,-0.04631214760934599,-0.04956622149566592,-0.055088514980424774,-0.037595069983728635,-0.02808840790384204,-0.033461389991816914,-0.048353492935767184,-0.033014832301500374,-0.03808651654594508,-0.05745789637747267
2020-10-29,0.03705029564495055,0.010065054126699113,0.030500438448388012,0.015249235849637444,0.006526020135242838,-0.008456070533041982,0.022115553878984118,-0.0006539963529921256,0.04434589698368341,0.03144062762619959
2020-10-30,-0.05601796885651933,-0.010990561794236964,0.03804403821035063,-0.0544564552314909,0.00895351485210627,-0.0005830423559977094,-0.01709307989161768,-0.0034161180341225617,-0.010615600816028525,-0.03762283924746068
2020-11-02,-0.0008270191177542907,-0.0006913895308074958,0.0050801809978198165,-0.010430948040659138,0.022541649605924752,0.011523599957111719,0.016675004446183417,0.010211366722873372,0.04199870555698615,0.0037298169478987564
2020-11-03,0.015353880911191276,0.020263710813314795,0.01313755730065469,0.014621516534147005,0.031521222952725525,-0.0013700556182028034,0.019486691769590836,0.019638985730380476,-0.017063885936986933,0.034874526588328125
2020-11-04,0.040836428092014154,0.04824884551306563,0.060881631527483604,0.06322966294024535,-0.030557997500522682,0.006498058843823706,0.029892922626897134,-0.0041070370477591656,-0.005387540014139103,0.059507101055318534
2020-11-05,0.035493802451101786,0.03188682762810613,0.009536691520354301,0.024941733698923496,0.040897809761742954,0.0025824169825003906,0.01892028086665798,0.012372172607954868,-0.0018057200622190184,0.02651449635267733
2020-11-06,-0.0011359908819401632,0.0019258824995076473,-0.0015714640573888383,-0.003199936061909714,-0.013320707861331549,0.017816521310088707,0.004199723099250319,0.005969660178620995,-0.011757609526316881,0.028390143179088057
2020-11-09,-0.019968108978037802,-0.023824459354491956,0.0009603537825062514,-0.05062255447737596,0.1353924421823851,0.026924260188481375,0.07159761928393471,-0.03658457630612044,0.1266017323182822,-0.06395077135821359
2020-11-10,-0.0030089068340540814,-0.03379269552372288,-0.013455125954123126,-0.03458294580536425,-0.0032506914293519706,0.015060172474712807,0.002962081806636485,0.016450555034891012,0.02218510533492757,-0.06314766445713671
2020-11-11,0.030352598242696205,0.026254577292258885,0.005472870582144518,0.03372959332756431,-0.014933058702368718,-0.003237100069877985,-0.002859643468042794,0.012904580487139494,-0.010309241305726302,0.050743735525100364
2020-11-12,-0.002343187077446185,-0.005125781698348764,-0.0025241398572071194,-0.008640935353967705,-0.01228433189298006,0.003382940218831676,-0.019399169525022963,0.0005632370525874286,-0.034265310070784594,0.0028879787189846073
2020-11-13,0.0004195736854715193,0.004966649396061618,0.016892057806503047,0.005957652481424658,0.006262692372855927,0.010788838014748947,0.010659577370277562,0.014984188434583157,0.024127360172125245,-0.011871542775277688
2020-11-16,0.008720246382003305,0.0033252353072752427,0.000998905807264805,0.0007190451875813686,0.028225830632100157,0.006337636448460415,0.010547602117763066,-0.012822299575295903,0.05764967234775531,0.016413650470720187
2020-11-17,-0.007564571623561833,-0.012751119685580514,-0.006972867375205194,0.001469221257177411,-0.01014508878167697,-0.00994362442492891,-0.009355994177927984,-0.0038616122066195135,0.013364377485820311,-0.006881048139485535
2020-11-18,-0.011391254375699433,-0.013183670430567118,-0.011931937292184447,-0.00963120822903818,-0.007406442766742072,-0.013257461312247254,-0.013668019386207098,-0.015364913052221096,-0.037755225179088026,0.00048410305886203986
2020-11-19,0.00516851148971309,0.006348264883775601,0.01030060947918554,0.003722494885254779,0.0026896392384296863,-0.0015605618849023895,-0.00125103698849649,-0.0012170499274950508,0.005106167566733655,0.0008564706291840363
2020-11-20,-0.010957685787590488,-0.009556585415262386,-0.012618015967903795,-0.005652814007175211,-0.008567091388304027,-0.0053011942625259545,-0.01777710353091977,-0.00164854051757235,-0.01229930741021179,-0.02622706395948149
2020-11-23,-0.029742595668165284,-0.0013311981322230437,-0.005079559222456398,-0.00032591205652088284,0.028803352765226498,-0.010181872369288358,0.020992666371531188,-0.0038763327117663504,0.06551154378028601,0.00399215181739887
2020-11-24,0.011594232884695632,0.017848103007596094,0.02103557520267585,0.006348492495275249,0.04623739428642204,0.0,0.0073022133095321795,-0.0032431742770555605,0.06656496828445446,-0.013869665555301336
2020-11-25,0.007467158818508457,4.6606000194238106e-05,0.0001302986404694284,0.02149089105013391,-0.010460412779456862,-0.0013209448556510406,0.005770371274575803,0.0026751144142007632,-0.027870261350745773,0.02137688615453026
2020-11-27,0.004826120983942417,0.006359032606099602,0.012975198664268328,0.003224444340751864,-0.006637746940803213,0.002227301047286856,0.0005218572059459969,-0.0005046344828755212,-0.015192391795588955,0.0020023472651147234
2020-11-30,0.021099780373657673,-0.005389398514331067,-0.018253812579580808,-0.008543726224847115,-0.027553302189651685,0.004721878847528949,-0.003080642072882722,0.0018755652076167806,-0.05125654046629402,0.010575747947827674
2020-12-01,0.030827349890009126,0.009996506486876333,0.023347004101230473,0.01642659261366375,0.015778757667713084,0.019145912166673718,0.004041009806824203,0.0036007016680692505,0.009703545440808536,-0.0008579263525544389
2020-12-02,0.00293356735841499,-0.003885060197082457,0.01649238389608687,-0.005139620139509304,0.019208259731873456,0.004679417593683954,-0.004829589607125762,-0.007246823377344391,0.03740257104203182,0.011538731431966598
2020-12-03,-0.001137484200102179,-0.005246760694120223,-0.0017149724407445888,-0.005244192164348127,-0.006555347572483994,0.005805567767986242,-0.010134203780600926,-0.007372261343582931,0.006760157824659441,-0.01067202086275243
2020-12-04,-0.005612465082164397,0.0005601439778033512,0.0010539372876472441,-0.007578327983446487,0.009073107233766864,0.008523313498989715,0.022254380394952422,0.0009466780702407362,0.03655804710664423,0.012111919514336655
2020-12-07,0.012269836198791628,-0.00032659877664420467,-0.003690172390085955,-0.00144820943300783,-0.003760108396421047,-0.008650799727394798,-0.00014111320012755169,0.001527802852932414,-0.018713946873323506,0.0035769782687040674
2020-12-08,0.005090966081164883,0.008026608718869399,-0.003137140279198647,0.006108347649924184,0.0009844310927376032,0.017318524115711442,0.0005642336109450419,0.002687290745385429,0.03276303520675694,-0.018869042500382904
2020-12-09,-0.020903752752832072,-0.01948979534491091,-0.018478045443991564,-0.02300385041546993,-0.007786754752739045,0.010227760218607829,-0.014992593756354311,-0.01187988515776306,0.01325738295976886,-0.03140451706792968
2020-12-10,0.011988939080023853,-0.006043424115792395,-0.005742933399463301,-0.0008730964486967085,-0.006443546118211074,-0.005552148450657768,-0.009399758037439088,-0.006597642406431015,0.028271210426024984,0.003209328883715612
2020-12-11,-0.006734810121743484,0.013015439160674935,0.004045146020722923,0.004813852496939441,-0.005903468916051646,0.004597707056541278,-0.006598990365417445,0.007379378849786011,-0.0047718690601536995,0.0031606792020590913
2020-12-14,-0.005146759557564273,0.004407595021657773,-0.012700210771005582,0.013011701561464806,-0.010538422128441804,-0.025367505702519333,0.004897130598854105,-0.004834662734909623,-0.03607315286172941,0.022707558146507933
2020-12-15,0.05009033566076382,-0.0003266935960820616,0.005033701208098762,0.0025815971159888207,0.017075031801932594,0.010062286196325099,0.005355915889138085,0.005888508461078024,0.01942235115431612,0.0038884395008644823
2020-12-16,-0.0005473329064292765,0.02405074603128865,-0.0022090957366602826,0.023961224378619583,0.0029088488998600948,-0.005977191716682317,-0.00043196438874892884,0.004537467653144445,0.015334719475472935,-0.00883202736004196
2020-12-17,0.006963302039308061,0.0006383231659081723,-0.00949249402284058,-0.0015057469987226346,-0.008286870774850574,0.026391370268459502,0.013972248654762431,0.00713917541421516,-0.0050346611267461094,0.007456999152564592
2020-12-18,-0.015850594109005467,-0.0037824347657579027,-0.008209988918615574,-0.01063939440891426,-0.004930163167593871,0.0057935787112461945,0.000615633371105595,0.005714133415236189,-0.017249246272268093,-0.005190521269869075
2020-12-21,0.012395358293290526,0.018298847786182737,0.004831130695399644,0.0014149045573290664,0.03753767278993947,-0.009643158147816688,-0.010884585439977057,-0.01093206455418283,-0.01825408976476406,0.004539430349107754
2020-12-22,0.028464636661038156,0.006065066475766434,-0.008267172229855624,0.00010603453584812073,-0.015216557959388588,-0.001960844926254146,-0.015166678854294124,-0.007053790945336091,-0.016924839832353933,-0.004050363086222197
2020-12-23,-0.006976021685581424,-0.013039395864363645,0.0046564755292966,-0.006627122071927394,0.027944463571140332,-0.0051076543087398285,-0.0026233620003373037,-0.0015376471704640071,0.01285151664092532,-0.02025860272379021
2020-12-24,0.007712140215891061,0.007827514562855686,0.00343123195131545,-0.003949415822362745,-0.0043977359149484085,0.0034884376887971413,0.016560946968659174,0.010121837058634675,-0.004069803523290005,-0.0011914153325224275
2020-12-28,0.03576552245427189,0.009921481618630157,0.02295052658649044,0.03507113271672124,0.006585452936191505,0.004722282352106921,0.01883113496938371,0.00697054418900378,0.0033653926516954424,-0.007215013807854387
2020-12-29,-0.013314719938567032,-0.003600815009859537,-0.009131922801135506,0.011583625131030173,-0.0026328736662180052,0.0062016216571996186,0.008183202474671969,-0.0018748717774831336,-0.011260548866901643,0.003352665394225518
2020-12-30,-0.008526666661232918,-0.011019206596886932,-0.012237170015294563,-0.010882060864285004,0.0027997176498255616,0.012390941566888136,0.01861261131595726,-0.004695571841121016,0.007996488949337133,0.01564520307626438
2020-12-31,-0.007702756217143336,0.003337918392668726,0.009439757971656082,-0.008801370623195415,0.013640890923246607,0.0085230798228082,0.0016944216000045476,0.009944243919194351,-0.009134978330651133,-0.006903312184056487
2021-01-04,-0.02471934447532753,-0.021265826602804072,-0.01512575990454934,-0.021584740620304466,-0.009443751040077775,-0.0055915487005745446,-0.004434521995776763,-0.009487248359386413,0.006793067247624629,0.00448103004941558
2021-01-05,0.012363857708058479,0.0009648083069928592,0.008064255773107876,0.010004358381754175,0.005441327625409276,0.011757305364509252,-0.014924822123774995,0.006385136388899149,0.04819277795090837,0.022209838354750877
2021-01-06,-0.03366151085845903,-0.025929566435071383,-0.009867595145585883,-0.024896614147709384,0.046956044572156186,0.009410017466056297,-0.008810808913137569,0.010526282498912076,0.025517087712243258,-0.058952858428421906
2021-01-07,0.03412317900986861,0.028457022774919682,0.029868676466974886,0.0075771277744003385,0.03283913794962623,0.0033788700294929974,0.005596878582533549,-0.00934610267862579,0.007845795288896396,0.05783013201432108
2021-01-08,0.008631227805230068,0.006092999241338548,0.013238724947098435,0.006495514374673217,0.0011039535894705743,-0.0020578191973307236,0.007670347453572202,-0.00043236616125374994,0.011121025693146658,-0.0050398390179191566
2021-01-11,-0.023248588568382078,-0.009698719453674065,-0.02310548065234308,-0.021519462280005563,0.014924294357652412,-0.004186682551592935,-0.01188229600355084,-0.006772810653842276,0.030356332150182963,0.025966689374937957
2021-01-12,-0.0013956849677374539,-0.011770557954514094,-0.010738760116151824,0.002125797051401035,0.01571900512932367,-0.007780476069755515,-0.018929851048125945,-0.00580339408309416,0.02220340437994528,-0.010039313856617826
2021-01-13,0.01622661912453971,0.006560133854316863,0.005651964117337593,0.014438406874172749,0.0009271198932641056,-0.0015177143330102894,0.0023460409218729605,0.001532485033945763,0.011278025751725984,0.003485276812623672
2021-01-14,-0.015127007630482026,-0.015346171154292598,-0.009346058706629967,-0.012135545173177387,0.005842164580888376,0.017480244847768667,-0.035777378119664305,-0.010637030439050399,0.03903365790471458,-0.024497880312953968
2021-01-15,-0.013730652572376045,-0.0017369956835675548,-0.001906430003487225,-0.007424600125642833,-0.017921560833489725,-0.0021785411976298352,-0.0013376216983885802,-0.0075109810240230335,-0.048101792598905346,-0.025813672208732652
2021-01-19,0.005427184253760764,0.01782284790596922,0.032906495873467057,0.005318518294228358,-0.004327525446093161,0.015470894949006775,0.0003475617988126789,-0.00875483525645715,0.019837175734579215,0.012889082187891532
2021-01-20,0.032856317210633534,0.03649970255396218,0.05357337882251367,0.04570048462239673,-0.014995575695475716,-0.0024570107778120187,0.021571046453813025,-0.012500099320751135,0.014127798336250663,0.026141596996736904
2021-01-21,0.03665798779407159,0.0028081997638864653,0.002170158648226339,0.013363421550624865,-0.008384132283232204,-0.004003147410860275,-0.004223389974764569,-0.0009835030823744928,-0.028669657194031695,0.03753980409461444
2021-01-22,0.016073729047311636,0.004356030672840516,0.004463604368698082,-0.00446331304512726,-0.0077137835418185086,0.01125329186770263,-0.015209147266829426,-0.0077094953622681706,-0.014134213427399511,-0.01117714169398032
2021-01-25,0.027683927151839205,0.015844211406774722,0.0009086496023935631,0.0005376354551673845,-0.012482178474624073,0.014857824313667223,-0.005148143712018993,0.01723075746588809,-0.011174489813524424,-0.0043207059266487935
2021-01-26,0.0016794054175219841,0.012198934130334571,0.007216600994096822,0.009754137082109926,-0.004087101241355251,0.027111700798692295,0.005125219011926863,0.006427646655438934,-0.021961577199924864,-0.015966904113155156
2021-01-27,-0.007683967440548223,0.0024533935998911627,-0.046652177445596466,-0.02812581228312927,-0.02827180246448202,-0.015250745555612344,-0.034850013724131435,-0.03538945058147769,-0.011336311538139299,-0.03851827715270928
2021-01-28,-0.03498500344237654,0.025890956655183928,0.018835152700207747,0.0015591193708615059,0.01759757556258834,0.007624406235024805,0.01666930416751744,0.015422878103556137,0.015655943705235043,0.01031547348448747
2021-01-29,-0.03742050465319202,-0.02917165495994345,-0.013943564689117394,-0.009704654514695155,-0.01106772946603185,-0.035646784895332795,-0.02507286026546862,-0.016492814918596554,-0.026487053226236013,-0.004693262235082596
2021-02-01,0.016519708059078875,0.03315212316543814,0.035959144863576764,0.042629902924745666,0.007383235367088625,-0.002574483647990067,0.026442305123137944,0.0059280223612716565,0.0017839146598856992,0.01903435619470928
2021-02-02,0.006336876987810491,-0.0005841997073867677,0.013760734907701133,0.011104214562255077,0.03078236920596833,-0.008973239300698488,0.021425471159886467,-0.0013958683810523231,0.015806234646926764,0.024155800227658508
2021-02-03,-0.007778731077406342,0.014571514964054622,0.07282497668570787,-0.019961565909300982,0.011451184666214642,-0.004651088928268932,-0.006169569292266419,0.0012422203798894138,0.03922825248596329,-0.0019361285241271675
2021-02-04,0.02575820640379134,-0.004074301192237395,-0.0025500053011399126,0.005575845147329783,0.02301313748620326,0.00928348870999507,0.03918363340638109,0.0006204748448341846,0.019190364626404666,0.009884974876402497
2021-02-05,-0.003098173877679189,0.000785285474172337,0.01714037017094805,0.006349415177487883,-0.0019529079905398206,0.015186099870869496,-0.0022937583956416097,0.004185118148621214,0.033519439338815626,-0.005360949056793851
2021-02-08,0.0010968174750565218,0.0011148133795544357,-0.002063300591140127,-0.008713780773966562,0.015654213083371893,0.00285789393038427,-0.009005035952717733,-0.0030872595875089948,0.04304305840017664,0.06237601203557741
2021-02-09,-0.006573694707108335,0.005361469514452599,-0.00437994455226054,-0.00539885256244832,-0.003995808210402241,0.008185765420176683,-0.0017885138095303788,-0.003870839687853622,-0.011711824100283375,-0.012154892296567521
2021-02-10,-0.004558457703556007,-0.0038970951946833976,0.005343676219594862,-0.005573405440383872,0.0005730841716908852,0.003247785255801494,-0.00038742350674436654,-0.003497333844619366,0.009677977392390291,0.03512522261862272
2021-02-11,-0.0019201485066180357,0.006877433414209433,0.00108796281950152,-0.007439273910078148,-0.0027925748733729217,-0.004495955463027279,0.022026128283034074,0.0008578996719863508,-0.025039255202537025,0.03295122138505624
2021-02-12,0.0017757743440234286,0.002045086637378013,0.0030065921716724286,0.004775969497859078,0.01421693883942643,0.003131419492952592,-0.0033229268473408125,-0.005532494810907784,0.013643954895322663,-0.018982566911223686
2021-02-16,-0.016103993164794606,-0.0052655719598938555,0.0074795105381146865,-0.0026726192693009576,0.024070894007614196,-0.009064852849197003,-0.009811547242838392,0.0023506019898529296,0.030086902352404188,0.0246637478746341
2021-02-17,-0.017643723568615544,0.004359643056559781,0.003752433064470928,0.012141589169594624,0.00311077680022942,0.0035743280103901487,-0.0018758009770890594,0.004221502167605751,0.01556508536382517,-0.02767426299287956
2021-02-18,-0.008636620351297752,-0.0016789247468170787,-0.00604640679339008,0.005920814274298136,0.003376951236572223,0.0004828375303236321,0.008866943030974683,0.00832924102127297,-0.0157049746369452,-0.005165587017825213
2021-02-19,0.001233377957780002,-0.011567371481766897,-0.008073050307982554,-0.023535055745747435,0.01669114048261444,-0.01665232336304745,-0.022068116334622134,-0.0186054249176848,0.006728063468497636,0.006574937597013886
2021-02-22,-0.02979902502964049,-0.026808275426405515,-0.016540537608559003,-0.021280609604111933,0.009390472878098466,-0.0006176720995842988,0.017535283490608622,-0.0042479310518457325,0.03685336830151309,-0.038237337080329725
2021-02-23,-0.001111083593982043,-0.005287638783529114,0.0028525676068489325,0.004326059526709614,0.008031629019704889,-0.008834425326735507,0.018193092217255513,0.007426030935239414,0.01381214381103879,-0.014889550474751156
2021-02-24,-0.004051967545886437,0.0054873588596195955,0.01149946553474357,-0.010946968676518232,0.017595104453587362,0.013400814541820738,0.034510347375510175,0.0010979901500927092,0.029972525959065077,0.02524408298747116
2021-02-25,-0.034782563008916356,-0.02370490757383914,-0.03256538819291077,-0.03240038681954516,-0.013572014609057659,0.0010456366030202613,-0.02588523494163686,-0.008459992658037652,-0.016578230079290268,-0.0821782117408163
2021-02-26,0.0022317557852631342,0.014804082405571517,0.002956334673426264,0.011700387973209825,-0.02652413097456785,-0.026419046669743818,-0.006362614714490844,-0.024095555507636868,-0.024928145788035594,0.03058438856910306
2021-03-01,0.053850917572963564,0.019622888754870615,0.02361644372534455,0.017203798394717307,0.022626660864928372,0.005427123617790963,0.019963305465752867,0.006152184700092933,0.03733670197598915,0.009278428899065716
2021-03-02,-0.02089353729624588,-0.012956876661082917,-0.0025027317844036334,-0.016404262105025436,-0.0032562468003403122,-0.0018830616079278384,-0.003969917843921866,-0.003137724355956495,-0.005851431485733749,-0.03146274991624465
2021-03-03,-0.024456591042262388,-0.02698092637741545,-0.025706328624239716,-0.02893170479822993,0.0193325403832747,-0.01760788074855557,-0.004263714980486721,-0.005972424622386119,0.008026076327944498,-0.04486709281797108
2021-03-04,-0.015811969847129292,-0.0036471573616148056,0.011196134245545108,-0.009128157985388907,-0.015368697952282906,-0.02016359846021787,-0.015592447515293206,-0.00820081470729983,0.038747094116074576,-0.03393300620640827
2021-03-05,0.010738472993004011,0.0214791167463646,0.031043245942998787,0.007687481916645478,0.002324699583157397,0.01979471802187449,0.018487177008235545,0.031354963216291054,0.03781324591793145,0.007376879903819189
2021-03-08,-0.041673468228098476,-0.018177783435458283,-0.04271193313622412,-0.016167463748385735,0.013253072531890897,0.008327726456409668,0.022561480548143553,0.010557238625365395,-0.0009849372241840237,-0.06967474428540743
2021-03-09,0.04064951906368042,0.02810127779909477,0.01636865518974151,0.03756837366056898,-0.007063045192646333,0.0019062565928262831,0.0004086948956851799,-0.008876086795253979,-0.015442737924304728,0.0803331311178277
2021-03-10,-0.009166729903652748,-0.005817183144811389,-0.0020436577875529993,-0.0017010173123747085,0.021734449915811194,0.009194325192338981,0.012751758487788756,0.009193250952232335,0.030702745662945397,-0.004153153220650796
2021-03-11,0.01650280742851762,0.020265069845279537,0.0316029475570927,0.018298429776605563,-0.005220945754031203,-6.2628505030915e-05,0.013353185753284924,-0.0033770383579728724,-0.007447041785844211,0.042126745124965836
2021-03-12,-0.007625398942137207,-0.005819746007001858,-0.024060351610365127,-0.0077402727850476305,0.011858409176961349,0.002890530954189563,-0.007914936354268431,0.009692212539614387,0.010764806454862885,-0.010581899496817426
2021-03-15,0.02445679335685158,-0.003987220668436597,0.002165911054594405,-0.0025279442445658162,-0.004995337365397812,0.005137776771854119,-0.004858486573937726,0.0032776244252912257,-0.025496252729980018,0.026077380974540043
2021-03-16,0.012742789277188082,0.012350452461939332,0.014334717980200473,0.0033034103914528767,-0.011971407795813405,0.0059219939568253555,0.006404787910406773,0.002955704253483127,-0.021195520523999756,0.007580692935604816
2021-03-17,-0.006450443101921999,-0.0028186703456961615,-0.0008014362470356584,0.014188848597238346,0.010292506308445803,-0.0037182798487455093,-0.007476634722277553,-0.004032824481947861,0.004398400412841452,0.0037617211707181575
2021-03-18,-0.03390511344312108,-0.026661989219056936,-0.02923799605769528,-0.03435878370750434,0.016506615987070816,-0.0018659686020415789,-0.010581958646770917,0.0021803868266581095,-0.04311910663209839,-0.04637872609063953
2021-03-19,-0.0044802214566147525,-0.0016036461208815966,0.0027803709527238762,0.015511909856343209,-0.015921518226345355,-0.0026796834466993324,-0.06235854406940611,-0.005361219834541742,-0.005633003658639946,0.009687486198862505
2021-03-22,0.028335594905702255,0.024484420539716112,0.0018400365151709508,0.01167821172408301,-0.026878975514724734,0.002874828356713266,0.0053167917264569375,0.016951862462934342,-0.010267312081033153,0.026507055985147243
2021-03-23,-0.006888655566840374,0.00673749439842064,0.005239642499278663,0.008560288075996736,-0.010001696943045313,-0.0009350487933168505,0.0007211618759788152,0.018589489508821222,-0.012341200902291516,-0.008759311232480305
2021-03-24,-0.019993485392454602,-0.008923407048318288,-0.004311006633547665,-0.016073304438495972,0.007760933013230664,0.009728891757840863,-0.0003841748319377558,-0.00030159903388349285,0.020282402212990158,-0.03272545951202377
2021-03-25,0.004163673533262413,-0.013250500979217428,-3.4233839847575e-05,-0.013219634289670767,0.012813999115677932,0.0003706751428589339,-0.0004808414748680434,0.0069400546660216555,-0.0028397919604917776,-0.008522666404207957
2021-03-26,0.005141222375096843,0.01781849825715054,-0.0038033431852407817,0.0018941122432061253,0.01665016411787623,0.018274627206355643,0.026734817756017826,0.014758669323398088,0.0272337311052806,0.024251644833547914
2021-03-29,0.0014850722393626725,-0.005243321211278129,0.010401331504245714,0.007765307334585803,-0.015539304685766475,0.0067302113196345825,0.004589406128900464,0.015651572422684668,-0.005371546255747317,0.008489538485624504
2021-03-30,-0.012274449093972795,-0.014411030709975847,0.0003324442068628475,-0.006645597502498379,0.01178913383425062,-0.006203278109235932,-0.012167518576364222,-0.015410375809639332,-0.012369294115902485,-0.00590804212274354
2021-03-31,0.018765534301503184,0.01690761071027258,0.007842714828026454,0.01269600564306872,-0.014564711954326404,-0.0039996474269827775,-0.0008021395978926593,-0.00014730467532053648,-0.015170308231499452,0.03701889227095423
2021-04-01,0.006958906328838221,0.027908648325008167,0.03261053075631626,0.02162845443110406,0.00972213435284952,-0.009248550065120154,0.02422907868544888,-0.008491549821331268,0.02794200017112569,0.034723602624327166
2021-04-05,0.02357719975535688,0.02772851634923046,0.041873008589924376,0.02079404593469847,0.005300560546004585,0.0036846142149549177,0.010052446465441234,0.016160192021571262,-0.015507875632575718,0.01272488745231981
2021-04-06,0.002462254440888545,-0.00485818369998714,-0.004371404323785244,-0.0009018902147276409,-0.007030263029914052,-0.00024471034211004383,-0.0017802560608152218,0.0003665213810424284,-0.0028319966556095144,-0.009008110762343757
2021-04-07,0.013390205625228191,0.008230415896753662,0.01347510861347545,0.01723733655641202,0.015668202451140978,0.0013466148859893057,0.002835337559048634,0.0017583386124591094,0.004437479375656972,0.02034400362892641
2021-04-08,0.019233884935803358,0.013405503109078731,0.005091464018322611,0.006071242952548017,0.0012261540034677054,-0.003911705249218134,0.006521626680894732,0.003802717117526777,-0.01042580396138304,0.01226730297663936
2021-04-09,0.02025151769102873,0.010266631242863422,0.008993836015155798,0.02209562242522667,0.007478170392543948,-0.010554086848533761,0.008246452126610793,-0.006484246024220486,-0.0023215417562301166,0.0057973072526709135
2021-04-12,-0.013232846145711075,0.00023438857190316575,-0.011472468739383679,0.0021321218730274705,-0.0021116128068763285,0.002418482921731746,-0.004718445237078095,0.004033333561411112,-0.006622507183346449,0.056180533356784634
2021-04-13,0.02430643859050141,0.010081515477977199,0.004370399464455499,0.006098747605224553,-0.011927325824094837,-0.013363207440931335,-0.002031828809236469,-0.013219535104947888,0.0037838010438724368,0.030935578114441586
2021-04-14,-0.01785289572258597,-0.011218917753871183,-0.0055533810973635855,-0.01970591825597423,-0.018689891799621217,0.0027591496912120483,0.004343374018432655,0.0036267593406913434,0.028899651124879133,-0.025670480214486258
2021-04-15,0.018707584388228282,0.01529764620373375,0.019331759712881036,0.013828409714570444,0.006348695269039251,0.0029387595788996634,0.019371116356258655,0.012094430242969745,-0.005931496028871774,0.05631043580160955
2021-04-16,-0.0025277847048389424,0.0047785601753322915,-0.0010941071598542518,0.006022342354579324,0.007425849031744036,0.011534712283385984,0.00057450184836072,7.275522644634158e-05,-0.005616116044085517,-0.013927796681026616
2021-04-19,0.005068731825901729,-0.007670258580908973,0.0030709286878676245,-0.00806900981526193,-0.004239815435887251,0.0027734285048888196,-0.0027386497338595106,-0.004662857747003812,-0.0031767532296416157,-0.034610993410786994
2021-04-20,-0.012830212639473038,-0.0018551502160465416,-0.0046946819667267325,-0.011067567276491497,-0.022142274720048594,0.02329586961256469,-0.011116271812148804,0.008344792728051775,-0.021069691124015355,-0.012400956534840524
2021-04-21,0.0029299690051405314,0.008983162902182817,-0.0002897102471981494,0.008195669633476843,0.008507899935961571,0.0006608103477485638,0.018676111409582807,-0.006533603719328762,0.012841675116538998,0.012474209359370159
2021-04-22,-0.011685520007226002,-0.013086143821476215,-0.011337108698434295,-0.015758395892332966,-0.021057652153040896,-0.008463925600200373,0.0005277478036427308,-0.009927625586910627,-0.013035851498739981,-0.03321841376093604
2021-04-23,0.018038409300835223,0.015476070597647107,0.021047517465902832,0.00962218974677076,0.01913563726362133,0.0020583753054022047,0.010677857820255543,-0.005125446485376495,0.005427744015153779,0.027945679312823435
2021-04-26,0.002978172636417753,0.0015316918641166133,0.004348026303548025,0.020389780364207244,0.002463648191361134,-0.008458208799530964,0.0014782360043472664,-0.020008994958320647,0.001979749834351452,0.013936718112378621
2021-04-27,-0.002449862666621061,0.0016056340499706057,-0.008203699718692836,0.0024729175512423485,0.004583076747043613,-0.005727753805652602,-0.001866950459113892,-0.000609244970609768,0.013110436421985172,-0.006218288128178595
2021-04-28,-0.006027101948158142,-0.02828575009003209,0.0297077637156431,0.012017786731569835,0.0064792309403223225,-0.007353425345913545,0.015397324651105881,0.0016769899839677027,0.030136739834472737,-0.0068262822070542795
2021-04-29,-0.0007488144749042691,-0.008053046082397541,0.014293814388252724,0.0037039347600635875,0.0194443812582743,0.013705234625647877,0.014607120799813744,0.008447604678768705,0.014283231760785942,0.003142050678200503
2021-04-30,-0.015133064392969353,-0.0013067888456804733,-0.016407709425063977,-0.001120636171800582,-0.008892685100457154,-0.008952734936643059,-0.013932168979552961,0.006867082730642515,-0.028843035092501412,-0.020571381601096173
2021-05-03,0.008215204898229356,-0.0012688760238172003,-0.004427493828136786,-0.023340170719312603,-0.002925611130785266,0.01524024015055514,-0.004067590367182072,0.011842350090452758,0.02760296239281046,-0.011509266517507166
2021-05-04,-0.035385320321600466,-0.01615966730788998,-0.015471027375714153,-0.022034541333801894,0.013823797442745311,0.01549539546381773,-0.0024934582778955994,-0.0034074079399082358,0.006290685831050524,-0.032722824010556706
2021-05-05,0.001955446578262965,-0.005326980162806416,0.003441803944100652,-0.012479432999494278,0.013120610418404288,-0.004172228953908008,-0.012153614201456109,-0.008027093299574961,0.0300724623444919,0.007473186443682556
2021-05-06,0.01280277290997378,0.013226480064844504,0.009754839828657103,0.010955401769447537,0.0201245475051699,0.004010307565160964,0.009205538618097364,0.012588107794778702,0.009512958931893634,0.004461071630371682
2021-05-07,0.005326862232312157,0.010931811765594768,0.00623785599846971,-0.0044640578502762596,0.003422481557722623,0.004530977076349307,0.003458451436400445,7.380078532759349e-05,0.014297337092533002,0.019916691382435348
2021-05-10,-0.02580437721237383,-0.020914275520645953,-0.025587483392932597,-0.03072052637375966,-0.00012391614978568555,0.010504106273631741,-0.026494939649132077,0.018645857449588243,0.0024026592568282545,-0.0368952235929052
2021-05-11,-0.007410085770109043,-0.0038432052215497947,-0.00946436889933333,0.010474816917876772,-0.01662314565871903,-0.00816329792627879,-0.002168552043107952,-0.004939320924566171,-0.031799363210003095,0.0028390181688573435
2021-05-12,-0.024938517158564766,-0.02936279167511535,-0.030752513154649552,-0.022323796765424953,-0.006875213161094296,-0.00402655571994226,-0.021509349379749465,-0.01058449652355442,0.005358195816389522,-0.038287358216776424
2021-05-13,0.017919691820929673,0.01686201424265854,0.013084820694249322,0.0030235440044839024,0.025722323169543593,0.010463584230445244,0.015568979294614094,0.01608360510879492,-0.012325051676044807,-0.006777812787436832
2021-05-14,0.01984473244737872,0.02106722960130769,0.022135120277571918,0.019430851184491837,0.015541769000019023,0.0015297642715610404,0.01430225953442088,0.0021056029133399434,0.024789477464360887,0.04227890135796275
2021-05-17,-0.009258657076505306,-0.011968575641434165,0.004626173443295523,0.0147351540352203,0.004024496827052193,0.0009984551302548716,-0.0022032650564995926,-0.002028849799629584,0.023366602935909864,-0.00544127148575102
2021-05-18,-0.011245681335914304,-0.00856516476803093,-0.011555723782287308,-0.011653058569779051,-0.01408905188384646,0.00035233117844657436,-0.003842227610608817,-0.010237033339610013,-0.028300166907814672,-0.010571381386811463
2021-05-19,-0.0012815986989295203,0.002474100874976237,0.00399129019646316,-0.000148514828115065,-0.007637843837079328,-0.002170474864731542,-0.004344392201161007,0.0020538741512641234,-0.02399484351891601,0.0035672026337461027
2021-05-20,0.021012159645183992,0.013820260812993146,0.0156063482614337,0.004913709794237331,-0.0017378376618254476,0.005820784791291667,0.008237225202190945,0.010249019761576106,-0.002373763331333989,0.03887103185283425
2021-05-21,-0.014767052184852858,-0.005314766259236436,-0.005557140744687272,-0.013732853548741542,0.011378640555121278,-0.0006433898255358006,0.0014571868214796613,0.0,0.001359719363771772,0.025954079264111307
2021-05-24,0.013314156126129406,0.022882069846153152,0.029165790145587955,0.013084215261017773,0.005409606708755232,0.003825816893570977,0.011245105539297251,-0.0002899642178629813,0.011710730947467995,0.04137262568719513
2021-05-25,-0.0015735926605170425,0.003748241664457863,0.0007750379743831637,0.004332851226203749,-0.010333817157001324,-0.0027556027792260407,-0.0013084738724160605,0.003406780209258109,-0.02264690183676321,0.00228985500670964
2021-05-26,-0.0003940644481950084,-0.0009134751095719595,0.007380840695280444,0.0018747562447005706,-0.00012344911698047856,-0.005938453957361811,-0.008514459724940027,-0.0022395852307431907,0.011671451144812384,0.0033392157638778563
2021-05-27,-0.012376736897930174,-0.008668562007112635,-0.007406569058411527,-0.010734558114025683,0.015571808486452232,-0.0015379430974558073,-0.0009247216836073546,-0.022733764422177782,-0.006447067293773423,-0.01350336075069214
2021-05-28,-0.005347895606608755,0.0014841578332212002,-0.0024675582419194653,-0.0021794289420000723,-0.0006691687453528328,0.0026066178379262617,0.001939481637451168,-0.0009633080174495934,-0.0032446074176906148,0.0488443143988917
2021-06-01,-0.0026482819959913195,-0.009131696059711203,0.010322993444716877,-0.0013714148069622345,0.011020425632578101,-0.02197921019580995,-0.002947599052101957,-0.014608773386085683,0.03580591827517843,0.0012313956028959794
2021-06-02,0.0062760307306528595,-0.00040436641175267685,-0.004447270324680286,0.004765962837133042,6.0059045549065715e-05,0.004047454969185571,0.013369773350029757,0.004365116213557174,0.007939187216618793,0.03158695862248595
2021-06-03,-0.012154086108769335,-0.006429082234479133,-0.00970644927912212,-0.014526941142032901,0.0006623822949893832,-0.0009626884771789523,-0.006749187544150881,0.017907882506838835,0.0039383641126331526,0.011413798517258211
2021-06-04,0.019022221704110276,0.020674516444310065,0.019590388800538427,0.006027657821926935,0.00162511222985251,-0.00042130439988607993,0.008899240180045842,0.0007360006164058852,0.004413072454165556,0.03585806407652781
2021-06-07,7.94576190592533e-05,0.012041951500875836,0.0036473316904443998,-0.0025606925929613222,-0.004686423342842638,-0.006808685174130913,0.005127285301552931,0.003457213304554063,-0.006509165250252247,0.002318290744392826
2021-06-08,0.006671733811516534,-0.004885205746005261,-0.0016068860539897312,0.020669153552085318,-0.003984098305639949,-0.008796410092985596,0.003155902414706535,-0.011581987704713637,0.017690328165838043,-0.00919477984584749
2021-06-09,0.003077138559423487,0.004038132073553413,0.003961037368948039,0.005220349302289318,-0.012484893624991722,0.01346445540066421,0.001120378234995778,-0.00037053190478253395,0.008369536166405123,-0.0054289686900521605
2021-06-10,-0.00802328808651509,0.014393212761659502,0.01129166800920789,0.02087684594544914,-0.015588458407489125,0.008998395052876695,0.007059559127856163,0.007418784959571045,0.0015961585647277232,0.003845478282739734
2021-06-11,0.009832828021089757,0.002526975356860195,-0.0020244522271248844,-0.0008418265339896758,-0.0006859713727037642,-0.012688596083668235,0.004317217989954214,-0.00684861532260983,-0.009242922598550973,0.022969874769186882
2021-06-14,0.024577983646309365,0.007755345128302116,0.007699009588906458,0.011067127216432215,-0.01696900370279153,0.002485499302154359,-0.0037453749109769285,0.00037066959415765766,-0.0016085557200516964,0.010855060562512842
2021-06-15,-0.006437788579042425,-0.005887236038393251,-0.008379244381971795,-0.0002186996793457352,-0.01516792566090197,-0.005321467351131481,-0.004699319351519016,-0.001927551278959272,0.03641054128951926,-0.012778549227894231
2021-06-16,0.003933610474574412,-0.0037930467886029273,-0.00532868237664097,0.0094941835711142,0.007023965765837525,-0.00036473444961726553,-0.014507526977928897,-0.013887655471700344,-0.0035753192366400066,0.001222812725343525
2021-06-17,0.012601161825965601,0.013676133961088688,0.008039890993170706,0.02166464377780497,-0.02886004260945163,0.004804587589676057,0.01110622278386253,0.009112825857658047,-0.0329172956487197,0.04755708740766651
2021-06-18,-0.01009196901931153,-0.005634270777737149,-0.013409381047324365,-0.0006706583139327593,-0.02530331543493225,-0.01961033599070683,-0.007495106043124089,-0.014627842832447557,-0.02564928797790167,-0.0009912747713545222
2021-06-21,0.014103921923777296,0.01233497957438634,0.014166074488409341,-0.009446804682075038,0.016968602525497367,0.011482733450694615,0.016969702219506333,0.007876748919284138,0.03625835200128846,-0.011347357073668518
2021-06-22,0.01269857421759446,0.010965529495487791,0.004252466024629475,0.01490466106187549,-0.0014624103229180507,-0.0013427369945266943,0.00687083142475009,0.00037578604301602425,0.019172260871195723,0.024936003604529633
2021-06-23,-0.0020900072463243546,-0.0009038177000955105,-0.0016634813371146917,-0.0004621896804161141,0.006057846695767033,-0.006050655306074404,-0.005298277621690661,-0.001427268290377759,0.007368063517179335,0.009027087342306395
2021-06-24,-0.002168849449018073,0.005353249815347905,0.0030541881421490835,-0.015622946391951387,0.009198182544350786,0.0045505243518983995,0.006647611009731325,0.0006770750799802716,0.004045949602065058,0.0077792148394213445
2021-06-25,-0.0022486597101054606,-0.006262063381959115,6.943049463981055e-05,-0.013806561613952328,0.010097939156703761,0.00514161064525287,0.004571465430283306,0.01428354230702733,0.0021698694333631696,-0.009085850182530053
2021-06-28,0.012545914818882009,0.01396089078768381,0.00022436116127977357,0.012474089136242261,0.0018175937046429613,-0.0011571400213223892,-0.013610270577481542,0.002965002222772295,-0.025518064932307682,0.05012897085202428
2021-06-29,0.01150032979373683,0.009973224155132465,-0.0021503940389473453,0.0012340341405479016,-0.001231482052806654,6.1034653013214424e-05,0.007945702561383605,-0.00679869830035118,-0.006189539250837983,0.0020890114435461182
2021-06-30,0.004621111354028651,-0.0018418696335923412,-0.001496634790706386,-0.0023143032508132766,0.009082553071420252,0.004328698873079961,-0.009027421085254894,0.003943164430556534,0.007345831973400774,-0.0012109605934635947
2021-07-01,0.002263524082060542,0.00258396264575822,0.00290779192155477,-0.0020900020900020966,0.009901562102745398,0.007405366017214421,0.005688201214842259,0.0022976791379287764,0.0028534567774451958,0.010473524682939495
2021-07-02,0.019596662923553554,0.02227523647717944,0.02297355410209989,0.022723749230608936,-0.000960597005252084,0.01819699564533983,0.014799037697112105,0.004880064999190248,-0.0014226326284236812,0.013605759110395743
2021-07-06,0.014718086765040717,3.619140857180625e-05,0.00744476432471286,0.04692710742205475,-0.016791691932097064,-0.005976696868886022,0.004064808322541857,0.0005885074004965407,-0.02849456684403162,0.010323650000938711
2021-07-07,0.017955281651174326,0.00817518298332387,0.0022504968403624925,0.005669564076709488,0.0011731936856931302,0.008572685684363535,0.0016694264562839845,0.007501381987800482,-0.01564270374828014,-0.015786298629773876
2021-07-08,-0.009199783526862015,-0.00896643471304781,-0.011306698877972199,0.009422227593882448,-0.017253478385573118,-0.0019478839194297937,-0.014125092689423857,-0.00014597714686037655,-0.004469474113356409,-0.023021753602973982
2021-07-09,0.013055110491245081,0.0018743435585086843,0.003794662862421916,-0.003234704202571881,0.03199932573692488,0.0039626831152970166,0.007861145755717613,0.00036499614824681004,0.018124269838940554,0.007410850822680892
2021-07-12,-0.004203748464641555,-0.0022305429008246946,0.011607888193299498,-0.00021234814297510507,0.014316036046868374,-0.001590756622824152,-0.002515872828726118,0.0008026353097818628,-0.0009798154718300145,0.023054696173205658
2021-07-13,0.007888760888212554,0.013197603892316279,0.002882463491230558,-0.011076947823728478,-0.014873496506125128,-0.0012390882871907705,0.018833864877522588,-0.0012396655834649994,-0.004740869208071374,-0.012797147961797983
2021-07-14,0.024101016437162448,0.005445292269540936,0.007032311738902619,0.0011747744165069296,-0.0034050039080070205,0.006794232756581309,0.01501957611639293,0.007374157735046349,-0.022174846668501558,-0.020172990470156194
2021-07-15,-0.00449227962252341,-0.005238632951036104,-0.009607307034558477,-0.013711143174944485,0.0021915665306018184,-0.012029335811649666,0.010406732656079054,0.008551730824952974,-0.009743029718662699,-0.0441116791959254
2021-07-16,-0.014075866358815414,-0.0009963059171745892,-0.0002755070532775017,-0.01585423166667721,-0.02283511249572845,-0.001603690637290267,-0.0017299534120265303,0.009701201185307262,-0.0276503996380848,-0.04245752360562138
2021-07-19,-0.026914249546253544,-0.013321565840684446,-0.018839000313956022,-0.006727030092302577,-0.0325196913389838,-0.007257558380748708,-0.031073550744830758,-0.0004980953418742828,-0.034368353197939405,0.03407069261129814
2021-07-20,0.025973807618502986,0.00833923759084243,0.013096184581788739,0.0066486136498793424,0.018643462290350632,0.009408007894084136,0.009525282902905108,-0.005340426589988678,0.011020518884041097,-0.008932782718409582
2021-07-21,-0.005131499700575914,0.007446487443522942,0.010613194889643962,0.003361110852517335,0.0210406596204189,0.006173997976476775,0.003955329183271461,-0.0035077548495645594,0.032166029443041255,0.042875501662773985
2021-07-22,0.009628730534213314,0.016844417434092485,0.006840437622901874,0.01473563589596627,-0.012625764095111736,0.0028910694760262423,0.0019701006269283727,-0.0038315950691300005,-0.011253624085093894,0.009480098803413828
2021-07-23,0.011988974366329508,0.012336493507749235,0.035769092732447216,0.005115384934792244,-0.0019214123418636042,0.010648245540439527,0.019988622420061164,0.014441134794672683,-0.0012256645224226759,-0.001837461932811424
2021-07-26,0.0028943502111069552,-0.0021403281089950044,0.007668401913605294,0.01180863619816197,0.00670463483738315,0.00046578366107397073,0.004939237374472327,0.0035053909237436898,0.025245610549341935,-0.013498025185249118
2021-07-27,-0.014900478383337301,-0.008683637823005519,-0.015928837235424265,-0.019846876786293155,-0.0013188285651138942,0.00459650144324697,0.002717157208055987,0.004063398020200504,-0.011115070111545777,-0.004457704924277439
2021-07-28,-0.012195784004096488,-0.001116755989759577,0.031796678470749296,0.0010837371680696428,0.0016508832122885675,-0.0027802128431347883,-0.015900780131887116,-0.014838626218282913,0.00674387527980902,0.015358200747303874
2021-07-29,0.004551846096055412,0.00097846227548537,-0.002325278092830785,-0.008373940689987869,0.00856955876934351,0.0,0.003968688478352744,0.0051887977075089076,0.01219526119748826,0.008152646192427282
2021-07-30,0.0015110159706799298,-0.005550150865764714,-0.007740836674752005,-0.07564890713277761,-0.00797400378678259,0.0001162841699502426,-0.006171331733008212,0.019716216765161665,-0.023078444913874008,-0.008290358295877653
2021-08-02,-0.0023309320336751815,-0.00031574858867411404,0.0009502011636193242,0.0011690369463182027,-0.00401899310243925,0.00040623333071554413,-0.02682738776737459,-0.002460601795525541,0.00017384378157281333,0.012872685319013755
2021-08-03,0.012644237911457301,0.008075512421748199,0.005750702585241907,0.01043374884144277,0.011377733745565832,0.012306532582883278,-0.011218748014040325,0.014589368691038995,0.010767682683789692,0.003291114755737956
2021-08-04,-0.002782371036486375,-0.0021246711488840386,-0.0037197560553720033,-0.0034222398904129037,-0.01079158683188608,-0.005906396798841085,-0.0017713483453095646,-0.010558795323249326,-0.02336760230868551,0.023164396413507538
2021-08-05,0.0007486661321891575,0.010505686029422145,0.008332886180070442,0.006340362999381677,0.012628735991578877,0.0019037040421518991,0.014957452158567586,0.0004913929454399835,0.006333346937649642,0.017904558927276826
2021-08-06,-0.004766993918711049,-0.00020714726149340112,-0.003765155953155075,-0.009197334693852421,0.02840351604664737,-0.003339283049134334,0.004953951169241355,-0.007649106023120966,0.011538368748981842,-0.013131819191878336
2021-08-09,-0.00034193950612038115,-0.0039039859172197433,0.008652724049823313,-0.0009177334401756498,-0.0010794433587345553,0.0034659277449129444,-0.005799490124140827,0.005444798827543895,-0.011406753421772664,-0.0034860959794257296
2021-08-10,-0.00335412206397967,-0.006554937345121914,-0.000774129045793992,-0.006340816609805455,0.012267044114177894,0.00034527433183106915,-0.008041498461693775,0.0006330059168975222,0.01713294551769806,-0.017689028445413868
2021-08-11,0.0017853882008931343,0.0017804616811074592,-0.0038594658861090814,-0.008603643493863333,0.011930091415392807,0.00017283025511871664,-0.012643413165983164,0.0024600315237499615,0.0029221515287218836,-0.011888045691999638
2021-08-12,0.020773510313027987,0.009967071573062203,0.0067143493915178265,0.003459810192938395,0.003909305146059028,0.008055125547567599,-0.012566966361491128,0.0023143442430686445,-0.002261893443981644,0.010457378538429207
2021-08-13,0.0014104181346492606,0.010489529288421728,0.0038884117609701008,-0.0028848279463596915,-0.011187053406316205,0.0059930692355678605,0.0037102168203593244,0.0048266614252541196,-0.010113317985712245,0.01421733366628275
2021-08-16,0.013547990827949219,0.0059759891953332644,0.004225656258746158,0.0015239472057770875,-0.006563599456980707,0.009021348325467304,0.011648339633782312,0.006961887930347688,-0.014620319188822894,-0.011789237247698314
2021-08-17,-0.006154291387663879,-0.005159757432465328,-0.011915078520069122,-0.01728702615047184,-0.012080617168533703,0.009165561490756424,-0.0035265094781244954,0.0016593059966956147,-0.006793097298592787,-0.024661317850355524
2021-08-18,-0.025500816342502564,-0.006119293400040582,-0.008872287674612234,-0.012566487390164305,-0.009107747917483477,-0.012704028947860824,-0.012365150629642718,-0.010905747882825723,-0.021058171855484975,-0.02148216586879592
2021-08-19,0.0023230178043209815,0.020775665302939172,0.0017052391210312656,-0.0042078187123096855,-0.008355843851488909,0.007788316385547223,-0.0002590327513553037,0.011793461318163168,-0.030520147814632637,0.0398105716545456
2021-08-20,0.010156589455532883,0.025574790302590245,0.012894482156897702,0.003827154714335368,0.0028520069492563582,0.004871842913703128,-0.000906815378468484,0.0006898670081794123,0.0001893687639349384,0.05141959071634572
2021-08-23,0.010256985781094796,0.0009531124962642856,0.019005941134834226,0.02060035500127988,0.01279742135614681,-0.004316459166488151,0.012015902235682718,-0.005100226449888168,0.04114518408921919,0.054861450863974204
2021-08-24,-0.00060096040907065,-0.006663350965446457,0.00871190390160903,0.012220318769066596,0.006190039009352111,-0.012499461802104816,0.0004271156700443868,-0.008105546106240147,0.008195286688221115,-0.007514317551543526
2021-08-25,-0.008421430038467514,-0.0020157708372704475,0.005786943953508317,-0.0019965141547840792,0.02061287024233449,-0.006613885785565765,-0.007043994593978642,-0.00356210083481745,0.0018063348330650264,0.019272250820121517
2021-08-26,-0.005526761777792988,-0.009668550381615737,-0.004493876069958214,0.005098257262930783,0.005157668160168605,-0.005337479540029166,-0.008899913531533077,-0.0017521699784134315,-0.013523246895203678,-0.006527647874587594
2021-08-27,0.007184207604562065,0.0021064154729959483,0.018124128140124096,0.01014175672465778,0.008036788256161387,-0.002135205216050262,0.009413381743272442,-0.0007723902324650034,0.01937494706557996,0.025738878723231107
2021-08-30,0.030417306678276468,0.01291192342791958,0.004072800493709172,0.021476998866989616,-0.0160070847915591,0.004221394429197112,-0.0062743950622790035,0.004356622870306692,-0.010937944756374218,0.0022969713562615013
2021-08-31,-0.00842452036847885,-0.005632398102531244,0.0007400509933568333,0.01438520002272603,-0.0030540956040079337,-0.0030517978210836683,-0.009211331398867983,-0.0037778650531999913,-0.01160239518212558,-0.013181071371086484
2021-09-01,0.004478342717733508,-0.0001657993130209645,0.0035799597576351427,0.0023654092095504176,-0.0014379840455988058,0.0035233108997654305,0.004451909134847831,0.010183184230124542,-0.013756487441949239,0.0025017535356024467
2021-09-02,0.007475142047274286,-0.002253015324415908,-0.013280227265475286,-0.004564478889317991,0.004633266721411955,0.006849238668101609,-0.025812517180814454,0.0007646454019056836,0.024362860492214367,-0.0020051914119993963
2021-09-03,0.004230384813951105,-3.288192354189423e-05,0.003157847691461102,0.004311086264728647,-0.006045097433169722,0.0006288839271499924,0.004148470537265192,0.0006947315730436721,-0.0038124885669209574,0.019958738997457592
2021-09-07,0.015489188241896601,-0.0031880705517515207,0.0037639299948646343,0.008982024369138308,-0.0017557929185429977,-0.015539060955522266,0.005153062077771997,-0.0037483123478453395,-0.005832022028278705,-0.007923510611802631
2021-09-08,-0.010083630569868163,0.00010002183351853766,-0.004086013703979541,0.004619174430729789,-0.004459645479539254,-0.0024378285827878488,0.01246300534658129,0.007594972254251431,-0.009165949283270636,-0.014252928149167898
2021-09-09,-0.006704805169154393,-0.009859834371528708,-0.0010437999589465452,-0.011726004336084506,0.004353526699834687,-0.0222799840906589,-0.006984286959741404,-0.004218312013003711,0.0007399790740334478,-0.0072521633564784915
2021-09-10,-0.03310204125111782,-0.005181078280151907,-0.018566085765539753,-0.004308001431212238,-0.011495640039743349,-0.006545213466599864,-0.011341182043216436,0.0009721383916982962,-0.0020335212472285535,0.013572842338549274
2021-09-13,0.0038937492261816864,0.00432881754761727,0.010338964844678333,-0.0034532897607970625,0.015886944006735293,-0.007007118899029496,-0.00124474992011947,0.01075417212948504,0.02575021081527762,-0.014503173101193867
2021-09-14,-0.009562311803063883,0.009427806321951948,0.0014894140311432214,-0.002073980962099431,-0.01745246817041668,-0.006031335015724393,-0.007123029257094404,-0.0017160258562396447,-0.014267485708208016,0.004062962836584472
2021-09-15,0.006143761053915675,0.016778735938230316,0.013223878253362464,0.007475391332653958,0.006939470635343392,0.003761893708625008,0.00349727351113005,-0.002131904027253495,0.03371180533777429,0.004450890246878059
2021-09-16,-0.0016103623682416357,0.0013119353211721307,-0.005674186416784743,0.0035819053548502566,-0.0004428843537415128,-0.0012089116227975705,0.002323555059738469,-0.006959304038741343,-0.01063438919981785,-0.004431167606197328
2021-09-17,-0.018348179553081767,-0.017528303793845956,-0.019566718569881014,-0.007373319866162298,-0.0025933662484097786,-0.0028446028313514615,-0.011501007689409537,0.0015957971863489462,-0.01182387195418444,-0.015376404921660813
2021-09-20,-0.02136104421783669,-0.018574714015956895,-0.014776360359950558,-0.03084174438431353,-0.02993422758489306,-0.005705753282681192,-0.0076662363735765515,-0.01004549250074993,-0.026649696631278808,-0.035935907920303545
2021-09-21,0.0034279294455399345,0.0016987555903533735,0.002260183309333641,-0.0036057473697842513,0.00013111353430428352,0.004395346021454527,0.0005451846194677312,0.0015395782430620564,-0.0009310076871220652,0.006299326643393721
2021-09-22,0.016872620958483298,0.01282230716907562,0.008994104355792398,0.01089234819407503,0.019152894798614595,-0.0036466711511224936,0.01171817185627022,0.003423948069348759,0.02926903360291022,0.03271184143152239
2021-09-23,0.006719390971266392,0.0032823737518099527,0.0066474526968289815,0.01063594079605279,0.03380157093047664,0.005672841569199338,0.024960787389642247,0.004108689249036734,0.03387060913598461,0.024657042252108408
2021-09-24,0.0006125347345198318,-0.0007008603153076942,0.007074047099921987,0.0027868730462519142,0.011539868066968717,-0.0030326515197888204,0.014366467415697137,-0.004438724173307262,0.008935091873306433,-0.017836345339223847
2021-09-27,-0.010549702234383118,-0.01730414762423016,-0.008037206909854655,-0.005756835077931344,0.02416571718720939,-0.007240018670212622,-0.008592657881208887,-0.01316619478369363,0.02969232372630981,-0.019066147623874707
2021-09-28,-0.023801482633171167,-0.03620372751973977,-0.03715830822975996,-0.0263784679831095,-0.005389772957360539,-0.0022063459946420894,-0.01759579281724888,-0.007553502277539148,0.010455374621412217,-0.04436762132109662
2021-09-29,0.006483104990944399,0.0016930446470559968,-0.01087015898654431,-0.004475351789266391,-0.0007828912808320876,0.0074317311176475,0.004965282087857403,0.010171467658199429,-0.0006674877610285401,-0.00879276336225654
2021-09-30,-0.009312044428865796,-0.0073239777236461245,-0.005042622823843601,-0.0048710792439015105,-0.013618541623206304,-0.015363750367105022,-0.017337320955301605,-0.015631432608784412,-0.01770220132239686,0.009699367456077468
2021-10-01,0.008127142787866415,0.025468423853492572,0.02144723306291141,-0.0005418778291703674,0.021015411512108395,-0.006377757167828291,0.034612980217329614,-0.0015737310230674595,0.03587244040717463,0.001255262978009597
2021-10-04,-0.02460541615660372,-0.020719668480034703,-0.02111765388964615,-0.028471678341373097,-0.0010769870648250635,-0.007789908566114168,-0.024863319114073357,-0.005659864157090966,0.012965689960618532,-0.04869331332203297
2021-10-05,0.014158424950911463,0.01995683681160121,0.017682884692462597,0.00978753803838428,0.016330295284338936,0.002261192579788185,-0.0020022891952896638,0.00389080337967318,-0.0016201989386535054,0.036438074630322115
2021-10-06,0.006307183077342682,0.015064214379281626,0.011336397748677784,0.012732016728672857,0.0021342298261965986,0.0020679103012042344,0.00994266376072206,0.013349714969420612,-0.01833842821660181,0.012175193737520296
2021-10-07,0.00908435264314611,0.005936758744339743,0.01206684570580796,0.012391203105561077,0.006330638290850121,0.008942743600152347,0.017835973820719886,0.008003243086059486,0.0028103154652090456,0.01811623611085178
2021-10-08,-0.0027217478353154245,0.0,0.004025960484751678,-0.004181805261295635,0.0007640806635782482,-0.002541188122047622,-0.0012144364798606366,-0.0041457639496234044,0.025057865790379052,-0.01157771573923938
2021-10-11,-0.0006297088703961506,-0.002103121409782416,-0.0062343730452540935,-0.01286860335091844,-0.021031409946776325,-0.004225562979863207,-0.022408454621812623,0.004163022859716703,-0.009970964715767083,-0.006528829793312818
2021-10-12,-0.009103094894655661,-0.0045880124865392835,-0.017744859097327925,0.0003172745113595443,-0.0076811133455571,-0.015975231739405515,-0.004708813203397111,-0.001475802662821879,-0.005198376176884678,-0.0011597234750242436
2021-10-13,-0.004239957797033456,0.011711185498806342,0.008303280132982538,0.011378601203982708,-0.02636680005339609,0.009576066675730743,-0.007096565938177868,0.0023225287775736625,-0.0027761190925887913,0.012965065605268666
2021-10-14,0.020225610498761704,0.021734147386460734,0.025941098252675987,0.004743759227551214,0.015341438272193475,0.005715597350494761,0.012226771672355863,0.01130275718746332,0.015228630233052876,0.03854067137597661
2021-10-15,0.007512715632998157,0.004822458750528336,0.00153732596021805,0.03308023939004423,0.019208585710134507,0.007432856161916579,0.025801770345677433,0.002568853757057621,0.00951616520686338,0.0053340089245978994
2021-10-18,0.011805940082471933,0.010124350659072467,0.009973904703164393,0.011064772529006062,-0.00035997900310769104,-0.007315561495809697,-0.00147207881620659,-0.014402418435286446,-0.0004794045454968865,0.016466996157727287
2021-10-19,0.01508025524337242,0.0030588872987595828,0.003214820454913836,-0.0007514424560826072,0.012128314977210897,0.023419934585647395,0.012443056822712295,-0.011802884657556745,0.0150256836181073,0.0030600342816839987
2021-10-20,0.0033610634022980257,-0.0026601265624665027,-0.010248827632220125,-0.008446195751808605,0.01346614800337953,-0.0005491237778693092,-0.008992905293612408,0.0039102119254792456,0.0055116677716648965,-0.008389315041444245
2021-10-21,0.0014739433004642422,0.010897573689304219,0.0008253602440659868,0.005841756945129006,-0.007843444416744227,-0.002320293947962182,-0.005098683783311908,-0.007196758348806842,-0.01816747242331751,0.0266477525079154
2021-10-22,-0.005285001844030801,-0.005148864525953423,-0.030443381639817968,-0.028954833317208384,0.013451420417863957,0.001958341017606502,0.004299671330930455,0.01076590363140384,0.006859015426913473,0.0014985381873826586
2021-10-25,-0.0003363907397095911,-0.0033315295931954925,-0.000868702202775018,-0.004550989805058192,-0.004890119003089555,0.0021988275905460153,0.01146059885967965,0.0001417085604247248,0.019486826579822036,0.01936115994679355
2021-10-26,0.004574876174438192,0.006426072051484377,0.01354328740280053,0.01677526160393561,0.002690965235876419,0.010177923999740823,-0.008808147350301998,0.014199470405881431,0.02315426474936455,0.06695142527717413
2021-10-27,-0.0031474758014506943,0.042113823567881736,0.04959501531469557,0.004863638245470758,-0.02082841233847077,-0.012126561851532713,-0.06919152545437723,-0.007140218636733198,-0.025971709803999987,-0.010761715597221722
2021-10-28,0.024991641275465826,0.0036513390109025323,-0.002520454477738965,0.01594115275917063,0.015074771797973341,-0.005435566091331445,-0.027528000805222774,0.0059930638449796625,0.00280686063585156,0.020039864035277244
2021-10-29,-0.01815576081046788,0.02241417388434286,0.01506383500625419,-0.021511245053778105,-0.002758986720241996,0.000184294960277942,0.009197358639996711,0.002172801735650376,0.0024879725404460817,0.02509934023810967
2021-11-01,-0.005607401937506529,-0.006785067988498317,-0.03072714373311536,-0.01610709978002456,-0.0005294932365976779,0.000859670293932302,0.0032584258416430423,-0.0024480646589751798,0.01799268448249358,0.010169287028702456
2021-11-02,0.007116143815422804,0.011416085240205653,0.01348808279127467,-0.0016154097805501921,0.003945841946229711,0.01576493454446304,-0.015626456511127595,0.009955540036615584,-0.01234181185045402,0.022224741395725944
2021-11-03,0.009798560884232366,0.0026115389415699575,0.008014148392999854,0.021507811127532195,0.0003517274545863369,-0.0032008424801288626,-0.0049727755176010024,0.006872031185936045,-0.013730303960973966,0.007461849232766271
2021-11-04,-0.003498494564988075,0.00730525458161746,0.011388318223955363,0.02748232410840923,-0.01313557225874229,-0.0027869625831128397,0.003267545096546254,0.0018614201874942449,0.007508142026959597,0.12042281270843969
2021-11-05,0.003582220539790182,-0.001129202884646241,0.003942083516976336,0.01207642928374364,-0.00142584686284708,-0.007108117465266073,0.03779124301772918,0.0049547216785090775,0.009470511815860005,-0.0016442994973993041
2021-11-08,-0.005552498805012851,0.0027671718596944395,0.0012026570768493006,-0.008527948857282919,0.006010080202964341,-0.003426574987936193,0.017630374879911592,-0.007464118309228551,0.010766056478071828,0.03535892057868795
2021-11-09,0.0024593425188210727,-0.0030861592988631337,-0.0007548766394396278,0.025007238016599764,-0.007571363879926185,-0.00221019610264539,-0.03220120958195538,0.0030355890581348355,0.009738238539496402,-0.004772031844275437
2021-11-10,-0.01916302887670429,-0.01532958083922853,-0.02031312798850171,-0.026334994227121156,-0.0009535898527432973,0.010830078236211849,0.011947643329354829,0.009836042415306334,-0.01970065517537778,-0.039077697794934196
2021-11-11,-0.00033796552561715654,0.004927227568833681,-0.0008705066031882147,-0.0027425987825921982,-5.9822142441268156e-05,-0.007365998453358169,-0.02384486913037842,-0.002860997177939084,0.0018693225125621105,0.031603158380078655
2021-11-12,0.014336567239403797,0.012905034269449889,0.019973513542627108,0.015162029225161966,-0.004474371824821355,0.011958819491519224,0.00793657464225439,0.0010931087850172272,-0.007619182909104127,0.0
2021-11-15,6.701407847153895e-05,-0.0019303963910636268,-0.0015198611655126149,0.0058238044631160335,-0.0017980183341878009,-0.009029689066607283,0.0009900023683515613,0.005731445382751943,0.008617900189664018,-0.012010398849240378
2021-11-16,0.006666517525244275,0.010235873201155155,-0.003880046954198968,-0.001404486161877938,-0.0072046171684153615,-0.005198266248052086,0.013565840445122435,-0.0014247538380685043,0.010097725507354438,0.005928394644547197
2021-11-17,0.01649013285670553,0.0006788739965177815,0.0011563578392430607,0.0023441312596286235,-0.005382345971441382,0.003750189570199236,-0.047030428272179514,-0.0006114135490544736,-0.010919648039734664,-0.03118878604932873
2021-11-18,0.028536012698580526,0.006339923995647867,0.012100906185015026,0.04143700734081501,-0.008633718967370418,-0.005389715859697386,-0.00843657013435073,0.00013578473453801365,-0.010884636106457735,0.08249874697600057
2021-11-19,0.01697591983547264,0.005391723104881008,-0.006086603728748585,-0.005273114275827551,-0.013063573757117086,0.003017201759039967,-0.012147687361302673,-0.0020388212506949888,-0.04621914617054035,0.041357687604474336
2021-11-22,0.0029276218766605133,-0.009559724525552649,-0.017622944507504124,-0.02828730052206352,0.02131504638109427,-0.013162010047450434,-0.02628704715880892,0.006674416609311562,0.013845403050006588,-0.031196137162522453
2021-11-23,0.002422013952048774,-0.006326864736335924,-0.0035541670077592347,0.0020909577736383245,0.023912279578389706,0.006199024821732069,0.014878895722828078,0.011096324401167257,0.02633719442073934,-0.006571577080291768
2021-11-24,0.0032835319226951487,0.0006814004143567143,0.0023186915812847264,0.00010331533981333685,-0.007843894510555116,-0.002800192486921982,0.023980874488872983,-0.005219555655732622,0.005544219173309273,0.02923199047788927
2021-11-26,-0.03167846763043747,-0.024355641759375435,-0.026943767321249146,-0.021184701669844985,-0.030126981960071464,-0.006490428460938502,-0.02755220329757524,-0.008004830967932142,-0.03512945189650585,-0.03583872742502203
2021-11-29,0.0218736497677936,0.021080945094236192,0.023543652398360537,0.016267432688752415,-0.00432307064611781,0.003454961186981187,-0.00688058148954751,0.010510784283799701,0.005551127494331398,0.05945470634800687
2021-11-30,0.03157740430296352,-0.017942385266637606,-0.024963667506941012,-0.015302274022490625,-0.01488547718485278,-0.023912638428389865,-0.012838379054690319,-0.02979499038954636,-0.028413659151569015,-0.020973321172227277
2021-12-01,-0.0032062615624691704,-0.0015428642671390103,-0.00596214158884778,-0.0180634873037836,-0.005918326363583137,0.013788623167810377,-0.018630267016659485,0.01258823877593307,-0.0008355665375709975,-0.03786105922418381
2021-12-02,-0.006129650781357632,-0.0017874012732655986,0.013572958375606126,-0.0018468889124809706,0.02102755779129306,-0.006262879875754135,0.04275335680078873,0.005874378301685468,0.024920482127065435,0.021981859983497554
2021-12-03,-0.01172445514617948,-0.019666813263394922,-0.006746369602724012,-0.013839076006382012,-0.018113161884938167,0.014577988622930249,-0.009934819050197885,0.01779183766119119,-0.0063642686414254745,-0.04460575117654708
2021-12-06,0.021503001642274366,0.009844965672868966,0.008123225158451763,0.011086219388703134,0.011813900261597787,0.022336103865630896,0.0323959720396263,0.015145294956178112,0.011331906479916887,-0.02137271602731783
2021-12-07,0.03544614513140654,0.026763533010905283,0.028741695519050925,0.027986504263362688,0.015047421708053399,0.0025776790073199773,0.023139980246757563,-0.0026290458096973612,0.011205222692213246,0.07956844393588747
2021-12-08,0.02278297618206393,0.00014917025111937932,0.006226437617609326,-3.689871657430732e-05,-0.011441403122313676,0.005999085149867245,0.0078121460321216585,0.004481080097079149,0.0028903682492891214,-0.018533949571938102
2021-12-09,-0.0029701940253974435,-0.005582410182543018,-0.003698035526405463,-0.011279643604146683,-0.0015553856452428239,0.009492703258822344,0.011483673962670027,0.005838940854463237,0.002562208080182149,-0.04197832042349847
2021-12-10,0.02801344154498908,0.028340085207237964,0.0024586589735735576,-0.011247564604614624,-0.003988685412339987,-0.002471463628614279,0.009508439899188481,0.013957628671104283,0.006388722810613867,-0.00957684933837366
2021-12-13,-0.020674085885402094,-0.00916693079381592,-0.01469569824719208,-0.015356076499860039,-0.011888492690263819,0.017886148184599993,-0.011152608086375415,0.014215790326643551,-0.02190134644717623,-0.06745470800419961
2021-12-14,-0.00802336608542753,-0.03258710003997867,-0.01316282987435613,-0.0028071293797337082,0.0076622889021202845,0.010923265092445122,-0.00492849226315295,0.003678551861806101,-0.0014604089405344522,0.00624963480042795
2021-12-15,0.028509238233720202,0.019217658161614137,0.017608529216917468,0.024977573145925636,-0.007478104583351297,0.0049914122407603845,0.011096315689297587,0.0038545583702938035,-0.004387127664589485,0.07488445952798495
2021-12-16,-0.039263993158671906,-0.029134678520551516,-0.013629838938147065,-0.025641174633125208,0.015638776399495402,0.010926709819575775,0.009702784902164474,0.014163759922211527,0.001631911540313613,-0.06802582675115598
2021-12-17,-0.006501630458911389,-0.0033857830848332826,-0.018830782465626972,0.00678920370502567,-0.022754319445226767,-0.02762847978995564,-0.011615413694559984,-0.022655493652048775,-0.0218346880304493,-0.02064316789559517
2021-12-20,-0.008122106193581335,-0.012013434946966495,-0.0008326766382934503,-0.017283556389377508,-0.01798899579687685,-0.002853166182392064,-0.014819517183695563,0.0025401694388345053,-0.01449291500462746,-0.0029496557805799295
2021-12-21,0.019087061236191305,0.023068878849517027,0.013173690580357889,0.019978649621920752,0.013966268378358127,-0.0032188928849025134,0.031809650451357196,-0.0006336230716862401,0.022650654721183328,0.04891946716543205
2021-12-22,0.015318656198775482,0.01805754929111214,0.020509183987804214,0.0036381058820253998,0.003908071254085321,0.004305751399625857,0.011978698247584463,0.009888790704007278,0.008099000900036346,0.01117785674180305
2021-12-23,0.003643721782238929,0.0044717757661927315,0.0034251501085678093,0.0001841364158221559,0.003573557964256846,0.0019055087464587839,-0.00614786017024993,0.004895872600957363,0.0004921061353468925,0.008163340746683234
2021-12-27,0.022975061918220296,0.02318564512993171,0.006738481633891569,-0.008178022851368039,0.005723121150478239,0.008439716399796682,0.00466279904258271,0.011679997468469816,0.014257485700338801,0.04402833214242352
2021-12-28,-0.005767356098038912,-0.0035042323881770976,-0.008245001588779721,0.005843719029521299,0.0030348824855330747,0.004007987964483872,0.0019297466572631983,0.0053713928604677275,-0.0032315593742872073,-0.020132445450126157
2021-12-29,0.0005020376617912437,0.0020512233024165827,-0.00021797112643429095,-0.0085549217086347,-0.0005042653296390975,0.007044247683083871,0.0005505218588028882,0.00829042163892968,-0.008753281044663774,-0.01058628180932708
2021-12-30,-0.0065781179127766265,-0.007691234418248594,-0.0030992867630664778,-0.0032890070546229833,-0.0005045197414528246,0.004430389090021469,-0.0013753302435569603,-0.008648504511837185,-0.005887270341981887,-0.013832851040946004
2021-12-31,-0.0035354085198922025,-0.008841159666610032,-0.009223578109801456,-0.011429400216389607,-0.0008202719130669944,-0.007196454893582227,-0.005324151450905257,0.004976328658721441,0.00658006916403342,-0.005915058892872471
2022-01-03,0.02500407401397875,-0.004668046470216125,0.0009630606411505926,0.022118320898886212,0.021155578051615942,0.002747395925750462,0.02178002874847773,-0.0041571155513014935,0.03840490617039438,0.024140679555904043
2022-01-04,-0.012691638789218196,-0.017147200270138052,-0.004082964791329857,-0.016915587005979504,0.037909724279157286,-0.0026815238667656782,0.0046519362838834954,0.0034993002975429732,0.03761411782198287,-0.027588770594372036
2022-01-05,-0.026600010735266744,-0.03838795416158458,-0.04587625623788005,-0.018893091563845,-0.01828205941776362,0.006663586470130323,-0.011058350669605366,0.004526683392451547,0.012437170500620987,-0.05756218874597552
2022-01-06,-0.016693113959994954,-0.007901893278128624,-0.000199667883147292,-0.006710981961323137,0.010623797730651363,-0.003425916506945015,-0.0011362881082866982,-0.008403865853338188,0.023520880380991427,0.02079390603825315
2022-01-07,0.0009886468496285161,0.0005100083460496396,-0.005303151795218564,-0.004287778294336242,0.009908375937047964,0.013517216008748001,-0.012696337947202485,-0.0005527917718852748,0.008196770499557804,-0.03303982885152312
2022-01-10,0.0001159458863595475,0.0007320886447677033,0.012060617786037842,-0.006570176170610398,0.0009572238858852611,-0.004943728172130846,-0.022999576118468035,-0.01364128423375488,-0.00595241638189048,0.005615054582108536
2022-01-11,0.016783646038214917,0.0022592762432949165,0.007690856840204541,0.024002125643924677,0.0010159824593078959,-0.010630344910243505,0.011369459688441719,-0.011587381607674696,0.04206227363514614,0.015219009110805315
2022-01-12,0.002570281353630355,0.010445160993775904,0.012126472693045232,-0.0009373300985386912,0.005672109191453334,-0.008525640175078841,0.006204119958742815,0.002205743303777874,-0.002943442397949636,0.006543043291017847
2022-01-13,-0.019027979115940674,-0.04232284414895782,-0.020105312505068085,-0.024169655027437842,-0.0012468404858103632,-0.006066218630074616,-0.0032916731634863305,-0.004527714707473485,-0.007168943976584852,-0.050858954496497244
2022-01-14,0.005110726361633011,0.01771695384721883,0.006447242127254338,0.005731487003565627,-0.061463458629040235,-0.005451599325950407,-0.0015347142431999528,0.009602656668693088,0.01755619736549474,0.013809843965164603
2022-01-18,-0.018894060333655927,-0.024339216687740972,-0.024967632016728136,-0.019862738846190164,-0.04192830899621558,-0.0044086453225770095,0.004844693522489951,-0.019273044833492903,0.01683574816921718,-0.038564269118330885
2022-01-19,-0.021024693082921875,0.0022465758873593256,-0.006481687325993302,-0.016477101806013472,-0.015468902802895257,-0.003112038794397365,-0.0047749977489892625,0.033624734742159434,0.0004109994928362948,-0.03227429140414673
2022-01-20,-0.010347094938617074,-0.0057031748467074594,-0.013388490088942162,-0.02963230963415675,-0.008527314256919771,-0.00798431750839479,-0.0015372223093849113,0.00539924103811984,0.002188313184853685,-0.036582031518349156
2022-01-21,-0.01276537850983872,-0.018468158975031734,-0.022174214139989212,-0.05950180896147472,-0.017472477432525668,-0.0022994892986153426,-0.03928158308557517,0.003827498087984882,-0.015012996232503628,-0.03213240771970083
2022-01-24,-0.004864363475402533,0.0011484076345187333,0.0034713364964371607,0.01332698348311534,-0.0008960887595671485,-0.0115242613065073,-0.019812550676019947,-0.008117090275581607,0.008590817981692922,-8.562459622996066e-05
2022-01-25,-0.011384771176142783,-0.026588422372953446,-0.029578643162913587,-0.031533745543573244,0.010900358921269504,0.02859415080890715,0.0007431079844093524,-0.010911425852098255,0.02939957791048542,-0.04484010324951049
2022-01-26,-0.0005629484942666352,0.028493318867062634,0.018103930711484528,-0.007954330670553511,0.009486176560893789,0.0044742877459564845,0.019158481142324657,-0.008712673006079141,-0.01014268426164866,0.02006831888488758
2022-01-27,-0.00294358313147125,0.010548909975509613,-0.0017643888159284415,0.005508645722495764,-0.017644838800706553,0.013125005923347866,0.0013601660272359872,0.006196781393810857,0.012808430748381117,-0.03636049237200489
2022-01-28,0.06977803103548363,0.028081764445155866,0.033688604863652216,0.031084056738273746,0.008946119602332159,0.007034235823010215,0.10599043501120486,0.008609098938417326,0.0021295824018114917,0.04083105867294101
2022-01-31,0.02612553315427668,0.008823790875601256,0.014641882537319795,0.03886361030218932,0.013573826447474735,0.0029106606796873713,-0.00802613563745369,-0.0003114119541036686,0.00903311982129118,0.07206661022603122
2022-02-01,-0.0009726538877401492,-0.007138649060022817,0.01729816456665456,0.010830762802234384,0.017159917131312152,-0.008183925441095696,0.027368820411952877,-0.004424891433397415,0.06411273758576996,0.006207800137638442
2022-02-02,0.007044393768096402,0.015221932042549735,0.07523727113782441,-0.0038427158906232384,-0.008005046958500794,0.011060577223207746,0.013169130182835165,0.017904093245667774,-0.0025978407929369007,0.02451491954867424
2022-02-03,-0.016719740134690242,-0.03895224612895565,-0.03317552305598581,-0.0781276325178123,-0.00827021183186405,-5.782878222826415e-05,-0.016481220461090906,0.009470876792122107,-0.011659707412849052,-0.05126397755314005
2022-02-04,-0.001679488583314126,0.015568492755241525,0.001418700815610352,0.13535901735711864,0.025958498796857743,-0.006540954081492245,-0.013604503631313825,-0.01590120812964657,0.021711754821733598,0.015491957683007929
2022-02-07,-0.0042344942279585185,-0.016310253623931126,-0.02855695302832062,0.0018777353189827206,0.003342944172397555,-0.0033212679698202408,-0.005385545948018766,-0.007490623678338304,0.012037797512761461,0.01681816672627856
2022-02-08,0.01846682567613689,0.011995100817986604,0.0014223951931844336,0.022021627828944013,0.018814931354214748,0.0026307431910355117,0.0034339116764743327,-0.0022455113664479054,-0.02585259507657911,0.015367348446834184
2022-02-09,0.008293638251006152,0.021834935543199485,0.01573201539508773,-0.0013877341505965646,0.004167930527001706,-0.00011660839281069091,0.012854212882353,-0.002250565035816776,-0.004787056070454154,0.06360490243796679
2022-02-10,-0.02359877206305505,-0.02837316152050362,-0.020989876399992835,-0.013561706274733853,-0.004150630985411241,-0.012070426736355278,-0.02128040704253642,-0.015225766813579678,-0.009620052825209169,-0.032989931372150005
2022-02-11,-0.020218528558433868,-0.02427404076950912,-0.031290804834868347,-0.03591110674363196,-0.013017188827769144,-0.010093263168650224,-0.003989530557177878,-0.005599076124819358,0.025178817804919706,-0.07260686507502834
2022-02-14,0.0014232892567820343,-0.0001357243438576683,0.009260358950396341,0.012221683270054351,-0.0092905365271031,-0.012581392599622543,0.0028927128936144797,0.0028792939292472397,-0.015334736521894654,0.013278333442920953
2022-02-15,0.023152482924127638,0.018542526469302656,0.007987604395664372,0.008658352201907249,0.014623996212795198,0.010325882990154911,0.011005840169088232,0.0005105810621020002,-0.012535072163358252,0.09181175716998835
2022-02-16,-0.0013889247236359425,-0.0011673915241597888,0.008268230861383286,0.010159039538768955,0.0018098013352203512,-0.0005973671679664339,0.004389482569466363,0.00758858853447375,0.0046163688212284,0.0006040182378268533
2022-02-17,-0.021269191805401544,-0.0292819170806099,-0.03774590777717923,-0.021808901106176726,-0.023032348574834938,-0.006100376383689543,-0.018398910098414323,0.011454828139869644,-0.0015316811263560437,-0.07559144919306449
2022-02-18,-0.009355824256968792,-0.009631223572530656,-0.016115836385113158,-0.013261957754408193,0.00468873945449233,-0.010718822179939913,-0.008547871209191538,0.0005005281162802078,-0.011120990676937614,-0.03529581416243799
2022-02-22,-0.01781239450986849,-0.0007289711745098737,-0.004520730017328556,-0.015753494788264932,-0.0017748638581593923,-0.013589435845236197,-0.006152204388288562,-0.012320203713851341,-0.011634163494745442,-0.01065903604697327
2022-02-23,-0.02586405210281495,-0.02589334444747593,-0.01714377466148964,-0.03575624663287669,-0.020938742828700896,0.0004962786587556778,-0.02426366783076639,-0.012473776719396756,0.004054364243474939,-0.04288166742170929
2022-02-24,0.016680300170808238,0.05109322894159063,0.03999583017318531,0.04509522427819257,-0.027843091855171198,-0.01910430643860861,0.006251580981860405,-0.026930224851337337,-0.012635046612538892,0.060794227689749514
2022-02-25,0.01296528857414958,0.00923351263477401,0.013328222503029119,0.01605793012842116,0.02365943758692346,0.04970279613580475,0.009065622798789308,0.0426992722632753,0.02691280872372115,0.017222544009502183
2022-02-28,0.001637658331084424,0.004977854227092848,0.004443649129748595,-0.0014662630028149382,-0.04169772319084353,-0.008614172831030942,-0.014365895089400116,-0.014850989314676433,0.007451292770644713,0.009438161665349165
2022-03-01,-0.011627725853021631,-0.012851840847566964,-0.007371113791718731,-0.015765550251120253,-0.037729404301384384,-0.003463753485981824,-0.03308323285619552,-0.016550312327015093,0.009563845825616646,-0.03723598415002538
2022-03-02,0.020588340640988134,0.017765981381659746,0.0038042714401067546,0.0060241839623909055,0.020740530391329948,0.012438932704410322,-0.0023447354013628185,0.0031308039798021436,0.017178370956345557,0.031823693437607714
2022-03-03,-0.001981344793207218,-0.014224631967334034,-0.004993501310147752,-0.027319556126581324,-0.007108064489537158,0.014695206193967358,-0.005995925483889386,0.00370682815967327,0.006333042091042351,-0.020891722321082384
2022-03-04,-0.01840839025070906,-0.020478555534330645,-0.014884497896669457,-0.0152637929917393,-0.028129290382826633,0.005935371647907806,-0.033489298018936076,0.005052851128818592,0.03763566475813063,-0.03280756100211324
2022-03-07,-0.023717460463336226,-0.03777658988157484,-0.04190832784140963,-0.05622045424233624,-0.0386159023809427,0.016108331096926776,-0.047880680481877214,-0.014825353894341031,0.03603295163707276,-0.06906165802127806
2022-03-08,-0.01167619851690238,-0.010971370379589951,0.005744715100245212,-0.010465446730283379,-0.007042847769858085,-0.02026604792449549,0.005296396752173749,-0.03958391484312995,0.007575505386986814,0.007587056140506254
2022-03-09,0.03499748220264798,0.04585833640296433,0.04968748436876824,0.024001199930983708,0.04006230587003734,0.003793393417443447,0.04199046347473345,0.013488731286413369,-0.05684653374022741,0.06972204247813463
2022-03-10,-0.02718610358790141,-0.010086803980280279,-0.0074239393226830375,0.05412515560997311,-0.011840644387422938,0.0017714302403810667,-0.008960679976560804,-0.02574417083534153,0.031042405530092188,-0.015468724231123332
2022-03-11,-0.02390852779283381,-0.01932839474028525,-0.019323766401836417,-0.008806846762653975,-0.022523630914307313,-0.0018273189671198509,-0.00636449148571494,-0.011867028579952366,-0.005154640239879993,-0.024627135915308962
2022-03-14,-0.026562702587855647,-0.012961208261850321,-0.03017987327271965,-0.025229488143872714,0.009930880014062726,0.013817402952307267,0.018402473175449074,0.012777407846499944,-0.03579848141809605,-0.034841799148131125
2022-03-15,0.029677474372530543,0.03874279756841359,0.025779980505452604,0.038867730338306705,0.017746093500140114,0.02591874026459906,0.029002422252616178,0.035987568760878164,-0.056912439543640225,0.0770278671869058
2022-03-16,0.029015084615645836,0.025213246389889754,0.03159864744377283,0.038933563723705156,0.04468588915819516,-0.009197051323172611,0.027796329976194745,-0.0033938662308270473,-0.003755558881247789,0.06629507140100177
2022-03-17,0.006454175772021564,0.0028193593214551615,0.004190508574886342,0.027007748989816838,0.012644701637176459,0.013064402192671354,0.00745752566972846,0.0031382916021713836,0.026647662441324105,0.011022285185238845
2022-03-18,0.020919049609471108,0.01764799806552686,0.017084187352918834,0.025512151358369817,-0.0003571838402650629,-0.01108615330444851,0.026516760455910893,-0.000532366295660891,-0.0039252250706800496,0.06811736781382627
2022-03-21,0.008537829147025944,-0.004227202283467957,-0.00017641644594823536,0.0014945523217748669,-0.0032117966447324786,0.005662588060223461,-0.009447404812921167,0.003796349069557836,0.044871059362846744,0.010622760106765439
2022-03-22,0.02080047746032121,0.016379167221924673,0.027673879187477102,0.02103830044237709,0.021267390636423578,-0.004720483061917191,0.006588743786280382,0.007696246144337504,-0.004379504745669949,-0.007855204845148567
2022-03-23,0.008233865643596738,-0.015030010736613364,-0.011385541121100573,-0.008981816492546923,-0.01991302215568813,-0.003771409302008588,-0.017347961700191927,-0.006979181938460921,0.01576228314204764,-0.03355443788770429
2022-03-24,0.022677685908028655,0.015392790841682435,0.023840131368374262,0.0014779010051912955,0.0065102765980751265,0.005162192167047053,0.012250853116879235,0.0017240425716835706,0.0030074668141593097,0.09815084945339225
2022-03-25,0.0037341443934237883,-0.0013811462567869803,0.0007134223438527432,0.006868294014676479,0.008742685991312227,0.009586741843376823,0.005153855372844296,0.011583060309527715,0.021827825463664352,-0.016269948709919047
2022-03-28,0.005036557486683524,0.023116562874100577,-0.001535356055371473,0.025592678900108856,-0.007398802806300342,0.005143415647661964,0.010712734475491814,0.006870190743950344,-0.028051731560458704,0.019030587769755636
2022-03-29,0.019134582104501252,0.015159270070853603,0.007422830929376456,0.00192027764251268,0.002200794998176825,-0.0005059139107038702,0.03329245370192524,0.010267882281500329,-0.0053134760316095875,0.015486208817662828
2022-03-30,-0.006649708283169242,-0.0049143176863615246,-0.003978652188496357,-0.01780118433038691,-0.004533249461913025,0.010408774931902176,-0.01827962978678821,-0.006882742715974777,0.017118116038731923,-0.033710263994772616
2022-03-31,-0.017775734106163843,-0.01768304015045019,-0.020227163383846336,-0.019864567358571672,-0.030026758026939104,-0.01314116085820416,-0.009734448672327756,-0.010298687292268904,-0.014203829269124113,-0.014590153763758273
2022-04-01,-0.0017183273340367622,0.003600189745965654,0.007787400749383666,0.003450973226124532,-0.0074092670490503165,0.0054166271197779725,0.020697021321668174,0.014986992125531673,0.006417148143115892,-0.021036310479489062
2022-04-04,0.023693603388842632,0.017937089606262058,0.020128571809872264,0.029264484561530857,0.004434432176965153,-0.009652715794751687,0.0060966160810342895,-0.006512345014991983,0.00048126099288459123,0.02425865625271051
2022-04-05,-0.01894203284566931,-0.012985504755914756,-0.016650144329532823,-0.025492089193307588,-0.011637529976626815,0.0064599717903626175,-0.0072449973452547445,0.0035047316252392324,-0.005170802039827893,-0.05222964522882545
2022-04-06,-0.018450805835345307,-0.03660590462365698,-0.028757258187257162,-0.032300120131985244,-0.013874162321507066,0.02601201840081102,-0.03131515768936555,0.01429299977935905,0.011120437900206559,-0.058771188519495476
2022-04-07,0.00180409637922474,0.006243744933798867,-0.0048297910431338575,-0.0061194323502751224,-0.0030422604154113353,-0.0025791485064630137,-0.01305866928149102,0.012943793646117419,0.016736570104343595,-0.008153440151658087
2022-04-08,-0.011908938169182814,-0.014599993495914454,-0.019140814619167945,-0.021066740550443774,0.01830810483622458,0.0019809430828996444,0.0038401500963265445,0.007805874391455303,0.021046416166261128,-0.04498524199570897
2022-04-11,-0.02551582157079857,-0.03943152648442039,-0.03349135799845526,-0.021613947156313595,-0.0036705920625786925,-0.01251940260879325,-0.010277612664915892,-0.003810396944792127,-0.03443103135350045,-0.051991741760378685
2022-04-12,0.011523432779379839,-0.011217674487060902,-0.008608722388449896,-0.002213363562407644,-0.01097757076036543,0.0003337937572420735,-0.01559963291353994,-0.003009596745417231,0.02087043915136433,-0.018843835226640238
2022-04-13,0.016342352832452,0.0197119648210069,0.017065252451324175,0.03152445706895657,-0.03223362850351319,0.004224535761879311,0.008845908638613231,0.0028302550366410273,0.014135491714632575,0.032505629765550825
2022-04-14,-0.029988177294477558,-0.027084318946459462,-0.02435810237865743,-0.024652684274885983,-0.009269416297946198,-0.004206764136343577,-0.0022508162895854555,-0.005581440336366095,0.011749898456539398,-0.04256206981079336
2022-04-18,-0.0013308572146381037,0.00246566802441861,0.007468496805814073,0.007109164667870926,0.018553842013980804,-0.012451439777660056,0.0017858820412504084,-0.009522627566707742,0.008197546436754966,0.024696848644172542
2022-04-19,0.014115196258964069,0.01703994432532485,0.01826880911826012,0.03488883060861969,0.02070674115058746,0.03050775307692466,0.011868385462499909,0.014962677038563799,-0.008921404851239711,0.01905152926174214
2022-04-20,-0.0010157319257357855,0.003715244726107736,-0.015145081655276282,-0.026041044919075107,0.0035081766456790398,0.004424161441789476,0.009689582394303509,0.02659781860339394,0.002279079914646598,-0.03225517605895689
2022-04-21,-0.00484333453329211,-0.019380975097753828,-0.025191296013357678,-0.037026427673936824,-0.007751805684580337,-0.002882308140887302,-0.006152725384881985,-0.0007802924000394063,-0.010573272714773041,-0.060469228481924375
2022-04-22,-0.02782135867621638,-0.02414460462838408,-0.041493544359189505,-0.026608937569704394,-0.028722417407248346,-0.009925723912452278,-0.03825373225752404,-0.008363487737625297,-0.0218315546193506,-0.033097071916701526
2022-04-25,0.00673744310714941,0.024413413763799463,0.02874141553123377,0.011943186356370372,-0.00031536053458292024,0.024622757915597093,0.008550582184941646,0.008061855960163067,-0.03371295527840523,0.019830706760259886
2022-04-26,-0.037328230240933014,-0.03740384097759053,-0.03594585788288396,-0.0457507730510871,-0.029581252631331045,-0.007150282879533898,-0.04215263850183226,-0.01697945337943063,0.00036466568472337535,-0.05597411434516253
2022-04-27,-0.0014668393404819735,0.04810907267447928,-0.0367087806140044,-0.008781047317448887,-0.013006066647547665,-0.013970067407593323,0.06469406140973089,-0.0026907568402517734,0.028557493660043898,-0.019853118468062703
2022-04-28,0.04515541569497006,0.022632442766710392,0.03699218096026846,0.04653418536434306,0.01581302761804415,0.007468590625433258,0.030591852907936312,0.02541423657859454,0.030245591751321577,0.07423281469279219
2022-04-29,-0.036604856502888916,-0.04181198627374416,-0.03723344702450382,-0.14049437774923412,-0.032268585460176746,-0.016352382883156213,-0.03412494867554505,-0.017502033861396593,-0.022362170274443316,-0.06243034712613371
2022-05-02,0.0019666645902485236,0.025043278237027566,0.021676611622867048,0.0017580913238786078,0.009131986673206693,-0.010085323985983163,-0.007507155986185787,-0.01351630772942336,0.013607030481758375,0.05316235721117635
2022-05-03,0.009622281037276581,-0.009456078496398512,0.006441702784564685,-0.0019799044812061073,0.021419799773570114,-0.001959293241981963,-0.01404065149898892,-0.013701180778756039,0.020599586396458758,0.0035322780441293666
2022-05-04,0.04100834261316644,0.02910063031600174,0.041991192617700346,0.01348046853293483,0.033081374623408655,0.010712973097021905,0.02857681923626787,0.007362010926896145,0.039800274954785664,0.037343285114469715
2022-05-05,-0.05571595457950329,-0.04355443623122046,-0.04707555867816615,-0.07561036490424522,-0.025019835266822277,-0.01908999647648757,-0.043259161207084285,-0.018429038155164057,-0.015158220845319814,-0.07327630692726816
2022-05-06,0.004727099751638653,-0.009446681812119606,-0.006514697361788446,-0.014041240035030156,-0.0016138487557543213,-0.0022062463478271788,-0.011791180161904946,0.009970152780543584,0.015280939060235088,-0.008968504247963471
2022-05-09,-0.03318924468406104,-0.03694562970513715,-0.027953259859283763,-0.05213354825727923,-0.015033825578718352,0.0054430389395201395,-0.04841741128962307,-0.0025001351043102416,-0.07885273474622423,-0.09236934955434428
2022-05-10,0.016112117836981632,0.018595709018949025,0.016745013793810104,0.0006434445934941913,-0.024372327898717017,-0.0013536847380209993,0.003005416987822862,-0.005269654918596656,0.006630339375937266,0.038052952719157984
2022-05-11,-0.051841312372081116,-0.03320986827356598,-0.006927778837513721,-0.03203225709010693,-0.0063083501440732714,-0.005420910857062533,0.016220592830650027,-0.014083365632707512,0.020818588984190534,-0.05484517681861634
2022-05-12,-0.026894043869561735,-0.019957617198081645,-0.006676769721027931,0.014790404884573505,-0.0008463673234183622,0.0098792229546254,-0.012096061337081299,-0.0040626295431838155,0.004539733561709891,-0.027360043768891784
2022-05-13,0.03191619567952886,0.02259628227013355,0.02841537665794558,0.05727556035084902,0.008895243053966162,-0.005734725349154646,0.02711771158823084,0.010724277744369903,0.029663930654575177,0.09465230009888725
2022-05-16,-0.01067221202136348,0.001455321391141906,-0.013834526364772226,-0.01985316173972207,-0.006969575770069292,0.006955101601670233,-0.007127408789954881,0.009764271621438114,0.023519960784845084,-0.024963623887364172
2022-05-17,0.025422633964207852,0.020344286625519015,0.01772032252200284,0.04113327357999652,0.03314737476172769,0.004155638323777078,0.03129254731014286,-0.0028365890300660057,0.012754163948008657,0.05288475975913576
2022-05-18,-0.056419298048001054,-0.04552985026966194,-0.03926667750009927,-0.07156196640827228,-0.01710613204890854,-0.018566213216138272,-0.019657087004330553,-0.06232200365848084,-0.015850561779232497,-0.06816312513622724
2022-05-19,-0.024641199757050924,-0.0036995134992643397,-0.01354335427228226,0.0019278532990965047,-0.014822104586583174,-0.008888835203452405,-0.01310032226998914,-0.023027990534662646,0.005405642663523835,0.010981562878680684
2022-05-20,0.0017470075582781686,-0.0022912978590650113,-0.013371511753015097,0.0025345295167618076,-0.008198766096334853,0.017477054943386916,0.008410521059905918,0.000634857259561139,0.007900054360324038,-0.02511115597183422
2022-05-23,0.04011947082055767,0.03203219704881621,0.023689682984148197,-0.00031605069518414464,0.06187164377248067,0.02041535377017656,0.042857629632710115,0.022991691619308918,0.022098505504797528,0.012220177720745129
2022-05-24,-0.01921605692228545,-0.003951628581038591,-0.04949402178892126,-0.03214110432537587,0.01412502339230648,0.010922782952396126,-0.023751922911891432,0.017787252527376785,0.005431921845900023,-0.04402908403406536
2022-05-25,0.0011398804916422645,0.01117005272671645,-0.001556913976417107,0.025696475417555487,0.006964109607693336,-0.009812480894922926,0.005971288798506391,-0.016392305322167067,0.020127225665787618,0.050823443309334415
2022-05-26,0.02319954904196342,0.012875275555263022,0.018784411820443214,0.04029499229486544,0.017290329943235205,-0.0008908556017837022,0.023106533180161648,0.008745675572485734,0.003530564092899091,0.05160519104898609
2022-05-27,0.040756889379554684,0.02760408857374408,0.041969598266944796,0.036632083603781895,0.01413774409695745,0.009082824869895312,0.020762190493752497,0.015292491641089923,0.009830304786850652,0.053778616018701264
2022-05-31,-0.005346262499845267,-0.005014063527016721,0.01286978937590999,0.04397010379074828,0.0073129816727524055,-0.008614484173066206,-0.003334976466533357,-0.0056483361250030395,-0.01629254170123884,-0.007389302083728233
2022-06-01,-0.0008734189804026071,0.0020232271441693594,0.0011426962299481147,0.012266042992872705,-0.01754495285645863,-0.010137609091282807,-0.010557692752666936,-0.01514759867958626,0.019166342713331286,-0.018852007204667287
2022-06-02,0.016811161820162734,0.007928944357755041,0.03275468520485281,0.03145034300738625,0.016087881911897695,-0.0031513138488689085,0.02438913970510015,0.010780271303804545,-0.0017371848615651553,0.06943228194326467
2022-06-03,-0.0385556545122826,-0.016607204929216857,-0.0261981946680534,-0.025185068024527135,-0.013939220753372394,-0.004120621115046297,-0.011160214186904382,-0.008966903472649723,0.014538629149621896,-0.04450786989277178
2022-06-06,0.00522776561520355,-0.004703444687712444,0.01990113272732774,0.01994280728922404,-0.0033036668139647674,-0.0001134738720343087,0.0013639509099026004,-0.003906987926977967,-0.002523020848119617,0.0035257524223004655
2022-06-07,0.017585874297419313,0.013953788060346861,0.0028163743059954616,-0.014344105316090427,0.0026209130838195094,0.010997827151039807,0.007325730154825294,0.01114766137222456,0.045832047385954144,0.007452191614400583
2022-06-08,-0.005043400879771731,-0.007669652029226648,0.00037995908031907,-0.014796745486375773,-0.015914655212867834,-0.005943606175043525,-0.004661976276825963,-0.012454037573635501,0.01180206338586598,-0.014480178629369345
2022-06-09,-0.03595562495818383,-0.020783463278337355,-0.020124862708751245,-0.04150848957443054,-0.021015628756341775,-0.020137940414509004,-0.03461357186735259,-0.018055217237514243,-0.021608288217518368,-0.032175141868761914
2022-06-10,-0.03862869586453388,-0.04456335873952566,-0.031993659273061636,-0.05596211721574329,-0.04596596035780098,-0.006677754030095628,-0.03202175347129543,-0.0037898669961565767,-0.018274236159661283,-0.05950804316123315
2022-06-13,-0.03828459550445362,-0.042412950233258306,-0.04290152303356476,-0.05453719355874531,-0.029778319800804143,-0.010083820442414182,-0.03633904517247266,-0.026769942888919984,-0.04588891898950742,-0.0781782240738933
2022-06-14,0.006672287787540476,0.009204960288798691,0.0030360621913096963,-0.013118555361940287,-0.01663926221305656,-0.015338660536803439,0.006553460949887846,-0.0311978271910045,0.0026083061058232992,0.01207885734241776
2022-06-15,0.020111523296236777,0.029735433537536604,0.028571292560930495,0.052389802934770247,0.01183585677658483,0.010701995429139854,0.01364230367936159,-0.009937282485579235,-0.012591116096077548,0.04363481569877714
2022-06-16,-0.03965123285848082,-0.026970127530888566,-0.03399106152741649,-0.037243378610853695,-0.01715636898295958,0.0005295949590859994,-0.036246119380692554,0.006112600159437376,-0.03688489240255022,-0.05602951491617958
2022-06-17,0.011532901425721276,0.01094010733194617,0.010468450302481891,0.02469609751257895,-0.0035261948615262773,-0.0036451926561293924,0.005078080977958699,-0.007200744244728163,-0.0576649260958354,0.017883360115781066
2022-06-21,0.03276064912465859,0.024591140041930526,0.041071025376935744,0.023159471438541024,0.024772054806184496,0.020948798181962935,0.023051463576642117,0.030296183820804012,0.06223896375589444,0.04319901506062607
2022-06-22,-0.0038270643917588387,-0.0024041578175684197,-0.0005065625764874016,0.0024843268523027096,-0.005611685284701129,0.015779376959294655,-0.002932179823633696,0.015619573799798614,-0.03957160205889232,-0.012434956425177779
2022-06-23,0.021573902065586514,0.022636574782052277,0.006767601563386627,0.032033093996523876,-0.010939431464736749,0.022305595970775638,0.014549521116927089,0.027436705950082185,-0.030161645221095768,-0.008251841387129644
2022-06-24,0.024516794867335268,0.03414980195393458,0.05107712496306349,0.03575237064906056,0.029845439343473945,0.014638845317681781,0.045107915200374604,0.014405959104321298,0.01983337681972097,0.05553138309303174
2022-06-27,0.0,-0.010496755464762586,-0.018152046008340195,-0.027820692849391482,-0.008012281396474807,-0.0009325762496399381,-0.00948880580473277,-0.0076204529161228995,0.024510725821002888,-0.015006538347753007
2022-06-28,-0.029789267926070728,-0.03174900388254209,-0.03303024515907482,-0.05140434227234392,-0.00481188639090846,-0.028442810142081942,-0.02672431032186451,-0.016264824315742166,0.0277436766033885,-0.05258161618834678
2022-06-29,0.013023761910230247,0.014738163416733396,-0.002732062255862755,0.014152668728781848,-0.0044895034022608415,0.00028260901545995587,0.0069654526194034005,0.009082794850263864,-0.03693993396192674,-0.027530969917740955
2022-06-30,-0.018027584976390232,-0.013179349843221999,-0.024516108938005265,-0.024880638358708018,-0.02333037037470931,0.0029379163434997135,-0.013082492684581393,0.011181537724535007,-0.028143355452005192,-0.02464273753007884
2022-07-01,0.016164040057119022,0.010707306740543432,-0.002069442452814596,0.03154127203651269,0.012787425635650829,0.011323437762286392,0.01163070131771149,0.016134512509180077,0.02230256809392439,-0.04195520926063301
2022-07-05,0.018930535491855194,0.012597458089733005,0.04161851478575951,0.035962053023039564,-0.003803632344902108,-0.0076872415923985304,0.0068278965591446195,-0.009650225944358382,-0.03129638126933243,0.030365572676970043
2022-07-06,0.009607566247048949,0.012782912485189923,0.011557087584571413,0.007312791463036872,-0.0064819844152986805,0.0008978723981047931,0.0028922397647228593,0.00932975774709055,-0.01804033183856313,0.011093116699965933
2022-07-07,0.023999233289606847,0.008226584146479476,0.036754317546500825,0.01749322109655349,0.025292736018356354,0.0011220060030490142,0.00835345657506803,-0.00034251565053111666,0.03194046301884268,0.04811633629416057
2022-07-08,0.004714516900279575,-0.002756837830974246,0.004802853239167071,-0.006791033294013427,-0.0031381528365996836,-0.0012324204282464502,0.0037967398036033995,-0.006712128443200793,0.0016290712821487308,-0.001261105227990389
2022-07-11,-0.014757944932747402,-0.0117688365963039,-0.030807658564809715,-0.03280250030721621,-0.013116348098664132,0.0003924866565583329,0.007319344904988423,0.007033444230432506,-0.0051114952892562515,-0.04331357168079353
2022-07-12,0.006833945733919711,-0.04098140980056364,-0.014315887055476817,-0.022639810105564928,0.0009746602424853812,-0.014017395335466087,-0.0011704986159895014,-0.008833220196894476,-0.013311646332896165,-0.004619782484715396
2022-07-13,-0.0025365578600372585,-0.003745032879546084,-0.023390494330895573,0.010803884746268588,-0.009383035247086391,-0.0023313689391346593,-0.0032710038773740013,0.006563320488155666,0.004023693177441334,0.0054368695643349785
2022-07-14,0.020482290038393414,0.005381310932349281,-0.008854677490071738,0.002083294604711794,-0.03493891451471787,0.0013677309400319526,0.008621095632639575,-0.0029516642325080333,-0.020037531224596616,0.013716825767769336
2022-07-15,0.011450153999795987,0.010390628826051351,0.012775489293422204,0.02639434033114041,0.04583340435983918,0.014515070451792456,0.02005727768750787,-0.0013764868726828805,0.016838826159231157,0.02537064937938016
2022-07-18,-0.020643317259315785,-0.009621537263898472,-0.024580073624191345,0.0018493974357443044,-0.010270046204835515,-0.022442972809449402,-0.013473529397663109,-0.012131811431626782,0.018452794909380232,0.021507477052397306
2022-07-19,0.026722077440461733,0.020767113726740893,0.04384118401934223,0.03911741266419089,0.024778564977541162,-0.014578272457021813,0.031127692864257206,0.005093502550531426,0.02520332898708144,0.05533814275990445
2022-07-20,0.01350998789530311,0.010557386831644422,0.0007907377369371638,0.03857539627705431,-0.0001745082268321818,-0.005707916385099376,-0.0013572088380520153,-0.017286901150716738,0.010989007730175304,0.04796366786856021
2022-07-21,0.015093992670654588,0.009799170551243908,0.0038630523120737337,0.01515028639903937,0.006809931097767619,0.0035146715669029938,0.01321634958371476,0.0009457009773041758,-0.016696574983571022,0.01364639960610714
2022-07-22,-0.00811078301002821,-0.016915815490725294,-0.056323274329152295,-0.01773248120979176,-0.004856204548368881,0.004728128606537485,-0.011517541899604078,0.015983645242268585,-0.007635280494759367,-0.040498461513682305
2022-07-25,-0.00739809325785501,-0.005876500865529266,-0.0036143304596740755,-0.010455798059483934,0.004008444341352835,0.001975756636290793,0.0026673006828732415,0.006782267013704546,0.03330270485840425,-0.01703345088893371
2022-07-26,-0.008826360299737268,-0.0267743783664095,-0.023160654186585083,-0.052253606265046604,-0.015622455745865516,0.007073695340270136,-0.008307183523163175,0.0019446610305604572,-0.003889771071573178,-0.028841556144368674
2022-07-27,0.03423468506660643,0.06685180108184419,0.07655687443950532,0.05365389594199388,0.01604665246337733,-0.002763577102894099,-0.009506489401965412,0.009495864948424027,0.021644435007845964,0.07602958611096455
2022-07-28,0.003571662927860153,0.02854075847817983,0.010259958758922494,0.010829110898360028,-0.003731348973604942,0.005773638260216041,0.004181260420349497,0.016616402820934573,0.011685284222169523,0.010905081677106132
2022-07-29,0.03279294208211425,0.015665035400894034,0.01838557591621104,0.10361464095050721,0.004790530806119797,0.001837048752228343,0.0035959442216191295,-0.06179932533251997,0.04630807158238093,0.009953320809968025
2022-08-01,-0.006153438870662109,-0.009724270769573717,-0.012551571432815822,0.0032604850044939404,-0.009968735988446942,-0.003495345541317363,-0.003535953259690472,0.028723449145942936,-0.025275820349492495,0.015305784507805953
2022-08-02,-0.009287018065961106,-0.011474048747547094,0.0023505944805357615,-0.009084834427092181,-0.015585348116858966,-0.005692560381906686,-0.02412958068507909,-0.00664766414859963,-0.004339623042291074,0.004609284304401662
2022-08-03,0.038247464458844194,0.02783586832031615,0.025623350137404355,0.039952299225118226,0.010495509426055927,0.009657689241449718,0.010763244551263762,0.020641054989888108,-0.03242277321673215,0.01980999926905347
2022-08-04,-0.0019264066019315518,0.004177673449156094,0.0009314937515934041,0.021860686341448332,-0.011002715304879729,-0.016037458893117806,0.023935040695795884,-0.0015876867209440038,-0.04207839378228906,0.017043112897221935
2022-08-05,-0.001388758639962795,-0.0026090652200697617,-0.006091861404194154,-0.012414983387324718,0.0302600752409381,-0.003958404899095491,0.01124274390617841,0.00048417962831659445,0.01445094225347443,-0.011761344972776033
2022-08-08,-0.002902926662583738,-0.009154779694055759,-0.0014472176393991454,-0.009872154542052702,-0.0121806067835869,-0.005318130553709888,-0.011812622926669958,0.003799970200869751,0.005652853141041803,-0.06298399035791391
2022-08-09,0.0003031958883017438,0.007063337571590944,-0.005711759590729781,-0.011333489631663474,0.009007521001217711,-0.00011752017538679826,-0.01434477183181082,-0.0023401714535669083,0.01843747333024015,-0.03973469142931585
2022-08-10,0.02619455581505381,0.024300469470978747,0.02632253663686157,0.0352608325167747,0.02608767738121487,0.0028790795639690447,0.008751266508577826,0.009452854796268007,0.009493277072310402,0.05917129426319834
2022-08-11,-0.004431606838627311,-0.007400765634058781,-0.007184552459868487,-0.014366830308238487,0.01478174752535466,-0.020682987091721006,-0.003046486573425655,-0.007108699888425329,0.028928088770117544,-0.008564781371267594
2022-08-12,0.0214255706096127,0.0170372312636502,0.02389756375305696,0.020691152408548463,0.016564032885252544,-0.011008672922383833,0.0011845906918808158,0.009706726728854642,0.008691903404625556,0.042748684990821184
2022-08-15,0.006333458843445827,0.0053441734581325395,0.003287311728215725,-0.0025775713556979163,0.0027019741801610486,0.00477892610550934,0.024085505350104564,0.012885694420537774,-0.017872480788662104,0.017264605187600868
2022-08-16,-0.0009238688619576108,-0.002589795093855929,-0.0031127389012919338,0.0111747882760318,0.009554222824899927,0.008910870263651338,0.003326881191316966,0.009222108287964437,-0.00931550913063861,-0.00803929401419523
2022-08-17,0.008784780425405092,-0.002636066471158993,-0.01766639723842378,-0.01851079360669594,-0.008412277331626528,5.968233464215267e-05,-0.012066006814567265,-0.004601956869359047,0.008090889017032143,-0.028815083618277892
2022-08-18,-0.0022917651400223837,-0.0039478580223197834,0.005186025795116622,0.0014074379989574837,-0.0077494884973073885,-0.004833367464686322,0.003402769164217556,0.0035512180080450317,0.023644367596490357,0.0238890130255911
2022-08-19,-0.015101790104922852,-0.013853937342338418,-0.024631703314803022,-0.02860159688639219,-0.02474505118582848,0.0152302846476422,-0.011288993430254357,-0.00026716762561762586,-0.0031785833709043754,-0.04921993016757353
2022-08-22,-0.023029524229406184,-0.029355133884352735,-0.02533904993847136,-0.036243902638259384,-0.016522054047526047,-0.0035081313415082915,-0.019782162398658043,-0.0026711545748029364,-0.0007441109738502982,-0.045660642339398816
2022-08-23,-0.0020289947561885624,-0.004716521434839693,-0.0033264254862771514,0.003002506326521548,-0.009856805060779128,-0.008711578216984206,-0.008676361012274203,-0.01928632347130621,0.04244241691758477,0.00862957847392054
2022-08-24,0.0017940605831450185,-0.002351048191307381,-0.0014928998362500057,0.001347163157822573,0.0024238988413949336,-0.0033104879526745234,-0.0006286689444681137,-0.004301875255609433,0.005918203314070336,0.0023863245214326145
2022-08-25,0.014922617417334472,0.011095333819814535,0.026035633074695808,0.026008936084948253,0.023747947692165372,0.009360993221321445,0.015241796873070257,-0.0008227527764590459,0.005173591174266079,0.040123105791374014
2022-08-26,-0.03769905660256623,-0.03858699320568226,-0.054093505415480414,-0.04756700784791723,-0.03272906206989823,-0.017112531656417684,-0.03302829928715589,-0.023404443706657507,-0.012312053615345042,-0.09227886658876427
2022-08-29,-0.013690479865977379,-0.010668260855579037,-0.008337908846294817,-0.007342307563037775,-0.0024417934031150113,-0.0077311631662819735,-0.002760242078200359,-0.004216529443186623,0.022989669848926253,-0.028229191123641417
2022-08-30,-0.015305508679003266,-0.00852091688191392,-0.0043866553947348175,-0.008167020675137082,0.00017491389459389772,-0.003496888825067046,-0.004695167711344039,-0.01065742100371192,-0.03805439402411137,-0.021074430009132228
2022-08-31,-0.010634845272127214,-0.005703997178671871,-0.0066091156932267525,-0.015225659516225343,-0.005943472391038873,-0.006710634845032648,-0.013258638331985817,-0.015979049597206307,-0.007475816898341314,-0.0241790906175543
2022-09-01,0.004706947299985886,-0.0040924375432904725,0.014045365769697504,0.008282741023605045,0.006858285233705574,0.024792385503897618,0.0071460743149360795,0.012323904054973633,-0.017993587156666657,-0.07665300229918959
2022-09-02,-0.01361129003785111,-0.016666551839132238,-0.01722254458854644,-0.002425266463259801,-0.006986227050077121,-0.015725026242842777,-0.01184222980667693,-0.017759892925360177,0.01832328885161494,-0.02080784336382735
2022-09-06,-0.008215183334759901,-0.010973905369011328,-0.00964289700702281,-0.010979542799969266,0.00026382942710023727,0.0027034742215099605,0.004449984476244229,-0.011154965315515297,-0.006695353418760819,-0.013336300802106349
2022-09-07,0.009253984098609447,0.019111464131811307,0.02471680514886998,0.026722663554652915,0.018990782016655272,0.00545418742135384,0.008960726239419348,0.0151147112740746,-0.008530609945437084,0.01879497607455005
2022-09-08,-0.009618017070946339,0.0016658768182875594,-0.009776267389380311,0.0026259778181887405,0.02329576013223389,0.008045300355598917,0.0014469743048617367,0.0013074606188951954,0.00817926884939002,0.020125386390534405
2022-09-09,0.018839685112648663,0.02297716479581391,0.020944871734596804,0.02657523304266962,0.004806078286686333,0.0019348471191018568,0.02237061393348916,0.01523281360423634,0.01675282512830889,0.02837731176336722
2022-09-12,0.03850794159069659,0.008281095465868304,0.0018978626698140655,0.023861278411006825,0.011831925371009966,-0.00042241763728623205,0.0069690497156778,0.008145269136737854,0.011502429779262968,0.008202045058917307
2022-09-13,-0.058679200133607834,-0.054978428560468084,-0.058993351907334346,-0.0705752837581286,-0.03474869578922324,-0.026020112701206854,-0.03368353486239395,-0.020694653066240742,-0.023358114133094632,-0.09472592031910376
2022-09-14,0.009555153069771283,0.0009126812481665691,0.0065184360564118915,0.01364140798846103,-0.0023196464629579028,0.020640527369080397,-0.0013021572875102638,0.0023884288643005736,0.02454623668819389,-0.00022854335392430425
2022-09-15,-0.018929932917018277,-0.027119178554688594,-0.019904707637969254,-0.0176585314552421,0.0150704920223097,0.0025509782417352245,-0.020259654084946677,-0.0077253796858544055,-0.029077401239116285,-0.0151584588418322
2022-09-16,-0.010960229142553679,-0.002608108455649849,-0.001068880368195857,-0.021777003694830932,-0.006702450650298952,0.01526517209680578,-0.01059548372822361,0.006111954121213792,-0.017083351255120505,0.02080604446090284
2022-09-19,0.025083222756440815,-0.0008988856814051704,0.002626429587682555,0.009147615105472573,0.009224619359907482,-0.00787605365054067,-0.0008794585921919618,-0.0020973341609306084,-0.00010726726942777987,0.01394143366413636
2022-09-20,0.015665454820599667,-0.008465713076841297,-0.018725171482740444,-0.019813903001303257,-0.01971912380223939,-0.007878118270494783,-0.005488462062726018,-0.0035510094530252223,-0.008154485147638169,-0.015393624780342452
2022-09-21,-0.020267780224936027,-0.014435969659019054,-0.018390414810961486,-0.02987152347123634,-0.0288354059165139,-0.010244233861250951,-0.026292495466190835,-0.012872884728134526,-0.01611866610937851,0.006450932720877045
2022-09-22,-0.006374941100098508,0.0084955032290841,0.008662433497844235,-0.010376272544574183,-0.011378732610979547,0.017760753235961824,-0.006576845485956384,0.0035368387503149634,-0.004177919253498752,-0.052786326718689214
2022-09-23,-0.01512372420449204,-0.012698077668820362,-0.013980507273301246,-0.0300912015408894,-0.01861346205578429,0.0032496101000165645,-0.00984992617712488,-0.004625219420550053,-0.0532186661013071,-0.0035825732130840837
2022-09-26,0.002259971301918906,-0.001975510966513161,-0.005772707008576461,0.012040804722097675,-0.021531933621679045,-0.006118100365700485,-0.01831912487606524,0.0009587684294807275,-0.020641386371698545,-0.023010601281087784
2022-09-27,0.006566169797515897,-0.004379700015535448,-0.006824866046538425,-0.006426381710496365,-0.008802335420306395,-0.004586511281491346,-0.015061857379161991,-0.027485035955164605,0.020957376463486943,0.015129293033065094
2022-09-28,-0.012651632672584068,0.01971147170121812,0.02615393129198207,0.0314657666190894,0.02021731898412016,0.008609179728551464,0.007364922407852248,0.0,0.03638924408593147,0.026021205664445324
2022-09-29,-0.04911910607811987,-0.014809108727973697,-0.026286737525131665,-0.027201076403397306,-0.01694596097912837,-0.011000173317225248,0.004911336723212978,-0.02485234473815834,-0.0020257193418853348,-0.040515179464644224
2022-09-30,-0.030039184960672705,-0.01936834990731484,-0.018168959846583843,-0.015679468675155572,-0.015636796866365876,-0.007111326344764635,-0.013384468336097077,-0.019036664905428546,-0.015448837777897073,-0.006628346915017569
2022-10-03,0.030752526213642106,0.033662521625428043,0.03125990547077717,0.02548670135768094,0.03090897530472314,-0.0009793412620580089,0.022516113505141266,0.017901059238373707,0.052800235009950125,0.030727411727170972
2022-10-04,0.02562305515201002,0.03381242643720572,0.030413395480888505,0.04496029692750958,0.04678369841184149,0.014828451439750534,0.022020474827918912,0.012372790005282575,0.03644495219643695,0.052349639334902776
2022-10-05,0.0020535303071262945,0.0012857152251750659,-0.0020660255792778193,-0.001156159830559167,-0.012346694993579321,-0.0030794187455892574,0.010880926422817572,-0.006917860458700353,0.04041126855000732,0.003189697241605227
2022-10-06,-0.0066258437315029894,-0.009670867667617489,-9.865089587901554e-05,-0.005374071210291542,-0.020382489014892924,-0.019380975453910154,-0.011083608609438023,-0.021052613079368676,0.02966101510204111,-0.005980502731645632
2022-10-07,-0.03671871776910529,-0.05085290280287791,-0.027016315887655185,-0.04771409266460669,-0.019973880086465168,-0.010561396674186985,-0.00948315939204658,-0.017473214798644277,-0.010091909977873459,-0.08027432821058289
2022-10-10,0.0023556586291044734,-0.021303015168085304,-0.008309659013352011,-0.007768849586377025,-0.009341596139961106,0.0013108394904917109,-0.008975755003106767,-0.004103849688739669,-0.02167698337807411,-0.03362037427821163
2022-10-11,-0.010255039934151,-0.01675023570078482,-0.006948578130761218,-0.01284419027000161,-0.028859972432831005,0.014463030332851456,-0.016686841724087964,0.0037975797445199966,-0.008498433723679089,-0.007197973560270299
2022-10-12,-0.004604784085808888,0.0015082529776531128,0.0039103017799355655,0.006149206372302096,0.01618291592001464,-0.0002459660727800461,-0.005023788818492525,0.0016100621028789508,0.004387750558069392,-0.007422702326070008
2022-10-13,0.03361291569383984,0.037608130669259277,0.01537499741617232,-0.00327726077574253,0.055593228099788616,0.015120858861772168,0.036018760549548556,0.015108660279530506,0.03494857067403778,0.04000003990418688
2022-10-14,-0.03224002675843851,-0.02424880803758156,-0.02523723623669294,-0.05003107895219994,0.016640718667316756,-0.004177935429154012,-0.011047542736405846,-0.009737918833276682,-0.026307942687070596,-0.0612876965452982
2022-10-17,0.029122673725456183,0.03924562318671332,0.03531482322301538,0.06445275295885255,0.04200024391944979,0.012951304299797073,0.014401679750149832,0.018068572186983767,0.014416708630492492,0.058875734581004924
2022-10-18,0.009409381724085897,0.004083724400115729,0.008002479808630891,0.022585461588422673,0.025720583890627813,-0.0034815728139974134,0.010364482345667447,0.008088345525762763,0.001788963000071142,0.006645622249822569
2022-10-19,0.0007652270946834072,-0.008469566446433041,-0.01131298447392004,-0.01108629175628062,-0.019606073720495276,-0.007951283606950965,-0.004060365033395796,0.009270207646126183,0.02966261495294198,0.007019092314565212
2022-10-20,-0.0032669887303636846,-0.0013953911497409655,0.0034126431192516016,0.0015642678860967596,-0.003261649605378003,0.002550203319065414,0.004345123850396204,-0.012880206118609183,0.0013489092202660924,0.01186618356246183
2022-10-21,0.027059075400470922,0.025280556121453523,0.011603468683138107,0.03531453097461368,0.05252750117396676,0.021803532994287833,0.016825158211188018,0.012520700372238291,0.018570098429770088,0.022306168467947085
2022-10-24,0.014802584188180479,0.021187788568523658,0.013744627936511211,0.004190412347291339,0.001227103100274185,0.013455164207107462,0.0017861536458478877,0.00614383917145922,0.006990459251287273,0.010668956576583621
2022-10-25,0.019337600092855345,0.013791830013274886,0.019118287213367058,0.006509754475742646,0.002614665767369795,-0.0015791910120721564,0.01924367786441672,0.011517404653332841,-0.006754101842510685,0.05254391920322021
2022-10-26,-0.019626917060585503,-0.07715632393000071,-0.091405077840507,-0.040961814879887926,0.011491561471782763,0.008786827849521117,0.04604388424132999,0.007030483701030876,0.011900134007503338,-0.02752424537638054
2022-10-27,-0.030465682733941457,-0.01975619393564021,-0.02854718063337769,-0.04063638620803933,0.003948190755620251,0.000580719060386814,0.004721283807271881,0.0007590738601868097,0.0038268757728501246,0.02171227442555801
2022-10-28,0.0755528304321289,0.04022031405281168,0.044133481888031456,-0.06804249715805744,0.011878069314997575,0.014857049213019113,0.024719683736409426,0.02532594713168801,0.02928862358743678,0.049939184652779245
2022-10-31,-0.015410364864136605,-0.01585617789450655,-0.018485780248975292,-0.009380148789788323,-0.001586570761957229,-0.005146774863497461,-0.010413487179256498,-0.004067430015860074,0.0009936720056467063,-0.02436037414706249
2022-11-01,-0.017542751733515383,-0.017059295267813024,-0.042746823227828856,-0.05515425020719411,0.018033077333458936,-0.005058315042913875,-0.0011103332645123754,0.0015593568167791005,0.009927089975965364,0.0034082889627240487
2022-11-02,-0.03730482531689816,-0.03536845113908127,-0.03868695049966564,-0.04824876665742572,-0.009207870110976457,-0.015367668007581825,-0.02889885669622627,-0.014383143958975442,-0.02055237633979823,-0.02392395804022629
2022-11-03,-0.04240483476548684,-0.026578712562239093,-0.04070372087643137,-0.030612240672440283,0.001811395040043795,0.001701464325292612,-0.030853239973205104,-0.00684535648862572,0.013593579718082616,0.015281130050017966
2022-11-04,-0.0019478619014708931,0.033325412597495774,0.03775639985969481,0.01881299269611514,0.02735848952030584,0.004451745226016879,0.011450509123903663,0.0182536714445396,0.010891116910407561,0.05476484895050593
2022-11-07,0.003902429834479859,0.029269785805817294,0.02206041851728835,-0.00494619214148917,0.005280036060021143,0.008747471168292886,0.015839199688821637,0.015322597676218352,0.011842230703052348,0.010243099453878024
2022-11-08,0.0041752300883759474,0.0043883394112329555,0.004633449593610894,-0.006075283660437414,0.0006089343837687444,0.00497161793830081,0.008395949654287804,0.002270971524579224,0.003167918541627346,0.0210476064859757
2022-11-09,-0.033190099023337694,-0.019050061713327127,-0.017772901154790466,-0.042676192754212194,-0.01300850096442685,-0.00799590664064187,-0.03675575161003375,-0.00241207122073972,-0.04473688240101881,-0.05656774733891268
2022-11-10,0.08897452979003218,0.08226795674528065,0.07581308201637937,0.12177847617944271,0.041159023158587216,0.011713528573605636,0.06002170655900141,0.03443753245856951,0.014692382846597685,0.14329269964178426
2022-11-11,0.019268673484255094,0.016997482907469497,0.02629335201031857,0.04305085149903842,0.0016289608985524673,-0.029919034868962302,-0.002772767897065598,-0.0014874527082545663,0.031221596947755392,0.03663482443472521
2022-11-14,-0.009485531679874204,-0.022500148706470102,-0.007364287365762778,-0.022819754250081536,-0.01027365560173954,0.015716433815906372,0.00907313313334579,7.08463317000696e-05,0.002919579382785642,-0.001959740186279535
2022-11-15,0.011869288695590008,0.001738640380095413,0.028630998809491492,0.004569038353104293,-0.0072434908982079715,0.0027921965734885035,0.015131105233299635,-0.0034757259516843275,0.006703620906544083,0.022767603444810325
2022-11-16,-0.008331232098565788,0.0018235550790965949,0.004164959187434647,-0.018394983322362668,0.0013537809006152202,0.006206780182825833,0.0007143131152844706,0.008897461763833991,-0.010689538436647439,-0.045361833885524616
2022-11-17,0.012971660233174198,-0.0002068361221044812,-0.0049568669492471296,-0.023373189953300733,-0.004357033102884711,0.008070889673880144,0.004044909865467572,-0.006137924436084408,0.00132845047871899,-0.014644865878281066
2022-11-18,0.0037816307466655985,-0.0019034028723962093,-0.009455017709230518,-0.007485493894513584,0.009808318550987627,0.0076634517382803136,-0.0009004884832476412,0.012067838824225685,-0.008667942881367297,-0.01709519141674709
2022-11-21,-0.02168045835512511,0.003440765077093122,-0.018782828771196858,-0.017845764989037338,-0.005902478473317263,0.005140653067994272,-0.02125240789052063,0.012695443599013423,-0.009903654260417616,-0.005970444287445198
2022-11-22,0.014661623313159566,0.01231155205483847,0.015167367680247956,0.008003437930963697,0.014956704718738445,0.004830252034655924,0.019435972512275912,0.008588681850349777,0.02892678244239577,0.04707186643407657
2022-11-23,0.00592625994245477,0.010407153168547234,0.014528660413381855,0.009978544373689502,0.010663549534619898,0.0010747718714498866,0.006656119682439954,0.005699585204245627,-0.0049922179601818994,0.029991262250166795
2022-11-25,-0.01959375451963663,-0.00036377408482035634,-0.010156488614962655,-0.007648928209040617,0.001905166696616556,0.0012992458034226662,0.00972922767588913,0.0018436691285033113,-0.003520733004251708,-0.015073439960774593
2022-11-28,-0.02626421689038083,-0.023152225136799376,-0.014467540672879475,0.00578089353348199,-0.01747849450854111,0.0005079813239861064,-0.01183416423826611,-0.0008178626204796702,-0.03003260871458302,-0.027228155623911343
2022-11-29,-0.021148252099637777,-0.005914998838395302,-0.00895365680643323,-0.016285245651894598,0.01644966843107487,-0.006992896351892486,-0.010413490645862944,-0.0076399743948131205,0.0066476342433416935,-0.011878500612179654
2022-11-30,0.04859389296799188,0.06162349021730673,0.06093095048055397,0.04457912603558567,0.011862689001288285,0.010846984286894124,0.03797948130914519,0.025295935664572555,0.007237337470697769,0.08237924648754325
2022-12-01,0.0018917352157736822,-0.0017636844853704536,0.0,-0.010772746070691896,-0.014039491317611175,0.004157213347216748,0.0,0.0006032787325771505,-0.004849920036760547,0.012527372528678304
2022-12-02,-0.00337161556718768,0.001295678393743227,-0.005446236949643968,-0.014345578498241363,-0.007927156895416343,0.0007832360442523445,0.003041634461620868,0.009111983853336447,-0.008483887592377282,-0.015114979132075934
2022-12-05,-0.007983129404363964,-0.018900561242812697,-0.00955793249849568,-0.03314559872755318,-0.02804099679285299,-0.0005591649526216491,-0.018285549789466393,-0.010092245376004616,-0.027398635994756115,-0.015762318098562877
2022-12-06,-0.025369950443271727,-0.02030373657823148,-0.025130609160723183,-0.03032636052572668,0.001674585339044521,-0.014990469119009697,-0.021527564162650004,0.0012745601798409556,-0.027796032455180808,-0.03750732525610201
2022-12-07,-0.013784868275464102,-0.0030597619029935075,-0.021035205849945338,0.0023795930251859776,-0.0006838035005015675,0.0060760199770499845,-0.006074064412832203,0.00643069621460457,-0.0022139644645002843,0.008319113814007295
2022-12-08,0.012132569299515117,0.012399205123337476,-0.012955747339415957,0.021365582288144003,0.010494537307897511,0.00016961662540571076,0.006207490361647805,0.007188529744630356,0.00742878821676074,0.06507446828064523
2022-12-09,-0.003434577194986188,-0.008003145742213724,-0.009390627311383182,-0.01394579034322141,-0.005418629767578675,-0.008239318420856567,-0.001912892703448632,-0.002643555131346731,-0.008427484936933682,-0.009785177247920829
2022-12-12,0.01638992454631083,0.028889225803815366,0.005170694011095822,0.01638799835988114,0.015511538686499238,0.01194928801682038,0.028222196773569852,0.010270485252486194,0.02462823012710147,0.03141002273755067
2022-12-13,0.006782321544674952,0.0174646766545139,0.024863416804210114,0.02142456926150338,-0.0009688804474573542,0.0077037817052767465,-0.007223132135072308,-0.0015084259792336185,0.010934167286981822,0.030624414586796433
2022-12-14,-0.015535791128579945,0.0011676435205587588,-0.005855808070767243,-0.009838858835905628,-0.004996695201035961,0.0030688949950321565,0.0013143785822278264,0.003940930796425768,-0.0073661492366999815,-0.022023125630558193
2022-12-15,-0.04685430217800213,-0.03191814600985654,-0.044283233151104384,-0.03417782070573294,-0.024810711571802146,-0.012627841783877991,-0.02536094291218316,-0.011318972976888997,-0.009580800134508016,-0.04085078924618213
2022-12-16,-0.014578853029277639,-0.01734872044213942,-0.006603567715710468,-0.006670394101153776,-0.006226178638235047,-0.010254157565101618,-0.004906089672027214,-0.004433821535947735,-0.007018273022869725,-0.02247546409990231
2022-12-19,-0.015909313773558975,-0.017328052202792654,-0.02016394214304329,-0.033462353983410575,0.005955596874129387,-0.001081807507536281,-0.01000531698881324,-0.00026576866314365066,0.004488882393230087,-0.019129598592086294
2022-12-20,-0.0005289426094924332,0.005614565001091476,0.00655824194033805,0.0031795134041781026,0.0048442083514017575,0.0010829790824382624,0.002636621011553819,0.0003989810603368671,0.014452920168870342,-0.010397295788111438
2022-12-21,0.02380914959145941,0.010876650064210125,0.006290704654896562,0.018546709195681466,0.011247773472927936,0.011441721132268823,0.007060655286566853,0.009171794575510983,0.012840789048564671,0.02586256994938596
2022-12-22,-0.023772372164298394,-0.025528796803810594,-0.020317003476129414,-0.034343619255829294,-0.011349849721319805,-0.0036582635110236073,-0.008461821356615107,0.0023049691024590313,-0.02017377234271367,-0.07042014240572136
2022-12-23,-0.00279784471721245,0.0022671086155858777,0.016750194574916222,0.01742450254827599,0.004745027832786741,0.002541965098938448,0.003755106782433737,0.002825313208564273,0.026444884771053223,-0.008670558590497923
2022-12-27,-0.013878779541083519,-0.007414115901880347,-0.020620973780186902,-0.025923742926365456,0.0035039783820036696,-0.0002815022276863033,0.002234752062063139,0.008714579546185819,0.013894165056471453,-0.07135349403851765
2022-12-28,-0.030685030052170492,-0.010255009637044066,-0.01567690761060747,-0.01469172937442731,0.005465206088534735,-0.00433993668607735,-0.006301775655905284,-0.012926121400941515,-0.01642617034042182,-0.006019447257547883
2022-12-29,0.028324471932536177,0.027629726416072087,0.028249109788501148,0.02884381103830358,0.005737806128825573,0.005094386502324966,0.014976319680754635,0.004145689652140572,0.00756579423517012,0.040396230703848124
2022-12-30,0.0024686421151376425,-0.004937549238589689,-0.0024870731804313984,-0.002138278742257471,0.006605757617262675,-0.005124821320414141,-0.0014418785186841587,-0.006750017429956512,0.010073314853499715,0.0007532852899334586
