Date,Close,High,Low,Open,Volume
2013-01-02,31.340900421142578,31.579501203987135,31.03212403976682,31.565465548875398,31413000
2013-01-03,31.277742385864258,31.40406060918071,31.018089449948253,31.39704411989761,24227700
2013-01-04,31.832124710083008,31.881248144503857,31.186498222367504,31.19351738558557,24487700
2013-01-07,31.86722183227539,31.92336444636424,31.59353328116021,31.642656729974362,24456900
2013-01-08,31.930377960205078,31.930377960205078,31.55142338148761,31.86020237615826,19624200
2013-01-09,31.909326553344727,32.421615824329066,31.677742302022313,31.972485651248384,25920600
2013-01-10,32.38652801513672,32.39354450288825,31.951430817786015,32.204067209273006,23413600
2013-01-11,32.379520416259766,32.38653958354552,31.90933793517615,32.2602213426814,19723900
2013-01-14,32.19706344604492,32.40759296314461,31.916355638559967,32.20407993656942,19079500
2013-01-15,32.52688217163086,32.61109609454016,31.825115542883463,31.92336511961098,29898000
2013-01-16,32.85672378540039,32.86374295305376,31.979515220696136,32.21811605737682,43453600
2013-01-17,32.590057373046875,32.891817386623764,32.48479393295659,32.56198872857327,41086800
2013-01-18,32.604095458984375,32.70234241452129,32.407601547910545,32.54795548883275,28679100
2013-01-22,32.66023635864258,32.66725285065032,32.372511999810015,32.45672328904602,24257300
2013-01-23,32.44267654418945,32.590046919261546,32.22512788787276,32.44267654418945,19105100
2013-01-24,32.54092788696289,32.84268784478932,32.33741753624233,32.44970012447811,20008200
2013-01-25,33.09532165527344,33.09532165527344,32.70935045680931,32.800580888928124,26009100
2013-01-28,32.73039627075195,32.98303269418069,32.61811371334222,32.87075013677096,19706800
2013-01-29,33.067256927490234,33.09532824712226,32.45672044914985,32.47777260035968,19907400
2013-01-30,33.07426834106445,33.22865520878508,32.954966599114954,33.01110922521537,18631300
2013-01-31,33.01811599731445,33.13741770415195,32.898816967503926,32.990044692525984,19536000
2013-02-01,33.57953643798828,33.68480251666389,33.13040616609051,33.26374355601663,24520000
2013-02-04,33.46024703979492,33.55147748918107,33.24971749869703,33.36200009908446,20822600
2013-02-05,34.23919677734375,34.24621326621431,33.635677007433436,33.642693496304,28067500
2013-02-06,34.112876892089844,34.26726640996113,33.90936392344629,33.979539516827444,28282600
2013-02-07,33.84620666503906,34.21112565998891,33.61462505262571,34.14095006277939,21429600
2013-02-08,34.12691879272461,34.16902308564911,33.867263160227225,33.916389297018775,15218300
2013-02-11,34.147972106933594,34.31639731547451,33.95147826115908,34.04270601696704,13935900
2013-02-12,34.48480987548828,34.604111588088735,34.10585527361922,34.24620912731448,16388000
2013-02-13,34.16200256347656,34.70236323412355,34.035684345557655,34.63218495915335,21635600
2013-02-14,34.540958404541016,34.59008186019499,33.94445509341371,33.965509915142235,18017800
2013-02-15,34.302364349365234,34.70938772997599,34.084815662313986,34.63219294821496,20016200
2013-02-19,34.702369689941406,34.86377573685868,34.470785354998384,34.470785354998384,20445900
2013-02-20,34.112876892089844,34.765520083238286,33.93743523160967,34.632182707975886,24786700
2013-02-21,33.86024856567383,34.00060246300967,33.5655077905937,33.972531148136916,24437700
2013-02-22,34.32341766357422,34.32341766357422,33.972534226949236,34.126923795713246,23584100
2013-02-25,33.474281311035156,34.52693164989143,33.43919350181226,34.4567533544174,32775500
2013-02-26,33.40409469604492,33.86726062270594,32.877769657701606,33.839191988535255,39401400
2013-02-27,34.583065032958984,34.66727897151378,33.51637923784788,33.57953835325011,31921200
2013-02-28,34.33042526245117,34.77253902765413,34.21112620987199,34.498850446299556,24711500
2013-03-01,34.32341766357422,34.681317591039296,33.944462909532476,34.10586896913659,25923400
2013-03-04,34.45673751831055,34.48480882359876,33.916379615161055,34.197084636962124,17695200
2013-03-05,34.730430603027344,35.1655251503598,34.60411239944258,34.730430603027344,25561100
2013-03-06,35.109378814697266,35.221661352977286,34.82165464304055,35.004115440887375,19607900
2013-03-07,35.53046798706055,35.69187409411301,35.095370470280216,35.12344179594907,24245400
2013-03-08,35.22868347167969,35.68483015049487,34.814641075108526,35.50237201437422,32711900
2013-03-11,35.425174713134766,35.62868765276801,35.025167998422205,35.2497330776634,19473000
2013-03-12,35.284828186035156,35.55851676579841,35.123422169175484,35.333951639991255,18003400
2013-03-13,35.20061111450195,35.390088410024056,35.1655233213372,35.29184151835193,16680200
2013-03-14,35.79010772705078,35.79010772705078,35.22167564059697,35.26378261341768,26378700
2013-03-15,35.10237503051758,35.291852384377954,34.49183867498605,35.067287226549624,60880800
2013-03-18,34.74445724487305,34.849723287677556,34.35146972939314,34.519892185448334,28011400
2013-03-19,34.52692413330078,35.08132050022517,34.16200510736426,34.842719701613895,24411500
2013-03-20,34.47079086303711,34.83570998799702,34.41465090067395,34.78658651704361,19385300
2013-03-21,33.930423736572266,34.54797927063847,33.930423736572266,34.23920284211932,23535900
2013-03-22,34.232181549072266,34.38657109225781,33.923405139728914,34.12691814174118,22791500
2013-03-25,34.04972457885742,34.61113746896899,33.797088109050264,34.414643626686896,23581400
2013-03-26,34.133934020996094,34.36551833163294,33.90936887693909,34.2041123016562,16417500
2013-03-27,33.523399353027344,33.902354056162196,33.37602897192862,33.82515928215015,26530100
2013-03-28,33.30584716796875,33.63567837587997,33.17952894694009,33.57251926536564,27506700
2013-04-01,33.56550598144531,33.67778855785647,33.32690517194312,33.369009464954935,17442200
2013-04-02,33.881309509277344,33.951487814678295,33.600604318759416,33.69183210023772,17273700
2013-04-03,33.083343505859375,33.944853020835865,32.85737423861409,33.916606188988666,33467400
2013-04-04,33.53528594970703,33.570593143912774,33.11865459304029,33.16102214858068,21514000
2013-04-05,33.83186340332031,33.92366424641712,33.01272425678494,33.040971084470996,22961500
2013-04-08,34.30499267578125,34.31205303671247,33.60589841788222,33.81068390384686,18672300
2013-04-09,34.3755989074707,34.573321291845204,34.22024406616762,34.41796914430758,20066700
2013-04-10,34.77811050415039,34.99701937758701,34.516834083043676,34.55920163071378,20388900
2013-04-11,34.820472717285156,35.02525543592883,34.48151894524567,34.74985566450706,22584700
2013-04-12,34.60862731933594,35.01113782142414,34.21318256379931,34.53095259504507,37805900
2013-04-15,33.84598922729492,34.84166707712052,33.82480545190478,34.17081968751809,31527300
2013-04-16,34.24142837524414,34.262612145445885,33.60588833153905,34.199058141075376,23865500
2013-04-17,33.04096984863281,34.0225241770011,32.75144661009421,33.97309357728224,43466300
2013-04-18,32.935035705566406,33.422283890429945,32.51840456607105,33.04802028439066,26106800
2013-04-19,33.3516845703125,33.44348543119766,32.9774234591314,33.29519359775982,19746100
2013-04-22,33.43640899658203,33.535272873080224,33.09745521559812,33.47171887078541,15230100
2013-04-23,34.01546096801758,34.064894261276194,33.46466132008695,33.669446771566776,20568500
2013-04-24,34.40386199951172,34.54509080154885,34.00841435001424,34.12139900790399,16459300
2013-04-25,34.60157012939453,35.04644821388398,34.523892704224004,34.61569354249514,19058800
2013-04-26,34.516841888427734,34.66513372633822,34.3261797995001,34.50271847142202,13929000
2013-04-29,34.54506301879883,34.67217099341947,34.35440375063242,34.65805027958568,13496300
2013-04-30,34.60862731933594,34.778105567255466,34.40384458254677,34.57332013670093,13802600
2013-05-01,33.90247344970703,34.53801352266138,33.78948884715575,34.43208927924719,17686400
2013-05-02,33.951900482177734,34.071945421744594,33.69062144824118,34.071945421744594,15529300
2013-05-03,33.591773986816406,34.3897294362279,33.17514266655016,34.340298829905294,43257900
2013-05-06,34.022518157958984,34.17080993088075,33.59176355624466,33.690624738192504,20829500
2013-05-07,34.7004280090332,34.87696661526049,34.07901136085885,34.297920202336215,24291600
2013-05-08,35.13825225830078,35.30067018934583,34.67925337740783,34.75693081562084,23559300
2013-05-09,34.629817962646484,35.17355726088674,34.54507748157856,35.09587983345732,18103100
2013-05-10,34.57332229614258,34.76398432679874,34.34735308064614,34.6368763063613,16199600
2013-05-13,35.0746955871582,35.09588205564951,34.32617348002328,34.4885887050387,23979500
2013-05-14,35.47014236450195,35.60431075788927,35.0676344905742,35.1453119212911,24188400
2013-05-15,36.07742691040039,36.31751950421287,35.41364277163185,35.44894995141733,27467000
2013-05-16,35.992713928222656,36.47995980986324,35.90091304254533,35.92209682625279,21389500
2013-05-17,36.931888580322266,36.9530750521134,36.19042671802334,36.19748707944286,26080300
2013-05-20,36.92482376098633,37.16491642675808,36.65648426541415,36.91776070665325,22020000
2013-05-21,37.4403190612793,37.89931795765102,37.03781113493457,37.09430210496158,37112600
2013-05-22,37.87108612060547,38.810270689215365,37.630993359031194,37.72985460901465,46968300
2013-05-23,37.67333984375,37.98404953412081,37.18609422989421,37.29907883718391,25294200
2013-05-24,37.89226150512695,37.89226150512695,37.22847704968523,37.35558511256482,18342300
2013-05-28,38.5560417175293,38.591351604039495,38.153533793961536,38.52779757959373,27162300
2013-05-29,38.60547637939453,38.810261890083524,38.06879998954611,38.19590805178297,20482600
2013-05-30,39.276309967041016,39.47403504587027,38.50660150462999,38.55603210089593,24890800
2013-05-31,38.548980712890625,39.424613624661234,38.548980712890625,39.33987313097092,24990100
2013-06-03,38.478363037109375,38.73963946922281,37.45443838961724,38.55603777569866,28279600
2013-06-04,38.16059494018555,39.113902565426564,38.04054725834052,38.51367223749941,22022600
2013-06-05,37.4473762512207,38.323009109500525,37.21434664222291,37.9769921824845,24326000
2013-06-06,37.779273986816406,37.79339740314754,36.910704085698555,37.313212022954,23940900
2013-06-07,38.32299041748047,38.471282159401284,37.715697348168995,37.96991330218446,21691000
2013-06-10,38.386566162109375,38.72552006164867,38.146473479881614,38.58428859673243,16007000
2013-06-11,37.772216796875,38.16766171228316,37.50387725158628,37.75103032371638,17600800
2013-06-12,37.55329895019531,38.20295983913429,37.40500714212435,38.06173108502812,18479100
2013-06-13,38.25239562988281,38.30182893304344,37.405012215254466,37.42619599249032,17090200
2013-06-14,37.517982482910156,38.22413685386171,37.36262765929597,38.16058285272546,17185300
2013-06-17,38.02642822265625,38.31595153204704,37.807521997120716,37.92050663752283,16856600
2013-06-18,38.21003723144531,38.32302189338732,37.9346372863221,38.1535435535909,13259100
2013-06-19,37.814579010009766,38.4924867923913,37.793395233612245,38.12528876392586,20840000
2013-06-20,37.05897521972656,37.55328374018844,36.91068347171742,37.48266939173591,31857100
2013-06-21,36.691795349121094,37.41207342286452,36.501133268386106,37.397950006465685,44412200
2013-06-24,35.95738983154297,36.331653589776934,35.385406347169706,35.92914569567503,30736500
2013-06-25,36.77653503417969,37.11548893895698,36.37402441013009,36.37402441013009,20951400
2013-06-26,37.07310104370117,37.284946796626485,36.635286128486875,37.17902526704628,19332000
2013-06-27,37.53211975097656,37.77221243349635,37.34145767717266,37.44737925566407,17093600
2013-06-28,37.277896881103516,37.51798952001087,37.12960508189282,37.510926466468085,18256000
2013-07-01,37.0660514831543,37.87106719502859,37.023681242720926,37.581543953148085,23511100
2013-07-02,37.55685806274414,38.07610975952057,37.07317103029843,37.39325843609485,23935300
2013-07-03,37.53550720214844,37.56396000942235,37.13717604054077,37.208308058725564,10442300
2013-07-05,38.40330123901367,38.410413084573726,37.777353006769744,37.9551789932724,17070200
2013-07-08,38.90834045410156,39.057713685541216,38.445991636700505,38.79453189013656,21786900
2013-07-09,39.0434684753418,39.242632688024834,38.54555523022531,39.17150338732629,20508700
2013-07-10,39.000797271728516,39.22841432093652,38.72338644918507,38.95811805747354,16915000
2013-07-11,39.22130584716797,39.74055749082538,38.801636338813395,39.71921923709183,21322600
2013-07-12,39.10040283203125,39.72634873589935,38.94391499935878,39.48450513695594,32569200
2013-07-15,39.0434684753418,39.47736426446604,38.837189704543576,39.47025241975974,28292000
2013-07-16,39.12883377075195,39.413356470110706,38.96523416831402,39.05059260616738,19222700
2013-07-17,39.31377410888672,39.53427933526755,39.007913158562474,39.15728635381584,19166600
2013-07-18,40.0962028503418,40.21001137365952,39.47025732879891,39.48448101998055,24563100
2013-07-19,39.94682312011719,40.23134573844832,39.768997162012425,40.195778376100336,17762600
2013-07-22,40.23134994506836,40.30959109555203,39.79745412777886,39.95393914215527,15999700
2013-07-23,40.30958557128906,40.466073277628546,40.167326980153575,40.34515293248163,10577100
2013-07-24,40.281150817871094,40.494541499230024,40.103324797837026,40.487426938919214,16665000
2013-07-25,40.18867874145508,40.18867874145508,39.75478283771153,40.15311408171093,13870200
2013-07-26,39.868595123291016,39.98951823387548,39.54850772869668,39.87570968395415,16762300
2013-07-29,39.612518310546875,39.833023524743375,39.39201580975977,39.81879711930398,10049100
2013-07-30,39.35645294189453,39.82591348909722,39.17862693593277,39.74055505258072,14207400
2013-07-31,39.64097213745117,40.02507695393147,39.48448438701636,39.53427816403517,19404900
2013-08-01,40.21713638305664,40.38784785568789,39.97529286898744,40.08910142187824,15979400
2013-08-02,40.18156814575195,40.2029063995808,39.84013980403235,40.025080381914606,11007300
2013-08-05,39.9041633605957,40.24559175435133,39.84014587594278,40.06776570958324,9370200
2013-08-06,39.47026062011719,39.90415378597835,39.3422256815321,39.8259126243181,10588600
2013-08-07,39.335113525390625,39.45603662518049,38.96523509281225,39.16440207245268,12828400
2013-08-08,39.000797271728516,39.64096920509756,38.50288395905752,39.42046400156075,18587100
2013-08-09,38.78030014038086,39.22842248640315,38.64515333722294,38.90122053582586,12652500
2013-08-12,38.47444152832031,38.6380411569827,38.18280693576388,38.43887686355196,15133000
2013-08-13,38.616695404052734,38.908329939993465,38.12589389993604,38.56690434036111,15078100
2013-08-14,38.51710510253906,39.015015633788366,38.41040843818056,38.645140014405705,15785800
2013-08-15,37.9054069519043,38.18281519588334,37.62088414538648,38.06900661595834,16933200
2013-08-16,37.9054069519043,38.25394454080751,37.748919136978444,37.748919136978444,17139000
2013-08-19,36.86688232421875,37.66354192997447,36.845541362167296,37.6208627192806,22793300
2013-08-20,37.07316589355469,37.24388005746247,36.03466264389364,36.83132241084092,18701500
2013-08-21,36.72462844848633,37.14429794180581,36.47567040573873,36.93090455847657,17136200
2013-08-22,37.137176513671875,37.45726381605874,36.9380122870352,36.98780334369437,14658500
2013-08-23,37.215431213378906,37.286560539770406,36.91668478644275,37.17986655018315,11126800
2013-08-26,36.84555435180664,37.3719206156283,36.83844250422161,37.10162427942745,16548400
2013-08-27,35.99198532104492,36.667724738946,35.956420659767964,36.290734445272754,23596800
2013-08-28,35.97776412963867,36.312075224986216,35.65767672906343,35.79993809747575,18748100
2013-08-29,36.06312561035156,36.404551320885936,35.88529954986009,35.984881709589665,13576000
2013-08-30,35.94219970703125,36.15559313389625,35.77148822163142,36.14847857251534,15863100
2013-09-03,36.36897277832031,36.78864222953131,36.155582129811684,36.4543284950419,15277200
2013-09-04,36.89535140991211,37.05895106500507,36.22672637865259,36.390326033745545,19923800
2013-09-05,37.06605529785156,37.3576898562528,36.92379394202932,37.0091496701588,13913200
2013-09-06,37.386131286621094,37.49282523594392,36.47566051462834,37.27943462388942,22339900
2013-09-09,37.59952926635742,37.83425817159018,37.35768580173039,37.542623644840766,19936400
2013-09-10,38.17567825317383,38.36061878301375,37.91249657514978,38.28948947978854,20233200
2013-09-11,37.88405227661133,38.23970429942875,37.74179363821204,37.9622961557767,16028600
2013-09-12,37.15852737426758,38.20414255604668,37.04471882681509,38.00497827635729,21976700
2013-09-13,37.4074821472168,37.55685535468115,37.15141224104376,37.19409146320919,11942900
2013-09-16,37.7986946105957,38.04765264183406,37.684886077672566,38.01919983025091,17055300
2013-09-17,37.76313018798828,37.926729785496,37.61375699636073,37.834259503979645,13207000
2013-09-18,37.990753173828125,38.31795241981791,37.38614575348136,37.47861333599375,20844500
2013-09-19,37.52128601074219,38.232590010945835,37.36479826240637,38.14723429067603,22452200
2013-09-20,37.55685806274414,38.03343324768769,37.55685806274414,37.663554769146266,30792200
2013-09-23,36.603702545166016,37.25810362463235,36.55391148311426,37.04471297106636,28189500
2013-09-24,35.79283142089844,36.46857103464717,35.778605009582506,36.28363040095062,34906900
2013-09-25,36.774417877197266,36.916679221946914,35.60787973438717,35.721688267504994,39175500
2013-09-26,36.90956115722656,37.38613620986863,36.66060586261375,36.93801396615637,22298700
2013-09-27,37.15852737426758,37.27233592172006,36.5539172612808,36.632161146418724,23026000
2013-09-30,36.76730728149414,37.05183000166804,36.589481259737894,36.79576009619348,21350600
2013-10-01,36.95936584472656,37.05183615114179,36.59660189403637,36.73174871617385,19188000
2013-10-02,37.32479476928711,37.58275116895747,36.751559844130604,36.77305529963655,23841200
2013-10-03,37.21731185913086,37.403614917351454,36.90203333504948,37.26030550335093,18614500
2013-10-04,37.740386962890625,37.74755393659324,37.267467834302764,37.310461476319695,17407200
2013-10-07,37.13850021362305,37.51826789802902,37.13850021362305,37.468110005122576,16159300
2013-10-08,36.45060348510742,37.23163678950926,36.429108033325484,37.138488009521346,19536000
2013-10-09,36.364627838134766,36.7873891381013,36.00635564268516,36.66557517028047,24721200
2013-10-10,37.63291549682617,37.661577931340936,36.81605524695671,37.145665043675926,24328700
2013-10-11,37.62574768066406,38.2276451250224,37.374958217764814,37.94819322824891,32498800
2013-10-14,37.76905059814453,37.86220212545889,37.08833294481591,37.21731114158974,18881600
2013-10-15,37.48244094848633,38.005518065977405,37.3892894051687,37.912366522659774,17566500
2013-10-16,38.693382263183594,38.72920892230306,37.67589093051652,37.697386379308426,24864000
2013-10-17,38.84386444091797,38.901189294874726,38.413938969840196,38.542917157843426,17791000
2013-10-18,38.90836715698242,39.109001482674934,38.550094894517756,38.87970471996914,24796600
2013-10-21,38.88686752319336,39.30246188168907,38.61457986758574,38.88686752319336,19471700
2013-10-22,38.42109298706055,39.18063069949807,38.42109298706055,39.15913525168339,24820900
2013-10-23,37.79771041870117,38.23480286278267,37.7762149651888,38.19897619579556,21034400
2013-10-24,37.604244232177734,37.8980272834682,37.33912360867159,37.86220061543757,17759000
2013-10-25,37.812049865722656,37.91236564849007,37.310468218485504,37.37495732646457,20889600
2013-10-28,37.74755859375,38.0413416836126,37.61858038518594,37.898032259274764,14836800
2013-10-29,37.78337478637695,37.96967780636059,37.4394339034062,37.85503084537034,23363100
2013-10-30,37.69023513793945,38.14882585962345,37.618581789795094,37.97685399731695,16157200
2013-10-31,36.930686950683594,37.76904231239595,36.930686950683594,37.726051411835776,23738000
2013-11-01,37.62574768066406,37.769057116635125,36.75872955646936,36.86621231679769,25794400
2013-11-04,37.28897476196289,37.80488492008936,37.26031232723358,37.79055643612492,18891300
2013-11-05,37.22447967529297,37.353457877471214,37.016681156961376,37.15282359997184,14532200
2013-11-06,37.33195877075195,37.50393061389671,37.13849420563871,37.44660575504855,14013000
2013-11-07,37.009517669677734,37.50393229916123,36.95935978263157,37.35345863802275,17348900
2013-11-08,38.66474151611328,38.67190849199396,37.117005467335886,37.13850366157752,31183100
2013-11-11,38.76506423950195,38.80089365850813,38.47844802125885,38.62892174084155,12062800
2013-11-12,38.67189025878906,38.750710555911525,38.40676694421367,38.64322783558105,15964800
2013-11-13,38.7937126159668,38.83670626314552,38.084335204617226,38.34945586205293,22121900
2013-11-14,38.980010986328125,39.051664322918604,38.47842942999604,38.879692488342044,17634000
2013-11-15,39.31678009033203,39.38126917865491,38.82952980820347,38.88685465711236,20530100
2013-11-18,39.9401741027832,40.12647438831906,39.624892911785246,39.76103805640678,22318800
2013-11-19,40.23397445678711,40.585079728363944,39.968851025791984,40.104996229113894,22979900
2013-11-20,40.19813919067383,40.44176439264033,39.961680963312176,40.434600151435404,17682800
2013-11-21,41.000667572021484,41.1296457705173,40.3271141502323,40.3271141502323,22843600
2013-11-22,41.17263412475586,41.21562776605164,40.88601804964924,41.02216048031992,16730600
2013-11-25,41.308780670166016,41.659885852257275,41.13680883263178,41.20129793003216,18649600
2013-11-26,40.96485137939453,41.530922240522216,40.96485137939453,41.29446395595785,16263300
2013-11-27,41.18698501586914,41.43777727647953,41.07950496137969,41.25864111892961,11238900
2013-11-29,41.000667572021484,41.452088533357134,40.986336357366426,41.258623969013115,7128800
2013-12-02,40.82868957519531,41.38042895594921,40.77136745861531,40.914674116764964,12465300
2013-12-03,40.742706298828125,41.00066266494681,40.22679356659075,40.764201751538224,20426800
2013-12-04,40.97916793823242,41.17980220292827,40.276954845295954,40.44175970791782,20287200
2013-12-05,39.99750900268555,40.656731285458946,39.94735111233757,40.635233094309804,21324900
2013-12-06,40.16947937011719,40.67105825493249,39.85419809006195,40.53491580525404,18661200
2013-12-09,40.491920471191406,40.50625168636055,40.19097315283873,40.32711559684592,12714000
2013-12-10,40.62805938720703,40.893179993477695,40.37726726049748,40.47758575122093,14543700
2013-12-11,40.1766357421875,40.6782172621615,40.097815437611665,40.51341241322993,17836100
2013-12-12,40.348609924316406,40.556405690880275,40.061991115166904,40.16230687834937,15325300
2013-12-13,40.248291015625,40.52774558171417,40.15514222699479,40.391600418732374,11461300
2013-12-16,40.427433013916016,40.80003642326915,40.362946643131735,40.3701108843078,26379200
2013-12-17,39.92585754394531,40.599408341491646,39.88286389301251,40.599408341491646,18338500
2013-12-18,41.01499938964844,41.03649484524718,39.69655768939713,40.011836216244276,27685900
2013-12-19,41.007843017578125,41.22997280532641,40.714059870375785,40.91469146356749,16790000
2013-12-20,41.3446159362793,41.55957872784674,40.98634370586683,40.99350794777899,22001700
2013-12-23,41.73154830932617,41.839028332507205,41.4162670145017,41.53808098752026,13990600
2013-12-24,41.73870849609375,41.76737092618426,41.5882348382182,41.6097302940862,4532600
2013-12-26,41.70287322998047,41.88917352037172,41.502238994098484,41.810353220568,6677000
2013-12-27,41.65987014770508,41.810343740448616,41.6025480457355,41.68136559426884,8943700
2013-12-30,41.52374267578125,41.753036632800615,41.35177084131694,41.65988510857413,8815800
2013-12-31,41.903499603271484,41.95365747275261,41.59538541451664,41.70286812534698,11017400
2014-01-02,41.982852935791016,42.192010571580724,41.809759048520576,42.05497768155181,15627600
2014-01-03,42.30740737915039,42.51656501477018,41.98285290168481,42.04055269824657,14214100
2014-01-06,42.5526237487793,42.891603157356364,42.43001581452317,42.66802058448759,17550700
2014-01-07,42.062191009521484,42.862757846586064,41.910733162314095,42.76178594844781,17851200
2014-01-08,42.45884323120117,42.487693114542346,42.047742023056486,42.22083857182724,14687400
2014-01-09,42.3795166015625,42.55261318780354,42.06938991797868,42.538188243010374,13242500
2014-01-10,42.18478775024414,42.379517631492,41.96120522743187,42.314606753983725,12694900
2014-01-13,41.615028381347656,42.314620565871415,41.492417683243204,42.19922371833198,20711600
2014-01-14,41.64387512207031,42.249709213515025,41.51405333452661,42.04776268218168,30272400
2014-01-15,42.90603256225586,43.0214294099501,41.63666448634139,41.63666448634139,35186600
2014-01-16,42.54541015625,43.14403034662186,42.36510243907044,42.40116343225087,21689400
2014-01-17,41.91072463989258,42.7185024120173,41.8530248519593,42.70407746503398,20997900
2014-01-21,41.95399856567383,42.14873123155512,41.528474991790844,41.89630152649276,19548300
2014-01-22,41.53569412231445,42.06940628215745,41.41308341951786,42.06940628215745,15433500
2014-01-23,40.7279052734375,41.18227870897987,40.540383719579204,41.17506761134405,26234600
2014-01-24,39.73261260986328,40.648576234167294,39.73261260986328,40.38893265546346,26833100
2014-01-27,39.73261260986328,40.24468591715269,39.44411913324175,39.7254015110227,23935000
2014-01-28,40.20140075683594,40.63413807985885,39.840785403891246,39.948968359008575,18041000
2014-01-29,40.04994583129883,40.295164415723775,39.55950866244893,39.638844491421295,25459000
2014-01-30,40.388916015625,40.67019552624385,40.12206144802206,40.4394019405424,17031100
2014-01-31,39.927345275878906,40.468268480841985,39.797523486585554,40.02831716726758,18174000
2014-02-03,39.1700439453125,40.3312231690826,39.09070812074003,40.02830756756267,28549900
2014-02-04,39.63163757324219,39.920128275691255,39.37920511341209,39.46575480029654,20709300
2014-02-05,39.819156646728516,39.99225327032609,39.3647831684302,39.73982080888286,19491600
2014-02-06,40.735107421875,40.78559334806611,39.81193305577864,39.920116004212446,20881600
2014-02-07,40.836090087890625,41.05967264256907,40.57644654085175,40.85772888432877,23388500
2014-02-10,40.92263412475586,41.05245312908606,40.67020171050769,40.944270166931396,14715200
2014-02-11,41.42029571533203,41.52126761309261,40.8072504781983,40.82888652735332,18774100
2014-02-12,41.485191345214844,41.622224191557365,41.2255478458064,41.35536959551062,13437900
2014-02-13,41.853023529052734,41.90350946625992,41.081306773140376,41.1606426034023,16605500
2014-02-14,41.93958282470703,41.997279872768864,41.65108933056427,41.75206122813088,13067300
2014-02-18,42.18478775024414,42.30018456011697,41.75926149797367,41.84580841755904,14983800
2014-02-19,41.29767608642578,42.22085341905026,41.26882894421664,42.091031649638644,18669900
2014-02-20,41.528472900390625,41.809752486516814,41.30489035053984,41.49240915753153,12457000
2014-02-21,41.55010986328125,41.71599262924509,41.37701324807525,41.5356849160743,16790100
2014-02-24,41.853023529052734,41.997270243049215,41.52847186165719,41.5573190034347,16151400
2014-02-25,41.131797790527344,41.8169677031779,41.052461950466665,41.759270661219496,17991800
2014-02-26,40.92985534667969,41.38423160370542,40.54760383354246,41.37701775367774,23661700
2014-02-27,40.886566162109375,41.03081284802381,40.48988983930222,40.951477033207034,16277500
2014-02-28,40.9803466796875,41.434722996452734,40.67021711838657,40.800038923176636,18599000
2014-03-03,40.54039001464844,40.691847850014106,40.165349599973204,40.60530090855911,19151000
2014-03-04,41.29767608642578,41.369800820141826,40.850513742495394,41.07409629009922,17157000
2014-03-05,41.946807861328125,42.04056869076938,41.369823432610296,41.45637040909828,17761500
2014-03-06,42.480506896972656,42.61753979617861,42.11989139785159,42.199224496584776,19420600
2014-03-07,42.84111404418945,43.1296047364781,42.60310654055588,42.805050300285664,18602200
2014-03-10,42.696861267089844,42.89880499817974,42.45885379721075,42.65358643130901,16945200
2014-03-11,41.96842575073242,42.87717823995968,41.92515365685904,42.85553944174541,19420000
2014-03-12,41.7736930847168,41.80254298149119,41.41307762886969,41.615024155012826,17932100
2014-03-13,41.41307830810547,42.07661218841145,41.24719552584838,41.83139356436236,17192500
2014-03-14,40.96589279174805,41.49239073870165,40.83607107866074,41.18947524234865,18635800
2014-03-17,41.528472900390625,41.615019830442385,41.146218686047206,41.26161550987532,13581400
2014-03-18,41.874664306640625,41.946786291414185,41.55732097057132,41.70156769139579,12554800
2014-03-19,42.047767639160156,42.50214394912917,41.75206303295638,41.82418778524875,21450700
2014-03-20,43.35318374633789,43.62725222017795,41.925147095187796,42.09102984872129,33736500
2014-03-21,43.39646911621094,44.139338937053864,43.27386116352771,43.96624228183744,35144100
2014-03-24,44.04556655883789,44.13211348806226,43.526279480937156,43.54070442768743,25810500
2014-03-25,43.94459915161133,44.3412755981116,43.677744487787876,44.074420934288156,24053500
2014-03-26,43.20172882080078,44.2835750909249,43.19451497161798,44.16817826549609,22745200
2014-03-27,43.21615219116211,43.670528407321164,42.567046062212306,43.23057713864243,24632600
2014-03-28,43.302696228027344,43.6993726025262,43.04305270980203,43.42530413870204,14708700
2014-03-31,43.78592300415039,44.009505551783356,43.70658717269104,43.872472684620924,15216700
2014-04-01,43.757076263427734,44.20424139091263,43.540707549216236,43.959022781132276,14584400
2014-04-02,43.89496994018555,44.10544582586754,43.691753371178436,43.815134068470435,14012200
2014-04-03,44.025604248046875,44.127212519381104,43.749808391127004,44.01834770093061,11925200
2014-04-04,43.4087028503418,44.3159236715598,43.40144353334584,44.28689194081245,16966900
2014-04-07,42.82081985473633,43.54659646244372,42.70469570824787,43.32160471735194,18685700
2014-04-08,42.71196365356445,42.83534714948024,42.276498680186016,42.675675367219384,16956500
2014-04-09,43.01679229736328,43.147432345978196,42.457943815759194,42.8934087987297,15308400
2014-04-10,41.65958786010742,43.103882087342875,41.6450719924193,43.07485035196662,29977200
2014-04-11,40.13545608520508,40.67978867976559,39.59112349064456,40.048363645288646,47241300
2014-04-14,39.88867950439453,40.599940208650295,39.54030708406219,40.53462020679937,31081500
2014-04-15,39.77256774902344,40.38222036659862,39.4459676380691,39.9830436837072,26691400
2014-04-16,40.10641098022461,40.17173098054329,39.692718567745565,39.91771029520277,27049400
2014-04-17,40.0773811340332,40.331401813743405,39.92496595758932,40.164473542988446,17955400
2014-04-21,39.939483642578125,40.21527951357241,39.91045468401391,40.10641192094844,12384800
2014-04-22,40.50559616088867,40.70155619020815,39.874168476875376,39.94674780363346,16257600
2014-04-23,40.679786682128906,40.73059083363692,40.32415762157285,40.49834249285213,11379000
2014-04-24,40.78138732910156,40.832191471071916,40.360438328687465,40.69429490981211,15360600
2014-04-25,40.42576217651367,40.897515363723514,40.382214578422065,40.868486400280794,15937700
2014-04-28,40.27336120605469,40.42577368985517,39.68548092317107,40.374969528588345,21394100
2014-04-29,40.7160758972168,40.86849112384434,40.33141509311288,40.447539266160405,13453400
2014-04-30,40.62896728515625,40.897503809308,40.44026661730794,40.81767072162213,14388100
2014-05-01,40.440284729003906,40.78139794695746,40.28061294488598,40.58543787607241,12744600
2014-05-02,40.33868408203125,40.912045766562535,40.23707298371319,40.520128318955926,15153800
2014-05-05,39.35161590576172,39.72902014449351,38.97421166702993,39.10485170230703,25232300
2014-05-06,38.71292495727539,39.23548500876565,38.698409092665315,39.220969144155575,25327400
2014-05-07,39.22822952270508,39.27903366949221,38.640352175991644,38.86534117787225,18502600
2014-05-08,39.45322036743164,39.576601072842855,39.23548791936472,39.33709621055473,16090800
2014-05-09,39.1992073059082,39.41694258055588,38.95970237986239,39.351622551885384,12366500
2014-05-12,39.663692474365234,39.6999807508035,39.21370898695314,39.387896589922015,12825500
2014-05-13,39.641929626464844,39.794344864711725,39.554837182194404,39.729024839354175,12310700
2014-05-14,39.45322036743164,39.699984546872365,39.409672770370946,39.65643694981166,10325800
2014-05-15,38.83631134033203,39.33709905254653,38.72018717506548,39.33709905254653,19763000
2014-05-16,38.691158294677734,38.83631142511393,38.44439409687031,38.77099140897024,19992400
2014-05-19,39.06855773925781,39.12661843059673,38.509709395952726,38.52422526094199,12068900
2014-05-20,38.988712310791016,39.22096055646369,38.763720611525464,38.988712310791016,16888200
2014-05-21,39.2790412902832,39.62741383667862,39.17743297699524,39.22823713363922,13210200
2014-05-22,39.59113311767578,39.62742141241331,39.20647220994304,39.31533709415562,11800900
2014-05-23,39.57660675048828,39.6201543537963,39.30807011830219,39.59112261825762,10876500
2014-05-27,40.01931381225586,40.229789651443284,39.69271384948529,39.73626143406053,14503700
2014-05-28,40.24431610107422,40.35318093822795,39.91771605237658,39.983036062116106,11374900
2014-05-29,40.440284729003906,40.58543787607241,40.200777052827014,40.46205714734042,11741000
2014-05-30,40.33140563964844,40.55639738346183,40.142704940908644,40.33866495611037,11991900
2014-06-02,40.17173767089844,40.389472887301714,39.93223280892043,40.389472887301714,9440000
2014-06-03,40.353179931640625,40.39672752658678,39.98303506476184,39.98303506476184,9131500
2014-06-04,40.41124725341797,40.44753553503186,40.09916304802531,40.29512309108245,9727800
2014-06-05,41.10072708129883,41.12249949198923,40.27334225164943,40.57816707578643,16803400
2014-06-06,41.347496032714844,41.463620184274504,41.11524772959552,41.19508083429053,15399800
2014-06-09,41.674102783203125,41.85554698431833,41.296701281268035,41.30395783112038,11999700
2014-06-10,42.02247619628906,42.051505163011996,41.652328492230325,41.710391962913526,11609200
2014-06-11,41.56523895263672,41.942643232533094,41.354763009664325,41.71765142087789,14232200
2014-06-12,41.3983039855957,41.67409714054297,41.27492050586168,41.42007640082353,11670200
2014-06-13,41.3983039855957,41.85554131709069,41.2821798233499,41.391044668107476,12040800
2014-06-16,41.27491760253906,41.332981063886926,40.88300031291388,41.260401737202095,11199100
2014-06-17,41.674102783203125,41.79748627964324,41.137029498328644,41.21686538979834,11200500
2014-06-18,41.93536376953125,41.95713894640482,41.33297073596806,41.57973484780079,13729400
2014-06-19,41.58699417114258,41.870046571840845,41.52167417339547,41.870046571840845,11624400
2014-06-20,41.7684440612793,41.92811580414935,41.62328818308998,41.87005234542639,17124800
2014-06-23,42.232940673828125,42.25471585516717,41.54345509722915,41.761187530292936,16007700
2014-06-24,41.674102783203125,42.182147100049455,41.58701034188109,42.007962217405385,12322900
2014-06-25,41.753929138183594,41.90634433645941,41.27491666738941,41.528940152103665,14836600
2014-06-26,41.65232849121094,41.724907829563165,41.07896417701237,41.61604020634416,11854400
2014-06-27,41.753929138183594,41.87731260644324,41.54345601711175,41.60877602533906,10178600
2014-06-30,41.81924819946289,41.93537234827992,41.645063360546395,41.68860818596647,11549000
2014-07-01,42.075042724609375,42.38200123598437,41.716927713972616,41.76808700120644,14472200
2014-07-02,41.63653564453125,42.009268009603616,41.52690700234822,41.85579014092512,19189900
2014-07-03,41.695011138916016,42.133523013591116,41.658469179686286,41.826564422521265,12599800
2014-07-07,41.41727828979492,41.651152911919496,41.21995119495624,41.57806622126426,13916100
2014-07-08,40.75221252441406,41.27111836930088,40.657203990369084,41.18341432375869,18343400
2014-07-09,40.942222595214844,41.01530648941678,40.64257416823194,40.83990402814339,10914300
2014-07-10,40.60605239868164,40.78876501295005,40.167540451653515,40.24062717014482,12436600
2014-07-11,40.781436920166016,40.86183088098264,40.33561789234437,40.40870457852858,10230000
2014-07-14,41.139564514160156,41.54153162604112,41.073787874908895,41.31496702684841,14004400
2014-07-15,42.586631774902344,42.893587450661634,42.21389669665563,42.35275998728432,36178000
2014-07-16,42.90822982788086,43.105559786593474,42.615891316730256,42.762059178318935,20507500
2014-07-17,42.28699493408203,43.017845167196555,42.21390823798715,42.798590654856675,17013500
2014-07-18,42.55740737915039,42.74011993158774,42.31622825967869,42.63049407290871,12803300
2014-07-21,42.564720153808594,42.688963359153355,42.31623095514659,42.47701611571202,9141400
2014-07-22,42.87898254394531,42.97399385644537,42.65972802799878,42.69626998266113,10375200
2014-07-23,43.12015914916992,43.2590196749634,42.769351409292646,42.94475388524524,11122100
2014-07-24,43.24441909790039,43.375972399838076,43.11286858393588,43.17133516925642,9844100
2014-07-25,43.12746810913086,43.31749071813835,43.0032249161409,43.06169148108553,10500600
2014-07-28,43.259029388427734,43.31018868773232,42.87898688789887,43.076316808633436,12382800
2014-07-29,42.8570671081543,43.21518503168325,42.71089647022467,43.21518503168325,13498800
2014-07-30,43.05439376831055,43.32480761567913,42.835139222120546,43.13478775244054,11815700
2014-07-31,42.148136138916016,42.88629651502231,42.14082886250676,42.86437189782184,15955900
2014-08-01,41.27842330932617,42.016583650341545,40.90569089477383,41.94349694985992,23915400
2014-08-04,41.402671813964844,41.64385097023131,41.176107210707364,41.592691670781676,13543900
2014-08-05,40.97146987915039,41.36612693247734,40.63527661361398,41.241883716497476,16863300
2014-08-06,41.0957145690918,41.43190505871348,40.803376103844904,40.847225340246894,12190600
2014-08-07,40.86183547973633,41.431897756270196,40.69374026455255,41.388048527596716,11743800
2014-08-08,41.17610168457031,41.19071902359027,40.66450597076115,40.84721852655211,12213200
2014-08-11,41.1614990234375,41.3515217104853,41.0518703356812,41.32228702202051,9066800
2014-08-12,41.18339920043945,41.32956976802715,41.02261408526751,41.09569797507552,11289600
2014-08-13,41.45383071899414,41.54153197607725,41.30035003413283,41.431903313743845,7012600
2014-08-14,41.64384841918945,41.65846575927573,41.43921123392668,41.49037053024237,8275900
2014-08-15,41.47574234008789,42.02387990405381,41.212635863308755,41.833860108586556,12727400
2014-08-18,41.826560974121094,41.97273158696173,41.483060452141494,41.556147152548085,8881400
2014-08-19,42.0677375793457,42.18467349722411,41.90694964677333,42.09696946783615,9040500
2014-08-20,42.126216888427734,42.27969480432888,41.94350428721979,41.96542890721337,8121400
2014-08-21,42.7547492980957,42.95207924479753,42.09698280908961,42.14083483768105,12745500
2014-08-22,42.74742126464844,43.1786229118552,42.63048536648923,42.710876531246655,10228600
2014-08-25,43.3686637878418,43.72678171831467,43.017855922792315,43.10555719206141,13996800
2014-08-26,43.66099166870117,43.8144695398091,43.40519242888239,43.536745686395534,10281100
2014-08-27,43.551353454589844,43.814459911799815,43.507501449064314,43.74137323592392,11410900
2014-08-28,43.237091064453125,43.39056891371301,42.98129464901998,43.302867683846195,9096100
2014-08-29,43.449039459228516,43.5952100383591,43.288251543387695,43.36864550130811,8897900
2014-09-02,43.60982894897461,43.639063625319174,43.22978930838402,43.45635108012393,8671100
2014-09-03,43.63175964355469,44.12142796341158,43.45635436021986,43.86563149601953,11791800
2014-09-04,43.639068603515625,43.9533344401396,43.434431421703735,43.580602032129015,9811900
2014-09-05,43.78524398803711,43.78524398803711,43.28095825445655,43.573296719209544,9600900
2014-09-08,43.7706184387207,44.01180034518889,43.660992580485214,43.73407648597554,8090000
2014-09-09,43.16402053833008,43.61714695227085,42.95938055463691,43.58060499417401,14868700
2014-09-10,43.28094482421875,43.52943397553673,43.06168755872434,43.22978553906257,9153800
2014-09-11,43.67559814453125,43.734067487270714,43.09822871882351,43.25170656155702,11467000
2014-09-12,43.8729362487793,44.15066010310057,43.66829908663322,43.7048410387347,14359100
2014-09-15,43.80716323852539,43.84370798161791,43.44904817518744,43.69022730935775,10685600
2014-09-16,43.84371566772461,43.99719357891804,43.57329901889089,43.639075664827075,10947900
2014-09-17,44.07758331298828,44.28222050816266,43.719465433460435,43.814476754636836,15091800
2014-09-18,44.815738677978516,44.874208038254935,44.24567635514616,44.24567635514616,16973700
2014-09-19,44.66225814819336,45.20308575890669,44.56724683734877,45.122694575239215,18739300
2014-09-22,44.516082763671875,44.9107425159013,44.435688800665275,44.53800737613837,13225200
2014-09-23,44.53801345825195,44.87420669382392,44.4137702533457,44.450312208437396,14328800
2014-09-24,45.042301177978516,45.049608453687874,44.59648208445231,44.71341801160899,13728200
2014-09-25,43.96064376831055,44.94729049321656,43.96064376831055,44.93998321740522,16340100
2014-09-26,44.260292053222656,44.494163909706934,44.084886766873225,44.092196830622854,11948900
2014-09-29,44.09219741821289,44.216440623887934,43.65368559048175,43.87294011036108,10686500
2014-09-30,44.026424407958984,44.39184956716591,43.946030426857824,44.14336034738629,14384800
2014-10-01,43.68292999267578,44.14336653848501,43.653695306725616,44.026430582657454,18995800
2014-10-02,43.29294967651367,43.771203981009876,43.12372196438184,43.521040665955105,24559100
2014-10-03,44.36719512939453,44.433414936725605,43.44747714243877,43.594632581703,18321100
2014-10-06,44.27888870239258,44.73506789084909,44.146449130460745,44.72035207099493,11578000
2014-10-07,43.60934066772461,44.0875922520208,43.55047737976172,44.0875922520208,14542000
2014-10-08,44.440773010253906,44.46284534316181,43.54312738191282,43.67556699287319,15834100
2014-10-09,43.46955108642578,44.38926904807064,43.329752159931616,44.38926904807064,19189500
2014-10-10,43.057518005371094,44.014024159145,43.05015868962491,43.432761712485785,16689400
2014-10-13,42.79262161254883,43.52103920769267,42.755833468840756,43.04278491922136,17169300
2014-10-14,42.66754913330078,43.057508579786465,41.24750463485491,41.71104038215663,29096800
2014-10-15,40.857540130615234,42.21872407476664,39.92310656660218,41.953844915612606,37866900
2014-10-16,40.52644729614258,41.18864244131934,39.9378256469774,40.28364044484854,31965100
2014-10-17,41.350521087646484,41.77726877235464,40.88698243820366,41.004706227787615,20183500
2014-10-20,41.666893005371094,41.75518512193997,41.25485845012339,41.276930777576666,10807600
2014-10-21,42.62340545654297,42.682265941075315,41.99799842376122,42.10836288479294,14020400
2014-10-22,42.27023696899414,42.86621239617206,42.26287765371053,42.704343947765864,13750700
2014-10-23,42.71906661987305,43.116382699433295,42.63077166285357,42.763211291625936,12641900
2014-10-24,43.21937561035156,43.248804443764996,42.67490149424558,42.67490149424558,13758000
2014-10-27,43.14580154418945,43.25616880432349,42.85885003594819,43.006005447208224,11087100
2014-10-28,43.87421417236328,43.91835882586671,43.27087958260042,43.31502423610385,13625000
2014-10-29,43.624061584472656,43.98458944170438,43.23409927306585,43.86686565878597,16712100
2014-10-30,43.6976318359375,43.91100703999597,43.351817043619015,43.36653286528746,14709800
2014-10-31,44.4996223449707,44.54376980647598,44.05079964331229,44.234743189450604,18347600
2014-11-03,44.793941497802734,44.99260090150271,44.41133851364977,44.727721696569404,11841200
2014-11-04,44.330413818359375,44.418705972852536,43.71971963345232,44.323057308300356,15295800
2014-11-05,44.99259948730469,45.05145997168628,44.43340944852043,44.73507679871113,14063800
2014-11-06,45.05146789550781,45.11033119699871,44.610004361352885,44.941103415347435,10421600
2014-11-07,45.22804641723633,45.286906900809605,44.77922365212093,44.933735579101466,12384600
2014-11-10,45.566497802734375,45.566497802734375,45.02938295737035,45.066171107127026,10801000
2014-11-11,45.15446472167969,45.53706766666927,45.095604241472984,45.404628077759185,12539800
2014-11-12,44.55849075317383,44.76450665038783,44.31568389709496,44.455479997810734,17219600
2014-11-13,44.31568908691406,44.609999951763236,44.139104813409695,44.51434849967379,12240400
2014-11-14,44.35246658325195,44.60262991622027,44.27889028810188,44.33039425605808,6803400
2014-11-17,44.42604064941406,44.53640507962924,44.065510107831436,44.146445707375825,9017600
2014-11-18,44.536415100097656,44.74979030931296,44.29361105359023,44.403975508636854,8897800
2014-11-19,44.58792495727539,44.727723881573034,44.2568287416906,44.47756048766593,9210100
2014-11-20,44.23474884033203,44.33040028243481,43.96251314316149,44.2936121298587,10917300
2014-11-21,44.47755813598633,44.933737427783136,44.36719086545594,44.933737427783136,12340500
2014-11-24,44.85279846191406,45.11032113837974,44.661498388237796,44.661498388237796,8335000
2014-11-25,44.36719512939453,44.99996155350114,44.10967521574954,44.99996155350114,14802600
2014-11-26,44.39661407470703,44.56584179907235,44.29360613872429,44.56584179907235,7626600
2014-11-28,44.264183044433594,44.558493895571644,44.168531596800285,44.44077011646768,6759600
2014-12-01,44.14646911621094,44.300981084496016,43.81537003648797,44.13175328969471,12771600
2014-12-02,44.941097259521484,45.02203007785061,44.14645963878041,44.153816147080754,12546600
2014-12-03,45.27956008911133,45.33842058528906,44.742445080239534,44.85280956310656,12115500
2014-12-04,45.161827087402344,45.30162319325045,44.76450829382622,44.95580837586869,11515200
2014-12-05,46.133052825927734,46.39793204399198,45.52971807667315,45.62536672238579,20071100
2014-12-08,46.1109733581543,46.47150399484465,45.80930601184448,46.059469382449414,15528200
2014-12-09,45.94911575317383,46.24342385417544,45.29427693050597,45.50764939153617,19676400
2014-12-10,44.646785736083984,45.794594679904634,44.418694687606596,45.73573138735966,29620600
2014-12-11,44.98523712158203,45.66215088997657,44.96316479228043,45.00730945088363,16886200
2014-12-12,44.17588806152344,45.04410192893076,44.11702477239123,44.536415883811834,17405400
2014-12-15,43.52840805053711,44.742436784271256,43.25617234183389,44.690932807131624,19209900
2014-12-16,42.99128723144531,44.04344457424479,42.75583970924251,42.9839279175763,20709700
2014-12-17,43.97722625732422,44.02137372175052,42.925068879256315,43.09429661608987,17856400
2014-12-18,45.23540115356445,45.23540115356445,44.47019524978701,44.6173506630913,18173400
2014-12-19,45.566497802734375,45.87552162879755,45.15446322789423,45.176538363152964,22756400
2014-12-22,45.573856353759766,45.8608106709446,45.331052309072334,45.73572758805541,17073400
2014-12-23,45.97117233276367,46.331702930861915,45.56649707836155,45.65478919772517,13552600
2014-12-24,45.97117233276367,46.25812382576234,45.81666042218836,46.162475199266694,7412500
2014-12-26,46.02267837524414,46.2728417303352,45.91967043022241,46.11097049858334,6086500
2014-12-29,46.324344635009766,46.603939627020864,45.801945607723816,45.92702587900809,10601200
2014-12-30,46.464149475097656,46.55979811592452,46.037399021846895,46.14776629265486,7518100
2014-12-31,46.04475784301758,46.71431235540624,46.04475784301758,46.57451343964796,18529400
2015-01-02,46.27431106567383,46.622347640828366,45.96329647266296,46.044752742851806,12600000
2015-01-05,44.83772277832031,46.118800249151,44.60076063486097,45.95589054102993,20100600
2015-01-06,43.675132751464844,44.98583138766308,43.20861222760839,44.90437510931221,29074100
2015-01-07,43.741764068603516,44.34897980201532,43.44556003165632,44.34897980201532,23843200
2015-01-08,44.71924591064453,45.09690630434465,44.408234127420286,44.408234127420286,16971100
2015-01-09,43.94171905517578,45.015455590245494,43.90469424185866,44.96362028663908,15396200
2015-01-12,43.564056396484375,43.98614543402361,43.1493711908266,43.89728250257503,15455200
2015-01-13,43.57145690917969,44.20829374532224,43.22341751621535,43.88246867112188,21644700
2015-01-14,42.068241119384766,43.57147076302402,40.92785864671445,43.57147076302402,49602300
2015-01-15,40.72050094604492,41.920122077612135,40.35765109693528,41.268474810237365,42458100
2015-01-16,41.41659164428711,41.46842695199211,40.46133613118803,40.47614662264837,29368900
2015-01-20,41.25367736816406,41.757222757878374,41.038929488030426,41.49804623000143,23477700
2015-01-21,41.386966705322266,41.7794348046632,40.868610853007816,41.06114439877622,21842400
2015-01-22,42.64582061767578,42.7494912000983,41.438792783446154,41.7498073555252,31423500
2015-01-23,41.97196578979492,42.85316870760033,41.957155300653824,42.74209427626007,15458300
2015-01-26,42.03860092163086,42.2015134360722,41.61651197495216,41.77201783429457,12577700
2015-01-27,41.61653137207031,41.920139401976634,41.29070619132323,41.50545409230425,15220500
2015-01-28,40.542789459228516,41.97196929537443,40.542789459228516,41.92753782424014,24354400
2015-01-29,41.22405242919922,41.38696498811884,40.49095156368497,40.9278511150323,20393300
2015-01-30,40.26879119873047,41.09815865450481,40.261384543204635,40.720501142218275,26943700
2015-02-02,41.075958251953125,41.209249848456274,40.18734855020291,40.379879286922815,20308900
2015-02-03,42.001583099365234,42.04601173809584,41.37215007750162,41.401771053196505,18812500
2015-02-04,41.749820709228516,42.26076995380037,41.67576825180421,41.70538923477393,14934100
2015-02-05,42.03860092163086,42.23853823713307,41.809042635355446,42.10524669346493,11293900
2015-02-06,42.867977142333984,43.49000353239012,42.608800656815525,42.764306548126605,25214000
2015-02-09,42.81614303588867,43.023484230069315,42.37924350185667,42.519938908648975,14372400
2015-02-10,43.290077209472656,43.475204124831144,42.98646918127725,43.26045622506029,16367300
2015-02-11,43.223419189453125,43.43816702852352,42.83095114376787,42.99386368717462,13061900
2015-02-12,44.112037658691406,44.21570827108025,43.356719565099695,43.638113245021074,23211300
2015-02-13,44.18607711791992,44.59335846542815,43.94171113422666,44.030571235132236,16479100
2015-02-17,44.50448989868164,44.53411087016621,43.9268950787891,43.95651605027367,15308800
2015-02-18,43.96392822265625,44.50449834316898,43.77880135296784,44.50449834316898,14278100
2015-02-19,43.86025619506836,44.045383058710286,43.5418377636193,43.80101706760506,11256500
2015-02-20,44.282352447509766,44.3489982422936,43.208615898131185,43.66032597113138,15379000
2015-02-23,43.949119567871094,44.08241114559326,43.54184100252535,44.060196824243555,16814000
2015-02-24,45.03767013549805,45.35608861625839,44.489696116151556,44.61558104701335,22937700
2015-02-25,45.274627685546875,45.37089445061716,44.98583021514793,44.99323404716323,18307900
2015-02-26,45.6004638671875,45.68932399701544,45.104322257288594,45.19318238711653,15444800
2015-02-27,45.378299713134766,45.852224071787035,45.26722528053239,45.26722528053239,15225900
2015-03-02,45.74114990234375,45.785581370527524,45.19317309399193,45.3782999742063,13047300
2015-03-03,45.88924026489258,45.90405075050894,45.54120091493638,45.65227814465342,13706900
2015-03-04,46.00774002075195,46.037358179209036,45.43014214624603,45.64489003773141,16625500
2015-03-05,45.911476135253906,46.081792562584596,45.615271933488515,46.05957823613661,10931300
2015-03-06,45.089508056640625,46.55571278987613,45.02286225854754,46.02995306314867,22719200
2015-03-09,45.541221618652344,45.63748840651734,45.02286568567265,45.0524866703715,13001500
2015-03-10,44.40082931518555,45.178361630356534,44.40082931518555,44.993234754134306,16357700
2015-03-11,44.608154296875,44.91176213129497,44.40081036313669,44.526698054136105,13015600
2015-03-12,45.444942474365234,45.50418442765514,44.91177901881515,44.91177901881515,18159600
2015-03-13,45.17095947265625,45.807796402437404,44.7488704052082,45.467163615516526,16506200
2015-03-16,45.80039596557617,45.852231273894894,45.35609251575497,45.54121942398255,15182900
2015-03-17,45.62266540527344,45.6596902135892,45.11171344615578,45.42272805059415,11718300
2015-03-18,45.7263298034668,45.94848144807601,45.23759505540196,45.45974670001117,15697900
2015-03-19,45.319068908691406,45.6522979173578,44.99324373363426,45.593055949233765,11523800
2015-03-20,45.7263298034668,45.98550625137565,45.28202651424837,45.407911410429406,18368300
2015-03-23,45.274627685546875,45.97070653708475,45.259817196704375,45.726337708401395,15112900
2015-03-24,44.77109146118164,45.34868934415348,44.763687627661966,45.14875194137236,12128700
2015-03-25,44.14165115356445,44.90437295089362,44.12684066504783,44.82291667645811,14950900
2015-03-26,44.08982849121094,44.27495541350375,43.59368687056362,44.03058652016716,14039600
2015-03-27,44.09722900390625,44.26754542061037,43.68995037049968,44.05280035378232,11755800
2015-03-30,45.141334533691406,45.51158826738273,44.8821580500322,45.082095405202935,20656500
2015-03-31,44.85994338989258,45.12652370328762,44.74145948419017,44.96361398257039,17346700
2015-04-01,44.68849563598633,45.1506610940221,44.5245002487272,45.03139249699391,18100600
2015-04-02,45.11338424682617,45.24756175625313,44.725760646657996,44.77794047325878,12697800
2015-04-06,45.076114654541016,45.284833966992366,44.464862802144324,44.666126228529635,12025200
2015-04-07,45.359378814697266,45.843909072409794,45.359378814697266,45.58300991431077,11505500
2015-04-08,45.50846862792969,45.88863925048282,45.42647093115988,45.515924515047544,11734000
2015-04-09,45.8215446472168,45.903542333541026,45.34447030160754,45.67245820331705,11728500
2015-04-10,45.993003845214844,46.052636730602856,45.62028906987857,45.73210179632661,9869700
2015-04-13,46.26880645751953,46.417892918568334,45.843911891862454,45.9482715615203,15468700
2015-04-14,46.99188232421875,47.416776965637176,46.768254014565095,46.93224659173072,33775400
2015-04-15,47.864036560058594,48.06530574792201,46.96952042225473,47.02170311321943,28732200
2015-04-16,47.56584548950195,47.90873944745752,47.45402995510938,47.767111745256294,16640500
2015-04-17,46.84278869628906,47.26023022930953,46.58188951539365,47.14841466973275,20221200
2015-04-20,47.140960693359375,47.34968003394594,47.066416040587214,47.12605176280495,12755300
2015-04-21,46.447715759277344,47.40931770678316,46.31353821430666,47.20805423291518,14985100
2015-04-22,46.917327880859375,47.073870224222325,46.23898720491204,46.701155504611975,14484700
2015-04-23,46.81296157836914,47.11858749138211,46.66387514294122,46.805508536212,12851300
2015-04-24,46.663875579833984,46.84277987273993,46.4700652024742,46.68624039368927,9597500
2015-04-27,46.47007369995117,47.0738725998832,46.44771172559406,46.73842876658763,11146400
2015-04-28,46.78316116333008,46.798070096789644,46.04518744040549,46.58189767059668,12307800
2015-04-29,47.40930938720703,47.62548459878984,46.559520313909154,46.63406496113816,17601200
2015-04-30,47.155860900878906,47.618029159679395,46.902414800228996,47.39440091642063,16840900
2015-05-01,47.41676712036133,47.61057752352958,47.208047787166656,47.483855883686424,11640100
2015-05-04,48.24419403076172,48.35600958364983,47.43912887457762,47.4689467344928,14972500
2015-05-05,48.00566101074219,48.69145478686725,47.92366331064291,48.08765871084146,17692400
2015-05-06,47.64784240722656,48.5050872921266,47.27512773441564,48.10255476302986,18087900
2015-05-07,48.080204010009766,48.154745824528085,47.14841711059097,47.46149614387347,15039900
2015-05-08,48.81815719604492,48.93742859906202,48.154725656489504,48.4305365105864,16802600
2015-05-11,48.78836441040039,48.92999785245425,48.51255910178155,48.64673665552298,13798800
2015-05-12,48.72127151489258,48.85544904946016,48.27401496205918,48.68399776583328,12762200
2015-05-13,48.840538024902344,48.92253572435135,48.49764113955911,48.76599621281481,11874100
2015-05-14,49.23562240600586,49.332526196882135,48.98217341014922,49.07162700054143,11855500
2015-05-15,49.1088981628418,49.31762322025907,48.780913018395836,49.295255555867854,11152100
2015-05-18,49.51142501831055,49.60087860387486,49.04926237750066,49.04926237750066,10510900
2015-05-19,49.95123291015625,50.085410449047465,49.62324210682753,49.77232573351742,14282700
2015-05-20,49.556156158447266,49.96613897524601,49.496520432928094,49.90650324972684,12446000
2015-05-21,49.68287658691406,49.70523856163938,49.20580216885486,49.302705955056496,12934500
2015-05-22,49.5487060546875,49.81706116367254,49.43689047808099,49.6679718324717,9296900
2015-05-26,48.99708938598633,49.414528135918445,48.68400463636081,49.347436515578536,15571300
2015-05-27,49.5487060546875,49.682883609180024,49.0641756808436,49.16107948074179,10963700
2015-05-28,49.3474235534668,49.49651284440722,49.004526715066234,49.46669498621913,11797400
2015-05-29,49.03434753417969,49.36233830687931,48.72126853506202,49.332520446890676,14310700
2015-06-01,49.25797653198242,49.690326952547515,49.17597884231749,49.1908849280861,11899300
2015-06-02,49.21324157714844,49.48905247502225,48.88525654114043,49.07161387255328,12784200
2015-06-03,49.72015380859375,50.04068877544948,49.399618841738025,49.518890311813045,12927300
2015-06-04,49.4443359375,49.98104604226571,49.205798745068044,49.42942416393691,13863300
2015-06-05,50.25685501098633,50.569934032861575,49.95123187644403,50.219586948673005,20801100
2015-06-08,49.86177444458008,50.35376060144925,49.8021387248671,50.286668994978335,14558700
2015-06-09,50.07796859741211,50.14505454207266,49.548714180995056,49.90651726020614,13263500
2015-06-10,50.88301467895508,51.061916150430726,50.29412474454017,50.38357263669038,17478900
2015-06-11,51.076820373535156,51.19609180828493,50.8010151332326,50.95755462596041,13739900
2015-06-12,50.87554931640625,51.091724494131,50.59228823206391,50.92027325415131,11804700
2015-06-15,50.68174743652344,50.84574282781237,50.16740497596095,50.37612431499216,14082300
2015-06-16,50.96501541137695,51.07682528323367,50.40594330339106,50.517753175247776,11692800
2015-06-17,50.79355239868164,51.19608490592937,50.71901060560041,50.99482149589264,14521900
2015-06-18,51.27062225341797,51.30044010549985,50.614646569137804,50.95008745250492,16759600
2015-06-19,50.748844146728516,51.188644842872066,50.62957269119235,51.03210532286287,21606400
2015-06-22,51.404815673828125,51.650808764353144,51.24827616726917,51.33772975123523,14306700
2015-06-23,51.99371337890625,52.045893222193726,51.576274632606456,51.69554040847367,15736900
2015-06-24,51.449546813964844,52.00861899575624,51.367554792837666,51.81481140083551,16995000
2015-06-25,51.173728942871094,51.78498081735726,51.166273056535616,51.67316527102474,13314300
2015-06-26,51.39735412597656,51.65080307571198,51.26317660839309,51.38990392684825,14489200
2015-06-29,50.092857360839844,50.88301645451576,50.06304518719964,50.450666003452106,19934400
2015-06-30,50.510311126708984,50.77121034843845,50.063054505576105,50.607214927015214,20677400
2015-07-01,51.07301330566406,51.31310951169958,50.855425224515464,51.1105306633723,13964400
2015-07-02,50.66035461425781,51.118038985877185,50.412759470479486,50.982984487295305,12822900
2015-07-06,50.51779556274414,50.61533268576941,49.925056758947115,50.1801564919419,13527100
2015-07-07,50.12014389038086,50.43526915534417,48.99469160892931,50.33772629403673,22421500
2015-07-08,49.092227935791016,49.63995055577153,48.92716068800658,49.519899566711494,17707200
2015-07-09,49.60243225097656,50.04510738497076,49.51239401088714,49.88754475807387,14984700
2015-07-10,50.30772399902344,50.57032841117494,50.142656733000535,50.43527389573319,12356100
2015-07-13,51.088043212890625,51.12556058998524,50.780422473237365,50.93798515320826,16175600
2015-07-14,51.800804138183594,51.84582038587001,50.84041935857448,51.00548656588445,20185100
2015-07-15,51.91336441040039,52.09343517380492,51.65825891492648,51.94337715835887,16891600
2015-07-16,52.19097137451172,52.483588506421086,52.07843072712062,52.24349225140965,18035700
2015-07-17,51.92836380004883,52.13844729473507,51.710775687882105,52.03340554739195,14040700
2015-07-20,51.96590042114258,52.34855018926469,51.905874907745684,52.14597123698522,11512900
2015-07-21,51.8458366394043,52.17597115752055,51.67327048627744,51.89085862554982,11659900
2015-07-22,52.58113479614258,52.738697437113146,51.92086575853643,51.98089125729092,15493000
2015-07-23,52.25099563598633,52.97878900178286,52.115941137958664,52.663663747833674,14331800
2015-07-24,51.70328903198242,52.1909805210693,51.53071713516213,52.10094798737806,12413900
2015-07-27,51.02801513671875,51.1855777911016,50.69788058981347,51.13305690630732,16801600
2015-07-28,51.058021545410156,51.470683953427134,50.84793230798653,51.43317231143272,14932400
2015-07-29,51.725791931152344,51.84583720537541,51.1405576239915,51.26060289821457,13059200
2015-07-30,51.800804138183594,52.1084247046155,51.42565347587723,51.71827053452861,10197200
2015-07-31,51.41814422607422,51.80079946995883,51.32060712342862,51.77829134814402,11911800
2015-08-03,51.41814422607422,51.650735783952946,51.02048547576117,51.46316046970383,9980600
2015-08-04,51.36564254760742,51.73328869800279,51.25309617216291,51.373147165796105,10964000
2015-08-05,51.56821823120117,52.08592230957042,51.440662641485424,51.80831445251102,11302900
2015-08-06,51.20808410644531,51.7257940412905,51.02050870678801,51.58323490575994,10803400
2015-08-07,51.058021545410156,51.575725709965745,50.682870779387585,51.268105058487365,11453300
2015-08-10,51.688262939453125,51.77830116813281,51.18556237576868,51.18556237576868,12661400
2015-08-11,51.193084716796875,51.320634624994746,50.90796642276941,51.193084716796875,14800300
2015-08-12,50.45027160644531,50.68286896561095,49.57242021921111,50.57782721283145,21069000
2015-08-13,50.6828727722168,50.870448162603466,50.24769649267653,50.45778001401414,11930600
2015-08-14,50.93795394897461,50.95296318035712,50.57030792092657,50.58531142796454,11248800
2015-08-17,51.07301330566406,51.20056316291994,50.57031276870613,50.73537998367025,10326500
2015-08-18,51.178070068359375,51.2906164501924,50.90045642308415,51.00550391064927,10617500
2015-08-19,50.720394134521484,51.253107658374425,50.540323328062904,50.96799507111936,15198200
2015-08-20,49.47488021850586,50.300210681543675,49.47488021850586,50.127638826632754,20972300
2015-08-21,47.71918487548828,49.099742919404584,47.69667674137427,48.83713275648127,28235500
2015-08-24,45.205665588378906,47.208969228991776,37.56759605335199,44.48537683190055,36339100
2015-08-25,44.9505729675293,47.50910154958174,44.8155184378583,47.34403426616748,31772500
2015-08-26,47.20147705078125,47.25399793771212,45.43076468518709,46.36864175491504,33576800
2015-08-27,48.37944412231445,48.56701950074034,47.3740371172917,48.00429050328957,29045700
2015-08-28,48.11682891845703,48.364429765606445,47.719170074193485,48.23687989562487,16687300
2015-08-31,48.09432601928711,48.28190139824248,47.621638125084246,47.72667987935155,14223400
2015-09-01,46.10602951049805,47.156449933361564,45.76089149422174,47.156449933361564,23637300
2015-09-02,46.946372985839844,47.2014756557533,46.17356321911979,46.9838874950855,17757900
2015-09-03,47.028900146484375,47.764195302691114,46.85633113798237,47.17896102497361,17065400
2015-09-04,46.143550872802734,46.458676187846834,45.580824642646604,46.36864079243047,20189000
2015-09-08,47.389041900634766,47.41905464709722,46.76629315349054,47.09642477805843,13385100
2015-09-09,46.65375900268555,48.27440766563911,46.518704470410455,47.97428870894073,13889500
2015-09-10,47.01389694213867,47.26899959411767,46.10603271622088,46.413656249886145,15751100
2015-09-11,46.93886184692383,47.013890850418655,46.51119023022265,46.803807350894715,12766700
2015-09-14,46.80381393432617,47.03640559518033,46.6087339183228,46.99889108815612,10202800
2015-09-15,47.70417785644531,47.93676952433352,46.901352498546345,47.08892790151348,14023500
2015-09-16,48.12433624267578,48.2368826090151,47.426555640587196,47.93676087355891,12235900
2015-09-17,47.00638198852539,48.49948011242664,46.81130202945415,48.12432942732164,21249200
2015-09-18,45.72336959838867,46.391140296995374,45.6033214801778,46.391140296995374,31008000
2015-09-21,46.10602951049805,46.45116752677435,45.82841874629086,46.15855038853256,13136400
2015-09-22,45.70086669921875,45.835921205428974,45.33321768516353,45.46827219137376,14811900
2015-09-23,45.49827194213867,45.88092722114329,45.2581757468376,45.618320039789204,11712200
2015-09-24,45.18316650390625,45.30321465401714,44.61293564424927,45.0256009813696,17293400
2015-09-25,46.121028900146484,46.4136459940755,45.670846333801826,45.97096804469827,18384300
2015-09-28,45.003089904785156,45.77589964170213,44.785501752508544,45.708372382794686,17452200
2015-09-29,44.89804458618164,45.11563272124479,44.065209412933434,45.00308634457813,19334900
2015-09-30,45.74589157104492,45.76839970418422,45.1006317074316,45.54330978627049,18743800
2015-10-01,46.08352279663086,46.421159088321716,45.423259450850374,45.85843288956145,16863200
2015-10-02,45.95505142211914,45.99283661301363,44.23201846564257,45.03307777360208,20435100
2015-10-05,46.86946105957031,47.03571934029743,46.264889424414804,46.280004075646815,13471100
2015-10-06,46.89213180541992,47.126404576329826,46.56717400953601,46.937475759319405,12134800
2015-10-07,46.95258712768555,47.6327290916724,46.67297042242701,47.26998613431446,12773100
2015-10-08,46.95258712768555,47.04327214631884,46.42358590047926,46.74098490710817,13964600
2015-10-09,46.801448822021484,47.26999150145512,46.53694961979889,47.149077168606915,12112000
2015-10-12,46.64274978637695,46.86190503500411,46.4009211181624,46.733434816251126,10857400
2015-10-13,46.51427459716797,46.97526137614502,46.33290454555978,46.393360268487505,15621900
2015-10-14,45.335365295410156,46.07596599541924,44.99529280999137,45.91726358034028,28989400
2015-10-15,46.771217346191406,46.82411718417942,45.41848632832661,45.69810305234891,18147900
2015-10-16,47.179298400878906,47.34555666116038,46.92235512718236,47.179298400878906,17456600
2015-10-19,47.02061080932617,47.43625368241961,46.78633800897426,46.85435250695867,14510400
2015-10-20,47.2473258972168,47.47403993462138,46.91481216787844,47.126411551745996,11545100
2015-10-21,46.899688720703125,47.57983070539103,46.892129953939175,47.51937498540371,12113400
2015-10-22,47.75364303588867,48.04837438907635,47.171741978812605,47.171741978812605,15295700
2015-10-23,48.26752853393555,48.50936004771497,47.98791471992376,48.08615850213183,16985200
2015-10-26,48.29020690917969,48.35822139879698,47.919905158413314,48.24486295515983,13880200
2015-10-27,48.09372329711914,48.259981592766536,47.84433873647325,48.010594149295436,8831900
2015-10-28,49.49934387207031,49.68071389935719,48.131498370002355,48.13905713612033,17962000
2015-10-29,49.28019332885742,49.74873888390958,49.03080589960465,49.317981399586664,12753700
2015-10-30,48.554718017578125,49.37844509658936,48.46403008728045,49.3482215521415,15731400
2015-11-02,49.52958679199219,49.68828633021821,48.66051295019661,48.70585402807525,15253300
2015-11-03,49.710941314697266,49.952769930466935,49.24995461500368,49.34064250803568,11519500
2015-11-04,49.76385498046875,49.99057189326019,49.59759667984177,49.88477220479768,11388400
2015-11-05,50.20973205566406,50.3835433655578,49.6882865946812,49.718515901978115,12715900
2015-11-06,51.73627471923828,52.167032259344595,51.46421671857632,51.66826310189821,23262700
2015-11-09,50.92766189575195,51.932764792118626,50.69339195962555,51.917647254893694,17143800
2015-11-10,51.14681625366211,51.27528648225695,50.58002972858414,50.77651733832669,13239700
2015-11-11,50.897438049316406,51.51712453206831,50.821867652034804,51.46422467740601,8513900
2015-11-12,49.87721252441406,50.55735748469527,49.83942445108992,50.52712817916604,13576900
2015-11-13,49.54469680786133,50.00568363546863,49.29531512271114,49.756296184667846,11837000
2015-11-16,50.26261520385742,50.31551503264002,49.24995392561327,49.46911200646946,11041100
2015-11-17,49.97544860839844,50.43643538323367,49.7940785584198,50.383535545087824,12354800
2015-11-18,50.9730110168457,51.048587183589866,50.156842613137755,50.23997178403472,12911400
2015-11-19,51.13169860839844,51.25261005505117,50.66315305920029,51.07124000224706,12839500
2015-11-20,51.04100799560547,51.47176545172992,50.920090789707515,51.381077547306454,11209600
2015-11-23,50.542236328125,51.07124048851133,50.46666595254126,50.86719413222015,11339000
2015-11-24,50.46666717529297,50.738725146506155,49.90743946364373,50.00568037771786,10910000
2015-11-25,50.527130126953125,50.72361773764227,50.29286020713384,50.58002997225589,7772000
2015-11-27,50.76139450073242,50.88231171429952,50.360866320679065,50.63292428555495,4052500
2015-11-30,50.3911018371582,51.02589998970412,50.3911018371582,50.844529912641114,15147500
2015-12-01,51.093910217285156,51.26016850033238,50.625364671029345,50.889863864218114,12708800
2015-12-02,50.3759880065918,51.2979558905932,50.239959012943956,51.26017358247747,13440900
2015-12-03,49.72606658935547,50.655593133664595,49.559808309066064,50.50445238739235,14626900
2015-12-04,51.30549621582031,51.38862533570347,49.89986570862125,49.95276553348794,17786000
2015-12-07,50.6329231262207,51.19970957912616,50.17949511702633,51.13169797228948,11686000
2015-12-08,49.846981048583984,50.6026963569597,49.650493454024236,50.06613917989097,13084500
2015-12-09,49.469112396240234,50.31551542907967,49.1517134210438,49.582470820424376,16770200
2015-12-10,49.58247756958008,50.255063674802905,49.18194941317207,49.529577733179956,12839000
2015-12-11,48.41867446899414,49.2424070663607,47.995472903133084,48.97034912279465,17889300
2015-12-14,48.5698127746582,48.940117369408796,48.06348498059026,48.53958924079836,17638200
2015-12-15,49.952781677246094,50.368427410990456,49.174395817370616,49.174395817370616,18126600
2015-12-16,51.03345489501953,51.192154421143556,49.809199760448344,50.56491508426773,21720000
2015-12-17,50.08879852294922,51.3886294853773,49.937657801310635,51.31305912455801,18122100
2015-12-18,48.66805648803711,49.85452903498575,48.66805648803711,49.85452903498575,23819600
2015-12-21,49.52958679199219,49.5446985627348,48.99302956304207,49.136611564874684,18869300
2015-12-22,49.6353874206543,49.877216116654466,49.10638894991984,49.816757501241696,12149500
2015-12-23,50.42888641357422,50.519568562988546,49.914999759508255,49.96789960188341,12524500
2015-12-24,50.33063888549805,50.54979701898573,50.11903951955141,50.34575642058012,4468200
2015-12-28,50.16439437866211,50.21729423468564,49.65806636162948,50.09638274905409,6610600
2015-12-29,50.685829162597656,50.859646232963016,50.436441709067175,50.51201209223229,9820800
2015-12-30,50.32307434082031,50.6707084199957,50.2172746699929,50.663149653322414,7190700
2015-12-31,49.89987564086914,50.466662062533985,49.87720510650649,50.020792845002795,14654300
2016-01-04,48.40114212036133,48.73588648410937,47.93706279419309,48.65220256979576,25393200
2016-01-05,48.48482131958008,48.789133538224135,47.959880783458324,48.46199870127689,16566700
2016-01-06,47.78489303588867,48.02834393310828,47.4273232609008,47.716422289660436,22961500
2016-01-07,45.852508544921875,47.168666138925744,45.70796045153332,46.75784157603504,27630900
2016-01-08,44.825435638427734,46.61328152473508,44.772180938621815,46.50677212512324,22373300
2016-01-11,44.75697326660156,45.053678888107626,44.1559525500225,44.75697326660156,20925500
2016-01-12,44.855865478515625,45.31233804249037,44.20159016833282,45.2286512606535,22971600
2016-01-13,43.6234016418457,45.4036382345677,43.296263937470364,45.2362646456788,28808100
2016-01-14,44.277679443359375,45.175405810554025,43.58536533667508,44.247247352432524,31296300
2016-01-15,43.39518356323242,43.798398744626574,42.77134000244095,42.94632023025662,38131700
2016-01-19,43.37234115600586,44.10269678623617,42.991948747367395,43.92010715313766,22818900
2016-01-20,42.231170654296875,42.7408980721583,41.58450461751238,42.32246693646456,34646100
2016-01-21,42.033363342285156,42.99956045877473,41.88881526425811,42.406149199105506,31301100
2016-01-22,43.32669448852539,43.48645859833972,42.832183212817775,42.938692619360666,22732200
2016-01-25,42.34528732299805,43.250620307189706,42.29963918432129,42.969130707426594,21114400
2016-01-26,43.42560577392578,43.47886048755962,42.45940855173954,42.489837743698715,17535700
2016-01-27,43.39518356323242,44.330948904419635,43.03000705707387,43.42561566428686,20560000
2016-01-28,43.577754974365234,44.10269837457675,43.08324656662397,43.760344614039646,15497900
2016-01-29,45.266700744628906,45.29713283660685,43.752737543612675,43.996191377272176,26992200
2016-02-01,44.77980041503906,45.38082119244611,44.46026924265699,45.008035308361045,16807900
2016-02-02,43.38755798339844,44.11030415328388,43.17453915941007,44.034226831049125,22448200
2016-02-03,43.67665481567383,43.97336042036416,41.858379626180835,43.64622272745849,31543200
2016-02-04,44.429847717285156,44.52114110993198,43.410395642541005,43.410395642541005,21651300
2016-02-05,43.93531799316406,44.99280829956247,43.68425764016469,44.56677070974062,22001300
2016-02-08,43.014774322509766,43.303870463901205,42.25398950422199,43.12889030395467,28267600
2016-02-09,42.7561149597168,43.12889796165514,41.94207529178613,42.06380076823845,26300000
2016-02-10,42.238773345947266,43.67665618429613,42.20073468556798,43.03759682256732,22389600
2016-02-11,40.374855041503906,41.013914483572925,39.94120787390323,41.0063079114063,44334700
2016-02-12,43.73752212524414,43.79838340387094,41.97249861044493,42.33767789086124,37011400
2016-02-16,44.39180374145508,44.5819999921077,43.85164708612112,44.300510353747875,23730700
2016-02-17,44.71131896972656,45.07649529218848,44.42221995946626,44.77218023905517,21580100
2016-02-18,43.98097610473633,44.77979966913927,43.55493551604486,44.76458362288271,17037800
2016-02-19,43.988582611083984,44.25485616476592,43.425603411252446,43.74513167567077,15658200
2016-02-22,44.55916976928711,44.795014124642414,44.44505087749751,44.51352163213847,14882800
2016-02-23,42.69525146484375,44.19399877604838,42.573525986411575,44.04945067733653,31772500
2016-02-24,42.71046447753906,42.763719189183746,41.33344564477782,41.995327705336095,25560100
2016-02-25,43.37234115600586,43.38755720061105,42.63438185671859,42.70285260636007,14473300
2016-02-26,43.77557373046875,44.2092209892471,43.47125854086494,43.851651076787334,20947500
2016-02-29,42.83218765258789,43.828816878277344,42.8245810808308,43.676659323659756,19554100
2016-03-01,45.03846740722656,45.03846740722656,43.11367960483962,43.18215036306151,23958100
2016-03-02,45.46449279785156,45.57100509461242,44.85586561289195,45.038455219461504,20943100
2016-03-03,45.61667251586914,45.61667251586914,44.962396885367774,45.32757627619648,15790600
2016-03-04,45.68513870239258,46.065531202665895,45.289530153848595,45.72317737198702,18459000
2016-03-07,45.601444244384766,45.685131044763835,45.12975843571471,45.297132036472846,12832400
2016-03-08,44.718929290771484,45.2666952714886,44.64285197218908,45.046066984570466,14132900
2016-03-09,44.977603912353516,45.29713508968732,44.64285959043806,45.000429433554324,13238800
2016-03-10,44.589603424072266,45.39603356015782,43.98097608490466,45.335172277323096,21139200
2016-03-11,45.144962310791016,45.27429431130003,44.62002193470111,45.18300096375466,21055000
2016-03-14,44.977603912353516,45.12215490535669,44.58199540345479,45.000429433554324,13436100
2016-03-15,45.03846740722656,45.0460739794005,44.4526626762535,44.53634948098739,10910500
2016-03-16,44.825435638427734,45.45688836778862,44.48308482600781,44.87108376776002,17423900
2016-03-17,44.69611740112305,44.985216505004416,44.11792209552467,44.711333448923575,19405700
2016-03-18,46.01226806640625,46.385053925421644,45.38842471226941,45.685130343851085,29570200
2016-03-21,45.9970588684082,46.270941923614146,45.616666381103144,45.81447209971382,12684400
2016-03-22,45.82966995239258,46.088336857151916,45.35798136584348,45.63947378425081,12042700
2016-03-23,45.601444244384766,46.03509138983633,45.54058296366797,45.905759354460656,11658700
2016-03-24,45.25148391723633,45.27430653474367,44.78740468016056,45.114542407864334,12921200
2016-03-28,45.19062805175781,45.45690162846468,45.02325443087674,45.289528007583606,11159700
2016-03-29,44.90912628173828,45.13736404583974,44.52873387778749,45.13736404583974,15933400
2016-03-30,45.426456451416016,45.82206486728452,45.17539899455847,45.23626026506559,13307100
2016-03-31,45.05369186401367,45.593848556283035,44.97000504365778,45.22867207831933,14904700
2016-04-01,45.54819107055664,45.692742058688275,44.551564710688545,44.90152506755575,15417500
2016-04-04,45.37191390991211,45.655487549572335,45.18797243434972,45.55585246182393,12305000
2016-04-05,44.728118896484375,45.08833600171472,44.61315511968524,44.90439454356616,12886600
2016-04-06,45.073020935058594,45.126669934150314,44.413901319187545,44.59017701958194,12167900
2016-04-07,43.93104553222656,44.781769321720176,43.739441180490175,44.65147684224123,19226800
2016-04-08,44.25294494628906,44.896735722644536,44.21462173478472,44.229950434656345,13547700
2016-04-11,44.60550308227539,45.126667262874186,44.38324128568011,44.38324128568011,17627800
2016-04-12,45.433223724365234,45.51753010835363,44.60549443102095,44.71279240204239,17779200
2016-04-13,47.356937408447266,47.6405110611231,46.2762888645008,46.35292944403999,37516800
2016-04-14,47.97006607055664,48.215319409202635,47.21897735549697,47.28028922833326,24249900
2016-04-15,47.41823959350586,48.2076514349012,47.0963457168661,48.19232273739691,19290700
2016-04-18,47.72482681274414,47.96241733375371,47.15767647251053,47.241982880728486,13813100
2016-04-19,48.529544830322266,48.65217148549051,47.939403138684426,47.939403138684426,19255600
2016-04-20,49.234657287597656,49.28830627731611,48.399265040938694,48.652181289089874,14594400
2016-04-21,48.74415588378906,49.55656247750856,48.54488860362561,49.249994282556024,15395800
2016-04-22,49.02772903442383,49.34195717282547,48.77480985285319,48.77480985285319,12444700
2016-04-25,48.74415588378906,49.012403785285265,48.399270319031196,48.74415588378906,10687200
2016-04-26,48.997066497802734,49.10436447013984,48.53721720960069,48.905097224892415,12048000
2016-04-27,49.13502883911133,49.54122919876693,48.74415425740611,48.943424454571755,15284100
2016-04-28,48.74415588378906,49.37261805215586,48.55255149285647,48.774813288014506,12852500
2016-04-29,48.43759536743164,48.75182648246197,48.05438654794824,48.35328895936109,16376400
2016-05-02,48.8897705078125,49.05071747284413,48.39159798901869,48.81312700757083,10247300
2016-05-03,47.94707107543945,48.215315981874895,47.364592244822205,48.20765309468397,19120300
2016-05-04,47.188316345214844,47.717143268006666,46.95839172329015,47.3262717030997,17030200
2016-05-05,46.93539810180664,47.51787398032067,46.797442749907255,47.211305881955354,14033900
2016-05-06,47.2113151550293,47.27262995620561,46.43723479390742,46.52154118369954,11057900
2016-05-09,46.91240692138672,47.43357097138203,46.78978025807313,47.03503358470031,11197100
2016-05-10,47.54853439331055,47.71714422682992,47.01970453624229,47.17298859515555,11897200
2016-05-11,47.372257232666016,47.977724714337256,47.372257232666016,47.49488389114185,11254000
2016-05-12,47.34160232543945,47.947072762584774,47.03503420131136,47.72481101877442,11071700
2016-05-13,46.904747009277344,47.824448504292675,46.76679163884252,47.28795572189619,15122300
2016-05-16,47.25729751586914,47.510216665228945,46.751462140799944,46.91240909567414,10951300
2016-05-17,47.25729751586914,47.64050622194127,46.866425922081746,47.08102186191401,12180900
2016-05-18,49.08137893676758,49.181011109855184,47.280296001245645,47.28796181372982,24007100
2016-05-19,48.58320999145508,49.21933798703299,48.20766701401238,48.690507985010136,16076200
2016-05-20,48.6751823425293,49.19634948791197,48.56788434222892,48.94343026693146,11862000
2016-05-23,48.6368522644043,48.95108331222494,48.406927606622226,48.62918937606017,9347500
2016-05-24,49.4645881652832,49.6408609229701,48.90510371834577,49.00473589237307,13839400
2016-05-25,50.215667724609375,50.73683181384706,49.755818433470466,49.77115005664565,18935200
2016-05-26,49.840126037597656,50.26165797570681,49.74815968550193,50.25399216393179,9428400
2016-05-27,50.146705627441406,50.16969722071004,49.85546903386799,49.97809281373484,10116000
2016-05-31,50.02406692504883,50.44559888284213,49.78647937463882,50.37662411554944,15139400
2016-06-01,50.345970153808594,50.52224291379994,49.24999283597344,49.63320160658291,14031000
2016-06-02,50.437931060791016,50.437931060791016,49.93976439072505,50.21566929620257,10637600
2016-06-03,49.541229248046875,49.709842042177705,48.705834013677325,49.24232687565196,20261700
2016-06-06,50.03173828125,50.399621289480685,49.510574097182726,49.54123150181045,13193500
2016-06-07,49.86311721801758,50.38428131573723,49.847791441893946,50.162019554487564,9924100
2016-06-08,50.00872802734375,50.18500657634402,49.7558089190259,49.76347472914762,9428000
2016-06-09,49.62553405761719,49.74049785423801,49.25765107789088,49.65619145986951,10817800
2016-06-10,48.928096771240234,49.1043724578471,48.72882949357841,48.99707446805605,16678400
2016-06-13,48.491233825683594,49.311297363542906,48.48356801371585,48.65218079319849,14314900
2016-06-14,47.579193115234375,48.64451282270026,47.27262498886778,48.039042381133925,19509300
2016-06-15,47.49490737915039,48.268987995406555,47.44892126311129,47.83213012581568,16982100
2016-06-16,47.68650436401367,47.747816252173386,46.67483335834376,47.09636245676437,16791200
2016-06-17,47.73246765136719,48.06202731834175,47.46422277064367,47.74779634792995,15751500
2016-06-20,47.80146026611328,48.93575785347317,47.77846867590726,48.62919259733989,12213200
2016-06-21,48.24598693847656,48.28430723250231,47.625187650115734,48.07737413638203,11611600
2016-06-22,48.062042236328125,48.828459760455125,48.03905064617258,48.245983728524976,12643500
2016-06-23,49.08903884887695,49.165679422601706,48.6904985098267,48.82079099353936,16583600
2016-06-24,45.678470611572266,47.28794872046308,45.47920339692008,46.35291866454508,44108700
2016-06-27,44.1533088684082,45.0270242759359,43.724114052582976,44.99636687688042,37300700
2016-06-28,45.61717224121094,45.640163831797075,44.651484505480724,45.364253050159874,29088700
2016-06-29,46.904747009277344,46.91240989712352,45.98504551426201,46.26095625513165,21483000
2016-06-30,47.625179290771484,47.66349957807112,46.766792575927546,47.23430768247441,21343600
2016-07-01,47.316226959228516,47.89551476843088,47.23898976323226,47.62518163603384,14217800
2016-07-05,45.99544906616211,46.80645136753025,45.64787580945861,46.6905955795691,23357700
2016-07-06,46.489784240722656,46.56702439584505,45.385275066962855,45.578371035152884,20429800
2016-07-07,46.791015625,47.22354870063767,46.466612871861145,46.74467153271999,13771400
2016-07-08,47.75648498535156,48.01909261149905,47.37029314020297,47.37029314020297,16998800
2016-07-11,48.09634017944336,48.62156140570693,47.9959294591961,48.21219598304213,13151400
2016-07-12,48.81466293334961,49.09272160800103,48.5752228643085,48.683356138581665,16588100
2016-07-13,48.78376388549805,48.992307878727,48.38212392962124,48.721974709584224,18526900
2016-07-14,49.52524948120117,50.189499995194126,49.4711828529841,50.00412364746085,28985900
2016-07-15,49.571598052978516,50.05047818384739,49.131339473548934,50.01185663240809,17607100
2016-07-18,49.40167999267578,49.74153083879039,49.355338838322794,49.532983858557415,10824400
2016-07-19,49.32442092895508,49.50979135710223,49.01546628683005,49.13132501422939,9737400
2016-07-20,49.378501892089844,49.610219414194354,49.20857649492272,49.51753122678827,10411100
2016-07-21,49.193119049072266,49.57158837585529,49.146777910648716,49.432559067764394,9808700
2016-07-22,49.46345901489258,49.50207466900946,49.123608258868096,49.355325754852196,8195700
2016-07-25,49.332149505615234,49.563864042357665,49.18539765317407,49.4171121899165,8168300
2016-07-26,49.532962799072266,49.63337644790813,49.20856307087895,49.417107016036034,8067800
2016-07-27,49.68745040893555,49.965509043552196,49.478903486562736,49.494354462275126,11806800
2016-07-28,49.509796142578125,49.57931374286497,49.216292445240924,49.432558947786255,10013400
2016-07-29,49.40939712524414,49.656559728023794,49.23947173092914,49.278090335161465,13210400
2016-08-01,49.27808380126953,49.671998226466286,49.13133194608059,49.548419887872626,11422600
2016-08-02,49.1622314453125,49.44029009263809,48.95368745981831,49.11588735528809,13550000
2016-08-03,49.94233322143555,49.9500528156594,49.162224028965106,49.19311713791056,13122300
2016-08-04,49.86509704589844,50.06591848712458,49.641105033150204,49.81103041473995,9873000
2016-08-05,51.20904541015625,51.26311203739535,50.25901079687448,50.31307742411358,20752700
2016-08-08,51.0545654296875,51.35579462508816,50.853744001813574,51.031394859705976,11359200
2016-08-09,50.876914978027344,51.193589221658584,50.737885680310754,51.11635203244266,10097000
2016-08-10,50.42121505737305,51.031398985102506,50.32853276995449,50.9155402330084,11556100
2016-08-11,50.56022262573242,50.737873421544705,50.22037200390981,50.413467876705674,9604500
2016-08-12,50.45209503173828,50.47526559620542,50.09679929333114,50.18176195825666,7685400
2016-08-15,50.76104736328125,50.84601002439402,50.56022599221299,50.63746316791039,8371600
2016-08-16,50.75333786010742,50.94643380656628,50.39031653791347,50.48300471362915,10128900
2016-08-17,50.89236831665039,50.96188592319867,50.62203516411989,50.822856602922876,11868100
2016-08-18,50.9387092590332,50.969605318175425,50.614309477270936,50.683827083546134,9313600
2016-08-19,50.869178771972656,50.90780030485209,50.37485379377242,50.76104555129251,9084900
2016-08-22,50.822845458984375,50.88463167114292,50.52161631324087,50.784223920168245,9055600
2016-08-23,50.7996711730957,51.239929627463255,50.79195157925783,51.03138863026587,8949600
2016-08-24,50.9387092590332,51.15498167302878,50.79967993930355,50.969605318175425,10167200
2016-08-25,51.03139114379883,51.0854577674256,50.81512464929172,50.907812815289056,9978700
2016-08-26,51.14725112915039,51.65702132255467,50.86146702995001,51.2322138101878,14038600
2016-08-29,51.71108627319336,51.826945006567634,51.332619910802705,51.35579047891357,14583100
2016-08-30,52.13590621948242,52.213143420502696,51.71109277463984,51.71109277463984,13791200
2016-08-31,52.13590621948242,52.34444725151924,51.6415810615678,52.10501016051017,14952300
2016-09-01,51.911903381347656,52.30582068503637,51.47937043161539,52.24402857998334,12226500
2016-09-02,52.128170013427734,52.19768760502692,51.734258601370485,52.05865831464804,13720700
2016-09-06,52.089561462402344,52.17452414547443,51.525718737725846,52.13590260123428,16649400
2016-09-07,51.87330627441406,52.20542569892714,51.718825956571436,51.87330627441406,10070400
2016-09-08,51.94280242919922,52.27492764698719,51.74970650938807,51.919631861673054,12253000
2016-09-09,51.47937774658203,52.081836124406756,51.471652259147774,51.77288144806014,19686900
2016-09-12,51.796051025390625,51.981427363339904,50.791955712522935,51.08545940837899,16453000
2016-09-13,51.38669967651367,51.64158777656252,50.838307817294975,51.06229985435413,18876100
2016-09-14,51.286285400390625,51.94281045056974,51.13953059296891,51.185871735177564,12648600
2016-09-15,51.471649169921875,51.69564114950911,51.04683577883919,51.20131605415106,12531300
2016-09-16,50.83829116821289,51.178141856979984,50.544787505162844,51.04683215907117,25161500
2016-09-19,51.12407684326172,51.471647136547816,50.86146333201601,51.09318078941989,13466900
2016-09-20,51.33263397216797,51.633863225763754,51.16270856904797,51.55662601329691,10092200
2016-09-21,51.62613296508789,51.850124985514206,51.216770473309836,51.62613296508789,14116800
2016-09-22,52.050960540771484,52.07413111936764,51.626146957099785,51.74200574290322,12781700
2016-09-23,51.94280242919922,52.44485299927217,51.88873580736489,52.05093567286788,13967400
2016-09-26,50.807403564453125,51.59523831164226,50.62203310921707,51.440758021595116,16408100
2016-09-27,51.255374908447266,51.293996444626295,50.2898954321622,50.52161286359824,13711400
2016-09-28,51.525699615478516,51.57204073711231,50.96958258460057,51.425291887665935,11278000
2016-09-29,50.70700454711914,51.9119215533423,50.47528701846628,51.518004111761066,18727200
2016-09-30,51.43302917480469,51.79605046668097,51.03911771975694,51.03911771975694,21680100
2016-10-03,51.37124252319336,51.687916782006354,51.178146594486385,51.247658300267254,14901700
2016-10-04,51.814697265625,52.265937805837396,51.42569802799169,51.511278335123606,17226900
2016-10-05,52.662715911865234,52.958353180032894,51.97029778026064,52.04031479022521,16280000
2016-10-06,52.80276107788086,52.88055974184857,52.16480253629352,52.693841761194555,17485000
2016-10-07,52.989471435546875,53.043931086055544,52.4370932844856,52.740512185270575,18497000
2016-10-10,53.40181350708008,53.72857143381041,53.08283722688823,53.16841159618289,13027500
2016-10-11,53.14506912231445,53.54184997067047,52.84943186538343,53.292890718608355,15657100
2016-10-12,53.00503158569336,53.3629101558505,52.942796221586455,53.10617518172404,11899800
2016-10-13,52.701622009277344,52.8027656232338,51.985864742108674,52.483783357152795,17890000
2016-10-14,52.53046417236328,53.70524374969005,52.35930946204129,53.526307391189384,24163800
2016-10-17,52.25815963745117,52.7405208610595,51.92362003339297,52.452659269213896,14963400
2016-10-18,52.67049789428711,53.06727880497083,52.546021216531216,52.78719886044794,11870300
2016-10-19,53.176185607910156,53.29288654660333,52.75606579000854,52.75606579000854,12705800
2016-10-20,53.106170654296875,53.432928546715154,52.85721141212249,52.96613070959525,14122000
2016-10-21,53.285118103027344,53.31623875676635,52.67049854691196,52.75607886077978,12175700
2016-10-24,53.58075714111328,53.72079710412066,53.29289556835996,53.65855580152687,10197100
2016-10-25,53.52629470825195,53.627432367976745,53.19953085441607,53.58853007195959,9945100
2016-10-26,53.78303146362305,53.87639341576494,53.19175690702936,53.19175690702936,9801300
2016-10-27,53.860836029052734,54.2809499743206,53.75969243037286,54.06311135509809,14210700
2016-10-28,53.76746368408203,54.10978483992463,53.26954524048701,54.09422154975575,12766500
2016-10-31,53.884178161621094,54.13313744599502,53.860839156157525,54.01643648301965,14336300
2016-11-01,53.6585578918457,54.2887347820994,53.16063932301308,54.055338791766474,15564500
2016-11-02,53.43293762207031,53.5651959435141,52.91168004768066,53.40959861659877,12449800
2016-11-03,53.199546813964844,53.829729771683276,53.07507011355029,53.572988786526096,10369700
2016-11-04,52.71717834472656,53.33957356352985,52.623816390860284,53.28511390768884,13571300
2016-11-07,54.36653137207031,54.43655432145988,53.68189484995105,53.7441361525957,16515100
2016-11-08,54.48323440551758,54.88779695245761,53.86861487372381,54.22649347407381,17531700
2016-11-09,56.988380432128906,57.688580150166906,55.48684334509161,55.59576264171346,50948400
2016-11-10,59.63359069824219,60.10038864622692,57.74305396359475,57.74305396359475,56192300
2016-11-11,59.664703369140625,59.68804237306818,58.94894027997166,59.36128444676807,27574300
2016-11-14,61.85866928100586,62.58220820395213,60.10039081334948,60.10039081334948,46130700
2016-11-15,61.741939544677734,61.7808418301482,60.51270092593793,60.971722964736756,28126300
2016-11-16,60.21706771850586,60.95616370606274,59.812505291227055,60.85502606707094,26054900
2016-11-17,60.699459075927734,61.04178042089822,60.37270102972464,60.6294420384525,19306700
2016-11-18,60.458248138427734,61.010626227899124,60.33377149499704,60.65274771650876,19770000
2016-11-21,60.722774505615234,60.81613051020013,60.13149408873293,60.68387221326723,11983500
2016-11-22,61.09622573852539,61.119564745532806,60.49716946125604,60.95618576082298,14410100
2016-11-23,61.352970123291016,61.64860745470673,60.59831053094069,61.36075177128198,13373700
2016-11-25,61.32961654663086,61.811971765642326,61.04953664206949,61.539673507223455,6185700
2016-11-28,60.93284606933594,61.36074764519152,60.699444130567834,60.82392674741959,13007200
2016-11-29,61.399654388427734,61.58637834526377,60.98731603781787,60.98731603781787,14144100
2016-11-30,62.37215042114258,62.652230410332955,62.006490105496326,62.17765075840808,25351900
2016-12-01,63.63249969482422,64.01371730783026,62.745581856434356,62.745581856434356,23823600
2016-12-02,63.484649658203125,63.66359184947989,62.9400533119782,63.640252854020964,16931500
2016-12-05,64.77615356445312,64.79949256859224,64.02149410711651,64.0292757537153,18529800
2016-12-06,65.11070251464844,65.20405854464587,64.1304226500689,65.0406795564923,16130000
2016-12-07,65.40634155273438,65.421898912923,64.45718231845673,65.00178489558989,18996900
2016-12-08,66.22325134277344,66.51888871131983,65.30521264126102,65.53083297606973,20844900
2016-12-09,66.51106262207031,66.5188442658392,65.46076626816175,66.14540252844803,14567200
2016-12-12,65.91980743408203,66.74448384355581,65.57748623664457,66.40994429214832,14511300
2016-12-13,65.94315338134766,66.65112891755972,65.21183290458711,66.11431399809224,16669000
2016-12-14,65.91980743408203,67.0012247416339,65.16514803190768,65.25850404164025,22622600
2016-12-15,66.90786743164062,67.28908501432527,66.05207031441387,66.4410695436676,19438900
2016-12-16,66.08320617675781,67.1335031503798,66.04430387061463,67.1335031503798,23008500
2016-12-19,66.46439361572266,66.47217526054351,65.49967740589209,65.97425683381445,21685100
2016-12-20,67.32020568847656,67.32798733504836,66.55777052284077,66.74448849096382,14587300
2016-12-21,67.49136352539062,67.53804153158875,66.93120370838545,67.24240426623909,11400500
2016-12-22,67.60030364990234,67.818142326793,67.07126431931414,67.25020662427933,13924200
2016-12-23,67.72478485107422,67.80258352893595,67.21908454148496,67.68588254431403,10759400
2016-12-27,67.78701782226562,67.81036276688707,67.49138048263694,67.72478244358378,6946400
2016-12-28,67.296875,67.9892932390202,67.18017402963143,67.81035689535858,9455600
2016-12-29,66.82228088378906,67.4291186750287,66.16098344296782,67.35910166941949,14689000
2016-12-30,67.13347625732422,67.23461390285972,66.64333944882056,66.98565467598634,13617800
2017-01-03,67.86480712890625,68.27714535602246,66.89230907036537,67.95038149725332,20550700
2017-01-04,67.98998260498047,68.20120186964483,67.59100625116943,68.02909418884398,15266600
2017-01-05,67.3641357421875,68.14643902014252,66.69917914962579,67.91174564935588,14300800
2017-01-06,67.37194061279297,67.76309213662097,67.23112582547495,67.58315980952071,12893300
2017-01-09,67.41888427734375,67.88044026118511,66.90256134440332,67.066850254702,12806600
2017-01-10,67.61446380615234,67.98214725418973,67.05902926687233,67.33283418503859,13989000
2017-01-11,68.12297058105469,68.12297058105469,67.20767718226051,67.61447225889114,14713100
2017-01-12,67.46582794189453,68.27159930258236,67.29372027873792,67.87262895817376,21337400
2017-01-13,67.82569885253906,68.97568574547742,67.35631803073794,68.14644609467875,28296000
2017-01-17,65.36146545410156,66.66791097942743,65.15024014850842,66.44104222862492,30024600
2017-01-18,65.66654205322266,65.89341073038577,64.95464317296941,65.42402396742727,21270100
2017-01-19,65.16586303710938,66.23761466853102,65.02504821353206,65.76040920910236,16555600
2017-01-20,65.4552993774414,65.58047073914872,65.15802634613506,65.26754830337946,18436800
2017-01-23,65.48661041259766,65.71347909235085,65.09545875133367,65.16586915398155,12179200
2017-01-24,66.2767333984375,66.49577735712445,65.36925874844839,65.6508884006174,15175300
2017-01-25,67.30155181884766,67.41107380316389,66.6287705046191,67.15291228220399,17551000
2017-01-26,67.86479187011719,68.02125009798019,67.2389470216676,67.2389470216676,15962800
2017-01-27,68.0056381225586,68.04475568186986,67.48931498845755,67.79441882038189,12535400
2017-01-30,67.30155181884766,67.66923532412379,66.74611719310091,67.42672321149506,13661900
2017-01-31,66.20633697509766,67.39544152823615,65.78389240768016,66.96517225535679,15655100
2017-02-01,66.45665740966797,67.35630732339891,66.24543816240941,66.9182194218256,15430900
2017-02-02,66.17503356933594,66.42537635618298,65.83864887863645,65.97945774348709,11081400
2017-02-03,68.20121002197266,68.30290731437462,67.17639448734114,67.42673133429317,17885200
2017-02-06,67.88043975830078,68.41240612382903,67.75527436149959,67.89608916321293,11828400
2017-02-07,67.84134674072266,68.37331325176802,67.65359560991277,68.16991271176516,9392800
2017-02-08,67.24678039550781,67.52058531382633,66.78522438584224,67.41888804945076,13970900
2017-02-09,68.21684265136719,68.31854589615048,67.2467882692437,67.2467882692437,13749100
2017-02-10,68.06037902832031,68.43588719392683,67.9743251980459,68.43588719392683,10992500
2017-02-13,68.96003723144531,69.42159331452046,68.3967778993193,68.40460260351564,18739100
2017-02-14,70.06306457519531,70.17258653304272,68.92872745384754,69.07736695456862,17932100
2017-02-15,70.86885833740234,71.08790829118644,69.89880384464806,70.46988792213705,17381800
2017-02-16,70.82191467285156,71.22089101508196,70.22736251147886,70.72021739555768,17672700
2017-02-17,70.5872573852539,70.77500858054974,70.16481271946112,70.2665100401416,15776600
2017-02-21,71.1974105834961,71.30693254583292,70.76714146824477,70.80625901272191,14068300
2017-02-22,71.2365493774414,71.42430650047051,70.73587565303364,70.8141048033783,11839000
2017-02-23,71.29127502441406,71.45555794921634,70.81406968491756,71.33039256443783,11067000
2017-02-24,70.66545867919922,70.82974165634592,70.19607789185143,70.54811199023713,15062300
2017-02-27,70.74369049072266,70.97838387752134,70.42294325999785,70.65763664679653,12361000
2017-02-28,70.892333984375,71.04879227195958,70.08655649466121,70.28995704332205,15183500
2017-03-01,73.22358703613281,73.52086610733355,72.4491084471897,72.58992327867941,24451400
2017-03-02,72.0814208984375,73.47391972694973,71.9953670635519,73.43480814559273,16862500
2017-03-03,72.59773254394531,72.84024460329852,72.08140961545233,72.08140961545233,12817500
2017-03-06,71.90934753417969,72.2222701768212,71.26785880259095,72.16750916199665,15059200
2017-03-07,71.51034545898438,72.0423059579079,71.35388122238892,71.69027187044372,11156800
2017-03-08,71.35387420654297,72.63685097797573,71.26782037700177,72.50386086632105,17378400
2017-03-09,71.6355209350586,72.08143362707169,71.30695494483867,71.658989081717,13726200
2017-03-10,71.40862274169922,71.97188190285527,70.82189544357811,71.93276436224771,13729900
2017-03-13,71.47122192382812,71.7997878404191,71.13483130393742,71.43210437582927,10004300
2017-03-14,71.58856964111328,71.69809161490409,71.00966095850484,71.20523676434554,10237700
2017-03-15,71.76068878173828,72.40217728874762,71.29130199785267,71.81544977739149,16601400
2017-03-16,71.69026947021484,72.60556284177747,71.63550848136495,71.99536726073572,14492000
2017-03-17,70.93927764892578,72.00321082686746,70.9158095001994,71.8389278172811,21734700
2017-03-20,70.43077087402344,71.32259623109896,70.24301973792885,70.61852201011801,14623600
2017-03-21,68.36546325683594,70.90794817658106,68.1073018171606,70.68890427691665,33089200
2017-03-22,68.4749984741211,68.89744292039595,67.2859002304769,67.97432490116566,21741000
2017-03-23,68.36546325683594,69.23382012229031,68.13076995376771,68.22464846869472,16090100
2017-03-24,68.28727722167969,68.91311647715023,67.88047603554656,68.67842899453717,16093200
2017-03-27,68.24813842773438,68.37330982099412,66.67571308728748,66.91040049689869,16689300
2017-03-28,69.31209564208984,69.6406617115796,68.04476766877147,68.07605455953015,16264400
2017-03-29,69.05391693115234,69.48418617882822,68.90528334709252,69.31207847975787,10207600
2017-03-30,69.64845275878906,69.98484337264881,68.93655995227176,68.9991396720482,11631000
2017-03-31,68.7175064086914,69.42158044330903,68.64710198947935,69.39811230357168,16987600
2017-04-03,68.46717834472656,68.97567665486928,67.7474607815862,68.83486183003745,19831800
2017-04-04,68.69536590576172,68.97861380801714,68.23115773432916,68.36491202072884,14280800
2017-04-05,67.81413269042969,69.66310709386696,67.76692072076862,69.56868915733816,17635500
2017-04-06,68.04231262207031,68.38063609636063,67.07454817144647,67.64891351256037,14379600
2017-04-07,67.8062515258789,68.30193210228413,67.43645550736402,67.6095520269065,13097100
2017-04-10,67.57024383544922,68.20755461573303,67.19258396834324,67.72760711573952,15081600
2017-04-11,67.45221710205078,67.49942307649836,66.7204944841417,67.30272351257435,14690500
2017-04-12,67.19257354736328,67.62530899475856,66.90145602607254,67.6095756705673,14730600
2017-04-13,66.4057846069336,68.44358953391544,66.4057846069336,67.27126162612586,30529800
2017-04-17,67.55451202392578,67.72760863472962,66.38218407274816,66.43725972138616,19071700
2017-04-18,67.00373077392578,67.37352084794293,66.67327100143552,67.16108799679294,14127000
2017-04-19,66.45296478271484,67.60168925341038,66.37428617566859,67.27123550214036,17588500
2017-04-20,67.31056213378906,67.49152228757957,66.5237642409466,66.86208757498052,15635800
2017-04-21,66.50016021728516,67.4128487223342,66.49229655978066,67.27122485095735,19820600
2017-04-24,68.84485626220703,69.27759775983036,67.99511259567124,68.09740022390682,25468300
2017-04-25,69.44282531738281,70.12733605256925,69.44282531738281,69.67099756337667,18253800
2017-04-26,69.57658386230469,70.06440103909485,69.34841160232843,69.5136385486294,12832200
2017-04-27,68.931396484375,69.5293648466225,68.4593187258825,69.5293648466225,13329000
2017-04-28,68.45145416259766,69.1202315371905,68.41211184529432,68.9235319562635,10755600
2017-05-01,68.49864196777344,69.03366492605991,68.105242910292,68.73468380337958,15712300
2017-05-02,68.05803680419922,68.35701792626413,67.68037106856539,68.22326368766613,14414200
2017-05-03,68.45145416259766,68.5301327944095,67.68038916413407,67.71186181741777,11540500
2017-05-04,68.5301284790039,69.02581523351479,68.11312635414484,68.99434258221295,11540100
2017-05-05,68.45145416259766,68.71896271131686,67.99510969417625,68.64815374352466,9436000
2017-05-08,68.5301284790039,68.7032250597668,68.17607165674852,68.48292250344838,8162200
2017-05-09,68.25475311279297,69.11236038583704,68.05805353609904,68.6560219300311,10273900
2017-05-10,68.7897720336914,68.8291143477644,68.0344464252856,68.08165239993774,8334900
2017-05-11,68.57734680175781,68.82912203267095,67.94003605882534,68.5222651547879,10907400
2017-05-12,68.38851928710938,68.49080692658171,67.93217474908322,68.19968934140039,8738800
2017-05-15,68.71895599365234,68.8369769312303,68.34129619675596,68.53012609520415,8835600
2017-05-16,68.931396484375,69.30905629005125,68.71895759123703,68.7346969181036,9795000
2017-05-17,66.30347442626953,68.93138324851049,66.0674385937429,68.93138324851049,24679700
2017-05-18,66.05958557128906,66.72049927498345,65.58750778453292,66.14613386585374,23350100
2017-05-19,66.70474243164062,67.14534744987832,66.20906178612321,66.25626775156493,13412900
2017-05-22,66.64181518554688,67.10602931498283,66.25628569020822,67.01948101971163,11636000
2017-05-23,67.47581481933594,67.71972033865823,66.4923170765282,66.681146962365,11753000
2017-05-24,67.43646240234375,67.64103158297289,67.06666634601939,67.57021663465041,9833800
2017-05-25,67.15321350097656,67.72757872840484,66.94078066511796,67.65676378125673,12238500
2017-05-26,67.16109466552734,67.31845190401923,66.89358015673851,66.96439511601555,8113500
2017-05-30,66.0123519897461,66.99584946872683,65.91793407075873,66.9801101474995,12603200
2017-05-31,64.63549041748047,65.94944231816389,64.23422154861947,65.87863334278603,28327900
2017-06-01,65.35145568847656,65.36719501382856,64.24207336291258,64.87937797541117,17123500
2017-06-02,65.02101135253906,65.29638955833863,64.50172759343054,64.7456331467395,14998500
2017-06-05,65.1390380859375,65.70553387550943,64.97381114777822,65.0210171293108,9080200
2017-06-06,65.27276611328125,65.47733528896126,64.61972228505189,64.74561285556045,12196800
2017-06-07,66.02023315429688,66.17759037723619,65.38292259496814,65.54814947989239,13711100
2017-06-08,66.83853149414062,67.45223937861196,66.00452698856134,66.0202663204381,17951000
2017-06-09,68.41999053955078,68.49080551948416,67.18471724840661,67.27913522071923,19120200
2017-06-12,68.43569946289062,69.03366168013542,68.36488451442116,68.41996013976721,16053400
2017-06-13,68.66387176513672,69.12021613184923,68.43570558457395,68.8841802890208,12557200
2017-06-14,68.5222396850586,68.69533621749542,67.5230087970725,68.27046454773033,16175700
2017-06-15,68.11312866210938,68.51439747631146,67.85348378216717,67.8613534459579,12509700
2017-06-16,67.8062515258789,68.41995300222604,67.68036096519624,68.33340474245479,16936600
2017-06-19,69.2933349609375,69.41922558648467,68.3334399509242,68.42785792008459,15972300
2017-06-20,68.8605728149414,69.1752932817532,68.7425578923314,69.04153903426611,11197800
2017-06-21,68.54588317871094,68.88420675258784,68.26263525626536,68.82913110115652,10005900
2017-06-22,68.46717834472656,68.73469286051667,68.17606684561835,68.39636938639019,12180600
2017-06-23,68.34130096435547,69.23825054804982,68.14460138893487,68.97074200681925,18812000
2017-06-26,68.6402816772461,68.97860518471175,68.15247057540813,68.45932143069156,10082400
2017-06-27,69.277587890625,69.9778378486259,68.84484645464951,69.01007336580535,15415200
2017-06-28,70.67019653320312,70.86689603435353,69.7103020071424,69.7103020071424,17466200
2017-06-29,71.71665954589844,72.8968568856462,71.05574591418676,72.65294535353169,27697800
2017-06-30,71.91336822509766,72.3854460203234,71.72453830756632,72.3539733669357,16892700
2017-07-03,73.37692260742188,73.95444713383561,72.31681686532345,72.43548091420668,13208100
2017-07-05,74.1126937866211,74.19971814106995,73.2661890953748,73.66966509910922,17535400
2017-07-06,73.8753433227539,74.76931956102271,73.47978032481191,74.00192637928528,16596100
2017-07-07,74.24717712402344,74.50033721360829,73.75668284559738,74.33420147067567,12817800
2017-07-10,73.72504425048828,74.11269435503428,73.6459268107002,73.97029141355426,13987200
2017-07-11,73.44022369384766,73.83578667049989,73.0051020052054,73.83578667049989,13262300
2017-07-12,73.18706512451172,73.44022519330554,72.83896776649067,73.26617651429501,13540100
2017-07-13,73.6538314819336,73.87534580248658,73.05257401485223,73.32947295135601,12820100
2017-07-14,72.98136138916016,73.26616718476325,71.66018263699719,71.84213820674778,22235200
2017-07-17,72.30101776123047,72.77569224009969,72.19026058402143,72.64120224431922,14374200
2017-07-18,72.0478744506836,72.45135056799823,71.45452970467407,71.55737395442236,14719400
2017-07-19,72.15070343017578,72.4829810048359,71.99248061238609,72.26146060979129,11651200
2017-07-20,72.15070343017578,72.56209241373075,71.91336920349124,72.11115074363516,11561700
2017-07-21,71.9054183959961,72.27724846144042,71.61269969779707,72.03990832389412,10971300
2017-07-24,72.21398162841797,72.41967608218866,71.92126886601112,71.96082154524346,10725100
2017-07-25,73.41648864746094,73.98609424642919,72.9971868348837,73.07630425645682,16447700
2017-07-26,72.72821044921875,73.72503085850875,72.53042895730157,73.65382638279625,11815500
2017-07-27,72.42758178710938,72.83105166830593,72.11904315522408,72.64909608325145,12332400
2017-07-28,72.21398162841797,72.5858118209145,71.92126886601112,72.34847160227045,9351900
2017-07-31,72.62538146972656,73.06841017302689,72.38804121535087,72.39595416671364,11520300
2017-08-01,73.59848022460938,73.68550460224976,73.0051354875057,73.17127128959694,12523700
2017-08-02,73.66175079345703,73.74086219537034,73.1870763461641,73.47188222170249,10165600
2017-08-03,73.17916870117188,73.6775760015951,72.97347421263268,73.33739151647062,11078800
2017-08-04,74.09687805175781,74.68230971229995,73.94656215190791,73.9702949706603,14324000
2017-08-07,74.38168334960938,74.51617939205998,74.13643615682325,74.27883911556027,7978300
2017-08-08,74.1126937866211,75.33102871309194,74.04940224960134,74.32629517929627,13745400
2017-08-09,73.9940185546875,74.11268866945257,73.44023273353423,73.5589028482993,11214400
2017-08-10,72.93391418457031,73.63010295193949,72.83897688346015,73.4956129688931,13252300
2017-08-11,72.32475280761719,73.31366051731162,72.18234985598863,72.88645166242598,10679500
2017-08-14,73.17124938964844,73.49561397937481,73.04467235557416,73.07631812304598,10994800
2017-08-15,73.36112213134766,74.01775217331938,73.29783059801142,73.81997065850327,8812700
2017-08-16,72.85479736328125,73.75668664189902,72.68866161179751,73.60637075616057,11085400
2017-08-17,71.715576171875,72.75194934470369,71.59690605964124,72.5937265522671,13837500
2017-08-18,71.7867660522461,72.41966921810072,71.35165040705647,71.44658165686633,13040700
2017-08-21,71.69976043701172,71.9450136466178,71.32793621848582,71.87380915485684,11502100
2017-08-22,72.43549346923828,72.55416357450149,71.99246484778874,72.04784342546994,9211800
2017-08-23,72.52252960205078,73.05258265115313,71.86589347720343,71.88963233076556,8811300
2017-08-24,72.40385437011719,72.87853483486367,72.31683605644736,72.72821895197309,8623200
2017-08-25,72.6965560913086,73.16332349566959,72.62535765982602,72.68864314254006,11794600
2017-08-28,72.4671401977539,72.9339076751198,72.0953100130249,72.91017486091366,7292900
2017-08-29,72.07159423828125,72.23773001281504,71.44660382790346,71.55736101092597,10886100
2017-08-30,72.23773956298828,72.68868130657198,72.14280827116936,72.19027391707881,9165300
2017-08-31,71.9054183959961,72.66489838600963,71.83421997621846,72.63325263194942,13217400
2017-09-01,72.54624938964844,73.06839542959317,71.95290490924516,72.19024511573134,9815800
2017-09-05,70.81370544433594,72.07950611413547,70.42604927373038,72.00830161993322,16897300
2017-09-06,71.28836822509766,71.6127267641392,70.91653801911849,71.20134387749349,11845700
2017-09-07,70.03839111328125,71.30419163803346,69.68238679050542,71.28837177214226,14592300
2017-09-08,69.95136260986328,70.74248864535816,69.80895968204169,69.86433826309383,14242200
2017-09-11,71.03522491455078,71.39914225604568,70.37067574274097,70.7187732153944,13219000
2017-09-12,71.9054183959961,72.19022414672747,71.28042833388061,71.33580689453335,14003800
2017-09-13,72.11112976074219,72.38802262921068,71.45449378993702,71.68392103404287,12485400
2017-09-14,71.96875762939453,72.41178640840607,71.78679593183512,72.15071329113951,10562800
2017-09-15,72.48297119140625,72.55416963902802,71.80260230256086,72.05576239823732,18171800
2017-09-18,73.51141357421875,73.68546222941282,72.66490914416595,72.72820066165676,11318700
2017-09-19,74.31837463378906,74.65064608848327,73.19497118307063,73.34528704697081,12626100
2017-09-20,74.84053039550781,75.38640935451399,74.13642862545134,74.44496733206874,15311600
2017-09-21,75.18070983886719,75.44969584262265,74.51616683396477,74.72976821816543,10851500
2017-09-22,75.02249908447266,75.1411692217776,74.70604739693077,74.91964881542854,8358300
2017-09-25,74.46080017089844,75.0620517375485,73.93074102929542,74.7693389062571,10463400
2017-09-26,74.1285171508789,74.38959022654477,73.84371125666406,74.1918086908852,9358100
2017-09-27,75.29937744140625,75.72658623134768,74.82470302007559,75.13324169573116,15090200
2017-09-28,75.45761108398438,75.85317416459287,75.08578685829582,75.62374685354231,10270400
2017-09-29,75.5604476928711,75.56835460726856,75.17279159814467,75.39431195333657,11438400
2017-10-02,76.6126480102539,76.64429377829681,75.52089617393273,75.76614333149885,13797200
2017-10-03,77.01611328125,77.07940480852058,76.55725876225671,76.60473042561577,9633500
2017-10-04,76.23289489746094,77.0873123482119,76.16960337463232,76.97655520116771,12166600
2017-10-05,77.2594223022461,77.50610911487425,76.03397172933752,76.3920570684076,14236200
2017-10-06,77.1241455078125,77.69708690236881,76.7660601717624,77.62547226359686,10231900
2017-10-09,76.71831512451172,77.24350734207663,76.50345907147991,77.15597429396664,7765100
2017-10-10,77.29125213623047,77.33104209391892,76.58303460126098,76.75810070133795,10631500
2017-10-11,77.06047058105469,77.19575277144084,76.503447695091,77.05251744775101,14283600
2017-10-12,76.38409423828125,77.58567927881356,76.08967041780087,77.42653159591038,18251600
2017-10-13,76.28065490722656,76.95704171990407,75.56447813511696,75.97827185726713,13190600
2017-10-16,77.85621643066406,77.9437494605863,76.66259082746308,76.66259082746308,12434000
2017-10-17,77.68115234375,78.1267706026859,77.44242480726666,78.03923757738157,10335700
2017-10-18,77.9755859375,78.42121032379842,77.68911528598467,78.10290892532647,10158600
2017-10-19,78.07107543945312,78.14269006427244,77.25940659827017,77.33898649841697,9133900
2017-10-20,79.18514251708984,79.48752555419209,78.56445803135118,79.00211721101797,15326600
2017-10-23,79.04987335205078,79.5671125325778,78.97029949453035,79.18515558804128,9238600
2017-10-24,80.30714416503906,80.52200021366282,79.3840766826739,79.47956286331122,13000800
2017-10-25,80.38672637939453,80.72889939487537,79.7262579671743,80.56975169650566,14632700
2017-10-26,80.95966339111328,81.50077403558765,80.62544960011019,80.64932114645396,13054400
2017-10-27,80.9835433959961,81.34959404848425,80.41060801061843,80.71299108104796,10400400
2017-10-30,80.69705200195312,81.11083954392173,80.26734605197007,80.47423678740745,8839500
2017-10-31,80.0604476928711,80.92781270893029,80.02861694855328,80.66521969272226,8690200
2017-11-01,80.30714416503906,80.92782862356121,80.15595568866502,80.45037950708993,8418200
2017-11-02,80.84030151367188,80.9835368662411,79.70238397021606,80.26736617449036,8731800
2017-11-03,80.69705200195312,80.79253816566458,80.15594148024414,80.45036524647958,7103500
2017-11-06,80.19573211669922,80.9198679650391,80.10024594494053,80.64135044115801,8121500
2017-11-07,78.58037567138672,80.17187695080722,78.1825003515316,80.02068238651168,18822600
2017-11-08,77.69709014892578,78.27799077353907,77.30717404454164,78.19841085456254,18524700
2017-11-09,77.68911743164062,78.15861337334972,77.03660227874403,77.28328905669737,13697800
2017-11-10,77.59363555908203,78.25410388221665,77.58567635390844,77.83235707443723,9314000
2017-11-13,77.87215423583984,78.02334879265663,76.88542519131377,76.9411274904944,9303100
2017-11-14,77.40267944335938,77.80851406069704,77.06846555665632,77.45838175780987,11043800
2017-11-15,78.13472747802734,78.5723865204147,76.35224235320926,76.70237444399375,15384100
2017-11-16,78.35755920410156,78.8270491239082,78.23023619941806,78.40530229531036,9808000
2017-11-17,78.094970703125,78.30982678503547,77.64139306154227,77.84033073015041,9017900
2017-11-20,78.7872543334961,78.8986589116274,77.79256626368509,78.34162994987672,9483200
2017-11-21,78.7236099243164,79.21697749960565,78.70769758302762,79.17718753974044,13389400
2017-11-22,78.49283599853516,79.19309431685534,78.45304604146564,78.80317823617325,7342200
2017-11-24,78.23819732666016,78.69973412333154,78.19045423427869,78.64403182518811,3680000
2017-11-27,77.9278564453125,78.88275473619393,77.9278564453125,78.23023948750271,13076200
2017-11-28,80.65725708007812,80.92780928870478,77.95966384186087,78.15064222860282,16773000
2017-11-29,82.543212890625,82.93312898699209,81.13473092059822,81.49282233534356,21105500
2017-11-30,83.17183685302734,84.87474845242207,82.7898800254036,83.34690292864418,23945900
2017-12-01,83.38671875,83.80846566059213,81.32572122643388,83.47425181496398,19683500
2017-12-04,85.10550689697266,86.25934867447569,84.96227157532036,85.72619733819535,23576600
2017-12-05,84.12676239013672,85.47158297456075,82.85356252348171,84.0153577812479,17193900
2017-12-06,83.49813842773438,84.15861310211841,83.17983686781821,83.9915061491593,15476200
2017-12-07,83.25143432617188,83.70501194912933,82.54321674069612,82.71827678216229,13371800
2017-12-08,84.29389190673828,84.30185111553483,83.0286448363758,83.3549056149621,13506900
2017-12-11,84.04718780517578,84.39731397102317,83.80050096955861,84.12676165781856,10591200
2017-12-12,85.02596282958984,85.43975660191451,83.9835313338999,85.07371200091725,15508800
2017-12-13,83.95964050292969,85.23284014251452,83.93576895829604,84.90657950960181,15020300
2017-12-14,83.28325653076172,84.70764469071848,83.26733811974718,84.44505161992848,13034200
2017-12-15,84.4609603881836,84.76334340262785,83.71295295060156,84.18244891815668,29350600
2017-12-18,85.11347198486328,85.64662335799856,84.73151514811643,85.29649726949637,12713100
2017-12-19,84.75538635253906,85.53521843258328,84.69968406110733,85.42381384971982,12149900
2017-12-20,84.4609603881836,85.72620688215544,84.42117043342488,85.62275542822064,13091500
2017-12-21,85.80580139160156,85.99677986404268,84.79519457977932,84.81906612994744,12323700
2017-12-22,85.5033950805664,86.30710484454089,84.99411520882485,86.1002079994287,14573400
2017-12-26,85.16121673583984,85.93309570034624,84.66785530614307,85.30445207019253,7403700
2017-12-27,85.32038116455078,85.37608346426919,84.88271590169512,84.88271590169512,9496500
2017-12-28,85.77396392822266,85.81374781836034,85.27264320059876,85.46362165810848,7440600
2017-12-29,85.09756469726562,86.16386750682676,85.09756469726562,86.01267296146413,8925700
2018-01-02,85.90127563476562,85.95697793443617,84.99412042807667,85.64663568325813,13578800
2018-01-03,85.98881530761719,86.3309883379648,85.52728453385421,85.82966760233282,11901000
2018-01-04,87.22064208984375,88.01253725327506,86.54872641881045,86.67671268099618,12953700
2018-01-05,86.66072845458984,87.62860797095642,86.2127886539536,87.39663740199205,14155000
2018-01-08,86.78871154785156,86.9326930645744,86.14879233958973,86.50874918275771,12466500
2018-01-09,87.22864532470703,87.6925802819852,86.78069949659147,86.9646782282191,13292300
2018-01-10,88.18852233886719,88.54847305018218,87.5006113816116,87.56460451780313,15834500
2018-01-11,88.66046142578125,88.73245523246929,88.02854901522608,88.52448058314135,13676800
2018-01-12,90.12427520751953,90.26825672260551,88.66046415459901,89.30838402384683,18884200
2018-01-16,89.8042984008789,90.73218045425934,88.84442588602798,89.1963819894096,22703300
2018-01-17,90.3802261352539,90.62819798695058,89.03640092629911,89.50034196214891,14940300
2018-01-18,90.59622192382812,90.96417334847595,89.80432049637963,90.19627392711672,14572900
2018-01-19,90.396240234375,91.46009717704338,90.22826282237473,91.14014368907425,18785500
2018-01-22,91.45208740234375,91.50007919701328,89.98827663771728,90.1162628937968,12475700
2018-01-23,91.35609436035156,91.70004978255206,90.66818351595056,90.924149916003,12320800
2018-01-24,92.52394104003906,92.78790810533643,91.71605071687365,91.87602742769127,15904500
2018-01-25,92.54796600341797,92.92391810490899,92.05203438249129,92.81993382049069,13510000
2018-01-26,93.04388427734375,93.04388427734375,91.95602544190139,92.5479466573647,13883900
2018-01-29,92.94790649414062,93.86778805268423,92.80392497973621,92.80392497973621,11679900
2018-01-30,92.07599639892578,93.26783930754716,91.97201215277761,92.41195113514604,14279100
2018-01-31,92.52394104003906,93.31584223593117,92.11599859663804,92.50794581004543,13141400
2018-02-01,93.48382568359375,93.579809275229,92.37197099386674,92.60393540879907,13800600
2018-02-02,91.412109375,93.52383422216718,91.26012718965812,93.17987871509789,16477300
2018-02-05,87.0286865234375,91.66007895485085,83.1731880793394,90.3882472546452,30097600
2018-02-06,89.67634582519531,89.97230955794102,85.27691759084176,85.46889093230581,33114800
2018-02-07,90.28425598144531,91.54808691509172,88.90843400288988,89.22839359602025,21878300
2018-02-08,86.29277038574219,90.4762287680813,86.26077381634377,90.4762287680813,27425800
2018-02-09,88.02053833007812,88.82843483140385,84.97293715456428,87.26863429303907,28188000
2018-02-12,89.38037109375,90.17227247244642,88.04454633162503,88.92443064967709,18043300
2018-02-13,89.93228149414062,90.4282190675766,88.62845358850011,89.04439670291191,16358200
2018-02-14,92.01203918457031,92.20401252265357,90.0122991132627,90.09228749557052,15186900
2018-02-15,92.39598083496094,92.77992746488357,91.36411435012117,92.57995348183839,12130200
2018-02-16,91.73204803466797,92.84390267750088,91.58806655056699,91.6280637805419,13214300
2018-02-20,91.75604248046875,92.29997184483474,91.16412132306824,91.70805068743422,13461500
2018-02-21,92.1400375366211,93.94779840370107,91.72408812983012,91.98805531844096,14212500
2018-02-22,91.97201538085938,93.13186176920867,91.79603734064743,92.38795848277105,17070400
2018-02-23,93.83580017089844,93.89979331716378,92.2360081305989,92.2360081305989,12162500
2018-02-26,95.00362396240234,95.10761432485991,93.84377746319414,94.49969179221851,16511200
2018-02-27,93.87574768066406,95.45154298198938,93.86774701593882,95.11558829615774,17563300
2018-02-28,92.38798522949219,94.77967248900866,92.25999894402356,94.24374364973329,17735600
2018-03-01,90.73219299316406,93.29985812281815,90.1082751620154,92.37198204392877,18690000
2018-03-02,90.64418029785156,90.83615355670446,88.88441220247364,89.90027705423674,18353700
2018-03-05,92.03601837158203,92.73192998697186,89.50034988639578,89.62833615701881,13933000
2018-03-06,92.11601257324219,92.64394068121823,91.44409685987483,92.49995917854817,10674400
2018-03-07,91.77204895019531,92.06800649410148,90.47621554124605,90.98814837133745,13006500
2018-03-08,91.78006744384766,92.17202088682967,90.55622751211264,92.0760311676402,11173700
2018-03-09,94.41970825195312,94.4517048187492,92.52395286265299,93.2278651267245,15366600
2018-03-12,94.1157455444336,94.9876290629475,93.78778532741553,94.38770719518152,12339300
2018-03-13,92.98788452148438,94.7636541313622,92.65192975818871,94.54767885301463,13312300
2018-03-14,91.94802856445312,93.25985731372207,91.66806622821669,93.23586141386197,12905100
2018-03-15,92.18000793457031,92.78793056774175,91.85205376718588,92.68394629080949,8748000
2018-03-16,92.3399658203125,93.26784170169906,92.25997136444663,92.25997136444663,19888900
2018-03-19,91.61206817626953,92.34797087315052,90.62819972565536,92.06800855398066,13214900
2018-03-20,91.70006561279297,92.34797933980539,91.54808343871493,91.8840443552412,9921200
2018-03-21,91.78006744384766,93.29187043042884,91.3561235305248,91.83605992102763,13633000
2018-03-22,87.94855499267578,90.86817635540511,87.62060083505108,90.54821676311448,22550400
2018-03-23,85.59687042236328,88.72446052686747,85.39689642761138,88.20452691996815,23081500
2018-03-26,88.23651885986328,88.91643528850808,86.90869477782448,87.34063931614217,20217500
2018-03-27,86.52474975585938,89.34038712268774,85.82884413435887,88.84444940054625,18039900
2018-03-28,86.38876342773438,87.32464023354825,85.30890510543206,86.61273331944486,19189300
2018-03-29,87.96455383300781,88.61246756454018,86.21277984452821,86.78870587376652,13274600
2018-04-02,86.26876831054688,88.57247232059572,84.85295530663866,87.95654908351749,18822500
2018-04-03,87.45260620117188,87.58858701773372,85.79682219754818,86.6767063260407,14050700
2018-04-04,88.78044891357422,88.95642699728886,85.60486104669208,85.66885418671953,15302600
2018-04-05,89.9461669921875,90.70992523746082,89.55223214447206,89.74517894874741,16627000
2018-04-06,87.703125,89.68085241378483,86.68210860917127,88.87690037469636,18906000
2018-04-09,88.7563247680664,90.83052293160192,88.34630742558414,88.44278389842366,15974300
2018-04-10,90.4526596069336,90.74208287640424,89.57634855946182,90.14715385934332,13951400
2018-04-11,88.93318939208984,89.88988828347107,88.85278926983804,89.76930036742968,14503300
2018-04-12,91.1440658569336,91.96409442672471,89.64067298970305,89.68890816037643,16435500
2018-04-13,88.67593383789062,92.57510094492343,87.67099354568275,92.47058322898579,39152800
2018-04-16,88.60357666015625,89.61655821171118,88.26591818752757,89.19046450096515,16580500
2018-04-17,88.60357666015625,89.97833427043207,88.42670618392154,89.5361642135142,15501400
2018-04-18,87.8880386352539,89.29495473515375,87.54233900536039,88.86081988828742,16081400
2018-04-19,89.81755065917969,89.93814472919735,88.03277559719201,88.0568931844617,17911000
2018-04-20,89.61656188964844,90.63757858935821,89.142226853582,90.28384375604013,15584400
2018-04-23,89.18244171142578,90.00247047655574,88.94125353326805,89.69697076673677,11285800
2018-04-24,88.76435852050781,90.76619762714655,88.10511187887968,89.84165144150707,16453100
2018-04-25,88.42671203613281,88.86084701553092,87.30921882633133,88.65181769944977,13548200
2018-04-26,88.51512908935547,89.09397560959417,87.90412374758483,88.41061751962772,10299500
2018-04-27,87.9523696899414,88.56337506396852,87.73529916655818,88.0729637436356,9384000
2018-04-30,87.45391082763672,88.67592148762144,87.4297932453697,88.2337453671662,13744900
2018-05-01,87.45391082763672,87.60666369355178,86.45701191403607,87.18860515536358,10503400
2018-05-02,86.76250457763672,88.02470906262782,86.60975785759797,86.9152574313429,12162100
2018-05-03,86.21580505371094,86.64189860411003,84.55966600614721,86.49718700834556,15379100
2018-05-04,87.17252349853516,87.42174667832808,85.20284337365382,85.56461935294467,11967900
2018-05-07,87.92827606201172,88.17749934285719,87.11628242182258,87.43786460806609,9356700
2018-05-08,89.23066711425781,89.51204920215667,87.85590937023525,88.05689745211579,12543200
2018-05-09,91.17621612548828,91.36112168482957,89.26280608609217,89.59242941120996,11368100
2018-05-10,91.8836898803711,92.00428392687589,90.64560286134669,90.99934376211594,9159700
2018-05-11,91.5379867553711,92.23742729170394,91.38523389333261,92.04447437112867,10253000
2018-05-14,91.57013702392578,92.21329496477686,91.44150175555525,91.73896621341171,8710700
2018-05-15,90.87071228027344,91.57819411142371,90.50089502020319,91.57819411142371,11536200
2018-05-16,91.11994171142578,91.40132989548668,90.54913637101052,90.75816566573131,7571100
2018-05-17,90.814453125,91.17623534838037,90.20344764575961,91.00739996393455,8617200
2018-05-18,89.34321594238281,90.68582093071794,89.11006904181765,90.645620862677,11806300
2018-05-21,90.16324615478516,90.47678704190653,89.97833443828513,90.0828521564382,9441900
2018-05-22,90.85464477539062,91.88370266591045,90.275798178556,90.3240333504026,11507600
2018-05-23,90.43656921386719,90.66167481849477,89.33515877212966,90.45265169057927,11453900
2018-05-24,89.42362213134766,90.16325681747904,88.53123453672428,90.15521557659271,14084800
2018-05-25,88.96534729003906,89.3030057187835,88.59552390579354,88.80455318087404,8283500
2018-05-29,85.16267395019531,87.79159547506471,84.38283917768474,87.77551912663974,30643800
2018-05-30,87.10821533203125,87.30920337208379,85.74149911314136,86.53741003432226,17490800
2018-05-31,86.03093719482422,86.97960115256542,85.55660214911899,86.7866481846501,19808200
2018-06-01,87.1484146118164,87.582549510476,86.66604454675068,87.10017331174211,13594200
2018-06-04,87.18864440917969,87.83985009191296,87.04393271675794,87.62277948644498,9415400
2018-06-05,86.69819641113281,87.07605490083748,86.07915595802193,87.01977849600921,10415200
2018-06-06,88.72416687011719,89.02966650346241,87.21273891519587,87.35745055913175,15453600
2018-06-07,89.07791900634766,89.64068317370135,88.4588722885892,89.38341867810118,13444400
2018-06-08,89.32714080810547,89.35125839578977,88.48298843713903,88.9332058973668,10383200
2018-06-11,89.1020278930664,89.97029778105114,89.05378658795472,89.33517477782169,12642900
2018-06-12,88.58751678466797,89.6648100548755,88.04886401589415,89.35126911004376,15294100
2018-06-13,88.41062927246094,89.60047515897392,88.09708838792922,88.80456415467562,14979700
2018-06-14,86.8509750366211,88.72418556287163,86.64998694068012,88.65986790008974,20487300
2018-06-15,86.74644470214844,87.13233832816705,85.43599867405257,86.66605070786694,26028600
2018-06-18,86.9715576171875,87.14842809960807,85.77367044125154,86.23192299403705,9786800
2018-06-19,86.46505737304688,86.7303569246014,85.70129913986035,85.94248724163889,12707200
2018-06-20,86.45703125,87.34137755502508,86.37663724657395,86.97156023232984,8876900
2018-06-21,86.43291473388672,86.99567889851517,85.64503876973754,86.10329134198336,11048700
2018-06-22,85.01795959472656,87.12431692472168,84.82501275137169,86.95548767007747,19478900
2018-06-25,84.24616241455078,84.97775581944532,83.5788805321909,84.94560312501264,16907600
2018-06-26,84.30242919921875,84.58381124587798,82.89551283225404,84.18183514103092,17086800
2018-06-27,83.00003051757812,85.15462284341514,82.99199541113144,84.15772374748131,16276800
2018-06-28,84.35871124267578,84.78480496088451,83.21710050074503,83.35377091344047,14491300
2018-06-29,83.7718276977539,85.94250260068388,83.73163376271978,85.76563211225967,18972400
2018-07-02,84.47930145263672,84.48733655866214,83.11257898706295,83.3859259336452,11130000
2018-07-03,83.2974853515625,85.0420600994231,83.22512646629706,84.74460172018826,8311700
2018-07-05,83.83905792236328,84.37254659344002,83.68547495376544,84.17046633665338,10723400
2018-07-06,84.11388397216797,84.46954719696362,82.6104063708046,83.35406640146822,12173700
2018-07-09,86.71668243408203,86.86218047173654,84.63929755407057,84.63929755407057,13900800
2018-07-10,86.18318939208984,87.62199982129657,86.11043729343334,87.31483388674684,14575900
2018-07-11,85.99727630615234,86.53884993139866,85.85177826998166,85.93260914185421,10186500
2018-07-12,86.36910247802734,86.94300968029067,85.65778217810944,86.82984522728101,12456800
2018-07-13,85.97303771972656,87.13702214527261,84.9868849333057,86.73286157162478,21289100
2018-07-16,89.38414001464844,89.5377168151341,86.47418557139402,86.53076779620451,24662600
2018-07-17,89.31949615478516,89.66707453129833,88.71325523065765,89.47307916233797,14821900
2018-07-18,90.15206909179688,90.6289818417771,89.07700033650414,89.25483200032723,14244900
2018-07-19,88.826416015625,89.79639898708803,88.69708783069721,89.77215033785164,16775300
2018-07-20,89.94995880126953,90.3217857167155,88.7374773159893,88.91530892055036,13578100
2018-07-23,91.62318420410156,92.34258940142863,89.66704886231338,89.77212837229379,18140000
2018-07-24,92.26984405517578,92.7790840687634,91.67976700739976,91.78485268504473,14000400
2018-07-25,93.10243225097656,93.37725848756426,91.64745168374434,92.05161226719761,13329100
2018-07-26,92.83567810058594,93.43383399426241,92.61743411471772,93.29642088586388,11897800
2018-07-27,93.78948211669922,94.00773223433971,92.80332953654506,93.1024105186081,12802700
2018-07-30,94.35533142089844,95.06665181932111,93.81375155849604,93.99158319985196,13411600
2018-07-31,92.91651153564453,94.63823949144378,92.81143200874162,94.63823949144378,15843800
2018-08-01,93.49041748046875,94.3229871919669,93.18325152842066,93.5631634162694,13531600
2018-08-02,93.88650512695312,93.96733601055122,92.41536084426367,92.60935619829934,11058100
2018-08-03,94.64630126953125,94.67863484900403,93.71673706943776,93.76523435514706,11016100
2018-08-06,94.67057800292969,95.00198647702277,93.91075412686091,94.40383053575646,9857400
2018-08-07,95.01815032958984,95.61630623293142,94.84031869608272,95.17172714916359,10562100
2018-08-08,95.21214294433594,95.60013361814445,94.7998974572889,94.84031597901922,8997100
2018-08-09,94.47657012939453,95.15556307591314,94.33107208135488,94.98581638103367,9694200
2018-08-10,93.54698181152344,93.72480723179345,92.6982423875567,93.36106528837865,12630600
2018-08-13,92.05967712402344,93.66823416852168,92.00309490136269,93.40957169821543,10336300
2018-08-14,92.67401885986328,92.98926360744801,91.8656977292356,92.36685288334424,10597600
2018-08-15,91.90608978271484,92.41533592939392,91.31601894122886,92.00309051708216,10152100
2018-08-16,92.77099609375,93.20749016267298,92.39109041370561,92.43150276247646,10118600
2018-08-17,92.77099609375,93.01349485437376,92.39109041370561,92.66591658654619,8505100
2018-08-20,92.64976501464844,92.99734332799785,92.23751953439668,92.6255102018097,8618700
2018-08-21,93.21558380126953,94.0804870833036,92.85992056368536,93.25600232081328,10976700
2018-08-22,92.93267059326172,93.28833382291535,92.77908762282036,93.20749678563037,8314700
2018-08-23,92.73867797851562,93.07817134382312,92.49617919358154,92.92458836889818,9265400
2018-08-24,92.69825744628906,93.13475154949433,92.51234089294233,92.9407562259587,8845700
2018-08-27,94.33914947509766,94.79989222921131,93.09433431186072,93.13475283136201,13768000
2018-08-28,93.8783950805664,94.59780023608535,93.74098199850087,94.57355159419136,8302600
2018-08-29,93.57125854492188,94.06433494238595,93.24792884981414,94.04816506578003,7221700
2018-08-30,93.11051177978516,93.79758349833737,92.94076508463702,93.43383529416217,8991800
2018-08-31,92.61743927001953,92.82759832973854,92.00311346645393,92.81951955844234,13065700
2018-09-04,93.07818603515625,93.15093198191843,91.84953437582861,92.42344167929039,10174200
2018-09-05,92.6255111694336,93.52274807682497,92.3506849577284,92.95692577801984,11462400
2018-09-06,92.22943878173828,92.71443022151152,91.74444734196506,92.55276846392069,9877600
2018-09-07,92.40727233886719,92.7710143845187,91.8495287796674,92.55277039052797,10955600
2018-09-10,91.9141845703125,92.93267080583205,91.87377221857767,92.83567006106824,8276900
2018-09-11,92.49617004394531,92.61741942441847,91.48576881833506,91.77676486467078,9333800
2018-09-12,91.40493774414062,92.85991180548407,91.2190212055747,92.35067180906381,10800800
2018-09-13,91.76060485839844,92.25368120287585,91.07353318450379,91.63936163188788,12470800
2018-09-14,91.74444580078125,92.54468197131422,91.52620181499977,91.99502337093789,10337900
2018-09-17,92.0192642211914,92.49617684156799,91.58277628660962,91.97885186939686,9561300
2018-09-18,92.39111328125,92.68210939922254,91.79295116819469,92.41536192991418,7944200
2018-09-19,95.07472229003906,95.4303793516292,92.50426115386458,92.50426115386458,16052800
2018-09-20,95.89112854003906,96.38420489754559,95.44655564141877,95.78604901861983,15590000
2018-09-21,95.26065826416016,96.37614553820829,95.17174243312729,96.29530847944987,24788200
2018-09-24,94.34725952148438,95.75373680303854,94.1128456133917,95.18791438143683,12492500
2018-09-25,94.08048248291016,95.35763116723884,94.02390025851584,94.60589237628587,9308300
2018-09-26,92.97309875488281,94.4684978609448,92.68210880577469,94.37149709990798,14023600
2018-09-27,92.56893920898438,93.5712619166358,92.27794925660308,93.29642950744066,13283000
2018-09-28,91.21094512939453,92.34259584281386,90.95228263778442,91.86568937925158,15815100
2018-10-01,91.74444580078125,92.64168272443969,91.37261883096794,91.63936627681248,10146300
2018-10-02,92.1243667602539,92.24561617182411,91.18671122224563,91.63129034233597,13753100
2018-10-03,92.9892578125,93.49041910237786,92.5365999809977,92.90842693787465,17142000
2018-10-04,93.82765197753906,95.08118432902008,92.9648335085428,93.24159046909168,16357400
2018-10-05,93.29857635498047,94.50326568565636,92.81018241046037,94.2834933787719,13777600
2018-10-08,93.86835479736328,94.24278557591,92.26481010411351,92.99739476222084,14370900
2018-10-09,93.21717834472656,93.63231073629798,92.52529516556575,93.33927683756373,14069500
2018-10-10,90.73452758789062,93.56718000457948,90.73452758789062,93.36368460986732,23086400
2018-10-11,88.01583099365234,90.73453285409659,87.4053447740834,90.32754204105062,33705600
2018-10-12,87.05533599853516,90.21358881188178,85.95646200025914,89.83915799373818,32075700
2018-10-15,86.55879211425781,88.60188747440785,86.54251521629115,87.25881672036203,18903200
2018-10-16,88.41468048095703,88.54491430302484,86.87625580852506,87.22626813247547,19302800
2018-10-17,89.39960479736328,90.1891679799007,88.09723541852233,88.21932769608003,18794500
2018-10-18,87.9832534790039,89.4077210412651,87.75533966267183,88.74025648907015,17582500
2018-10-19,87.83676147460938,88.9030754323664,87.31580751329011,87.62512451002846,15234500
2018-10-22,86.57508087158203,88.18676091345294,86.37158547769626,88.03210863702662,16199100
2018-10-23,85.67156982421875,86.41229611665294,84.40989576553541,84.81688659605426,21407500
2018-10-24,84.07615661621094,85.49248280083165,83.76684585709663,85.27271051070585,23168900
2018-10-25,85.3541030883789,86.20064461841173,84.42616464799771,84.80059540374923,17464700
2018-10-26,84.1819839477539,85.10992256715964,83.62034081086352,84.65409481311819,19174900
2018-10-29,85.3459701538086,86.79485641897323,84.40989006479724,85.02851782425844,18445200
2018-10-30,86.85182189941406,87.07974193159698,85.35409894904164,86.0459819687286,18019700
2018-10-31,88.74028015136719,89.92869887087639,87.73908616120261,87.97514159397156,20860000
2018-11-01,88.70771026611328,89.71704562894679,88.17047947303635,89.22865795081356,13065000
2018-11-02,88.21930694580078,90.19728210942287,87.49486395515017,89.45656222232212,19009200
2018-11-05,88.79721069335938,88.96001066784133,88.25184475175894,88.40650317497078,10276400
2018-11-06,89.2123794555664,89.2693579174585,87.71465633715313,88.45537634175045,10825000
2018-11-07,90.74268341064453,90.94617883735373,89.00889840056219,89.83916321924073,12679600
2018-11-08,91.4752426147461,91.92293494281176,90.35195033276258,90.36009188696003,11662500
2018-11-09,90.5880126953125,91.45897275588693,90.2135819058324,91.35315738392084,10432200
2018-11-12,88.68329620361328,91.11710575137002,88.39840387483204,90.69383182559189,13279700
2018-11-13,89.20423889160156,90.4496359328222,88.80538965392749,88.80538965392749,13746100
2018-11-14,87.3646469116211,90.11590249318647,86.26577298997087,89.72519480157992,18361400
2018-11-15,89.5949478149414,89.60308936918953,86.94136625700577,88.10536010703572,19100000
2018-11-16,89.52984619140625,90.15661558334259,88.35771675655062,89.09029532451504,13798600
2018-11-19,90.21356201171875,90.51473116174104,89.15538368466295,89.505395942672,13987000
2018-11-20,88.27630615234375,89.93682943899813,87.89373999906117,89.35890322127123,18936200
2018-11-21,87.61698150634766,89.22052629918075,87.61698150634766,88.7484154668385,10619600
2018-11-23,86.81111145019531,87.41345590500542,86.3308592286553,86.88436679015737,6488400
2018-11-26,88.93562316894531,89.52169086063172,87.46231238562633,87.68209087510185,13948300
2018-11-27,89.31007385253906,89.56240619435543,88.42283056294066,88.52865215933146,9238200
2018-11-28,90.30311584472656,90.67754661540859,88.61817427156419,89.3751773673436,13977300
2018-11-29,89.58679962158203,90.18915038757824,89.24492889073177,89.75773498700717,11144300
2018-11-30,90.50660705566406,90.6124224174329,89.19609631368206,89.41586859125923,18652700
2018-12-03,91.3613052368164,91.89039458945786,90.9543143825057,91.4752621792084,16034500
2018-12-04,87.28324890136719,90.84034448628094,86.87625810509336,90.84034448628094,23555900
2018-12-06,85.62272644042969,85.76110182190271,83.74242472261892,85.47620950410919,27213900
2018-12-07,84.07615661621094,87.0797505791115,83.76684585709663,85.59830437882889,19248600
2018-12-10,82.50517272949219,84.23895124417626,80.81208956734291,83.73428664347605,23636400
2018-12-11,81.69934844970703,84.37734908577534,81.56910839205845,83.94593355245523,16860700
2018-12-12,82.2284164428711,83.75870578711597,81.44699487163794,82.74937036721315,22621500
2018-12-13,82.30982971191406,83.0017128978316,81.94353422982546,82.6598420826988,17250900
2018-12-14,81.63418579101562,82.97725618576526,81.28417358159827,81.3899889155395,19879500
2018-12-17,80.5923080444336,81.85397561186467,80.12833884940923,81.2109294976755,25113500
2018-12-18,80.20975494384766,82.12261063672769,79.86788413103078,80.92605658168124,20837200
2018-12-19,79.1922607421875,81.87026061774198,78.63061152090695,80.1039222562654,28767900
2018-12-20,78.508544921875,79.99813315936939,77.8899232031794,78.63878499540367,31825200
2018-12-21,76.65265655517578,80.12022039739824,76.26194880996594,78.69575239718759,41313900
2018-12-24,75.00025939941406,76.69334251113247,75.00025939941406,75.61074556093102,17009300
2018-12-26,78.10966491699219,78.10966491699219,74.16185583741894,75.44794811304804,22542900
2018-12-27,78.9887924194336,79.07833091175733,76.14799775532876,77.18175188008267,20304700
2018-12-28,78.81784057617188,80.03067143297932,78.50038824593494,79.72949600241668,17963300
2018-12-31,79.46088409423828,80.42951795174264,78.7689947829238,79.43645943027569,13237200
2019-01-02,80.83649444580078,81.21906671446357,78.09338098018847,78.10151632321731,15670900
2019-01-03,79.68769836425781,81.14835128282279,79.34305118899164,80.94320326031377,16286400
2019-01-04,82.6253890991211,82.82232937517735,80.64775988585366,81.32885257212888,16935200
2019-01-07,82.68281555175781,83.2654348659575,81.82119182392289,82.41201880751056,15430700
2019-01-08,82.52693939208984,83.55267941946524,81.68993828442444,83.3967649319057,13578800
2019-01-09,82.3874282836914,83.2818704525424,82.00174908772102,82.72386770827832,14230300
2019-01-10,82.37921905517578,82.65822355234585,81.46015388768865,82.07559780308878,14376100
2019-01-11,81.98534393310547,82.19869333038655,81.19757015941336,81.9689285883179,15439900
2019-01-14,82.83055877685547,83.17520591552768,80.95961001192619,81.13193358126229,21258500
2019-01-15,83.43779754638672,84.08606599891813,80.91037260096252,81.14834504004016,26504900
2019-01-16,84.11067962646484,84.89023951875477,83.53626773326384,83.9055316273759,18533000
2019-01-17,84.45532989501953,84.93127477310854,83.63473786822622,83.79065235671546,14247600
2019-01-18,85.82571411132812,86.08010188806497,84.38147670172717,85.15282892303537,16428700
2019-01-22,84.47174072265625,85.0051205030423,83.80705695928934,84.58662309941201,17083700
2019-01-23,84.25836944580078,85.09537035863224,83.67574999714597,84.88202099024743,12146700
2019-01-24,84.3076171875,84.59482312468073,83.6511473683183,83.80705558529077,11296800
2019-01-25,84.84099578857422,85.59593883178697,84.30760980303198,84.93946907010519,14369400
2019-01-28,85.24308776855469,85.53850136536167,84.18452342343294,84.43070350764529,12283100
2019-01-29,85.4810562133789,86.25241459820141,85.12000003674184,85.24308381251623,9743300
2019-01-30,85.6780014038086,86.35908790779077,85.16102451135778,85.45643808972419,12526300
2019-01-31,84.93125915527344,85.17743922229002,84.29940616550567,84.85740889153998,17520600
2019-02-01,85.24308776855469,86.03906294547241,84.9476741717477,85.34156105436355,13000800
2019-02-04,85.54669952392578,85.54669952392578,84.52916739287348,85.16922802790023,9871500
2019-02-05,85.16922760009766,85.79287914982503,84.7589316811805,85.76825613577013,12763000
2019-02-06,85.12821197509766,85.8503369389092,84.90665489068644,85.10359521689864,8745000
2019-02-07,84.01219940185547,84.9312646157719,83.24084724614127,84.7261166336082,13177500
2019-02-08,83.17520141601562,83.97937802941406,82.1084293656971,83.7660286278462,12892600
2019-02-11,82.78130340576172,83.70857620117135,82.69103780159584,83.50342823908872,10978500
2019-02-12,84.1927261352539,84.45531528798665,83.61010664827248,83.65934015796635,12852300
2019-02-13,84.59480285644531,85.21845435677294,84.4388946768272,84.4388946768272,10754100
2019-02-14,84.0450210571289,84.60302380062711,83.1669879728646,84.08605315645559,11518500
2019-02-15,86.61347961425781,86.73656339369685,85.06256138713088,85.25950169485284,14716900
2019-02-19,86.30986022949219,86.46577470100249,85.18564702138767,86.08830316105826,12764900
2019-02-20,86.72836303710938,86.81862865020899,86.06367931695584,86.33447615625471,10030300
2019-02-21,86.5478286743164,86.9745337075434,86.12932505244154,86.53141333037344,8400100
2019-02-22,86.1621322631836,87.05657425015234,85.98160107959994,86.73654397402424,10647300
2019-02-25,87.0648193359375,88.0249105769138,86.72837983518222,86.77761335709256,11230700
2019-02-26,86.40013122558594,86.54783803394953,85.29233329316895,85.75186280335792,15465400
2019-02-27,86.29344940185547,86.47397436552244,85.760063401178,86.30985848559992,9968800
2019-02-28,85.63695526123047,86.33445699441081,85.48924849627078,86.1703411491748,15156900
2019-03-01,85.69440460205078,86.90888325867083,85.50566572748123,86.24419962268134,13813300
2019-03-04,85.49748229980469,86.91710295080898,84.74253290335454,86.0965109525711,12466300
2019-03-05,85.43183135986328,85.79289383370606,84.73432943044696,85.44824044475615,10856600
2019-03-06,85.11180114746094,85.80930307817437,84.97230201344225,85.22668352378456,9070800
2019-03-07,84.49634552001953,84.90664145339004,83.83166811135744,84.72611024100796,12705700
2019-03-08,84.52916717529297,84.70969838175765,83.69215999270561,83.69215999270561,10582400
2019-03-11,85.62875366210938,85.79287577960031,85.06254957346688,85.32513870083375,9763200
2019-03-12,85.37438201904297,85.98982594398363,85.13640961679158,85.82570380762785,10219100
2019-03-13,85.66160583496094,86.14575841262305,85.30054332013637,85.49748992492468,13022200
2019-03-14,86.44116973876953,86.8760888153696,85.71905093682506,85.75187537245266,10926500
2019-03-15,87.43407440185547,87.63922238847586,86.35089328292463,86.4986000837161,24811700
2019-03-18,87.95924377441406,88.45159763995616,87.39303338570015,87.43406548308661,12935500
2019-03-19,87.63922882080078,88.95217477941162,87.43408081912347,88.78805262169766,12889300
2019-03-20,85.76825714111328,87.51612178298426,85.67799779766288,87.33559057484557,14920700
2019-03-21,84.4142837524414,84.92304667992303,83.93013131752636,84.92304667992303,19751000
2019-03-22,81.86223602294922,83.9629489326542,81.66528949220064,83.5526530511888,31115200
2019-03-25,81.18115234375,82.52692248308094,80.49185193106251,81.72273971171538,21032300
2019-03-26,81.9935531616211,82.3874400860178,81.09090319146145,81.91149521171936,15987100
2019-03-27,81.71452331542969,82.42843409049013,81.3042274637884,81.96069707004376,12753200
2019-03-28,82.64179229736328,82.71564880851348,81.84581731833167,82.05917292089906,12454100
2019-03-29,83.06851959228516,83.69216491963469,82.54333502409824,83.32290107421406,14523400
2019-04-01,85.86674499511719,85.89956942586252,83.79885594312107,83.82347270102507,17499300
2019-04-02,86.27703857421875,86.52321866760994,85.61236108693035,85.83391816248654,10295400
2019-04-03,86.44937133789062,87.27817106253892,85.98984179263795,86.8268429301511,11499200
2019-04-04,87.28450012207031,87.42507298555215,86.36667281389943,86.44936496013288,11952100
2019-04-05,87.0777816772461,87.73928099067393,86.81318321357996,87.48295300327003,9933700
2019-04-08,87.3589096069336,87.3589096069336,86.74702692300829,86.91239857535865,8056300
2019-04-09,86.71394348144531,86.98680605227133,86.20128131192699,86.88758559325227,9092200
2019-04-10,87.10260772705078,87.41682281526677,86.38323383250685,86.9289655349703,10882300
2019-04-11,87.83851623535156,88.25195176890894,87.28450782590522,87.40853974767755,11183800
2019-04-12,91.956298828125,92.48549562345657,90.02968839371795,90.49274032102564,25834100
2019-04-15,90.90618896484375,91.7826701020454,90.22815507769214,91.71651891585394,15163800
2019-04-16,91.8653564453125,92.10514976520703,90.84003828769661,90.8731138809777,11583200
2019-04-17,94.5113525390625,94.80902658710086,91.79094634414366,92.36148301244658,17791900
2019-04-18,93.81676483154297,95.04880061783531,93.70927389331742,94.70151637877689,12501900
2019-04-22,93.9325180053711,94.2053868729214,93.15526377306263,93.29583028961036,7975900
2019-04-23,94.04830932617188,94.56924211330552,93.31239461305562,93.43642652944578,9193100
2019-04-24,93.89120483398438,94.38732617365623,93.27931575014814,93.65141148629587,9245700
2019-04-25,93.9407958984375,94.38730690554951,93.02296876857234,93.4446746600432,9311800
2019-04-26,94.65191650390625,94.74287281102029,93.93253652269281,94.22194008690815,7889300
2019-04-29,96.0162582397461,96.87620479600626,94.63537894072289,94.7594108465486,14242200
2019-04-30,95.95838928222656,96.51239137979962,95.30516038613013,96.27259801476228,11389100
2019-05-01,95.22246551513672,96.7439050971191,95.18111944253994,95.68551124730092,10412900
2019-05-02,95.4291763305664,95.73511453487414,94.74287194986205,95.23072276674438,8613300
2019-05-03,96.0162582397461,96.47930395906896,95.64416252226897,95.91703145338056,8185400
2019-05-06,95.1645736694336,95.47878866479239,94.03176451655476,94.41212439278283,9387000
2019-05-07,93.61006927490234,94.28810327241716,92.84934943545164,94.28810327241716,15017700
2019-05-08,93.11393737792969,93.99041855861253,92.9899054747987,93.15528344848155,9575800
2019-05-09,93.03949737548828,93.22140995642394,91.4353723523318,91.89841797033284,12205900
2019-05-10,93.03126525878906,93.30412791566944,91.40232825191336,92.40284148320961,13189000
2019-05-13,90.50101470947266,91.32788558414494,90.11239069753694,91.02194739797164,13783700
2019-05-14,91.22042083740234,92.37804165608397,90.54238677780003,90.58373285681671,10503600
2019-05-15,90.87311553955078,91.69998646109624,89.8064512937342,90.30257258495658,10142000
2019-05-16,92.03899383544922,92.75010328303468,91.44364580411963,91.46845722919507,9672700
2019-05-17,91.59252166748047,92.40285823355784,90.81526701553776,90.95583360797639,9570100
2019-05-20,92.07206726074219,92.45242709213716,91.26173736601672,91.43537948631503,8518200
2019-05-21,92.38629913330078,92.54340033270033,91.9645931590703,92.14650578750404,7967900
2019-05-22,91.63383483886719,92.43590063832741,91.57595412697441,92.11342148513559,7918900
2019-05-23,89.83126831054688,90.78217125798015,88.88863583981137,90.65813934161488,14558000
2019-05-24,90.71601104736328,90.92272878458958,90.28604092968347,90.5589035483434,8537300
2019-05-28,89.73204040527344,90.81524573236457,89.66589551808582,90.29431295178232,11665500
2019-05-29,89.48397827148438,89.63281529990357,88.52480490866631,88.84728408548706,9966400
2019-05-30,88.52479553222656,90.277764091433,88.0948254448491,89.83952352876246,10367800
2019-05-31,87.6152572631836,88.1361837629027,86.68915939960182,87.28450757558113,10952800
2019-06-03,88.0286865234375,88.35943618747376,87.06951943710996,87.48295494002402,11680700
2019-06-04,90.74080657958984,90.87310894552861,88.5826731262748,89.17802115595123,12858600
2019-06-05,91.06328582763672,91.27000354328801,89.83125000874178,90.8400334704839,8340500
2019-06-06,91.2617416381836,91.67517707973073,90.0710455478001,91.07982903453897,8726700
2019-06-07,90.26123809814453,90.97234132838233,90.09586011905738,90.70774287036772,10618900
2019-06-10,91.23694610595703,91.95632617063337,91.13772562015706,91.57596625517442,11380600
2019-06-11,91.51807403564453,92.25398865263894,91.2617460681705,91.63383546021504,9847700
2019-06-12,90.3521957397461,91.69999957202491,90.03798701570324,91.53462157895598,9670500
2019-06-13,90.575439453125,91.08810168394895,90.17027447712465,90.50928826685268,8406900
2019-06-14,90.80695343017578,91.203854200532,89.82297513315466,90.60023572465192,9077400
2019-06-17,90.31085205078125,91.26175496692346,90.17854966207184,90.70774659985923,8128600
2019-06-18,91.54288482666016,92.12169829390479,90.11240157359929,90.13720669346944,11057300
2019-06-19,90.88140869140625,92.27054613002942,90.70776020305229,91.63385813732712,13126500
2019-06-20,91.1129150390625,91.85709387207106,90.15374167696937,91.68345172380073,13638000
2019-06-21,90.49275207519531,92.33667062416446,90.20334221734008,91.11290524170072,27089500
2019-06-24,89.84778594970703,90.76560675218765,89.74855918065771,90.36044181848601,13039600
2019-06-25,89.10363006591797,90.11241380101917,89.0292083876843,89.86434995160795,18660100
2019-06-26,89.69895935058594,90.38525741338165,89.43436091096574,89.5501223340168,10324600
2019-06-27,89.99664306640625,90.5837270700136,89.66589968950562,89.99664306640625,10906600
2019-06-28,92.44416809082031,92.96509448082018,91.6999830275889,91.81574444758887,21634700
2019-07-01,93.99870300292969,94.69327167003881,93.50258162520524,93.62661354676776,12724500
2019-07-02,94.09793090820312,94.42867429155761,93.61834417040319,93.85813753930316,10174900
2019-07-03,93.9480209350586,94.82238460245136,93.48169703414867,94.38103507830543,6849400
2019-07-05,94.50594329833984,95.15546767754981,94.03129037867205,94.52260135345045,7929400
2019-07-08,93.98966217041016,94.4976248699364,93.68155166888523,94.06460436221559,6917200
2019-07-09,94.38938903808594,94.5059700441072,93.39012145699279,93.49837343310158,8947300
2019-07-10,94.11455535888672,94.78906677607128,93.88139342827917,94.40601412533228,9242300
2019-07-11,95.01390075683594,95.23041098907727,94.19783399045787,94.40601519560131,11595200
2019-07-12,96.01316833496094,96.05480076146823,94.87233311513971,95.03887552754048,10783400
2019-07-15,94.84737396240234,96.23802311713915,94.53926344087432,96.21304238491554,12946600
2019-07-16,95.8633041381836,96.17973735054436,94.03130532911784,94.49763564856075,16945000
2019-07-17,94.92230224609375,95.71339465195005,94.70579836309781,95.28870320683504,13120900
2019-07-18,95.48858642578125,95.82167773897774,94.55593837265715,94.8723716259402,9397200
2019-07-19,94.54759216308594,95.86329911689008,94.43101117762858,95.67176958181744,10402800
2019-07-22,95.15547180175781,95.30536253831715,93.90638444815897,94.02297177942674,9061100
2019-07-23,96.89586639404297,96.97080858282315,95.61346933169398,95.66343079088077,12752200
2019-07-24,97.28726196289062,97.32889440041669,96.19638790743302,96.24635572692677,10011000
2019-07-25,96.35462188720703,97.62869029126445,96.0298596019841,97.33723777288341,10138400
2019-07-26,96.77928161621094,97.02077258143198,96.20469944540268,96.40455162748047,12800400
2019-07-29,96.47119903564453,97.5787249143791,96.4212375639744,96.9791618415848,8500400
2019-07-30,96.25469207763672,96.66273195440066,95.56353506718499,95.92160711735615,7121100
2019-07-31,96.59609985351562,96.74599060741582,95.6467938632102,96.67937108275183,13648000
2019-08-01,94.0479507446289,97.26226931580939,93.76482097947061,96.03816271575015,15664500
2019-08-02,94.03963470458984,94.4559972054774,92.76556646838395,93.59829147015905,11025500
2019-08-05,91.24166870117188,92.41581388109287,90.15912377017466,92.25759411419054,15855300
2019-08-06,91.95779418945312,92.01608466769439,90.21739616221758,91.64136107231286,10203500
2019-08-07,89.95927429199219,90.16745552708545,88.21888221614229,89.93429356029094,17320900
2019-08-08,91.48316955566406,91.66637007327029,90.53386355823869,90.80866433464803,10903300
2019-08-09,91.38320922851562,91.97444301885125,90.17576092268992,91.0584470951367,9980800
2019-08-12,89.6678237915039,90.35898703187084,89.27644204447235,90.30069653889937,9393700
2019-08-13,91.05013275146484,91.87453493361518,89.12654036615365,89.89264570929555,12124700
2019-08-14,87.26956939697266,89.02661939058564,86.97811060832133,88.51865670883856,19491800
2019-08-15,87.6026611328125,88.58527681598393,86.88651717627127,87.28622794281011,13365600
2019-08-16,89.70113372802734,89.91764399656881,88.16059382231586,88.57695630241017,11830600
2019-08-19,90.50886535644531,91.39155165834914,90.28402609070874,91.29162238988995,8265400
2019-08-20,89.35971069335938,90.30069393543869,89.30142020206848,89.80938292039791,8374000
2019-08-21,89.60952758789062,90.29236175626386,89.47628855348276,90.10916126054646,8189300
2019-08-22,90.53388214111328,90.99187717594876,89.87602848976412,90.24242960018363,9343400
2019-08-23,88.28550720214844,90.58383012415784,87.52773070861912,89.93430560022188,14762300
2019-08-26,88.99332427978516,89.09324721514037,88.27718026153045,88.78514302687827,8209500
2019-08-27,88.0523452758789,89.56790461736027,87.30289145796219,89.39303311871103,14331800
2019-08-28,88.93502044677734,89.27643434669008,87.46942286719514,87.50273262504777,10585500
2019-08-29,90.95022583007812,91.50815005723666,89.9509520147204,90.05088130221245,10002200
2019-08-30,91.48316955566406,92.06607451787697,91.15840731197578,91.46651149777935,10170300
2019-09-03,90.40059661865234,90.7586685144546,89.3680197099239,90.75034584126745,9868800
2019-09-04,91.49149322509766,91.78294568913103,90.40061921230529,91.14174391507038,6929200
2019-09-05,93.57330322265625,94.6974806141434,92.59901022039278,92.64064900841296,13224700
2019-09-06,93.7731704711914,94.08128103368132,93.23189790603368,93.81480926589126,7836600
2019-09-09,96.0964584350586,96.6460535865878,94.59755101600251,94.68915126678856,13985100
2019-09-10,97.32057189941406,97.65365681297006,96.37126591876701,96.84591890909053,14333100
2019-09-11,97.58704376220703,97.59536643782492,96.079807207806,97.33722372354525,9919200
2019-09-12,98.18659973144531,98.65292366010702,96.52947254331797,97.05409331624942,12283500
2019-09-13,100.11853790283203,100.26009963988393,98.88610200455149,99.09428327192948,16257200
2019-09-16,99.22749328613281,99.81872715003436,98.57796258536986,99.01098305254517,11993900
2019-09-17,98.73619842529297,98.76950818613354,97.62867270179623,98.61128841043764,10735400
2019-09-18,99.72713470458984,99.9936064155277,98.05335589513099,98.52800882877612,10665600
2019-09-19,99.41070556640625,100.21012078274224,99.16921456045256,99.67717730518491,9382600
2019-09-20,99.01100158691406,100.2101212402995,98.98602085397503,99.71048752195662,21862800
2019-09-23,98.99434661865234,99.1942051947761,97.99507915078405,98.07835038090847,9135100
2019-09-24,97.70361328125,99.31077257986752,97.46212229974732,98.88608110528097,11696500
2019-09-25,98.26154327392578,98.56132476166053,97.5287476112337,97.6536512701339,9389400
2019-09-26,97.45381927490234,98.30320245071096,97.3871997408804,98.16163435261723,9899200
2019-09-27,98.02838897705078,98.79449445979252,97.66198794044054,98.22824120011653,10207800
2019-09-30,98.00340270996094,98.90274083957326,97.61202096171368,98.56132690916193,9755000
2019-10-01,96.22136688232422,99.09426531012448,96.10478590197903,98.59463162961839,11250300
2019-10-02,94.30609893798828,95.68009635209307,94.03962721277664,95.60514780424667,12548700
2019-10-03,94.17179107666016,94.7761569118994,92.76999560722687,94.23893785518008,12735200
2019-10-04,96.21153259277344,96.48013894707904,94.23894767387846,94.29770511375528,9453100
2019-10-07,96.0016860961914,96.95020090782921,95.74986483090238,95.85059461783416,6771600
2019-10-08,93.86122131347656,94.90207012618585,93.72692133961759,94.90207012618585,10806300
2019-10-09,94.54113006591797,94.98601514131332,94.07107054967305,94.5747066605184,7273700
2019-10-10,95.86737060546875,96.86625341771119,94.85170269903945,94.96921757058796,10994100
2019-10-11,97.4874038696289,99.04028443922287,97.2607698768238,97.39506984187271,15076500
2019-10-14,97.74761199951172,98.10016300758015,97.08449513185349,97.24397593608826,8779000
2019-10-15,100.69391632080078,102.06212912749835,98.93958222639866,99.76218649896182,23379000
2019-10-16,100.45885467529297,101.24788850228877,100.2070334612068,100.693884392931,11087700
2019-10-17,101.02124786376953,102.04531140571676,100.62673095130664,101.35700734697707,10818500
2019-10-18,101.1975326538086,101.58365386577212,100.60995828866416,100.72747316169306,10417400
2019-10-21,103.70735168457031,103.8920133776391,102.39788990663187,102.44825800845209,12714600
2019-10-22,104.74817657470703,105.00838715862461,103.34638747464497,103.62338315258815,12549100
2019-10-23,105.02517700195312,105.05035784463483,104.22774736057879,104.2529282032605,8828300
2019-10-24,104.94964599609375,105.47846939905719,104.14382687223831,105.16789067674661,8020500
2019-10-25,105.78903198242188,106.30945958714014,104.71460658281819,104.9244554938058,9055700
2019-10-28,106.19195556640625,106.7795300156131,106.099621523805,106.2423172608865,9522200
2019-10-29,106.12477111816406,106.95577085277144,105.71346912484434,105.81419248414262,9797300
2019-10-30,105.53722381591797,105.98210251073534,104.85730894648071,105.80583018283116,8513700
2019-10-31,104.85729217529297,105.53720693598262,103.96753492796863,105.33574738995907,11589100
2019-11-01,107.2747802734375,107.4342611124434,105.7806504470059,105.93174193938296,11682600
2019-11-04,108.13094329833984,108.63457295461959,107.91269225327468,108.34918153524508,9159900
2019-11-05,108.36599731445312,109.37326966087188,108.14774622048448,108.60941644830723,13747600
2019-11-06,108.53384399414062,108.9871119422594,107.92947819120941,108.02181221132832,11231100
2019-11-07,109.12145233154297,110.20426726139492,109.05429913159013,109.48238637210586,13528900
2019-11-08,109.4404067993164,109.45718549011131,108.49188563480679,109.02070898254733,9293400
2019-11-11,109.05428314208984,109.20538102187065,108.5758342738003,108.78568318982374,8679000
2019-11-12,108.41634368896484,109.6418541479982,108.29042665835557,108.81086066351749,9099000
2019-11-13,107.8455581665039,108.13096244457353,106.95580075552066,107.55177735036234,8023300
2019-11-14,107.94628143310547,108.1477281838948,107.0984836629982,107.20760919178286,8483400
2019-11-15,108.72691345214844,108.72691345214844,107.77839230452301,108.47509220493737,10163600
2019-11-18,109.641845703125,109.66702654567517,108.27363962797904,108.75208844459229,8749300
2019-11-19,109.60828399658203,110.17067753731702,109.27251805633361,109.95243928227629,8824500
2019-11-20,108.81086730957031,109.64186084480724,108.23168223461018,109.37326088445808,11782800
2019-11-21,109.06266021728516,109.72578988988174,108.60939224526213,109.12142405507774,7705500
2019-11-22,109.7845687866211,110.14551563343642,109.20539645539998,109.24735599800552,8167900
2019-11-25,110.37214660644531,110.85899765561119,109.85171255628201,110.17068702494706,10068500
2019-11-26,110.5232162475586,110.64913327146655,109.42361006949473,110.64913327146655,10490700
2019-11-27,110.85057830810547,111.16115057426966,110.50642304615266,111.04363570532969,6607900
2019-11-29,110.5987548828125,111.14436968421522,110.33854430732252,110.69108890716312,5712000
2019-12-02,110.35533905029297,111.4213750340264,110.25461567827918,111.06042827070995,8615600
2019-12-03,108.936767578125,109.08786545695803,107.93788469481314,108.92837823247477,10361300
2019-12-04,111.08563232421875,111.19475787214147,109.11305996388664,109.44042379949188,10318200
2019-12-05,111.69000244140625,111.89985139017129,110.95133004314097,111.37102794067108,9587400
2019-12-06,113.35199737548828,113.97315484652908,113.0246335426258,113.05821654547277,10170600
2019-12-09,112.82318115234375,113.70454921492332,112.82318115234375,113.00784923433804,8498200
2019-12-10,112.8987045288086,113.12534491972372,111.53888779963786,111.84946006292748,7532900
2019-12-11,112.63009643554688,113.3351984798555,112.48740071929028,112.72243046467298,9011900
2019-12-12,115.85337829589844,116.23110373469632,112.65528327489804,112.89031300606827,13717400
2019-12-13,114.83773803710938,116.53332114955961,114.3424975860998,115.7946487425192,10592100
2019-12-16,115.28260040283203,116.5416939314121,115.26582171099406,116.15557908855143,11372000
2019-12-17,115.9876708984375,116.39897932868828,115.19024768793138,115.60994546274087,11546800
2019-12-18,115.87017059326172,116.69278755712763,115.60157064387623,115.96250462764824,10381500
2019-12-19,115.29096984863281,116.02123978941846,115.08112098673735,115.63511224794125,9350400
2019-12-20,115.19866943359375,116.57527785677554,114.91326516398053,115.85339704899961,29992600
2019-12-23,115.16507720947266,115.76105373892261,114.89647726966703,115.50084314443066,9738400
2019-12-24,115.48406982421875,115.52604217371554,115.04758044414508,115.27422088489755,3324300
2019-12-26,116.70954132080078,116.75991580820242,115.65190763221935,115.7442416468846,6770900
2019-12-27,116.79351806640625,117.32234146000589,116.39900105977826,116.92782445337791,7868200
2019-12-30,116.36544799804688,117.58256938977324,116.23114159130307,117.43147148014549,6963000
2019-12-31,117.01176452636719,117.07891772455169,116.08003471482193,116.26470280778858,7201600
2020-01-02,118.43032836914062,118.43873052280593,116.8942328032374,117.33911147002149,10803700
2020-01-03,116.86746978759766,117.61932738145413,115.8030460933789,116.15785399145182,10386800
2020-01-06,116.7745590209961,116.80835761995961,115.31308543034523,115.36377043840189,10259000
2020-01-07,114.78932189941406,116.46199159885926,114.73863689191398,115.97201504237763,10531300
2020-01-08,115.68477630615234,116.22543779956246,114.55276831844789,114.63723902312606,9695300
2020-01-09,116.10716247558594,116.77453643657483,115.76924100324855,116.6224814418126,9469000
2020-01-10,114.94981384277344,115.94665319836851,114.73016165972709,115.91286749580017,10190900
2020-01-13,115.9044418334961,115.9044418334961,114.68794997546036,115.05121404797451,12355200
2020-01-14,117.2560806274414,118.91185087983857,116.3183694012006,116.52956550719729,24906000
2020-01-15,115.49893951416016,117.087138521676,115.01740615492405,116.45355013766344,16293400
2020-01-16,115.9466323852539,116.49573696352957,115.60026776676791,116.11558664853996,10783800
2020-01-17,116.74919891357422,116.8252264141958,116.00579742351869,116.19163812824256,14697700
2020-01-21,115.60028839111328,116.63938243195693,115.47357589363786,115.89596807240433,8474200
2020-01-22,115.46510314941406,116.07334883035578,115.21167819100873,115.93819314933442,7549100
2020-01-23,115.34687805175781,115.5158452759245,113.80937685687819,114.6457182111015,9345700
2020-01-24,112.48303985595703,115.2539317097409,111.78188013408243,115.20324670723306,15166400
2020-01-27,111.53685760498047,112.30561432556766,109.57696495150047,110.05004204405137,12860500
2020-01-28,113.5643539428711,114.02054471032571,111.91702703903209,112.22114992053977,13062800
2020-01-29,113.39541625976562,114.50208185750235,112.9392383158819,113.88539280120403,9326000
2020-01-30,114.79774475097656,115.00049763541861,112.0944374103468,112.0944374103468,9048900
2020-01-31,111.81566619873047,113.90228474459799,111.06380858154169,113.61506113587133,12785200
2020-02-03,112.66889190673828,113.40386310413928,112.06910219814141,112.06910219814141,10021100
2020-02-04,114.29090118408203,115.39757982176015,114.11350363930518,114.51055342670645,9157100
2020-02-05,116.23388671875,116.3521560234248,114.89912577148444,115.37221588057106,10150700
2020-02-06,116.25076293945312,116.82521005087088,115.82837080798072,116.78298115003153,8992300
2020-02-07,115.87908172607422,116.30147395204536,115.14412337780853,115.50737450475758,6379800
2020-02-10,116.36062622070312,116.45355303495248,115.52428489245901,115.69323922098809,5960700
2020-02-11,116.58023834228516,117.27296768503763,116.39438475717527,116.79987762905775,6578600
2020-02-12,116.58023834228516,117.67000446371495,116.41128405319962,117.08711409992775,7958000
2020-02-13,116.47887420654297,116.86746780194984,115.22858404556325,116.36904811243872,7447500
2020-02-14,116.12406921386719,116.74075821612388,115.68477771686867,116.44507852017765,6627600
2020-02-18,114.5865478515625,116.33525763021927,114.08812818252562,116.02267865762126,8996400
2020-02-19,116.14942169189453,116.90972256051361,115.17791181489453,115.65944515130452,7071200
2020-02-20,116.14942169189453,116.88438005758552,115.33842292703119,115.8790844734774,7422800
2020-02-21,114.73015594482422,115.66786705161914,113.97829841886329,115.35530097948273,9772800
2020-02-24,111.64672088623047,112.52529108086578,110.4978134683915,111.03847502441053,13618400
2020-02-25,106.6624755859375,111.70583282423452,106.09646516380276,110.66675166599181,20797200
2020-02-26,106.98350524902344,108.9349553210869,106.73006732879965,107.2284935198547,24825600
2020-02-27,102.53150939941406,106.12184395561708,102.47237473511969,103.83247845908514,23005500
2020-02-28,98.0879135131836,100.09849798935026,95.17341002079658,99.27905612091634,45931400
2020-03-02,102.65819549560547,102.70888694137093,96.69401980773551,98.52720037395144,27355400
2020-03-03,98.80598449707031,103.86624134298259,98.1977386864724,102.19357180903197,32547700
2020-03-04,101.2474136352539,101.53464369575975,96.89677248922635,99.96334412499878,25795900
2020-03-05,96.28009033203125,98.35825942506375,95.1058403946494,97.71622140150431,25025600
2020-03-06,91.30429077148438,93.1966058419524,88.71924637184546,89.76678356825545,38159400
2020-03-09,78.93665313720703,83.8279553845469,78.56494595410214,81.58082587969382,40352000
2020-03-10,85.06977844238281,85.55975489480872,79.8997025291214,83.63364767651973,31102700
2020-03-11,81.06552124023438,84.52069325613581,79.87437842625756,82.53544449085052,38127000
2020-03-12,74.38327026367188,81.91029604423989,72.92179039092039,75.68423259003684,49725200
2020-03-13,87.78155517578125,87.84913303334352,77.72016929604575,81.09085744238303,38543300
2020-03-16,74.6451644897461,79.392856053278,71.42653736771952,71.97564217742143,38589700
2020-03-17,79.20699310302734,82.31580018653916,73.91864055682211,76.78245937249375,35239800
2020-03-18,70.86896514892578,76.69797899113337,67.8868771493327,74.06224925551773,41525600
2020-03-19,72.06010437011719,74.43394622366525,64.97236451017322,68.90060640364366,32175100
2020-03-20,70.53948974609375,75.57440345035587,69.6778125874754,72.90488838751293,30150800
2020-03-23,66.76331329345703,70.75069688336863,65.96921385702049,69.84677778995007,32536600
2020-03-24,74.70429229736328,76.11508084105223,70.0326351246054,71.72220409530665,34363200
2020-03-25,77.4920883178711,80.381249883947,71.41808544198385,75.38857018283475,38111700
2020-03-26,82.8902359008789,83.27038624892575,79.02112235037194,79.4773066351437,29826300
2020-03-27,76.98521423339844,80.119364161326,76.49524408948668,78.72547480070841,30041500
2020-03-30,78.98735046386719,79.48577022336842,75.4392581547979,76.57971593662772,21656900
2020-03-31,76.05593872070312,79.55334563120124,75.4730354205556,77.76240682294613,23379300
2020-04-01,71.26599884033203,73.12452158603864,70.32828782044406,71.89113737185993,28029600
2020-04-02,73.92707824707031,74.26499326684787,70.08330698183745,70.5479409396807,24018000
2020-04-03,71.74198150634766,74.66970321397396,70.64941526284858,73.40642695451828,21199400
2020-04-06,76.3597412109375,77.6656914907921,74.85746858598078,75.95856557994038,26820800
2020-04-07,77.36695098876953,80.6617047404095,77.14502278194945,80.61902398488562,22563800
2020-04-08,80.49098205566406,80.96897518377929,77.2901212609611,78.61313981547089,22903300
2020-04-09,87.71212768554688,89.10343290398536,82.70171098917369,82.72731683488601,42055900
2020-04-13,83.81133270263672,88.01086007997746,83.0516623380751,88.01086007997746,26911900
2020-04-14,81.5152587890625,87.06341776423429,79.92763123827065,86.2269232380082,46151300
2020-04-15,77.4949951171875,78.55341154442765,76.93164034180778,77.80227835609104,30118600
2020-04-16,74.54165649414062,77.30719872177143,74.3026599020473,77.01699043484916,32449600
2020-04-17,81.24211883544922,81.6859686876722,77.64008227778112,78.52778849439534,30191900
2020-04-20,78.28023529052734,80.84092341849554,77.21328190387393,78.92894477301928,23679400
2020-04-21,76.00977325439453,77.99856971574116,75.39520696968904,75.64274097392695,23035000
2020-04-22,76.25731658935547,78.41683648625582,76.12074989336377,77.40963186866213,16662400
2020-04-23,76.29998779296875,77.91322116743495,76.1890269593561,76.59873350820912,16638800
2020-04-24,77.42671203613281,77.75960114142822,75.53180081388513,77.36696287652005,15809200
2020-04-27,80.7641372680664,81.62623125054664,78.13516153937798,78.4765880581453,22870200
2020-04-28,81.33599853515625,83.95643602368675,81.11407038772843,83.48697388723697,20238900
2020-04-29,83.52967834472656,84.8868404318403,83.02607277245939,84.57102627963272,20462600
2020-04-30,81.73716735839844,82.65901014074939,80.7043572553833,81.60059419824765,19127600
2020-05-01,79.59474182128906,80.01298582621902,78.39121498533552,79.80813255003247,18547700
2020-05-04,78.64727783203125,79.09966508536438,77.5035067773526,78.544847949097,15725900
2020-05-05,78.52778625488281,80.41415946932798,78.44243126790894,79.93616633253987,18064100
2020-05-06,77.05110931396484,79.1764853257174,76.76090109449693,78.66434895995995,20978000
2020-05-07,77.85348510742188,79.30454620155712,77.31574272962328,77.96444595968116,16771900
2020-05-08,79.12528228759766,80.3032033178623,78.62168327658249,79.2106437917148,20487800
2020-05-11,76.79505920410156,77.76812044043447,76.24877944027145,77.76812044043447,31907600
2020-05-12,74.28556823730469,77.49496613666217,74.17460741948447,76.94868647449502,27962900
2020-05-13,71.72488403320312,74.14046842086064,71.18714179115786,73.73075539442071,35451600
2020-05-14,74.7038345336914,75.20744011455136,70.33359592859219,70.6067358414109,35152500
2020-05-15,73.3210678100586,74.49898248291306,72.80893127891184,74.13195010836017,26099000
2020-05-18,77.20475006103516,77.8022479082595,75.01109399922922,75.70248427227214,30504400
2020-05-19,75.68541717529297,77.8449301674916,75.61713058362501,76.8633380889779,19597300
2020-05-20,77.95589447021484,78.86066898198237,77.13647493862335,77.42668317365536,20552400
2020-05-21,76.96577453613281,78.32294309932097,76.53899303397549,77.0511295341305,14621400
2020-05-22,76.36827087402344,77.1279413058895,75.72809872275421,76.82919560439743,13557900
2020-05-26,81.78842163085938,83.22240799839545,79.04848467206493,79.28748131462592,41233900
2020-05-27,86.52568817138672,87.55849867384352,84.33203140735533,87.12317969771074,39402000
2020-05-28,85.23678588867188,87.87429194354628,84.84414776297056,87.86576100389046,24713900
2020-05-29,83.06021118164062,84.65637629250527,82.60782384592106,84.21252640996023,26526400
2020-06-01,84.16131591796875,84.93806142383605,83.1199679489538,83.43578862367501,15176800
2020-06-02,84.44298553466797,85.71479254638183,83.58942255807662,85.59529425063253,21195000
2020-06-03,89.00099182128906,89.5558089532643,86.26105596762763,86.7049122780748,25941100
2020-06-04,90.85325622558594,90.99836038611592,87.73774968435859,88.6169186139066,26784700
2020-06-05,94.94181060791016,98.8169807034286,93.49074967316727,98.09999094512182,42231000
2020-06-08,96.83671569824219,97.46835698060696,95.547840310867,96.80257891037742,24881800
2020-06-09,94.35286712646484,95.28324779215635,93.04691660781984,94.44675958970322,17031100
2020-06-10,90.52887725830078,94.32723599374381,90.34962983438794,94.28455524474019,24913300
2020-06-11,82.974853515625,86.7049259482503,82.40296790254455,85.38190077203755,36259200
2020-06-12,85.24533081054688,86.32081539651658,83.07728022129594,85.96232053452668,24856800
2020-06-15,86.42324829101562,86.57688988179751,81.8310819854638,82.30053769850898,22153600
2020-06-16,87.1146240234375,90.2045239428575,84.76732614184665,89.93992153828097,22193600
2020-06-17,84.91242218017578,87.52432201730531,84.6819565991545,87.51578456670573,15639800
2020-06-18,84.45153045654297,85.80015512957839,83.76013995608426,84.22106478566697,16591900
2020-06-19,83.4869613647461,85.86840195830813,82.56511864479165,85.80865283282805,40371200
2020-06-22,82.58221435546875,83.60648727749093,82.4029669197233,83.00899582500607,16216900
2020-06-23,83.58941650390625,85.3306856314971,83.52112990780428,84.47712271672717,15381400
2020-06-24,80.79826354980469,82.65902433514283,80.49951133871413,82.58220680349176,22919800
2020-06-25,83.61502075195312,83.82841147656882,80.4568406325081,80.53365816752907,25743600
2020-06-26,79.03138732910156,81.40429770767952,78.52778833410405,81.18236952593689,41896300
2020-06-29,79.38134002685547,80.65314676947028,78.68141879463225,79.72276644768401,18499700
2020-06-30,80.28614044189453,80.79828349466084,79.01433328844224,79.23626151049635,19137000
2020-07-01,79.60327911376953,81.69450564638227,79.40695677836636,80.99458431799813,18755700
2020-07-02,79.86185455322266,81.84417586375986,79.23267886133095,81.65456109152875,27845600
2020-07-06,81.87865447998047,82.05102796442439,80.56859890157662,81.38738281612567,18625300
2020-07-07,79.56879425048828,81.10294023298587,79.29299279942833,80.86161478526158,25757200
2020-07-08,80.41344451904297,80.44791394873624,79.12062390989838,79.54294346771043,18762200
2020-07-09,78.67245483398438,81.12019899297371,78.24151456291686,80.60306540719134,25600800
2020-07-10,82.9732437133789,83.46451539972324,79.18097427699401,79.29301638944895,28954200
2020-07-13,84.16264343261719,85.55888582155661,82.93877453655536,85.09347607566164,32079200
2020-07-14,84.6452865600586,86.14495684990332,83.29213438302521,84.78319060197043,42731700
2020-07-15,85.95535278320312,87.29988437827339,85.0245201824805,86.95513083256573,22508400
2020-07-16,86.1966781616211,87.23955286847367,84.9383333109818,85.13656216091451,16886900
2020-07-17,84.6021957397461,86.25700477447484,84.58495444684438,86.18805275412116,16137700
2020-07-20,83.86096954345703,84.80041606789035,83.82649353674032,83.97301163356693,14458100
2020-07-21,85.67953491210938,86.23113784973216,84.15400290053877,84.21433426635295,17798100
2020-07-22,85.0589828491211,86.30008621306567,84.05919838099464,85.88638728362612,14271200
2020-07-23,85.3089370727539,85.62782865791128,84.43843590321644,84.89523152837548,12870200
2020-07-24,84.70561218261719,86.01567418931432,84.4125759768929,85.84329414862987,12744200
2020-07-27,83.51622772216797,84.14539684969456,82.88705201901455,84.04197539071859,11959100
2020-07-28,83.8781967163086,84.36946826049916,83.171455081234,83.171455081234,11754300
2020-07-29,85.91223907470703,85.93809443476935,83.6023993251721,83.66273069052606,12743500
2020-07-30,83.61963653564453,84.24019149816337,82.78361804096727,84.06781804218629,14834800
2020-07-31,83.29215240478516,83.54209860311074,82.0941387278774,83.15425490866335,14535000
2020-08-03,82.82672119140625,84.09368667726932,82.61125104960986,83.6196497350665,12962800
2020-08-04,82.35269165039062,82.69743862021932,81.9045100686102,82.66296918373801,13366200
2020-08-05,83.78340911865234,84.86938047411383,82.4992089151564,82.62849231531581,15260900
2020-08-06,83.80925750732422,84.55047525920433,83.20594379096893,84.10230029500131,10482100
2020-08-07,85.6536865234375,85.74849390980131,83.22318364023928,83.54208181033817,14743700
2020-08-10,86.7396469116211,87.94628084213518,86.21389931743728,86.28285133075258,14989900
2020-08-11,89.48043823242188,91.49724213411483,89.2132573667362,89.51491424341789,31518600
2020-08-12,88.72196960449219,91.72993032962769,87.66185382968052,91.49722551719982,19240800
2020-08-13,88.23069763183594,89.0839573742494,87.60152205571256,87.91179952124936,13598600
2020-08-14,88.26517486572266,89.04086196474253,87.41190853579982,87.48086054590733,12134400
2020-08-17,85.93809509277344,87.91180202535904,85.78295635558601,87.48086181935237,14988000
2020-08-18,84.74008178710938,86.11047506058154,84.56770833507703,86.11047506058154,13246500
2020-08-19,84.9383316040039,86.69656215541737,84.75733090030884,85.25722320199837,13533000
2020-08-20,83.92131042480469,84.49014816105037,83.43003878074524,83.82650303949264,13672600
2020-08-21,83.8781967163086,84.95554717072872,83.55068454539,83.83510006788165,12228300
2020-08-24,86.2397689819336,86.36905238443576,83.9644047701525,84.85214071803938,17898300
2020-08-25,86.61897277832031,87.89455855430094,86.01565918026363,87.28261773618267,13648900
2020-08-26,85.40372467041016,86.4207437934162,85.36925524136805,86.13632826225283,12052400
2020-08-27,88.21346282958984,88.47202959509588,85.32616463436042,85.32616463436042,22163900
2020-08-28,88.57545471191406,88.98916023874504,87.74805023387836,88.89435285917183,13756700
2020-08-31,86.35177612304688,88.06691581593255,86.20525149703494,88.01520511006001,14219400
2020-09-01,86.30870056152344,86.93787613099124,85.36063346046787,85.80019429459948,11595600
2020-09-02,87.61014556884766,87.86009167846952,85.80881208075415,86.14494491681872,14475700
2020-09-03,87.3343505859375,90.48882972230615,86.73965095074557,89.04949089936096,23281200
2020-09-04,89.22186279296875,90.67844288219376,87.36882505476963,89.67866496268584,26325500
2020-09-08,86.11910247802734,89.26496778239456,85.73987950965449,88.75646141714671,22108600
2020-09-09,86.9378890991211,87.64463085176129,85.80882116364452,86.87755772666253,13434000
2020-09-10,86.0415267944336,88.27379400085148,85.87776740493734,87.39467883622238,15922800
2020-09-11,87.1102523803711,87.36019848721192,85.83466648608436,86.16218524879854,13784300
2020-09-14,88.31690216064453,89.17016207508001,87.36883485842435,87.48949761094545,19017400
2020-09-15,85.56752014160156,88.64443416807599,85.44685736218126,88.54101268607477,23683000
2020-09-16,85.92948913574219,87.16197859862052,85.11932588139076,85.69678427799676,19270600
2020-09-17,84.94693756103516,85.61920327982462,84.21434047198578,85.06760030155499,18290100
2020-09-18,84.76595306396484,85.74849639141914,83.9816451616338,84.3694887893453,20121600
2020-09-21,82.14582824707031,82.78362455071593,80.86162814486731,82.05102086613992,28378800
2020-09-22,81.24948120117188,82.44750128375279,80.73235415672725,81.84418091887811,19257000
2020-09-23,79.9307861328125,82.18029449380009,79.86184069856571,81.68902293080427,19952700
2020-09-24,79.86185455322266,81.27533812269326,78.75864193075319,79.56881174824002,18366500
2020-09-25,80.5599594116211,80.77542950459082,79.18095213173993,79.33609086170314,13293100
2020-09-28,82.87841796875,83.54206294782915,81.31841005711544,81.93034431917226,20894100
2020-09-29,82.18028259277344,82.76636144056371,81.30116760890033,82.76636144056371,12848200
2020-09-30,82.9732437133789,83.77479294642778,82.10274902877244,82.18031512763496,16400600
2020-10-01,83.57657623291016,84.26607687807308,82.76640623482483,83.70585965876202,15778700
2020-10-02,84.36946868896484,84.97278231625388,81.95620102855798,82.09410504372426,15149600
2020-10-05,86.15272521972656,86.33539881881505,84.83920747011729,85.52641194477,13871900
2020-10-06,85.26543426513672,87.73589110943828,84.8218012862809,87.0486867282998,19220400
2020-10-07,86.7529525756836,87.29227279214865,85.83087720510122,86.08314267010483,16358500
2020-10-08,88.53620147705078,88.65798389321543,86.90083286237977,87.43145909137316,15659000
2020-10-09,88.03166961669922,88.82326195018288,87.08350558118374,88.72757481895643,13689100
2020-10-12,89.11030578613281,89.59743534974561,87.7271962942428,87.94466579751888,16058000
2020-10-13,87.66632080078125,89.78882565664509,87.21398707307183,89.59745139762212,21697300
2020-10-14,87.17918395996094,88.66667470971969,87.07479619910933,87.88378309494055,15204100
2020-10-15,88.4840087890625,88.53619935569859,86.15273502075665,86.20492558739274,17171200
2020-10-16,88.30133819580078,89.01463805639928,87.61413361941476,88.21435170287785,13275000
2020-10-19,86.81383514404297,88.6144825063631,86.60505962620653,88.37961170795786,11725700
2020-10-20,87.30968475341797,88.52750902774203,87.09221518491088,87.25748754405797,11257100
2020-10-21,86.4397964477539,87.84899484068501,86.4050005244336,87.30097398083889,10730500
2020-10-22,89.4930648803711,89.80622155649158,86.38760003937942,86.3963006794505,14837200
2020-10-23,90.30206298828125,90.85878456188378,89.53657248373894,90.03240284262384,15087600
2020-10-26,88.06648254394531,89.33650414212732,87.20530483327882,89.29301420649183,12410700
2020-10-27,86.4050064086914,87.7881096124838,86.25712870199239,87.43146298828945,10391700
2020-10-28,83.97802734375,85.5090145627241,83.5691836003328,84.81310947137875,16389500
2020-10-29,84.52606964111328,85.2306755505476,82.84720431975121,83.61270144243102,14208800
2020-10-30,85.28287506103516,85.61342644806241,83.70839735592651,85.169793263626,15194500
2020-11-02,87.20529174804688,87.75331263866813,85.1262833285761,86.45719594625928,15011600
2020-11-03,89.95410919189453,91.11104217133472,89.32779581667165,89.61485058311207,17482600
2020-11-04,87.20529174804688,88.7884698464858,86.05705276057077,87.8577004144911,18886500
2020-11-05,90.77179718017578,91.42420589010035,87.85770626984163,87.90989684290933,17837400
2020-11-06,89.56265258789062,91.42419127842744,89.06682231305874,91.36330007403207,12552800
2020-11-09,101.68875885009766,103.42851518068395,95.99105421277005,98.43541637016152,47792400
2020-11-10,101.35820007324219,102.16718702583314,99.76632808758693,102.08020053734197,20539300
2020-11-11,99.84461212158203,101.74094673745647,99.13131231028854,101.68005553295495,14443400
2020-11-12,98.61808776855469,99.13131268893582,97.47854288475442,97.887386675102,22063000
2020-11-13,99.23570251464844,99.91420642051902,98.7920627928701,99.77502272872827,11847900
2020-11-16,102.03671264648438,103.17625093272676,100.67100417633915,102.46295109424283,19858600
2020-11-17,101.00154113769531,101.28860248761845,99.67062878014254,100.3752278784604,14553200
2020-11-18,100.25347900390625,103.17627076653525,100.20998243210987,102.07152155469981,12571200
2020-11-19,100.52312469482422,100.74929488964413,98.78336825975066,99.32269514381534,10202500
2020-11-20,99.66193389892578,100.6014038420522,99.24438948976629,99.54015149555494,12718900
2020-11-23,102.53253173828125,102.79349118044682,100.53180949846319,100.9493538972284,13209200
2020-11-24,107.27336883544922,107.42994716155528,104.1331083105646,104.44626496277671,20121600
2020-11-25,106.1512451171875,106.45570118691397,104.79423712832408,105.57712890522397,11715600
2020-11-27,105.44664001464844,106.42960002453792,105.3248575934814,106.12514397162032,5983600
2020-11-30,102.5412368774414,105.01169434543915,102.4455497472621,104.3853809975906,14411800
2020-12-01,104.15921020507812,105.75978948874138,104.06352307545806,104.68113577968693,12668900
2020-12-02,106.15992736816406,106.39479154222629,103.75036124092765,104.12440910083667,10811300
2020-12-03,105.4640121459961,106.02943420165495,104.69852185683261,105.99463828351442,12904400
2020-12-04,106.4208984375,107.2472867299486,105.85548290281493,106.54268749422808,13583700
2020-12-07,106.02074432373047,106.27300977837143,104.56804943629369,105.38573700398207,9724300
2020-12-08,106.12511444091797,106.41217576949495,105.04646759502424,105.29003236958324,9592100
2020-12-09,105.29874420166016,107.25596988097247,104.76811804211515,107.14288148316065,13073900
2020-12-10,104.62024688720703,105.06388662192644,104.00263416931807,104.3766820561121,13668400
2020-12-11,104.00262451171875,104.40276764516686,102.96747407568854,103.46330433198764,9981600
2020-12-14,102.90660095214844,105.62061687957487,102.74132195879818,105.55102502588588,12112400
2020-12-15,104.66373443603516,105.16826533507017,103.18494429653897,103.7677610402639,12590200
2020-12-16,104.96818542480469,105.324838620149,104.26358630974488,104.64633478540354,11169400
2020-12-17,104.09832763671875,105.64670984575508,104.02004178052096,105.48143749267832,11618000
2020-12-18,103.5851058959961,104.28100452941551,102.88049998497912,103.6372964684253,28954800
2020-12-21,107.47344970703125,108.73477038888484,105.33354358553154,107.14289175759707,28323600
2020-12-22,105.83807373046875,107.44734699299813,105.78588316479392,107.33426522182144,11788200
2020-12-23,108.79566192626953,110.05698261196557,106.42959225353646,106.80364013027946,14973200
2020-12-24,108.31720733642578,109.21318726523899,107.49082587813933,108.81303753872616,4164900
2020-12-28,109.03052520751953,110.17007010814245,108.55209620230126,109.44806964374848,8072600
2020-12-29,108.74346160888672,109.84820386021639,108.63907384916423,109.7786120204014,8389200
2020-12-30,109.04791259765625,109.47415098279683,108.6477694920855,109.16099435467315,7398000
2020-12-31,110.5354232788086,110.76159347044037,108.57819731694019,108.81306151224103,8580200
2021-01-04,109.4915542602539,111.22260974864848,108.54338371982595,110.90945311480465,16819900
2021-01-05,110.08733367919922,110.65682778188479,108.44018109392785,109.50907627770478,13731200
2021-01-06,115.25659942626953,116.32549481761981,112.04114995170801,113.79344240965582,24909100
2021-01-07,119.0415267944336,121.07418465837969,118.209193746425,118.88382749578908,21940400
2021-01-08,119.17294311523438,119.46207183310611,117.50826383374968,119.12913330303363,12035100
2021-01-11,120.9515151977539,121.08293126909871,117.49951045573107,117.9112986377822,15937900
2021-01-12,122.85275268554688,124.11440054077842,121.63491464701512,122.16936232544296,18033500
2021-01-13,122.9666519165039,123.35214353303229,120.99533054293681,121.42463197487574,14816800
2021-01-14,123.68504333496094,125.06935018116097,122.65995814614736,123.0892728124537,18565600
2021-01-15,121.46841430664062,124.10559882356698,120.04029753443224,120.40827583663994,27881000
2021-01-19,120.94275665283203,123.27329991021463,120.75001751958924,122.53734310331886,19843800
2021-01-20,119.129150390625,121.05666208403633,118.66479572622207,120.7500200924025,16028800
2021-01-21,118.13035583496094,119.29562756551024,117.6835277421905,118.88383930851612,13411700
2021-01-22,117.21912384033203,117.75357141246513,115.82606018094253,116.25537490900894,12933200
2021-01-25,115.75597381591797,116.67592636101233,113.95112192168405,115.77350041389536,14212800
2021-01-26,115.28286743164062,116.67593122923192,115.07258835376963,116.30795286961599,11307800
2021-01-27,112.02361297607422,113.76714186800528,111.5767783002309,113.53933619605681,17603900
2021-01-28,113.99495697021484,115.79980926403583,113.01368116826484,113.81096107290915,13761800
2021-01-29,112.73329162597656,115.40552981970428,112.3127468284175,114.94117520869825,14808100
2021-02-01,113.56562805175781,113.95990301586545,112.56682577170064,113.37287556184515,11080700
2021-02-02,117.06144714355469,117.74483749949802,114.96746625929157,115.59829018306681,12253600
2021-02-03,118.40193939208984,118.9451436589255,116.9738223267115,117.09648178596079,10600800
2021-02-04,121.12673950195312,121.48596125077894,118.69106363970619,118.69106363970619,12419500
2021-02-05,120.89019012451172,122.21317442157415,120.36451242094672,122.12555478654033,10051300
2021-02-08,122.78263092041016,122.92281695349317,121.0653854373332,121.08291203368756,10136400
2021-02-09,122.2920150756836,122.64246685228018,121.38081906632712,122.16058563280112,8614800
2021-02-10,122.36209869384766,123.4222239262885,121.81888110236025,122.65998401793209,10323200
2021-02-11,122.02039337158203,123.1418549194642,121.10044089447722,122.3620884780637,9201000
2021-02-12,123.7551498413086,124.07056173141139,121.7838288703851,121.82763867684747,8324600
2021-02-16,126.73404693603516,127.32107435934103,124.76272569415428,125.77029790577562,12130600
2021-02-17,127.12828826904297,127.37360711144218,125.39351640923879,126.12071632380582,10810100
2021-02-18,127.5575942993164,127.73282014056014,125.63883992084193,126.16453081344785,10587800
2021-02-19,129.68667602539062,130.40510625281465,127.79420414958922,127.79420414958922,11969800
2021-02-22,130.9044952392578,131.58788553434144,128.60899207760568,128.67908510388062,11488400
2021-02-23,131.95587158203125,133.44531171271984,131.06220215606666,132.74439477801974,16234400
2021-02-24,134.27764892578125,134.71572035256767,131.51780428457832,131.51780428457832,15061400
2021-02-25,132.45523071289062,135.71448222639728,131.93830979186203,135.16252148397479,18127700
2021-02-26,128.9419708251953,132.18369743040924,128.36371320473563,131.68430284465367,19829200
2021-03-01,131.8594970703125,132.630507045509,130.08968479491995,131.0008808326756,14845500
2021-03-02,131.4301300048828,132.98090595420223,131.28118738596913,131.49146639619204,14221700
2021-03-03,133.97100830078125,135.78461707416818,132.1398729268598,132.4990813401028,14324100
2021-03-04,131.91204833984375,135.25892001214697,130.21232929109308,133.7081436244167,20093900
2021-03-05,132.2187042236328,134.47915409917874,129.64284242664147,134.24259181587536,18465100
2021-03-08,133.97100830078125,136.20517527372152,132.0785365094286,133.58550330229693,17133300
2021-03-09,133.02476501464844,135.14502901963763,131.2637227718241,132.73563628184831,16238800
2021-03-10,135.91598510742188,136.81841077841526,132.7443402878293,133.09480529575634,14342200
2021-03-11,135.2063751220703,136.80970482149334,134.36527207830144,135.0223792356936,11771500
2021-03-12,136.80970764160156,138.1064087511779,135.86348508006586,137.4317749790626,12849500
2021-03-15,136.1262969970703,137.48432095536938,134.89094585988298,136.98492653158675,12101100
2021-03-16,134.49667358398438,135.45167937622847,133.34017206414595,135.00483800155266,12805600
2021-03-17,135.8809814453125,137.4492845185137,134.0936560445326,136.10001714176914,13952400
2021-03-18,138.12391662597656,141.66354126937128,137.65080536355958,138.08012017804987,21898500
2021-03-19,135.92477416992188,136.6256909842395,132.46401327476923,136.2489426818823,54418800
2021-03-22,132.27125549316406,134.89968341441306,131.95584360785915,133.87459812939105,19944800
2021-03-23,130.9483184814453,133.2788483419302,130.5102470489579,131.71055849593208,17076300
2021-03-24,131.964599609375,134.20752261941732,131.29873601854234,131.42139545287665,13079800
2021-03-25,133.6555938720703,134.02357226323772,130.8344128375747,131.4214269403093,15608300
2021-03-26,135.8809814453125,136.19639338296517,133.6555846516193,135.1888345268158,16754400
2021-03-29,133.7694854736328,134.6894381505867,132.33261171770982,133.27884761095848,17570300
2021-03-30,135.3465118408203,136.5643495806763,134.82083427598278,135.32899861353877,13184300
2021-03-31,133.37522888183594,135.3553203764512,133.2788526288336,134.29518159342555,16736700
2021-04-01,134.6719207763672,134.74200043841145,132.7794490480837,133.0860910183831,16561500
2021-04-05,135.38575744628906,136.54908381723237,134.48683810250495,136.07317268453153,13508000
2021-04-06,134.4339599609375,135.96743209346246,133.83468034789703,134.65428572119365,13071600
2021-04-07,136.54029846191406,136.80469211171058,134.53092823965198,134.92752543815658,16903500
2021-04-08,136.7077178955078,137.0514255297119,134.2312586019326,135.72066283268921,12335500
2021-04-09,137.73004150390625,138.39982699012882,136.57553664388297,137.3158279888054,12122400
2021-04-12,137.439208984375,138.58490564745455,137.10432296725384,137.11313115667738,12273400
2021-04-13,135.7999267578125,136.77817327069013,134.3369610813267,136.38158975414228,16113600
2021-04-14,133.2618408203125,135.5708505204266,133.01506359318446,133.49097477339598,19939600
2021-04-15,134.10787963867188,134.13431765360033,131.5961740871507,133.29708246975994,17694100
2021-04-16,135.10374450683594,136.17011354237428,134.56614917109334,135.6060801940227,13773400
2021-04-19,134.5309295654297,135.61494219551616,134.15197564016188,135.20953680215035,11900200
2021-04-20,131.55210876464844,133.73773654214608,131.0056917345611,133.72892835287362,13716700
2021-04-21,132.6713409423828,132.7330386040948,129.3664548607932,130.24775781588374,12236700
2021-04-22,129.87759399414062,132.45981828357708,129.78065014475672,132.39812063050823,15256100
2021-04-23,132.36288452148438,133.19131139796912,129.2783243757055,129.71015418964092,14041900
2021-04-26,132.68898010253906,134.36346390359387,132.53035201431763,132.8828678421098,10799100
2021-04-27,133.29710388183594,133.5791273498646,132.2924188103173,132.63612650721527,12821200
2021-04-28,134.1607666015625,134.74242987262318,133.42928341782584,134.33702453132142,8943700
2021-04-29,136.76943969726562,136.84875375432128,135.01564156586028,135.31528141314993,12976900
2021-04-30,135.55319213867188,136.152485082393,134.84814715390007,135.80877750136375,11705100
2021-05-03,135.1566162109375,137.02497409619062,134.95392030487702,136.46976240153663,11801100
2021-05-04,137.02499389648438,137.16600561134427,134.08144494877445,134.724792407349,12977700
2021-05-05,138.82284545898438,139.49263086471402,136.27588045286507,137.4832611999092,10506700
2021-05-06,141.61659240722656,141.73116610951348,138.50559364731316,139.30758266808638,13542400
2021-05-07,142.1012725830078,142.33040647675196,138.38217357944703,138.55843145522053,14257800
2021-05-10,142.0836639404297,144.29572952349213,141.9955282655983,142.3304276928185,14014300
2021-05-11,139.72178649902344,143.11480878737748,139.28113495236022,141.9603038867387,15451700
2021-05-12,138.76116943359375,141.695910349753,138.39102374790042,140.66478734368917,14381700
2021-05-13,142.33042907714844,143.16766420572608,138.96384529056078,139.40449677377177,15395000
2021-05-14,144.54249572753906,144.930271187189,142.76227340476973,143.11478921484266,10584000
2021-05-17,145.12420654296875,145.2828481228949,143.67886973116228,143.97850961281983,9886800
2021-05-18,143.0795440673828,145.85564307311154,142.98260020175584,145.13296817523488,11098100
2021-05-19,141.98672485351562,142.04840906987988,139.8099053985892,141.88978098698632,13278900
2021-05-20,141.73997497558594,142.6477160658073,140.58547010050546,141.73997497558594,10426000
2021-05-21,143.352783203125,143.84631084854502,141.83694060783802,142.1894565123895,10249000
2021-05-24,144.12826538085938,144.73636651251616,142.8768169197114,143.9696373191826,9440300
2021-05-25,142.6388702392578,146.03187810959457,142.3832848846244,144.401475921806,12609100
2021-05-26,142.6212615966797,144.30455350091327,142.1629802858294,144.15473360936176,13058300
2021-05-27,144.84213256835938,145.19464833854215,143.27341453010115,144.48960335056196,15707500
2021-05-28,144.74520874023438,145.36211814721233,143.88152212284876,145.1329707620373,10291300
2021-06-01,146.34036254882812,147.09828364968973,145.8380133952683,146.1817210196348,9445400
2021-06-02,146.34915161132812,147.56535386827346,145.88206216868394,147.4067123598128,10498600
2021-06-03,146.4460906982422,147.39789937518577,145.11532825653404,145.77630538377704,13354400
2021-06-04,146.68408203125,146.8867779677455,145.44144150130873,146.48138609475447,8510800
2021-06-07,145.9966583251953,147.26573679783766,145.538376999493,147.17760111871993,7267200
2021-06-08,145.4149932861328,146.08477871709673,143.79339901267298,144.96553360257215,10370700
2021-06-09,143.59950256347656,144.7275692459046,143.01783939820774,144.65706339730087,12377400
2021-06-10,141.3610076904297,145.6265247887754,141.281693641198,144.85097378041843,12119400
2021-06-11,141.2640380859375,142.06602696463864,140.1800392676803,141.3874199559211,13683800
2021-06-14,138.86692810058594,141.29931967844612,138.06493909732725,141.14067813661973,19917900
2021-06-15,136.76060485839844,138.2940770515518,135.83524738683082,138.10018929905132,24485500
2021-06-16,137.72120666503906,138.91095750038386,134.9362862995615,136.36399268102122,25321200
2021-06-17,133.74656677246094,138.7700056947469,133.29710698838687,138.45273600963012,29722400
2021-06-18,130.36233520507812,131.93105343387572,130.04506559433165,131.57853762087572,43595700
2021-06-21,132.57440185546875,133.25300892066804,131.33177486421295,131.38465089180474,18664800
2021-06-22,132.38052368164062,133.05030909082285,131.0145014026409,132.7242312985075,14251200
2021-06-23,133.18246459960938,133.99326149959768,132.27472386116526,132.37166769962107,12733300
2021-06-24,134.40750122070312,134.9450965307389,133.2706263900321,133.88753573410224,13733200
2021-06-25,135.76473999023438,136.1613236803624,133.66723439017304,134.47803159707985,15484900
2021-06-28,136.01150512695312,136.14369520910597,134.06381941498898,135.45627988667573,14125800
2021-06-29,135.84400939941406,137.75643481024946,135.37692000378948,136.60193032492788,14528700
2021-06-30,137.07781982421875,137.553730826016,135.46504767260691,135.50029386463038,12531000
2021-07-01,138.4351043701172,138.48798040900857,136.97213787189898,137.71242931161692,10479400
2021-07-02,138.3021240234375,138.5591822690405,137.49551349774717,138.23121187034394,11424000
2021-07-06,135.97979736328125,138.0805173169613,135.0402350806245,138.0805173169613,15083400
2021-07-07,136.1393280029297,136.75093338695987,134.33111573828694,134.73884364423506,12271800
2021-07-08,133.7904510498047,135.1997946550329,132.99269943402788,134.38432514398679,17834600
2021-07-09,138.0716552734375,138.40847105912547,135.24409601728655,135.66069642007983,13694500
2021-07-12,140.0482940673828,141.07649997871405,136.4495869028335,136.81300660814867,19940400
2021-07-13,137.9652862548828,139.50759505901357,136.05957128535965,138.31984699870512,22671700
2021-07-14,137.49551391601562,139.4101014800356,135.57206740474837,138.23121229085044,14622800
2021-07-15,137.79684448242188,138.74526545160924,136.23680471986256,136.4140782769428,11539300
2021-07-16,134.65023803710938,138.52372147180876,133.86135891934174,138.2400863803639,14002700
2021-07-19,130.27145385742188,132.79764583894038,129.15461834749087,131.67193786041096,22172900
2021-07-20,132.70016479492188,133.94995228465956,129.70419134730787,129.8726059766268,15385200
2021-07-21,135.4922637939453,136.19249916155465,134.1626916699141,134.77429701098558,12356700
2021-07-22,133.7815704345703,136.0063969405435,132.93065165966516,135.51002540099716,9913300
2021-07-23,133.52452087402344,135.4745576479783,133.17883259830012,134.26907815633373,9666100
2021-07-26,134.4197540283203,134.69454366455776,133.10791314691176,133.12564456459683,8208000
2021-07-27,134.2424774169922,135.16432176442302,132.7799533308235,133.31177412347188,11218700
2021-07-28,134.46409606933594,135.41253094430652,133.7372701360457,134.9870580064133,9217300
2021-07-29,135.61639404296875,136.38754175949134,134.65024127914674,135.74048693442194,9063500
2021-07-30,134.5349884033203,136.2102489647489,134.02088548961353,135.24409633688512,9805200
2021-08-02,133.99429321289062,136.90162352640857,133.9056631756532,134.7565818636977,10203200
2021-08-03,135.5188446044922,135.89999561957734,132.53174377103537,134.68564396813062,10394800
2021-08-04,134.05638122558594,135.94436516286194,133.76387362401084,134.0652401740777,10155000
2021-08-05,135.7493438720703,136.2279975356676,134.73886933516673,134.97819616696538,9151500
2021-08-06,139.6051025390625,139.8887511442105,137.48665104788685,137.55756319917384,13328800
2021-08-09,139.45440673828125,140.5357932791384,138.18687412641054,139.62282139179143,9516900
2021-08-10,141.16510009765625,141.8032958021439,138.55027761335361,138.93142865705656,8667000
2021-08-11,142.84921264648438,143.15057904054447,141.00553793118488,141.82100709899143,9156500
2021-08-12,143.40765380859375,143.92175669040265,142.30854942861646,143.4874384209373,8844200
2021-08-13,141.8033447265625,143.73566392213866,141.4399384980179,143.40769348647012,8980900
2021-08-16,140.8726043701172,140.96124792957355,138.9668895677798,140.88147684112778,8755800
2021-08-17,139.1707763671875,140.8105878105227,137.62848097032506,139.66716144646568,9347200
2021-08-18,137.9032440185547,140.0571447062244,137.69050757620948,138.55029876699618,8065500
2021-08-19,136.75094604492188,137.88551336012904,135.6252376762786,135.7582030253929,9517700
2021-08-20,137.14096069335938,137.30050288751434,135.75820757691088,136.81300383307882,6974100
2021-08-23,138.89601135253906,139.24169967868488,137.60190162906457,137.68167273699555,7934600
2021-08-24,139.7557830810547,140.53580320498995,139.0466751070326,139.1619090412802,7670900
2021-08-25,142.6365509033203,143.39883975635965,139.87104414583447,140.50036762007943,11335000
2021-08-26,143.37222290039062,145.2158982398354,142.84038853368375,143.82427264451462,11027500
2021-08-27,144.52447509765625,144.6219775826236,142.9378449809243,143.3721766912526,8780200
2021-08-30,142.2110595703125,144.91452603181153,141.71468806100958,144.6663402771601,7937600
2021-08-31,141.7767333984375,143.03539364017527,141.24491255656636,142.2110652489756,12340800
2021-09-01,141.57286071777344,142.49469156876154,140.90807456245898,142.01605148798308,8729900
2021-09-02,142.2288055419922,143.24813902967688,141.31581999918535,141.83879545188688,8813300
2021-09-03,141.3690185546875,142.6099474926267,141.0676385053785,142.16675665406112,7959700
2021-09-07,141.1208038330078,143.04425005500363,140.89920845915887,141.81218031740787,9285600
2021-09-08,140.491455078125,141.44874863479322,140.0837136738543,140.8371432909407,7852700
2021-09-09,141.10308837890625,142.55675365480252,140.1192042667069,140.28761893390197,7904300
2021-09-10,139.48101806640625,142.45926097450112,139.35692517544857,142.317436663375,8311600
2021-09-13,141.6969451904297,141.86535983714055,140.11032827820648,140.51805618856187,10052800
2021-09-14,139.22398376464844,143.00882398489216,138.5060032077132,142.2199447921944,11685600
2021-09-15,140.19012451171875,140.65990570254004,138.69213736452565,138.913732776238,11691500
2021-09-16,140.12803649902344,142.57445789274993,139.3568889858395,141.29806647430257,10880900
2021-09-17,139.76463317871094,140.94352223679576,139.16190023027534,139.49872953975924,25581600
2021-09-20,135.5808868408203,136.99908877690555,133.39152399235178,136.40521494099983,15819900
2021-09-21,135.59866333007812,136.99028903623685,135.24411607410832,136.08617595086974,8999900
2021-09-22,138.19577026367188,139.38351846273306,137.4778032705843,137.56643332306157,11236200
2021-09-23,142.86700439453125,143.33679916652073,139.75580931189083,140.04831691326743,12336100
2021-09-24,144.5156707763672,145.0031834310956,142.54791578611096,143.09746812865293,10102400
2021-09-27,148.00799560546875,148.38027425401413,145.90727554399484,146.25296382658053,13220900
2021-09-28,147.21026611328125,150.06441610941982,146.83798744314717,148.6462000588142,13387900
2021-09-29,147.0950164794922,147.9370762524775,146.2884060176907,147.3254843400693,7777100
2021-09-30,145.091796875,148.01685867065802,144.29404537157927,147.95480547062252,13161200
2021-10-01,148.14096069335938,149.17802553924722,145.01203473671805,145.36658196561464,11285000
2021-10-04,147.98141479492188,151.07489164404444,146.90002809236836,147.99914621507656,14120000
2021-10-05,150.3979949951172,151.7177411423374,148.62346143824178,149.10499944768702,12292900
2021-10-06,150.71897888183594,150.79031833267277,148.0259724408329,149.80050556305105,8692600
2021-10-07,151.67312622070312,152.93937095083857,151.18267596444397,152.66293906274976,10195400
2021-10-08,151.7890167236328,152.78774164640345,150.9686335932703,151.6106749312247,8190100
2021-10-11,148.5966796875,152.74318506505367,148.43617612240683,152.30624962233819,12154700
2021-10-12,147.45529174804688,148.6412847771938,146.92917852953678,147.8030631169989,13032600
2021-10-13,143.56736755371094,147.4998682783772,143.21068388442018,146.30496301898236,22753500
2021-10-14,145.7698974609375,146.25142168777654,142.72912006780592,144.23613346936529,15176800
2021-10-15,148.56993103027344,149.06929360366405,146.3673747031609,147.4463652401446,14267400
2021-10-18,148.51644897460938,150.35339593764024,147.94574687340938,148.45402184158823,12672900
2021-10-19,150.3177032470703,150.3890290898132,148.5431701617977,149.27437570608612,8053900
2021-10-20,152.34190368652344,152.36865427914998,149.32789019552558,150.07693400228655,8185600
2021-10-21,151.1470184326172,152.77887283078914,150.4157991869029,152.27058429072767,8415200
2021-10-22,153.18016052246094,153.4565924477398,151.325375235279,151.61964542862444,8817900
2021-10-25,152.43109130859375,154.23237509999177,152.0208928506401,154.0094444092062,10159200
2021-10-26,152.84127807617188,153.8132662412064,152.07439594599043,152.4845944090869,8015100
2021-10-27,149.6578369140625,152.21707695759522,149.22088785023087,151.87823155116794,9847000
2021-10-28,151.9138946533203,152.04764762882826,149.77376540553382,150.07694788775842,7212900
2021-10-29,151.49476623535156,153.59031998532373,151.0489048933667,152.64508251076484,8140100
2021-11-01,151.41455078125,153.67060862435602,150.71008207222275,153.4120013642685,7435500
2021-11-02,152.0120086669922,153.0999117279839,150.62983540688512,151.41455593785938,7173800
2021-11-03,152.0654754638672,152.60051454241906,150.8348937471633,151.70879181590527,8402700
2021-11-04,150.06800842285156,151.7712020593607,148.46291843501731,151.59286023922454,9574200
2021-11-05,149.85403442382812,151.6731431329804,149.28333231834785,150.61199071655346,7975600
2021-11-08,150.75466918945312,152.41327430453094,150.46932494088017,150.7457568589579,6413700
2021-11-09,149.61325073242188,150.2285416432765,148.56102435652167,149.2298164584749,7990300
2021-11-10,149.4705810546875,150.65657408823077,148.99796902863181,149.31898980167068,6999200
2021-11-11,149.46163940429688,150.41577559943053,148.82851031261848,149.38138762843306,5815300
2021-11-12,148.7928924560547,149.57761300867466,147.7763288340754,149.49734760189313,8113400
2021-11-15,148.52536010742188,149.62217543547843,148.02599747372494,149.10498814101467,6492500
2021-11-16,147.45529174804688,148.98014381598173,147.24127336461063,148.97121787920673,9706100
2021-11-17,146.66163635253906,147.63361084847645,145.69857418539243,147.32151606149384,9909600
2021-11-18,145.39540100097656,147.00050471526617,144.95845194340032,146.59030625237727,8122500
2021-11-19,143.4960174560547,144.5571696624169,142.18518397838477,143.83487644137608,12193600
2021-11-22,146.5546417236328,148.00814057663277,145.34189822018288,146.38521222139497,14549900
2021-11-23,150.05909729003906,150.30877856154126,147.46418092556044,147.58010923254673,12354400
2021-11-24,148.88204956054688,151.09351836726648,148.4183498794795,150.21963380444038,9629800
2021-11-26,144.3966827392578,145.03872431611325,141.62343758119468,144.58395053526218,13619300
2021-11-29,143.77244567871094,146.93806395349284,142.51512702526043,145.62723050902432,12104400
2021-11-30,141.63232421875,143.23742786971184,141.15078632015687,141.92659435531044,18922600
2021-12-01,140.79409790039062,145.59157042622144,140.71384612221195,143.5673560680819,12253400
2021-12-02,143.75465393066406,145.57376265007133,141.60559848751728,142.52407198109907,12969900
2021-12-03,141.1508026123047,144.30750909132325,140.1699156504948,144.01323892079705,12681800
2021-12-06,142.81834411621094,145.00306251804062,142.194140802347,143.57630042354154,11186500
2021-12-07,144.96739196777344,145.6985976379715,143.71005946883741,144.35210101694895,9851600
2021-12-08,143.3087615966797,145.5915695394718,142.82722371732308,145.04761814633707,11705700
2021-12-09,143.0858612060547,143.5049584471208,141.47183134233268,142.3635542341384,11189600
2021-12-10,142.51513671875,144.19156623957966,141.8998458429725,143.85272084640215,10405400
2021-12-13,140.8208465576172,142.4883636454735,140.25014457628717,142.2297700504713,12069000
2021-12-14,141.8998565673828,143.4692838307284,140.2680021755229,140.40175515575305,12563600
2021-12-15,140.83871459960938,142.54190857513072,140.31260136317442,142.54190857513072,14014200
2021-12-16,143.041259765625,144.29859219812784,141.51640776777535,143.02342149950582,19542800
2021-12-17,139.7864532470703,142.12277610214872,138.37752967073413,142.06927491426154,28082000
2021-12-20,137.27183532714844,137.94953988176303,135.39921165912216,137.78011034145624,15148000
2021-12-21,139.1890106201172,140.16098522073239,138.29728780708814,138.5826456384304,11291300
2021-12-22,139.73297119140625,140.0539919692928,138.4310634191967,138.88583718511464,7273000
2021-12-23,140.23231506347656,141.890919926252,140.18773981116968,140.54442346928099,8055200
2021-12-27,141.03488159179688,141.0705445169588,139.41193956142254,140.53551899986942,6188100
2021-12-28,141.46290588378906,142.8094024270783,140.9635432877774,141.0705456707484,6342300
2021-12-29,141.39157104492188,142.34572101294867,141.02596141568108,141.65017828769635,6398900
2021-12-30,141.3202362060547,142.8896771608027,141.22214614638295,141.88202596659391,6948200
2021-12-31,141.20431518554688,142.04252321389316,140.8565438270659,141.2934793043358,5805900
2022-01-03,144.1915740966797,145.02979570607448,142.23869898683654,142.5508074096061,13120900
2022-01-04,149.6578369140625,150.32662900404017,146.44762943952574,146.51896889524988,20195800
2022-01-05,146.92178344726562,151.03035618035662,146.87692731344697,150.5459455243577,17539400
2022-01-06,148.48265075683594,150.14221780257327,147.00248082677263,149.7295743225558,14047500
2022-01-07,149.95387268066406,150.2857834217487,148.07002462505062,148.617236588773,13913300
2022-01-10,150.097412109375,151.88256852359768,148.49165285474012,151.6672809815561,12922500
2022-01-11,150.24990844726562,151.1738872950451,149.19136120073472,150.9406408791439,11854100
2022-01-12,151.10214233398438,152.1337651012082,149.97182784699717,151.12008752741153,12568000
2022-01-13,150.9137420654297,152.3311111128668,150.60874223815324,151.01242009050983,13623400
2022-01-14,141.6380615234375,144.45485440743153,140.74995930359225,144.21264222235172,40158400
2022-01-18,135.6994171142578,139.74518698588304,135.0445479231834,139.74518698588304,32324800
2022-01-19,133.6002960205078,136.56062239038292,133.2594195768705,135.96856806694217,22380000
2022-01-20,132.46104431152344,135.10739177724707,132.19192121422608,133.6541462152785,14860800
2022-01-21,130.14662170410156,132.32649028369337,129.41999884423763,132.3175245318056,20705400
2022-01-24,130.02999877929688,130.5054437056573,125.2037824359175,127.63482895550824,28471400
2022-01-25,131.44737243652344,131.73444076573537,126.29819720869814,128.8638122263015,18915900
2022-01-26,132.69430541992188,135.07154398514834,130.93605969263675,133.41196260354067,20709100
2022-01-27,130.35293579101562,134.90107666430532,129.29440222770756,134.0398854480491,17536800
2022-01-28,131.5190887451172,131.65364341738257,127.53610618806906,129.34818667418392,14117000
2022-01-31,133.30430603027344,133.47473744678217,129.77882178469122,130.64897881203532,13985700
2022-02-01,135.591796875,135.8788651505945,133.0351617753094,133.3850176810847,14584900
2022-02-02,134.50637817382812,135.4034461742531,132.82886539324826,135.00873406395868,12441100
2022-02-03,133.39398193359375,136.04032926173085,133.0261808426821,134.56017283580445,12474900
2022-02-04,136.856689453125,137.6999355482182,133.45680781645615,133.75284189376575,16654400
2022-02-07,137.31419372558594,137.80757013335244,135.32270183883776,137.49360457278922,12572300
2022-02-08,139.8977508544922,142.1673317830876,138.86612813719293,139.0455389982661,20411400
2022-02-09,140.4808349609375,141.2253892529799,139.78112311219272,140.47185552174238,9131100
2022-02-10,139.8977508544922,142.6607219171673,139.242895051898,140.53467515269898,16455600
2022-02-11,138.07667541503906,141.90715878928052,137.22446373476254,139.59272220121784,16830000
2022-02-14,136.7938690185547,137.86136816557251,134.8472336024617,137.00915652268097,17026500
2022-02-15,138.79434204101562,139.88876593825424,138.01389737377,138.60595176538595,9500000
2022-02-16,139.0455322265625,140.03231244666443,137.91523153749446,137.91523153749446,9076500
2022-02-17,135.84298706054688,137.9062459914781,135.16122037658988,137.25139024977136,11367500
2022-02-18,136.47991943359375,138.27405536078084,135.57388571810577,136.4709536816993,11733300
2022-02-22,136.23768615722656,137.46667838502256,134.9279747985366,135.09841987533693,11333500
2022-02-23,133.38504028320312,137.52052422308435,132.73915024183813,137.35904486865755,11799000
2022-02-24,129.6711883544922,130.0659004835234,125.39216995665416,128.22690825772185,25655100
2022-02-25,132.7391357421875,134.6768056546227,129.99411021032242,130.29911000538084,18367700
2022-02-28,127.20421600341797,130.1286520858781,126.37891527502128,128.77408464386312,31315300
2022-03-01,122.40487670898438,126.02005820220423,119.83029696305753,125.62534625059888,36840400
2022-03-02,124.94361877441406,125.62538546571929,122.54844907113377,123.15844868627475,19405600
2022-03-03,124.05551147460938,126.46862626915657,122.95212181158635,125.44596943041508,16640800
2022-03-04,120.56591796875,121.48093104186084,118.77178220321402,121.05034229081969,21016000
2022-03-07,115.91015625,119.03194889429288,115.67690982175037,118.5654697259643,27560100
2022-03-08,115.09381866455078,118.22457699363802,114.16983294354164,116.29588641089471,19207800
2022-03-09,119.70474243164062,121.3194673847629,118.80767453414713,119.22031810161903,17536200
2022-03-10,118.28736114501953,119.71369566776154,116.90588275009681,118.28736114501953,15604200
2022-03-11,115.62310028076172,120.27888564488445,115.20147720270465,118.85255073222608,20061800
2022-03-14,116.7713394165039,119.23827640592145,115.92809331001376,116.13442880461204,15786900
2022-03-15,118.84357452392578,119.80344393272668,117.63254083781487,118.23357480437465,15096600
2022-03-16,124.15420532226562,124.23495184501412,120.59284427875663,120.98755638758453,20354900
2022-03-17,125.7240982055664,125.75998859764543,121.92950368955773,122.77274995715386,17050500
2022-03-18,125.67919158935547,126.3519923715508,124.20800109314835,125.75992439805884,23656500
2022-03-21,125.2755355834961,126.27128157015811,124.45023469994652,125.90349410826214,12676100
2022-03-22,127.9398193359375,129.11497609316,127.132463702353,127.62585378428568,13548600
2022-03-23,125.39215087890625,127.01584159960795,124.87184985054179,126.46862962910136,12093200
2022-03-24,126.20848846435547,126.22643365552976,124.79111950133071,125.85863252139285,10017600
2022-03-25,127.3118896484375,128.44219040718593,126.30717786288335,126.56732156158166,8383500
2022-03-28,126.36993408203125,126.45964633550693,123.70564167418681,125.5894894918315,10818100
2022-03-29,126.6480484008789,128.8189649161555,125.80481601402293,128.5946979254854,11316500
2022-03-30,126.07392120361328,127.49129017946342,125.50877771412613,127.29393413927097,8771000
2022-03-31,122.288330078125,125.90351342949461,122.23449449400879,125.43703418436445,17353900
2022-04-01,121.38226318359375,123.26611137030076,120.02769549501501,123.25713193029321,15721300
2022-04-04,121.92052459716797,122.84450361359507,119.21137519489497,120.31476508756735,17416400
2022-04-05,120.50167083740234,122.3633264137418,120.20344245046942,121.16139444620825,12110300
2022-04-06,118.8298110961914,119.79678158594506,118.35084195637847,118.91114235624256,12914700
2022-04-07,118.46829986572266,119.21838689415645,116.33552644440243,118.34177999283213,12994200
2022-04-08,120.6372299194336,121.00774354023187,118.8297952808065,118.9924577792596,13126900
2022-04-11,120.19441986083984,121.91147748585546,119.80582797956211,120.19441986083984,10466400
2022-04-12,118.8749771118164,121.62228564642474,118.11585782842441,119.41721305117228,12989900
2022-04-13,115.04320526123047,116.80545108839034,113.87740921602654,114.7178665093217,30838000
2022-04-14,113.97682189941406,115.9469257775669,112.98272740989371,114.32023197182036,18835200
2022-04-18,116.0915298461914,116.79642823350373,113.45267010329815,113.57015086957827,11834400
2022-04-19,118.49540710449219,118.67616159488745,115.88366467800672,116.08248358573627,15015400
2022-04-20,118.9111099243164,120.65527748799845,118.69421283370293,119.76060629218166,13430200
2022-04-21,117.98933410644531,120.02269812837983,117.4471119743755,119.4895082054732,12174200
2022-04-22,114.60039520263672,117.95319264604935,114.49195353307734,117.73629551729815,14318800
2022-04-25,114.56425476074219,114.88056137486855,111.25665257553551,113.87743448304614,17149000
2022-04-26,111.17530059814453,114.23890862656471,111.03974851730746,112.63932512452813,17209500
2022-04-27,109.7293472290039,111.66330159927047,109.54860653628974,110.55173323892895,17215200
2022-04-28,111.4645004272461,111.74465750876819,109.47632491193721,110.98553131004637,13015600
2022-04-29,107.8676986694336,111.70849723680001,107.45198953422596,111.20241774955869,14874800
2022-05-02,108.85274505615234,109.08771348260495,106.83745935622471,108.33762647553962,18545000
2022-05-03,111.1843490600586,112.21458633002966,109.15098493856574,109.82877297906336,15720900
2022-05-04,114.86248016357422,115.13359814150685,110.92227174790185,110.97649948037832,17128500
2022-05-05,111.98863983154297,113.95874370998351,110.398102437709,113.1905854273637,15055400
2022-05-06,111.80790710449219,112.32302569727985,109.51246430133546,111.88020614431191,14417900
2022-05-09,110.12700653076172,111.45547225554238,108.89795027482975,110.35293588817838,14312300
2022-05-10,107.44295501708984,111.86213229989619,106.24100928876732,111.25664333112601,16382400
2022-05-11,106.76516723632812,111.05782465119682,106.58442652415488,107.81348267241837,14630300
2022-05-12,106.6748046875,106.92784446098837,104.26188083982865,105.73493774681695,16318800
2022-05-13,107.62370300292969,108.67201850760863,106.60250481218553,107.91289919303422,10443200
2022-05-16,106.87361145019531,107.958069468724,105.94278372024193,107.12665119486428,10269000
2022-05-17,110.41619110107422,111.1301286672963,109.17809579334987,109.38595382698577,11160200
2022-05-18,108.52739715576172,110.2263899344582,108.021317721162,109.62090105451709,12664900
2022-05-19,106.91879272460938,108.12977750514206,106.30426467810382,106.81035106010692,12765800
2022-05-20,106.04219055175781,108.14785363225734,103.94556657530786,107.95807381611333,13150100
2022-05-23,112.60319519042969,114.38351970645519,108.85276631738134,108.86180542261468,24376700
2022-05-24,114.19371795654297,115.2149160178376,111.25663674756771,112.38628336640434,19324900
2022-05-25,114.98897552490234,115.54928267555495,113.11828118160675,114.12140783328273,12780400
2022-05-26,116.9771728515625,117.65496084587582,115.86560440198564,116.01018869398546,15990900
2022-05-27,118.63096618652344,118.63096618652344,116.70604404889943,117.62783949658807,11177800
2022-05-31,119.4985122680664,120.32993037311451,117.22115502844164,117.64588939318692,17015000
2022-06-01,117.40191650390625,120.07691196126312,116.28130209955692,120.07691196126312,10768000
2022-06-02,119.29066467285156,119.29969688015107,116.28128488657636,117.3928531281135,8374800
2022-06-03,117.62784576416016,119.08283115250005,117.47421547963128,118.57675167649165,8596000
2022-06-06,117.23924255371094,119.6431339034861,116.99524880898599,118.46829864467907,11323500
2022-06-07,117.54651641845703,117.77244574458803,116.2361152951919,116.42590199657988,6722200
2022-06-08,115.6758041381836,116.98619134901037,114.68171657533412,116.57952135801315,8422100
2022-06-09,113.24480438232422,115.7661831872911,113.20865486558762,115.10646657277493,13560100
2022-06-10,108.03939819335938,111.51870816886237,107.83154019560759,110.78669252009769,12945200
2022-06-13,104.8221664428711,106.59345150231019,103.98170908812959,105.6084029666021,16805600
2022-06-14,103.0780029296875,106.02412354113612,102.31888363430494,104.4245468002563,13357900
2022-06-15,104.29801940917969,105.68973801718992,102.2736876442601,104.4877992193629,14083500
2022-06-16,102.5086441040039,103.25873104816637,101.0988474531464,102.89724278274221,16724900
2022-06-17,102.14717864990234,103.59312513968992,101.36094890895174,102.60807646361539,30919900
2022-06-21,104.67757415771484,105.76203213537997,103.96363667940597,104.7137236762791,11680500
2022-06-22,104.09015655517578,105.01194514678221,103.37621907681064,103.8190386133303,9842700
2022-06-23,102.95146942138672,104.09015510857078,100.7464039779636,103.93652482790742,11851500
2022-06-24,106.02410125732422,106.47595985574357,101.96641297406664,102.32790123176514,14841100
2022-06-27,105.17460632324219,107.09048928885558,104.50585751899082,106.69285151047174,11280500
2022-06-28,104.66851806640625,107.80441762103082,104.46969919397945,106.3403933834636,11590900
2022-06-29,104.1986083984375,105.5722556732491,103.68348980853116,104.83120775628181,9338400
2022-06-30,101.76761627197266,103.09608194408895,100.24937077452782,102.27369580618208,15172600
2022-07-01,103.06896209716797,103.40333308961966,100.45721961946425,101.80375648256306,10573600
2022-07-05,102.67692565917969,102.75897633463552,99.65004452314356,100.99025424622354,12514200
2022-07-06,102.0113754272461,103.01425645258415,101.00849440190805,101.86550523822852,10656200
2022-07-07,104.59152221679688,104.7556305302339,103.3880635701938,103.47923330970208,10347400
2022-07-08,104.26329803466797,105.43940636977449,103.57951460419706,104.99266980949216,8807800
2022-07-11,102.89574432373047,104.1447913871077,102.31224961162279,103.52482738601759,7939500
2022-07-12,102.99603271484375,105.01091397132377,102.34871848857415,102.64046584345348,11250900
2022-07-13,102.02961730957031,102.54929248449999,100.63469314504873,101.88374015936986,12979900
2022-07-14,98.46481323242188,98.67450987671165,96.69609121331531,98.45569417246023,26204800
2022-07-15,102.97779083251953,103.82568263852335,98.16395617487412,99.52241105012891,18863900
2022-07-18,101.92020416259766,105.61263064908424,101.46434852556438,104.6370998640652,13977900
2022-07-19,104.44564056396484,104.79209529728033,102.72250682510133,103.14189317339459,11862300
2022-07-20,104.42741394042969,104.609753419511,103.46100218084929,104.0262587394845,11667500
2022-07-21,105.13855743408203,105.33001599168142,103.36072300222634,104.33625391331232,11595900
2022-07-22,104.62798309326172,105.98643088341088,103.63421423183108,105.06560059004582,7645500
2022-07-25,105.04737854003906,106.17789861992284,104.63710427592753,105.6126351020783,9394000
2022-07-26,103.40628051757812,105.37558000804694,103.05071371332197,104.46386882671233,10675100
2022-07-27,105.06560516357422,105.52146080012055,103.29689002372183,103.94420419292103,9337400
2022-07-28,104.67356872558594,105.7402761983333,103.50657941243819,105.07472391040734,10384800
2022-07-29,105.17501068115234,106.21436095289657,104.65533554528024,105.38470037404899,12944500
2022-08-01,104.12654876708984,104.94709034423819,103.08719842130371,104.39094588393793,14740400
2022-08-02,102.50370025634766,104.2997726043284,102.35782311166867,103.86214812609651,14942900
2022-08-03,103.57952880859375,104.02626543013938,101.84727582268702,103.43365165130211,14394500
2022-08-04,102.43987274169922,103.31511467398225,101.21817609577185,102.88660928971977,18033900
2022-08-05,105.53971099853516,105.93174716906084,102.15726262297896,102.5948801888925,14174600
2022-08-08,104.2541732788086,106.3966931860686,104.09918404576268,105.98642593252252,10332500
2022-08-09,105.19324493408203,105.74938937109145,104.27242154988383,104.61886933203517,10233800
2022-08-10,107.93749237060547,108.83097243993163,107.12606992930743,107.54545626199369,12847300
2022-08-11,109.53299713134766,110.49940890206962,108.77627506840615,109.31418836276644,11684900
2022-08-12,111.34730529785156,111.4567131645571,108.89480648250156,110.01620755405946,9906700
2022-08-15,111.64816284179688,111.88520972291803,109.95237929955525,110.44470422689686,8456200
2022-08-16,112.71487426757812,113.27101876022893,111.11026726315505,111.49318436949653,9555000
2022-08-17,111.76668548583984,112.28636760700563,110.94615087639019,111.50229532862933,8149300
2022-08-18,110.90055084228516,111.65727281471146,109.90678896383491,111.44757617620851,9531800
2022-08-19,108.15631103515625,110.30795029981103,107.6822242108551,109.97062156422541,13464500
2022-08-22,106.36934661865234,106.81609012568435,105.3026461581319,106.44228518581733,8967600
2022-08-23,105.32088470458984,106.93461757615913,105.19324568100646,106.38759219568678,7607000
2022-08-24,105.576171875,106.13231632737576,104.34535604891266,105.11119716194045,9771300
2022-08-25,108.08338928222656,108.25660971832643,105.46677505941246,105.90439959208817,10758900
2022-08-26,104.5459213256836,109.39622461711923,104.48210182010435,108.91301879547576,11276200
2022-08-29,104.29064178466797,104.7191471540905,103.44275010528837,103.9350749793608,8117300
2022-08-30,104.30888366699219,105.37558412139947,103.3515841069008,104.84678994619081,10745400
2022-08-31,103.68892669677734,104.87414718457181,103.33335289905345,104.37271015520666,10738300
2022-09-01,104.40005493164062,104.5094558275641,102.02960712396792,103.28776611772071,9979800
2022-09-02,103.67069244384766,107.08049080280695,103.19660562220304,105.6399922163837,10666600
2022-09-06,103.69804382324219,104.61887420614619,102.17548758479874,104.23595712027515,9751900
2022-09-07,105.66735076904297,105.85880932493605,102.80457758049839,103.14190634077416,10647900
2022-09-08,108.12895202636719,108.30217938839108,104.50945727880448,105.10207097790298,11435000
2022-09-09,108.64862823486328,109.45093858836361,108.19277260884894,108.6212780102312,9299700
2022-09-12,109.93415069580078,110.81851177352989,109.2138979310091,109.97061998265413,8614600
2022-09-13,106.11408233642578,108.42071091435533,105.55793786240258,107.64575766629521,12904600
2022-09-14,105.86793518066406,107.43607301849387,104.7374079840668,106.3967225307688,9345700
2022-09-15,107.46341705322266,108.84009615439363,105.53970558898975,105.86792222450472,10821400
2022-09-16,106.74314880371094,107.03489610903685,105.1841234887689,107.02577704942541,14844100
2022-09-19,107.72781372070312,108.24748889878178,105.31177731335993,105.75851391589639,8201300
2022-09-20,105.603515625,107.29929910434645,104.51857701299748,107.04402106759404,9619000
2022-09-21,102.55839538574219,106.3055291366251,102.49457587720812,106.25082868811154,12606300
2022-09-22,101.39141082763672,103.57040023496134,101.26377180463231,103.3698226400101,11684500
2022-09-23,99.50416564941406,100.5982163712799,97.69898126275494,100.33382622887612,18138600
2022-09-26,97.36164855957031,99.93267409446803,96.6960962637023,98.46481837518832,15753600
2022-09-27,96.504638671875,98.61980858680523,95.41058790600958,98.23689151433285,12793600
2022-09-28,98.45570373535156,99.13037512194984,96.31318351937313,96.59581180339339,12762600
2022-09-29,96.78727722167969,97.80838944996462,95.1826633483393,97.50752304449979,12713900
2022-09-30,95.27383422851562,98.1183760894761,95.18266448644368,96.69610168109314,15973400
2022-10-03,98.2186508178711,98.79302637084183,95.23735129311696,96.29493962585546,12248100
2022-10-04,102.81368255615234,103.01426015959885,100.16060623041493,100.84438972081601,16013600
2022-10-05,101.54427337646484,102.05939744109392,100.10928090040441,100.9555581545919,10943500
2022-10-06,99.47454833984375,101.36028099029566,99.29057750381615,100.68877410452357,11521400
2022-10-07,97.48765563964844,99.07902403370649,96.83454290299183,98.9042467927951,11681100
2022-10-10,96.57696533203125,98.71105938533421,96.14462613285576,98.1775411355368,8931700
2022-10-11,93.78975677490234,96.16301831262506,93.68857071583406,96.00664240971484,12739700
2022-10-12,95.30754852294922,96.33780347408216,93.16425384807573,93.64258926104512,13181000
2022-10-13,100.60600280761719,101.0935319046176,93.60580418327433,93.80817634083039,22398700
2022-10-14,102.28015899658203,106.00562141801723,101.84781977069312,102.98845450292639,33387100
2022-10-17,106.5759506225586,107.63380065874259,105.15935248111793,106.16201266050514,22276300
2022-10-18,109.31714630126953,110.51297790830733,107.58779640955845,110.07144505078197,21539700
2022-10-19,107.17386627197266,109.30796061997017,106.40117318805629,108.53526753605381,17072000
2022-10-20,106.82430267333984,109.19756456102361,106.38276982142175,107.77177291324199,12207400
2022-10-21,112.43551635742188,112.58269165038902,107.00829145475528,107.12787181891852,20593300
2022-10-24,112.573486328125,113.23579266407968,111.60762876988987,112.28832938493728,12624200
2022-10-25,112.86782836914062,113.39215297652444,111.20286912812207,112.0859417817139,11289100
2022-10-26,114.16485595703125,115.16750904136775,113.03341485332959,113.14380157648334,11667000
2022-10-27,114.6156005859375,116.08738861397717,114.25685247341654,115.16752021919751,10727600
2022-10-28,115.97701263427734,116.16098351194422,114.1096808556059,115.25031573682665,11859500
2022-10-31,115.79300689697266,117.21880541920488,115.52624427586944,115.6274303396685,13295200
2022-11-01,117.88111114501953,118.00069850959324,116.2069582213661,116.70368792073003,13386900
2022-11-02,116.7956771850586,119.91403010751542,116.4921189668985,117.42118789912877,16546100
2022-11-03,117.00724029541016,117.90870726342665,115.82061641151631,116.18855810244017,12474400
2022-11-04,120.20838165283203,120.34637031826811,118.16628695792505,119.11375017573266,14953200
2022-11-07,120.84308624267578,121.6893633394648,120.02440407021109,120.502739485292,12011200
2022-11-08,120.91667175292969,121.47779191484196,119.71164665998892,120.72350729165854,9884100
2022-11-09,119.3437271118164,120.89829286335986,118.86539163037673,120.79712081751882,9494000
2022-11-10,124.25579833984375,124.41217424976585,121.9101316188624,122.00212405344004,16351600
2022-11-11,124.45820617675781,125.2584872501165,123.06000217923737,124.35702008411991,10704700
2022-11-14,123.1795654296875,124.85371840985461,123.1795654296875,123.99824764200531,11085600
2022-11-15,122.28731536865234,124.83535493400622,121.05469500040243,123.88787750662262,14038300
2022-11-16,122.45286560058594,122.85760990495596,121.4502125058998,122.34248589433105,7893400
2022-11-17,121.9193344116211,122.24129392076719,120.76030544363178,121.42261172136165,8820200
2022-11-18,123.11515808105469,123.87865038106855,121.68016591662382,123.7866719815467,9468500
2022-11-21,122.38847351074219,123.7774695157206,122.11251022843456,123.02318484922705,7800500
2022-11-22,124.21900177001953,124.43058157258422,122.97718805950433,123.26234497000614,9185700
2022-11-23,125.54361724853516,125.56201854399083,124.05343514637053,124.12702629211735,7316200
2022-11-25,125.78279876708984,126.15074047959821,125.15728101253367,125.54362402149044,3220500
2022-11-28,123.58430480957031,125.75519443763432,123.43712252114125,125.16647931999368,9906900
2022-11-29,125.61722564697266,125.69081680282673,123.63951421417616,123.86948131269101,7925300
2022-11-30,127.10738372802734,127.10738372802734,122.51725029960822,125.18486251952103,14761200
2022-12-01,125.32286071777344,127.54894029231674,124.57775561354933,127.10739340772257,8858500
2022-12-02,124.32940673828125,124.50418396659444,122.65523964188837,123.71309664207149,8931900
2022-12-05,120.84308624267578,123.7866758406425,120.13479780358388,123.48311763699935,10154500
2022-12-06,121.04544830322266,124.28338816983094,119.4632739386342,122.70121380524247,13966700
2022-12-07,120.96267700195312,122.41607054683801,119.88643281485801,120.78789978560783,11739400
2022-12-08,122.23212432861328,122.3241027521174,120.89830384505628,121.72619387306531,8907300
2022-12-09,121.56979370117188,123.04157450873353,121.42261140959295,121.60658225602866,7957800
2022-12-12,123.45552825927734,123.8602585129098,121.05467148266641,121.79055487914437,8841600
2022-12-13,123.3359146118164,126.10471249671596,122.41604652614004,125.92074168679531,10025400
2022-12-14,122.71964263916016,124.83534269787218,122.12171977687336,123.05998944459526,9966100
2022-12-15,119.67488098144531,121.49621643048803,118.70901638225929,120.64073154455386,12087800
2022-12-16,118.92976379394531,119.49088400641774,118.13867651137888,118.80098279613571,21133700
2022-12-19,119.6380615234375,120.80629812297502,118.74578820421029,119.26091217488259,9017200
2022-12-20,120.21761322021484,121.46863490741545,119.76687261456378,120.47517527027858,8549900
2022-12-21,121.56979370117188,122.3240783823811,121.21104563799565,121.58818096056233,8051700
2022-12-22,120.18999481201172,120.77870995946004,118.1202911479405,120.59473910764675,8648200
2022-12-23,120.76029968261719,120.90748196755251,119.25171635221814,120.11639473111916,5091900
2022-12-27,121.18344116210938,121.62497396597215,120.08879576338573,121.02706525315953,5411000
2022-12-28,121.84573364257812,122.71960552276626,120.51191368031536,121.28461354501341,8827700
2022-12-29,122.54486083984375,122.59085706385727,121.70777728545919,122.27809116221148,6585200
2022-12-30,123.35436248779297,123.56592829729485,121.82737752025436,122.16772434894152,9292500
