Date,Close,High,Low,Open,Volume
2013-01-02,22.144264221191406,22.23245539676245,21.76744195836408,21.847617005511076,52899300
2013-01-03,21.847614288330078,22.168312907821036,21.77545690779316,22.152277594543577,48294400
2013-01-04,21.438720703125,21.919769345989668,21.430703047335918,21.863647284677562,52521100
2013-01-07,21.398639678955078,21.550970592071916,21.358551389283367,21.46277941321793,37110400
2013-01-08,21.286388397216797,21.47880907859659,21.214231024002245,21.446738455296128,44703100
2013-01-09,21.406661987304688,21.44674875647302,21.29441628105136,21.422695777444687,49047900
2013-01-10,21.21424102783203,21.6311501520676,21.077945402167693,21.366573501920453,71431300
2013-01-11,21.510889053344727,21.591064122938626,21.06992846439667,21.238294734252825,55512100
2013-01-14,21.55898666381836,21.711319094939327,21.45476017676408,21.567004321162806,48324400
2013-01-15,21.815553665161133,21.87969494768255,21.510890219246114,21.510890219246114,48244500
2013-01-16,21.67925262451172,21.83158354489897,21.6551996495607,21.767443807574875,41077400
2013-01-17,21.847614288330078,22.023998146747196,21.69528187061751,21.799509877709347,51685900
2013-01-18,21.847614288330078,21.879684914884997,21.67924808655169,21.727352497172426,52167700
2013-01-22,21.767440795898438,22.00796592449445,21.64717899620631,21.887702595590568,58650600
2013-01-23,22.13624382019043,22.160295260905528,21.807527543916514,21.807527543916514,50387700
2013-01-24,22.15228843688965,22.50505785559706,22.02400892630739,22.20841206083023,101739300
2013-01-25,22.352724075317383,22.633336062001298,21.95986790564482,22.1122003891382,81847700
2013-01-28,22.37677574157715,22.633334732892177,22.256513905549753,22.456950808666146,56056500
2013-01-29,22.456951141357422,22.55315999991975,22.128234737713704,22.304618664552795,49242600
2013-01-30,22.328659057617188,22.601253218575405,22.25650168976287,22.456938482866775,43580500
2013-01-31,22.007970809936523,22.424878372802397,21.967882514998973,22.28056509866349,50530000
2013-02-01,22.392812728881836,22.48902159318548,22.088147757091534,22.184358150607505,55565900
2013-02-04,21.999956130981445,22.46496971076139,21.98392081083434,22.344707868082704,50540000
2013-02-05,22.048057556152344,22.176337041414808,21.935813388850708,22.144267934705237,35410400
2013-02-06,21.91977882385254,22.080128950544825,21.847621419762227,21.951847931663714,41889600
2013-02-07,21.871673583984375,21.959864774093816,21.72735878117172,21.927795667475497,38028300
2013-02-08,22.088144302368164,22.216423787517527,21.895725074644112,21.9277957105375,33318500
2013-02-11,22.33669090270996,22.38479533543509,22.048061247934506,22.168323094353497,32247700
2013-02-12,22.352724075317383,22.448934467316437,22.248497552429683,22.352724075317383,35990900
2013-02-13,22.472978591918945,22.53711831823932,22.35271526700801,22.392803551715552,41715600
2013-02-14,22.480993270874023,22.497027053421398,22.344696179346617,22.384782929532296,32663200
2013-02-15,22.456951141357422,22.57721297916645,22.35272309383396,22.481004120604123,49650900
2013-02-19,22.67520523071289,22.707541380219823,22.473108921911983,22.537779679053372,38781400
2013-02-20,22.529701232910156,22.796468346799667,22.497365077591304,22.739880074991678,44110200
2013-02-21,22.22251319885254,22.424609537374522,22.012332821764954,22.424609537374522,49078500
2013-02-22,22.440780639648438,22.440780639648438,22.214432154916604,22.37610986427833,31425900
2013-02-25,22.12550926208496,22.6752100435245,22.12550926208496,22.610539272656744,48011800
2013-02-26,22.12550926208496,22.311437535595665,22.101257144807253,22.13359175930473,49923300
2013-02-27,22.48119354248047,22.63478717287787,22.09316898956625,22.16592378597173,36394700
2013-02-28,22.473112106323242,22.610537677455785,22.424609417062545,22.537782872628398,35840200
2013-03-01,22.59437370300293,22.618624279445353,22.24676771651475,22.408443879664762,34849700
2013-03-04,22.756052017211914,22.756052017211914,22.39227945933345,22.51353697862627,38157500
2013-03-05,22.91773223876953,23.071325935636,22.764138541903066,22.8692295341334,41432200
2013-03-06,22.707548141479492,22.820721614706645,22.456949075673823,22.80455353513907,51448500
2013-03-07,22.747962951660156,22.86113794762143,22.64287353598826,22.723712378282695,29196700
2013-03-08,22.634794235229492,22.90156139132692,22.602458074794413,22.836890612329753,37667800
2013-03-11,22.529701232910156,22.610538537461778,22.368023540061404,22.586287962845393,36627500
2013-03-12,22.56203842163086,22.594374580640622,22.343773973933747,22.505451685236704,39255200
2013-03-13,22.57012367248535,22.650962532474605,22.432698073065527,22.52970501342723,29093400
2013-03-14,22.747962951660156,22.764131028493576,22.578202770527252,22.634789497571553,55914800
2013-03-15,22.667125701904297,22.76413107937631,22.61862147129562,22.659041663469516,92710300
2013-03-18,22.71563148498535,22.861141112887502,22.481198964060138,22.53778569893922,44809400
2013-03-19,22.780298233032227,22.81263284358825,22.65904074517006,22.731795546261882,51901600
2013-03-20,22.893474578857422,23.03090016031852,22.780301114785747,22.909642657117036,35447800
2013-03-21,22.723718643188477,22.925815033705987,22.675214399315646,22.723718643188477,34233200
2013-03-22,22.836889266967773,22.90964408178759,22.71563175622571,22.78838657104553,28720900
2013-03-25,22.76413917541504,22.917732876555924,22.602461432964294,22.877312670006624,44154000
2013-03-26,22.76413917541504,22.909648835246063,22.723720510738964,22.828809964020692,27824300
2013-03-27,22.933895111083984,22.998565883198737,22.69946259849749,22.747965292115346,36047400
2013-03-28,23.127901077270508,23.168319720542293,22.8449659487508,22.893468629051423,55453800
2013-04-01,23.127901077270508,23.168319720542293,22.925804777166775,23.152151646484615,29201100
2013-04-02,23.28150177001953,23.321921970120346,23.055154816946875,23.111741555215037,28456500
2013-04-03,23.087486267089844,23.402757617122763,23.071319731140868,23.24107992265087,35062800
2013-04-04,23.119827270507812,23.127911311113746,22.853060098004274,22.95006550152933,45263200
2013-04-05,23.200664520263672,23.26533529873792,22.72371695081371,22.81263830754519,50927300
2013-04-08,23.111736297607422,23.224909748398318,23.014729381306203,23.224909748398318,34759500
2013-04-09,23.936294555664062,24.106054766361254,23.184495812581204,23.224914469831123,77733800
2013-04-10,24.477909088134766,24.510243700539377,23.863536033720145,23.903954684694085,71116700
2013-04-11,23.394672393798828,23.604852769222283,23.22491066901067,23.524013926079,130923200
2013-04-12,23.27341651916504,23.45934479201884,23.16832555320573,23.321919211676292,62886300
2013-04-15,23.192581176757812,23.427012177565214,23.047071535352448,23.160245015613054,56332900
2013-04-16,23.418926239013672,23.55635182899356,23.200663336470363,23.362339503470114,52797300
2013-04-17,23.30575180053711,23.47551354199411,23.119823522362214,23.32191987912784,52840700
2013-04-18,23.27341651916504,23.427008635762807,23.038984011927187,23.402758060443578,56906600
2013-04-19,24.065637588500977,24.445578232374356,23.936296027102678,23.9443800674242,99790700
2013-04-22,24.92251968383789,25.205454857957783,24.469824330369658,24.494074903492187,137904000
2013-04-23,24.73659324645996,24.979108246750908,24.558747473832018,24.817432093847867,59126900
2013-04-24,25.674325942993164,25.803667511119226,24.73659880314266,24.752766884626695,90946600
2013-04-25,25.8198299407959,26.54737648771766,25.496476091260977,25.633900128174638,110700200
2013-04-26,25.698570251464844,25.852162353243543,25.423719117298283,25.78749158884392,47799300
2013-04-29,26.361448287963867,26.418035019050777,25.6824044311754,25.70665500628534,59116400
2013-04-30,26.757556915283203,26.76564249660643,26.094681099082536,26.32103111994682,75165200
2013-05-01,26.450376510620117,26.741395805626343,26.353368023120584,26.62013673812502,54330900
2013-05-02,26.806066513061523,26.81414901225547,26.183609227751504,26.377623129616147,46059500
2013-05-03,27.072830200195312,27.09708077700671,26.741392287541192,26.862648255343952,46784600
2013-05-06,27.283008575439453,27.41235012237319,26.878815855803314,27.016239900281654,40978300
2013-05-07,26.927324295043945,27.31534899640688,26.87073755216265,27.2021755106443,43078300
2013-05-08,26.668642044067383,26.870738442121485,26.393790819363957,26.733311287896615,51595700
2013-05-09,26.401870727539062,26.676721925270478,26.345283988336654,26.555462864839026,46417800
2013-05-10,26.42612075805664,26.45037441988752,26.127018987940623,26.4099526780847,36394900
2013-05-13,26.700979232788086,26.733315401551664,26.3129544588655,26.36145871201087,36027600
2013-05-14,27.29522705078125,27.295227050781246,26.700968059498194,26.749812412822426,56870100
2013-05-15,27.555715560913086,27.596420728816394,27.213814509177162,27.230095955264822,46303900
2013-05-16,27.742965698242188,27.799949237797815,27.311514906131013,27.384779900612532,59382900
2013-05-17,28.386062622070312,28.386062622070312,27.759240658129375,27.783664390220846,60666700
2013-05-20,28.557008743286133,28.573287086532346,28.23138598172346,28.272088050576592,54020800
2013-05-21,28.36978530883789,28.711689659682385,28.2639605073549,28.573298842202206,48702400
2013-05-22,28.174413681030273,28.361645756590413,27.970900150373158,28.320943671532998,66047500
2013-05-23,27.799942016601562,28.12556171442782,27.5964285409467,27.865064714019134,51102700
2013-05-24,27.897628784179688,27.905767957184423,27.596429697095175,27.61270804310465,33174400
2013-05-28,28.50817108154297,28.63841959563269,28.011597651147916,28.019736824679356,48212100
2013-05-29,28.394201278686523,28.50816832934137,28.141843448401342,28.280234228031677,38412200
2013-05-30,28.51630973815918,28.695402606299705,28.337219975388123,28.3697797742932,51131000
2013-05-31,28.410476684570312,28.719814868994934,28.320930276574764,28.34535089498498,56165700
2013-06-03,28.972185134887695,29.00474804371755,28.35350539397,28.42676728078231,51252600
2013-06-04,28.48375701904297,29.09429765178118,28.304664106387946,28.99660891467649,65529500
2013-06-05,28.312795639038086,28.402342071193427,28.02787799615236,28.166265678305596,46025100
2013-06-06,28.459333419799805,28.581442789086445,28.076730066417493,28.361647787592645,37618500
2013-06-07,29.03730583190918,29.126852272291558,28.540735480881818,28.695404629034307,40757300
2013-06-10,28.874496459960938,29.02102642882816,28.60585714858117,28.907056259977317,35994500
2013-06-11,28.361650466918945,28.63842903879506,28.231401909881395,28.53260111577375,39435900
2013-06-12,28.491893768310547,28.711688750024766,28.369784410012652,28.605860846524592,37372700
2013-06-13,28.263954162597656,28.508169726738753,28.158126279501076,28.48374910193546,45654900
2013-06-14,28.003454208374023,28.239527469229753,27.88134488643181,28.12556042494718,53192600
2013-06-17,28.491893768310547,28.62214230132231,28.190694617977716,28.23953587700089,49670100
2013-06-18,28.475608825683594,28.630277969262327,28.41048611983924,28.46746965196665,28616500
2013-06-19,28.15813446044922,28.565161554063476,28.15813446044922,28.459333640220088,30816200
2013-06-20,27.262670516967773,27.9464760185044,27.164981798627082,27.889489380120835,54493700
2013-06-21,27.083574295043945,27.458038353010622,26.90448143889933,27.401054827031746,85338500
2013-06-24,27.449907302856445,27.840652927495128,26.51374377555094,26.81494294561968,56109000
2013-06-25,27.409196853637695,27.98717755718139,27.238246257902187,27.74296197679215,44073400
2013-06-26,27.962759017944336,28.06858692773363,27.58829485145319,27.77552693469876,48665900
2013-06-27,28.18255043029785,28.312798954493466,28.08486481349358,28.101146267189254,28993100
2013-06-28,28.117431640625,28.320945182137276,27.95462018634114,27.98718309827195,65545500
2013-07-01,27.97088623046875,28.483740942002605,27.946465612661395,28.288366683438305,31055400
2013-07-02,27.62898826599121,28.036015216255265,27.376633544263775,28.01159459295756,37630000
2013-07-03,27.68597412109375,27.97903404681156,27.352212117997233,27.401056474073354,15994400
2013-07-05,27.848796844482422,27.873220585122905,27.335944871592947,27.75111119803262,26085900
2013-07-08,27.946468353271484,28.15812097421771,27.661547660981082,27.962746696493753,32396900
2013-07-09,27.962759017944336,28.166272556955196,27.791808390464052,28.14999420656007,25318500
2013-07-10,28.2476806640625,28.337227120712196,27.93833920619181,27.954620662434504,29658800
2013-07-11,29.0535945892334,29.118720418745756,28.410494102336482,28.491898283856457,53638300
2013-07-12,29.03730583190918,29.086150191764027,28.719825256276884,28.96404395018144,35501200
2013-07-15,29.444337844848633,29.48504303765383,28.964048865597587,29.029171584419508,34142600
2013-07-16,29.525737762451172,29.655986272986027,29.273379914690764,29.314081991976135,36378500
2013-07-17,29.094280242919922,29.623413278125376,28.890766820448196,29.58271121470471,37285100
2013-07-18,28.850080490112305,29.21640551083708,28.67099067304607,29.078017783769063,49547100
2013-07-19,25.56130027770996,26.595147879423234,25.251960380524082,26.37535598925642,248428500
2013-07-22,26.057872772216797,26.057872772216797,25.724112237407333,25.80551796543445,79040700
2013-07-23,25.9031982421875,26.08229111736195,25.813651804600273,25.976463226997993,65810400
2013-07-24,26.017169952392578,26.204402034706444,25.96018641018271,26.08229577512965,52803100
2013-07-25,25.553150177001953,25.764804366994177,25.439183133423263,25.740383744904182,63213000
2013-07-26,25.74039649963379,25.74039649963379,25.40663282306891,25.44733646786233,38633600
2013-07-29,25.675262451171875,25.724105253653928,25.56129384180083,25.618277370144003,28870700
2013-07-30,25.92761993408203,26.147413331698033,25.68340280507514,25.870636403119185,45799500
2013-07-31,25.91948127746582,26.09043188400442,25.81365338064059,26.02530762160616,43898400
2013-08-01,25.781091690063477,26.122994451373323,25.72410815529265,26.098573823720034,42557900
2013-08-02,25.96018409729004,25.968324824406885,25.699687040290726,25.797374213007934,29199900
2013-08-05,25.805513381958008,26.04972896997761,25.756669022206214,25.968323256409462,30984000
2013-08-06,25.707826614379883,25.78109160246053,25.545015184715137,25.68340443412471,36331500
2013-08-07,26.098569869995117,26.13112966681037,25.439185074920246,25.67526145770413,38078600
2013-08-08,26.77423095703125,26.92076090025251,26.090425590455048,26.245097811282506,59034400
2013-08-09,26.619569778442383,26.782381220050738,26.43233770747226,26.67655331719981,26800700
2013-08-12,26.75795555114746,26.83936281875218,26.424193517392464,26.424193517392464,25493700
2013-08-13,26.421838760375977,26.684171384021692,26.405442580491677,26.65137902425309,39464100
2013-08-14,26.520212173461914,27.348202040908408,25.98735041068342,26.348056979052775,48519600
2013-08-15,26.06113052368164,26.380848192919572,25.28232922869742,26.233285710617242,33338000
2013-08-16,26.0693359375,26.22509656232668,25.95456577374677,26.06113940891152,32866300
2013-08-19,25.73321533203125,26.208693612359333,25.725017241932825,26.036538411169797,27902500
2013-08-20,25.921775817871094,26.151316152898712,25.716828196667144,25.77421328042405,22979600
2013-08-21,25.91357421875,26.241488491951284,25.85618914275847,25.91357421875,37409100
2013-08-22,26.55301284790039,26.634993771328936,26.315272860836316,26.389054128295772,31169900
2013-08-23,28.487716674804688,28.856622983813754,27.87287386887365,28.832027145045,225493800
2013-08-26,27.995840072631836,28.42212827781861,27.897462984740898,28.200787648193558,72786800
2013-08-27,27.266231536865234,27.954855704252374,27.176057205837633,27.479378825028196,58522300
2013-08-28,27.069473266601562,27.54494996499082,27.05307708703621,27.372794770431856,44257400
2013-08-29,27.503963470458984,27.54495235930954,26.889120755945363,26.99569436875822,45284700
2013-08-30,27.381004333496094,27.446585948241125,27.126868149134115,27.356408491620662,42790200
2013-09-03,26.134910583496094,26.290671157496465,25.65123580966725,26.028338546733124,154507000
2013-09-04,25.577455520629883,25.79879769194413,25.50367427564988,25.733214536809214,142320600
2013-09-05,25.6020565032959,25.774213318446844,25.372516167929657,25.49548442810818,71644900
2013-09-06,25.536468505859375,25.733217997725394,25.52007232396405,25.667634833770055,75434900
2013-09-09,25.954557418823242,26.06113101968133,25.577454680096366,25.59384929562201,49628500
2013-09-10,26.55301284790039,26.56121250386948,26.061139816339,26.15131570485793,56881200
2013-09-11,26.839933395385742,26.995692412632156,26.6677750710853,26.70056743069029,39087500
2013-09-12,26.7989444732666,26.872725727262058,26.716966692050267,26.823540309433017,32860200
2013-09-13,27.077680587768555,27.110472959972537,26.65138913087502,26.864536422948156,40899000
2013-09-16,26.889118194580078,27.4629719655798,26.831733130205254,27.36459801625888,52839700
2013-09-17,26.995697021484375,27.438384569975202,26.9711043112078,27.39739254984481,84716500
2013-09-18,27.31541633605957,27.381001070240867,26.91372078458201,27.04488712569235,64099900
2013-09-19,27.577747344970703,27.61053971007164,27.31541467866734,27.446581011819024,42026600
2013-09-20,26.88092803955078,27.446582291276343,26.7989471229768,27.389197213300655,102904900
2013-09-23,26.839933395385742,27.02848477223715,26.64318236500732,26.675974724612313,39826100
2013-09-24,26.602191925048828,26.94650229903232,26.356255496881854,26.94650229903232,40685000
2013-09-25,26.651378631591797,26.889118545534153,26.561204334434027,26.63498557920057,28907500
2013-09-26,26.86452865600586,27.053080050786576,26.716966151003238,26.757955040781336,28504000
2013-09-27,27.27442169189453,27.667920632283483,26.946504344611274,26.95470399828173,55348000
2013-09-30,27.282623291015625,27.307219129348546,26.807146489025484,27.053082981589498,39839500
2013-10-01,27.528564453125,27.55315716558356,27.299021003586486,27.34000990010154,36718700
2013-10-02,27.80728530883789,27.897462741659588,27.29081967454383,27.348204745020947,46946800
2013-10-03,27.75809669494629,27.87286682267945,27.397387005211872,27.774492874229804,38703800
2013-10-04,27.774486541748047,27.864663943621533,27.56133938691059,27.618724437693583,33008100
2013-10-07,27.299015045166016,27.635128926831285,27.217037270028797,27.544951497829345,35069300
2013-10-08,27.06126594543457,27.3236016168964,26.889110799655445,27.307205441976873,41017600
2013-10-09,27.110469818115234,27.340010142435986,27.020292368631406,27.110469818115234,35878600
2013-10-10,27.67611312866211,27.78268672009826,27.266218067870454,27.30721007575053,42875100
2013-10-11,27.979450225830078,27.987646754717428,27.61054388084867,27.61054388084867,30033300
2013-10-14,28.241775512695312,28.282764400869418,27.692514403956814,27.79089148827672,27757900
2013-10-15,28.274572372436523,28.68446757389268,28.258176189108013,28.422131767888708,47097800
2013-10-16,28.397546768188477,28.610694082089413,28.331965144317227,28.364754392626324,35111600
2013-10-17,28.6270694732666,28.684457658705462,28.176185532969665,28.24177024361343,31359200
2013-10-18,28.659875869750977,28.684471711918047,28.143410093032394,28.545105697146848,41811700
2013-10-21,28.68446922302246,28.85662446699108,28.618884485937812,28.676269567260686,27433500
2013-10-22,28.34834098815918,28.774629055533033,28.299152460115668,28.709047478725832,40438500
2013-10-23,27.67611312866211,28.274562669398925,27.602331892629564,28.15978942548631,58600500
2013-10-24,27.643335342407227,27.95485346592904,27.52036552237064,27.725313137596668,53209700
2013-10-25,29.291109085083008,29.75019281088808,29.077964968219387,29.414078889553732,113494000
2013-10-28,29.159948348999023,29.291114706221784,28.914011820112922,29.19274072011787,38383600
2013-10-29,29.11894989013672,29.282908564657234,28.905802675084566,29.20912731748558,31702200
2013-10-30,29.135345458984375,29.340293016021825,29.04516803352765,29.127145805442012,36997700
2013-10-31,29.02876853942871,29.258308776383146,28.971383480190102,29.23371607306694,41682300
2013-11-01,29.12714958190918,29.258315910329397,29.012379435447983,29.241919728370377,40264600
2013-11-04,29.463260650634766,29.49605301138823,29.143542951417576,29.17633531217104,28060700
2013-11-05,30.037124633789062,30.094509720928457,29.323907745590397,29.34030393152347,51681900
2013-11-06,31.29959487915039,31.332387242712297,30.38143059018044,30.5289930989571,88948800
2013-11-07,30.742145538330078,31.160237341660153,30.684760450172085,31.119248439726267,60437400
2013-11-08,30.971681594848633,30.971681594848633,30.610974929710544,30.88150414675103,36737800
2013-11-11,30.8159122467041,30.971671251330104,30.619161232267476,30.89789001182278,26872500
2013-11-12,30.627368927001953,30.82411686584768,30.49620259202077,30.643765109781114,31651600
2013-11-13,31.283205032348633,31.283205032348633,30.250270388990362,30.315852002142808,44957600
2013-11-14,31.168418884277344,31.258596292475232,30.922482488351886,31.045449122689142,46183700
2013-11-15,31.0208683013916,31.16843082090936,30.922494330797143,31.111045744124915,50601300
2013-11-18,30.496196746826172,30.807717905416883,30.389623142814596,30.61916340322275,53277500
2013-11-19,30.34751319885254,30.75225505946249,30.289689782082956,30.438371365848944,44275000
2013-11-20,30.628355026245117,30.900935821925845,30.446632395145908,30.496190821105273,32229900
2013-11-21,30.892681121826172,31.000059825909265,30.77703742740298,30.785299266774594,23064700
2013-11-22,31.033113479614258,31.123974843777034,30.834873367777075,31.000072410651473,27982000
2013-11-25,31.09092903137207,31.34699255031223,31.03310874499353,31.33047201835132,30646800
2013-11-26,30.85138702392578,31.099191860237944,30.85138702392578,31.0331097302962,34465300
2013-11-27,31.05788803100586,31.190049135994293,30.96702983148886,31.033108808498433,26002100
2013-11-29,31.49566078186035,31.62782183032817,31.239597371905475,31.239597371905475,22090400
2013-12-02,31.759981155395508,32.032561924520785,31.43783881417119,31.462618024736823,42950400
2013-12-03,31.644350051879883,31.793031661439905,31.45436869543512,31.50392713130932,52109800
2013-12-04,32.16474533081055,32.1977864018509,31.487419129333162,31.56175996368897,51983600
2013-12-05,31.388288497924805,32.11517606120067,30.71096252452078,32.090393690780296,116305000
2013-12-06,31.68565559387207,31.84259592112496,31.380033629866222,31.735214038810202,36457300
2013-12-09,31.974750518798828,32.10691159668684,31.693907834415707,31.850851280698674,30286000
2013-12-10,31.479162216186523,32.13170922674905,31.404821377629144,31.89216617462304,37828600
2013-12-11,31.066146850585938,31.63609096960156,30.884424167290092,31.43785090688699,39853400
2013-12-12,30.7440128326416,31.09093461319647,30.71097176278785,31.09093461319647,36012800
2013-12-13,30.306209564208984,30.933976936025672,30.24838929982693,30.90919457202759,40066100
2013-12-16,30.47142219543457,30.56228354255399,30.182320773662944,30.339261095343375,31734200
2013-12-17,30.165796279907227,30.653140863285977,30.008855978841407,30.512717940463915,45687700
2013-12-18,30.215347290039062,30.231864662500577,29.348037140329637,30.033624683285826,63192100
2013-12-19,29.942771911621094,30.190573531730454,29.802352148914263,30.157532475457593,34160100
2013-12-20,30.39707374572754,30.50445559726145,29.893208693493467,29.901470532594438,62649100
2013-12-23,30.248397827148438,30.4714202601949,30.19057754646628,30.405341289830563,25128700
2013-12-24,30.628355026245117,30.70269266518416,30.264909764046703,30.330991866616625,14243000
2013-12-26,30.925724029541016,30.96702693114406,30.702701594954377,30.72748396611,17612800
2013-12-27,30.80181884765625,31.07439967013874,30.70269568405499,31.041361766573374,14563000
2013-12-30,30.80181884765625,30.876159644873,30.47967644337313,30.743998577706375,16290500
2013-12-31,30.900938034057617,31.041360936587235,30.743997755671156,30.892679346129196,17503500
2014-01-02,30.694438934326172,30.892682123079787,30.64487734939562,30.851379226820033,30632200
2014-01-03,30.487932205200195,30.74399562680647,30.23186878359392,30.727475101125282,31134800
2014-01-06,29.843658447265625,30.471422899460677,29.82713791550138,30.438381835932187,43603700
2014-01-07,30.074939727783203,30.141021855142867,29.909737560353307,30.0088607513928,35802800
2014-01-08,29.538034439086914,29.85191825239008,29.389355949595274,29.73627767669138,59971700
2014-01-09,29.348045349121094,29.66192908013486,29.240666643248613,29.637149863544064,36516300
2014-01-10,29.76931381225586,29.860175149822712,29.52977085884668,29.653673255704902,40548800
2014-01-13,28.893739700317383,29.75278818901321,28.769840475639217,29.728008974271237,45901900
2014-01-14,29.554550170898438,29.637152819386984,28.604643345546553,28.687242843066244,41623300
2014-01-15,30.364036560058594,30.388818929550734,29.612369805485233,29.65367270431587,44812600
2014-01-16,30.47142219543457,30.56228354255399,29.992339389217424,30.30622003257828,38018700
2014-01-17,30.050159454345703,30.421863530318355,29.86017807128616,30.421863530318355,46267500
2014-01-21,29.876697540283203,30.41360381544249,29.78583933844383,30.41360381544249,31567300
2014-01-22,29.678449630737305,30.000592050536618,29.52976802914246,29.951030466348822,21904300
2014-01-23,29.78583335876465,29.843653635131663,29.3397885259602,29.810612576930872,43954000
2014-01-24,30.40534210205078,31.016585985867234,30.174057822174856,30.933986482963086,76395500
2014-01-27,29.761056900024414,30.47142403757301,29.719757144555874,30.454903505191723,44420800
2014-01-28,29.959300994873047,30.058421041027593,29.529776593577402,29.83539857395277,36205500
2014-01-29,30.28144073486328,30.463163428645277,29.653676298750558,29.71975527314545,52745900
2014-01-30,30.446645736694336,30.46316626957602,29.926259979314377,30.38882544709317,35036300
2014-01-31,31.256126403808594,31.297426151888843,30.198837728303985,30.520980174686244,93162300
2014-02-03,30.132761001586914,31.380034413151467,30.091461246117817,31.173532484836613,64063100
2014-02-04,30.02538299560547,30.719229690421,29.942783473996148,30.537510112686537,54697900
2014-02-05,29.58759307861328,30.12449929893806,29.571072547883542,29.975817673339478,55814400
2014-02-06,29.884958267211914,29.942778553029882,29.4802131155169,29.57107446493635,35351800
2014-02-07,30.19884490966797,30.22362413421492,29.74453811984349,30.00060166038369,33260500
2014-02-10,30.39707374572754,30.39707374572754,29.97581132966124,30.2566539906949,26767000
2014-02-11,30.702695846557617,30.777036644167833,30.44663554998673,30.463156077341047,32141400
2014-02-12,30.950515747070312,31.057894500951047,30.81009277134712,30.85139253445278,27051800
2014-02-13,31.066146850585938,31.272648753978856,30.83486572709594,30.83486572709594,37635500
2014-02-14,31.074399948120117,31.20656101646901,30.83486017802854,30.88441860930411,31407500
2014-02-18,31.140979766845703,31.440572825947292,31.132659148358172,31.3157445010529,32834000
2014-02-19,31.215890884399414,31.41562073090254,30.966230957219167,30.974554753730832,29750400
2014-02-20,31.415597915649414,31.515461179077207,31.12432874123672,31.26580143320977,27526100
2014-02-21,31.607027053833008,31.914940860860995,31.507163717018194,31.573738216695325,38021300
2014-02-24,31.365671157836914,31.60701033754854,31.24084284648703,31.365671157836914,32085100
2014-02-25,31.240840911865234,31.49882131077056,31.08272061617863,31.2990947551404,30736500
2014-02-26,31.182605743408203,31.407300634005978,30.949587056159626,31.274148458977475,41041800
2014-02-27,31.50714683532715,31.5321118625049,30.982859042418543,31.16594437397951,33903400
2014-02-28,31.881635665893555,32.006463966785894,31.473855597280817,31.607007689657085,41215000
2014-03-03,31.44057846069336,31.73185095350895,31.199242386140117,31.557086187980605,29717500
2014-03-04,31.96484375,32.023097572350764,31.68189525232693,31.790082282947722,26802400
2014-03-05,31.715198516845703,31.84835062500814,31.56540199833838,31.831706214663253,20520100
2014-03-06,31.748472213745117,31.823370437320055,31.532098156930786,31.740148425239482,23582200
2014-03-07,31.540437698364258,31.923249621345516,31.365672973006077,31.856671978428736,26591600
2014-03-10,31.473861694335938,31.631978842601562,31.39064281095338,31.615337605602576,19006600
2014-03-11,31.64029884338379,31.815060382298896,31.390639048562704,31.515467358674982,25216400
2014-03-12,31.848363876342773,31.98151603990661,31.448907385651268,31.457228006987386,30494100
2014-03-13,31.532127380371094,31.99816155614939,31.32407691924476,31.973193342087523,32169700
2014-03-14,31.37400245666504,31.74017003533701,31.215882113354276,31.332393009592796,27195600
2014-03-17,31.665258407592773,31.96485137953087,31.448887469301916,31.540430119015888,20479600
2014-03-18,32.913578033447266,33.20485054589054,31.806751375036345,31.84003703179178,64063900
2014-03-19,32.68054962158203,32.91356499958376,32.380956607238986,32.84699053783888,35597200
2014-03-20,33.56269073486328,33.828994982446176,32.65559089947246,32.66391151832322,59269800
2014-03-21,33.42121887207031,34.07033515747559,33.29638735198587,33.88725294917515,80721800
2014-03-24,33.70416259765625,33.8206703061077,33.17155411639423,33.57101047734075,46098400
2014-03-25,33.57101821899414,34.111950618228526,33.25478066984491,33.83732252103632,43193100
2014-03-26,33.113304138183594,33.87892812596717,32.95518379426505,33.687522129021275,41977500
2014-03-27,32.75544738769531,33.26309074615547,32.73880297885769,33.07168480641738,35369200
2014-03-28,33.537723541259766,33.8206722096804,33.021759442821136,33.11330212592739,43472700
2014-03-31,34.11194610595703,34.53636753913322,33.62094701877823,33.645912051730576,46886300
2014-04-01,34.469783782958984,34.61125968537047,34.17851453475402,34.24509217697042,32605000
2014-04-02,34.41152572631836,34.669509296471915,34.26172922424163,34.48642397735672,28666700
2014-04-03,34.128597259521484,34.36161594162735,33.87893733367781,34.36161594162735,30139600
2014-04-04,33.17988204956055,34.444829058714944,32.9884760328237,34.32832132457927,51409600
2014-04-07,33.12162399291992,33.51275977198412,33.07169392723326,33.254776125746446,37559600
2014-04-08,33.13827133178711,33.229814026423696,32.622307168359804,33.08001746694519,35918600
2014-04-09,33.67920684814453,33.74578133934975,33.18820767393944,33.229817127767426,27398700
2014-04-10,32.75544738769531,33.86227359132798,32.53075263028198,33.654223242752266,45960800
2014-04-11,32.63062286376953,33.113301299152,32.45586129561949,32.45586129561949,34330200
2014-04-14,32.605655670166016,32.7970616380078,32.37264026141895,32.54740181797925,32006600
2014-04-15,33.080020904541016,33.254782517227554,32.49747902098802,32.738818300182494,33968700
2014-04-16,33.62092971801758,33.63757094835766,33.21314973358144,33.33798118330155,30615800
2014-04-17,33.29638671875,33.454507064462796,32.8802858925119,33.29638671875,36688400
2014-04-21,33.238128662109375,33.412893399766574,33.11330033475076,33.39624898786604,22221200
2014-04-22,33.279747009277344,33.404575358128945,33.1465948657438,33.25477879982901,27056700
2014-04-23,33.03008270263672,33.279745740012984,32.847000496384155,33.279745740012984,24602800
2014-04-24,33.171546936035156,33.26308959417354,32.70551302851076,33.07168366106431,42381600
2014-04-25,33.213165283203125,33.85396088755353,33.080013155974285,33.52940277584555,56876800
2014-04-28,34.0120735168457,34.36159978839468,33.36295737987908,33.40456681885958,50610200
2014-04-29,33.712486267089844,34.27838362329067,33.61262296146536,34.203485350422994,29636200
2014-04-30,33.62092971801758,33.70414856810056,33.42952064855457,33.62092971801758,35458700
2014-05-01,33.288055419921875,33.58764842663659,33.24644598556625,33.4877851492638,28787400
2014-05-02,33.03008270263672,33.571015050822105,33.00511766873805,33.54605001692344,43416600
2014-05-05,32.81370544433594,32.98846699767433,32.70551836029926,32.88860370642336,22460900
2014-05-06,32.50579833984375,32.74713441120313,32.41425564830169,32.697204342796496,27112400
2014-05-07,32.80537414550781,32.880272390458124,32.04807107971957,32.63893642303695,41744500
2014-05-08,32.98846435546875,33.20483850621166,32.43089091816306,32.738804560039384,32120400
2014-05-09,32.905242919921875,33.163223312787885,32.76376703628246,32.905242919921875,29647600
2014-05-12,33.263084411621094,33.304693838492966,32.99678027012615,33.07167850833384,22782600
2014-05-13,33.874874114990234,33.94192142025282,33.39717325446451,33.45583804807353,27004800
2014-05-14,33.72404098510742,33.90003545419763,33.56480515374602,33.77432329228001,18818700
2014-05-15,33.18766403198242,33.85812447464254,33.112237392032775,33.59832089326213,37793200
2014-05-16,33.38042449951172,33.38880381665252,32.911102814816516,33.24632984931959,29867100
2014-05-19,33.313377380371094,33.37204219169663,33.07033562088391,33.196047757720024,24537400
2014-05-20,33.25471496582031,33.472612395449374,33.07033800437002,33.25471496582031,21320900
2014-05-21,33.816219329833984,33.816219329833984,33.30499786236425,33.35528015920156,22398700
2014-05-22,33.60669708251953,33.816215152103794,33.39717901293526,33.76593286147847,20201800
2014-05-23,33.62346649169922,33.832984608516625,33.522898690784835,33.832984608516625,18020000
2014-05-27,33.68212890625,33.74079371901515,33.36366369323705,33.74079371901515,26160600
2014-05-28,33.53128433227539,33.682137660592005,33.372051684382676,33.6402346687248,25711500
2014-05-29,33.80784606933594,33.81622538797916,33.447474624810354,33.6486134391707,19888200
2014-05-30,34.31067657470703,34.335820916022755,33.73240787631585,33.90002296478909,34567600
2014-06-02,34.18497085571289,34.436391913459104,34.092782388574435,34.31906229964368,18504300
2014-06-03,33.76594161987305,34.09278938168534,33.73241795276593,34.0257420474711,18068900
2014-06-04,33.79106903076172,33.83297199910959,33.405556606774816,33.69888058220147,23209000
2014-06-05,34.53696060180664,34.57048426291549,33.85812404780991,34.01735664258854,31865200
2014-06-06,34.76325225830078,34.91410558724128,34.56211661770902,34.76325225830078,24060500
2014-06-09,34.587249755859375,34.76324419982821,34.37773164723192,34.68781755284262,15019200
2014-06-10,34.45315933227539,34.49506231586488,34.24364121733525,34.38611200093804,15117700
2014-06-11,34.24363327026367,34.419627678691334,34.16820663851011,34.3022980730729,18040000
2014-06-12,34.00897979736328,34.2604008799668,33.76593803214979,34.20173606725906,29818900
2014-06-13,34.5537223815918,34.838667106613826,34.24363650927121,34.44477208164424,26310000
2014-06-16,34.780006408691406,34.872194889004355,34.394493851921496,34.394493851921496,24205300
2014-06-17,34.93084716796875,35.123603377175456,33.807830368727274,34.60399954379253,22518600
2014-06-18,34.90571594238281,34.981142584541566,34.51182090033238,34.872192279869495,27097000
2014-06-19,34.788387298583984,35.00628793407866,34.63753719315519,34.838672798388785,19828200
2014-06-20,34.93084716796875,35.056559268186454,34.679426164524855,34.73809095876205,47764900
2014-06-23,35.1906623840332,35.199041701571126,34.93923809999935,34.97276176413621,18743900
2014-06-24,34.98952102661133,35.148753624078665,34.83028842914399,35.05656834996116,26509100
2014-06-25,35.224185943603516,35.24094777714351,34.74648487718865,34.94762368267573,20049100
2014-06-26,34.964378356933594,35.14875209413559,34.72133661585801,35.14037277757776,23604400
2014-06-27,35.408565521240234,35.44208919078721,34.78839042259362,34.87219959646105,74640000
2014-06-30,34.94762420654297,35.375039778744835,34.94762420654297,35.34151611116232,30793100
2014-07-01,35.09008026123047,35.3247426387622,34.93922701745706,35.081700946350416,26917000
2014-07-02,35.1152458190918,35.1152458190918,34.805156632294455,34.97277180410506,20208100
2014-07-03,35.03141403198242,35.19064978110867,34.83027851317964,35.123602476846784,15969300
2014-07-07,35.1906623840332,35.29960949698913,34.955999932067776,34.989523596204634,21952400
2014-07-08,35.01467514038086,35.19905215087576,34.87220432099373,35.09010180858391,31218200
2014-07-09,34.9224739074707,35.1906600054459,34.80514428791475,35.18227749148198,18445900
2014-07-10,34.939231872558594,35.19903542782394,34.40286612993904,34.67104900124882,21854700
2014-07-11,35.27448272705078,35.27448272705078,34.76325783003653,34.9476348609581,24083000
2014-07-14,35.316375732421875,35.576179366386846,35.23256975862309,35.383423069055276,21881100
2014-07-15,35.576171875,35.59293370562876,35.224179825780666,35.47560408821975,28748700
2014-07-16,36.942222595214844,37.13497880966913,35.60130521202319,35.62644635395457,63318000
2014-07-17,37.31937026977539,38.30829615152899,37.08471097478068,38.09039869146149,82180300
2014-07-18,37.45347213745117,37.57918433576668,37.08472125778315,37.41995165529517,43407500
2014-07-21,37.579166412353516,37.84734932365548,37.059562421330014,37.344507164212416,37604400
2014-07-22,37.57078552246094,37.83896842253759,37.36964674890728,37.713256289442505,43095800
2014-07-23,37.60430908203125,38.090392626544684,37.39479097429117,38.090392626544684,52362900
2014-07-24,37.21042251586914,37.71326476730262,37.14337517728171,37.65459994453514,30725300
2014-07-25,37.29421615600586,37.42830759183317,37.12660106197372,37.12660106197372,26737700
2014-07-28,36.85005569458008,37.302612498948115,36.81653202107327,37.17690351878779,29684200
2014-07-29,36.78300476074219,36.95061991493809,36.5734866172456,36.799766595861094,27763100
2014-07-30,36.52320098876953,36.95899587427287,36.280159197128654,36.93385472237652,31921400
2014-07-31,36.171199798583984,36.61537708789652,36.10415567802363,36.35557672486106,31537500
2014-08-01,35.91979217529297,36.24663997802678,35.70189150880826,36.21311630672247,31170300
2014-08-04,36.34720230102539,36.4310114666183,35.87788376167622,36.01197522963209,34277400
2014-08-05,36.104156494140625,36.422621668737165,35.894638417541366,36.29691274097289,26266400
2014-08-06,35.81922912597656,36.17959745098708,35.37504841455645,35.81922912597656,24634000
2014-08-07,36.22987365722656,36.41425062958166,35.74379327146248,35.90302589495551,30314900
2014-08-08,36.20473098754883,36.30529878780239,35.961689206359374,36.22987213836404,28942700
2014-08-11,36.20473098754883,36.41424910298951,36.05387768867212,36.255013289179246,20351600
2014-08-12,36.47291946411133,36.53158428959344,36.0371213341062,36.07064500495119,21431100
2014-08-13,36.942222595214844,37.0260285329805,36.47290103154902,36.60699245016903,22889500
2014-08-14,37.101463317871094,37.2271722521748,36.88356271655698,36.94223072228947,19313200
2014-08-15,37.537269592285156,37.62945808261071,37.21042181530766,37.361275127296196,41611300
2014-08-18,37.80545425415039,37.80545425415039,37.44508279224304,37.66298025439967,26891100
2014-08-19,38.22710037231445,38.23553202520141,37.80544695484066,37.92350939701968,28139500
2014-08-20,37.906646728515625,38.28613548621933,37.86448202587312,38.23553591287197,24770500
2014-08-21,38.13434600830078,38.15964419049123,37.80545677198049,37.81388842705694,22285500
2014-08-22,38.0753059387207,38.345163876017686,38.00783984591627,38.243964736811044,18294500
2014-08-25,38.0921745300293,38.319867799394814,37.982546939452455,38.28613796527315,16910000
2014-08-26,37.957244873046875,38.286137289857756,37.89821364317432,38.21023953474151,14873100
2014-08-27,37.83917236328125,37.94880313976712,37.74640810755935,37.86447375290716,21287900
2014-08-28,37.84760665893555,37.93193604451833,37.6199134575102,37.73797588411004,17657600
2014-08-29,38.311424255371094,38.31985590704459,37.83073968598634,38.02469984407494,21607600
2014-09-02,38.02470016479492,38.336722750703146,37.822305136365905,38.31142457850946,22976800
2014-09-03,37.915069580078125,38.041566875599216,37.552447431008176,37.552447431008176,33684500
2014-09-04,38.1680908203125,38.17652569565937,37.71270727741515,37.729573811146516,26475500
2014-09-05,38.716224670410156,38.733091196632394,38.0415797063253,38.0415797063253,36939400
2014-09-08,39.188480377197266,39.46677003609177,38.783693371648155,38.80899155419461,45736700
2014-09-09,39.43302536010742,39.610122236623994,39.146300913557035,39.18846882798873,40302400
2014-09-10,39.50050354003906,39.58483296079378,39.02825041971352,39.483637012495876,27302400
2014-09-11,39.63542175292969,39.63542175292969,39.188470154079276,39.4161633884824,29216400
2014-09-12,39.38243103027344,39.6522889682871,39.298098414043935,39.559524698914835,38244700
2014-09-15,38.994503021240234,39.39085498065215,38.876437381606316,39.24749438653629,37667600
2014-09-16,39.43302536010742,39.508923102340184,39.03667334352322,39.12100273846619,27910600
2014-09-17,39.23062515258789,39.37398573678597,38.98606545570462,39.01136362539616,38311900
2014-09-18,39.36556625366211,39.492063575138815,39.18003770668575,39.28966850416819,35556600
2014-09-19,40.073944091796875,40.11610879321302,39.29810007450559,39.475196967590236,202522400
2014-09-22,39.68602752685547,39.95588550235028,39.61856142450136,39.88841939999617,38686100
2014-09-23,39.26436996459961,39.61855731433159,39.18847221580555,39.508926517860054,33430300
2014-09-24,39.7028923034668,39.72819048225475,39.078843752024895,39.32340353684406,26582700
2014-09-25,38.825843811035156,39.71131526127724,38.81740894197915,39.53422161462082,33077400
2014-09-26,39.137874603271484,39.314968287001605,38.589723810437505,38.733087661762355,27078800
2014-09-29,39.16315841674805,39.26435752772593,38.58970965571127,38.77523814221124,26091000
2014-09-30,39.095703125,39.19689903860049,38.800543819638435,39.104134777400006,33033100
2014-10-01,38.70779037475586,39.23907143818296,38.665622453596896,39.01981304617569,38088400
2014-10-02,38.589725494384766,38.87644999258566,38.488529558831736,38.64875994183155,25119400
2014-10-03,38.86802291870117,39.04511663102851,38.46323591182675,38.77525862644556,32453200
2014-10-06,38.86802291870117,39.04511663102851,38.724659044225824,38.89332110133046,20604000
2014-10-07,38.3957633972168,38.7330874551554,38.30299912043565,38.67405622756024,25723700
2014-10-08,39.449893951416016,39.54265822089438,38.23553322896565,38.353595674861616,33031000
2014-10-09,38.66560745239258,39.46674938918071,38.5728464259295,39.21375804518432,34422800
2014-10-10,37.130794525146484,38.89330573056935,37.063331659142875,38.454785842186254,51978100
2014-10-13,36.81034469604492,37.57775378849887,36.67541573089787,36.95370531409355,37100200
2014-10-14,36.877811431884766,37.425962219735744,36.734450798823794,36.99587388663159,38115700
2014-10-15,36.447731018066406,36.59109166962313,35.503224824314536,36.26220244126496,60218700
2014-10-16,36.042938232421875,36.329662706391964,35.60441825946993,35.865841338969375,49040400
2014-10-17,36.79348373413086,37.054906834073776,36.08510575580675,36.43086148231252,40683300
2014-10-20,37.1729736328125,37.22356999331599,36.10197337035677,36.31280011768362,34527900
2014-10-21,37.84760665893555,37.93193604451833,37.26572296075083,37.40908677659339,36433800
2014-10-22,37.42595291137695,38.00783338660475,37.299455617346645,37.94880217391323,33570900
2014-10-23,37.96567916870117,38.3283014135424,37.55245734889581,37.62835510286166,45451900
2014-10-24,38.90174102783203,39.55108760718728,38.10059897709712,39.49205639242407,61076700
2014-10-27,38.716224670410156,38.87645184408001,38.54756262514871,38.54756262514871,30371300
2014-10-28,39.205345153808594,39.21377680862717,38.59816306411845,38.67406082532972,29049800
2014-10-29,39.31496810913086,39.38243420755747,39.078843198558985,39.16317260463161,30276100
2014-10-30,38.834285736083984,39.06197900642891,38.59816081141257,39.06197900642891,30073900
2014-10-31,39.5932502746582,39.610116794721606,39.19689509556771,39.58481540614662,35849700
2014-11-03,40.006473541259766,40.02334006334025,39.407726483723344,39.54265544340705,23130400
2014-11-04,40.11611557006836,40.251044567570034,39.84625757506502,39.88842228360409,21530800
2014-11-05,40.36066818237305,40.394401229970235,39.854682119296726,40.31006861097727,22449600
2014-11-06,41.06903839111328,41.203967339224114,40.301629395552936,40.360660609291436,33037800
2014-11-07,41.05217742919922,41.254569270290645,40.72328827470542,41.254569270290645,28000600
2014-11-10,41.229270935058594,41.44853251518064,40.942546480486904,41.02687909474934,36370100
2014-11-11,41.21240234375,41.27986843177382,41.02687703560477,41.195535821744045,23445200
2014-11-12,41.13650894165039,41.25457139118335,40.91725056636925,40.9509836139388,22722100
2014-11-13,41.83646011352539,41.87019316505482,41.077482538917415,41.161815167741,26210400
2014-11-14,41.8111686706543,42.20752083062885,41.65093825855099,41.946097681553134,29081700
2014-11-17,41.7099609375,41.9207876748108,41.440102971099016,41.667796233429975,30318600
2014-11-18,41.36201477050781,41.86270402339152,41.328068968253014,41.69297824936741,23995500
2014-11-19,40.92072677612305,41.3704973005994,40.67462457934366,41.29412086840062,26177500
2014-11-20,41.328067779541016,41.328067779541016,40.6237069706378,40.734029206167776,21510600
2014-11-21,40.717063903808594,41.625093215331646,40.36912746890023,41.599635478247016,42884800
2014-11-24,40.386104583740234,40.734041054927715,40.21637876522789,40.72555622076492,35434200
2014-11-25,40.28425979614258,40.7085726122393,40.267286895028725,40.44549750084938,28008000
2014-11-26,40.52188491821289,40.72555654952199,40.12302972707673,40.30124361844123,27163600
2014-11-28,40.572792053222656,40.903755527026895,40.40306628179104,40.69159912204984,21534400
2014-12-01,41.260189056396484,41.39596906664426,40.48793964112773,40.63220772296957,31191600
2014-12-02,41.124385833740234,41.625074945902526,40.90374465559621,41.446864390026704,25773500
2014-12-03,40.80193328857422,41.1583545992648,40.57280391573708,41.10743588177295,23534800
2014-12-04,41.4468879699707,41.633586698866104,40.90376792654862,41.065005677798666,30320400
2014-12-05,41.09046936035156,41.55721625008707,41.056526780667305,41.42992105520443,27313400
2014-12-08,40.479461669921875,41.03106663877875,40.267305165611226,40.954690167736864,26663100
2014-12-09,40.386104583740234,40.66614943262248,39.92784584493212,39.978764561661045,24330500
2014-12-10,39.8005485534668,40.44550269232849,39.63082275779257,40.37761431640898,30431800
2014-12-11,40.0296745300293,40.513394179230836,39.61384973103625,39.953301321326734,29060400
2014-12-12,39.84297561645508,40.50490259918948,39.60535822894145,39.698707570045016,34248400
2014-12-15,39.60536575317383,40.453991579337405,39.503531560464374,40.055139642370946,29247800
2014-12-16,38.323936462402344,39.32531504685696,38.29847872733574,38.951920904462916,47801400
2014-12-17,38.81613540649414,38.994346001138,38.10328979066905,38.2305816851648,34970900
2014-12-18,40.32669448852539,40.32669448852539,39.32531588278474,39.52898747939733,40105600
2014-12-19,40.445518493652344,40.818912800213724,40.02969029365654,40.42006074739294,64551200
2014-12-22,40.717063903808594,40.835870993204075,40.48793455829571,40.54733810299345,26566000
2014-12-23,41.115928649902344,41.41294644273889,40.844368600094306,41.04803701882476,23648100
2014-12-24,40.85284423828125,41.27715712523847,40.80192876368665,41.27715712523847,11437800
2014-12-26,40.632205963134766,41.08197662061584,40.58128724752816,41.08197662061584,13197800
2014-12-29,40.26728439331055,40.547329151165876,40.106043461371414,40.479440788178096,14439500
2014-12-30,39.90239715576172,40.41157148953776,39.749644208178616,40.25881854195465,16384700
2014-12-31,39.41867446899414,40.25881231347114,39.41867446899414,39.65628868969455,21552500
2015-01-02,39.68174743652344,40.241840426113875,39.49505193149399,39.596886137623784,27913900
2015-01-05,39.31683349609375,39.6562818618999,39.24894188058228,39.35077606659908,39673900
2015-01-06,38.73976135253906,39.673248251799095,38.64641201516309,39.359257674738885,36447900
2015-01-07,39.23197937011719,39.42716296054548,38.60399794652203,39.01982287131453,29114100
2015-01-08,40.386104583740234,40.52188459109996,39.647800996049874,39.67325873578897,29645200
2015-01-09,40.04664993286133,40.58128508790158,39.800550913652756,40.40307444863832,23944200
2015-01-12,39.54595184326172,40.34366198269539,39.342283511204016,40.24182457941677,23651900
2015-01-13,39.3422966003418,40.65766607643976,39.08770948194394,39.85995890885959,35270600
2015-01-14,39.002838134765625,39.24045554269455,38.71430525440573,39.002838134765625,29719600
2015-01-15,38.59551239013672,39.35927713052425,38.536108825578964,39.22349709192774,32750800
2015-01-16,39.24046325683594,39.274405832712475,38.33243056055651,38.45124090650261,35695300
2015-01-20,39.367740631103516,39.58838509752569,38.67186790577153,39.29136419845734,36161900
2015-01-21,38.96889114379883,39.15558983637153,38.59549699590361,38.98586404651,39081100
2015-01-22,39.99574279785156,40.004227633145206,39.10468617846555,39.35927332153996,35898000
2015-01-23,40.03816604614258,40.216376689620084,39.71568733133765,40.19091895119488,26211600
2015-01-26,39.89390182495117,39.99573926298135,39.240462735803995,39.88541699040743,42525500
2015-01-27,36.2023811340332,36.66063990165093,35.735637531719256,36.448483424485424,169164000
2015-01-28,34.95489501953125,36.31269822179671,34.92943728182799,36.27026757987446,84507100
2015-01-29,35.6507682800293,35.74411763558724,34.615447009819725,34.73425410334783,63585300
2015-01-30,34.28447341918945,35.285851824373914,34.242039552008265,35.26039085661529,78004900
2015-02-02,35.031272888183594,35.107649341636055,34.14021642273863,34.44572223654847,50352500
2015-02-03,35.302833557128906,35.58288163747965,34.836089993795,35.32829453359303,52082400
2015-02-04,35.50651550292969,35.820506247746195,35.099175370863286,35.59137681647417,41614800
2015-02-05,36.02415084838867,36.185388517800604,35.52346170550521,35.828967384179755,36548200
2015-02-06,35.99021530151367,36.31269396940989,35.76957404700579,36.2193446257623,34616600
2015-02-09,35.94778823852539,36.27026693848277,35.8204930777592,35.845954052262684,31381100
2015-02-10,36.151458740234375,36.29572681341626,35.79503744869785,36.27026907466382,29670700
2015-02-11,35.96476364135742,36.193893004306744,35.82049556664831,36.193893004306744,38262500
2015-02-12,36.56728744506836,36.56728744506836,36.075082905738164,36.20237807618581,33268800
2015-02-13,37.22921371459961,37.22921371459961,36.61820532721012,36.81338887680335,40264900
2015-02-17,37.24630355834961,37.60526130587638,36.91298145813258,37.57962239827828,33695700
2015-02-18,37.20357894897461,37.34887374330704,37.08392633028281,37.28904743396114,27111700
2015-02-19,37.17793273925781,37.20357164957871,36.79333278300086,36.90444016153924,27603400
2015-02-20,37.48561477661133,37.50270847119983,36.99845589185008,37.18648001174585,29721100
2015-02-23,37.73347091674805,37.767655047863904,37.30613830505346,37.3488709141651,32518800
2015-02-24,37.682186126708984,37.861665023514405,37.536891357660245,37.73346720877715,25271700
2015-02-25,37.59672164916992,37.68218686065939,37.43433318293555,37.5625342604586,29759800
2015-02-26,37.65654754638672,37.80183905642213,37.511252776062506,37.59672124692639,28957300
2015-02-27,37.47704315185547,37.77617773196349,37.31465804399353,37.71635146799926,33807700
2015-03-02,37.50270080566406,37.76764486690921,37.22065979303615,37.32321867931529,31924000
2015-03-03,36.98991012573242,37.45997861064957,36.8275249056723,37.229218607223636,31748600
2015-03-04,36.801876068115234,36.93007386192282,36.64803610731554,36.759140209891136,25748700
2015-03-05,36.8446159362793,36.95572332106698,36.59676225494094,36.81042854706941,23193500
2015-03-06,36.20361328125,36.84461209073307,36.02413439706399,36.75059841036272,36248800
2015-03-09,36.622406005859375,36.861714501661076,36.05832705051637,36.05832705051637,32108000
2015-03-10,35.92156982421875,36.50274229988615,35.92156982421875,36.19506237038126,39159700
2015-03-11,35.87883758544922,36.21215642566365,35.75918500283772,36.160878610423495,32215300
2015-03-12,35.05835723876953,35.596797079342714,34.921610974846445,35.32330455149655,59992500
2015-03-13,35.366031646728516,35.442951611988896,34.70793933512032,34.7848593003807,58007700
2015-03-16,35.51988220214844,35.588253713782876,35.28057376070648,35.44296221387934,35273500
2015-03-17,35.63953399658203,35.75064136833063,35.16946886112203,35.35749295913293,31673400
2015-03-18,36.323265075683594,36.605306110621484,35.323308519715006,35.408773721660054,44194800
2015-03-19,36.1437873840332,36.40018625858862,36.08396108864656,36.11814521437566,33879100
2015-03-20,36.648033142089844,36.733498331046505,36.31471434075571,36.37454062508296,71904500
2015-03-23,36.630943298339844,36.861703245097246,36.562568531765066,36.64803698998354,26246100
2015-03-24,36.66512680053711,36.89588346258006,36.53692575692394,36.56256466153139,25513300
2015-03-25,35.43439865112305,36.690756837863574,35.417304965419895,36.68220836486841,43469900
2015-03-26,35.22074508666992,35.5626124026187,34.972891445621485,35.229293562727236,37495600
2015-03-27,35.015628814697266,35.40877396278322,34.89597622704402,35.14382661848782,34401400
2015-03-30,35.007076263427734,35.502783509191715,34.964343667138316,35.12672883715335,35049700
2015-03-31,34.75069046020508,35.06691570370695,34.648131538583534,34.85324938182662,34887200
2015-04-01,34.801971435546875,34.83615556911427,34.451558799238796,34.69940925397671,36865300
2015-04-02,34.4344596862793,34.81905965595221,34.28916491538561,34.75068487899311,37487500
2015-04-06,35.51131820678711,35.70789069972917,34.34042846174653,34.47717468554479,39223700
2015-04-07,35.49424362182617,35.819017300725484,35.306219500601436,35.56261840066346,28809400
2015-04-08,35.400230407714844,35.6309903989644,35.075459984731566,35.4344177975938,24753400
2015-04-09,35.451507568359375,35.57116015940228,35.25493498874766,35.25493498874766,25723900
2015-04-10,35.6566276550293,35.853200229295624,35.39168031043286,35.57970766855217,28022000
2015-04-13,35.69081115722656,35.94721328120267,35.374586000688055,35.383134476974426,30276700
2015-04-14,35.5968017578125,35.921572139634165,35.374587012051855,35.724999563177306,24244400
2015-04-15,36.11814880371094,36.28908249049772,35.62244469834706,35.690816216888436,27343600
2015-04-16,36.032684326171875,36.18652432139217,35.74209803078787,35.85320541851119,22509700
2015-04-17,35.57117462158203,35.67373682156491,35.178029302517416,35.61390724142994,42387600
2015-04-20,36.67367172241211,36.89588316790718,35.62243425815906,35.6651668522595,46057700
2015-04-21,36.44292449951172,36.878805587956315,36.34891080356135,36.75060450069871,26013800
2015-04-22,36.7420654296875,36.86171805899074,36.36601058297489,36.46856951376486,25064300
2015-04-23,37.04118347167969,37.27194342687697,36.57966356128511,36.65658354635087,46309500
2015-04-24,40.912811279296875,41.143571212872956,39.01545725926264,39.02400247445221,130933700
2015-04-27,41.04956817626953,41.13503665174244,40.357291456528316,40.36583667393112,59248200
2015-04-28,42.01533889770508,42.05807150340577,40.7675285536274,40.83590007069074,60730800
2015-04-29,41.92987823486328,42.14354454683413,41.451264522344474,41.63929192017136,47804600
2015-04-30,41.5709114074707,42.34011132869568,41.53672401979654,41.622192488981945,64725500
2015-05-01,41.58800506591797,41.776032437677124,41.36579356680248,41.519633550916566,38937300
2015-05-04,41.229034423828125,41.76747094008722,41.17775335834681,41.34013850860607,34039500
2015-05-05,40.68205261230469,41.16066618502516,40.43420224063295,40.87007995521063,50369200
2015-05-06,39.55391311645508,40.82736597920261,39.33170155008509,40.656432249531235,52433000
2015-05-07,39.9128532409668,40.24617204500968,39.451333392159114,39.54534705694824,32971700
2015-05-08,40.810264587402344,41.00683719836875,40.61369197643594,40.63933088995226,35364900
2015-05-11,40.4854850769043,40.94700501568524,40.4854850769043,40.639325056497945,24609400
2015-05-12,40.468379974365234,40.75042094420088,39.67354139064915,40.041047542702294,29928300
2015-05-13,40.707698822021484,41.297416555672356,40.65641774333023,41.18630918198559,34184600
2015-05-14,41.63928985595703,41.72475507239287,41.04956877756708,41.04956877756708,32980900
2015-05-15,41.28030776977539,41.80165380151077,41.0666415771158,41.76746642821627,28642700
2015-05-18,41.032470703125,41.21195285494787,40.690606613577295,41.00683179298831,24136500
2015-05-19,40.92924499511719,41.127095084454744,40.58515588580503,40.912040211503886,28574800
2015-05-20,40.92924499511719,41.23032050465762,40.662575771326416,40.765801191529285,25047900
2015-05-21,40.791603088378906,40.946442845612935,40.438913259451766,40.6711728953028,22410700
2015-05-22,40.34429168701172,40.73138779676622,40.27547255902546,40.688377482513125,25720600
2015-05-26,40.0776252746582,40.32708970873735,39.73353617375753,40.284079391493975,29581900
2015-05-27,40.955055236816406,41.09269024006445,40.10343639820347,40.275480972632856,27335600
2015-05-28,40.81740951538086,41.30773429079064,40.765795172162186,40.860419827324854,19283700
2015-05-29,40.30989456176758,40.920649744466445,40.077634855358646,40.80021951480499,36519600
2015-06-01,40.628170013427734,41.09268937010975,40.103435549191815,40.4819342612189,28837300
2015-06-02,40.361515045166016,40.7314098547158,40.10344973841646,40.3701190815621,21498300
2015-06-03,40.30127716064453,41.066875175167645,40.2754716289839,40.74859163779594,28002200
2015-06-04,39.87978744506836,40.56796257686651,39.74215241870873,40.24968219368697,27745500
2015-06-05,39.69051742553711,40.017401673809,39.43245229541769,39.836756410873015,25438100
2015-06-08,39.337833404541016,39.93998765057662,39.28621905837454,39.828158207954246,22121600
2015-06-09,39.26901626586914,39.51847739377502,39.1055724824575,39.36363764184639,24406100
2015-06-10,40.09484100341797,40.28409038872458,39.303437167890316,39.38946110733776,28417400
2015-06-11,39.94858169555664,40.36148655115303,39.68191582214761,40.13783098492519,27347800
2015-06-12,39.54429244995117,39.97440221066336,39.48407734596963,39.759347330307264,23931000
2015-06-15,39.12278747558594,39.26902651567872,38.72708724247413,39.09698193735437,33254500
2015-06-16,39.42385482788086,39.77654463407841,38.967936335862234,39.01094664754946,27070300
2015-06-17,39.54429244995117,39.630313089502785,39.01955801684597,39.33783832095941,28704100
2015-06-18,40.189453125,40.25826897355492,39.71632980972422,39.75934340673237,32658300
2015-06-19,39.6561164855957,40.28407959005623,39.56149509978464,40.24967002350118,63837000
2015-06-22,39.76795196533203,40.18946101584363,39.707736855469996,39.85397589476163,20318100
2015-06-23,39.492679595947266,39.810959912138365,39.24321513771337,39.681928947914656,25896500
2015-06-24,39.26041793823242,39.78515236472786,39.18299805102036,39.28622347347744,34890900
2015-06-25,39.26901626586914,39.62170608271181,39.139982045436426,39.595897269739346,20616000
2015-06-26,38.93355178833008,39.81097649268692,38.73570160227097,39.269040310581836,49835300
2015-06-29,38.167938232421875,38.907727526222274,38.159337481286116,38.744287002827036,34081700
2015-06-30,37.97869873046875,38.469023666777055,37.79805011066237,38.460419632679,35945400
2015-07-01,38.236751556396484,38.907721613232425,37.935672808769645,38.24535230622515,28343900
2015-07-02,38.19374465942383,38.494820152495095,37.90126991695027,38.262560508635794,21752000
2015-07-06,38.18514633178711,38.262566224639215,37.80665090088638,37.81525165276895,23034000
2015-07-07,38.107730865478516,38.271174703527976,37.26471597954164,38.14214043996026,36435800
2015-07-08,38.05611038208008,38.623855094836195,37.87546180142559,38.22815164902443,39785900
2015-07-09,38.29697036743164,38.89912463966496,38.279765584627626,38.494820447462615,32424700
2015-07-10,38.37439727783203,38.83031262047349,38.339987705921665,38.71848315250351,25465800
2015-07-13,39.17439651489258,39.243212367992875,38.66686688255468,38.69267241728267,28178300
2015-07-14,39.243228912353516,39.53570379465599,38.97656285713661,39.09699311194145,22880300
2015-07-15,39.363643646240234,39.475473102241565,39.07977291205476,39.29482779126199,26629600
2015-07-16,40.13783264160156,40.16363817068017,39.54428250245993,39.57868878073933,26271700
2015-07-17,40.103431701660156,40.24106668878966,39.79375216024953,40.0432165998833,29467100
2015-07-20,40.361515045166016,40.54216371322128,39.94860989807104,40.1292585661263,30631900
2015-07-21,40.67118453979492,40.7141981480458,39.98300946698946,40.24107470910681,42781900
2015-07-22,39.17439651489258,40.37010108561823,38.88192175589316,39.088372596671014,59152400
2015-07-23,39.66471862792969,39.76794404119921,38.79589516193746,38.9421341720896,33934000
2015-07-24,39.51847457885742,39.84535884092006,39.398044398486,39.492669049199634,32333200
2015-07-27,39.01095199584961,39.57869671979606,38.92493136068195,39.51848161888332,39701400
2015-07-28,39.00234603881836,39.2604111913512,38.529226045595394,39.208800129730506,34328900
2015-07-29,39.81955337524414,40.24105900722138,38.93352523834618,39.05395870038741,40945900
2015-07-30,40.32709884643555,40.774413466372486,39.509889507733014,39.79376029104289,39777900
2015-07-31,40.17224884033203,40.74859429484426,40.000204294597545,40.67977844543653,31201500
2015-08-03,40.266876220703125,40.4303167453633,39.95719667378742,40.41311196148165,24125900
2015-08-04,40.89483642578125,41.04107216784726,40.155047119742086,40.2152622231195,33403900
2015-08-05,40.92924499511719,41.64322546694604,40.894835427890584,41.2733308229524,26959700
2015-08-06,40.103431701660156,41.092685427668876,39.853970543503316,41.04107107694146,27368000
2015-08-07,40.20668029785156,40.24108660055088,39.79377185067417,39.90560135851298,19163000
2015-08-10,40.71418380737305,40.85181877345526,40.29267487791578,40.38729953237413,23079900
2015-08-11,39.922786712646484,40.37870199584837,39.484076213156726,40.27547657505259,29237400
2015-08-12,40.20668029785156,40.344315353084504,39.32065155340333,39.73355671910216,30181400
2015-08-13,40.19806671142578,40.516347085762554,39.99161581836109,40.48194079123696,22627200
2015-08-14,40.43031311035156,40.516333740548866,40.01740817874646,40.026008929175504,21473400
2015-08-17,40.705589294433594,40.81741875598609,40.060424624786215,40.26687876292335,21099700
2015-08-18,40.93072509765625,41.069267718910154,40.43716680299441,40.558391183702,23574100
2015-08-19,40.35923767089844,40.76620807904207,40.09080988846716,40.50643776560424,31485500
2015-08-20,39.53663635253906,40.238010199404705,39.53663635253906,39.891652010136525,36238200
2015-08-21,37.29396438598633,39.38076376180384,37.29396438598633,39.22490295339295,70053100
2015-08-24,36.09037780761719,36.96492724961098,34.393230328172045,35.025331073992454,88753700
2015-08-25,35.04266357421875,37.44118571936234,34.97339060247649,36.86103614193076,70616600
2015-08-26,36.982242584228516,37.09480945709914,35.55352291842722,36.37611758823002,63408000
2015-08-27,38.01266860961914,38.05596255866367,37.17275212506554,37.43251912244933,50943200
2015-08-28,38.03863525390625,38.22913254804704,37.571052788169276,37.57971355778429,28246700
2015-08-31,37.683616638183594,38.038632192160584,37.319940315288704,37.718253107624164,34441700
2015-09-01,36.21160125732422,36.87833845837556,36.07305867678859,36.51466212002225,49688900
2015-09-02,37.54507827758789,37.56239651425197,36.263558492489196,36.67918626307937,37671500
2015-09-03,37.66630554199219,38.0819333447023,37.475808227081494,37.58837512253928,28285200
2015-09-04,36.895660400390625,37.26799424231917,36.54064479565829,37.068839469236735,37138800
2015-09-08,38.00400924682617,38.09925792012516,37.40654480038259,37.493132701681645,32469800
2015-09-09,37.29396438598633,38.44560221445399,37.15542181218948,38.28108063717832,33469500
2015-09-10,37.484466552734375,37.91741256520823,37.016884066514784,37.337263190872974,31366600
2015-09-11,37.648983001708984,37.744231648279936,37.18140053842383,37.354579595542305,27132500
2015-09-14,37.26799392700195,37.61434875864774,37.11213309667076,37.605691291680884,23656000
2015-09-15,38.081932067871094,38.35035979323471,37.302631202587,37.39787655373276,28882200
2015-09-16,38.3590202331543,38.42829318820999,37.96071065093296,38.07327755134031,23372200
2015-09-17,38.31572723388672,38.96514633954582,38.16852715543319,38.350363712269804,32768200
2015-09-18,37.648983001708984,38.09058976251689,37.51910118620696,37.66630123773241,63143700
2015-09-21,38.194496154785156,38.50621779925429,37.75288939074863,37.77020762689867,26177200
2015-09-22,38.01266860961914,38.142550456752744,37.50179208341385,37.56240427269951,28085900
2015-09-23,37.986690521240234,38.24645752493953,37.674968795554406,38.03864524322676,17145200
2015-09-24,38.02130126953125,38.21179848476891,37.467131155873794,37.62299191322926,27905600
2015-09-25,38.047298431396484,38.73135399656609,37.891437586089076,38.514880967318724,29384600
2015-09-28,37.484466552734375,38.17717951206936,37.415193605242905,37.952049038953966,27613800
2015-09-29,37.61435317993164,37.726920082428,37.27665577555892,37.553740994691225,32763600
2015-09-30,38.324378967285156,38.359015440485436,37.80484508174449,37.995342381230145,34958900
2015-10-01,38.62744903564453,38.74867340719075,37.8827812640133,38.74867340719075,28657900
2015-10-02,39.45869827270508,39.45869827270508,38.029975147948214,38.33303933056238,41839000
2015-10-05,40.37653732299805,40.60166774746378,39.57125764956468,39.61455158083325,34369300
2015-10-06,40.480464935302734,40.85279888772707,40.02154307431706,40.11679175560472,27017200
2015-10-07,40.52375793457031,40.99999802666822,39.78775081979326,40.783524957249455,27711500
2015-10-08,41.086585998535156,41.147198188946604,40.26398773894415,40.31594246063252,33772700
2015-10-09,40.79218292236328,41.16451684038807,40.62766128693294,41.08658640863598,28600600
2015-10-12,40.69692611694336,40.75753829584697,40.263980094422685,40.67960787966861,19769100
2015-10-13,40.601680755615234,40.80949631664661,40.31593807520291,40.31593807520291,19987800
2015-10-14,40.41984558105469,40.783518696352694,40.28996043809603,40.39386987370951,24697800
2015-10-15,40.70558166503906,40.72289990149738,40.28995389938708,40.70558166503906,27189400
2015-10-16,41.13853454589844,41.164513556487776,40.61034310962263,40.71424924263074,26450300
2015-10-19,41.23377990722656,41.45891369767605,40.71424598069353,41.06060083067684,29387600
2015-10-20,41.36366653442383,41.398303011608036,40.714247451243224,41.07792055232856,30802200
2015-10-21,40.870113372802734,41.554169018148656,40.792182941015014,41.49355352398782,25144300
2015-10-22,41.58879852294922,42.38542101120374,40.774861098597256,41.155852451952484,56637100
2015-10-23,45.77972412109375,46.81879552231028,45.24287182999336,45.28616578356136,135227100
2015-10-26,46.97465133666992,47.03526352575823,45.45934000322895,45.485315711947784,64633300
2015-10-27,46.4897346496582,47.07854140245969,46.3944893158329,46.74950486062949,50999900
2015-10-28,46.7408561706543,46.7408561706543,45.77105792259111,46.359864827551405,47000800
2015-10-29,46.20400619506836,46.61097656734463,46.082781821143456,46.35986704814793,30202100
2015-10-30,45.580562591552734,46.7495189847461,45.563244352048045,46.169369522246484,46619800
2015-11-02,46.100093841552734,46.203999961882765,45.56323839642956,45.76239317002712,30285000
2015-11-03,46.88805389404297,47.0958661277232,45.80568887620371,45.83166457963476,36596900
2015-11-04,47.104530334472656,47.520158135274244,46.81012689601534,46.914033020436705,37087800
2015-11-05,47.087215423583984,47.364300643696346,46.75817548603192,47.18246408733193,31468500
2015-11-06,47.55477523803711,47.60672993424905,46.723519917336226,46.83608677423792,32851200
2015-11-09,46.8967170715332,47.511499683781544,46.377183120951905,47.23441446972268,32513100
2015-11-10,46.33388137817383,46.870736818565675,46.126069139345226,46.818782107300535,55283700
2015-11-11,46.455108642578125,46.931348597551064,46.29058704319616,46.498402583372766,36516300
2015-11-12,46.16936111450195,46.740849701619176,46.05679422977885,46.30790370219353,35361100
2015-11-13,45.75373458862305,46.143386659265616,45.48530687259907,45.952889357370154,36848200
2015-11-16,46.559017181396484,46.662923305328185,45.76239475627711,45.96155283989405,32165200
2015-11-17,46.17546081542969,46.663626658882144,46.07085099864953,46.349803859302476,31551300
2015-11-18,46.94258117675781,47.05590681958021,46.184178267919854,46.20161323799872,29710000
2015-11-19,47.02102279663086,47.64866822996834,46.88154640315359,47.06461187146337,28149200
2015-11-20,47.23896789550781,47.33485856597413,46.43697924320855,47.291272804502285,37147600
2015-11-23,47.23896789550781,47.47433499791228,46.855408539023,47.291272804502285,28235900
2015-11-24,47.29127883911133,47.45690608399138,46.70722224502309,47.00360679100397,24600000
2015-11-25,46.8030891418457,47.27382320093603,46.8030891418457,47.15178177644137,21005100
2015-11-27,47.01232147216797,47.14308208622378,46.89028000591884,46.898995828344965,9009100
2015-11-30,47.37843704223633,47.91019189641592,47.073333433467674,47.544067565893535,56241400
2015-12-01,48.13684844970703,48.145564271470086,47.334856506913866,47.43074717320895,39952800
2015-12-02,48.128135681152344,48.78193213758112,47.99737838509503,48.22402636015615,47274900
2015-12-03,47.24769592285156,48.61630970764594,47.01232877621175,48.372226737225866,38627800
2015-12-04,48.73833084106445,49.017283640884656,47.16050136521047,47.177936330871695,43963700
2015-12-07,48.65117263793945,48.79064907597831,48.19787338296801,48.63373766751202,30709800
2015-12-08,48.63373947143555,48.903973209632774,47.936357255373935,48.354786585010906,32878000
2015-12-09,47.927635192871094,48.70347306890053,47.51792171099377,48.267608794692485,36373200
2015-12-10,48.18043899536133,48.520412609357294,47.9537877024436,48.28504549381071,31775800
2015-12-11,47.12565231323242,48.03224758765841,47.082063220152904,47.69227394407605,39549500
2015-12-14,48.06711196899414,48.12813270178622,46.79438907735859,47.36101396800564,46768900
2015-12-15,48.119407653808594,48.7296181901185,48.023516999125334,48.52040191395685,39843000
2015-12-16,48.93013000488281,49.03473651166772,47.73585936134661,48.415809968900746,37503300
2015-12-17,48.55526351928711,49.505447431675535,48.40706798963715,49.13060402332363,41280900
2015-12-18,47.18666076660156,48.81679199681744,47.09948592852207,48.616294857304695,84684200
2015-12-21,47.796871185302734,48.250167040408066,47.273832134567286,47.840456941519015,37246300
2015-12-22,48.25017547607422,48.3635011223535,47.5092075147126,47.936355981223365,28322200
2015-12-23,48.65988540649414,48.7121903144937,48.32862763992437,48.555278915875405,27279800
2015-12-24,48.529117584228516,48.781919613904364,48.31990463409531,48.694748105578846,9558500
2015-12-28,48.77320098876953,48.77320098876953,47.92762344003708,48.25016199275144,22458300
2015-12-29,49.2962532043457,49.55777112743623,48.86910803922002,49.069605224435456,27731400
2015-12-30,49.0870361328125,49.496746292434,49.06960116266554,49.226512568607575,21704500
2015-12-31,48.36350631713867,48.982432876085646,48.311201399688414,48.85167557053147,27334100
2016-01-04,47.77071762084961,47.77071762084961,46.541580659281685,47.35228837067543,53778000
2016-01-05,47.9886474609375,48.28503524813697,47.54406744282824,47.88404098468472,34079700
2016-01-06,47.11692428588867,47.42203125304724,46.75951573749971,47.352291377566324,39518900
2016-01-07,45.47807693481445,46.62876168212536,45.39090540981812,45.940095328360506,56564900
2016-01-08,45.6175651550293,46.44570477221156,45.46065372063281,45.65243177626541,48754000
2016-01-11,45.59141159057617,46.070861723599535,44.859159329554274,45.77447382448636,36943800
2016-01-12,46.009830474853516,46.288783336759266,45.382188198255776,45.992395505311855,36095500
2016-01-13,45.01606750488281,47.134368416338795,44.71967962724013,46.89900127891247,66883600
2016-01-14,46.29750442504883,46.56773815082195,44.955041642487494,45.329885189895926,52381900
2016-01-15,44.44942855834961,45.303721914026134,43.882803819453514,44.72838135508563,71820700
2016-01-19,44.07460403442383,45.050939242117785,43.63873968674497,44.87659283797002,43564500
2016-01-20,44.275089263916016,44.78940918812706,42.801866038857504,43.56898801445944,63273000
2016-01-21,44.00486755371094,44.963771188163825,43.84795611035285,44.45816690948081,40191200
2016-01-22,45.58268356323242,45.61755350094132,44.68480095681997,44.81556156053818,37555800
2016-01-25,45.146827697753906,45.896514870743786,45.024786218500836,45.2775850003618,34707700
2016-01-26,45.47807693481445,45.713444042761196,44.93760616400001,45.14682247952395,28900800
2016-01-27,44.64993667602539,45.504230242221155,44.47559030375717,45.33859969214514,36775200
2016-01-28,45.38219451904297,45.51295182074656,44.67609311847244,45.207848124723974,62513800
2016-01-29,48.02352523803711,48.02352523803711,47.07334099965841,47.70970243264518,83611700
2016-02-01,47.6922721862793,48.02352999426512,47.50920997346377,47.84046778144958,44208500
2016-02-02,46.20161437988281,47.299990918954066,45.896510709413185,47.22153521435036,56313800
2016-02-03,45.46935272216797,46.541578243595445,44.68479584045034,46.419536800968245,57559800
2016-02-04,45.32988739013672,46.03598875623552,44.780697438726534,45.41705892035007,46987100
2016-02-05,43.725914001464844,45.32989503574491,43.202878081204915,45.27759011356641,62009000
2016-02-08,43.07209777832031,43.211574181751466,42.00858812379544,43.1941392156501,59290500
2016-02-09,42.95879364013672,43.79565580452255,42.42703854700431,42.732145618257725,46740500
2016-02-10,43.33362579345703,43.92640147856317,43.16799856467582,43.49053719983104,38237000
2016-02-11,43.31619644165039,43.68232421247238,42.28755634439091,42.43575194757963,48878600
2016-02-12,44.02228927612305,44.17920067224658,43.36849290073508,43.804357150993724,34243300
2016-02-16,44.856380462646484,44.856380462646484,44.01351328612884,44.689564047270004,37291200
2016-02-17,46.02409744262695,46.33139503912442,45.17245195059112,45.2075722500633,40789000
2016-02-18,45.82215881347656,46.48943107830302,45.74313981762227,45.945079856448984,27176000
2016-02-19,45.49730682373047,45.901180224119116,45.242689673776525,45.62900627350144,33559100
2016-02-22,46.226043701171875,46.53333798970314,45.90118591128847,45.90118591128847,25008300
2016-02-23,44.935394287109375,45.980198061502456,44.75979614160686,45.9538595119167,28895300
2016-02-24,45.09342956542969,45.216347255096586,44.07496440200357,44.50517631583772,33014500
2016-02-25,45.743133544921875,45.743133544921875,44.43493444203874,45.41827920618153,26939500
2016-02-26,45.04075622558594,46.252379863488905,44.86515806296493,46.18213925873795,35975900
2016-02-29,44.6719970703125,45.34804772815955,44.47883878256879,45.08464884514325,31654000
2016-03-01,46.164573669433594,46.17335206872831,44.70711154158489,44.75101358582572,33024500
2016-03-02,46.48942565917969,46.49820405802647,45.7958149263391,46.01531173931988,29289900
2016-03-03,45.96265411376953,46.50700889163689,45.462201399695225,46.50700889163689,24427800
2016-03-04,45.68169021606445,46.050446721100684,45.4007344737781,46.00654801435406,33034200
2016-03-07,44.80368423461914,45.47973475775088,44.40859268733569,45.269019712433746,38407800
2016-03-08,45.34804916381836,45.76948270102817,44.42615974258736,44.601757887072125,33835100
2016-03-09,46.39285659790039,46.401634998653044,45.53242930611979,45.55876785763404,28251600
2016-03-10,45.69924545288086,46.48065373638951,44.917837169372206,46.47187533568711,38387800
2016-03-11,46.594791412353516,46.594791412353516,45.9889813073753,46.53333256181614,32275700
2016-03-14,46.68258285522461,47.05133926064057,46.20847226148371,46.27870950345225,24083600
2016-03-15,47.05134582519531,47.05134582519531,46.30505786022264,46.31383626072256,21104800
2016-03-16,47.71860885620117,47.938105683229246,46.884523592899114,46.928422288453575,31691700
2016-03-17,47.99079513549805,48.28931101025899,47.41132353734519,47.59570010283555,28223900
2016-03-18,46.96354675292969,48.262967682357534,46.928426453666646,48.219065633650686,67625500
2016-03-21,47.28840637207031,47.349865227942146,46.471877744908554,46.75283347153879,23925700
2016-03-22,47.472774505615234,47.630812492424575,46.937201700234226,47.06890113899396,23124100
2016-03-23,47.384979248046875,47.62203623894401,47.183042555635836,47.507896943492206,20129000
2016-03-24,47.59569549560547,47.70105639362088,47.17426195131209,47.27084109986484,19950000
2016-03-28,47.00745391845703,47.66594457658136,46.82307733800382,47.59570396540489,17025100
2016-03-29,48.034690856933594,48.16639030939633,46.92842818342022,47.11280473746309,23924300
2016-03-30,48.333213806152344,48.85122659299895,48.20151768361916,48.227856238274455,23008300
2016-03-31,48.491241455078125,48.80731744032566,48.16638706990971,48.24540606622159,26360500
2016-04-01,48.789764404296875,48.82488470761257,47.91177691694331,48.333210508962246,24399200
2016-04-04,48.666847229003906,48.868783951412894,48.28931233733513,48.666847229003906,18928800
2016-04-05,47.902984619140625,48.55269329571888,47.81518388632228,48.45611416424645,19272300
2016-04-06,48.39466857910156,48.464909184592095,47.595700112557076,47.72739957322361,21188700
2016-04-07,47.81519317626953,48.21028817757579,47.613256475436586,48.17516787762498,19225100
2016-04-08,47.78007125854492,48.53514093564091,47.692273860896755,47.99956810192138,22167200
2016-04-11,47.683502197265625,48.42101182917158,47.67472044670655,47.841540214763796,21414200
2016-04-12,47.982017517089844,48.096153478965725,47.200605840075355,47.736178743169674,24944300
2016-04-13,48.59659957885742,48.675618576109876,48.192726192569786,48.3946628857136,20818000
2016-04-14,48.60538864135742,48.79854696353867,48.35077146198333,48.48247092697173,20877100
2016-04-15,48.8599967956543,49.09705043003609,48.3858828283789,48.552699217195396,28793800
2016-04-18,49.5711669921875,49.68530629011879,48.47368276007607,48.719521505563165,23786000
2016-04-19,49.509708404541016,49.84334455065619,48.886338161231784,49.72042685189167,29596800
2016-04-20,48.80732727050781,49.606295794466114,48.71952985659195,49.42191921568881,36195700
2016-04-21,48.97415542602539,49.36925058178589,48.65807930141699,48.991715582865574,38909100
2016-04-22,45.462196350097656,46.03288962344676,44.57543035764324,45.576335674618846,126834100
2016-04-25,45.751930236816406,45.769490389140145,45.33049662881645,45.4621927473596,33226900
2016-04-26,45.163665771484375,45.96263408520596,44.85637155438214,45.8836150937717,33532600
2016-04-27,44.72468185424805,45.21635605789144,44.38226726658389,45.19879590605527,43369300
2016-04-28,43.81158447265625,44.575432779867675,43.51306854178809,44.44373329447462,43134800
2016-04-29,43.78523254394531,44.118868707786,43.32867867480971,43.32867867480971,48411700
2016-05-02,44.4349479675293,44.557865681804955,43.70621673395714,43.89937505596547,33114500
2016-05-03,43.706214904785156,44.25934794513268,43.54817689325729,44.197889090567,26460200
2016-05-04,43.78523254394531,43.9520523004938,43.42525782875751,43.758893992598196,24257600
2016-05-05,43.846683502197266,44.16275945847975,43.662306977451045,43.78522466061519,25390700
2016-05-06,44.24177932739258,44.24177932739258,43.600849002964914,43.829124226344405,24787300
2016-05-09,43.96083450317383,44.41738841179481,43.89937564521106,44.32959100020702,17951600
2016-05-10,44.794918060302734,44.86515531148983,44.06618690235665,44.189107953132364,22891000
2016-05-11,44.82125473022461,45.46218511072437,44.77735603141756,44.89149532772071,24039100
2016-05-12,45.225128173828125,45.48852706550728,44.70711548905172,44.95295423133519,24102800
2016-05-13,44.847599029541016,45.56754844613373,44.81247872891302,45.16367168742428,22592300
2016-05-16,45.506099700927734,45.620235679432376,44.55787146892115,44.60177017982731,20032000
2016-05-17,44.657325744628906,45.7359635140259,44.52470850305732,45.72712371366072,27803500
2016-05-18,44.92256164550781,45.21432224050957,44.47165430866611,44.63079767782413,24907500
2016-05-19,44.48933792114258,44.75457574933447,44.04727374992878,44.62195852157951,23842400
2016-05-20,44.75457000732422,45.28504896832953,44.56006409036899,44.63079259489411,23905800
2016-05-23,44.23295211791992,44.80763704840755,44.18874636311693,44.73690514257644,26118700
2016-05-24,45.612178802490234,45.7182732533731,44.56006734725417,44.82530516080223,34757900
2016-05-25,46.08076858520508,46.40789850252183,45.7890079839584,45.90394224094667,24040200
2016-05-26,45.877418518066406,45.95699020269796,45.40883158228167,45.91278446072086,24335200
2016-05-27,46.257606506347656,46.257606506347656,45.7713364674498,45.90395372932221,17721400
2016-05-31,46.85881042480469,46.85881042480469,46.045413824997595,46.20455385187426,37653100
2016-06-01,46.7261848449707,46.814599709060715,46.363692333907174,46.363692333907174,25324800
2016-06-02,46.399051666259766,46.628926907447344,45.833210107462236,46.54051205595915,22840800
2016-06-03,45.789005279541016,46.346003677936544,45.621018744710355,46.310641109319064,23368300
2016-06-06,46.089599609375,46.28410550137877,45.87740737765686,45.96582221282321,18243300
2016-06-07,46.06307601928711,46.620077707247596,46.06307601928711,46.186856795363774,20866800
2016-06-08,46.010040283203125,46.36368960066817,45.85973670945192,45.99235731142757,21149400
2016-06-09,45.63870620727539,45.974675937322196,45.523771945763215,45.974675937322196,20305700
2016-06-10,45.514915466308594,46.018868227700146,45.125900305507734,45.13474010277726,25833200
2016-06-13,44.3302001953125,44.842996318114416,43.3753432176806,43.835090419015366,83217800
2016-06-14,44.05612564086914,44.294837372606096,43.82625033764318,44.118014367272444,42577100
2016-06-15,43.93234634399414,44.31252188951834,43.93234634399414,44.01191804823601,33757600
2016-06-16,44.55122375488281,44.62195563659127,43.77318991949857,43.782033091053,31188600
2016-06-17,44.32135772705078,44.58659557305713,44.04727670832431,44.56891260029908,45710500
2016-06-20,44.268314361572266,44.940253919934094,44.23294841162004,44.77226734400233,35607900
2016-06-21,45.25853729248047,45.4707296192347,44.34788600483432,44.383251954740466,34097800
2016-06-22,45.08171844482422,45.497256590144616,45.04635249165736,45.1612901531082,28816800
2016-06-23,45.895111083984375,46.02773171032258,45.22317489648799,45.33810917511963,29028800
2016-06-24,44.05612564086914,45.03750546212838,43.782044586309766,44.03844266579925,133503000
2016-06-27,42.81834411621094,43.454917724261556,42.47353453607772,43.41070860050489,50216300
2016-06-28,43.71131134033203,43.73783748846155,43.03053199817155,43.251564120716544,38140700
2016-06-29,44.68384552001953,44.84298888536047,44.02958908776437,44.126843741326255,31304000
2016-06-30,45.240848541259766,45.3557861774384,44.64848413303565,44.842993460002226,28527800
2016-07-01,45.23200607299805,45.72711916121413,45.15243438690407,45.20548330186072,21400400
2016-07-05,45.240848541259766,45.33810320474305,44.860676432697566,44.94024812348551,24806400
2016-07-06,45.4265251159668,45.567985546794375,44.55123638150179,44.89604597085135,28167500
2016-07-07,45.4265251159668,45.62987427448877,45.15244405568968,45.46188769416166,19585200
2016-07-08,46.23992919921875,46.29297813408119,45.57683269051289,45.73597612241696,28391000
2016-07-11,46.496307373046875,46.708499648758256,46.39021292153209,46.41673569124033,22269200
2016-07-12,47.044471740722656,47.21245829661818,46.67313942856201,46.80575666604129,27317600
2016-07-13,47.30971145629883,47.61915843466618,47.01795082417902,47.35392057655299,25356800
2016-07-14,47.5130615234375,47.734093622616214,47.3716011148704,47.60147301403612,24545500
2016-07-15,47.47770309448242,47.74294098095116,47.04447862752673,47.69873522865349,32024400
2016-07-18,47.70756530761719,48.04353502744041,47.345072816357025,47.47769341890573,31433900
2016-07-19,46.93838119506836,47.65452647890312,46.796920773004,47.48653990898247,53336500
2016-07-20,49.43162536621094,50.25386515875923,49.09565558461378,49.64381769476773,89893300
2016-07-21,49.334373474121094,49.71454902859384,49.29900752191832,49.49351688635074,32776700
2016-07-22,50.015140533447266,50.068189448659204,49.31667832689245,49.581919530270135,32157200
2016-07-25,50.15660095214844,50.16544412436118,49.741059547881754,49.92672906484725,25610600
2016-07-26,50.18313980102539,50.65173027064885,49.96210764244097,49.97095081748687,28079000
2016-07-27,49.679176330566406,50.218495224035884,49.60844780844776,50.05051203290702,32327500
2016-07-28,49.69685745239258,49.83831786404095,49.26363641726792,49.51119129448201,37550400
2016-07-29,50.11240005493164,50.18312857606289,49.555398195537826,49.74106435777499,30558700
2016-08-01,50.02399444580078,50.17429467881437,49.63497572942166,50.0416740486519,26003400
2016-08-02,50.02399444580078,50.30691530897683,49.78527933511798,50.26270618380086,35122000
2016-08-03,50.368804931640625,50.49258238989331,49.9444236293388,50.1124068408699,22075600
2016-08-04,50.74013900756836,50.855076668091996,50.103565346431765,50.2185030069554,26587700
2016-08-05,51.24406433105469,51.46509635805822,50.79316047994716,50.9699867760862,29335200
2016-08-08,51.33249282836914,51.35901559941105,51.08493459881076,51.33249282836914,19473500
2016-08-09,51.456268310546875,51.72150612897963,51.29712494495085,51.429742167826305,16920700
2016-08-10,51.29713439941406,51.56237226673223,51.12030803030779,51.42091184598371,15756900
2016-08-11,51.544677734375,51.67729832463699,51.305962695512434,51.305962695512434,18162300
2016-08-12,51.226402282714844,51.44743439997787,50.943481442432756,51.30597397983683,21655200
2016-08-15,51.38554382324219,51.72151357371309,51.24408340820428,51.28828915552569,19283900
2016-08-16,51.10085678100586,51.26099205320707,50.94961979820642,51.25209715750836,20523500
2016-08-17,51.20762252807617,51.314378258811416,50.914040026424885,51.18982934066972,18856400
2016-08-18,51.24319839477539,51.332164319455984,50.949619327586994,51.083063124053346,14214300
2016-08-19,51.260990142822266,51.35885096037629,50.887343450746485,51.091959981221734,17271000
2016-08-22,51.30547332763672,51.37664606805045,50.94072151727401,51.24319887662624,15221900
2016-08-23,51.501190185546875,51.75918625502389,51.46560381864603,51.51008847412345,18732400
2016-08-24,51.5545768737793,51.63464451354043,51.34996032632379,51.421129676276344,18151500
2016-08-25,51.75028610229492,51.85704519915178,51.40332752176669,51.49229343581407,18552600
2016-08-26,51.625755310058594,52.221815265123176,51.32327788369085,51.848165082573,20971200
2016-08-29,51.688011169433594,52.1328305543468,51.688011169433594,51.75918389999695,16417200
2016-08-30,51.501190185546875,51.76808114989774,51.25209240464643,51.581257814222404,16930200
2016-08-31,51.1186408996582,51.421118205312496,50.97629883780339,51.28767443128123,20860300
2016-09-01,51.234310150146484,51.43892671291963,50.71831790112453,50.71831790112453,26075400
2016-09-02,51.30547332763672,51.76808595921678,51.083063604398404,51.30547332763672,18900500
2016-09-06,51.25210189819336,51.421132081728125,50.896244950674166,51.40333889498183,16278400
2016-09-07,51.29657745361328,51.45671272278703,51.07416773461674,51.12754728890899,17493400
2016-09-08,51.09196472167969,51.41223528386193,50.86955498613126,51.26989318885907,20146100
2016-09-09,50.006595611572266,51.172023649141195,50.006595611572266,50.52258773916394,35113900
2016-09-12,50.75389862060547,50.89624070900976,49.47281982496683,49.81977845334585,29303000
2016-09-13,50.29128646850586,50.398045581113074,49.86426019918636,50.264598387205616,30130200
2016-09-14,50.05107879638672,50.38024760507061,49.84646227390102,50.16673279386222,24062500
2016-09-15,50.87844467163086,51.02078675205582,49.80198247631066,49.95322284572006,26847000
2016-09-16,50.931819915771484,51.26988360082032,50.487000527860815,51.26988360082032,44607000
2016-09-19,50.647151947021484,51.376655704577196,50.57597919325815,50.949629363108265,20937100
2016-09-20,50.54038619995117,51.02078861788945,50.48700664520113,51.02078861788945,17384000
2016-09-21,51.38554000854492,51.465607643170465,50.78058869478896,51.163130289440986,33707300
2016-09-22,51.43892288208008,51.59905816166426,51.2698927063871,51.527885417980976,19822200
2016-09-23,51.09196472167969,51.51899100668827,51.04748345331065,51.48340463451174,19955300
2016-09-26,50.62045669555664,50.83396813921532,50.558182241680925,50.780591975152255,21688700
2016-09-27,51.5545768737793,51.65243769945437,50.4247350210181,50.647144754387554,28065100
2016-09-28,51.625755310058594,51.652446790478905,51.30548469464524,51.49231148277223,20536400
2016-09-29,51.06527328491211,51.75029223894338,50.896239725029076,51.43002509150278,25463500
2016-09-30,51.24319839477539,51.394438769880885,51.011893778011896,51.216510314222724,29910800
2016-10-03,51.08305358886719,51.19870757251242,50.76278650090732,51.07415869491096,19189500
2016-10-04,50.92293930053711,51.243206498928686,50.68273635646576,50.94962738531052,20085900
2016-10-05,51.27878189086914,51.563466046486646,50.94071818343478,50.96740965619462,16726400
2016-10-06,51.36775588989258,51.47451161661441,50.95851938233606,51.36775588989258,16212600
2016-10-07,51.42112350463867,51.58125876494127,51.08305980025511,51.465604767233216,20089000
2016-10-10,51.63463592529297,51.94600814273923,51.48339556703147,51.51898193294037,18196500
2016-10-11,50.87844467163086,51.61684654700608,50.611553695046915,51.50119254612864,26497400
2016-10-12,50.807273864746094,50.94961594107083,50.17563111316148,50.807273864746094,22177500
2016-10-13,50.63823699951172,50.97630068128086,50.104455096678386,50.442518778447536,25313700
2016-10-14,51.08305358886719,51.36774110100215,50.816162652049435,50.816162652049435,27402500
2016-10-17,50.9051399230957,51.11865136272866,50.59376426588485,51.02968882849879,23830000
2016-10-18,51.29657745361328,51.55457354213798,51.07416773461674,51.180923449498245,19149500
2016-10-19,51.180938720703125,51.45672807628105,51.065288075783606,51.127562544187654,22878400
2016-10-20,50.931819915771484,51.17202279248756,50.406932902288794,51.15422960972682,49455600
2016-10-21,53.07585144042969,53.77866691709033,52.9246144712181,53.62742655417599,80032200
2016-10-24,54.267974853515625,54.267974853515625,53.3160614677453,53.32495636383614,54067000
2016-10-25,54.25906753540039,54.5971278087083,54.09003400504402,54.134515262721116,35137200
2016-10-26,53.93879699707031,54.4458908002351,53.79645493642234,54.09893223951208,29911600
2016-10-27,53.46729278564453,54.116732123591916,53.458397890497224,53.92101049332268,28479900
2016-10-28,53.26267623901367,53.84094284074089,53.004683555410345,53.38722513324345,33574700
2016-10-31,53.307159423828125,53.75197885851442,53.307159423828125,53.52067424570685,26434700
2016-11-01,53.200401306152344,53.39612293455658,52.711100628844555,53.3516416718382,24533000
2016-11-02,52.8712272644043,53.316046606427754,52.75557328524157,53.21818580819023,22147000
2016-11-03,52.67552947998047,53.05807455854689,52.58656692884102,52.96021371607123,21600400
2016-11-04,52.2307014465332,52.73779537174589,52.06167126936338,52.177325282007594,28697000
2016-11-07,53.75197982788086,53.840945752644316,53.18261148420685,53.18261148420685,31664800
2016-11-08,53.79646301269531,54.0722488876459,53.51177884866075,53.86763235685249,22935400
2016-11-09,53.52956771850586,53.90321779843732,52.66662034586718,53.3783307437094,49632500
2016-11-10,52.221797943115234,53.81425220058907,51.26988470400019,53.80535391216593,57822400
2016-11-11,52.50648880004883,52.59545133343984,51.60795160176532,51.80367324766927,38767800
2016-11-14,51.705814361572266,52.55987032515247,50.958517514504116,52.50649076689645,41328400
2016-11-15,52.726844787597656,53.2821495129254,52.23423862262486,52.243197024088026,35904100
2016-11-16,53.42546463012695,53.43441961687915,52.67311932763914,52.789551238566794,27332500
2016-11-17,54.31214141845703,54.589793769966974,53.712058376436474,54.10614260925763,32132700
2016-11-18,54.05241012573242,54.75997358166356,54.007628363745646,54.43753942875168,27686300
2016-11-21,54.50919723510742,54.6077191691446,54.115109498958724,54.18676305703292,19652600
2016-11-22,54.74205780029297,54.86744809502582,54.46440883813574,54.61666750556012,23206700
2016-11-23,54.09720993041992,54.72416160100037,53.96286119150677,54.643553040978546,21848900
2016-11-25,54.213623046875,54.213623046875,53.855365561810736,54.00762422422149,8409600
2016-11-28,54.28527069091797,54.65248653773979,53.927009828181596,54.04344512106524,20732600
2016-11-29,54.71519088745117,55.001798259238704,54.20467129291529,54.32110660540066,22366700
2016-11-30,53.97179412841797,54.79579278493884,53.93597077375712,54.50918544787827,34655400
2016-12-01,53.02240753173828,53.87327454117879,52.789536939699964,53.8374477706146,34542100
2016-12-02,53.06719207763672,53.264235909474145,52.6641494291643,52.9149334196744,25515700
2016-12-05,53.935977935791016,54.26736707265377,53.344849797530415,53.47024009706609,23552700
2016-12-06,53.694156646728516,54.15093611991413,53.55980793404645,54.12406774402959,19907000
2016-12-07,54.96596908569336,54.97492748752493,53.55980066150881,53.74788610042106,30809000
2016-12-08,54.64353942871094,55.15406245942618,54.49128075139356,54.90327843703652,21220800
2016-12-09,55.503353118896484,55.52126650356536,54.75100804594792,54.7957897993057,27349400
2016-12-12,55.6825065612793,55.79894190857702,55.27946717313327,55.369030722358964,20198100
2016-12-13,56.407962799072266,56.802047053556876,55.74518457941046,55.97805177146293,35718900
2016-12-14,56.1392822265625,56.82893239890635,56.00493350360891,56.425889646675536,30352700
2016-12-15,56.04970932006836,56.560228915348574,55.798925306916594,56.15718623048804,27669900
2016-12-16,55.798919677734375,56.38109276564906,55.63770262005428,56.38109276564906,42453100
2016-12-19,56.98118591308594,57.11553462381924,55.906406477108476,56.03180020155338,34338200
2016-12-20,56.90952682495117,57.142394014761365,56.45274401358206,57.0438720979316,26028400
2016-12-21,56.90952682495117,57.052830499441086,56.53335254402196,56.8110049081214,17096300
2016-12-22,56.91849136352539,57.41109761372846,56.79310105437875,57.17823038483181,22176600
2016-12-23,56.640838623046875,56.90953261296448,56.24675091564689,56.82892407432626,12403800
2016-12-27,56.67666244506836,57.38422591037119,56.61396729413059,56.61396729413059,11763200
2016-12-28,56.41691970825195,56.784135581493494,56.27361603617303,56.784135581493494,14653300
2016-12-29,56.336326599121094,56.60502063073533,56.18406448400737,56.30049981713787,10250600
2016-12-30,55.65561294555664,56.416916435321276,55.55709103610002,56.39004464943293,25579900
2017-01-03,56.04970932006836,56.28257652874923,55.64666663520782,56.237794767460144,20694100
2017-01-04,55.798919677734375,56.201962321934616,55.63770262005428,55.96013673541447,21340000
2017-01-05,55.798919677734375,56.12135379309456,55.55709409121423,55.70039776285998,24876000
2017-01-06,56.28257751464844,56.5602299061114,55.5660590715837,55.7989262843437,19922900
2017-01-09,56.103450775146484,56.49753850747266,56.01388724505217,56.21092769458559,20382700
2017-01-10,56.08553695678711,56.488579672387864,55.78101617351428,56.18405888911503,18593000
2017-01-11,56.596038818359375,56.631865585524366,55.91534732536731,56.076564360981216,21517300
2017-01-12,56.076568603515625,56.7841319337272,55.48544056708504,56.47961122304304,20968200
2017-01-13,56.157188415527344,56.309447093160394,55.84370924104771,56.08553486137331,19422300
2017-01-17,56.00492477416992,56.15718686422636,55.55710032296657,56.139273476182694,20664000
2017-01-18,55.97806930541992,56.15719981052331,55.63772168738651,56.130328013948166,19670100
2017-01-19,55.798919677734375,56.407961136386064,55.70935616419167,55.74518293626036,18451700
2017-01-20,56.19300842285156,56.26465855174416,55.861615899757346,56.13030986220552,30213500
2017-01-23,56.39006423950195,56.533367953051474,56.040761651264376,56.15719698622024,23097600
2017-01-24,56.891624450683594,57.08866832248357,56.37214639471266,56.60501704622713,24672900
2017-01-25,57.03492736816406,57.41109830010124,56.828928512584696,57.27675300296498,23672700
2017-01-26,57.56336212158203,57.80519119458417,56.91849712121975,57.429020229092,43554600
2017-01-27,58.91577911376953,59.032217835290204,58.11865219943429,58.56647661572412,44818000
2017-01-30,58.3336181640625,58.92474979673504,58.03805918098596,58.83518626146156,31651400
2017-01-31,57.9036979675293,58.351522380529126,57.55439547205009,58.09178340099823,25270500
2017-02-01,56.94536209106445,57.87683782249194,56.84684015954025,57.643967181320264,39671500
2017-02-02,56.5781364440918,56.793093672280875,56.201965565547454,56.64978999236457,45827000
2017-02-03,57.03492736816406,57.05284075777484,56.488580943239356,56.87371027829678,30301800
2017-02-06,56.99909591674805,57.008054319133976,56.55127146307576,56.87370561638051,19796400
2017-02-07,56.81101608276367,57.124491864673985,56.63188560025931,57.08866850147693,20277200
2017-02-08,56.73040008544922,57.15135615155128,56.622923176714615,56.936398917452756,18096400
2017-02-09,57.37526321411133,57.71561415081051,56.71248497761792,56.89161543116154,22644400
2017-02-10,57.3215217590332,57.590219125581825,57.30360837348803,57.54543395340443,18170700
2017-02-13,57.966407775878906,58.0917980965784,57.437971281565346,57.536493224009234,22920100
2017-02-14,58.18265914916992,58.31782234714602,57.68706304815286,58.03849011276503,23108400
2017-02-15,58.14662170410156,58.18266568592374,57.81322690294795,58.119590436406575,17005200
2017-02-16,58.13759231567383,58.78637005302549,58.06551124738946,58.33583072149624,20546300
2017-02-17,58.22770309448242,58.290778323106494,57.93935821010318,58.092539926092456,21248800
2017-02-21,58.110565185546875,58.52506057504909,58.0745212115008,58.21869710768511,20655900
2017-02-22,57.99342346191406,58.02045472192969,57.71409127550642,57.966392201898444,19292700
2017-02-23,58.22770309448242,58.32682229298944,57.84023901159616,58.047483245067696,20273100
2017-02-24,58.22770309448242,58.38989752161352,57.7951823305714,58.146602443574714,21796800
2017-02-27,57.87629318237305,58.15562540484373,57.714098726654626,58.15562540484373,15871500
2017-02-28,57.65102005004883,57.849255044661945,57.45278161809294,57.74112999063912,23239800
2017-03-01,58.51605987548828,58.56110969098759,57.68706214900952,57.78618136766801,26937500
2017-03-02,57.67805099487305,58.344847325105285,57.56090979840534,58.29078480161445,24539600
2017-03-03,57.89430618286133,57.92133744377534,57.326625642269995,57.66002723447419,18135900
2017-03-06,57.912330627441406,58.17364430068698,57.49783864764191,57.642011116097606,18750300
2017-03-07,58.029476165771484,58.37188363530261,57.840250442502786,57.840250442502786,18521000
2017-03-08,58.56110382080078,58.64220448006712,57.89430749595374,57.903320208024454,21510900
2017-03-09,58.32683181762695,58.75033306486863,58.10156212508576,58.7413272269405,19846800
2017-03-10,58.507057189941406,58.80441489688051,58.34486270203708,58.66925167784574,19538200
2017-03-13,58.308807373046875,58.74132821486177,58.182656893077024,58.579133758516875,20100000
2017-03-14,58.03848648071289,58.16463695767985,57.80420407719479,58.14661153257863,14280200
2017-03-15,58.34486770629883,58.4980494928228,57.89432818733127,58.1646546485868,24833800
2017-03-16,58.245723724365234,58.35385563787978,57.93936028143419,58.344842926415765,20674300
2017-03-17,58.45298385620117,58.786378610265274,58.2817766853992,58.48902783293241,49219700
2017-03-20,58.507057189941406,58.73232693010372,58.3178314331675,58.48903863559066,14598100
2017-03-21,57.85826110839844,59.02065342836193,57.78617316421045,58.74132123798942,26640500
2017-03-22,58.59714889526367,58.69626810584856,57.77717082323475,57.77717082323475,20680000
2017-03-23,58.45298385620117,58.786378610265274,58.36287047703027,58.51605909680943,19269200
2017-03-24,58.55210494995117,58.975606222072436,58.35386650891926,58.89451242784257,22617100
2017-03-27,58.66023254394531,58.76836448227727,57.98442339741441,58.236724378836165,18614700
2017-03-28,58.83142852783203,58.993622967109765,58.254738715885594,58.53407091004204,20080400
2017-03-29,58.99361038208008,59.020641637079024,58.525045713153865,58.678234282620146,13618400
2017-03-30,59.20988464355469,59.45317975919039,58.89450845169857,58.94857097753522,15122800
2017-03-31,59.34504318237305,59.64240080054356,58.97559761894578,59.155817482087684,21040300
2017-04-03,59.065711975097656,59.41713212074204,58.74132309070516,59.29998748907061,20400900
2017-04-04,59.22789764404297,59.29997870514252,58.822408161273806,58.92152735430512,12997400
2017-04-05,59.074729919433594,59.7865830685917,58.96660485226642,59.74153324883417,21448600
2017-04-06,59.22789764404297,59.52524834845296,59.00262800073253,59.11075302972382,18103500
2017-04-07,59.182857513427734,59.43515848453103,58.96660052029432,59.33603926378533,14108500
2017-04-10,59.04769515991211,59.30900884791975,58.8945134073619,59.119783116883724,17952700
2017-04-11,59.00264358520508,59.1197813557801,58.43495953432165,59.11076864275564,18791500
2017-04-12,58.777374267578125,59.02967523643049,58.669242334633196,58.94857456805035,17108500
2017-04-13,58.525054931640625,59.3450397940785,58.525054931640625,58.83142524414728,17896500
2017-04-17,59.00264358520508,59.01164942354379,58.57913544397006,58.6061667083577,16689300
2017-04-18,58.92155075073242,59.20989573367777,58.71430644641775,58.86748821476976,15155600
2017-04-19,58.60618209838867,59.24594739741344,58.47101886627075,59.15584086756402,26992800
2017-04-20,59.020660400390625,59.24593009657533,58.69627148790982,58.98461642403881,22299500
2017-04-21,59.83164596557617,60.10196553620356,58.975616805205085,59.17385528181075,32522600
2017-04-24,60.849857330322266,60.96700198772468,60.46239312634004,60.8048075099022,29770000
2017-04-25,61.201263427734375,61.30939534622104,60.91291851978816,61.18324487866237,30242700
2017-04-26,61.120182037353516,61.55269604962511,60.930956297648905,61.345451757195136,26190800
2017-04-27,61.516639709472656,61.61575891626269,60.89490008241731,61.40851466547254,34971000
2017-04-28,61.687843322753906,62.30057707744399,60.99401578971644,62.093332838544335,39548800
2017-05-01,62.54387283325195,62.67002329515842,61.72388795617533,61.88608238929573,31954400
2017-05-02,62.44474792480469,62.814186565289695,62.29155934247291,62.814186565289695,23906100
2017-05-03,62.246517181396484,62.51683666196259,61.913115593211685,62.51683666196259,28928000
2017-05-04,62.003231048583984,62.246526178412246,61.8500492999874,62.20146948779641,21749400
2017-05-05,62.17443084716797,62.201462108456276,61.714878781211894,62.08432435131196,19128800
2017-05-08,62.12036895751953,62.21948816637653,61.65180417479828,62.14740021908325,18566100
2017-05-09,62.21045684814453,62.426713750660355,61.88606805702931,62.048262452586926,22858400
2017-05-10,62.45376968383789,62.67903938476033,62.10234950037374,62.16542474164459,17977800
2017-05-11,61.687843322753906,61.931138407165065,61.381479882751115,61.59773683302865,28789400
2017-05-12,61.61574172973633,61.82299279740268,61.30937835761031,61.82299279740268,18714100
2017-05-15,61.66081619262695,61.7058728778492,60.885887954661946,61.399502542644804,31530300
2017-05-16,62.902381896972656,62.92956810317084,61.76957721144087,61.833013997267,34956000
2017-05-17,61.1533317565918,62.62144221772216,61.10801680311124,62.43113185846789,30548800
2017-05-18,61.36176681518555,61.74238755147407,60.84520812619641,61.08083344993804,25201300
2017-05-19,61.34366989135742,61.71522640458693,61.108044471934875,61.17148128707622,26961100
2017-05-22,62.03238296508789,62.077697918986416,61.17145415374574,61.52488866906231,16237600
2017-05-23,62.240821838378906,62.30425862514268,61.96894594419635,62.27707241854266,15425800
2017-05-24,62.32237243652344,62.422059790619976,62.03237474663087,62.41300233231325,14593900
2017-05-25,63.09267044067383,63.328288755655734,62.44923843144409,62.50361082504165,21854100
2017-05-26,63.40080642700195,63.63643171753191,63.00205699904209,63.255811034892325,19827900
2017-05-30,63.80862045288086,63.80862045288086,63.22861814012329,63.24674688550756,17072800
2017-05-31,63.29204177856445,64.10766229923443,63.26485558022364,63.91735199675962,30436400
2017-06-01,63.52769470214844,63.98988101759969,62.93863479643089,63.65456829241472,21603600
2017-06-02,65.03205108642578,65.12267407533346,63.65455676430176,63.835809656208,34770300
2017-06-05,65.5032958984375,66.05610512855512,65.07736023778054,65.22236255378758,33316800
2017-06-06,65.72078704833984,65.81141694542924,65.49422613379717,65.52141925137823,31511100
2017-06-07,65.60297393798828,65.94734401842305,65.20422453973434,65.82953483897984,22301800
2017-06-08,65.20421600341797,65.72077451348902,64.79640920065786,65.71171705677993,24588300
2017-06-09,63.72705841064453,65.32204930121863,62.159253725542506,65.28579872255888,49187400
2017-06-12,63.2376823425293,63.38268464885086,61.74237890051811,62.75737430249752,47761700
2017-06-13,64.02611541748047,64.18017517898899,63.4008050848878,63.4551774915166,25258600
2017-06-14,63.681739807128906,64.43392371448194,62.92049844119852,64.2617421183351,25510700
2017-06-15,63.34644317626953,63.62737654252948,62.34957637635827,62.77550515568767,26068700
2017-06-16,63.437042236328125,63.46422843388947,62.73017344337755,63.19235954418712,48345100
2017-06-19,64.22550201416016,64.28893880499815,63.754251355856454,63.890189311678355,23798300
2017-06-20,63.355499267578125,64.2254923745324,63.31924869052704,64.18017742469588,21512200
2017-06-21,63.681739807128906,63.99893062369043,63.38268464999369,63.6273673993026,19891100
2017-06-22,63.67268371582031,63.971738879377256,63.17424691974096,63.92643084324592,22965700
2017-06-23,64.53360748291016,64.56985805747534,63.364552381020836,63.51861213735529,27617300
2017-06-26,63.91737747192383,64.98674548877179,63.83581884439505,64.70581210849463,19607000
2017-06-27,62.72112274169922,63.60018019623064,62.69393653821316,63.53674341673303,25215100
2017-06-28,63.25579833984375,63.29204199502939,62.34049047940094,62.72111108565232,25806200
2017-06-29,62.068626403808594,62.974870064777406,61.70612755660298,62.8751827089436,28918700
2017-06-30,62.46737289428711,62.875179756940284,62.29518439427839,62.33143496870602,24161100
2017-07-03,61.77863693237305,63.07456581662644,61.64269898231459,62.8298830377943,16165500
2017-07-05,62.60332107543945,62.929569384643486,61.823950882795515,61.86020146316166,21176300
2017-07-06,62.14110565185547,62.33141592388532,61.73329891380409,61.86922988376256,21117600
2017-07-07,62.94768524169922,63.292055351347145,62.25893810831279,62.25893810831279,16878300
2017-07-10,63.41893768310547,63.66362044189216,62.712061783530054,62.94768708338853,15014500
2017-07-11,63.4279899597168,64.05330027921248,63.21049342366665,63.437054331995206,17460000
2017-07-12,64.47923278808594,64.59704196567112,63.93548801709982,64.06236156652692,17750900
2017-07-13,65.04109954833984,65.28578919004272,64.62422832575743,64.79641682072686,20269800
2017-07-14,65.95640563964844,66.40046305112695,65.21328619195205,65.4670332842255,25868100
2017-07-17,66.47296142578125,66.563584395804,65.9020304919575,65.97453163361146,21803900
2017-07-18,66.42768859863281,66.50924724064535,65.84769298623343,66.2373712724174,26435300
2017-07-19,66.9351806640625,67.09830485641241,66.56361731489605,66.60893227936268,22416200
2017-07-20,67.26141357421875,67.3339147350482,66.40954221970084,67.22516299380402,42361000
2017-07-21,66.87171936035156,67.32484118262192,66.30984581166379,66.56359292588076,46717100
2017-07-24,66.69954681396484,66.83548477598863,66.27361109286655,66.63611002023266,21394800
2017-07-25,67.23421478271484,67.34295958951321,66.6089044872644,66.88078033244022,22018700
2017-07-26,67.10733032226562,67.40638540643303,66.889826915849,67.37013483869693,16252200
2017-07-27,66.30078125,67.44264314163898,65.53953307481778,66.8445259956504,36844200
2017-07-28,66.1920394897461,66.43672224215486,65.73891764787824,65.85672683769127,18306700
2017-07-31,65.88390350341797,66.55452871043593,65.62109895758263,66.42765516620867,23600100
2017-08-01,65.7751693725586,66.53641076141517,65.69360384427212,66.24641305412351,22132300
2017-08-02,65.48515319824219,65.75702208298418,64.74203385073871,65.74796462668826,26499200
2017-08-03,65.38549041748047,65.64830194460805,65.11361451656465,65.421740998542,18214400
2017-08-04,65.86579895019531,66.19204726780401,65.46704946998659,65.61205179518664,22579000
2017-08-07,65.612060546875,66.06518250242787,65.48518695244758,65.97455949413578,18705700
2017-08-08,65.96549224853516,66.2736118461387,65.02299779230754,65.33111738991109,22044600
2017-08-09,65.67549133300781,65.71174191582521,65.29487058456264,65.47611658455794,22213400
2017-08-10,64.71485900878906,65.42172791287244,64.66047969102804,65.15891643831247,24734500
2017-08-11,65.70268249511719,65.88392850877717,64.59706383515149,64.89612598037347,21443700
2017-08-14,66.69048309326172,66.80829922141369,66.11048756942623,66.21017494828158,20096600
2017-08-15,66.70870971679688,67.0458019929182,66.54471643754641,67.0458019929182,19181400
2017-08-16,67.10044860839844,67.51042819392298,66.66313102636873,66.81801158526225,18150400
2017-08-17,65.96163177490234,67.30090908408883,65.96163177490234,67.03669729954126,22977500
2017-08-18,66.04361724853516,66.36249110622053,65.53341907623854,65.84318026629612,18761500
2017-08-21,65.73385620117188,66.03451167518308,65.32386956817602,66.0253990075355,17734800
2017-08-22,66.65401458740234,66.72689504690847,65.91604172089735,65.91604172089735,14343700
2017-08-23,66.25316619873047,66.64492749144351,66.08006027027417,66.4718215629872,13766500
2017-08-24,66.22583770751953,66.38071830690076,65.66097046451104,66.27138714508102,17098300
2017-08-25,66.34427642822266,66.82714357554003,66.03451522086024,66.38072014984103,12794300
2017-08-28,66.3533935546875,66.59026733472886,66.09829443714779,66.56293627941099,14569700
2017-08-29,66.5538101196289,66.65402859229884,65.64273815057678,65.82494976401621,11478400
2017-08-30,67.42843627929688,67.61064788707091,66.3533711112046,66.51736433857214,16897800
2017-08-31,68.120849609375,68.29395551170954,67.23711561817228,67.44665828327739,27652800
2017-09-01,67.3646469116211,68.0935001355728,67.09132260831059,68.0661690954269,21736200
2017-09-05,67.06399536132812,67.31909435168599,66.4900226330229,66.81800208425005,21556000
2017-09-06,66.8726806640625,67.45576613980415,66.82712428745603,67.18244178201962,16535800
2017-09-07,67.72909545898438,67.96597614733219,67.05490406237887,67.12779149739795,17471200
2017-09-08,67.40113067626953,67.82022309309355,67.27357416156406,67.72000458570847,14703800
2017-09-11,68.11174011230469,68.2757333393772,67.70175356915978,67.70175356915978,17910400
2017-09-12,68.03887176513672,68.54906996977316,67.75644160913143,68.1117592089217,14394900
2017-09-13,68.521728515625,68.53995384926955,67.92042457298989,68.26662945202658,13380800
2017-09-14,68.120849609375,68.77682255408733,67.89308161195697,68.33039922540775,15733900
2017-09-15,68.61284637451172,68.68573382002735,67.48311877273684,68.17553560327664,38578400
2017-09-18,68.47618103027344,69.21414719251176,68.36684987808214,68.53995579798628,23307000
2017-09-19,68.73126220703125,68.97724854675901,68.33950103566735,68.52171262428595,16093300
2017-09-20,68.2757568359375,68.83151146611249,67.70177686818941,68.6492928450299,21587900
2017-09-21,67.61067199707031,68.54907531850351,67.51956616069491,68.43063842630846,19186100
2017-09-22,67.79287719726562,67.88398301560142,67.28267210291413,67.41022163876991,14111400
2017-09-25,66.7451400756836,67.64709945549703,66.43537196537784,67.50132459160535,24149200
2017-09-26,66.7451400756836,67.24622553072301,66.49914673059843,67.11867600028185,18019600
2017-09-27,67.28266906738281,67.57421184346109,66.66313979935047,67.00935162470647,19565100
2017-09-28,67.3008804321289,67.39198622744486,66.79067546669164,67.0002250517523,10883800
2017-09-29,67.8657455444336,67.91130192091849,67.30999111576817,67.36466015773547,17079100
2017-10-02,67.97509002685547,68.33952025752251,67.69265989977956,68.06619584679011,15304800
2017-10-03,67.65620422363281,68.22106437794767,67.59242946585768,68.02974010462226,12190400
2017-10-04,68.04796600341797,68.07529704970277,67.15511243619298,67.50131727401265,13317700
2017-10-05,69.21414947509766,69.35081168211163,68.29396469552741,68.53084539095639,21195300
2017-10-06,69.241455078125,69.26878611929715,68.822362894658,68.94079972337931,13959800
2017-10-09,69.50566864013672,69.74254925502322,69.11390748706242,69.21412594140186,11386500
2017-10-10,69.50566864013672,69.81542971651227,69.36900647958964,69.54211234634435,13944500
2017-10-11,69.6241226196289,69.66056633481215,69.19591765488569,69.56946052231801,15388900
2017-10-12,70.26187133789062,70.41675190128171,69.57856737488923,69.68789156037595,16876500
2017-10-13,70.59896087646484,70.94517265339262,70.41674927350176,70.69006667794638,15335700
2017-10-16,70.7447509765625,70.8905189001842,70.47142656224499,70.5352013321286,12380100
2017-10-17,70.69007873535156,70.71741673629337,70.38031756729384,70.58075453529744,16824000
2017-10-18,70.70829772949219,70.92695306092372,70.48964239806065,70.76295982461815,13300700
2017-10-19,70.98167419433594,70.99989258910429,70.47146877869618,70.67190587581186,15092800
2017-10-20,71.80158996582031,71.9473648382439,71.26406076334746,71.35516658314795,22866400
2017-10-23,71.81981658935547,72.28445836395589,71.75604181925765,71.96558451346678,20627200
2017-10-24,71.84712982177734,72.15689092801998,71.48269967548899,71.88357353149887,17517200
2017-10-25,71.63758087158203,72.06578577599463,71.07272074314581,71.59203144721647,20410800
2017-10-26,71.75602722167969,72.35733108157257,71.74691455611136,72.15689414463255,32120700
2017-10-27,76.35693359375,78.53439487522664,76.17472199440942,76.86713858357216,71066700
2017-10-30,76.4298324584961,76.83070637818477,75.71919738335927,76.25672654755272,31756700
2017-10-31,75.78298950195312,76.85805502745629,75.71921472293724,76.85805502745629,27086600
2017-11-01,75.78298950195312,76.31141307147307,75.50966504849671,76.23852562376074,22307400
2017-11-02,76.57561492919922,76.949150886174,75.72831757444095,75.9378602707874,23992900
2017-11-03,76.65760040283203,77.02203060670391,75.98340904377228,76.60293830507605,17633500
2017-11-06,76.95824432373047,77.16778696771739,76.60292683964224,76.71225101879125,19860900
2017-11-07,76.7760238647461,77.3500035947156,76.46626276362275,77.23155980234638,17939700
2017-11-08,77.04023742675781,77.08579380200268,76.37515883411525,76.65758889803796,18034200
2017-11-09,76.61205291748047,76.77604618072046,75.52788179749328,76.6302782528009,21178400
2017-11-10,76.41163635253906,76.62117908915319,75.82855063623799,76.33874890026893,19397800
2017-11-13,76.46627807617188,76.47539074300822,76.03807309693028,76.22029167901616,14196900
2017-11-14,76.57561492919922,76.62116436491733,75.60076803294433,76.07452247979913,18801300
2017-11-15,75.98043060302734,76.63053947243702,75.71489199678916,76.42909591006075,19383100
2017-11-16,76.1818618774414,76.38330542579754,75.94379858014356,76.09029853341644,20962800
2017-11-17,75.44934844970703,76.10861570673472,75.30284150999626,76.10861570673472,22079000
2017-11-20,75.56838989257812,75.6233265091718,75.31200970069256,75.44935822801305,16315000
2017-11-21,76.65802001953125,76.76789326321833,75.76068227634396,75.76068227634396,21237500
2017-11-22,76.09947967529297,76.82284218489627,76.03538461676293,76.75874712636623,20553100
2017-11-24,76.23680114746094,76.39245952205611,75.79728734090608,76.00788930746747,7425600
2017-11-27,76.79537200927734,76.89609381107245,76.27345312081059,76.28260456763758,18265200
2017-11-28,77.72016906738281,77.88498592180228,76.93271153913831,76.97849671541371,21926000
2017-11-29,76.31005859375,77.75678330702189,76.16355862773445,77.56449817209375,27381100
2017-11-30,77.0700454711914,77.39052068685218,76.31005639845601,76.46572177677903,33054600
2017-12-01,77.15247344970703,77.6560754689989,76.20019904917751,76.54814264355211,29532100
2017-12-04,74.24070739746094,77.30812539058569,73.89275684643266,77.29896695875952,39094900
2017-12-05,74.70767211914062,75.70573147263376,74.14913360140875,74.47876025655839,26152300
2017-12-06,75.79729461669922,76.1269282567982,74.56117195924585,74.67105216789072,26162100
2017-12-07,75.53175354003906,75.81560898993172,75.08308826134058,75.57753870526429,23184500
2017-12-08,77.06092834472656,77.44549877478445,76.30093893353677,76.57562910393288,24489100
2017-12-11,78.04063415527344,78.1688242376293,77.02426494099804,77.17992332873935,22857900
2017-12-12,78.36109924316406,78.79145460086355,77.90327558362583,78.113870554946,23924100
2017-12-13,78.15049743652344,78.74566959223634,77.98568063933887,78.50759933278425,22062700
2017-12-14,77.54618072509766,78.62664493908962,77.3996737875498,78.22375784666829,19306000
2017-12-15,79.52396392822266,79.74371731678427,77.7201376902702,78.06808812347988,53936700
2017-12-18,79.0936279296875,80.11915563673871,78.95628639440758,79.77121210430296,22283800
2017-12-19,78.59002685546875,79.06616048323895,78.07725950344386,79.06616048323895,23524800
2017-12-20,78.30619049072266,79.02040158544358,77.56451806778057,78.92883122413014,23674900
2017-12-21,78.28785705566406,78.837244129063,78.19629370773686,78.79146594801722,17990700
2017-12-22,78.29702758789062,78.40690082805116,77.75679187569997,78.19630579385232,14145800
2017-12-26,78.19630432128906,78.31533599116699,77.85751220355503,78.11389240688388,9891200
2017-12-27,78.48015594482422,78.72738471200246,78.0314905712152,78.425219323601,14678000
2017-12-28,78.48932647705078,78.68161166681202,78.33366803569712,78.65414335196583,10594300
2017-12-29,78.32447814941406,78.79146027178726,78.28785141571467,78.4068830608613,18717400
2018-01-02,78.6999282836914,79.02956206173347,78.2878895540581,78.86474517271243,22483800
2018-01-03,79.06616973876953,79.21267670959426,78.71822616181606,78.80063109352733,26061400
2018-01-04,79.76207733154297,80.2656863963979,79.26762670036851,79.28593658189139,21912000
2018-01-05,80.7509536743164,80.95239723809331,80.05505963195142,80.26566162658253,23407100
2018-01-08,80.83338165283203,81.10807877013015,80.21074090801582,80.76012815677416,22113000
2018-01-09,80.7784194946289,81.24540165211627,80.4487858523832,81.17214817920929,19484300
2018-01-10,80.41217041015625,80.75096253055902,80.03675853399227,80.44879715175412,18652200
2018-01-11,80.65023040771484,80.69600858947129,79.88108290434755,80.69600858947129,17808900
2018-01-12,82.04202270507812,82.20683955078843,80.9890265789199,81.19047016654768,24271500
2018-01-16,80.89745330810547,83.131635390555,80.58613651869443,82.49983639508031,36599700
2018-01-17,82.53649139404297,82.664681526028,81.26374152230714,81.56590697020253,25621200
2018-01-18,82.49983215332031,83.02175090966689,82.09695203396355,82.22514211546373,24159700
2018-01-19,82.40827941894531,82.96682498276286,82.096962605453,82.53646951695232,36875000
2018-01-22,83.8824691772461,83.89162760840502,82.17020581400573,82.40827612328488,23601600
2018-01-23,84.14801788330078,84.51427832937408,83.8183841804185,84.14801788330078,23412800
2018-01-24,84.07473754882812,85.54893030877857,83.8549841456941,84.74316317339732,33277500
2018-01-25,84.541748046875,85.37498376436372,84.17548759470802,84.66993815725789,26383200
2018-01-26,86.12581634521484,86.12581634521484,84.77066172550174,85.26511229837129,29172200
2018-01-29,85.99762725830078,87.3985670718956,85.81450051912867,87.11471853042764,31569900
2018-01-30,84.91715240478516,85.75955346571327,84.33113852769213,85.4299197866189,38635100
2018-01-31,86.99566650390625,87.35276845186678,85.62219532380091,85.84194875658378,48756300
2018-02-01,86.3089370727539,87.96625684621124,85.68629648057518,86.79422913995393,47227900
2018-02-02,84.0381088256836,86.04337866603281,83.78172869713083,85.74121337773794,47867800
2018-02-05,80.57698059082031,85.37497156996687,80.57698059082031,82.92103597254027,51031500
2018-02-06,83.6261215209961,83.76347009846234,78.05898080296348,79.56064274869297,67998600
2018-02-07,82.0511703491211,84.02896525177215,81.67575153320365,82.8569376078551,41107600
2018-02-08,77.83918762207031,82.298386000137,77.61027577150557,82.14272761835343,55628700
2018-02-09,80.7417984008789,81.42853403924457,76.7587330955253,79.02038358227666,63499100
2018-02-12,81.61167907714844,82.20685149456543,80.51290460333072,81.25457702386579,35720300
2018-02-13,82.25261688232422,82.40827528125483,80.39385356871412,81.42853273234446,26407700
2018-02-14,83.54055786132812,83.70614894506195,81.33268610308124,81.42467958989934,34960900
2018-02-15,85.24244689941406,85.29764157349558,83.36575077547785,83.90851712034964,27823900
2018-02-16,84.6352767944336,86.01519978564718,84.45128986973229,85.04925088433716,30596900
2018-02-20,85.29765319824219,85.61043241886618,83.72454160466629,84.15691866030133,30911700
2018-02-21,84.1661148071289,85.88642161151672,84.1661148071289,85.53684358982747,26922500
2018-02-22,84.38688659667969,85.3068351795694,84.04650309429624,84.68126986245836,24392800
2018-02-23,86.53038024902344,86.53958170207245,84.96647012599861,86.10720465124793,26329200
2018-02-26,87.781494140625,87.80909147577074,86.70515595803593,86.84314965241549,30199800
2018-02-27,86.65917205810547,88.16788749214969,86.65917205810547,88.07589401810351,25869100
2018-02-28,86.26361083984375,88.04831406715468,86.1348185470124,87.24795594571395,31167300
2018-03-01,85.41725158691406,86.99956477391478,84.48810125851891,86.4659927422698,37135600
2018-03-02,85.60122680664062,85.69322027018512,83.58653696735456,84.24890113471719,32830400
2018-03-05,86.14400482177734,86.72357003738908,84.8744780081578,84.94806857776953,23901600
2018-03-06,85.84962463378906,86.92596308165285,85.50004660470113,86.7879693532633,22175800
2018-03-07,86.34638214111328,86.41997971868963,85.03085527120403,85.70242088394846,26716100
2018-03-08,86.87073516845703,87.48709896502274,86.26356580325506,86.72354004283841,25887800
2018-03-09,88.81185150146484,88.81185150146484,87.39512961079893,87.66191558553328,36937300
2018-03-12,89.02342987060547,89.42820953211465,88.35187127072128,88.77504681745752,26073700
2018-03-13,86.85235595703125,89.45580531859048,86.44757630253882,89.23501960643607,35387800
2018-03-14,86.33718872070312,87.77231354233815,86.01520806216871,87.5055275627948,32132000
2018-03-15,86.64077758789062,87.00875850874635,85.39884812132331,86.0428094688316,27611000
2018-03-16,87.02714538574219,87.74470424685718,86.40157999065319,87.10074296602362,49081300
2018-03-19,85.45403289794922,86.3831830362154,84.73647404571153,86.23598787747358,33344100
2018-03-20,85.6748275756836,86.26359423491014,85.55523676068991,85.60123700726943,23075200
2018-03-21,85.0768814086914,86.52120096967494,84.82849126342572,85.49085562592961,24457100
2018-03-22,82.60220336914062,84.40530216998876,82.48261255218137,83.96372365898506,38604700
2018-03-23,80.20111846923828,83.21854872567897,80.10912501383963,82.33539892028053,44068900
2018-03-26,86.2728271484375,86.47521707734798,83.16340165684007,83.35659012934876,56396800
2018-03-27,82.3078384399414,87.52394760364984,81.42468823910087,87.33996061046994,56569000
2018-03-28,82.23422241210938,83.92693184848972,81.75585212581954,82.62980067561247,52501100
2018-03-29,83.96371459960938,84.90206620225291,81.32346632761482,82.96097388748707,45867500
2018-04-02,81.4338607788086,83.60494040408472,80.50471758883897,83.22776506388908,48515400
2018-04-03,82.52860260009766,82.8413888288893,80.85429613393647,82.4090117877476,37213800
2018-04-04,84.93885803222656,85.33443622079814,80.70709577084627,80.81748511365164,35560000
2018-04-05,84.98487854003906,85.61964553959179,84.08333253061241,85.0400802478175,29771900
2018-04-06,83.00697326660156,85.05845491188343,82.31701175010156,84.16610356089251,38026000
2018-04-09,83.50376892089844,85.71164795844938,83.36578218370785,83.75215908514943,31533900
2018-04-10,85.4448471069336,85.81282805258338,84.30411249220671,84.99407413330529,26812000
2018-04-11,84.5064926147461,85.82201960609693,84.15691461696443,84.64448633077768,24872100
2018-04-12,86.08880615234375,86.62237811456508,85.03086368067098,85.03086368067098,26758900
2018-04-13,85.62886047363281,86.6408030392624,85.04009363476997,86.52121218778082,23346100
2018-04-16,86.63158416748047,87.08236417118624,85.94162250889526,86.5395906833997,20288100
2018-04-17,88.37948608398438,88.81186316815777,87.2847447022392,87.39514109138541,26771000
2018-04-18,88.71986389160156,88.97744843079862,87.87350566740112,88.51747403404606,21043300
2018-04-19,88.4162826538086,89.29943268877997,87.70791812393453,88.71986745232604,23552500
2018-04-20,87.39512634277344,88.4162699594285,86.52117788680634,88.23228302722013,31154400
2018-04-23,87.71712493896484,88.58187913839089,87.05476061758769,88.07590444326863,22331800
2018-04-24,85.6656494140625,88.74747701669577,85.0124864967432,88.53588566834979,34524800
2018-04-25,84.92046356201172,85.83121784250085,83.05296879516607,85.83121784250085,33729300
2018-04-26,86.71437072753906,87.53312454965037,85.64722681366479,86.06120796038577,42529000
2018-04-27,88.14950561523438,90.06300106159428,86.39240682012796,89.78701357693828,48272800
2018-04-30,86.03363037109375,88.68308807478162,85.69325372124516,88.61869192329777,41523600
2018-05-01,87.39512634277344,87.66191230753168,85.36204056166922,85.74841733049773,31408900
2018-05-02,86.02442169189453,87.55153318224714,85.73003833118482,87.38594210318212,27471000
2018-05-03,86.53960418701172,87.3307609071335,85.0492842452036,85.51846021147442,31142500
2018-05-04,87.5423355102539,87.73552392557835,85.48164504282109,85.84962598476643,22531300
2018-05-07,88.5174789428711,88.96825191146401,87.48713371029172,87.55152984866214,24242000
2018-05-08,88.14028930664062,88.46227699069303,87.45032772993197,88.17708809963668,23484600
2018-05-09,89.17984008789062,89.20743742926828,87.44113739457332,88.3242874119208,27327400
2018-05-10,90.07220458984375,90.10899637123524,89.28104793551147,89.65822335332842,22388100
2018-05-11,89.87898254394531,90.03537915252915,89.27182006946872,89.9709830261657,16778300
2018-05-14,90.18258666992188,90.78975629352504,89.52022236004674,90.08139173265468,19454100
2018-05-15,89.52938079833984,90.01695234255604,88.62782825002819,89.45578323956961,24594000
2018-05-16,89.7603988647461,89.99138290348755,89.27071383046595,89.9544246114001,17384700
2018-05-17,88.86419677734375,90.12075075397215,88.54082047065442,89.40008154218597,17246700
2018-05-18,89.03050231933594,89.55714572770695,88.7071260245598,88.7071260245598,17865800
2018-05-21,90.17616271972656,90.55497990751435,89.43701806286269,89.62180246481039,19422500
2018-05-22,90.08379364013672,90.70282929952685,89.80660991699864,90.25010246420457,15441200
2018-05-23,91.15554809570312,91.22022334718686,88.99353374068117,89.35386829167254,21251200
2018-05-24,90.83216094970703,91.41424523752954,89.4462567201463,91.22021949127985,26649300
2018-05-25,90.87837219238281,91.45121521815086,90.41640405681726,90.82293827181873,18363900
2018-05-29,90.55497741699219,91.35879729733769,89.83430840051433,90.39790292567625,28671000
2018-05-30,91.42349243164062,91.7006761363172,90.4626048999972,90.83217377413341,22158500
2018-05-31,91.32186889648438,92.38439714889398,91.10936747544758,91.73764449911867,34140900
2018-06-01,93.12355041503906,93.18822568094627,91.62677091237519,91.7284044800973,28655600
2018-06-04,93.93659973144531,94.11214988004193,93.17897226513404,93.55778952282687,27281600
2018-06-05,94.41704559326172,94.54639610152738,93.80724429794586,94.24149545386945,23514400
2018-06-06,94.69422149658203,94.79585504501118,94.14910250871115,94.68498720968772,21122900
2018-06-07,93.20667266845703,94.87900182862973,92.74470461132914,94.84204353817073,28232200
2018-06-08,93.89962768554688,94.19528696937581,92.89254067312352,93.4007013223843,22165100
2018-06-11,93.36375427246094,93.86267360895476,93.01265401090954,93.32679597918849,23490900
2018-06-12,93.60397338867188,93.73332389167138,93.08657137667386,93.40994763417261,18325200
2018-06-13,93.1789321899414,94.25070119546608,92.91098993856025,93.9827589440849,29492900
2018-06-14,93.70561218261719,94.26921385543073,93.3175606518822,93.91812062034776,25691800
2018-06-15,92.51373291015625,93.80724505228856,92.45829899161777,93.78876942913377,65738600
2018-06-18,93.188232421875,93.41921653812017,91.8577616565986,92.40288783645661,23586000
2018-06-19,93.188232421875,93.31758296304623,91.93167826557524,92.07027014513751,28653100
2018-06-20,94.12139129638672,94.7219442385856,93.42843908701164,93.65942315680333,26180800
2018-06-21,93.44690704345703,94.66650254992344,93.20668165684391,94.31540933031489,23198200
2018-06-22,92.7724380493164,93.10504859912189,92.05176188569527,92.7724380493164,38923100
2018-06-25,90.90608978271484,92.49526130792646,89.89900262375771,92.39362775347169,35433300
2018-06-26,91.54359436035156,92.46753049951762,91.23869374264916,91.30336899042786,26897200
2018-06-27,90.1207504272461,92.41210857697321,89.99139990503932,92.00558138535537,31298400
2018-06-28,91.1278076171875,91.57130001082368,89.86201977421742,89.97288758582212,26650700
2018-06-29,91.10933685302734,92.31045656927783,90.85063588006824,91.40499611484815,28053200
2018-07-02,92.40284729003906,92.44903986357328,90.54573383658906,90.63812603273023,19564500
2018-07-03,91.5158920288086,92.97570600468215,91.41425847333281,92.83712120091923,14670300
2018-07-05,92.171875,92.31970112281573,91.49739848913366,91.9316496202166,18977400
2018-07-06,93.46538543701172,93.71484509890726,92.08871548169017,92.2919825649765,19234600
2018-07-09,94.1029052734375,94.47248118176289,93.54854493548648,93.91812084381188,18212000
2018-07-10,94.35237121582031,94.71270578491907,94.11214582006312,94.24149632953066,19293100
2018-07-11,94.2229995727539,94.55561005887233,93.4099313538105,93.45613097500411,19644600
2018-07-12,96.2649154663086,96.46818255928501,94.91596945273413,94.95292069775363,24335900
2018-07-13,97.41057586669922,97.56764329992804,96.17249792172078,96.4312059311872,24635200
2018-07-16,96.93014526367188,97.77092349798122,96.56980367859823,97.38287200522306,21786900
2018-07-17,97.89104461669922,98.39921238290734,96.38503103996091,96.65297340313661,25901700
2018-07-18,97.12417602539062,97.9834369746251,96.75460013502897,97.8818034285488,29493900
2018-07-19,96.45895385742188,97.29973224867813,95.98774435735643,96.94863898241697,40171600
2018-07-20,98.18669128417969,99.9698883306532,98.01114820954078,99.8590205043704,56004000
2018-07-23,99.75737762451172,99.91444506308929,98.05733160691597,98.21440609456626,29707000
2018-07-24,99.47097778320312,100.54274014316849,99.10140188184216,100.31175608595214,26316600
2018-07-25,102.39986419677734,102.69552353767459,99.41554677693898,99.74816441658271,30702100
2018-07-26,101.28190612792969,102.5569357646338,101.1710312272739,102.31671033775042,31372100
2018-07-27,99.48946380615234,101.79930461977115,98.06660101907418,101.79930461977115,37005300
2018-07-30,97.35515594482422,99.35085438957894,96.79155432197865,99.03671947799867,34668300
2018-07-31,98.01115417480469,98.60247278121379,97.36439460280648,98.38996435278216,27655200
2018-08-01,98.19591522216797,98.35298264762346,97.40132971224091,97.96493122623735,23628700
2018-08-02,99.3877944946289,99.86823810944345,96.86544613190395,97.38285508140294,26104300
2018-08-03,99.82205963134766,99.83130096632338,98.6948564327975,99.60031693544255,18659600
2018-08-06,99.90522766113281,100.17317002887185,99.378584262218,99.89599337364398,20265900
2018-08-07,100.59814453125,100.80141156978448,99.94215084720724,100.30248530676492,16080200
2018-08-08,101.16177368164062,101.40199907003469,100.4873041956721,101.01394755352618,15487500
2018-08-09,101.32807159423828,101.78080536392807,101.2633963484359,101.36502988456436,13677200
2018-08-10,100.70903778076172,101.34655596370116,100.13619484470937,101.09708926208432,18183700
2018-08-13,99.9791259765625,101.24492098947842,99.87749244017135,100.9307790454313,18472500
2018-08-14,101.22644805908203,101.40199819320668,99.82206813330617,100.30251185686602,16788300
2018-08-15,99.85376739501953,101.0873260717042,99.07467062828121,100.6235801865173,29982800
2018-08-16,99.83522033691406,100.96676150535366,99.5198765102741,100.4473683432638,21384300
2018-08-17,99.7795639038086,100.07636097998875,98.95409681455128,99.57551458714715,18061500
2018-08-20,99.12104797363281,100.07636336421592,98.75932674955185,99.71464214013496,17914200
2018-08-21,98.29559326171875,99.5662526176735,98.17501478768402,99.16743082336178,22881900
2018-08-22,99.29728698730469,99.5569836039492,98.11009841052856,98.1750225646897,18000600
2018-08-23,99.76100158691406,100.3360489687436,99.12103714754555,99.38073368250087,18167700
2018-08-24,100.54012298583984,100.68851800964025,99.7610261132325,99.86305078793349,17234000
2018-08-27,101.65310668945312,101.69020721308804,100.64214395615645,101.347032676616,19662300
2018-08-28,102.26522827148438,102.48782427953392,101.82930607674602,101.9684312353518,19151500
2018-08-29,103.89763641357422,103.9069133136329,102.2745256371733,102.4414744572226,20818000
2018-08-30,103.83268737792969,104.44483526345196,103.3596717313349,103.57299084814439,22798700
2018-08-31,104.18516540527344,104.60253392410416,103.43389216469598,103.59157116346009,23222700
2018-09-04,103.61011505126953,103.84198801676146,102.22815415827401,102.8124714838812,22634600
2018-09-05,100.62358093261719,103.34113212301044,100.26185970558538,102.96086417396192,32872400
2018-09-06,100.85545349121094,101.08732643463688,99.71464257222769,100.40098450343228,23477600
2018-09-07,100.3638916015625,100.83691442339288,99.45495355701134,100.3824454011173,22498600
2018-09-10,101.44902801513672,101.69017781093831,100.50298970268325,100.94818170517925,20727900
2018-09-11,103.17415618896484,103.49877681039898,100.99455250082268,101.0038293974919,24301800
2018-09-12,103.61011505126953,103.7399633458489,102.49712764738881,103.3504184621108,18891100
2018-09-13,104.72310638427734,105.48364940518745,103.99038698619792,103.99038698619792,26055600
2018-09-14,105.1497573852539,105.48365502942725,104.28718965050632,105.14048048508201,19122300
2018-09-17,104.0089111328125,105.45579581555096,103.74921460782863,105.44652599408695,20736500
2018-09-18,105.00133514404297,105.4558040984605,103.61937448400592,104.05529671783911,22170900
2018-09-19,103.60082244873047,105.1033615848136,102.98868159223751,104.85294193356654,21728400
2018-09-20,105.33523559570312,105.54856180733915,103.81414972311683,104.13877041369311,23714500
2018-09-21,105.9752197265625,106.93053519053329,105.2796008458613,105.73406986658308,71229700
2018-09-24,106.35548400878906,106.5688102383254,104.08313190788077,104.83439800856782,27334500
2018-09-25,106.15144348144531,106.75431462235404,105.50220199197531,106.47607130238184,22668000
2018-09-26,105.71550750732422,106.71719316946565,105.49290440355935,106.16997646082729,19352000
2018-09-27,106.11432647705078,106.57807231692699,105.91954699724681,106.45749386979121,19091300
2018-09-28,106.07723236083984,106.26272787750213,105.43726079881428,105.91028356536363,21647800
2018-10-01,107.2273178100586,107.29224194710467,106.41112764773645,106.42967436852095,18883100
2018-10-02,106.80068969726562,107.44065427246214,106.14217132209161,106.93981489229142,20787200
2018-10-03,106.81922149658203,107.75599013092516,106.59662546136201,107.05109443049466,16648000
2018-10-04,104.6117935180664,106.43895336608236,103.53589971014215,106.29982819075417,34821700
2018-10-05,103.99964904785156,104.96424133246424,102.61768829952597,104.46339493028839,29068900
2018-10-08,102.81246185302734,103.9069024306767,101.4119472913115,103.56373500266335,29640600
2018-10-09,104.12022399902344,104.88076693755482,102.7660869170627,103.08143070992189,26198600
2018-10-10,98.46253967285156,103.41534282973487,98.11936513575986,103.1741929637731,61376300
2018-10-11,98.23067474365234,101.03169728840096,96.6446572994905,97.71127444553191,63904300
2018-10-12,101.62525939941406,103.17416875040706,99.35290769651772,101.1058663418834,47742100
2018-10-15,99.79812622070312,101.54181550742356,99.19525507532003,101.01314541173103,32068100
2018-10-16,102.95157623291016,103.33185121737345,101.05021546299355,101.59743923250416,31610200
2018-10-17,102.68260955810547,103.7028490555921,101.60672282067242,103.58227767697473,26548200
2018-10-18,100.63285827636719,102.51566546031356,100.01144048115152,102.11684371128545,32506200
2018-10-19,100.78125,102.82172887877394,100.36387449556896,101.03166964169861,32785500
2018-10-22,101.68091583251953,102.52493670356213,100.39170289366133,101.39339566054694,26545600
2018-10-23,100.26187133789062,101.06879182514948,97.48867258350215,99.95579731759918,43770400
2018-10-24,94.90095520019531,100.62357757668839,94.22388311185507,100.54938361489532,63897800
2018-10-25,100.44735717773438,101.3470182117209,98.45324854322749,98.82424665042417,61646800
2018-10-26,99.20449829101562,100.86470906406458,97.16401965077398,98.0265871009905,55523100
2018-10-29,96.32003784179688,100.81837239571036,94.2610045752702,100.27115554036965,55162000
2018-10-30,96.2087173461914,96.81158129143232,92.85119483807064,96.14379321011006,65350900
2018-10-31,99.06538391113281,100.29894954176268,97.74834742601817,97.79472484042078,51062400
2018-11-01,98.23990631103516,99.538395936368,97.87818516146233,99.28797632366341,33384200
2018-11-02,98.46253967285156,99.53842655540168,97.36809899034982,98.75933678626554,37680200
2018-11-05,99.71463012695312,99.92794924560849,98.22136799156644,98.65729020299234,27922100
2018-11-06,99.909423828125,100.94821017773944,98.57383329153355,99.59407291756256,24340200
2018-11-07,103.84198760986328,104.10168419800442,101.4676107169142,101.50471124039169,37901700
2018-11-08,103.64720916748047,104.07385454846649,102.8681194481671,103.69358658819236,25644100
2018-11-09,101.62525939941406,103.36894114698107,100.8739934303144,102.8124475744554,32039200
2018-11-12,99.12104797363281,101.98699414538214,98.40687534830326,101.48614774060833,33621800
2018-11-13,99.18596649169922,100.85544733676987,98.90771614608732,99.75173700522988,35374600
2018-11-14,97.77938842773438,100.84401902415188,97.31363922657856,100.69497586853299,39495100
2018-11-15,99.93116760253906,100.41555084915184,96.7920219024331,97.79803497853223,38505200
2018-11-16,100.87197875976562,101.4215594926208,99.48404791115941,99.74486636788863,33502100
2018-11-19,97.4533920288086,101.12349190384415,96.4566887503448,100.85335644057088,44773900
2018-11-20,94.74272155761719,95.91641178109012,92.54438429761342,94.8265601269647,64052500
2018-11-21,96.04679870605469,97.27637628563339,95.23639255553537,96.50323092319448,28130600
2018-11-23,96.00955963134766,96.69886659980608,95.01285642178213,95.17120947686023,13823100
2018-11-26,99.1766586303711,99.32569471318169,97.41612681737507,97.61174067362236,32336200
2018-11-27,99.80074310302734,99.97773008222985,98.14267700345377,98.99033689521332,29124500
2018-11-28,103.50811004638672,103.70372386755272,100.47142311759002,100.49936693393244,46788500
2018-11-29,102.64183044433594,103.5081244049681,101.56128868407642,102.7722396765369,28123200
2018-11-30,103.29388427734375,103.36840587464218,101.868692486172,103.11689726045266,33665600
2018-12-03,104.41168212890625,105.65057706112067,103.14485048054775,105.25934932677006,34732800
2018-12-04,101.08621978759766,104.92399638223144,100.79745751049683,104.271950238207,45197000
2018-12-06,101.7103271484375,101.75689781105125,97.8073460188522,98.57117453206196,49107400
2018-12-07,97.63970184326172,101.9525386365743,97.15532560460191,100.9558352261642,45044900
2018-12-10,100.21991729736328,100.5832082400558,96.77337579002113,97.6210428116881,40801500
2018-12-11,101.15141296386719,103.34974986766312,100.08019543506957,102.2785323388655,42381900
2018-12-12,101.60787200927734,103.64784917121867,101.57061121135904,103.29388225115048,36183000
2018-12-13,101.9525146484375,103.27524800606902,101.1886861127655,102.07361400968807,31333400
2018-12-14,98.76679992675781,101.77554366899868,98.2731067833183,100.83472805018204,47043100
2018-12-17,95.84187316894531,98.55253701926615,94.74270473412314,98.1892531990661,56957300
2018-12-18,96.84791564941406,97.35092577256086,95.49723834463913,96.64298480960196,49319200
2018-12-19,96.58708190917969,99.5585572968068,94.40737171982276,96.54982111630174,68198200
2018-12-20,94.5564193725586,97.1646110366954,92.01342521558604,95.9909279858803,70334200
2018-12-21,91.50109100341797,95.94433524659766,90.78383325527909,94.6681798795411,111242100
2018-12-24,87.68196105957031,91.25891939540907,87.54224195434917,90.98878394736427,43935200
2018-12-26,93.6714859008789,93.79258525293807,87.52359728687782,88.62276578959084,51634800
2018-12-27,94.2490234375,94.25834041288216,89.79646151199734,92.4978087244599,49498500
2018-12-28,93.51313781738281,95.394768847075,92.70273152953283,95.09668249191833,38196300
2018-12-31,94.61231994628906,95.38546555061806,93.55972900408138,94.35150145489395,33173800
2019-01-02,94.19314575195312,94.77998734118098,92.16247841703095,92.73069316029616,35329300
2019-01-03,90.72796630859375,93.32684829113309,90.54166232197043,93.24300972046,42579100
2019-01-04,94.94764709472656,95.48791795712623,92.15315145623576,92.88903616051739,44060600
2019-01-07,95.0687255859375,96.19583781083173,94.06271270284795,94.6774979588044,35656100
2019-01-08,95.758056640625,96.84790827102704,94.7427194953017,95.98161430940154,31514400
2019-01-09,97.1273422241211,97.69555685868518,96.16789993824808,96.74543154739648,32280800
2019-01-10,96.50323486328125,96.64296104759542,95.36680565412047,96.14926802221845,30067600
2019-01-11,95.758056640625,96.35421516187587,94.67751487912646,96.12134051742568,28314200
2019-01-14,95.05944061279297,95.82326922584178,94.32355582231888,94.91971439314864,28437100
2019-01-15,97.81668090820312,97.85394170917995,94.90108541601377,95.48793414793488,31587600
2019-01-16,98.16131591796875,98.98103920096884,97.77008822750236,98.04954063884693,29853900
2019-01-17,98.85063934326172,99.32569853811184,97.58380061011998,97.80735829633008,28393000
2019-01-18,100.33171081542969,100.50869781911955,98.65501764190162,100.09883617131995,37427600
2019-01-22,98.44075012207031,99.76347613001201,97.67692172667607,99.43745311492339,32371300
2019-01-23,99.40019989013672,99.70759608779746,98.12404444051957,98.85061920956383,25874300
2019-01-24,98.92515563964844,99.6703574163105,98.12406621710652,99.53994817141026,23164800
2019-01-25,99.82870483398438,100.49006799762356,98.9251500406221,99.893909452744,31225600
2019-01-28,97.88188171386719,99.18598127008563,97.4906539790329,98.98105042609507,29476700
2019-01-29,95.88846588134766,97.77940685736505,95.17120799658717,97.69556828983518,31490500
2019-01-30,99.09282684326172,99.09282684326172,97.18325881672939,97.4533942862602,49471900
2019-01-31,97.27640533447266,98.0122901285823,96.11203200963543,96.68956373719217,55636400
2019-02-01,95.73944091796875,96.96901899050533,95.33889616898031,96.6709396731259,35535700
2019-02-04,98.49665832519531,98.5525530728634,95.73010639242624,95.823261936283,31315100
2019-02-05,99.8752670288086,99.92183768821825,98.70157696743796,98.79472539302657,27325400
2019-02-06,98.76679992675781,99.67035474706215,98.30105060550986,99.67035474706215,20609800
2019-02-07,98.0588607788086,98.35694006563924,97.14599607210197,97.98434628717902,29760700
2019-02-08,98.43146514892578,98.53393057366128,97.11805568778053,97.2391479593902,21461100
2019-02-11,98.04022979736328,99.27912466812353,97.77941132073386,98.92515064403747,18914100
2019-02-12,99.56786346435547,99.80073806448854,98.25445441512471,98.86923966395625,25056600
2019-02-13,99.49335479736328,100.39690950021166,99.40020636657648,100.13609105130074,18394900
2019-02-14,99.57720947265625,99.94049338624748,98.42215310910387,99.02762156057535,21784700
2019-02-15,100.80677795410156,100.88129954648821,100.00568860287065,100.51801566706608,26606900
2019-02-19,100.76020050048828,101.2166399252208,100.39691661991846,100.40623359568878,18038500
2019-02-20,100.23633575439453,100.97536324751083,99.43182517389431,100.90052339418028,21607700
2019-02-21,102.35052490234375,102.41600799592256,99.97441286272145,100.00247602609495,29063200
2019-02-22,103.80986785888672,104.02502353899213,102.73406804699364,102.94923086422106,27763200
2019-02-25,104.38985443115234,104.94178946368166,104.0811525062045,104.54889091402318,23750600
2019-02-26,105.11017608642578,105.93339311882059,103.99695638653229,104.08115301165182,21536700
2019-02-27,104.9323959350586,105.11013875163812,103.72563040921071,104.48337121765239,21487100
2019-02-28,104.80146789550781,105.59662177185771,104.52082912938997,104.8108246621816,29083900
2019-03-01,105.26922607421875,105.72760780759285,104.46471528014487,105.60599836648795,23501200
2019-03-04,105.0166244506836,105.94274445681275,103.6508292196596,105.72758165886286,26608000
2019-03-05,104.49275970458984,105.13824100517441,104.05309158694376,105.00727481913144,19538300
2019-03-06,104.53955078125,105.39083824475073,104.24019843809957,104.65181058635247,17687000
2019-03-07,103.26727294921875,104.35242935341722,102.78082820269172,104.21210642016798,25339000
2019-03-08,103.37952423095703,103.56661670183973,101.77986005241297,102.11663220969807,22818400
2019-03-11,105.54983520507812,105.66208783858885,103.8192047796217,103.82855440766717,26491600
2019-03-12,106.28887176513672,106.6349935976822,105.3814581683487,105.5404875042275,26132700
2019-03-13,107.1120834350586,107.57982179067021,106.43853906103854,106.76595448254248,35513800
2019-03-14,107.19628143310547,107.76692284327532,106.95306260758369,107.14951187609965,30763400
2019-03-15,108.4311294555664,109.68466505899336,107.19629311243334,107.8979007780559,54681100
2019-03-18,109.98400115966797,110.02142108610471,108.56207964067806,108.67433228286707,31207600
2019-03-19,110.05883026123047,110.79785767763994,109.44141224101983,110.47043513758372,37588700
2019-03-20,109.93722534179688,111.0878648932349,109.17949145250918,109.81561593275109,28113300
2019-03-21,112.46302032470703,113.02430496873225,109.53497341755433,109.58175011169037,29854400
2019-03-22,109.49756622314453,111.87367109972185,109.48820945641481,111.78948161051984,33624500
2019-03-25,110.06819915771484,110.39561459673766,108.81465658630007,109.0391690106127,27067100
2019-03-26,110.30205535888672,111.05043239750712,109.31044525546203,110.96624292472451,26097700
2019-03-27,109.23561096191406,110.58269969185966,108.06626508859208,110.27399066839367,22733400
2019-03-28,109.38530731201172,109.99336868613277,108.63692298430551,109.86240249935247,18334800
2019-03-29,110.33011627197266,110.68559482280162,109.41334603219651,110.45172566478038,25399800
2019-04-01,111.34043884277344,111.42463546097007,110.47980195188099,111.27495575622991,22789100
2019-04-02,111.49946594238281,111.77075503158302,110.87269115286203,111.37784940822239,18142300
2019-04-03,112.22913360595703,112.65945200376156,111.46204304689326,112.12623060462113,22860700
2019-04-04,111.65848541259766,112.47235260840367,110.74171522178906,112.35073608497154,20112800
2019-04-05,112.15432739257812,112.47239325675201,111.66788253440468,111.68658893247492,15826200
2019-04-08,112.19174194335938,112.27593143632009,110.98497591773388,112.07948214895625,15116200
2019-04-09,111.58366394042969,111.82688989021038,110.92883308000602,110.9756026345385,17612000
2019-04-10,112.43496704101562,112.58463962858177,111.8269056494333,112.03271170231858,16477200
2019-04-11,112.56591796875,113.05236273378559,112.18236907908332,112.76236722792521,14209100
2019-04-12,113.14591979980469,113.17399009990342,112.60334866230004,112.85592426621412,19745100
2019-04-15,113.23947143554688,113.73527300610446,112.79043942351787,113.1365684148136,15792600
2019-04-16,112.97753143310547,113.80075559533735,112.35076368204014,113.79139882882426,14071800
2019-04-17,113.91299438476562,113.98783423352094,112.76236204291591,113.41719287672299,19300900
2019-04-18,115.40975952148438,115.55007531249971,113.47332309714598,114.30589676373317,27991000
2019-04-22,115.77459716796875,115.99910957520437,114.6613776228442,114.70815431219863,15648700
2019-04-23,117.34620666503906,117.47717284003048,115.84008851551653,116.09266409953676,24025500
2019-04-24,116.94393920898438,117.72973617719018,116.48555050707715,117.67360986149562,31257000
2019-04-25,120.81684112548828,122.89360107481555,120.51749592721113,121.66812856694803,38033900
2019-04-26,121.50906372070312,122.09841858874324,120.69520358806953,121.33132087007253,23654900
2019-04-29,121.39682006835938,121.78035468182438,121.00392155201622,121.51842233759561,16324200
2019-04-30,122.17327880859375,122.2668179263592,121.04134557195674,121.43424412475606,24166500
2019-05-01,119.6287612915039,122.22002868522291,119.46037519514202,122.10777604572901,26821700
2019-05-02,118.06652069091797,119.74102494306064,117.42103944445549,119.72231854824663,27350200
2019-05-03,120.58295440673828,121.07875597125118,119.03942338880083,119.14232640827953,24911100
2019-05-06,119.88133239746094,120.26488126708642,117.9729662260117,118.23489855789215,24239800
2019-05-07,117.42105102539062,118.97394602159717,116.20493540314307,118.3004015479231,36017700
2019-05-08,117.41169738769531,118.2162080218855,116.7007330078506,117.34621429594131,28419000
2019-05-09,117.40232849121094,117.67361759676865,115.59685813410827,116.2704025152004,27235800
2019-05-10,118.9271469116211,119.67553110513674,115.83072140676329,116.85039469200035,30915100
2019-05-13,115.39104461669922,117.44909755156229,115.10104913589454,116.10200887689705,33944900
2019-05-14,116.68202209472656,117.75781468373503,115.71847501461691,115.87751149168133,25266300
2019-05-15,118.32516479492188,118.97303540881771,116.14682521765808,116.67263626288769,24722700
2019-05-16,121.05744934082031,121.4799835303043,118.73827505215104,119.01056833637176,30112200
2019-05-17,120.24999237060547,122.49405727210429,120.10914284499026,120.47532868826144,25770500
2019-05-20,118.5129623413086,119.79930506164433,118.08105096713724,118.7946399347903,23706900
2019-05-21,119.15142059326172,119.7429498825604,118.85096024835038,119.64905736793929,15293300
2019-05-22,119.8744125366211,120.40961496563558,118.7946306042322,118.88853029155848,15396500
2019-05-23,118.47537994384766,118.57866385630554,117.12330484515489,118.4941555808675,23603800
2019-05-24,118.5317153930664,119.63966424211314,118.27820489089127,119.16081027538907,14123400
2019-05-28,118.45661926269531,120.18426462822669,118.35333533719721,119.22654942142827,23128400
2019-05-29,117.31109619140625,117.73361607494664,116.46604926078604,117.72422467473434,22763100
2019-05-30,118.05286407470703,118.08103111296509,117.16086726980984,117.61156137255807,16829600
2019-05-31,116.1280517578125,117.01065728739485,115.79003292365503,116.64447141098105,26646800
2019-06-03,112.52250671386719,116.77590868409635,111.74319236988596,116.28765613046434,37983600
2019-06-04,115.63980102539062,115.7524691892667,113.28306069593012,113.87459004690082,29382600
2019-06-05,118.14677429199219,118.18433273647689,116.62568952629525,117.32050284041028,24926100
2019-06-06,120.0152587890625,120.15610116107074,117.9308117412543,118.71952472637606,21459000
2019-06-07,123.37666320800781,124.17476763441147,120.42839330568805,121.30161462268939,33885600
2019-06-10,124.50337982177734,125.89300622991307,123.94001040727616,124.31558046555737,26477100
2019-06-11,124.03392791748047,126.04325810502874,123.26399056210855,125.70523927314767,23913700
2019-06-12,123.46116638183594,123.91185335350355,122.72879468022089,123.37665093389535,17092500
2019-06-13,124.240478515625,124.87895048320266,123.52687534353302,123.92122820475676,17200800
2019-06-14,124.36253356933594,125.62070905739449,123.60199486874949,124.18413277249127,17821700
2019-06-17,124.7381591796875,125.56441646801896,124.43769156423281,124.53159127583352,14517800
2019-06-18,126.90704345703125,126.98216032278452,125.41413335876248,125.99627115950389,25934500
2019-06-19,127.40467834472656,127.63001461170487,125.63946784231928,126.75680792300997,23744400
2019-06-20,128.58779907226562,129.2544526151439,127.43290716283161,129.05726895885812,33042600
2019-06-21,128.6065216064453,129.32011034188443,128.12766770429138,128.24033583960355,36727900
2019-06-24,129.36709594726562,129.94923391012415,128.63472421106255,128.63472421106255,20628800
2019-06-25,125.28273010253906,129.1887230923762,124.62547511075981,128.8694870002383,33327400
2019-06-26,125.75215148925781,127.45164389914713,125.44231408393948,126.14651865927503,23657700
2019-06-27,125.95875549316406,126.48457376187147,125.3578346560099,125.94937125387894,16557500
2019-06-28,125.78034973144531,126.38127047661843,125.02919521820874,126.35310343599161,30043000
2019-07-01,127.39532470703125,128.35304716065218,126.72868557936685,128.28732883530088,22613500
2019-07-02,128.2403564453125,128.24974068240397,127.07606632739167,127.80843797875298,15237800
2019-07-03,129.06661987304688,129.32952176630556,127.96804813619187,128.44691641304627,13629300
2019-07-05,128.6910400390625,128.94455770473394,127.43286460171099,127.6394324289871,18141100
2019-07-08,128.59715270996094,128.72860365919703,127.10422810361216,128.07133458593756,16779700
2019-07-09,128.12770080566406,128.60655483152837,127.5079972471943,127.69578229692064,19953100
2019-07-10,129.43280029296875,130.1182220342368,128.6534788821229,128.75676278782726,24204400
2019-07-11,129.94921875,130.71915600325744,129.45158197004756,129.7614337187673,22327900
2019-07-12,130.41868591308594,130.63465230545916,129.58303036260477,130.37175040151538,18936800
2019-07-15,130.41868591308594,131.01960659739734,130.0055645833737,130.925721247177,16651500
2019-07-16,128.7098388671875,130.5595509790779,128.18403499667505,130.47504985569148,22726100
2019-07-17,127.94928741455078,129.50791606841497,127.90233757496486,129.29196399881513,20211000
2019-07-18,128.0901336669922,128.27791871447187,126.44698942915373,127.2732608305612,30381800
2019-07-19,128.27792358398438,132.08063182989423,128.1183055712134,131.65811187525563,48992400
2019-07-22,129.97740173339844,130.69100499753577,128.94457677137632,129.01969365850033,25074900
2019-07-23,130.7848663330078,131.44213539281736,129.60180781409218,131.22616900935827,18034600
2019-07-24,132.12762451171875,132.1464073213934,130.37181147491395,130.4187470084717,20738300
2019-07-25,131.6299285888672,132.02428145300124,130.81305582223808,131.85526489575548,18356900
2019-07-26,132.70973205566406,133.02896811106558,131.7332410841175,131.79895941219067,19037600
2019-07-29,132.4186248779297,132.86931178665947,130.85998200668604,132.85992755023454,16605900
2019-07-30,131.78016662597656,132.59703941914336,131.26374702744815,131.5829830239639,16846500
2019-07-31,127.94928741455078,131.9116131806667,126.83194713697162,131.76137942482356,38598800
2019-08-01,129.6300048828125,132.33415564062386,128.56899850104418,128.63473115308523,40557500
2019-08-02,128.54080200195312,129.87410859795295,127.00094191264206,129.6581422139498,30791600
2019-08-05,124.1371841430664,125.75214672709916,122.79449335352587,125.16062464863143,42749600
2019-08-06,126.4657974243164,127.3953386089859,125.07617060365293,125.63014161854858,32696700
2019-08-07,127.01976776123047,127.36717088277113,123.78042850119981,125.62074238118574,33414500
2019-08-08,130.4092559814453,130.50315562584294,127.62998983592128,128.25909166465186,27496500
2019-08-09,129.3013458251953,130.86937284024663,128.1276716228745,130.14638552003524,23466700
2019-08-12,127.49860382080078,129.44221569786,126.9821984950104,128.70045970706695,20484300
2019-08-13,130.13702392578125,130.32480896540844,126.75683590417128,127.7427252710642,25154600
2019-08-14,126.21800231933594,128.98767873970914,125.9259641508235,128.46012406435935,32527300
2019-08-15,125.93537902832031,126.78324707371446,124.58823151561057,126.60425222941613,28074400
2019-08-16,128.24346923828125,128.5543527918804,126.91515252057269,127.06588655409749,24449100
2019-08-19,130.39138793945312,130.52327663422912,128.9594432713212,129.86383316034915,24355700
2019-08-20,129.3079833984375,130.67399069770917,129.28915242691284,130.2029576634189,21170800
2019-08-21,130.74935913085938,131.40881695837308,130.00513317166792,130.52327244694763,14970300
2019-08-22,129.7978515625,131.13558354961538,128.39416805587712,130.62687423752948,18697000
2019-08-23,125.66220092773438,130.33485527313397,125.10638535911691,129.24205510871468,38508600
2019-08-26,127.60284423828125,127.70647207929308,126.14263897849162,127.16950190298608,20312600
2019-08-27,127.87609100341797,128.7993119977184,126.85865762458432,128.48842837850881,23102100
2019-08-28,127.70648956298828,127.89489992477131,125.81294170866676,127.06589145796818,17393300
2019-08-29,130.11814880371094,130.4196168177783,128.9782570156357,129.2985559994927,20168700
2019-08-30,129.87327575683594,131.11679594217904,128.37539361604823,131.08853509988438,23940100
2019-09-03,128.1586456298828,129.25144558282722,127.83834665653949,128.69563012176926,18869300
2019-09-04,129.65655517578125,129.71307683886516,128.5731705924535,129.3456716540326,17995900
2019-09-05,131.9363555908203,132.2472391179814,130.7210823142099,131.0508111876561,26101800
2019-09-06,131.0413818359375,132.0588004310785,130.19351384027215,131.91749628586055,20824500
2019-09-09,129.5529022216797,131.65370508285648,128.55431470133874,131.50297109399406,25773900
2019-09-10,128.19635009765625,128.95942129990866,126.71729949592779,128.87463880516665,28903400
2019-09-11,128.23403930664062,128.3753578535384,127.26371232538827,128.03621346568784,24726100
2019-09-12,129.5529022216797,130.40075575315822,128.9405507824702,129.8637856831643,27010000
2019-09-13,129.36451721191406,130.06163689080714,128.65796767263345,129.79785954612535,23363100
2019-09-16,128.43185424804688,128.7804140538481,127.80067177885657,127.96082126732702,16731400
2019-09-17,129.4304656982422,129.55293889571084,128.526075883836,129.02538416013576,17814200
2019-09-18,130.4949951171875,130.63629927677184,128.6202784762406,129.40219503377762,23982100
2019-09-19,132.8972930908203,134.12196771878425,131.95522683866946,132.1718980517229,35772100
2019-09-20,131.36172485351562,133.44368328988745,130.2406636763351,132.84076144352028,39167300
2019-09-23,131.07911682128906,131.54073452693285,130.41967322379247,131.16389934636885,17139300
2019-09-24,129.42105102539062,132.53928765152918,128.95001795498206,132.2284041000849,29773200
2019-09-25,131.28631591796875,131.85156125747696,128.14923447074904,129.53407261523665,21382000
2019-09-26,131.4558868408203,132.0588085219996,130.4196228378989,131.36168886316568,17456600
2019-09-27,129.75074768066406,132.2283858897277,128.73331466372676,132.0305457024955,22477700
2019-09-30,130.97544860839844,131.1544434671942,129.79786598451886,130.05222785621746,17280900
2019-10-01,129.12904357910156,132.12480772056614,129.0630920336368,131.56899201504288,21466600
2019-10-02,126.84918212890625,128.4695368113925,125.84117897601699,128.35649349045184,30521700
2019-10-03,128.3848114013672,128.82758377162605,125.5020904374132,127.13186132965521,24132900
2019-10-04,130.11814880371094,130.24062198127407,128.51663950963984,128.82752300860201,22897700
2019-10-07,129.17611694335938,130.17470484785542,129.08191894517083,129.19496229291303,15303700
2019-10-08,127.81011199951172,129.7790267900296,127.7630058173658,129.13842871216846,25550500
2019-10-09,130.23121643066406,130.66455876545945,129.03478851759584,129.49640605880475,19749900
2019-10-10,131.0413818359375,131.5783519625516,130.24062001360676,130.46672102074137,17654600
2019-10-11,131.58778381347656,132.8595787777606,131.41821881812544,132.0022951907184,25446000
2019-10-14,131.46533203125,132.16245177137577,131.43707119717942,131.59722071517555,13304300
2019-10-15,133.36830139160156,133.57554270369167,131.71025589658038,131.94577241577883,19695700
2019-10-16,132.27549743652344,132.82189747010992,131.4464747131802,132.63347276041398,20751600
2019-10-17,131.59725952148438,133.22703039090297,130.9660767497996,132.78425802684473,21460600
2019-10-18,129.4492950439453,131.88924258175905,128.64853317835568,131.66314156240998,32273500
2019-10-21,130.41021728515625,130.4761688191154,129.07248500490974,130.4290626341145,20078200
2019-10-22,128.4695587158203,131.8986789919642,128.3659308623604,130.9189365022612,27431000
2019-10-23,129.2891387939453,129.4869645976064,127.75356666414639,128.9499944700261,29844600
2019-10-24,131.83270263671875,132.28489023791624,130.636274934291,131.3145635234796,37029300
2019-10-25,132.5769500732422,132.963200600433,131.13559017888338,131.26747884977937,25959700
2019-10-28,135.83651733398438,137.23077117887058,135.19590489187667,136.03434317103782,35280100
2019-10-29,134.55531311035156,136.1285618930684,134.38573372445262,135.73289582568952,20589500
2019-10-30,136.23220825195312,136.59961353405308,134.51764068562605,135.20535943464697,18496600
2019-10-31,135.0640411376953,136.53366226906516,134.70606571774047,136.5054014299843,24605100
2019-11-01,135.3937530517578,136.05319650529455,134.68720341408505,135.90246246597496,33128400
2019-11-04,136.17562866210938,136.5995554419723,135.80822353625686,136.43940596401453,16912000
2019-11-05,136.0908966064453,136.61845140572893,135.57275729472383,136.57134521833785,18250200
2019-11-06,135.71405029296875,136.14740705653168,134.9038728109251,136.00608850600966,16575800
2019-11-07,135.9024658203125,136.48655664339515,135.4408625788381,135.50679973842463,17786700
2019-11-08,137.5039520263672,137.53221285481024,135.431395441973,135.6386511004124,16732700
2019-11-11,137.64524841308594,137.9372865403999,136.34519287881375,136.91985364941968,14362600
2019-11-12,138.54969787597656,139.02073102677576,137.59820171149596,137.8054574478309,18641600
2019-11-13,138.77578735351562,138.91710592644566,137.8054601935194,138.23881702579706,16919200
2019-11-14,139.48233032226562,139.81205926830356,138.48374237112063,138.50258772155468,19729800
2019-11-15,141.28167724609375,141.30052259611287,139.68016748943623,140.30192029216403,23485700
2019-11-18,141.63026428222656,141.8281045583378,140.3490533565912,141.3759166948174,21534000
2019-11-19,141.6773223876953,142.56286683531036,141.49832752597038,142.1389399587339,23935700
2019-11-20,141.43154907226562,142.58478171593035,140.33504484728581,142.0837888619762,25696800
2019-11-21,141.29920959472656,141.60170346192638,140.37284736790474,141.2235861279266,18576100
2019-11-22,141.4031982421875,142.07434753406577,140.6753493765547,141.856939069247,15901800
2019-11-25,142.95343017578125,143.06687258394902,141.71512659968207,141.7907500638936,22420900
2019-11-26,143.70965576171875,144.07831114870604,143.0385209302888,143.07632545195608,24620100
2019-11-27,143.98382568359375,144.15396770570413,143.22760526334744,143.99327321025382,15184400
2019-11-29,143.09524536132812,143.9648936601184,143.00071241471292,143.77584219059054,11977300
2019-12-02,141.36541748046875,143.52063628831266,140.20273706606196,143.50172681141444,27418400
2019-12-03,141.13851928710938,141.25194727879412,138.6240930309501,139.41813224384907,24066000
2019-12-04,141.64898681640625,141.96091382154867,141.0345514843031,141.92310929549308,17574700
2019-12-05,141.72457885742188,142.09324866665452,141.29920947776307,141.83802126937863,17869100
2019-12-06,143.44496154785156,143.5583895213006,142.04596365508172,142.72656034317507,16403500
2019-12-09,143.0763397216797,143.87982651833465,142.65097029791653,142.80221724707323,16687400
2019-12-10,142.85894775390625,143.57734920985484,142.50918734060494,143.01018029683436,16476100
2019-12-11,143.397705078125,143.5583995262769,142.10268754532999,143.24645815385242,18856600
2019-12-12,144.85345458984375,145.04250606349174,142.75495005783458,143.35046147864057,24612100
2019-12-13,146.07286071777344,146.413159167457,144.4659014257082,144.62659591254433,23845400
2019-12-16,147.0181121826172,147.367858109915,146.34697732625102,146.62109978370296,24144200
2019-12-17,146.22409057617188,147.18827180812258,145.99722016168278,146.9424919198338,25425600
2019-12-18,145.92160034179688,146.97085259654958,145.7419963954613,145.85543881739588,24129200
2019-12-19,147.1883087158203,147.24502272773813,145.33556925883798,145.57188725763285,24958900
2019-12-20,148.79525756835938,149.8161529808964,147.73654320144786,148.7385435605026,53477500
2019-12-23,148.79525756835938,149.46639255960463,148.66292007545854,149.46639255960463,17718200
2019-12-24,148.76690673828125,149.07884821814415,148.521126795762,148.86142528073012,8989200
2019-12-26,149.98631286621094,150.04302688082174,148.78581333669098,148.93706032479093,14520600
2019-12-27,150.2604522705078,150.81815932149559,149.56094575698808,150.72362634647428,18412800
2019-12-30,148.9654083251953,150.3171547610845,148.15247384294395,150.28879775549368,16348400
2019-12-31,149.0693359375,149.13551187620644,147.88774637803394,148.19024022863357,18369400
2020-01-02,151.8295440673828,151.93352453696647,149.66487810348934,150.0902475068035,22622100
2020-01-03,149.93902587890625,151.19623925114328,149.409675916639,149.6554558446236,21116200
2020-01-06,150.32656860351562,150.3927445508696,147.94447970171677,148.48329153461876,20813700
2020-01-07,148.95591735839844,150.9315317648506,148.7101519070475,150.60069532153608,21634100
2020-01-08,151.32852172851562,151.99967088764276,149.30564115169364,150.23200324889638,27746500
2020-01-09,153.21910095214844,153.34199090041147,152.21711516271918,152.98278300469048,21385000
2020-01-10,152.51011657714844,154.2872318018375,152.3588696593664,153.90912893108236,20725900
2020-01-13,154.343994140625,154.37235114362988,152.43454087063708,152.90717681899122,21626500
2020-01-14,153.25689697265625,154.64644744971824,152.86933213511907,154.44793405712338,23477400
2020-01-15,154.24942016601562,154.96783584765552,153.67281830910034,153.72007035240767,21417900
2020-01-16,157.07582092285156,157.14199687545099,155.0529397493098,155.35543366341506,23865400
2020-01-17,157.95492553710938,158.30467149192543,156.37630891838617,158.25740501659007,34371700
2020-01-21,157.3877410888672,158.98525260050442,157.32156514521276,157.55788307477562,29517200
2020-01-22,156.63153076171875,158.3235753219564,156.61262128751815,158.2384898999051,24138800
2020-01-23,157.59568786621094,157.6713113277231,156.22504688259176,157.09469505443082,19680800
2020-01-24,156.00762939453125,158.36136103516702,155.44992257333556,158.34245156321265,24918100
2020-01-27,153.39877319335938,154.43857839457826,151.43260526432414,152.33061097971722,32078100
2020-01-28,156.40467834472656,156.6882483457103,154.14547932010373,154.81661422070258,24899900
2020-01-29,158.84349060058594,159.5146400250475,156.62211019371946,158.65443909714912,34754500
2020-01-30,163.3240509033203,164.52455005778435,161.44295493874296,164.52455005778435,51597500
2020-01-31,160.9136199951172,162.9648581406356,160.29919907352217,162.78526860838573,36142700
2020-02-03,164.83651733398438,164.94994534557068,161.07432481438784,161.1026818172844,30107000
2020-02-04,170.26234436035156,170.75388971293165,166.6608612717509,167.44543856138947,36433300
2020-02-05,170.054443359375,174.1191162344116,168.64599717530598,173.9584217098262,39186300
2020-02-06,173.5802459716797,173.75984990152529,170.20561909708994,171.06581980124434,27751400
2020-02-07,173.82603454589844,175.47081270658518,172.4931978169128,172.8429581987189,33529100
2020-02-10,178.3727569580078,178.50509441167975,173.2210293650427,173.53297073949096,35844300
2020-02-11,174.34591674804688,180.2633124685266,173.45735903159144,180.2160459982191,53159900
2020-02-12,174.60118103027344,175.67879043188398,171.89770278781828,175.42356297727224,47062900
2020-02-13,173.65589904785156,176.03797374039397,172.86185972663358,173.06037316286404,35295800
2020-02-14,175.20611572265625,175.26282971697995,172.65387058847747,173.22103937911754,23149500
2020-02-18,176.98321533203125,177.42749418236605,175.34789933909548,175.45187980244407,27792200
2020-02-19,177.5140380859375,178.36710062256168,176.74627891035584,178.25336280783833,29997500
2020-02-20,174.8031768798828,177.4856045751215,171.65631012999017,177.20124557370298,36862400
2020-02-21,169.2771759033203,173.93114068656777,168.00705551331956,173.61834725384844,48572600
2020-02-24,161.978759765625,165.44790866868266,154.71819508998502,159.02146009120386,68311100
2020-02-25,159.30575561523438,165.72271383699095,158.90764439039998,165.1160881339019,68073300
2020-02-26,161.29627990722656,164.2251446871033,159.43849455284118,160.8602752572203,56206100
2020-02-27,149.9315185546875,158.3200311084721,149.74195067287758,154.8035013421261,93174900
2020-02-28,153.56178283691406,155.17314580344524,144.0737718821789,144.46239539589996,97012700
2020-03-02,163.77960205078125,163.90282763558946,153.84610129007496,156.68966182739558,71030800
2020-03-03,155.93141174316406,165.87440256658573,153.79874085302225,164.73698098446346,71677000
2020-03-04,161.6564483642578,161.79862063132381,156.98352219099715,159.70387209335476,49814400
2020-03-05,157.59963989257812,161.9597582663655,157.04988300701586,157.3911109200166,47817300
2020-03-06,153.1447296142578,154.60441795195356,147.86517755045685,154.1304911008303,72821100
2020-03-09,142.7657012939453,149.5239019334554,142.17803670376105,143.12589028178613,70419300
2020-03-10,152.52857971191406,152.63284417285914,144.62348518857524,149.91250932333253,65354400
2020-03-11,145.61874389648438,149.4765002813039,143.26805670517658,148.93623128461837,56371600
2020-03-12,131.80853271484375,145.4671079518946,131.35356699021355,137.72314498743467,93226400
2020-03-13,150.547607421875,153.46699860222324,133.39144937999532,139.80842308587606,92727400
2020-03-16,128.3583526611328,141.56196287538836,127.9602558230332,132.6995245572196,87905900
2020-03-17,138.9269256591797,139.8084226699975,127.96025125728585,132.69951982237052,81059800
2020-03-18,133.07864379882812,138.386629909358,127.97920110693828,130.8038008732288,81593200
2020-03-19,135.26821899414062,142.32023895199598,131.75167511472426,135.32508790671272,85922700
2020-03-20,130.18772888183594,139.42930369211481,128.7754214733434,138.38665869750938,84866200
2020-03-23,128.88912963867188,133.23978869379377,125.60956425248216,129.86541769841315,78975200
2020-03-24,140.60459899902344,141.79890378670194,133.90328159423055,136.25395446330393,82516700
2020-03-25,139.2586212158203,146.2822184527528,136.9079488094602,141.14485470781415,75638200
2020-03-26,147.96945190429688,148.49077436791936,140.63305855292953,140.66149300884524,64568100
2020-03-27,141.8936767578125,146.81303910788503,141.4197499720729,143.83677947196435,57042300
2020-03-30,151.87460327148438,152.22531899610644,142.1875367282903,144.4908288761412,63420300
2020-03-31,149.48599243164062,156.18730963025092,148.39595215161313,151.08785281104335,77927200
2020-04-01,144.1780242919922,149.5239184853041,142.9552994047509,145.02161349129338,57969900
2020-04-02,147.16372680664062,147.37225573029235,142.5192505175172,143.9410307443627,49630700
2020-04-03,145.80833435058594,149.17321783075897,144.25385488302902,147.01211258227983,41243300
2020-04-06,156.6517791748047,157.8176351324215,149.3627821810192,151.95990642835253,67111700
2020-04-07,154.96458435058594,161.13510584413748,154.74656761748417,160.74648241184053,62769000
2020-04-08,156.51910400390625,157.9787925050275,154.97409766807493,157.0309386966601,48318200
2020-04-09,156.52854919433594,158.64225875732106,154.81293642372253,157.6849317896961,51385100
2020-04-13,156.87924194335938,156.9361253075692,153.83664002908935,155.77974277463417,41905300
2020-04-14,164.64219665527344,164.6895922363069,159.23943306877445,160.18728683704097,52874300
2020-04-15,162.9170684814453,164.51894325255736,160.41473575433392,162.27252056372882,40940800
2020-04-16,167.80799865722656,168.03548873292664,163.88388524576575,165.2108889927018,50479600
2020-04-17,169.28665161132812,170.6136408101682,166.6990009789437,170.13971403013997,52765600
2020-04-20,165.9312744140625,169.42885704991627,165.86493217267332,167.41941173715273,36669600
2020-04-21,159.06883239746094,164.6137684753668,157.4479960281646,164.4526350641902,56203700
2020-04-22,164.47158813476562,164.926553888929,161.9123858808334,162.45265500207105,34620200
2020-04-23,162.48109436035156,165.9312815649868,161.997694135911,165.0308233603539,32790800
2020-04-24,165.4478759765625,165.45734930740483,161.8081210252355,163.08771491777517,34277600
2020-04-27,164.9739532470703,167.67532784131654,164.26306291230537,167.38149548370984,33194400
2020-04-28,160.9550323486328,166.50945553550488,160.55693553548355,166.43362550493845,34392700
2020-04-29,168.1776885986328,168.41465204272475,162.91711171027274,164.18723229946127,51286600
2020-04-30,169.86485290527344,170.9927865594313,167.04023871586077,170.61365089823016,53875900
2020-05-01,165.4668426513672,169.32460004626728,164.93603238128148,166.63269876050148,39370500
2020-05-04,169.51412963867188,169.66578968159777,164.7369539912882,165.3909752711956,30372900
2020-05-05,171.33401489257812,174.0733112718267,170.51886020205268,171.20131596449716,36839200
2020-05-06,173.02120971679688,174.59465034524186,172.15867383336482,172.5852051098927,32139300
2020-05-07,174.0259552001953,174.92641337480944,173.05914032044407,174.5662243197236,28316000
2020-05-08,175.0496063232422,175.35292643558043,173.79844701759438,175.33396531278456,30877800
2020-05-11,177.00222778320312,177.73206481211713,173.31507699714257,173.59942157303036,30892700
2020-05-12,172.99276733398438,177.2865432828998,172.79372616350702,177.05906765949712,32038200
2020-05-13,170.37673950195312,174.45251418794447,167.33412210174134,173.03073332979187,44711500
2020-05-14,171.11605834960938,171.26771844026905,166.5189612853163,168.2819700657037,41873900
2020-05-15,173.6088409423828,177.30546360297237,167.77006023372707,169.72263602178697,46610400
2020-05-18,175.2676239013672,176.49034876011717,174.3671658161669,176.06381750534854,35264500
2020-05-19,174.05438232421875,176.8695090149878,173.92168338263468,175.38137174005942,26799100
2020-05-20,176.4686279296875,176.6492240164961,174.83377793793983,175.6607026476636,31261300
2020-05-21,174.3490447998047,177.428649474258,174.21597626776312,176.22151846713524,29119500
2020-05-22,174.42503356933594,175.32801387592917,173.50305383772445,174.12088323188706,20826900
2020-05-26,172.5811004638672,177.26702615062376,172.13436738782855,177.11494371976403,36073600
2020-05-27,172.8092041015625,172.98030045667377,167.85714157024967,171.27890913531226,39517100
2020-05-28,172.4195098876953,175.03336693369795,171.45001698942932,171.792195219223,33810200
2020-05-29,174.17794799804688,175.14745550760477,171.47854971997998,173.68368727702386,42130400
2020-06-01,173.7787322998047,173.94031445807596,172.47656081625482,173.50308105663945,22622400
2020-06-02,175.75579833984375,175.84133929436416,172.37204299612597,175.12846899992755,30794600
2020-06-03,176.18348693847656,176.73477494392236,174.49160956121008,175.67022679734052,27311000
2020-06-04,173.86424255371094,176.6396814066733,173.27494131537807,175.17592802316418,28761800
2020-06-05,177.93238830566406,178.43614872306114,172.99932449815253,173.5791261393768,39893600
2020-06-08,179.03497314453125,179.21556924712382,175.309040013136,176.73478039775375,33211600
2020-06-09,180.4036865234375,181.25912495422665,177.98942467972202,178.69279515847796,29783900
2020-06-10,187.09515380859375,188.6919905733056,181.55377446710472,181.66784355961488,43872300
2020-06-11,177.04843139648438,186.06860558677644,176.85833559384204,183.5688175004387,52854700
2020-06-12,178.44564819335938,182.22860811999774,176.01237274212465,181.1070182904642,43373600
2020-06-15,179.5862274169922,181.3731596709733,174.90028735842841,175.44207556438678,32770200
2020-06-16,183.9870147705078,185.89750128714283,181.98147311232987,183.34067171544817,42556700
2020-06-17,184.62384033203125,186.60086831332674,184.1010660695818,185.37472372472914,25687800
2020-06-18,186.60086059570312,186.76244272407226,184.395709071984,184.395709071984,23061600
2020-06-19,185.4888153076172,189.42385812687283,184.74743147959663,188.75851552523656,44441100
2020-06-22,190.6405029296875,190.8210845257473,185.56485622646053,186.0971303068874,32818900
2020-06-23,191.91415405273438,193.85315449194295,191.45790671131317,192.085235928232,30917400
2020-06-24,188.04563903808594,193.1878125857555,186.82900846349898,191.61950404139304,36740600
2020-06-25,190.42184448242188,190.67848176164708,185.79294626046538,188.00759762528094,27803900
2020-06-26,186.61036682128906,189.9941209296588,185.23215432254898,189.8420385082229,54675800
2020-06-29,188.61590576171875,188.7014466837992,183.96799378477183,186.08758992879393,26701600
2020-06-30,193.4349365234375,194.28087520010905,187.9505991998322,188.0836677162733,34310300
2020-07-01,194.56597900390625,196.13430167829475,191.78104054793843,193.0832117505768,32061200
2020-07-02,196.0487823486328,197.72166017594725,194.85116577047972,195.49749438312054,29315800
2020-07-06,200.26895141601562,200.67767110943888,197.78816312460114,198.49153344403433,31897600
2020-07-07,197.94024658203125,204.04241234730003,197.69312352420133,200.03132911943715,33600700
2020-07-08,202.2935791015625,202.70228443738398,198.35853570164244,199.67022166941018,33600000
2020-07-09,203.70977783203125,205.66779215946096,201.00086550314717,205.6202645828633,33121700
2020-07-10,203.0919647216797,203.48167057647657,200.63018979121773,203.04443714124912,26177600
2020-07-13,196.81874084472656,205.11654692913828,196.27695246467718,203.86188826168691,38135600
2020-07-14,198.0353546142578,198.5106014316634,192.02822788062798,195.9252575847065,37591800
2020-07-15,197.7406768798828,200.86780886223525,194.879696441531,199.18543117423306,32179400
2020-07-16,193.8246612548828,195.51653877317057,192.2943659149279,195.23138778060235,29940700
2020-07-17,192.8361053466797,194.88916006506298,191.4198649615669,194.34738636962433,31635300
2020-07-20,201.12440490722656,201.78974737221313,192.9596557546051,194.85114280106075,36884800
2020-07-21,198.41551208496094,203.34857552033253,197.73115562552331,203.08243850870448,37990400
2020-07-22,201.26699829101562,201.7897726158241,198.07333955618,198.84323696936167,49605700
2020-07-23,192.51292419433594,200.47806341735327,192.14223235359336,196.93272714528928,67457000
2020-07-24,191.33436584472656,192.81713354998143,187.7319869550339,190.4979268301186,39827000
2020-07-27,193.75807189941406,193.87212645839105,190.91609161009322,191.49589312385507,30160900
2020-07-28,192.01870727539062,194.56602297793356,191.75257024686763,193.52998850951334,23251400
2020-07-29,193.9577178955078,194.51850562770954,192.00920315300615,192.47495022909868,19632600
2020-07-30,193.80564880371094,194.3379374288218,189.69002407556442,191.04922302902312,25079600
2020-07-31,194.8606414794922,194.94619690576195,189.15768123265423,194.28083994092853,51044000
2020-08-03,205.81983947753906,206.86538804440696,200.02183829806603,201.04837293552396,78983000
2020-08-04,202.73072814941406,204.1374688047289,199.89826191685304,203.56716697112796,49280100
2020-08-05,202.39808654785156,204.3561008212258,201.09591510463036,204.26104567065477,28806400
2020-08-06,205.63925170898438,205.65825113444276,201.07688051454105,201.82776391473723,32656800
2020-08-07,201.9608612060547,205.02145153311608,200.4875933337867,204.21354073459383,27820400
2020-08-10,197.94024658203125,201.39054219594667,196.1343149595848,201.19093220446166,36716500
2020-08-11,193.31138610839844,197.36998319308316,193.08326243132456,196.90425062787259,36446500
2020-08-12,198.83375549316406,199.86979002066158,194.61356165253872,195.1268218072775,28013100
2020-08-13,198.3679962158203,200.88681276479966,197.845221875211,199.07136664712925,22588900
2020-08-14,198.55809020996094,199.21393305825572,197.23690479940333,198.42502169750838,17958900
2020-08-17,199.8697967529297,200.73474942577576,198.5771248528308,199.22346805457104,20184800
2020-08-18,201.01992797851562,201.84685289816318,198.85280339342418,200.10744759897963,21336200
2020-08-19,199.80026245117188,202.0869694902149,199.37150942461267,201.50576642003222,27627600
2020-08-20,204.449951171875,204.85012175813844,199.047626449657,199.6478750598317,26981500
2020-08-21,202.9635772705078,206.0410886510413,202.8016045176839,203.76391835685175,36249300
2020-08-24,203.6019287109375,205.34553813622844,202.4014026425913,204.6499901784463,25460100
2020-08-25,206.2506866455078,206.38407681542566,203.03978535206127,203.03978535206127,23043700
2020-08-26,210.7097930908203,211.60541925134504,207.09872041084344,207.59417596445235,39600800
2020-08-27,215.88343811035156,220.23768646081993,209.0423895356834,212.3676361540944,57602200
2020-08-28,218.10342407226562,219.75174867918676,215.8834189640669,217.40787607007542,26292900
2020-08-31,214.88299560546875,217.90334192876838,213.72058919228218,216.2835998158093,28774200
2020-09-01,216.54083251953125,216.71232793524112,213.83489480690253,214.86391091647602,25725500
2020-09-02,220.7140655517578,221.86694924784757,216.61707521022916,217.207801074862,34080800
2020-09-03,207.0414581298828,218.4844711989389,204.81193099223216,218.44636596120282,58400300
2020-09-04,204.135498046875,208.0514701428707,195.50321280100798,204.94537631657883,59664100
2020-09-08,193.09263610839844,200.11470143736412,192.6543458320582,196.75135022135257,52924300
2020-09-09,201.31520080566406,204.6976117097977,196.94189367413148,197.7994142836165,45679000
2020-09-10,195.67469787597656,204.60236011002283,194.47418635865475,203.32560902386254,35461500
2020-09-11,194.39797973632812,198.7808248995314,191.73969878966778,197.41832597706613,33620100
2020-09-14,195.7128143310547,199.32388603691476,194.39795802128066,194.59805053998278,30375800
2020-09-15,198.92372131347656,199.87651239728032,197.16105199306432,198.58071594176965,21823900
2020-09-16,195.36981201171875,200.70543328613255,194.97916418339267,200.67685071707825,26328100
2020-09-17,193.33084106445312,194.6838026501684,190.5201102929385,190.60585800070598,34011300
2020-09-18,190.92982482910156,194.03591885589844,186.9852699078693,193.22605507235494,55225300
2020-09-21,192.97830200195312,193.1402892819436,187.109119905432,187.88087836630214,39839700
2020-09-22,197.62794494628906,198.27585050912126,192.54004353083127,195.37935717841205,33517100
2020-09-23,191.12034606933594,198.27581589133334,190.58678542747754,198.0852460577235,30803800
2020-09-24,193.59762573242188,195.8652732003476,189.79598401356498,190.4153069509795,31202500
2020-09-25,198.00909423828125,199.1714862447696,192.97834281685655,193.9406713310271,29437300
2020-09-28,199.5526123046875,202.53485372758092,198.23775565768426,200.92463410357064,32004900
2020-09-29,197.4754638671875,200.15281887680132,197.0467108108903,199.46680817135086,24221900
2020-09-30,200.40054321289062,201.97264262940195,196.78945699327505,197.9232806684825,33829100
2020-10-01,202.43003845214844,203.88780792375502,201.3438569921584,203.41141229150605,27158400
2020-10-02,196.4560089111328,201.02940932407267,195.83668594256645,198.18055856092133,33154800
2020-10-05,200.44821166992188,200.47679424204267,197.2087129579813,197.4373880733873,21331600
2020-10-06,196.18927001953125,200.25767860913228,195.15073093910058,198.96189633233655,28554300
2020-10-07,199.92417907714844,200.19095944985511,196.96099786603364,197.28494338454317,25681100
2020-10-08,200.6387481689453,201.21995131159426,198.48544555341942,200.57204581462975,19925800
2020-10-09,205.62185668945312,205.6694991548574,201.25807145801653,201.25807145801653,26458000
2020-10-12,210.94798278808594,213.2918557250385,206.57467431845953,208.46119697504406,40461400
2020-10-13,212.3390655517578,214.57813087839702,210.02377517799457,212.20567535390106,28950800
2020-10-14,210.4334259033203,213.63480432186398,208.7851015044337,212.47239811082844,23421700
2020-10-15,209.29013061523438,209.9570815862142,205.81243381054406,206.8509873279706,22733100
2020-10-16,209.29013061523438,211.79596173037572,208.96618507767857,209.75698902569985,26057900
2020-10-19,204.10693359375,211.80548829345503,203.6305379900933,210.01423617140503,27625800
2020-10-20,204.5166015625,207.1081944892267,203.03024978890875,205.61232003857742,22753500
2020-10-21,204.6595458984375,206.67945852332676,203.05884917539285,203.05884917539285,22724900
2020-10-22,204.74525451660156,205.860018226244,201.7058489433808,203.83056877260853,22351500
2020-10-23,206.02200317382812,206.0696456336695,203.09694223156853,204.87865682982294,18879600
2020-10-26,200.162353515625,206.12682049278558,198.27583123211025,203.75437998821897,37111600
2020-10-27,203.18270874023438,204.5356704020045,200.400560381581,201.60107197312493,36700300
2020-10-28,193.11170959472656,198.9809067591582,192.5591035035503,197.8661428219542,51195600
2020-10-29,195.05538940429688,197.57075725259926,193.76911564184445,194.43608102293118,31432600
2020-10-30,192.91162109375,194.64569338891974,190.19616056013263,193.8929947937588,36953700
2020-11-02,192.7782440185547,195.58897513304893,190.67256908298938,194.64570661719011,30842200
2020-11-03,196.6846466064453,198.294865783627,193.53091060305985,194.26456377162967,27512000
2020-11-04,206.17445373535156,208.01334801298592,202.3918721219875,203.9163436100231,42311800
2020-11-05,212.7487030029297,213.53952130359875,210.70973077728522,211.5577142136879,36080100
2020-11-06,213.15843200683594,213.76821774632472,207.73704817031117,211.76735056508159,25231900
2020-11-09,208.08004760742188,217.35070093341986,207.59412938058674,213.84443666623005,44395000
2020-11-10,201.0484619140625,206.27929073276394,199.81936768721027,204.37370837033654,44045100
2020-11-11,206.326904296875,207.74655365341502,202.18225742380903,202.3632900490306,29440800
2020-11-12,205.26931762695312,208.76605923155117,204.33558641645527,206.95576195060497,21593900
2020-11-13,206.288818359375,207.15586184430438,204.04976775287432,206.1459054941405,18621100
2020-11-16,206.9747772216797,207.46070991834793,204.39272184848454,204.72618996311712,24953300
2020-11-17,204.3356170654297,207.40359150295538,203.97355173955768,205.8981941277248,24154100
2020-11-18,201.6417236328125,205.5488389638245,201.49842202030706,204.09680050082704,28372800
2020-11-19,202.9217987060547,203.50452360075073,200.5431319241308,201.92830793266506,24792700
2020-11-20,200.98255920410156,203.75288192230383,200.60999836163293,202.71162400059706,22843100
2020-11-23,200.7150115966797,202.79752672651188,198.85220802263296,201.5174478168078,25683500
2020-11-24,204.29739379882812,204.66995462675723,199.5209654528128,200.21831990991032,33979700
2020-11-25,204.30691528320312,205.6634190108347,202.95997374000245,205.49147460908594,21012900
2020-11-27,205.60610961914062,206.59961477704968,204.46931745600483,205.2431110137325,14512200
2020-11-30,204.49801635742188,205.15715124474664,201.41243305795305,204.52667376224022,33064800
2020-12-01,206.5422821044922,207.6026495809282,203.81016502138235,204.9182851110949,30904500
2020-12-02,205.73985290527344,205.83538729489786,203.28477651814012,205.27177229501723,23724500
2020-12-03,204.66038513183594,206.70469566225796,204.0967555691371,205.01383612716327,25120900
2020-12-04,204.7750244140625,205.74941981992606,203.6477798118867,204.64128501141468,24666000
2020-12-07,204.70814514160156,205.90225214353387,203.46628552079312,204.7845697389054,24620000
2020-12-08,206.35125732421875,207.24922820799597,203.37077062615214,204.40248092390664,23284100
2020-12-09,202.3295135498047,205.60613649395367,201.76589848690782,205.53927407494194,32440600
2020-12-10,201.10675048828125,203.55227955829025,200.95390127727993,202.30085761828587,26733300
2020-12-11,203.7242431640625,203.78157255596147,199.75981294989188,200.65778392841838,30979400
2020-12-14,204.62217712402344,206.5423105513928,203.36120768395418,203.57137168671602,28798400
2020-12-15,204.55532836914062,205.78764048898248,202.749839007766,205.54881906776095,27000600
2020-12-16,209.47503662109375,210.26792546149707,205.1189363798678,205.1475937833099,35023300
2020-12-17,209.60874938964844,211.0130202858481,208.17582109364878,210.03862496314824,32515800
2020-12-18,208.81591796875,209.86673817152717,206.36084106081339,208.81591796875,63354900
2020-12-21,212.6370086669922,213.98396480092967,207.56444469078173,207.82237587263162,37181900
2020-12-22,213.92666625976562,215.5411013062933,211.93012279193636,212.7325592225708,22612200
2020-12-23,211.13719177246094,213.56361037343916,210.92702780979758,213.13373484126376,18699600
2020-12-24,212.7898712158203,213.6114174296126,211.30917559396767,211.51933959585654,10550600
2020-12-28,214.90106201171875,215.92321005733746,213.04780555492192,214.413857010838,17933500
2020-12-29,214.1272430419922,217.02175699558643,213.5827378764795,216.19066325935648,17403200
2020-12-30,211.76773071289062,215.54112095562053,211.56712887519555,215.15899792298163,20272300
2020-12-31,212.47459411621094,213.02866144223617,209.85710666081582,211.78678740642096,20942100
2021-01-04,207.95614624023438,213.0287109719447,205.2049187614072,212.57972552709433,37130100
2021-01-05,208.1567840576172,208.74907120566982,206.05515807088025,207.54540168735724,23823000
2021-01-06,202.75936889648438,206.8097850939476,202.46323269229157,202.68294429919243,35930700
2021-01-07,208.529296875,209.53234971678856,204.15410145154507,204.46933288683374,27694500
2021-01-08,209.79986572265625,210.71694651739315,207.3256789637426,208.90189472561306,22956200
2021-01-11,207.76507568359375,209.12157952096553,207.03904928013995,208.701251514019,23031300
2021-01-12,205.31956481933594,207.39254778038148,203.78156871356688,206.81937048423458,23249300
2021-01-13,206.66648864746094,207.0677068608454,204.3642467924793,204.45023357688456,20087100
2021-01-14,203.4949493408203,207.73641987769744,203.22747053007149,206.25572423330087,29480800
2021-01-15,203.1414794921875,204.91831131296394,202.54920707742923,203.97258788636626,31746500
2021-01-19,206.7620391845703,207.27788704877008,203.12240300079074,204.1923183200217,30480900
2021-01-20,214.3087921142578,215.69395347478093,207.57402496133145,207.9656955997527,37777300
2021-01-21,214.91061401367188,216.18114567833973,212.47463268897792,214.65268280655076,30709400
2021-01-22,215.84677124023438,219.7825576936173,215.703484235591,216.92624859688442,30172700
2021-01-25,219.26669311523438,219.5055145049017,214.19412913094075,218.87502253781977,33152100
2021-01-26,221.94151306152344,223.70878273824454,219.79212038536122,221.49252764749383,49169600
2021-01-27,222.48602294921875,229.6888849420293,219.84943979215547,227.35798561441428,69870600
2021-01-28,228.24639892578125,231.7905151873999,224.5781054386549,225.07485807019364,49111200
2021-01-29,221.58807373046875,227.3771026447357,221.00534888002093,225.43787387184437,42503100
2021-02-01,228.93418884277344,231.65675864090633,222.0370256255715,224.54943142500284,33314200
2021-02-02,228.80044555664062,231.47524811392537,228.0171189555544,230.51041491917857,25916300
2021-02-03,232.13441467285156,234.13095819780892,228.5616410677944,228.85779186575422,27158100
2021-02-04,231.18862915039062,232.36364076240523,229.62196157753718,231.80957344589007,25296100
2021-02-05,231.37017822265625,232.40188845915685,229.66977095597062,231.39883562562832,18054800
2021-02-08,231.62811279296875,232.78400026698355,230.04233511511973,232.27770003844776,22211900
2021-02-09,232.86997985839844,233.81570329400722,230.58684780779984,231.05492843301977,23565000
2021-02-10,231.96246337890625,234.92384008224641,230.11875453556536,234.04497905294213,22186700
2021-02-11,233.55776977539062,234.1882471613524,231.32239050634175,233.83479617171466,15751100
2021-02-12,234.03541564941406,234.331551842112,231.87646094509842,233.0228007069779,16561100
2021-02-16,232.80308532714844,235.12443679051168,232.05796376520485,234.0736168562319,26728500
2021-02-17,233.81802368164062,233.92334770145064,230.69662531011264,231.0604745803787,21653500
2021-02-18,233.4254608154297,233.5595082453593,230.6200343854476,231.5200733907211,16925600
2021-02-19,230.725341796875,233.49247502338264,229.96891987453535,233.38715100673053,25262600
2021-02-22,224.5399932861328,227.81459302124637,222.51969763144905,227.32628051507058,36446900
2021-02-23,223.3527069091797,224.84638235438035,219.00571338525143,220.5376964424216,30228700
2021-02-24,224.5783233642578,225.20068336242525,219.26427363578588,220.23132914634272,26339700
2021-02-25,219.2547149658203,224.61662756906875,218.19190496714646,222.21334307210185,39542200
2021-02-26,222.50057983398438,225.3634533466254,219.78130875334585,221.68671096867462,37819200
2021-03-01,226.86668395996094,227.3741502565887,223.23780465757733,225.8708905631292,25324000
2021-03-02,223.9272003173828,227.21138422250442,223.5250580328917,226.93370515768925,22812500
2021-03-03,217.88543701171875,223.64950484345542,217.5981883883298,222.28987694349104,34029500
2021-03-04,217.0907745361328,222.60590268379033,214.72578318866238,217.100358745604,44727800
2021-03-05,221.75369262695312,223.3526919831032,216.83221674303033,219.76212062975273,41872800
2021-03-08,217.7227020263672,223.44846319176875,217.473760970506,221.5334915341693,35267400
2021-03-09,223.8409881591797,225.37297100262973,221.82069290678962,222.97925694103353,33080500
2021-03-10,222.5388641357422,226.92415117322705,222.1750148299451,226.92415117322705,29746800
2021-03-11,227.0486297607422,229.0018945134101,224.34851258579613,224.97088716934874,29907600
2021-03-12,225.72726440429688,225.794295419288,223.3143962358568,224.06123394821893,22653700
2021-03-15,224.82723999023438,225.19108927209567,221.95478256941098,224.97087162731992,26034900
2021-03-16,227.6039581298828,229.854041015424,225.909204156804,226.2347458255093,28092200
2021-03-17,226.96241760253906,228.40823044727705,223.3143992028997,226.11025586249227,29562100
2021-03-18,220.91114807128906,224.23362531391453,220.5377291546,222.67291862130548,34833000
2021-03-19,220.556884765625,222.5867502154878,219.5993988575651,221.19839857081604,46430700
2021-03-22,225.95709228515625,226.82839330995083,220.35579418679632,220.48027202322757,30127000
2021-03-23,227.47947692871094,230.8019538061581,226.99116443288878,227.39330671357888,31638400
2021-03-24,225.4495849609375,227.8815921631546,225.3155375499503,227.73797515497975,25620100
2021-03-25,222.46226501464844,226.8667058900846,221.72501140908014,225.2964296372037,34061900
2021-03-26,226.42620849609375,226.64644072075401,221.70581112778194,221.70581112778194,25479900
2021-03-29,225.23898315429688,226.7326587860595,222.0218300204716,226.53158032328759,25227500
2021-03-30,221.99305725097656,223.90802858077555,221.27494300230194,223.60162615517325,24792000
2021-03-31,225.74642944335938,228.9348588863674,222.51012278869996,223.00801949174152,43623500
2021-04-01,232.0467071533203,232.51586588061755,227.92951497762283,228.3316572910526,30338000
2021-04-05,238.48101806640625,239.3331799256443,232.38182300122529,232.43926981711712,36910600
2021-04-06,237.3224334716797,238.7969551907756,236.38410146861867,237.08306201915883,22931900
2021-04-07,239.27569580078125,240.2619050069019,236.68091746198468,237.2745539833188,22719800
2021-04-08,242.48330688476562,243.3354687608856,241.28644949639067,242.0237177384508,23625200
2021-04-09,244.97279357910156,245.10684103176283,241.7077628841876,242.11947484233414,24326800
2021-04-12,245.03021240234375,246.715396883333,243.7950474488846,243.88123228080784,27148700
2021-04-13,247.50048828125,248.17074001086624,245.91105839056755,246.3227994805502,23837500
2021-04-14,244.7238006591797,247.82604540903546,244.31208876364178,246.53346291002805,23070900
2021-04-15,248.46749877929688,248.8792105505677,246.7727598849081,246.96423946170992,25627500
2021-04-16,249.65481567382812,249.9037713098706,246.64832572687448,248.43881933651508,24878600
2021-04-19,247.73989868164062,250.36342998370014,246.85902799464517,249.12826495981687,23209300
2021-04-20,247.28030395507812,249.13782883405526,245.92066119680084,246.8590078451978,19722900
2021-04-21,249.5016632080078,249.59741764213118,246.31324801477044,247.93140152495766,24030400
2021-04-22,246.2366485595703,250.6506442962717,244.77168176983514,249.14738450102254,25606200
2021-04-23,250.04742431640625,250.3921344174807,246.33237453675008,246.91645610073897,21462600
2021-04-26,250.430419921875,251.28259637971237,249.1091139540054,250.53575856302515,19763300
2021-04-27,250.83251953125,252.00065320531277,249.06116521613484,250.4590860981629,31014200
2021-04-28,243.73753356933594,245.633365588806,242.19598115899743,245.19290117146514,46903100
2021-04-29,241.7747039794922,245.21208867693898,238.4139344997838,244.59929842567976,40589000
2021-04-30,241.45875549316406,242.32050145587482,238.9884550529176,239.12250247688505,30945100
2021-05-03,241.15237426757812,243.53651917014565,240.4438295156719,242.62689597172758,19626600
2021-05-04,237.25543212890625,240.53004686585734,235.3117368601184,240.30024498306622,32756100
2021-05-05,235.9915771484375,238.8927585788048,235.36921708835519,238.47146239840822,21901300
2021-05-06,239.1129150390625,239.23739286323433,234.28719323134123,235.972362911324,26491100
2021-05-07,241.7268524169922,243.4886226435184,240.4916876508421,241.43001956995911,27032900
2021-05-10,236.6713104248047,241.02787332068948,236.6138636199037,240.20443502693968,29299900
2021-05-11,235.76173400878906,236.11601370401354,232.25734694226097,234.1531648123597,33641600
2021-05-12,228.839111328125,233.9903897227852,227.948656527006,231.8743396289335,36684400
2021-05-13,232.6977996826172,235.1585454856775,231.15624678215937,231.52009610340892,29624300
2021-05-14,237.60009765625,238.58630687070132,235.05319650799913,235.13936672439027,23901100
2021-05-17,234.75636291503906,236.10642140799038,233.16694758064864,236.06812840418084,24970200
2021-05-18,232.74563598632812,235.93406526132515,232.57328095548002,235.80001784180902,20168000
2021-05-19,233.32147216796875,233.42703939757578,228.98365334584912,229.6650298465588,25739800
2021-05-20,236.54603576660156,237.95679107071055,234.0316351278429,234.12761065425127,21800700
2021-05-21,235.28884887695312,238.3214941013183,234.87618630622384,237.59212984793598,21863100
2021-05-24,240.67274475097656,241.03743419435494,237.53453234396076,237.8032462568259,21411500
2021-05-25,241.57484436035156,242.56333074837534,240.71112322411236,241.62283212210016,17704300
2021-05-26,241.3541717529297,242.74572928938528,240.64399079545984,241.29657763977363,17771600
2021-05-27,239.26197814941406,241.34451819821592,239.20439869133438,241.04701456893127,24426200
2021-05-28,239.61708068847656,241.920361705306,239.50192176296875,240.88388744430432,18270200
2021-06-01,237.42897033691406,241.16219011250507,237.00671606727997,241.10461065045544,23213300
2021-06-02,237.3329620361328,239.2235654293985,235.93179861632396,238.12951193758346,19406700
2021-06-03,235.80712890625,236.41172798818602,233.20634389525185,235.3368721591332,25307700
2021-06-04,240.6823272705078,241.50766701250188,237.53452328797448,237.77444746130055,25281100
2021-06-07,243.5806121826172,243.84932608170533,239.74182545986196,239.90497213832194,23079200
2021-06-08,242.3906707763672,245.69203069664638,242.33307665735555,244.87628241450503,22455000
2021-06-09,243.36947631835938,245.23129021101894,243.00480153962016,243.5806107583811,17937600
2021-06-10,246.87234497070312,247.0834793950277,243.4462357101778,244.04124291847,24563600
2021-06-11,247.49618530273438,248.07197986770322,246.2677454638202,247.592131538484,18999700
2021-06-14,249.4156036376953,249.4731830999678,246.45011489255833,247.50578718025523,19150500
2021-06-15,247.94723510742188,249.51154547597605,247.29464835477967,249.30041102216592,18038900
2021-06-16,247.0067596435547,250.0777717386489,244.16605075768612,248.9453365777258,27220000
2021-06-17,250.38485717773438,251.20060521072745,245.69195565665422,245.74953511426614,27565500
2021-06-18,248.97412109375,251.72844608322075,248.3215343320705,249.1660721590066,37202200
2021-06-21,252.0452117919922,252.89932683819208,247.5250474095434,249.3484657362368,26696100
2021-06-22,254.80902099609375,255.07773483816592,251.82434972288047,252.13145962456645,24694100
2021-06-23,254.57872009277344,256.0758445254743,253.77257842036667,255.26970285306749,19518700
2021-06-24,255.94154357910156,257.0547953887674,254.77071230407563,255.4329054433391,21446900
2021-06-25,254.3388214111328,256.4789557010309,254.0893201724312,255.5000755623851,25611100
2021-06-28,257.8896179199219,258.06235624298955,255.19287337746232,255.46158719810424,19590000
2021-06-29,260.46160888671875,260.7015329975738,257.17946345128394,258.0335780563701,19937800
2021-06-30,259.98187255859375,260.42332491203257,258.73427836023995,259.780344419271,21656500
2021-07-01,260.6536560058594,260.8839738651738,258.7342624112472,258.7438394636373,16725300
2021-07-02,266.45977783203125,266.79567752816956,261.5173457785115,261.82445574570187,26458000
2021-07-06,266.46942138671875,268.11049474118505,263.2448248561012,266.82450452254136,31565600
2021-07-07,268.6478576660156,269.3772364417186,265.9799023346366,268.1392196481216,23260000
2021-07-08,266.2390441894531,267.4962443949508,263.7918002820035,265.7399832123837,24618600
2021-07-09,266.7380676269531,266.8436201918425,264.2236672937446,264.6075400651112,23916700
2021-07-12,266.1430969238281,268.49433627554,265.43290144744316,267.9089353442858,18931700
2021-07-13,269.6555480957031,271.4501759643952,266.2102409837941,266.33497693412966,26120100
2021-07-14,271.1239013671875,272.2275466221714,269.2428749057434,270.97034639354206,23113700
2021-07-15,269.7035827636719,271.12394453030225,268.5519349217963,270.634489804362,22604200
2021-07-16,269.43487548828125,272.6498656125402,268.1968584208553,270.70168228808353,26186800
2021-07-19,265.8455810546875,269.0701477729701,263.38875994905754,267.688182240101,32935600
2021-07-20,268.0625305175781,269.6460244586933,265.1258605067467,266.8245133835614,26259700
2021-07-21,270.05865478515625,270.173813707087,266.11431527092736,267.6594129528652,24364300
2021-07-22,274.6076354980469,274.8763494100788,271.9972592293282,272.4003154535662,23384100
2021-07-23,277.9953308105469,278.30241146815854,274.9530796603886,275.78801102778897,22768100
2021-07-26,277.40032958984375,278.01454955841905,275.08748623115633,277.3523564681326,23176100
2021-07-27,274.9914855957031,277.90894231723627,271.54617814543514,277.76499367762403,33604100
2021-07-28,274.68438720703125,278.4559881617901,272.3906980646863,277.3427364892114,33566900
2021-07-29,274.9531555175781,276.9877082127005,274.5500699423065,274.703624957285,18168300
2021-07-30,273.4271240234375,275.1065928412769,272.4674275561007,273.67665447698084,20944800
2021-08-02,273.3407897949219,275.2121805728668,272.30430107664915,274.8187014564499,16267400
2021-08-03,275.54815673828125,275.65373862205524,272.55390723217295,273.9166896548883,17879000
2021-08-04,274.96270751953125,275.99916705627766,273.1776564498441,274.68438727940855,16191300
2021-08-05,277.85137939453125,277.95696126160766,274.56923306560276,275.317795323746,13900200
2021-08-06,277.7938232421875,277.83221931412936,276.0279846719422,276.8821288688246,16589300
2021-08-09,276.7093200683594,279.7995444289697,276.2102883577603,278.0721021873737,16117600
2021-08-10,274.8955078125,277.592253026987,273.70549335133626,277.1603778240849,18616600
2021-08-11,275.38494873046875,277.0260217019049,274.33885367231096,275.6344499287566,13955900
2021-08-12,278.1297302246094,278.283285228758,274.79958112166787,275.0779013971637,14561300
2021-08-13,281.04718017578125,281.0951532950036,277.64023937005385,277.81300703201526,18249000
2021-08-16,282.7267150878906,282.9378495792554,278.3312868461039,281.3735389324563,22507600
2021-08-17,281.2679138183594,281.60381354222284,279.3485202964206,280.60574999790174,20075300
2021-08-18,279.5467529296875,283.4794229415405,279.104426221495,280.80635995342857,21813000
2021-08-19,285.3545227050781,286.027608450335,277.53727352059576,277.58533849795776,29850500
2021-08-20,292.65240478515625,294.07548533155943,286.59475375852804,288.1909033414219,40817600
2021-08-23,292.93133544921875,293.6524859694501,290.23905191116444,291.5851936801916,22830200
2021-08-24,290.97943115234375,293.89287816648005,290.3832847329818,293.287107016583,18175800
2021-08-25,290.39288330078125,292.8736280290071,288.86404781166596,292.5947749618287,20006100
2021-08-26,287.585205078125,290.7967251675743,287.4506055747187,289.4121138382239,17666100
2021-08-27,288.19097900390625,289.29673726337023,285.4121315880625,287.4890486022759,22605700
2021-08-30,291.9120788574219,292.51784992119383,289.4793992168539,289.5370889044811,16348100
2021-08-31,290.2679138183594,292.7871284221074,289.9025261716433,292.7102186066526,26285300
2021-09-01,290.21978759765625,293.4505570216653,289.89286956645867,291.2197911507648,18983800
2021-09-02,289.56591796875,291.69089959705036,288.6332289446876,290.57554613458024,16285600
2021-09-03,289.556396484375,290.96022807123313,288.71024177108217,289.41214289266503,14747900
2021-09-07,288.6332702636719,289.5082697285104,286.7294517158089,289.4313599194175,17180400
2021-09-08,288.6621398925781,289.04674765844067,286.02754588554353,288.2486872778682,15046800
2021-09-09,285.81597900390625,290.5178943078141,285.5755955060056,289.24866239641324,19927000
2021-09-10,284.33514404296875,288.38322235824313,284.017850808825,286.9409216974985,19633400
2021-09-13,285.56597900390625,287.0563743400453,282.7679114864811,286.1044357072228,23652900
2021-09-14,288.25823974609375,289.79669976756344,286.63324519977493,288.0370763979121,21853400
2021-09-15,293.0948486328125,293.5756157110724,290.2102461632535,291.5948576961373,28356300
2021-09-16,293.4793701171875,293.565904644582,289.19093725653136,292.07553887775646,19550800
2021-09-17,288.3351745605469,292.7870813462865,288.0082565459675,292.4697880609758,41372500
2021-09-20,282.97943115234375,287.2294241436648,278.3833000222743,284.9313439067863,38278700
2021-09-21,283.46014404296875,286.09476653004566,282.75824316987325,284.31592318439675,22364100
2021-09-22,287.0947570800781,288.67168664091787,283.18133670640134,285.3159429755358,26626300
2021-09-23,288.037109375,289.32556135418525,286.085196618995,287.35442848279695,18604600
2021-09-24,287.8352355957031,288.26790832981595,285.5083101876047,286.7583221103223,14999000
2021-09-27,282.8544921875,285.06600882591306,281.6717947097084,284.7487154919009,23571700
2021-09-28,272.6141052246094,279.59485135493725,271.87373461890644,278.6525374846611,43186200
2021-09-29,273.0756530761719,275.73909166392633,272.1237438163445,274.1333463335849,26353700
2021-09-30,271.0756530761719,276.7582926672313,270.78717529668586,274.71984547108286,32343600
2021-10-01,277.9795227050781,278.82567743402257,270.46994350123555,271.26800391748964,30086300
2021-10-04,272.2198791503906,276.6814110362589,269.4699059701531,276.3448682644361,31350700
2021-10-05,277.65252685546875,279.2294271274474,273.1236812465694,273.1236812465694,24993000
2021-10-06,281.83514404296875,282.3351603741054,274.5275110006599,274.7871145500476,28002600
2021-10-07,283.5083312988281,285.229485530052,282.6141116407885,283.82562463617745,20430500
2021-10-08,283.5083312988281,285.229485530052,282.46026266569163,284.82562830246127,17685700
2021-10-11,282.9120788574219,286.5082056038626,281.48899837875047,281.6524720234435,19298600
2021-10-12,281.61407470703125,284.0755993304145,281.10446287508915,283.9794400643769,17974100
2021-10-13,284.912109375,285.8447984376841,282.20057671725624,283.5659677751689,23416300
2021-10-14,291.10443115234375,291.6044182903468,286.3736707555064,287.700592428169,27262900
2021-10-15,292.5082702636719,292.73905839342854,288.9602072094581,290.7102062536316,25384800
2021-10-18,295.4697265625,296.35432121688916,291.0466652595065,291.89281968974484,22729300
2021-10-19,296.37353515625,297.4023538871209,295.40237675469547,296.48891450224085,17682100
2021-10-20,295.58514404296875,297.78706492240235,294.3351323484767,297.3158933508054,16537100
2021-10-21,298.8063049316406,299.0562838093166,294.57553200250277,295.3544015118529,16918100
2021-10-22,297.2677917480469,299.1235449309406,295.9600905274078,298.46008426452863,17449300
2021-10-25,296.2774353027344,297.4985727507945,294.6716608327069,297.46010317986077,17554500
2021-10-26,298.18133544921875,300.38325682669654,296.7294388642933,299.03711491126865,28107300
2021-10-27,310.7388916015625,313.55617859801384,303.844681332265,303.844681332265,52588700
2021-10-28,311.8735046386719,312.37349166816404,308.9984985239614,311.854255182052,26297900
2021-10-29,318.8638916015625,319.2292792064878,311.44084815229064,311.6620115299265,34766000
2021-11-01,316.70037841796875,318.7388253494163,313.8157770598035,318.6138212622399,27073200
2021-11-02,320.31585693359375,320.6235548856837,317.30625052903974,317.6043237502232,26487100
2021-11-03,321.1523742675781,322.017749048064,317.93122931561726,321.05621499337065,21500100
2021-11-04,323.49847412109375,323.59463338175044,316.83505110356475,320.08504044542997,23992200
2021-11-05,323.1331787109375,325.7581776228481,321.5562778923636,325.48894922242357,22570100
2021-11-08,324.02734375,324.661959731768,321.5754437081741,324.3254169521455,20897000
2021-11-09,323.02734375,325.69078224022303,321.6619526233949,324.1426973147689,21307400
2021-11-10,318.0754699707031,321.7581620227062,317.2293446076053,321.7004723239425,25500900
2021-11-11,319.6427001953125,320.9311520712927,317.7965715810098,318.5080972611384,16849800
2021-11-12,323.7677001953125,324.258091880674,320.9504128741325,321.07541697774906,23831000
2021-11-15,323.1427001953125,324.88307418193443,321.18116285112575,324.5561561818509,16723000
2021-11-16,326.4503479003906,327.5657306230466,322.6042127231009,322.7676570356734,20886800
2021-11-17,326.6719665527344,329.62928356256526,325.59308293416547,326.4985808420445,19053400
2021-11-18,328.7430419921875,329.87975024868393,324.74538130798175,325.76646969293915,22463500
2021-11-19,330.5155334472656,332.4325070081749,329.63896245799737,330.0628138404935,21963400
2021-11-22,327.35589599609375,336.83472639710845,327.08617509182903,331.9700783843757,31031100
2021-11-23,325.2847595214844,326.98980687418253,321.31599723176595,324.6778802533964,30427600
2021-11-24,325.50640869140625,325.74723199137054,321.6532358919778,323.93623607205905,21661300
2021-11-26,317.5784912109375,325.5256600131003,316.0757561892276,322.07708333440075,24217200
2021-11-29,324.2733459472656,326.58524340078264,322.4527079617969,322.6453783318279,28563500
2021-11-30,318.4551086425781,325.3811893890692,316.9138335793029,323.0114962502423,42885600
2021-12-01,317.9637756347656,326.8260839728482,317.2991304369134,322.82842346064837,33337600
2021-12-02,317.39544677734375,321.24861933110265,315.7674790215907,318.17571186769004,30766000
2021-12-03,311.1532897949219,320.48760157043654,306.3560799414712,319.8036423557392,41779300
2021-12-06,314.2165832519531,315.43034198292435,307.512071408828,312.05881608344686,30032600
2021-12-07,322.6261291503906,323.4738023613807,317.9830494801912,319.46652904482426,31021900
2021-12-08,322.67425537109375,323.1847994820111,318.6573106513333,323.0017714613644,24761000
2021-12-09,320.8729553222656,324.13850382611764,319.92891744874584,322.1348670016077,22214200
2021-12-10,329.9665222167969,330.4096289397935,322.50099853083947,322.68402662460824,38095700
2021-12-13,326.9417419433594,331.17061366442005,326.6334810302887,328.17475619826337,28899400
2021-12-14,316.28765869140625,322.3564229704473,312.2129182210804,320.9885338086704,44438700
2021-12-15,322.365966796875,322.88615320009416,312.58854962938904,316.54766938298826,35381100
2021-12-16,312.97393798828125,324.3986100132093,311.16294216598374,323.38713456911813,35034800
2021-12-17,311.9142761230469,312.99318902693045,305.6047184390456,309.10147689497717,47750300
2021-12-20,308.1671142578125,310.9510161666708,305.9130118209808,308.3019600117902,28326500
2021-12-21,315.27618408203125,315.7000353671043,308.061099295699,311.42301196127266,24740600
2021-12-22,320.96929931640625,321.36422365049356,313.7927533668709,316.24913921677904,24831500
2021-12-23,322.40460205078125,324.0422122425746,320.51655561829773,320.53581089915843,19617800
2021-12-27,329.8797607421875,329.908658361648,323.1174238146764,323.14632143413695,19947000
2021-12-28,328.7237854003906,331.18981349731865,327.827929831812,330.5540364945737,15661500
2021-12-29,329.3980712890625,331.6617864461058,327.2113772440582,328.77190728660776,15042000
2021-12-30,326.8645935058594,330.53473754796454,326.3829469974742,329.35951889161,15994500
2021-12-31,323.9747314453125,326.90312120375734,323.5219825277928,326.08434561446063,18000800
2022-01-03,322.46240234375,325.5931052791262,317.67483390975656,323.04038414975616,28865100
2022-01-04,316.9330749511719,322.89586164300437,314.1491437576021,322.5394184991603,32674300
2022-01-05,304.76666259765625,314.1009746877151,304.3813512536725,313.89866197929246,40054300
2022-01-06,302.3584289550781,307.0015085378214,300.05614444176234,301.6552144415301,39646100
2022-01-07,302.51263427734375,304.88232754930465,298.70761400711353,302.6185824289415,32720000
2022-01-10,302.7341003417969,303.16759397911807,293.50576573261736,298.1295606763108,44289500
2022-01-11,303.4180603027344,304.98820330544083,298.5149021278563,301.87678551872176,29386800
2022-01-12,306.5873107910156,311.5386518627093,305.4409895513784,307.9359447652065,34372200
2022-01-13,293.6116638183594,309.1014300948054,292.84104125820534,308.7064764785824,45366000
2022-01-14,298.8135681152344,299.4108052070794,292.6003150974251,293.08196170663894,39846400
2022-01-18,291.5406799316406,298.4282204045511,290.6640795954702,292.9085692050015,42333200
2022-01-19,292.1956481933594,302.38730443677275,291.5887983066239,295.0470165949494,45933900
2022-01-20,290.5292053222656,300.21028923440434,290.0860987267936,297.72500596711825,35380700
2022-01-21,285.1636657714844,292.94706137271686,284.7590697196657,291.5792015826187,57984400
2022-01-24,285.49114990234375,286.20397733564954,265.9170285250383,281.4742344395524,85731500
2022-01-25,277.900390625,284.16179518047517,274.70228017866594,280.8191672649652,72848600
2022-01-26,285.8186950683594,297.17592925056107,282.27378342148563,296.6846403493407,90428900
2022-01-27,288.8337707519531,296.01992832954136,286.9938775868818,291.5502640782282,53481300
2022-01-28,296.9447326660156,297.1566583183815,283.64165765387617,289.2094904507192,49743700
2022-01-31,299.5649108886719,300.91351540352434,295.124114232146,297.6094269927924,46444500
2022-02-01,297.4264221191406,299.2277757254821,293.92966304924204,299.01585004253747,40950400
2022-02-02,301.9538269042969,303.55289687211734,297.5419577332225,298.26442751039235,36636000
2022-02-03,290.1920471191406,299.8057228648471,288.9493907856898,298.12957287633566,43730000
2022-02-04,294.70989990234375,297.46490411870997,288.95903879189694,289.19021973386526,35096500
2022-02-07,289.9031066894531,296.54018169712276,288.8916311687313,294.9314984801919,28533300
2022-02-08,293.3805236816406,294.343816714322,288.9397569117174,290.192026095255,32421200
2022-02-09,299.7864685058594,300.4800407856737,296.1067108242928,298.4956591456946,31284700
2022-02-10,291.28057861328125,297.77316484125447,289.66225322547234,292.8796487217257,45386200
2022-02-11,284.21002197265625,293.12048369685596,283.4201145266006,292.06085534207085,39175600
2022-02-14,284.17144775390625,285.866852917156,280.65543402557785,282.9865867276755,36359500
2022-02-15,289.4407043457031,289.75857816176847,286.11733109996294,288.99759771206277,27058300
2022-02-16,289.1028137207031,290.42524925713894,283.484848801482,288.0120371225755,29982100
2022-02-17,280.6373291015625,286.4965868814694,279.9326604203937,286.0718591090062,32461600
2022-02-18,277.9344482421875,283.65858009488875,276.3706915634675,282.87670175552876,34264000
2022-02-22,277.7318420410156,281.41923835084543,274.62362270761514,275.1062652782788,41736100
2022-02-23,270.5404357910156,281.573666522266,270.37635382579157,280.10641436358,37811200
2022-02-24,284.36322021484375,284.91343957149485,262.09409480445356,263.0497467023612,56989700
2022-02-25,286.9888916015625,287.29778988293907,281.5253747646306,284.8942395707059,32546700
2022-02-28,288.41748046875,288.7553360718081,282.8284727085798,284.0929935575526,34627500
2022-03-01,284.7107849121094,289.5565043668673,282.00796959435814,286.1104303022666,31217800
2022-03-02,289.7689514160156,291.00451522918104,283.5042602217041,285.10660764686014,31873000
2022-03-03,285.6470947265625,292.6067899776218,283.8419873820218,292.37513104919077,27314500
2022-03-04,279.7974548339844,285.39612468595874,277.20086566715224,284.0736891436429,32356500
2022-03-07,269.2276611328125,279.63343295977313,268.86084809464484,278.5136987489001,43157200
2022-03-08,266.27386474609375,274.10231170934804,260.6269417825075,268.1561527618495,48159500
2022-03-09,278.4847412109375,279.54656067391153,271.0327393319232,273.6004011394195,35204500
2022-03-10,275.67572021484375,276.65066742284495,270.83963327856327,273.1949308694663,30628000
2022-03-11,270.34735107421875,279.4596429563479,269.7295545935928,277.9634336750457,27209300
2022-03-14,266.84332275390625,275.49226599874805,266.244850912999,270.6079274452205,30660700
2022-03-15,277.18157958984375,277.8283334961411,269.0538964529326,270.6176534268287,34245100
2022-03-16,284.17022705078125,284.343971257443,273.36868699762886,279.07349465678493,37826300
2022-03-17,284.9714050292969,285.3478508163391,279.32448255840876,283.1084122705425,30816600
2022-03-18,290.0005798339844,290.55079938117666,282.56790264099095,285.1162398488807,43390600
2022-03-21,288.7746887207031,289.72067870618065,284.66256484399344,288.5140723534525,28351200
2022-03-22,293.50457763671875,294.4119479641465,288.39821134013704,289.3924537893616,27599700
2022-03-23,289.09320068359375,292.70338668332965,287.3846568062616,290.07781025541306,25715400
2022-03-24,293.54315185546875,293.6396862396896,287.96380616213776,288.7553468713274,24484500
2022-03-25,293.1377258300781,294.8945515047454,288.9001402281707,294.6339351738191,22566500
2022-03-28,299.9140625,300.01056743386323,293.7651722801995,293.7651722801995,29578200
2022-03-29,304.4605407714844,304.8563111504665,298.3213129462688,303.01261329342486,30393400
2022-03-30,302.9643249511719,304.9817964510435,300.76347640947125,302.86782002120697,28163600
2022-03-31,297.60699462890625,304.19990720218783,297.20159145457893,303.0029338565664,33422100
2022-04-01,298.6784362792969,299.3637802401649,294.933126535701,298.6301543643232,27110500
2022-04-04,304.0358581542969,304.1709827540647,298.95844895090045,299.3252620130999,24289600
2022-04-05,300.0877990722656,303.9392767129868,299.1128518165804,302.3948148545048,23156700
2022-04-06,289.1028137207031,296.3424501243935,286.4096607302466,294.59528689562205,40110400
2022-04-07,290.90789794921875,293.1087462850132,286.06217848359114,286.36141443806906,31411200
2022-04-08,286.66064453125,290.6665707873598,285.9945956247322,290.0101841560006,24361900
2022-04-11,275.357177734375,282.4519981244576,275.1061942358303,281.66048690117145,34569300
2022-04-12,272.268310546875,280.64697807098315,270.75280588328843,279.1990504337595,30966700
2022-04-13,277.63525390625,278.5619192143064,271.53464592371415,272.91502579688114,21907200
2022-04-14,270.1156921386719,278.30131965119733,269.62341681375074,278.08895577007974,28221600
2022-04-18,270.7817077636719,272.65436281401867,268.67739376545774,269.2276132247998,20778000
2022-04-19,275.39581298828125,276.2356357266572,268.74501431186735,269.6813419887161,22297700
2022-04-20,276.4189758300781,279.6430533893089,275.4633531849248,279.35345023812204,22906700
2022-04-21,271.06170654296875,283.1181080139608,270.3377427180526,278.5619611641617,29454600
2022-04-22,264.51702880859375,273.36870459899797,263.8895994942571,271.90145264874303,29405800
2022-04-25,270.97479248046875,271.351238292918,261.3701954398088,263.8027323682706,35678900
2022-04-26,260.83929443359375,268.6966984296061,260.6269305710984,267.86656753140664,46518400
2022-04-27,273.3880310058594,280.8689900877158,269.4689760886624,272.30691647120665,63477700
2022-04-28,279.5754699707031,280.87861047579827,271.68907938541145,275.2896026631033,33646600
2022-04-29,267.8858642578125,279.81680135936267,266.9012842301464,278.59087064005706,37073900
2022-05-02,274.5946044921875,275.0482895864189,266.63100384066234,268.06926895596354,35151100
2022-05-03,271.9980163574219,274.26644208441866,270.4245970349058,274.10233066665234,25978600
2022-05-04,279.913330078125,280.7820806094394,267.1233049625317,272.77986042090856,33599300
2022-05-05,267.72186279296875,276.4094298097779,264.8163448418446,275.62755113491846,43260400
2022-05-06,265.1927795410156,269.5558574797056,261.85287196809537,265.26998938550594,37780300
2022-05-09,255.3950653076172,262.90498063444784,254.17882636789196,260.6848371526901,47726000
2022-05-10,260.1443176269531,264.24677903665463,255.86811198044657,262.2582942158993,39336400
2022-05-11,251.5049591064453,261.9396861119795,250.29835302848662,256.4568751636927,48975900
2022-05-12,246.4855194091797,250.8582590815856,241.3405488261486,248.7442826712676,51033800
2022-05-13,252.05517578125,253.90853565823974,246.485492791465,248.41606249500785,34925100
2022-05-16,252.4219970703125,256.5920348375694,246.9005663575993,250.9354501012321,32550900
2022-05-17,257.5573425292969,259.0149028011125,253.34868474571135,256.87196899135023,28828800
2022-05-18,245.83079528808594,255.04171391442154,244.56332937446126,254.4611881881071,31356000
2022-05-19,244.9213409423828,249.30427969315693,243.70225448849024,245.65666082139012,32692300
2022-05-20,244.3601531982422,250.1460116670098,238.4388554517078,248.888200942443,39199300
2022-05-23,252.1875457763672,253.00995497705824,245.20195425137902,247.19508522720383,33175400
2022-05-24,251.1909942626953,252.84546796218024,245.2696951051506,249.51718052656838,29043900
2022-05-25,253.99681091308594,255.98992698907475,248.78182219830612,249.7590402014901,28547900
2022-05-26,257.26708984375,258.4377968295687,252.94221495828464,253.75493935952196,25002100
2022-05-27,264.36871337890625,264.4654725864212,258.8731329025277,259.7632762741946,26910800
2022-05-31,263.04315185546875,265.84899122205303,260.1986029072962,263.6817270812585,37827700
2022-06-01,263.5753479003906,268.67423608497063,261.2726146793663,266.26508840879205,25292200
2022-06-02,265.66522216796875,265.7329565705162,253.10666158963318,255.86413679429918,44008200
2022-06-03,261.2532653808594,264.571926206195,259.6955513321792,261.53385823484007,28059000
2022-06-06,260.02447509765625,265.27817182436934,258.54415089491494,263.2270067357878,22400300
2022-06-07,263.6528015136719,264.26235216439045,257.30578597515415,257.9830710374571,22860700
2022-06-08,261.63067626953125,264.1365839069745,260.8566319339603,262.88845771552224,17372300
2022-06-09,256.1930847167969,263.8559299419898,256.0382758855006,259.0859990893106,26439700
2022-06-10,244.77626037597656,252.11981998120808,244.33118855209656,252.11981998120808,31422800
2022-06-13,234.3945770263672,240.9351106086177,233.68828195632932,237.1520524259518,46135800
2022-06-14,236.5521697998047,237.76158615878145,233.66891057036807,235.94261923059773,28651500
2022-06-15,243.58615112304688,247.01122689050288,238.4195274205562,240.24816456305055,33111700
2022-06-16,237.0166015625,239.38705487358806,235.12991483585378,237.99380474825406,33169200
2022-06-17,239.60958862304688,242.36706412018737,236.10712319916604,236.75536866492723,43084800
2022-06-21,245.50186157226562,246.4790647181553,241.40918580520898,242.13483565226932,29928300
2022-06-22,244.91163635253906,248.82047799331224,242.24123578757585,243.71189010136848,25939900
2022-06-23,250.45559692382812,250.94904823926845,245.39541785280727,247.27243437521878,25861400
2022-06-24,259.00860595703125,259.2795140264686,253.2227477629766,253.30982219314234,33923200
2022-06-27,256.28985595703125,259.58911783064,254.73211231864522,259.50204339521724,24615100
2022-06-28,248.1529083251953,258.2442718055391,247.99809948086303,255.40940681520112,27295500
2022-06-29,251.8102264404297,253.4647001181268,247.4563118212705,249.22689953422443,20069800
2022-06-30,248.4915313720703,251.10388274506582,244.68913309560924,248.70438985080898,31730900
2022-07-01,251.15220642089844,251.33604005543503,246.34358093055036,248.06580327530344,22837700
2022-07-05,254.3160858154297,254.44186984497523,246.4693916427345,247.84328689784448,22941000
2022-07-06,257.5669860839844,259.2891938730712,253.88068722348527,255.18686285339652,23824400
2022-07-07,259.6858825683594,260.324457968474,256.4156159102422,256.5123751272476,20859900
2022-07-08,258.969970703125,259.395687723977,254.74185483976467,256.1931548126402,19658800
2022-07-11,255.9221954345703,257.87660171050175,253.66782672632655,257.0251678392389,19455200
2022-07-12,245.43414306640625,257.3057794671245,243.8570592390129,257.2477298377406,35868500
2022-07-13,244.51498413085938,245.3180384343123,240.05465562247608,242.06712638955372,29497400
2022-07-14,245.83079528808594,246.85637794297665,237.95507697424407,242.43475965027906,25102800
2022-07-15,248.3851318359375,251.91662221794022,246.49844499125953,247.41759860652465,29774100
2022-07-18,245.9952850341797,252.37132447376123,245.07613156293314,251.31671696215605,20975000
2022-07-19,251.10389709472656,251.2877307699049,245.44382181429663,249.2171954923263,25012600
2022-07-20,253.75489807128906,256.2704900620598,250.5040009952903,251.46184932540294,22788300
2022-07-21,256.2414855957031,256.2898799710948,248.68505377050542,251.35545481408533,22404700
2022-07-22,251.90695190429688,256.71559351171373,250.6588552259502,256.6285190592783,21881300
2022-07-25,250.42662048339844,253.00994727720533,248.47221392948006,252.5261806476122,21056000
2022-07-26,243.7216033935547,251.44252883940965,241.46726406430727,251.42315927857734,39348000
2022-07-27,260.01483154296875,261.2822975208546,250.44594469622396,252.68094375810006,45994000
2022-07-28,267.43585205078125,268.81941742326114,259.17311035737987,260.99207747518795,33459300
2022-07-29,271.625244140625,272.8443453449876,267.64869711004144,268.6839646557535,32152800
2022-08-01,268.98388671875,272.147709327751,266.8843268988861,268.80005306751355,21539600
2022-08-02,265.8975524902344,268.86788729804124,263.53676848634376,267.03923488629255,22754200
2022-08-03,273.2990417480469,274.29559953530566,267.62928313742134,267.77443670567607,23518900
2022-08-04,274.4407958984375,274.58591997817257,271.07379914150016,272.65085351031576,18098700
2022-08-05,273.7247619628906,274.44072692749853,269.6320867822846,270.0868284690186,16774600
2022-08-08,271.2188720703125,276.6370630638141,270.25133901885744,274.82775145511005,18739200
2022-08-09,273.13458251953125,273.88925715701384,268.5968499150632,270.5609704551994,23405200
2022-08-10,279.7718811035156,280.40077172746834,277.62395639158353,278.81403276129174,24687800
2022-08-11,277.70135498046875,281.7553212542064,277.20793315057733,281.40702349193015,20065900
2022-08-12,282.4326171875,282.4326171875,277.62397604955174,279.1139854304459,22619700
2022-08-15,283.9419860839844,284.62892642888846,280.6910589868737,281.55217775836655,18085700
2022-08-16,283.2066345214844,284.49347021164397,280.9910047541906,282.51000943686375,18102900
2022-08-17,282.4600830078125,284.4283433719824,280.6663411966556,280.9281190261752,18253400
2022-08-18,281.344970703125,283.03204200222694,280.28809521797484,281.36435178389024,17186200
2022-08-19,277.4472351074219,280.4529598691973,276.875182491092,280.11359859796744,20570000
2022-08-22,269.302734375,273.8694799294029,268.7888545532896,273.5010322101689,25061100
2022-08-23,268.0325622558594,270.3789456095567,267.0241837556368,268.0325622558594,17527400
2022-08-24,267.40240478515625,268.7986124206689,266.7430631426748,267.03395699391723,18137000
2022-08-25,270.36932373046875,270.53413693993167,266.1709957164904,268.89553264663925,16583400
2022-08-26,259.93658447265625,271.81402564273543,259.8299441018192,270.5923365109039,27549300
2022-08-29,257.16351318359375,259.2674999332414,255.82547868834627,257.76465225492166,20338500
2022-08-30,254.9722442626953,258.928145422764,252.7325011017951,258.5597272905954,22767100
2022-08-31,253.51788330078125,258.9863379304906,253.3821269343252,257.31867689878567,24791800
2022-09-01,252.48037719726562,252.95549481319304,247.64214890957027,250.99691069203294,23263400
2022-09-02,248.27239990234375,256.68840643713196,246.7307604021961,253.7408837951921,22855400
2022-09-06,245.54788208007812,249.98857705648493,244.27772561001785,248.40817526683784,21328200
2022-09-07,250.24066162109375,250.9581464072949,245.5187784892074,246.95376285633063,24126700
2022-09-08,250.65753173828125,252.5094458025747,247.0409776527485,249.67826933622024,20319900
2022-09-09,256.41693115234375,257.1635319672501,252.37377054080144,252.57737549512018,22084700
2022-09-12,258.54034423828125,259.316031521762,257.09566920762467,257.6968083589195,18747700
2022-09-13,244.32620239257812,252.48041678186516,243.9383587650543,250.96786362132625,33353300
2022-09-14,244.5491943359375,246.49805856116708,242.26096879830945,245.8193507310912,23913000
2022-09-15,237.91722106933594,243.75412313348235,236.5985823888046,242.1737066610615,31530900
2022-09-16,237.2967071533203,237.83967345913706,234.69820652512584,236.83129478142976,39791800
2022-09-19,237.08340454101562,237.6845437141437,233.5250222191205,235.09574833973136,26826900
2022-09-20,235.07632446289062,236.10408413767027,232.35178783208616,234.70789152713547,26660300
2022-09-21,231.68276977539062,240.12787756364517,231.634287475008,236.84097880590735,28625600
2022-09-22,233.65103149414062,236.44344631490495,230.3447516288207,230.63561584371612,31061200
2022-09-23,230.68411254882812,233.79649299504186,228.0468350078117,232.2548385862269,34176000
2022-09-26,230.2283935546875,234.106740937524,229.69511783060327,229.84056473429231,27694200
2022-09-27,229.22006225585938,234.44613550367382,227.36814756715876,232.6814800927302,27018700
2022-09-28,233.7383270263672,234.96000122532365,227.5911346801097,229.60787725874428,29029700
2022-09-29,230.27687072753906,232.652355487679,227.28085099175377,231.6245958212714,27484200
2022-09-30,225.81678771972656,233.22443119574095,225.65195971871543,231.0428606260345,35694800
2022-10-03,233.41835021972656,234.26188606885609,227.52326022905194,228.25045038719026,28880400
2022-10-04,241.310791015625,242.74577547683293,237.52939325058418,237.6360484007584,34888400
2022-10-05,241.6210479736328,242.95908260476142,236.67616375353109,238.50868236825332,20347100
2022-10-06,239.28436279296875,242.72639950945782,238.5959643265048,240.3896913514899,20239900
2022-10-07,227.11605834960938,233.9807359079613,226.07859318489452,233.57349635910583,37769600
2022-10-10,222.27780151367188,227.42630569411762,219.83443833161004,225.9622347703348,29743600
2022-10-11,218.55459594726562,222.09358236444308,217.29412996487275,220.69737480208315,30474000
2022-10-12,218.8842315673828,220.93006041435294,217.14867761413385,218.54487025171542,21903900
2022-10-13,227.11605834960938,228.91949071489438,212.4655985656021,213.16370237117846,42551800
2022-10-14,221.6087646484375,230.02478606979594,221.3954543611521,228.3764766144597,30198600
2022-10-17,230.30593872070312,231.6924554615013,227.98862698827506,228.64795366917255,28142300
2022-10-18,231.24644470214844,236.51129376308393,228.21163337698803,235.8422913191834,26329600
2022-10-19,229.2878875732422,232.3226990610641,227.1644900654512,229.83085382652337,19985700
2022-10-20,228.9679412841797,233.97101325567382,227.72687123159972,228.59950832135635,21811000
2022-10-21,234.75637817382812,235.60961938988035,227.3681306457899,227.60083683054654,26299700
2022-10-24,239.7303466796875,240.30239936572295,233.96130792884753,236.34648327507583,24911200
2022-10-25,243.0366668701172,243.4050998483293,238.3535601564571,239.74006238454706,34775500
2022-10-26,224.28485107421875,231.05256356203466,223.06316209926047,224.13940416091688,82543200
2022-10-27,219.8538360595703,226.58277171119522,218.9133355552526,224.01335747357737,40424600
2022-10-28,228.69642639160156,229.40423538492817,219.17509201652825,219.35931586973052,40647700
2022-10-31,225.07017517089844,227.77531567159568,224.11996951147225,226.65059150006238,28357300
2022-11-01,221.2306365966797,228.57041637850017,220.41618716835114,227.46508792727667,30592300
2022-11-02,213.4060516357422,224.2654203807508,213.34786400262064,222.48138429440567,38407000
2022-11-03,207.73399353027344,213.70665239090863,207.4722009244926,213.3963774811355,36633900
2022-11-04,214.6568145751953,214.85072897039285,206.93889737068497,210.93360492641042,36789100
2022-11-07,220.9397735595703,221.46335879760886,214.55019910987951,215.23861235404937,33498000
2022-11-08,221.90933227539062,224.6047824698309,218.97148537429405,221.74450429023085,28192500
2022-11-09,217.68194580078125,221.67665381960256,217.507427263288,220.45496487826287,27852900
2022-11-10,235.59019470214844,235.92955599741592,227.85289624042093,228.2698114597355,46268000
2022-11-11,239.59463500976562,240.4478762714851,234.57216684835737,235.59994145666624,34620200
2022-11-14,234.20372009277344,236.49194578262,231.93489028356817,234.6303406985499,31123300
2022-11-15,234.6109161376953,239.48793649488397,232.72991540292844,238.1886937504624,31390100
2022-11-16,235.0387420654297,237.05145015358517,233.76500614633548,236.06939815763067,24093300
2022-11-17,234.99012756347656,236.51667602662837,231.05224616268976,231.19808812700944,23123500
2022-11-18,234.5428466796875,236.9930953021771,232.41346518460608,236.7694511962655,27613500
2022-11-21,235.349853515625,237.89732494412104,234.51365845213513,234.7470055531193,26394700
2022-11-22,238.24737548828125,238.51962368090963,234.04696420457608,236.8472334482416,19665700
2022-11-23,240.7268524169922,241.40747306811744,237.50847739520052,238.32522217655082,19508500
2022-11-25,240.6392822265625,241.8157801407715,239.9003101451617,240.46425705702578,9200800
2022-11-28,235.0679473876953,239.8225889552407,234.13452901417463,239.26837457779106,24778200
2022-11-29,233.67752075195312,236.06941814268234,231.6162083930456,234.71789478419583,17956300
2022-11-30,248.07754516601562,248.2622882065125,233.22050747543122,233.9108607052224,47594200
2022-12-01,247.6400146484375,249.03042418074372,243.97436658880594,246.84270566954237,26041500
2022-12-02,247.96087646484375,248.9720820268652,242.77841272299736,242.9048189819058,21528500
2022-12-05,243.27427673339844,246.79408255563942,241.19351410319612,245.03417222631165,23435300
2022-12-06,238.33489990234375,244.8883372658951,237.03199561292425,243.87713173110765,22463700
2022-12-07,237.60565185546875,239.34611163220632,235.50545353805643,238.05292524127822,20481500
2022-12-08,240.55177307128906,241.85469212330918,236.33191114744716,238.062638200754,22611800
2022-12-09,238.62660217285156,241.43660437225947,237.40148518904434,237.92653108598594,20609700
2022-12-12,245.5203399658203,245.5495083577721,240.32815848858516,240.6004067044122,30665100
2022-12-13,249.8082733154297,256.61450802590645,246.06483829010176,254.44622542877917,42196900
2022-12-14,250.09996032714844,255.32130998655228,247.27050773018283,250.01245515480875,35410900
2022-12-15,242.1172332763672,247.16357301987648,240.49346176051932,246.69686389132764,35560400
2022-12-16,237.91680908203125,242.92424748334844,236.7694646066407,241.6699621291789,86102000
2022-12-19,233.79417419433594,238.42242358687312,232.1023480969562,238.08210589515767,29696400
2022-12-20,235.10682678222656,236.18610187706696,231.8203825618914,232.7732513908985,25150800
2022-12-21,237.66400146484375,238.82106381583225,233.4635897668888,234.99985605475112,23690600
2022-12-22,231.5967254638672,235.2915415960275,227.396299165475,234.5817378584511,28651700
2022-12-23,232.1217803955078,232.25790450291396,227.46437751544144,229.57430859844388,21207000
2022-12-27,230.4008026123047,232.31625810648032,229.30207698528272,232.09262880735398,16688600
2022-12-28,228.0380401611328,233.08437961165026,227.6880046259404,230.33271426152407,17457100
2022-12-29,234.3386688232422,235.2234829457409,229.12703678909463,229.12703678909463,19770700
2022-12-30,233.18161010742188,233.31773420922855,230.10907771074054,231.61617551843796,21938500
