Date,Close,High,Low,Open,Volume
2013-01-02,0.29307693243026733,0.29330734959870713,0.28823841909228287,0.2893904500013149,478836000
2013-01-03,0.29330727458000183,0.2965329493136328,0.2898511827368645,0.29307685747049544,298888000
2013-01-04,0.3029843270778656,0.30390594050171676,0.2928464420826328,0.29376805550648394,524968000
2013-01-07,0.29422882199287415,0.30367548189543014,0.2921551783394205,0.30275386859757747,610732000
2013-01-08,0.2877775728702545,0.2958418163670108,0.2857039283062713,0.29492017519789865,466424000
2013-01-09,0.281326025724411,0.2914639077012403,0.27948279942550186,0.2900814605104926,695020000
2013-01-10,0.2817869484424591,0.2852430400403749,0.2801740837235055,0.2838605924145788,506368000
2013-01-11,0.281326025724411,0.28316927948988596,0.27856115880948146,0.28293888993580524,513172000
2013-01-14,0.2810956835746765,0.2831693272439342,0.27786998207446734,0.2831693272439342,305684000
2013-01-15,0.2760268449783325,0.279713354693323,0.2744140072779925,0.279713354693323,375888000
2013-01-16,0.27856114506721497,0.2808652052937509,0.27556586127940536,0.27556586127940536,337376000
2013-01-17,0.28224772214889526,0.2833997525467858,0.27879163095522363,0.27948285468727224,580736000
2013-01-18,0.28040453791618347,0.28224779250559584,0.27694844586100203,0.28224779250559584,397088000
2013-01-22,0.2790220379829407,0.282708546473083,0.277639617899067,0.2801740684527885,308224000
2013-01-23,0.279482901096344,0.2801740974765968,0.27648761607113725,0.2799437078387045,421808000
2013-01-24,0.280865341424942,0.28201737209658184,0.27717883228906337,0.2785612800816623,396980000
2013-01-25,0.2859342694282532,0.28616465905932825,0.27994369955510207,0.2813261197412773,393920000
2013-01-28,0.2905423939228058,0.2923856483187088,0.28662546803154626,0.28731669186333175,422492000
2013-01-29,0.2843213379383087,0.2900814893617133,0.2831693076536278,0.2893902931641596,388872000
2013-01-30,0.2838606536388397,0.28846877676329347,0.2829390400005811,0.28455187760082384,287592000
2013-01-31,0.2824782431125641,0.2870863943136779,0.28063501559201937,0.2838606912195566,470544000
2013-02-01,0.2850126028060913,0.2859342436470168,0.2824781248267618,0.2847821857292168,288816000
2013-02-04,0.2801741063594818,0.2891599617199975,0.279943716714285,0.2833998085914272,511744000
2013-02-05,0.286625474691391,0.2882383394918911,0.2806349320987329,0.2815565455848108,367296000
2013-02-06,0.2843213379383087,0.28662539850767055,0.2781003798943455,0.27971321679958505,530688000
2013-02-07,0.28316929936408997,0.2857037769028208,0.2804044322551086,0.28339971640090833,440000000
2013-02-08,0.2850126028060913,0.28731666370854625,0.28316934859081283,0.2850126028060913,307232000
2013-02-11,0.2882383465766907,0.2912336316799307,0.28455183760861424,0.2873167056013833,408308000
2013-02-12,0.2863949239253998,0.28962059677846247,0.28524289398265446,0.2857037004664405,277804000
2013-02-13,0.2850126028060913,0.29192478551345624,0.2840909894317383,0.2866254399444953,856396000
2013-02-14,0.29330727458000183,0.2935376916895082,0.2776396527311306,0.28109574457426795,882096000
2013-02-15,0.29330727458000183,0.29468972230388735,0.2868558976461635,0.2926160507180591,733860000
2013-02-19,0.2893904447555542,0.29376815114388816,0.2875471898411988,0.2935377614462081,433552000
2013-02-20,0.2852430045604706,0.2949200543376416,0.28432136376905315,0.2903119327802677,713012000
2013-02-21,0.28316929936408997,0.28800783740473324,0.28247807572020267,0.2847821362221151,580408000
2013-02-22,0.2884686589241028,0.28869907597283245,0.2833997310511723,0.2850125679925725,370148000
2013-02-25,0.2833997905254364,0.29146400439136244,0.2829389837978413,0.28915994328681216,644444000
2013-02-26,0.2867611348628998,0.28838386664249205,0.2830520099651934,0.283979305007159,487504000
2013-02-27,0.2920931279659271,0.2941795220585175,0.2860658041007872,0.2867612687983173,476980000
2013-02-28,0.29348406195640564,0.2978886257179123,0.29000676604939785,0.2911658646850671,591392000
2013-03-01,0.2946430742740631,0.2955703418569116,0.28884758279355177,0.29139758246392683,389396000
2013-03-04,0.29348406195640564,0.2962658931549936,0.2902385691954769,0.29255676646681544,353680000
2013-03-05,0.29672935605049133,0.2971929897105071,0.2937156958077758,0.2951066244228985,366168000
2013-03-06,0.29649749398231506,0.3013656878954577,0.2951065656442344,0.29858385885436617,342928000
2013-03-07,0.2958022356033325,0.30113409442859745,0.29417950317001423,0.2981204326895269,314824000
2013-03-08,0.2971929907798767,0.2985839194000043,0.29510662548476085,0.29649755410488843,246464000
2013-03-11,0.2944112718105316,0.29557037021785315,0.29186124426038984,0.29417946871011885,299748000
2013-03-12,0.29533863067626953,0.2962658985476466,0.2911658699848891,0.29394770123411207,310856000
2013-03-13,0.29533863067626953,0.3004386592390271,0.29255677179195466,0.29533863067626953,485840000
2013-03-14,0.2955703139305115,0.29812034099503526,0.29371575130495603,0.29719304586471723,383304000
2013-03-15,0.2930202782154083,0.29557027732907676,0.29186115253727896,0.29557027732907676,355776000
2013-03-18,0.2909339666366577,0.2937157971920548,0.28884760062888115,0.2911657973642262,298312000
2013-03-19,0.2890793979167938,0.2925566929499891,0.2869930319509104,0.2911657915177616,355480000
2013-03-20,0.2925567328929901,0.2934840282761638,0.2893112681396024,0.29186126826438186,340588000
2013-03-21,0.2879202663898468,0.29139756102228703,0.2874566326325377,0.2909339272649779,339032000
2013-03-22,0.2893112003803253,0.2904702986115052,0.28768846838368983,0.2888475666148697,232476000
2013-03-25,0.2876884937286377,0.29116578872852206,0.28560210014765663,0.29093395800782945,362076000
2013-03-26,0.2897748649120331,0.2900066956369159,0.2872248374786608,0.2883839358329055,232540000
2013-03-27,0.29325202107429504,0.2948747524746049,0.28792016564321565,0.28861562985336886,254944000
2013-03-28,0.297424852848053,0.2976566835209232,0.29047026428288725,0.29255662979840563,349276000
2013-04-01,0.2876884937286377,0.2967294496743033,0.28560210014765663,0.2967294496743033,442828000
2013-04-02,0.2846747934818268,0.2886157217473743,0.28282023087595726,0.28792025731578824,371524000
2013-04-03,0.28119751811027527,0.28583391112317613,0.27911112467342053,0.28421115146059506,353156000
2013-04-04,0.28397926688194275,0.2849065341643414,0.2793428751998007,0.2802701424821994,294676000
2013-04-05,0.28884750604629517,0.28884750604629517,0.279111060837959,0.279806525157851,551352000
2013-04-08,0.28815215826034546,0.28907942597182135,0.28282029983164136,0.28907942597182135,326660000
2013-04-09,0.292788565158844,0.2948749314203498,0.28629760798347603,0.28838397424498186,380584000
2013-04-10,0.297424852848053,0.297888486558715,0.29232482676061383,0.2930202911441461,384688000
2013-04-11,0.29603397846221924,0.29788854128062764,0.2851384599023097,0.2932521480521484,969220000
2013-04-12,0.3034522831439972,0.3066977479211069,0.29487493205361465,0.2974249598321211,770548000
2013-04-15,0.2971929907798767,0.30345214193537523,0.29533845613314064,0.3025248469769317,430420000
2013-04-16,0.3004385530948639,0.30252491888590055,0.2983521596687451,0.299974919322976,468844000
2013-04-17,0.29649749398231506,0.30090205432778744,0.2946429320765641,0.2981202252866959,532948000
2013-04-18,0.2907020151615143,0.29904753099635156,0.2907020151615143,0.2971929688513796,402548000
2013-04-19,0.2913975119590759,0.29232480695264473,0.28676111989646136,0.2904702446005836,303028000
2013-04-22,0.2918612062931061,0.29441123351152304,0.2888475729341726,0.29116576944724903,245568000
2013-04-23,0.29951122403144836,0.3025248567472604,0.29394753700632903,0.29441117068298656,376948000
2013-04-24,0.3097112774848938,0.3122613041758115,0.30020666269337515,0.3004384933507592,556556000
2013-04-25,0.3122613728046417,0.31295683729456636,0.30855224728176533,0.31133410524146393,353224000
2013-04-26,0.31087037920951843,0.31226130790025936,0.3092476474937053,0.311797674215038,324332000
2013-04-29,0.3145796060562134,0.315738704462983,0.3099432124291347,0.3113341415712927,269712000
2013-04-30,0.3192159831523895,0.3192159831523895,0.31318866069528356,0.3152750543004746,276712000
2013-05-01,0.3164340555667877,0.321302278183602,0.3152749575756487,0.3192158852185062,341316000
2013-05-02,0.32014328241348267,0.32107055004843793,0.3143477629722155,0.3162023258772108,323480000
2013-05-03,0.3215341567993164,0.32385235332664464,0.3203750585356523,0.32222962128453136,293864000
2013-05-06,0.32060694694519043,0.32338877775164115,0.31875238386252747,0.3215342146689782,217116000
2013-05-07,0.3164340555667877,0.321302278183602,0.31342039526281107,0.3206068138619034,448068000
2013-05-08,0.3222295343875885,0.3240840966363403,0.3157385803344948,0.3168976782855803,334032000
2013-05-09,0.32246145606040955,0.32385235741330864,0.3159705001749652,0.3164341339592649,566800000
2013-05-10,0.33706605434417725,0.3384569831441948,0.3291841705358761,0.3291841705358761,861136000
2013-05-13,0.3301115334033966,0.3361388559277583,0.3287206043177486,0.33474792684211024,289812000
2013-05-14,0.33497971296310425,0.33776154312889467,0.3308069538968781,0.3340524178177868,454140000
2013-05-15,0.3407752811908722,0.34193437965879675,0.33335702888808505,0.33335702888808505,313172000
2013-05-16,0.3391525149345398,0.34378890834242093,0.33799338894748493,0.34031161328651005,308368000
2013-05-17,0.3447161018848419,0.3470342980905643,0.3382251469818036,0.3407751738621297,312116000
2013-05-20,0.34402063488960266,0.34541156365652903,0.3421660724120603,0.3433251705061395,236380000
2013-05-21,0.3476322293281555,0.3490302239567498,0.34204030636470517,0.34600125411177113,357784000
2013-05-22,0.3355163335800171,0.34903017803505415,0.33411833913535605,0.34903017803505415,480404000
2013-05-23,0.3408752977848053,0.34204028397388314,0.33062340265564344,0.331555380496721,393884000
2013-05-24,0.33877819776535034,0.3418071664445202,0.3350502320409178,0.33901120603892215,283304000
2013-05-28,0.33854520320892334,0.3422731690844053,0.3352832538994671,0.34134119150326175,279300000
2013-05-29,0.33644840121269226,0.33854536566424737,0.33505040639467737,0.33644840121269226,335052000
2013-05-30,0.3408752977848053,0.34437025635203883,0.3350503390639545,0.33598234468049376,284504000
2013-05-31,0.3371473550796509,0.34390426435132176,0.3371473550796509,0.33901133867111777,577508000
2013-06-03,0.33668118715286255,0.340176144113217,0.3296912454567048,0.33761316456544416,444468000
2013-06-04,0.3371473550796509,0.34483627003478706,0.3350503631234517,0.33877833030638554,363676000
2013-06-05,0.3299243152141571,0.3392442021795238,0.328992309852348,0.3366812499293204,464520000
2013-06-06,0.3320212960243225,0.3345842761839345,0.3296913241612045,0.32992433245769853,341044000
2013-06-07,0.33668118715286255,0.3387781502188957,0.3329532219516383,0.33435118807051073,274584000
2013-06-10,0.33644840121269226,0.33854536566424737,0.33388541997148735,0.33574940380368484,224148000
2013-06-11,0.33015739917755127,0.3366813271038214,0.33015739917755127,0.33202135477751954,296336000
2013-06-12,0.32736146450042725,0.3345843908619155,0.3254974808159659,0.33178842922295604,312588000
2013-06-13,0.3348173201084137,0.33644829503105755,0.3259634205313289,0.32619640107715886,236256000
2013-06-14,0.33435142040252686,0.3364484127011537,0.33202144747658696,0.33598242367105935,236012000
2013-06-17,0.33761337399482727,0.3406423441278311,0.335050392857178,0.33691437661406237,255336000
2013-06-18,0.3355163335800171,0.3429722391421362,0.33272034469069506,0.3392442724733467,486772000
2013-06-19,0.34576815366744995,0.36067999055793803,0.3373802436805844,0.3385452296356793,1159588000
2013-06-20,0.33644840121269226,0.34343831975183226,0.3341184283663123,0.3429723307376497,628696000
2013-06-21,0.3359822928905487,0.33947725091905234,0.3303903433796684,0.33831226490955113,714228000
2013-06-24,0.32899245619773865,0.3352834049181209,0.32409953002967806,0.33108944836302157,580772000
2013-06-25,0.33132243156433105,0.3331863874244876,0.32782744488787674,0.3324874178646611,457360000
2013-06-26,0.32945844531059265,0.33551638513435356,0.3280604506511204,0.3350503683975534,579752000
2013-06-27,0.32642942667007446,0.33085636280512015,0.32293446831857736,0.33039037391334586,808036000
2013-06-28,0.32712841033935547,0.3303903602220612,0.32223545773983814,0.32642941314293034,431536000
2013-07-01,0.32852643728256226,0.33015744029886757,0.3264294730836896,0.3294584429740887,199524000
2013-07-02,0.3282932937145233,0.3331862170080221,0.32526432532781446,0.32666229150790693,256392000
2013-07-03,0.3292253315448761,0.33318627811138185,0.3254973654967206,0.3254973654967206,140388000
2013-07-05,0.3317883014678955,0.3324872985523529,0.3280603355344258,0.3301573267877979,184684000
2013-07-08,0.33015739917755127,0.33435132705294024,0.3282934158021226,0.3327203520152378,262084000
2013-07-09,0.3317883014678955,0.3338852649458132,0.32992431850116066,0.3308562960968009,157364000
2013-07-10,0.3362153470516205,0.33714735272858654,0.33085640467932204,0.3317884103562881,208468000
2013-07-11,0.3408752977848053,0.34134128670534414,0.33738031144211017,0.3380793087106492,239832000
2013-07-12,0.34110820293426514,0.3443701802076981,0.3390112393677733,0.34017622529925884,216360000
2013-07-15,0.34040915966033936,0.3418071536987344,0.3350502195470941,0.3418071536987344,201332000
2013-07-16,0.34227320551872253,0.3441371886548809,0.34017624185020495,0.3418072166785472,162560000
2013-07-17,0.34040915966033936,0.3434381282265607,0.3394771821517105,0.3422731424530488,166100000
2013-07-18,0.3390113413333893,0.3411083055305923,0.33458437679695724,0.33994331924870974,344488000
2013-07-19,0.3317883014678955,0.3385452084749231,0.32829334382106307,0.33691423379482555,480532000
2013-07-22,0.33155539631843567,0.3373803275417886,0.33015742949010873,0.33435135775055247,292384000
2013-07-23,0.33108940720558167,0.33574935218187024,0.32945843201897324,0.33574935218187024,246792000
2013-07-24,0.33108940720558167,0.33505035488033436,0.3306234182630454,0.3341183769952618,284252000
2013-07-25,0.3322543799877167,0.3366813442011015,0.32852641304754654,0.3308563854412874,243320000
2013-07-26,0.3308563530445099,0.3329533446588207,0.3282934003276311,0.3282934003276311,227360000
2013-07-29,0.33015739917755127,0.33435132705294024,0.32922539360210673,0.33015739917755127,179540000
2013-07-30,0.3357493281364441,0.34017629221214923,0.33108938349388767,0.3313223918361999,266076000
2013-07-31,0.33644840121269226,0.3397103520874374,0.33388541997148735,0.3341184283663123,270160000
2013-08-01,0.34110820293426514,0.3418072000482476,0.33365229852784845,0.33761324513980834,277648000
2013-08-02,0.3439040780067444,0.34460307494672565,0.338079149799315,0.34040912108228677,209628000
2013-08-05,0.3455353081226349,0.34670029453282347,0.341108343098638,0.3429723269100332,185188000
2013-08-06,0.34040915966033936,0.34646709679278215,0.33971016264114184,0.34576809977358464,206608000
2013-08-07,0.34017622470855713,0.34367118249694506,0.3383122416663258,0.33854522218694505,244380000
2013-08-08,0.3425062596797943,0.3441372347264844,0.3380792956668233,0.34204027077723437,345696000
2013-08-09,0.33761337399482727,0.34273930849465967,0.3287594719812261,0.3289924525911703,906224000
2013-08-12,0.3348173201084137,0.3397102448763453,0.30545963262353143,0.323866428966108,257568000
2013-08-13,0.3359822928905487,0.3373802594366757,0.3331863042473798,0.33528329572975646,197468000
2013-08-14,0.35019516944885254,0.3522921333721309,0.3350503219872742,0.3352833303233986,828508000
2013-08-15,0.3525250554084778,0.35532101588020487,0.34506912378326754,0.3464671179068578,723616000
2013-08-16,0.35392311215400696,0.35881603690140335,0.3511271234121138,0.35182612059758706,660456000
2013-08-19,0.348331093788147,0.35299103707219665,0.3480980855137633,0.3518260512511842,393432000
2013-08-20,0.35008740425109863,0.3524291237779556,0.34774568472424167,0.34821402304651333,234192000
2013-08-21,0.348448246717453,0.35242916479330527,0.34704320367162184,0.34797988042517464,261540000
2013-08-22,0.3503216803073883,0.3536000773485198,0.3482141154247985,0.3482141154247985,129016000
2013-08-23,0.3503216803073883,0.3536000773485198,0.3496191586798584,0.3507900187539062,245120000
2013-08-26,0.3510242998600006,0.35196100500434707,0.34961928401675524,0.35055596124558547,300152000
2013-08-27,0.3465748131275177,0.35008739229787117,0.34540395340406654,0.34774567285096886,277464000
2013-08-28,0.3465748131275177,0.3498532091869818,0.3451697702931772,0.34727733454468795,318824000
2013-08-29,0.3458724021911621,0.3491508272133399,0.3444673589080135,0.3454040637352815,276216000
2013-08-30,0.3454039990901947,0.3470431973367414,0.3437648008436481,0.34610652060028657,378120000
2013-09-03,0.34563806653022766,0.35055568793637487,0.3435305304507328,0.34634058786189076,284680000
2013-09-04,0.348916620016098,0.3510241568802789,0.34516985679588225,0.34563819521953304,222080000
2013-09-05,0.3498532474040985,0.35125829039192247,0.34727737248042234,0.34751152770139243,174904000
2013-09-06,0.348448246717453,0.35196082641652887,0.3458723437719299,0.35008744499392136,226756000
2013-09-09,0.3543025255203247,0.3543025255203247,0.3503216076770066,0.35125828437584605,246408000
2013-09-10,0.3617960214614868,0.3620302045930432,0.3552392008484104,0.3568784269383047,292132000
2013-09-11,0.36788463592529297,0.3688213408726207,0.35875190924527667,0.36132781295604005,396164000
2013-09-12,0.36765041947364807,0.3723338596847573,0.36601119306735536,0.36601119306735536,303808000
2013-09-13,0.36999207735061646,0.3716312755657085,0.366245314645691,0.3688212174947649,159696000
2013-09-16,0.37022632360458374,0.37561228584891404,0.36882130818139397,0.37303641028197887,231412000
2013-09-17,0.37139710783958435,0.3744413491742205,0.3699920927035614,0.3716312909866726,168608000
2013-09-18,0.3746754229068756,0.3756120993906917,0.36975780157810645,0.3716311824612325,268168000
2013-09-19,0.37303638458251953,0.37701730321389626,0.3713971581618004,0.37631478159294607,227572000
2013-09-20,0.36975792050361633,0.3763147417456858,0.3690553989570548,0.3739730218674826,356036000
2013-09-23,0.3662453591823578,0.3725679975897103,0.3641377944362374,0.36952375601120596,271244000
2013-09-24,0.36765041947364807,0.3690554347876775,0.3643719945765682,0.3664795594208708,229732000
2013-09-25,0.36811864376068115,0.37092870143286666,0.3653085581729987,0.3669477840709791,233156000
2013-09-26,0.3669479191303253,0.36975797783678477,0.36484035416385024,0.3690554561812931,148816000
2013-09-27,0.36484044790267944,0.36718216874564097,0.36273291031021987,0.3641379260666881,151920000
2013-09-30,0.36437204480171204,0.3669479484390876,0.3589860822334327,0.3610936473682426,226640000
2013-10-01,0.3641378879547119,0.36647963646809206,0.3620303505828347,0.3648404097171748,226976000
2013-10-02,0.36390358209609985,0.36530859712425473,0.36039100265246277,0.36039100265246277,162036000
2013-10-03,0.36015671491622925,0.36741605482414513,0.3585175172350685,0.3641376315463317,436768000
2013-10-04,0.3650745153427124,0.36811875705595815,0.3587518487400076,0.35968855352935547,246228000
2013-10-07,0.3650745153427124,0.367650418619037,0.36179609045325334,0.36366947211644346,169952000
2013-10-08,0.3620302677154541,0.36928961107341485,0.35922020922432596,0.36413780460492395,290712000
2013-10-09,0.35641026496887207,0.3646063163698038,0.3545369105046187,0.364372133104014,275860000
2013-10-10,0.3603910207748413,0.361327697507379,0.35641007487280285,0.3589859777605335,223484000
2013-10-11,0.357346773147583,0.35922015449474803,0.35360001045325296,0.35477087030579346,213704000
2013-10-14,0.3627327084541321,0.3627327084541321,0.3564100433642063,0.3564100433642063,166628000
2013-10-15,0.36085936427116394,0.3648402823142946,0.36062518112694963,0.362732745678373,208820000
2013-10-16,0.36530858278274536,0.36671362567124016,0.3624985249212547,0.36296686324558664,210072000
2013-10-17,0.3660111427307129,0.36694784739341535,0.3624985630554577,0.3624985630554577,213324000
2013-10-18,0.37022632360458374,0.37139718374832914,0.36390368441146026,0.36530869983465003,255068000
2013-10-21,0.37116295099258423,0.37490968592117385,0.3699920910932433,0.37467553069060683,195008000
2013-10-22,0.36928948760032654,0.3713970237851351,0.36601106386057397,0.3711628686065429,179452000
2013-10-23,0.3629668056964874,0.368586948443883,0.36179594611355015,0.368586948443883,252216000
2013-10-24,0.3603910207748413,0.3662453201419551,0.3596884992676874,0.3639036003951096,236436000
2013-10-25,0.3568784296512604,0.36249854569633505,0.3557075698155781,0.3622643904784989,330492000
2013-10-28,0.3561759293079376,0.3580493107393258,0.35125830653998136,0.3564100845396723,394024000
2013-10-29,0.35664424300193787,0.3573467644795215,0.3524291420519363,0.3557075663088265,387952000
2013-10-30,0.35641026496887207,0.3594545078465582,0.35336602209118595,0.3578153087325784,204032000
2013-10-31,0.3557076156139374,0.35945435082122307,0.3550050940389763,0.35687847560037117,293368000
2013-11-01,0.357346773147583,0.35898597135803956,0.35477087030579346,0.3575809283687906,206136000
2013-11-04,0.3470432460308075,0.35851769119763055,0.346340724422144,0.35851769119763055,410264000
2013-11-05,0.3465748131275177,0.34821401115724976,0.34118885281654276,0.34493561509778564,422368000
2013-11-06,0.348916620016098,0.3491508031856758,0.34306231993170133,0.34657489998233937,198044000
2013-11-07,0.34072065353393555,0.3486824917358598,0.3400181318301166,0.3477458147411072,553076000
2013-11-08,0.36437204480171204,0.36554290501588105,0.34985335581360877,0.3512583992368154,734532000
2013-11-11,0.3674161434173584,0.3683528200565945,0.36226436607056284,0.3629668595922406,297624000
2013-11-12,0.36811864376068115,0.37116288453700585,0.3639035432946544,0.369055320346244,316032000
2013-11-13,0.37818822264671326,0.37818822264671326,0.3664796201778253,0.3671821139935504,332792000
2013-11-14,0.3798273503780365,0.3821690704338908,0.3767831087223249,0.3770172918941123,307980000
2013-11-15,0.3786565959453583,0.38170083845001207,0.3749098316449363,0.38123249989133756,450332000
2013-11-18,0.369523823261261,0.37373892560510863,0.3685871462584101,0.3704605281796212,316948000
2013-11-19,0.3635201156139374,0.371054198331658,0.3630492407065848,0.36775804591349676,206716000
2013-11-20,0.3581048846244812,0.36469721569786584,0.3573985584261391,0.36375543807784794,204776000
2013-11-21,0.36093029379844666,0.3616366202559829,0.35692781462800166,0.358575890984456,213568000
2013-11-22,0.35739853978157043,0.3614010172744633,0.3566922136200755,0.3614010172744633,158668000
2013-11-25,0.36516812443733215,0.3656389992577927,0.3573985916663264,0.3573985916663264,248208000
2013-11-26,0.36822885274887085,0.3722313308214964,0.3668162002212676,0.3691706023894812,753176000
2013-11-27,0.36964157223701477,0.3708187735343715,0.3656390653726477,0.3679934679673611,181272000
2013-11-29,0.3672870695590973,0.37058324938540704,0.36493266742602776,0.3696414997588542,116964000
2013-12-02,0.37081870436668396,0.3734085298977807,0.36516812235334195,0.36587444861334567,373872000
2013-12-03,0.37058329582214355,0.37576297555061,0.3682288933940505,0.37081874729162917,290560000
2013-12-04,0.3757629692554474,0.37646929558538034,0.3686997620894984,0.36964153988497245,493176000
2013-12-05,0.36964157223701477,0.37646932853500653,0.3691706692647178,0.37646932853500653,271812000
2013-12-06,0.36422640085220337,0.3741148850560213,0.3632846230772223,0.3741148850560213,281000000
2013-12-09,0.3581048846244812,0.36540354189620794,0.3573985584261391,0.36422634092119943,385220000
2013-12-10,0.3663453459739685,0.36799342197093216,0.35763406307571266,0.35810493792246095,524268000
2013-12-11,0.362813800573349,0.36752260592761693,0.36210747415687,0.3670517310055289,414156000
2013-12-12,0.35575053095817566,0.3635200640610771,0.35504420466396847,0.3616365366320875,258724000
2013-12-13,0.35363152623176575,0.35904665666935864,0.35316065142560266,0.35645683120211813,184588000
2013-12-16,0.35410240292549133,0.35716313128189725,0.3536315281168182,0.3538669795544983,237620000
2013-12-17,0.35575053095817566,0.35669228063932595,0.3508062749654141,0.3538670035291861,274104000
2013-12-18,0.3606947958469391,0.36140112221352805,0.35198351217018664,0.35645689378078893,426232000
2013-12-19,0.3621073365211487,0.3625782112642589,0.3578694076997906,0.36022380948202476,258544000
2013-12-20,0.3694061040878296,0.3696415555633574,0.3618719936712383,0.362813771506658,382080000
2013-12-23,0.3715250492095947,0.37458577800946496,0.3684643484764156,0.3715250492095947,168568000
2013-12-24,0.3724667727947235,0.373643973848899,0.36869971819468705,0.373643973848899,79600000
2013-12-26,0.36893516778945923,0.37505662446727156,0.36799339011081056,0.37387942341897584,168920000
2013-12-27,0.37105411291122437,0.3717604391429963,0.3686997108497757,0.3708186895450914,210976000
2013-12-30,0.3759984076023102,0.3762338590596363,0.37081872814133926,0.3712896029893022,248180000
2013-12-31,0.37717559933662415,0.37905912674812925,0.3743503222527109,0.3767047245004201,235776000
2014-01-02,0.3734084367752075,0.37623374111063296,0.3701122858061186,0.3748210889429202,260092000
2014-01-03,0.36893516778945923,0.37482117303093765,0.36775796674116357,0.3741148467886229,259332000
2014-01-06,0.37387946248054504,0.376704739678292,0.3691706297287137,0.37270223324256985,409492000
2014-01-07,0.3800008296966553,0.3814134820982603,0.3750566024244082,0.3776464277384371,333288000
2014-01-08,0.38518044352531433,0.3870639702507861,0.3800007380135974,0.3814133900743708,308192000
2014-01-09,0.37081870436668396,0.3800008615466693,0.369641503288907,0.37929453528666557,292172000
2014-01-10,0.370347797870636,0.37458572732264284,0.3670516461116792,0.3719959018168017,218492000
2014-01-13,0.3616364896297455,0.3727021732451414,0.36093016342734036,0.37034777128158114,243332000
2014-01-14,0.37293773889541626,0.3736440653141624,0.36187202382401285,0.3635201281566518,241828000
2014-01-15,0.37694016098976135,0.37835281361417417,0.3729376826428446,0.3745857586601998,175044000
2014-01-16,0.3781173527240753,0.37882367901866554,0.3752920756124034,0.3769401515886546,220652000
2014-01-17,0.37646928429603577,0.3825907415496343,0.37411488197798853,0.3781173603053309,340400000
2014-01-21,0.37788185477256775,0.3802362565788337,0.37387937731525234,0.37694007721005135,246076000
2014-01-22,0.37741103768348694,0.3790591135863206,0.37293765672815243,0.37858823876646636,337940000
2014-01-23,0.3759984076023102,0.38023633736735524,0.3731731304478433,0.3762338590596363,185028000
2014-01-24,0.3663453459739685,0.37435033063544654,0.3663453459739685,0.3729376780285124,246696000
2014-01-27,0.3639909625053406,0.3715250446431719,0.3618719834853097,0.366345364927581,233812000
2014-01-28,0.36752256751060486,0.3677580189803841,0.36187198483612054,0.3632846375214144,167996000
2014-01-29,0.3639909625053406,0.36822889247871154,0.3637555110364402,0.36610991345868066,162944000
2014-01-30,0.37011227011680603,0.3708185961707207,0.364932564432551,0.36610976516684907,202896000
2014-01-31,0.36964157223701477,0.3717605233455797,0.3646973155614394,0.36493273898089507,335348000
2014-02-03,0.36469724774360657,0.3727022038503813,0.3632845952227933,0.37223132903233935,431728000
2014-02-04,0.3668162226676941,0.36752254897471764,0.36257829289224225,0.3644618203554086,280692000
2014-02-05,0.3635201156139374,0.36540364331004077,0.36069481003643583,0.3642264420083128,214676000
2014-02-06,0.36822885274887085,0.3691706023894812,0.3635200484124437,0.36399092323274884,168380000
2014-02-07,0.3736439645290375,0.37411483932562517,0.36587443215193843,0.3691705837947386,157248000
2014-02-10,0.37482118606567383,0.3797654418671313,0.372937658709562,0.37317311015408394,324372000
2014-02-11,0.3825906813144684,0.38353243086674216,0.37505660069622265,0.3769400998007702,235384000
2014-02-12,0.3962462842464447,0.39907158950739824,0.38376794623286586,0.38376794623286586,744528000
2014-02-13,0.40872451663017273,0.41107894642805703,0.399071486372255,0.4061346915658603,902836000
2014-02-14,0.42167386412620544,0.42261561383747676,0.40472214478980345,0.4049575962509662,817536000
2014-02-18,0.4214384853839874,0.4233220131982214,0.41790688125730924,0.4219093883875669,428988000
2014-02-19,0.42708897590637207,0.4308560307152545,0.4195548662886072,0.4214383936930484,450340000
2014-02-20,0.44215720891952515,0.4430989586775256,0.42732446779752525,0.42803076608268,398088000
2014-02-21,0.43886104226112366,0.4471014791996289,0.43603576483269757,0.44145089627608464,451052000
2014-02-24,0.4452178478240967,0.4485139993781522,0.433916712676829,0.4379191904400923,403112000
2014-02-25,0.4432075619697571,0.44651862483289395,0.4384774963310602,0.4446265929387322,242184000
2014-02-26,0.4424981474876404,0.44888373151188665,0.44107911628517693,0.4422616328894232,360884000
2014-02-27,0.437531441450119,0.44699157158090697,0.4363489251837705,0.4424980210461474,388848000
2014-02-28,0.43469342589378357,0.43942349115334733,0.42830781523864225,0.4351664267810574,321692000
2014-03-03,0.432564914226532,0.432564914226532,0.4212127510564503,0.42499681484428253,375948000
2014-03-04,0.4370584785938263,0.43989651224120796,0.4339839303952403,0.43469344585543923,260344000
2014-03-05,0.44084256887435913,0.44107908345497215,0.4346934999060149,0.4365855037772484,241472000
2014-03-06,0.43469342589378357,0.44391704187256775,0.43398391046616647,0.44155200924278587,290144000
2014-03-07,0.4342203736305237,0.4372949215237758,0.4309093394029669,0.43658540613403896,268452000
2014-03-10,0.42783474922180176,0.4346933597201261,0.4259427177673189,0.4328013282656432,300888000
2014-03-11,0.43209198117256165,0.43587604555477855,0.4285444313867657,0.4299634343850323,297220000
2014-03-12,0.4332743287086487,0.4358758754805035,0.4283077496690744,0.4299632666177963,239428000
2014-03-13,0.4195571839809418,0.43587592541369796,0.4174286377801066,0.4342203800819111,385172000
2014-03-14,0.42144936323165894,0.4252334281490949,0.4153002929826049,0.4153002929826049,460048000
2014-03-17,0.42144936323165894,0.42570642921541857,0.42097636216533535,0.4226318799941798,299656000
2014-03-18,0.4313824474811554,0.4342204815520589,0.42121279954978447,0.42310483166152624,293904000
2014-03-19,0.4389505386352539,0.4472281824767058,0.4335109569992908,0.4346935017138563,366168000
2014-03-20,0.43918704986572266,0.442971113981889,0.43469349839701554,0.43658550226168114,191800000
2014-03-21,0.4384775161743164,0.4465186450400506,0.43611248324793866,0.442971095650484,566116000
2014-03-24,0.43634897470474243,0.44226155670750017,0.4299633635870322,0.4387140075058455,306096000
2014-03-25,0.43634897470474243,0.44155204122848624,0.4330379118671492,0.4410790403069486,304424000
2014-03-26,0.4264158606529236,0.44864718831151484,0.4226317964832091,0.4403695726095051,557756000
2014-03-27,0.4207398593425751,0.42901747635783716,0.41600976428328856,0.4254699262084391,540728000
2014-03-28,0.4233413338661194,0.42594288164110766,0.41884778210214263,0.4200302986919701,398820000
2014-03-31,0.42357781529426575,0.42783488032299,0.42121278229979864,0.42405081625447577,273404000
2014-04-01,0.44107916951179504,0.446282237559668,0.43185552196957094,0.437058618210867,656272000
2014-04-02,0.43824106454849243,0.44202510061470596,0.4363490324186764,0.44107909864650724,239948000
2014-04-03,0.44297105073928833,0.45361369782896965,0.4389504726173446,0.43918698716336957,599548000
2014-04-04,0.42925387620925903,0.44793765225001037,0.4273618443300999,0.4453361048919896,368032000
2014-04-07,0.43067288398742676,0.43895049888587745,0.4271253347452336,0.4294903675733624,428576000
2014-04-08,0.44604575634002686,0.4472282731007938,0.42996349456148775,0.4306730102566326,470692000
2014-04-09,0.44557255506515503,0.4519581656628341,0.4420250061524056,0.44817410221186965,421968000
2014-04-10,0.43469342589378357,0.44982962344702243,0.4332743950385493,0.4436805555256373,372748000
2014-04-11,0.428544282913208,0.4380044123977719,0.42286818830642386,0.43138231611989525,353112000
2014-04-14,0.4332743287086487,0.4349298456573706,0.4285442641732098,0.4313822972557914,290184000
2014-04-15,0.43634897470474243,0.4387140075058455,0.42949036266549456,0.43374742734616306,304636000
2014-04-16,0.4372950494289398,0.43895056702694335,0.43185546744113995,0.4384775660265737,235136000
2014-04-17,0.4389505386352539,0.44297111736189043,0.4346935017138563,0.43563950365340737,153532000
2014-04-21,0.4424981474876404,0.4436806640918867,0.4363490498681916,0.43918708407969886,117004000
2014-04-22,0.4462820589542389,0.4491201205658316,0.44084247845656865,0.4432075110039547,255120000
2014-04-23,0.4514852464199066,0.45266776293798566,0.44628215118562453,0.4469916667351555,261580000
2014-04-24,0.4555058479309082,0.4602359145326967,0.45455984588791887,0.45455984588791887,391492000
2014-04-25,0.44297105073928833,0.45881679229421135,0.4420250207486019,0.45455972781965615,313600000
2014-04-28,0.44107916951179504,0.448883785680316,0.43563958683716386,0.4465187521864262,226788000
2014-04-29,0.44202500581741333,0.44368055119683847,0.43705845425937556,0.442734521238108,171300000
2014-04-30,0.43682196736335754,0.4417885474290922,0.43587596553817687,0.44131554651650184,305740000
2014-05-01,0.43918704986572266,0.4443901168803882,0.43563950032934834,0.4434441149480554,198104000
2014-05-02,0.4358759820461273,0.4413155632304658,0.4332744346382303,0.4413155632304658,156376000
2014-05-05,0.44060608744621277,0.44391712245155496,0.4349299911883744,0.43540299216150646,239260000
2014-05-06,0.43161892890930176,0.4486471602199775,0.43043641245448516,0.44486312448061416,416188000
2014-05-07,0.43209198117256165,0.43563953095835767,0.4273619147915003,0.43161898017313943,293900000
2014-05-08,0.437531441450119,0.4443900245175756,0.42830779765655375,0.43043634385202806,432728000
2014-05-09,0.4268888533115387,0.4283078843958985,0.41884775234927923,0.4242873339147688,539532000
2014-05-12,0.439423531293869,0.4403695331548321,0.42759833887133747,0.427834853433286,299856000
2014-05-13,0.432328462600708,0.44060610686573304,0.43090945961877,0.43351097918236603,221104000
2014-05-14,0.42807140946388245,0.4342205071410604,0.4278349230568648,0.4325649895182571,214320000
2014-05-15,0.42570623755455017,0.4294903007683305,0.4214491734874,0.42712526830807046,325896000
2014-05-16,0.4247603416442871,0.42783489024709537,0.42239530859496044,0.42239530859496044,283960000
2014-05-19,0.4384775161743164,0.44084254910069415,0.4273618670590242,0.42925389903880967,360076000
2014-05-20,0.4333692193031311,0.4397842124082988,0.43123089770916384,0.4385962496731468,256200000
2014-05-21,0.4333692193031311,0.4388338535494835,0.43075568995649044,0.4350323614676908,216712000
2014-05-22,0.4352700114250183,0.4376459371468559,0.432418906223467,0.432418906223467,130364000
2014-05-23,0.43930917978286743,0.4414475304146733,0.43503250684253103,0.4376460370625353,182656000
2014-05-27,0.4471495747566223,0.4471495747566223,0.44049697804200943,0.4419225445963067,209680000
2014-05-28,0.45095112919807434,0.4538022343786328,0.4445361354610007,0.4488128073934726,224676000
2014-05-29,0.45023831725120544,0.45451498891229136,0.4492879583590827,0.45071349669726685,171884000
2014-05-30,0.4514263868331909,0.4526143498910438,0.4478624976596323,0.45023842377533807,239128000
2014-06-02,0.4500007927417755,0.45570300338795344,0.4461993000954769,0.4528518980648645,181500000
2014-06-03,0.4481000602245331,0.45142634515007435,0.4421602171604595,0.4509511656354643,243212000
2014-06-04,0.44857507944107056,0.451901363177966,0.44667433373858995,0.4469119375726228,161236000
2014-06-05,0.4504759609699249,0.4519014994341646,0.44667446841874736,0.4492879980880906,188696000
2014-06-06,0.4521391987800598,0.45617826776623327,0.45095123564746314,0.4526143783684434,161052000
2014-06-09,0.45261430740356445,0.4568909796750328,0.44857523905067187,0.4516639483758029,247456000
2014-06-10,0.4549901485443115,0.45712849844336634,0.4490503349190461,0.4509510809437841,217608000
2014-06-11,0.4609300494194031,0.4621180122963286,0.45332706434846454,0.45332706434846454,266228000
2014-06-12,0.4637809693813324,0.46591929037624275,0.4568907704538009,0.46092986528036595,337148000
2014-06-13,0.46425628662109375,0.46877056208526063,0.4597420111569269,0.4685329582048906,227852000
2014-06-16,0.4628307819366455,0.4659194911785573,0.4587917136925777,0.46211802684666353,198620000
2014-06-17,0.46591946482658386,0.46782021104666127,0.4609300378625575,0.46330596355683723,157608000
2014-06-18,0.46544426679611206,0.4675826168296734,0.4604548117077363,0.46473148345159165,215536000
2014-06-19,0.4547525942325592,0.4592668414692934,0.45142628145309527,0.45689091590821923,474592000
2014-06-20,0.4497632086277008,0.4576037698537715,0.4461993197361479,0.45594062736903435,353148000
2014-06-23,0.4445360600948334,0.4447736356310283,0.43859621851774055,0.44382327683972117,414200000
2014-06-24,0.43764591217041016,0.44738721840331547,0.43574516603676194,0.4438233300239502,275780000
2014-06-25,0.44216015934944153,0.442397763237316,0.43479480702780465,0.43883387485880126,215420000
2014-06-26,0.4362203776836395,0.44239779599309026,0.434794839220645,0.44216019208762325,256908000
2014-06-27,0.43669557571411133,0.4393090769993693,0.4331316588282712,0.43574518843679777,302820000
2014-06-30,0.4404970705509186,0.44168503348789584,0.43503243537616904,0.43503243537616904,180512000
2014-07-01,0.44548657536506653,0.44810010544406964,0.43859637257645545,0.440021939587416,321180000
2014-07-02,0.44382330775260925,0.4457240537908768,0.44120977840958314,0.44382330775260925,179284000
2014-07-03,0.4478624165058136,0.4490503793484045,0.4397842521822341,0.4397842521822341,136892000
2014-07-07,0.44429850578308105,0.4488127813533767,0.44358572244847994,0.4485751774674207,127496000
2014-07-08,0.4407346248626709,0.44501129661910116,0.4364579531062407,0.44311055046921355,221940000
2014-07-09,0.4540398120880127,0.45594055820650053,0.4412097970306701,0.4445361098188405,387668000
2014-07-10,0.45166391134262085,0.4535646575655672,0.44192260465206373,0.4454864931988624,266308000
2014-07-11,0.45261430740356445,0.4540398742684775,0.45047598542946565,0.4521391278896837,191188000
2014-07-14,0.4583166241645813,0.4595045873121227,0.4528519880212356,0.4545151307631385,272636000
2014-07-15,0.4602172076702118,0.4614051703964963,0.4559405361909345,0.45902924494392733,395440000
2014-07-16,0.45974206924438477,0.46568191209472615,0.4571285678464352,0.4621180233784832,319728000
2014-07-17,0.45855408906936646,0.4633059688353329,0.45451502100772706,0.45451502100772706,324832000
2014-07-18,0.43812108039855957,0.4526142374326444,0.43740829707629425,0.44905034914458414,567816000
2014-07-21,0.4407346248626709,0.44382333381582983,0.4364579531062407,0.4364579531062407,243364000
2014-07-22,0.43883398175239563,0.4464369398138773,0.43788362261593816,0.44406101364945966,298816000
2014-07-23,0.42956769466400146,0.4393089996832516,0.4290925152706081,0.4390714241481867,297352000
2014-07-24,0.43028050661087036,0.4331316114846326,0.427191797862934,0.4319436487602929,254576000
2014-07-25,0.4226776659488678,0.42980544423603606,0.4219648824554963,0.42885505680378305,266132000
2014-07-28,0.4210144281387329,0.42457831671613944,0.4138866509839198,0.42457831671613944,330352000
2014-07-29,0.42243990302085876,0.428142140498468,0.4210143365706408,0.421251940420098,217972000
2014-07-30,0.42956769466400146,0.43075565730911664,0.4238654852967539,0.4250534479418691,246184000
2014-07-31,0.4157875180244446,0.4276671500672608,0.41507473443722026,0.424340864424583,401880000
2014-08-01,0.4203016757965088,0.4226776015301254,0.4143618331391983,0.41578739990867586,219884000
2014-08-04,0.4193512201309204,0.4233902875548164,0.4172128986486414,0.4198263995355086,241724000
2014-08-05,0.41958871483802795,0.42576613046040057,0.4145992615797072,0.41816314867186294,298136000
2014-08-06,0.41911372542381287,0.42434075652893766,0.4136490904089357,0.4167377712960983,223456000
2014-08-07,0.41483694314956665,0.42647896517045364,0.41198581028274667,0.42267750188679726,407696000
2014-08-08,0.4514263868331909,0.45380231294889667,0.43289415746603155,0.43289415746603155,894348000
2014-08-11,0.44905030727386475,0.4538021578815358,0.447862344621947,0.4519014119738146,344624000
2014-08-12,0.44905030727386475,0.45142623257770026,0.4440608528065047,0.44881273173743946,296152000
2014-08-13,0.45166391134262085,0.4554654037885135,0.44691205994688926,0.4497631651196745,256596000
2014-08-14,0.4466743469238281,0.4533269429172556,0.44477360116524006,0.4533269429172556,255992000
2014-08-15,0.45237672328948975,0.45499022472825407,0.4438233789076223,0.448100051098556,369796000
2014-08-18,0.45855408906936646,0.4590292968722512,0.4497631695650293,0.45427741710628466,284076000
2014-08-19,0.4622530937194824,0.46463952967318517,0.45700291186248787,0.45867343978892827,248260000
2014-08-20,0.4593893587589264,0.46273038624283047,0.45819614075365234,0.46058257676420045,221468000
2014-08-21,0.45509374141693115,0.4605825496072722,0.4543778334148272,0.45819611373743346,272796000
2014-08-22,0.455332487821579,0.459150797359524,0.45175283329796745,0.4546165512271436,251224000
2014-08-25,0.4560483396053314,0.46034392992453327,0.45509374817408654,0.45724155755796747,153380000
2014-08-26,0.464162141084671,0.4651167038664994,0.4555709622539995,0.4572414613464762,269636000
2014-08-27,0.45891204476356506,0.4648781343676403,0.4581961083213642,0.4612984806051952,182972000
2014-08-28,0.46273037791252136,0.46368494092013157,0.4565256330173728,0.4579575059773489,179704000
2014-08-29,0.464162141084671,0.4651167038664994,0.45938924182986707,0.4644007675558511,207932000
2014-09-02,0.4653555154800415,0.4653555154800415,0.46105992461830086,0.4653555154800415,192636000
2014-09-03,0.4696510434150696,0.4713215428462107,0.4646395166730865,0.46774188901581126,259456000
2014-09-04,0.4780036211013794,0.4808673672365732,0.46869650305912547,0.4689351580532459,491832000
2014-09-05,0.4765716791152954,0.4796740513474032,0.4734693068831876,0.47752624205660915,253792000
2014-09-08,0.47227615118026733,0.477049023412533,0.4703669965976485,0.4760944603455049,319288000
2014-09-09,0.46630993485450745,0.47323061478989137,0.4658326534499942,0.47012824298772304,198588000
2014-09-10,0.46798044443130493,0.46965097205718903,0.4636848547977775,0.4689350357101752,172376000
2014-09-11,0.4632076323032379,0.46631000456921995,0.45819610568522384,0.46463950517940167,250720000
2014-09-12,0.4562870264053345,0.46607142628895987,0.4558097448509399,0.46607142628895987,262536000
2014-09-15,0.45008230209350586,0.45843482873162733,0.4481731474579369,0.45771889218721856,294152000
2014-09-16,0.456764280796051,0.4591507167260328,0.44745716359998594,0.44888903653739914,219936000
2014-09-17,0.4570028781890869,0.4612984682789515,0.45342322452229283,0.4555710337915044,173584000
2014-09-18,0.4639236330986023,0.46440091464068084,0.4584348242432912,0.45986669731808993,219604000
2014-09-19,0.455332487821579,0.4658328248266453,0.4546165512271436,0.4653555432465435,601316000
2014-09-22,0.4507981240749359,0.4646394561045586,0.4503208142009217,0.4646394561045586,221464000
2014-09-23,0.4488890767097473,0.453900575542066,0.446741267111414,0.4484117667221869,196144000
2014-09-24,0.45151418447494507,0.4529460576834501,0.4481731849198542,0.44865046650650064,159592000
2014-09-25,0.44172969460487366,0.45223002963057735,0.44077513162460963,0.4510368116809674,298440000
2014-09-26,0.4426842927932739,0.4460252917237733,0.44125241985245395,0.4431615742906938,241188000
2014-09-29,0.4419683516025543,0.44507072397548997,0.4348090438720381,0.43910463420005985,208540000
2014-09-30,0.44029784202575684,0.4434002143273201,0.4350476603853147,0.44005918706080605,277204000
2014-10-01,0.436002254486084,0.4441161250646304,0.4348090365510884,0.44101378119248946,350976000
2014-10-02,0.4340931475162506,0.4374341467197509,0.42407009300862425,0.43528636558158107,288996000
2014-10-03,0.4350477457046509,0.4426843646980179,0.4350477457046509,0.43671827388980305,239140000
2014-10-06,0.4324226677417755,0.440297913023762,0.4295589214948248,0.43671825866363756,199032000
2014-10-07,0.42788830399513245,0.43480898425486486,0.4274110225682507,0.4305133945158165,301896000
2014-10-08,0.43576347827911377,0.43791128703366633,0.4240699287004655,0.42741095505803,260172000
2014-10-09,0.42741119861602783,0.4343318817263427,0.42383154376714466,0.43385457165430397,306956000
2014-10-10,0.4021148681640625,0.42550197698281833,0.401876241614012,0.42407010388826155,691376000
2014-10-13,0.40068310499191284,0.4128539434247413,0.4002058233461992,0.4047400416533326,397628000
2014-10-14,0.4099901616573334,0.4212064066144903,0.4037854158775113,0.406171852185356,376620000
2014-10-15,0.41619473695755005,0.41834254597078563,0.4013988425878881,0.404023904561547,404428000
2014-10-16,0.4164334833621979,0.42120635539752554,0.4078423023191835,0.40879689379538586,351116000
2014-10-17,0.4157175123691559,0.42621784704465054,0.4140470129851287,0.4214449754053963,290716000
2014-10-20,0.4192971885204315,0.42311549741544185,0.4128538171525921,0.4157175345995696,200336000
2014-10-21,0.4371955394744873,0.4376728210319751,0.4212063939344164,0.4223996120524178,351092000
2014-10-22,0.4269338548183441,0.4379114728023467,0.4269338548183441,0.4364795996918894,239512000
2014-10-23,0.43647944927215576,0.43958182097663007,0.43122929709072827,0.4343316687952026,214476000
2014-10-24,0.4410138428211212,0.44363890557581015,0.4364795969653726,0.43910468816862513,210156000
2014-10-27,0.4412524402141571,0.4429229397564924,0.43600228660314827,0.44077515869471295,145092000
2014-10-28,0.45175278186798096,0.4522300633937465,0.43958194649386956,0.44005922801963504,192580000
2014-10-29,0.4488890767097473,0.4524687309250733,0.4448321125068609,0.44984363978774244,168340000
2014-10-30,0.4460253417491913,0.44960499605416854,0.4402979062406531,0.44769586985036486,170260000
2014-10-31,0.46630993485450745,0.4665485897810415,0.45390044764583415,0.4562868831169552,256316000
2014-11-03,0.4741852879524231,0.47871953347190616,0.4717988519259251,0.4770490054945084,308732000
2014-11-04,0.4803900420665741,0.4820605416269358,0.4694124247580912,0.477287669483867,360196000
2014-11-05,0.4803900420665741,0.4834924146492812,0.47681038795927255,0.48325378811126496,335652000
2014-11-06,0.4825378358364105,0.48325377232419486,0.47394662643156005,0.48134458939106267,394088000
2014-11-07,0.47227615118026733,0.49375410467402553,0.46750327894800164,0.4880266693747317,450800000
2014-11-10,0.47776490449905396,0.4808672765950206,0.47060556895913846,0.47179878680769816,293388000
2014-11-11,0.47203749418258667,0.4775262741367137,0.46798053028806047,0.4749012116474705,212992000
2014-11-12,0.46893516182899475,0.4715602245426415,0.46249176142149107,0.4703670064595576,204584000
2014-11-13,0.4665486514568329,0.4713215230300287,0.4627303428188528,0.47060558660433766,225328000
2014-11-14,0.47227615118026733,0.47227615118026733,0.46249175172469764,0.4670259974144876,160248000
2014-11-17,0.47012829780578613,0.475139824258918,0.46702592564187395,0.47012829780578613,158732000
2014-11-18,0.4813445210456848,0.48253776732160547,0.46917368782715313,0.4703669056545167,207772000
2014-11-19,0.4795471131801605,0.4831419443969258,0.474514406614593,0.4817040119102197,240300000
2014-11-20,0.4874557554721832,0.4879350854166268,0.47475411189250566,0.47619204458792425,220968000
2014-11-21,0.4900919795036316,0.49248851492578993,0.4860178749997535,0.4917695485853513,198976000
2014-11-24,0.49320751428604126,0.49536435631384446,0.48937304592629133,0.4912902515372086,136004000
2014-11-25,0.49296775460243225,0.4965625860630703,0.49129018563343707,0.49224878831030466,190240000
2014-11-26,0.5013558268547058,0.5018351569248825,0.4898524194118092,0.49009211301586103,219264000
2014-11-28,0.5025538802146912,0.5054297452948906,0.49847977610967914,0.5030332101073597,124832000
2014-12-01,0.49320751428604126,0.5032729294502303,0.49248854789746843,0.5003971210338543,190060000
2014-12-02,0.4939265251159668,0.4960833673378332,0.4881747934898684,0.49272822864788945,245952000
2014-12-03,0.5066279768943787,0.5068676132412214,0.4948849388306048,0.4963228711874585,284424000
2014-12-04,0.5020744800567627,0.5078261516197489,0.4987193430731784,0.505908946811384,185332000
2014-12-05,0.504950225353241,0.507586395627676,0.5020743616808551,0.5023139979409279,165680000
2014-12-08,0.49847984313964844,0.5092642815026607,0.49440573848679664,0.5042315740734755,226944000
2014-12-09,0.49680212140083313,0.49800041735662115,0.4879349484520065,0.4953641891090459,239448000
2014-12-10,0.48577815294265747,0.49728155657643974,0.4852988801691091,0.49536429406852195,204364000
2014-12-11,0.48553845286369324,0.4920090915610525,0.4845798503044364,0.4886539540347033,135652000
2014-12-12,0.4704403281211853,0.4833816069261172,0.4699609982203739,0.47906783780148876,323964000
2014-12-15,0.46900230646133423,0.4845798110546446,0.4675643741699677,0.4759522458753936,254696000
2014-12-16,0.46372994780540466,0.4759522876478833,0.4634903114484436,0.468523046340982,185308000
2014-12-17,0.4826626777648926,0.4833816441024511,0.4577386923329158,0.4730765361146605,345596000
2014-12-18,0.4845799207687378,0.4944056984212436,0.4800264865277628,0.4886540250914331,226156000
2014-12-19,0.4893728196620941,0.49129002438658137,0.4833814549067659,0.48793488754978426,325528000
2014-12-22,0.49800053238868713,0.49800053238868713,0.48721609484710493,0.4888936638623894,148976000
2014-12-23,0.49488508701324463,0.5042315929935043,0.4944057570381355,0.5018350573937902,109280000
2014-12-24,0.49296775460243225,0.4968022224478103,0.4924884818329523,0.49608325615568266,45644000
2014-12-26,0.4934470057487488,0.49608317697384163,0.49176943704751713,0.49296767591786894,52636000
2014-12-29,0.492728054523468,0.49608319202774476,0.4896125533729538,0.4920090883242801,82944000
2014-12-30,0.48817455768585205,0.4917693882157447,0.4874555915798735,0.48937285357511384,112120000
2014-12-31,0.4805057942867279,0.49152986765758505,0.4790678331671575,0.48889363893548465,166300000
2015-01-02,0.48242294788360596,0.486017778874811,0.474754013194302,0.48242294788360596,113680000
2015-01-05,0.47427472472190857,0.48386089334232535,0.47211785463790906,0.4824229609070251,197952000
2015-01-06,0.45989564061164856,0.4754731224620045,0.4594163391915832,0.47499382104193916,197764000
2015-01-07,0.45869725942611694,0.4673247971311359,0.45725932695229654,0.46325066464496206,321808000
2015-01-08,0.47595229744911194,0.4788281623434708,0.4637299573549401,0.46396962228578703,283780000
2015-01-09,0.47786954045295715,0.4814643716405947,0.4711592365176198,0.47762990408641576,209540000
2015-01-12,0.4718783497810364,0.47930762226868295,0.4675645795807564,0.4790679572585161,190732000
2015-01-13,0.4711592197418213,0.485059128419619,0.4678040821780894,0.47547298844444136,236720000
2015-01-14,0.4730765223503113,0.4745144549835911,0.46492831361227166,0.4661265812836866,155260000
2015-01-15,0.46972137689590454,0.4793075181161624,0.46948171193781635,0.47643168146387593,188932000
2015-01-16,0.4783490002155304,0.47882830164771506,0.46756456086209863,0.46900249372761205,181512000
2015-01-20,0.4797869026660919,0.4843402802676754,0.47379553515223416,0.48170410827329385,140308000
2015-01-21,0.48649704456329346,0.48769534058904146,0.47379540380744184,0.4771505698278468,144780000
2015-01-22,0.49488508701324463,0.49632301980065624,0.48242307903956505,0.48745578665758993,159712000
2015-01-23,0.4963228702545166,0.4972814727779843,0.4912901070149887,0.4953642105931504,120416000
2015-01-26,0.4941660165786743,0.496562551673826,0.4910505152411867,0.4941660165786743,133240000
2015-01-27,0.4704403281211853,0.4869764383374354,0.46948169688851593,0.486497108436624,357948000
2015-01-28,0.462771475315094,0.4781093206608194,0.46253181032181756,0.4761920864214839,272728000
2015-01-29,0.4740351736545563,0.476671345501662,0.4608542001432035,0.46301109918424205,235340000
2015-01-30,0.46013519167900085,0.4761920005397338,0.45941625396675,0.4706799638091056,298200000
2015-02-02,0.4702007472515106,0.47211798149073336,0.453904299071555,0.46301114028114415,259604000
2015-02-03,0.48194369673728943,0.48242302666035514,0.4711592877094961,0.47355582304900573,183468000
2015-02-04,0.48314204812049866,0.4886540857442905,0.47906791472315813,0.4805058760875255,181516000
2015-02-05,0.49105069041252136,0.4912903268661503,0.4831421160635236,0.48362138897078155,140448000
2015-02-06,0.48889365792274475,0.49632295734349824,0.48673675901305097,0.49057122691764815,210524000
2015-02-09,0.48841431736946106,0.4898521926384836,0.48290228123485607,0.4860177824038893,273944000
2015-02-10,0.5020744800567627,0.5023141163733355,0.4867366130382778,0.48889351130110686,226204000
2015-02-11,0.4987194538116455,0.5032728305270423,0.4953642589451635,0.5032728305270423,320832000
2015-02-12,0.5344280004501343,0.5392210720753258,0.5241228907421805,0.5272383930123471,676904000
2015-02-13,0.5346673727035522,0.535386338805872,0.5250812341898116,0.5332294404989126,310084000
2015-02-17,0.5363451838493347,0.5389814131296558,0.5303538731369798,0.5337090117069321,203340000
2015-02-18,0.5301140546798706,0.5365847510033882,0.5291554520482807,0.5356260912338934,170948000
2015-02-19,0.531551718711853,0.5377827183767948,0.5291551847744044,0.5368241162293906,169432000
2015-02-20,0.535386323928833,0.5356259602436498,0.52723811784615,0.5310725845726747,157752000
2015-02-23,0.5310729146003723,0.5351470201735086,0.5284366849475756,0.5351470201735086,125008000
2015-02-24,0.5367264151573181,0.5367264151573181,0.5283062703423298,0.5331177980531616,149356000
2015-02-25,0.532636284828186,0.5369666914386867,0.5302305224972074,0.5345608717498097,123820000
2015-02-26,0.5340798497200012,0.5372073470483527,0.5297494423309412,0.5331175560861796,152864000
2015-02-27,0.5307117104530334,0.5338392072930322,0.5287870661280113,0.532636297420156,157492000
2015-03-02,0.543703019618988,0.546589958509401,0.5285467051601628,0.529268439882766,301512000
2015-03-03,0.533598780632019,0.5422595397793202,0.5319147520975327,0.5396132174191159,160344000
2015-03-04,0.5396131873130798,0.5408160401886377,0.5295089593119757,0.5316741633174802,226840000
2015-03-05,0.549957811832428,0.5509201053199727,0.5381695588757808,0.5396130277860478,323056000
2015-03-06,0.5424998998641968,0.5494765698218589,0.5420187244997853,0.5468302487123282,257392000
2015-03-09,0.5439435243606567,0.5480333731658392,0.5415377613117988,0.5427406715151855,222388000
2015-03-10,0.5533260107040405,0.5569346839122337,0.5453869870039305,0.5463492807401438,527212000
2015-03-11,0.5504390597343445,0.5605432287208824,0.5489955906340084,0.5533259405771093,262120000
2015-03-12,0.5453872084617615,0.5492364423275343,0.535042417541595,0.5451466492695064,406972000
2015-03-13,0.5461086630821228,0.5475521322106057,0.5352827019764097,0.5427406066876018,359288000
2015-03-16,0.5526042580604553,0.5559723720643522,0.5468304384733523,0.5504391115639873,236956000
2015-03-17,0.5593407154083252,0.5595812746183653,0.5475524537472282,0.5514016878975805,299900000
2015-03-18,0.5501986742019653,0.5622274928227868,0.5451465875885998,0.5593406107685486,413844000
2015-03-19,0.5586188435554504,0.5605434314801204,0.5480334952539092,0.552123287612279,310756000
2015-03-20,0.5646332502365112,0.5680013652990439,0.5578971348273079,0.5631898379044897,462084000
2015-03-23,0.5463494062423706,0.5550101665735874,0.546108847092537,0.547792875857228,426012000
2015-03-24,0.5388914346694946,0.5485144867846421,0.5364856716407078,0.5446652544670001,330480000
2015-03-25,0.5061731934547424,0.5386510324831224,0.5044891072218936,0.5386510324831224,542552000
2015-03-26,0.5044888854026794,0.5066540890146661,0.4922195129839016,0.495828185670546,311920000
2015-03-27,0.5143524408340454,0.5162770276104618,0.4991961335566106,0.5073757133932214,318288000
2015-03-30,0.5165179967880249,0.5191643197526647,0.5100223829254726,0.5167585559599195,253252000
2015-03-31,0.5035267472267151,0.5155555642985624,0.5030456289585957,0.5150744460304431,357276000
2015-04-01,0.5054513812065125,0.5071354098235751,0.4967906216345314,0.5054513812065125,330768000
2015-04-02,0.5066540241241455,0.5097815209327093,0.5023236748126951,0.5083380520429261,192204000
2015-04-06,0.521329402923584,0.5230134314503978,0.49919635824331177,0.5044890029396065,515864000
2015-04-07,0.5259004235267639,0.5316742443973619,0.518442516600896,0.5213294557151579,413964000
2015-04-08,0.5297495722770691,0.5316742173747311,0.5213294292183065,0.526381515053564,366432000
2015-04-09,0.5420191287994385,0.54370315779418,0.5254193406767833,0.525659899859479,379432000
2015-04-10,0.547552227973938,0.5477927870847878,0.5405754975380248,0.5425001424985795,258728000
2015-04-13,0.5424998998641968,0.5494765698218589,0.5400940804000324,0.5463490733479167,236724000
2015-04-14,0.5379292368888855,0.5425002046663541,0.5326365343382417,0.5403350003468281,220276000
2015-04-15,0.544424831867218,0.5485146243057384,0.5367263653018094,0.5393727454475039,243560000
2015-04-16,0.5410565137863159,0.5458680387339178,0.537207282356654,0.5412970728263254,155284000
2015-04-17,0.5340798497200012,0.5393725507428827,0.529508883261963,0.5297494423309412,293636000
2015-04-20,0.531433641910553,0.5398537847104816,0.5304712907123431,0.5364857275905102,231624000
2015-04-21,0.5307117104530334,0.5379289976165923,0.5280653316758654,0.5379289976165923,230456000
2015-04-22,0.5367264151573181,0.5374481500497363,0.525659889950818,0.5338395329455798,207420000
2015-04-23,0.5345609188079834,0.5396130602983148,0.5208480780500334,0.5268625130858888,259380000
2015-04-24,0.5299902558326721,0.5345611666324773,0.5239758180085016,0.5343206074740481,240960000
2015-04-27,0.5340798497200012,0.5434623417050558,0.5271031204984548,0.531674086956493,248456000
2015-04-28,0.5367264151573181,0.5386510606564117,0.5280656538062339,0.5331177980531616,234484000
2015-04-29,0.532636284828186,0.5381695439252269,0.5304710815229358,0.5328768438539144,195156000
2015-04-30,0.5340798497200012,0.5367261715524876,0.5287871486971196,0.5299900587578281,218844000
2015-05-01,0.5473116040229797,0.5489956323152587,0.5360044667838162,0.5384102296810593,256968000
2015-05-04,0.5439435243606567,0.5504391362146972,0.5422594959622477,0.5468304629624525,200720000
2015-05-05,0.5299902558326721,0.5427408089563008,0.5275844921745899,0.5420190741230831,292928000
2015-05-06,0.5316741466522217,0.5379291420112281,0.5246974166473365,0.5328769994900763,316484000
2015-05-07,0.5410565137863159,0.5427405417821864,0.5278247915014599,0.5295088194973304,534564000
2015-05-08,0.501120924949646,0.5254191727312021,0.4929413417731654,0.5054513330016068,1146552000
2015-05-11,0.49630942940711975,0.5013615724471299,0.4902950498843357,0.49414422524711543,544144000
2015-05-12,0.501120924949646,0.5052107165378863,0.4924601662036417,0.4927007826673623,388800000
2015-05-13,0.5040079951286316,0.5085789634787979,0.4991964676099089,0.5047297299922332,308524000
2015-05-14,0.5121874213218689,0.5148338007855904,0.5042483976465335,0.5054513078314824,293052000
2015-05-15,0.5124281644821167,0.5167585160312896,0.5093006660574084,0.5143527524244316,215824000
2015-05-18,0.511706531047821,0.5148340300921754,0.5088195912044353,0.5112253552879433,324972000
2015-05-19,0.5085160732269287,0.5140749468700878,0.5075492674967468,0.5123830656539791,253808000
2015-05-20,0.5085160732269287,0.5148000223560146,0.5080326703618377,0.5087577458477646,196824000
2015-05-21,0.5048907995223999,0.5109330772719796,0.5044073965579983,0.5087578503673191,239692000
2015-05-22,0.5041654706001282,0.508032519502283,0.5029570502313685,0.5060990238629067,212592000
2015-05-26,0.5010237097740173,0.5051324329703879,0.49715665922936664,0.5017487853526035,259732000
2015-05-27,0.5278512239456177,0.5302681228323373,0.5027154294250017,0.504407252883364,432332000
2015-05-28,0.5351019501686096,0.5367937737204402,0.5268845050244558,0.5278512531078707,327656000
2015-05-29,0.5348600149154663,0.5384853328539474,0.5341349398030921,0.5351016874117944,335168000
2015-06-01,0.5409026145935059,0.5462198166503419,0.5348603945331032,0.5382440423768031,372660000
2015-06-02,0.530268132686615,0.5404191312488452,0.5297847298509218,0.5375188294815177,224304000
2015-06-03,0.5244675278663635,0.5358269458067954,0.5235007223035703,0.5317182238468567,250788000
2015-06-04,0.5338934659957886,0.5355852893464789,0.5213255695353334,0.5213255695353334,323712000
2015-06-05,0.5380021333694458,0.5404190318565713,0.5266426586188916,0.5322015309016206,313320000
2015-06-08,0.5256760716438293,0.539935794369403,0.5196338523883599,0.5363104743408059,342812000
2015-06-09,0.5283345580101013,0.5322015496268357,0.5251925841039492,0.5261593320081328,256888000
2015-06-10,0.5189085602760315,0.5254341797025831,0.5160082593649424,0.5220505337219118,529460000
2015-06-11,0.5244675278663635,0.5280928470449054,0.5189086551856444,0.5189086551856444,283052000
2015-06-12,0.5102078914642334,0.5242258829236999,0.5089994131259005,0.5210839083921366,323728000
2015-06-15,0.5092411041259766,0.5116580029929798,0.5036822309695276,0.5075492230580014,306548000
2015-06-16,0.5155250430107117,0.5162501185005656,0.503198874930034,0.5082743457355919,256892000
2015-06-17,0.5215672850608826,0.5244675868285038,0.5140749156590821,0.5152833363133138,233544000
2015-06-18,0.530268132686615,0.5336517796662198,0.524467586775376,0.5259177376590397,299404000
2015-06-19,0.5285763144493103,0.5346185330267299,0.523742516538008,0.5302681379559244,355656000
2015-06-22,0.5264010429382324,0.5324433186206555,0.5184252713065445,0.5295430170733466,514236000
2015-06-23,0.5128663182258606,0.531476429915252,0.5087575967585978,0.5273677084479892,414064000
2015-06-24,0.5077909827232361,0.514800007130959,0.505374083716099,0.5121413778867158,253368000
2015-06-25,0.5116581320762634,0.51480010715838,0.5077910813887794,0.5077910813887794,350460000
2015-06-26,0.5012653470039368,0.5080326993847187,0.4990901780453128,0.507549296492012,421296000
2015-06-29,0.4862806499004364,0.5005403738405239,0.48555557430827706,0.49546484469540847,391724000
2015-06-30,0.48603883385658264,0.491356034719693,0.4826551867725204,0.48918080832704547,315916000
2015-07-01,0.4930478632450104,0.5051323583983846,0.488697468039163,0.4981233915458203,302892000
2015-07-02,0.4935312867164612,0.49667326134992784,0.49038931208299447,0.4928062112146288,145764000
2015-07-06,0.48748892545700073,0.4961897723452694,0.48386360620054497,0.489422479000733,214776000
2015-07-07,0.4783047139644623,0.48652218703373085,0.46307824601737296,0.4845886910755085,594252000
2015-07-08,0.4749211370944977,0.47854648576707126,0.4710540869857352,0.4756462125913544,332492000
2015-07-09,0.46912050247192383,0.48458870094643225,0.4662202296638067,0.4824134747315646,357588000
2015-07-10,0.477338045835495,0.4816884700926555,0.47395436971916544,0.4751628193010594,216708000
2015-07-13,0.4804799258708954,0.4831384971403784,0.4773379518145018,0.4821717491899673,212472000
2015-07-14,0.480721652507782,0.4816884293786081,0.47443773250009935,0.48120505534904917,249216000
2015-07-15,0.477338045835495,0.4826552182334864,0.4729876215783345,0.4795132435582199,265732000
2015-07-16,0.4879724681377411,0.4879724681377411,0.47854654317133277,0.4802383669924686,282848000
2015-07-17,0.4850720763206482,0.4867638998296915,0.47878812750224936,0.48628055461191716,220372000
2015-07-20,0.47612956166267395,0.4870056359212811,0.4749211121685741,0.485072082156671,188412000
2015-07-21,0.4783047139644623,0.4850720362533582,0.4751627398147921,0.4751627398147921,149720000
2015-07-22,0.46912050247192383,0.4749210768998645,0.46331995685568966,0.4749210768998645,356472000
2015-07-23,0.4749211370944977,0.48193013300345583,0.46912056193135393,0.47008733886439963,169916000
2015-07-24,0.46936219930648804,0.47878809304399905,0.46742867451600456,0.4783047190493047,188844000
2015-07-27,0.46670371294021606,0.47202088580204554,0.46138654007838664,0.4652535617907566,192420000
2015-07-28,0.476854532957077,0.47999647790604133,0.46307818868428513,0.4679119856047869,198308000
2015-07-29,0.4826551079750061,0.4865221572783564,0.47395426144832,0.47588778609999516,232680000
2015-07-30,0.48386362195014954,0.4886974195317028,0.4814466943476666,0.4814466943476666,190180000
2015-07-31,0.4821717143058777,0.48603873463945646,0.4792714418527678,0.4857970620751907,218340000
2015-08-03,0.49038922786712646,0.49087257303639475,0.47975485622717867,0.48603877560324726,397132000
2015-08-04,0.4923226833343506,0.49377283396981075,0.4867638109806908,0.4886973643691063,260100000
2015-08-05,0.4973982572555542,0.5048906260776274,0.49643145165887714,0.5044072232792888,234628000
2015-08-06,0.49425622820854187,0.4998151004664427,0.48603872729029396,0.4961897239402443,655676000
2015-08-07,0.5554038286209106,0.5648296924368384,0.5288178874909847,0.542835933368466,1405248000
2015-08-10,0.5747391581535339,0.5788478808539623,0.548153210476894,0.5515369153096761,662304000
2015-08-11,0.5718387961387634,0.5773976692375702,0.5662799230399566,0.5662799230399566,435008000
2015-08-12,0.5732887983322144,0.5773975195359067,0.5626544577095165,0.5626544577095165,384048000
2015-08-13,0.568454921245575,0.5752222698622963,0.5670047709974639,0.5740137921144068,276884000
2015-08-14,0.5689384341239929,0.5723220802763751,0.5645879825365857,0.5679716286889679,214652000
2015-08-17,0.5653131604194641,0.5679717317898748,0.5583041366719316,0.5679717317898748,273880000
2015-08-18,0.5601680278778076,0.5674492341910484,0.5557992693703329,0.5635659125841432,287084000
2015-08-19,0.5579832792282104,0.5657499173003543,0.551915582384502,0.5594395310999681,249248000
2015-08-20,0.537838876247406,0.5543429178049974,0.5351690605685981,0.5516731599920632,426932000
2015-08-21,0.521091878414154,0.5429354847051311,0.5206064417946811,0.5339553412387589,382664000
2015-08-24,0.5026462078094482,0.5298293883146357,0.4854139871919381,0.4919670639829311,682284000
2015-08-25,0.49220985174179077,0.5266742379460961,0.49220985174179077,0.5247325489697928,622684000
2015-08-26,0.5293439030647278,0.5298293396907857,0.5043451030726968,0.5082284224836061,614976000
2015-08-27,0.5492460131645203,0.5494887026039587,0.5317711004759158,0.5349262946520768,463764000
2015-08-28,0.5516730546951294,0.555070938147747,0.5453626666454895,0.549245986819565,320944000
2015-08-31,0.5456053614616394,0.5528866230261043,0.5434210408581631,0.5490033028136774,219352000
2015-09-01,0.5232760906219482,0.5388093648514524,0.5193928299304107,0.5298292232370545,353408000
2015-09-02,0.5390522480010986,0.5392949374151221,0.5286158509419197,0.5375959957852394,344044000
2015-09-03,0.5405083298683167,0.5497312190847987,0.5395375146523294,0.5470614049085323,262556000
2015-09-04,0.5278878211975098,0.5397804726434975,0.5276451317391845,0.5312857050775435,287972000
2015-09-08,0.5504594445228577,0.5526438227829185,0.5385668534606389,0.5407511738548422,238448000
2015-09-09,0.5395376086235046,0.5567697697725853,0.5383240459927737,0.5521583822270207,289392000
2015-09-10,0.5480323433876038,0.5548281671597093,0.5339553749250026,0.5363824424437857,357076000
2015-09-11,0.549731433391571,0.5533720063372212,0.5397804144173426,0.5419647929042509,301584000
2015-09-14,0.5507022142410278,0.5541000975401518,0.5477897097755731,0.5524011558905898,192460000
2015-09-15,0.5567697286605835,0.5596822324665969,0.5492458376495115,0.5509447789144036,327976000
2015-09-16,0.5606532096862793,0.5638084037653399,0.5516730641789004,0.5557990738517035,173508000
2015-09-17,0.5657501816749573,0.5754584548688825,0.5645366185927803,0.5703615709359608,268712000
2015-09-18,0.5652647018432617,0.5701188380707473,0.5545856137159673,0.5579834975020335,326412000
2015-09-21,0.5710896849632263,0.5723032480193745,0.5630803539634368,0.5659928590054953,281840000
2015-09-22,0.5555563569068909,0.5625948708782162,0.552643852404036,0.5587115508296967,228356000
2015-09-23,0.5582261681556702,0.5616240518273145,0.5538574688443942,0.556041789567099,161632000
2015-09-24,0.5689053535461426,0.5747303056568656,0.5460908661581828,0.5548283232572024,382440000
2015-09-25,0.5730314254760742,0.5841959519802725,0.567449162223975,0.5759438729124673,369692000
2015-09-28,0.565507173538208,0.5766716941355391,0.5618666017023826,0.5730311222997136,395584000
2015-09-29,0.5754584074020386,0.5764292230681786,0.563565756360687,0.5715750868716107,380736000
2015-09-30,0.5982728004455566,0.5990009266184148,0.5774000044659308,0.580797888028692,556380000
2015-10-01,0.5866228938102722,0.5999717385437042,0.5696333603690357,0.5982727967727534,489296000
2015-10-02,0.6019134521484375,0.6019134521484375,0.5774000244558523,0.5834677234844485,386144000
2015-10-05,0.6169611811637878,0.6244850733084079,0.6026414650698949,0.6057966587131546,482024000
2015-10-06,0.6249708533287048,0.62764061177597,0.6079813709203234,0.6104084398358065,453216000
2015-10-07,0.6315237879753113,0.6378341772734767,0.6162332515474003,0.6264269617879656,310152000
2015-10-08,0.6351642608642578,0.6368632025025418,0.6181747287496985,0.6288538731415688,460068000
2015-10-09,0.6327371597290039,0.6378339843749296,0.6208445110226543,0.6317662863876172,423248000
2015-10-12,0.6395332217216492,0.6431738537710797,0.6288541308197919,0.6334655209278928,227588000
2015-10-13,0.6407464742660522,0.6446297360808931,0.6322517088479135,0.6344360870181529,298444000
2015-10-14,0.6640462875366211,0.6744826831243322,0.6407464289655882,0.6414744971050053,612148000
2015-10-15,0.6657453179359436,0.6793369087417056,0.6584641147756274,0.665259881245579,526048000
2015-10-16,0.6761817336082458,0.6824921214281071,0.6662307151746723,0.6679297147049784,448396000
2015-10-19,0.674968421459198,0.6815215589976593,0.6672018363752693,0.6783663639159164,294712000
2015-10-20,0.6739973425865173,0.6771525364372128,0.6669588287760534,0.6720557115395628,264824000
2015-10-21,0.6652598977088928,0.6822494300359326,0.6640463927517387,0.6781233627303719,386280000
2015-10-22,0.6892879009246826,0.6914722793335967,0.672055736674436,0.6730265522342217,306884000
2015-10-23,0.6938992738723755,0.6985107196265973,0.684919129627634,0.6953555259911671,381776000
2015-10-26,0.6907442808151245,0.6960838541792463,0.6844338917118548,0.6943849121692695,247436000
2015-10-27,0.6902586817741394,0.6946273801401843,0.6868607409718224,0.6873461776195402,208268000
2015-10-28,0.6958409547805786,0.6958409547805786,0.6844336852229993,0.6946273920733629,217036000
2015-10-29,0.6718129515647888,0.6917149298163737,0.6705994466498374,0.6846764740047672,327168000
2015-10-30,0.688559889793396,0.6934140841348077,0.673997480366775,0.6790943641722021,301160000
2015-11-02,0.6965691447257996,0.6972972709042341,0.6866181833969692,0.6907441931641882,190088000
2015-11-03,0.6917151808738708,0.6963266285292959,0.6839485961480741,0.6924433072334579,376768000
2015-11-04,0.680307924747467,0.6948703353597305,0.6771527299948891,0.6897735090052011,442264000
2015-11-05,0.6725411415100098,0.6856473546040882,0.670599510315409,0.6837056655436236,478800000
2015-11-06,0.765740692615509,0.7752062753643006,0.7237524095903974,0.7390429440823428,1172272000
2015-11-09,0.7623427510261536,0.7645271294636478,0.7516636061312011,0.7582167414436838,492568000
2015-11-10,0.7477801442146301,0.7565175977662031,0.7317614890143875,0.7523915314193614,552260000
2015-11-11,0.7404990196228027,0.7536051723810742,0.7378292049010416,0.7482656008034048,619896000
2015-11-12,0.737829327583313,0.7455959679211629,0.734674133562678,0.7388001431590786,291080000
2015-11-13,0.7232667803764343,0.7417125042096558,0.7196261503395511,0.7385573107996408,292940000
2015-11-16,0.737829327583313,0.7383147643041271,0.7269074932248281,0.7327325024111467,344280000
2015-11-17,0.737829327583313,0.7441397156245833,0.734674133562678,0.7397710166007068,257048000
2015-11-18,0.7559796571731567,0.7569542172791928,0.7328349292383005,0.7408746725567331,350216000
2015-11-19,0.758172333240509,0.7657247965353811,0.7525688739941218,0.7586596132954276,254072000
2015-11-20,0.7647504806518555,0.7691358279567345,0.7591470200415826,0.7637759783904187,239744000
2015-11-23,0.7532998323440552,0.7710847136966096,0.7506199370165305,0.7710847136966096,242552000
2015-11-24,0.7593905925750732,0.7659685546100523,0.7498890660420582,0.7532998525660324,195428000
2015-11-25,0.758415937423706,0.7669429607519451,0.7557360423596741,0.7579287154587517,138300000
2015-11-27,0.7647504806518555,0.7671867653482519,0.7559798441277062,0.7598779112590625,86996000
2015-11-30,0.7727900147438049,0.776200858855014,0.7647502716345139,0.7654811626522307,327244000
2015-12-01,0.7978836894035339,0.7986145803161365,0.7788806418470365,0.7796115327596391,409496000
2015-12-02,0.7917933464050293,0.8073855581241193,0.7900879527861925,0.7991022010938791,294240000
2015-12-03,0.7900878190994263,0.8064109193340132,0.7861897523078225,0.7981275637053578,246656000
2015-12-04,0.822246789932251,0.8237085722263079,0.7900878118054135,0.7900878118054135,458756000
2015-12-07,0.8066545128822327,0.8220031095026018,0.8042182286263899,0.8220031095026018,333588000
2015-12-08,0.8176177144050598,0.8210285005434392,0.7915494802251667,0.7966656594327358,314488000
2015-12-09,0.7969093322753906,0.8222467354657231,0.7886259772719049,0.8173741668653668,372676000
2015-12-10,0.8034871816635132,0.8078724692390392,0.7966655522191994,0.7993454469550438,236596000
2015-12-11,0.7915494441986084,0.8010509692250091,0.7898440512070378,0.7954475102160234,227320000
2015-12-14,0.7934985756874084,0.7978839224438652,0.7839970491340207,0.7922804625343494,275892000
2015-12-15,0.8032435774803162,0.8088470364426673,0.7981273985481837,0.8025126864777842,307296000
2015-12-16,0.8081161379814148,0.8107960909944942,0.797883780211592,0.8049489630282054,236356000
2015-12-17,0.7959349751472473,0.8176179267939332,0.7954477530498268,0.8093345702816833,254160000
2015-12-18,0.7830225229263306,0.7983711199309488,0.7820480208167166,0.7903313758768344,395896000
2015-12-21,0.8015382885932922,0.8022691796907402,0.7844842985192391,0.7915495404041695,284216000
2015-12-22,0.8022691607475281,0.8103089045440212,0.7973965922699927,0.8039745539061056,130012000
2015-12-23,0.8054363131523132,0.8086034883811668,0.8020255269321929,0.8034873090509863,122524000
2015-12-24,0.8081161379814148,0.8100651999987082,0.8017817880749961,0.8029999590965033,52448000
2015-12-28,0.8073850274085999,0.8073850274085999,0.7883820409430015,0.7995889557164257,142024000
2015-12-29,0.820541262626648,0.8229775466903729,0.8056798891780098,0.8078725622610405,203660000
2015-12-30,0.8134760856628418,0.8268756781143984,0.8132324746629076,0.8198104363459195,180344000
2015-12-31,0.8030002117156982,0.8159125265607396,0.8030002117156982,0.8122581285177481,148528000
2016-01-04,0.7886258959770203,0.7937420750543172,0.780586152806643,0.7866768919720291,358076000
2016-01-05,0.8012944459915161,0.8146940347910511,0.7917929225565141,0.8034871186501126,490272000
2016-01-06,0.7681609988212585,0.7917929445116885,0.7591466970033814,0.788138489979362,449344000
2016-01-07,0.7377074956893921,0.7540305919862935,0.7279623020184527,0.7489143551440721,645304000
2016-01-08,0.7218714952468872,0.7479397225763706,0.7204097135472642,0.7472088317265592,398472000
2016-01-11,0.7230896949768066,0.7282059315413211,0.7101773852185337,0.7226024730753392,409372000
2016-01-12,0.7352710962295532,0.7459907910039253,0.7301549178728657,0.7360019871498779,469356000
2016-01-13,0.7128573656082153,0.745747226739234,0.7121264746421403,0.7408746009368711,481672000
2016-01-14,0.6984832286834717,0.7065229707097997,0.6777747881706666,0.6982395596533265,600236000
2016-01-15,0.6604772806167603,0.6785058305059188,0.6490267504689422,0.6704660866854342,841452000
2016-01-19,0.6658371090888977,0.693123515054912,0.6631571558392522,0.6741204636582103,457140000
2016-01-20,0.6694914102554321,0.6780184326785708,0.6443976810704307,0.6531683144501884,481180000
2016-01-21,0.6772876381874084,0.6877636659267492,0.6629135441590299,0.6768004162047765,481456000
2016-01-22,0.6931234002113342,0.6977523567977536,0.68873805457612,0.6901998364545248,257996000
2016-01-25,0.6923925280570984,0.7009195505220772,0.6909307461390347,0.6928798080583157,270728000
2016-01-26,0.6992142796516418,0.7021378442407682,0.6867892463190615,0.6938544886857146,227944000
2016-01-27,0.6909307837486267,0.7004323086476504,0.6777748619411117,0.6982396356512007,231700000
2016-01-28,0.6833783984184265,0.6989706059627254,0.6699788060337833,0.6965343217187537,276776000
2016-01-29,0.713588297367096,0.7150500795017979,0.6865455602174991,0.6892254554073879,310504000
2016-02-01,0.713831901550293,0.71748629846922,0.7067666605986179,0.7128573995776185,289884000
2016-02-02,0.683621883392334,0.7101773941818303,0.6787493158026422,0.7065229975323553,341908000
2016-02-03,0.6870328187942505,0.6931235586513471,0.6711969997198796,0.6889818811061854,326772000
2016-02-04,0.6872762441635132,0.7028684467016553,0.68045461561924,0.6880070769250194,348140000
2016-02-05,0.6439104676246643,0.6901999231307772,0.6419614635990907,0.6826474599246866,600428000
2016-02-08,0.6144315600395203,0.6373326229105942,0.6054172550383993,0.6341654472260069,608852000
2016-02-09,0.6210092902183533,0.6468339080909842,0.604198915890504,0.6071224794555501,425372000
2016-02-10,0.6195475459098816,0.6429358815881723,0.6161367602680778,0.6249073934081352,335800000
2016-02-11,0.6163804531097412,0.622714803335002,0.60371175265922,0.60371175265922,340144000
2016-02-12,0.6268564462661743,0.6280746172825449,0.6029808287327493,0.6261255552734702,340816000
2016-02-16,0.6575537323951721,0.6585282925859394,0.63392178043826,0.6358707846485951,485352000
2016-02-17,0.6738770008087158,0.6802113526667983,0.6631573016247565,0.665837255463551,771468000
2016-02-18,0.7318603992462158,0.7547615153220816,0.7284496132622333,0.7291805042710285,1068660000
2016-02-19,0.7416055798530579,0.7481835993278476,0.7223589176635817,0.7279623770109684,525628000
2016-02-22,0.7679173350334167,0.7764443569432858,0.7508633492992632,0.7523251311221648,449668000
2016-02-23,0.7698665261268616,0.7771753783833248,0.7581723276651636,0.7618267828361925,369380000
2016-02-24,0.7752262353897095,0.7764444063481674,0.7455035494132785,0.7666992710228574,336852000
2016-02-25,0.7769315838813782,0.7808296494059455,0.7630447726446451,0.7781497547702488,349616000
2016-02-26,0.7718155384063721,0.782535176879918,0.7640194060152868,0.7805861728249441,361964000
2016-02-29,0.7668026685714722,0.7829407316291305,0.7663136716892379,0.7729155959769715,323344000
2016-03-01,0.8007906079292297,0.8007906079292297,0.7675363652566414,0.7687589742845073,348700000
2016-03-02,0.8054365515708923,0.8083707672590572,0.7949223564179285,0.796389464262011,233812000
2016-03-03,0.7983455657958984,0.8078816494511111,0.7875868146354694,0.8044584369442545,302004000
2016-03-04,0.7959004044532776,0.8051919895714891,0.7897874750171056,0.8044584357072597,175304000
2016-03-07,0.7907654643058777,0.7968783932542789,0.7804957693233364,0.7914990181115743,239968000
2016-03-08,0.776339054107666,0.7873423036161669,0.7738938940276897,0.7826964819750474,274940000
2016-03-09,0.7758501172065735,0.784408149001221,0.7658249192935616,0.7831855980150796,222788000
2016-03-10,0.7746273279190063,0.7848970219833801,0.7589783174900795,0.7804956995427031,286084000
2016-03-11,0.7878314256668091,0.7880759825216633,0.776828232709538,0.7861198191689497,277400000
2016-03-14,0.7897875308990479,0.7929662451032149,0.7804958868261844,0.7841636564068463,190312000
2016-03-15,0.7858753800392151,0.7907657013449692,0.7719379701475386,0.7856308814630959,226216000
2016-03-16,0.8093487620353699,0.8120384789902148,0.7763390710852026,0.7800068404339839,363644000
2016-03-17,0.8025023937225342,0.8103268717244803,0.7914991431954078,0.8064146618721173,353680000
2016-03-18,0.8267091512680054,0.8374678404409361,0.8069033202912874,0.8120381955875009,545512000
2016-03-21,0.8291545510292053,0.8293990495389674,0.8105713234514019,0.8193739110721733,337780000
2016-03-22,0.8276875615119934,0.8335559346643626,0.8174178647724316,0.8264650104914761,242012000
2016-03-23,0.8418694138526917,0.8479822847321273,0.8276874508093056,0.8313552199747375,429008000
2016-03-24,0.8430920243263245,0.8445591320962392,0.8315997772906878,0.8342894360040533,244956000
2016-03-28,0.851650059223175,0.8553177701143291,0.8406468099552858,0.841624862306446,265388000
2016-03-29,0.8653428554534912,0.8672989599035908,0.8460260762456314,0.8479821806957311,261812000
2016-03-30,0.8743899464607239,0.8863712466158196,0.8680325195091544,0.8685215747735853,376700000
2016-03-31,0.8712114691734314,0.8802585567890518,0.8643650433985474,0.8783024517954342,379884000
2016-04-01,0.8839263319969177,0.8844153873969615,0.8592301710905477,0.8658320983564143,348292000
2016-04-04,0.8753681182861328,0.8959075094430414,0.8719449058590528,0.8912616878364532,393940000
2016-04-05,0.8741456270217896,0.8822146616057771,0.8641204292766187,0.8675437002343849,339568000
2016-04-06,0.8753681182861328,0.8758571736173789,0.8467597513927703,0.8631423179771226,453376000
2016-04-07,0.8663210868835449,0.877568835541314,0.862653375706613,0.8697442995279395,378104000
2016-04-08,0.8719448447227478,0.8790358258939548,0.8633867559578828,0.8734119523164059,255936000
2016-04-11,0.877324104309082,0.8917505632522633,0.8743898895080273,0.8770795475441924,387524000
2016-04-12,0.8763461709022522,0.8814809892027583,0.8592299933061446,0.8802583801042317,292764000
2016-04-13,0.8983525633811951,0.8985970618693281,0.8802583344235851,0.8802583344235851,350716000
2016-04-14,0.9007977247238159,0.9047099920267977,0.8922396363549678,0.8959074051693906,416564000
2016-04-15,0.9078888893127441,0.9159579240403428,0.8976191928511043,0.9005534084964926,436972000
2016-04-18,0.9039766192436218,0.9061772809728568,0.8951740306239016,0.9061772809728568,307320000
2016-04-19,0.88783860206604,0.9091114918087295,0.882214727291887,0.9073998853510165,309152000
2016-04-20,0.8912616968154907,0.8966410723245356,0.8853933242674876,0.886371376642619,200172000
2016-04-21,0.8902837634086609,0.89566313963655,0.8863714950881255,0.8915063144666404,178280000
2016-04-22,0.8868603110313416,0.8993306082823368,0.8839260960088923,0.8932177380485102,223540000
2016-04-25,0.8912616968154907,0.8961520169883624,0.8846597704118353,0.8871049304982712,191972000
2016-04-26,0.8919953107833862,0.9069108291238637,0.8880830427219951,0.8966411327498643,214536000
2016-04-27,0.912290096282959,0.9127791516250636,0.8880829936444844,0.8897945998960272,352396000
2016-04-28,0.8851487040519714,0.9120455213734949,0.8829481009398479,0.9066661462497481,381224000
2016-04-29,0.868766188621521,0.8834371489361419,0.8592300469278532,0.8814810442130782,321904000
2016-05-02,0.8802582621574402,0.8856376365351893,0.8729227834408018,0.8770795488838433,256076000
2016-05-03,0.8697441816329956,0.8739009476087651,0.8621642034768522,0.8702332369289962,224024000
2016-05-04,0.8499385714530945,0.8599637114693752,0.8411359824717941,0.8592301575294984,525764000
2016-05-05,0.8550733327865601,0.8650985304206532,0.8487159046032857,0.8570294959260694,246884000
2016-05-06,0.8638758659362793,0.8660765274660633,0.8518945642259623,0.8536061704278342,183240000
2016-05-09,0.8626534938812256,0.8697444186739355,0.8555625107912896,0.8660767069945651,333336000
2016-05-10,0.8792802691459656,0.8807473766474407,0.8597189912521807,0.8680325226975979,269676000
2016-05-11,0.8817254900932312,0.8915061297191085,0.8770796687817762,0.8819700468919256,328176000
2016-05-12,0.8697441816329956,0.8919951773998455,0.8540951700247081,0.888082909923471,670540000
2016-05-13,1.0020275115966797,1.002516508606573,0.9536133097845637,0.9582590728646065,2110256000
2016-05-16,1.0316141843795776,1.0465297628122432,0.9912690062306705,0.9944477207695072,973032000
2016-05-17,1.033814549446106,1.0411499702649025,1.0137641582462775,1.0269680089956408,628392000
2016-05-18,1.0602226257324219,1.072203988310326,1.0269683720278864,1.0269683720278864,541072000
2016-05-19,1.064868450164795,1.0724484887521561,1.0545988107324626,1.056065802141836,398880000
2016-05-20,1.0839407444000244,1.0883420684390337,1.0697587780039637,1.071470384586725,391084000
2016-05-23,1.085652470588684,1.0927433962706918,1.0790505421000653,1.0885866869379517,413636000
2016-05-24,1.1120054721832275,1.1154376899427394,1.0860194654564816,1.0889612995948244,415788000
2016-05-25,1.1073482036590576,1.1200959625094404,1.0985226972658453,1.1154381927375583,458076000
2016-05-26,1.1191149950027466,1.1272049809466695,1.1061219908169666,1.1093089585190326,309964000
2016-05-27,1.125244140625,1.126960191688791,1.1166637684088339,1.1203411208859957,277416000
2016-05-31,1.1453464031219482,1.1477979712616193,1.1294115609056956,1.1301470781064782,412524000
2016-06-01,1.1475526094436646,1.1585843131850695,1.13652078880508,1.1399528899998077,387132000
2016-06-02,1.155643105506897,1.1654491466458388,1.1424048447618171,1.1536818037613235,329208000
2016-06-03,1.139462947845459,1.14583688593318,1.1193605996594005,1.1443660850488366,461076000
2016-06-06,1.133579134941101,1.1512300273948781,1.1276954651574427,1.1424045227193904,322512000
2016-06-07,1.135785460472107,1.1468172829437324,1.1352951936191633,1.1404433462666688,193400000
2016-06-08,1.132108211517334,1.1401981989785477,1.1227924400414642,1.1360305800875963,234616000
2016-06-09,1.1615264415740967,1.1632424926057685,1.125734386459558,1.12818595473178,472168000
2016-06-10,1.1325985193252563,1.1580942666456189,1.1311276018339123,1.1477979611034117,400024000
2016-06-13,1.1470623016357422,1.1693710777740385,1.133824162752811,1.133824162752811,475588000
2016-06-14,1.1492689847946167,1.1546622714964516,1.1316180901646324,1.1443659650027995,298344000
2016-06-15,1.1610360145568848,1.1710871859129512,1.1460818242297717,1.1588296969339313,301036000
2016-06-16,1.165693998336792,1.1676551827110238,1.1411789014158864,1.1524558576892232,246456000
2016-06-17,1.1453464031219482,1.1674100487901755,1.1406885171743357,1.167164915355649,471000000
2016-06-20,1.1659388542175293,1.1808930422448294,1.1629970199078892,1.1637325369338867,293768000
2016-06-21,1.158829689025879,1.1740290126632424,1.1571135213453905,1.1708420445089511,212508000
2016-06-22,1.1578490734100342,1.1688808955767176,1.1558878891552717,1.1612811750801675,202620000
2016-06-23,1.1887379884719849,1.1899637723471514,1.1681452635784877,1.1688807806624613,297880000
2016-06-24,1.121076226234436,1.1610358908854923,1.110534789173277,1.139952899865994,1017684000
2016-06-27,1.109063982963562,1.1203409382142844,1.0926387584636814,1.1117605673971487,449088000
2016-06-28,1.125244140625,1.1313728276258468,1.1097995641536702,1.1301471603640043,381920000
2016-06-29,1.1436302661895752,1.1524557705521272,1.132108177352794,1.1350500121403113,318932000
2016-06-30,1.1524564027786255,1.1595657433342466,1.1362764194682908,1.145592078876318,430940000
2016-07-01,1.1438757181167603,1.161036347890843,1.1399533485726865,1.146082153270375,218488000
2016-07-05,1.1607911586761475,1.1627523433540266,1.1284312023508685,1.1375017253225173,371084000
2016-07-06,1.1681456565856934,1.175009978457726,1.146817524329838,1.1527011953923734,273104000
2016-07-07,1.1985442638397217,1.202711883084555,1.1705970639362515,1.1759903504026172,395400000
2016-07-08,1.2465938329696655,1.2524775027835227,1.2066341620944834,1.2112920478809204,481932000
2016-07-11,1.2752768993377686,1.2845925565801453,1.2630192894806813,1.264490207339421,448776000
2016-07-12,1.294398307800293,1.3061655300747737,1.2733151974167733,1.2894952887778266,436760000
2016-07-13,1.2939081192016602,1.3042045425296585,1.2919469346763501,1.296849954438231,324604000
2016-07-14,1.3071463108062744,1.3189136522021092,1.2899857994327097,1.3007724900798192,316892000
2016-07-15,1.2919472455978394,1.2978309174869525,1.270864243858171,1.290476327625561,428616000
2016-07-18,1.2985661029815674,1.3098430609700733,1.2936630828516613,1.307881876297555,252992000
2016-07-19,1.312049388885498,1.31719754206698,1.295379028287143,1.2978305966005406,382652000
2016-07-20,1.3292100429534912,1.3363194983119067,1.3110688796857557,1.3164621669012382,296460000
2016-07-21,1.304694652557373,1.3304355324364117,1.3002819002331154,1.326267913536191,361308000
2016-07-22,1.3402413129806519,1.3402413129806519,1.2997913833653143,1.3093522864468645,315768000
2016-07-25,1.3650017976760864,1.36818876597738,1.3424478861434241,1.348331555898796,312528000
2016-07-26,1.3882912397384644,1.3954005766802984,1.3750530995586638,1.3770142838635975,514508000
2016-07-27,1.3743176460266113,1.402755228905256,1.3659825246717545,1.4003036607376607,446676000
2016-07-28,1.377259373664856,1.387555678612521,1.3730917548638324,1.3775045070830583,221916000
2016-07-29,1.3998130559921265,1.4034902904587465,1.357647075623544,1.3824073002744552,409588000
2016-08-01,1.3907426595687866,1.4108451197088443,1.381672138526333,1.4056969671879063,301120000
2016-08-02,1.3738272190093994,1.3980971799329431,1.360589079759683,1.3973616628095198,282748000
2016-08-03,1.3775049448013306,1.3802016470528542,1.3645119343303698,1.3721116571955156,299828000
2016-08-04,1.402999997138977,1.4093739324389325,1.381426740606837,1.384123324612621,272712000
2016-08-05,1.426780343055725,1.4275157435139774,1.4123164153017165,1.419180620500981,371588000
2016-08-08,1.4400182962417603,1.4498243357730163,1.4248188531402652,1.4463922336267978,305064000
2016-08-09,1.4436954259872437,1.457669083898454,1.4400181906569474,1.4471275278818139,372344000
2016-08-10,1.4343796968460083,1.458649661165106,1.429721810736621,1.4564433432805362,375740000
2016-08-11,1.463552713394165,1.4696815171958386,1.43903761508468,1.4419794502612602,681064000
2016-08-12,1.5454331636428833,1.5537682849290508,1.4863517974366116,1.5174859647663914,1425744000
2016-08-15,1.543962001800537,1.5567098735963267,1.523124143434126,1.5471489697494845,573304000
2016-08-16,1.5346466302871704,1.5442074189939246,1.5299887442059688,1.5417559676811485,287652000
2016-08-17,1.4990997314453125,1.5380788746925789,1.4870873734162073,1.5346467723985489,595212000
2016-08-18,1.5223889350891113,1.5248403862602766,1.4910095184383587,1.4968931882846745,331684000
2016-08-19,1.5263116359710693,1.537833727847247,1.5150346775756491,1.5216537491450017,291560000
2016-08-22,1.53268563747406,1.5348920726866182,1.5128284219444161,1.5309695861405315,244748000
2016-08-23,1.545088529586792,1.5551582259625234,1.5406676444294063,1.5482813715705743,339764000
2016-08-24,1.521264672279358,1.5512282867079774,1.5141422342438244,1.5504915312336602,298448000
2016-08-25,1.5111947059631348,1.5224924409896539,1.492283363956041,1.5217556856480225,406032000
2016-08-26,1.5234750509262085,1.5320711163346121,1.503089961971871,1.5151245706562437,300024000
2016-08-29,1.5224924087524414,1.5357549415217528,1.5200364405530769,1.529614962467045,274652000
2016-08-30,1.5136513710021973,1.5286331226995478,1.5094760711295057,1.520528225274733,285544000
2016-08-31,1.5065284967422485,1.5207734898121148,1.502107729706434,1.5165983079324437,388544000
2016-09-01,1.5509824752807617,1.5566312844309527,1.5065282889956668,1.507756331719656,428492000
2016-09-02,1.5357553958892822,1.555894903222981,1.5183176768881614,1.5541756898410024,323148000
2016-09-06,1.5502458810806274,1.5502458810806274,1.533299333475438,1.5411586443621277,306812000
2016-09-07,1.5274046659469604,1.5529473944570613,1.518563015292561,1.5453336695097946,397988000
2016-09-08,1.5384567975997925,1.5409128832081451,1.5084933026985776,1.5259310186449302,315808000
2016-09-09,1.4618287086486816,1.530106294825007,1.4490573447433825,1.5215102295474425,697760000
2016-09-12,1.4920380115509033,1.4949852678336306,1.4077962078848354,1.4424262935379462,598260000
2016-09-13,1.4704251289367676,1.5055463881558038,1.4620746467778143,1.488354136337276,471768000
2016-09-14,1.483441948890686,1.488354003670617,1.4615833461094108,1.4738634245029267,319048000
2016-09-15,1.539684772491455,1.5414039854964279,1.4824592217345849,1.4858977648571328,515212000
2016-09-16,1.543368935585022,1.5534386294788132,1.5256855164266654,1.545088148759264,902444000
2016-09-19,1.5637539625167847,1.6028048107573765,1.552456226208101,1.5595786637692368,417128000
2016-09-20,1.5495086908340454,1.5816826808527957,1.5409126268600775,1.5816826808527957,331112000
2016-09-21,1.5929808616638184,1.5959281178846563,1.5539300095192705,1.5541755946855702,336212000
2016-09-22,1.5969102382659912,1.6072256336159787,1.587823002803327,1.60231357962971,308732000
2016-09-23,1.5951911211013794,1.60354160166866,1.5880686833826256,1.5988752496469598,276132000
2016-09-26,1.5802092552185059,1.5865949370193084,1.5603154544295152,1.5770164143181047,230040000
2016-09-27,1.634242296218872,1.6366983824058867,1.57333283440011,1.5740695899886332,402752000
2016-09-28,1.64013671875,1.6413647617756504,1.619260455764457,1.6366982919682818,319788000
2016-09-29,1.6553641557693481,1.6605219133713807,1.6222078118284886,1.6374351480989877,336684000
2016-09-30,1.6828715801239014,1.6993269572874405,1.6546271781520543,1.6644512874172306,429932000
2016-10-03,1.6811518669128418,1.707185879360964,1.6782047284945087,1.6828711968997103,242596000
2016-10-04,1.677468180656433,1.7118525619081248,1.6649424007824725,1.6836082780152464,281624000
2016-10-05,1.6757490634918213,1.7089055208621424,1.6705914235753598,1.6917132706946474,305440000
2016-10-06,1.6538900136947632,1.6659245035793773,1.6273648315476643,1.6556092265354223,360212000
2016-10-07,1.6418558359146118,1.6693633656688198,1.6371893663807364,1.6649424813031555,286260000
2016-10-10,1.6479957103729248,1.6592934463688689,1.632522675745012,1.6504516788350312,287876000
2016-10-11,1.624172568321228,1.6450488320467047,1.6116467866634154,1.6425928630209836,388540000
2016-10-12,1.6315405368804932,1.6401366032293374,1.604033007451571,1.617541128444415,419920000
2016-10-13,1.6050156354904175,1.616067789696457,1.5644911481433665,1.6123837773319911,390116000
2016-10-14,1.6207342147827148,1.635715966144421,1.611155689212287,1.624663812246801,330636000
2016-10-17,1.6114007234573364,1.6357154068735607,1.6091903402786243,1.6204880755158377,195328000
2016-10-18,1.6359612941741943,1.6452942330750613,1.6271196427135866,1.6337509105871972,269372000
2016-10-19,1.6325229406356812,1.640136666617554,1.6165587331475404,1.6249093317664334,199060000
2016-10-20,1.663468837738037,1.6688721798390043,1.6283476996448554,1.6516799299849996,312084000
2016-10-21,1.6588025093078613,1.6617496484542023,1.6430838873351377,1.6575744663478562,279508000
2016-10-24,1.7366584539413452,1.738623252211229,1.6698543758644073,1.670100078121677,339836000
2016-10-25,1.7651482820510864,1.775709262822865,1.725360678805922,1.733711159100119,397460000
2016-10-26,1.7722707986831665,1.791673429611794,1.7486928691405816,1.7504120821904217,333792000
2016-10-27,1.7359215021133423,1.789217340786452,1.7287990647930735,1.7857789146930392,388664000
2016-10-28,1.732974886894226,1.7707977024598398,1.7297820449697667,1.7442726262336485,290856000
2016-10-31,1.7477108240127563,1.7592541470449716,1.737641012032946,1.7386234698471745,252388000
2016-11-01,1.6958881616592407,1.763674571103353,1.6772222878503134,1.7540960490876025,473224000
2016-11-02,1.6887658834457397,1.731992032126004,1.6858186274041695,1.7089053883213938,295848000
2016-11-03,1.6691176891326904,1.698098845422351,1.636698106451052,1.6966252173811296,309664000
2016-11-04,1.6595391035079956,1.688029088425234,1.6352244174038841,1.6580654755217514,328780000
2016-11-07,1.7504123449325562,1.761464497404835,1.7069406076683244,1.7081686506347162,487580000
2016-11-08,1.7477108240127563,1.7626925737258337,1.7315010313100498,1.7570436462411136,429884000
2016-11-09,1.718238115310669,1.741324874960507,1.6877834501866065,1.700309112006742,456532000
2016-11-10,1.6644513607025146,1.7560613066020923,1.6396455012826432,1.7558157214265429,869280000
2016-11-11,2.1605687141418457,2.1802169275830385,1.9279827591621768,1.9527887281773841,2175344000
2016-11-14,2.054222583770752,2.1659718763439955,2.0537314136089706,2.1635157913099294,1348796000
2016-11-15,2.1168525218963623,2.147798367293686,2.0613460467494327,2.070187817245221,626092000
2016-11-16,2.250459671020508,2.2733006104421447,2.120781354122835,2.1450960385411486,987984000
2016-11-17,2.2691259384155273,2.3280705955180396,2.226390839502222,2.2671610228220116,832988000
2016-11-18,2.2929494380950928,2.316772721956208,2.2546353410216837,2.269125920008733,576060000
2016-11-21,2.2836155891418457,2.317263203259484,2.269370483886849,2.3108775229581426,436436000
2016-11-22,2.300072193145752,2.3022825771966424,2.268880645654702,2.2914761250449063,330368000
2016-11-23,2.311387300491333,2.342871386888727,2.2818708375447785,2.30523789076747,443236000
2016-11-25,2.316059112548828,2.339180313701126,2.297611131060066,2.322454353372389,195564000
2016-11-28,2.314831018447876,2.33032710966809,2.3022863625854084,2.3089276785803627,278736000
2016-11-29,2.2936768531799316,2.32294747501105,2.2759670725532017,2.3121246097507613,444568000
2016-11-30,2.267850160598755,2.3160604473161115,2.2653903970392246,2.302285912128321,440500000
2016-12-01,2.155686616897583,2.267111330758227,2.085093118273493,2.2653895438302216,1035524000
2016-12-02,2.1756114959716797,2.1842204352693853,2.0937031856660773,2.1214978616455276,478292000
2016-12-05,2.2599785327911377,2.2779343811119763,2.1891389509134416,2.213490042522905,602284000
2016-12-06,2.297119379043579,2.3054824770546958,2.2523526902872804,2.2680948406414836,498796000
2016-12-07,2.3384437561035156,2.3441010247997203,2.2653904651364427,2.2835923876177624,480804000
2016-12-08,2.2993342876434326,2.3765691290577786,2.288757726367787,2.341395400858748,381544000
2016-12-09,2.258502721786499,2.3187655075322438,2.231199962519238,2.317043720355963,382312000
2016-12-12,2.203651189804077,2.2125061960423906,2.153227220136659,2.2100464329913176,601332000
2016-12-13,2.2425143718719482,2.2700631997318976,2.214965778587895,2.2159495898977837,387796000
2016-12-14,2.3723866939544678,2.388620750789085,2.2523528199173213,2.2762119995948438,983980000
2016-12-15,2.4279770851135254,2.458231519786162,2.3760771535661647,2.383456209596381,746548000
2016-12-16,2.4697916507720947,2.476924635243253,2.4038713612726057,2.4555252126779448,1089528000
2016-12-19,2.499799966812134,2.51996950750262,2.4351095599472945,2.452327666505828,744656000
2016-12-20,2.5868725776672363,2.610485683356122,2.56104554539667,2.572360310036144,848056000
2016-12-21,2.6031081676483154,2.606059836922892,2.5509624014240577,2.598434710844899,576136000
2016-12-22,2.634591817855835,2.6778825653182814,2.6203253808706926,2.6274585993632638,718612000
2016-12-23,2.700265884399414,2.701741835999237,2.61393022223875,2.616635820737218,647692000
2016-12-27,2.885728359222412,2.8867121707183148,2.7356860810280015,2.756347764473548,1194272000
2016-12-28,2.687230110168457,2.949926794563311,2.6734558101702732,2.9418097628392452,2295764000
2016-12-29,2.7408506870269775,2.742326638439548,2.5285780506291964,2.5802318931275225,2175368000
2016-12-30,2.62549090385437,2.7529038603708096,2.6146682749661743,2.738883492639519,1212932000
2017-01-03,2.5091469287872314,2.6163901120639688,2.4444565206291022,2.5679337648356935,1501996000
2017-01-04,2.567687749862671,2.5949905081166054,2.497340079223391,2.5433366601693703,1199220000
2017-01-05,2.502504825592041,2.602860828264275,2.4855327941831007,2.571130692254742,984296000
2017-01-06,2.535956859588623,2.564243420844561,2.489222316614974,2.5298074541574422,822856000
2017-01-09,2.638773202896118,2.656483214536337,2.545796462800636,2.545796462800636,916248000
2017-01-10,2.6188502311706543,2.685754106779769,2.5981885469935286,2.651810263209843,880920000
2017-01-11,2.58662748336792,2.612208455253865,2.561784487287583,2.6072891638935953,525664000
2017-01-12,2.5443201065063477,2.5753125046590855,2.499553413430556,2.56375190219497,625616000
2017-01-13,2.544074296951294,2.5826915840619202,2.5349732223621153,2.548255611827115,457820000
2017-01-17,2.4870095252990723,2.5384173066144453,2.4737271331629276,2.533498015063537,580612000
2017-01-18,2.532268524169922,2.5391556741491836,2.4378158129778345,2.465610483069549,654424000
2017-01-19,2.58662748336792,2.6186036982253516,2.5330060112038484,2.5352197040447653,644872000
2017-01-20,2.5583417415618896,2.626967649312413,2.536450407037882,2.6092576316973175,492024000
2017-01-23,2.5849056243896484,2.60482932855618,2.5507157176411894,2.5531754805409395,369904000
2017-01-24,2.6400034427642822,2.64615285093637,2.580232555872021,2.594990900909095,428052000
2017-01-25,2.651318073272705,2.6884596522005673,2.615406375914419,2.682310244352688,522760000
2017-01-26,2.697068452835083,2.7044475073051353,2.6245070859144852,2.6540235383706063,458800000
2017-01-27,2.7492141723632812,2.752165841027187,2.6773907822186884,2.7039555656179335,471996000
2017-01-30,2.706169605255127,2.730520698920901,2.654269913297215,2.7283070057832743,496004000
2017-01-31,2.6855077743530273,2.706907195931234,2.6614025197019617,2.6798505072339864,362756000
2017-02-01,2.8028364181518555,2.8070177345348295,2.702234297841435,2.719944078652957,590004000
2017-02-02,2.8382551670074463,2.8468643366358846,2.7563471316675408,2.7868473922217056,483240000
2017-02-03,2.8134124279022217,2.8508000744601367,2.801605987864913,2.839731375654223,372744000
2017-02-06,2.8854825496673584,2.885974455459737,2.8040661593416534,2.8040661593416534,506768000
2017-02-07,2.930248975753784,2.9742777066636155,2.8999945439943047,2.9196721812307898,746224000
2017-02-08,2.9174585342407227,2.934676408451014,2.8626069377800265,2.9122931719776353,449580000
2017-02-09,2.86260724067688,2.928527544555304,2.8434217414273326,2.9236080173598533,842568000
2017-02-10,2.7947185039520264,2.968865526151305,2.769629440696513,2.9499258695924704,1651092000
2017-02-13,2.665830612182617,2.8035740775941367,2.661402991177167,2.7890618020379416,1180724000
2017-02-14,2.675668716430664,2.7093667151400602,2.614421891252086,2.656236919298027,850632000
2017-02-15,2.6810805797576904,2.7007582173115274,2.6505803119220257,2.678621050995418,373020000
2017-02-16,2.638035297393799,2.6919028356037185,2.598925866722435,2.6906729542128573,647176000
2017-02-17,2.6375434398651123,2.6419710602619375,2.5775267228442647,2.6245071179613686,563740000
2017-02-21,2.7319960594177246,2.7359315390968164,2.661894228059426,2.6621402981663205,551952000
2017-02-22,2.7278101444244385,2.7534234072708665,2.708846343160056,2.744064697009901,433772000
2017-02-23,2.4748787879943848,2.6201846784903453,2.4549301724327126,2.5982657220057583,1592888000
2017-02-24,2.4987680912017822,2.512067246564421,2.3569101208376817,2.390650653194142,1029904000
2017-02-27,2.5714213848114014,2.586444502442867,2.5012312973318016,2.5169933222701255,715400000
2017-02-28,2.4992611408233643,2.5908779028680007,2.482021534869381,2.5810264310405633,625360000
2017-03-01,2.5315232276916504,2.5704356354819806,2.4901479527934924,2.556151194154126,504804000
2017-03-02,2.438183307647705,2.5327554615470076,2.4354742938962595,2.5187173964429546,754332000
2017-03-03,2.4241445064544678,2.432517925092343,2.3697162283846613,2.4275924261651074,864692000
2017-03-06,2.4054272174835205,2.4160173577986357,2.343856951060101,2.387941237392589,883568000
2017-03-07,2.431779384613037,2.451235707231836,2.392620828443478,2.405427456405435,603400000
2017-03-08,2.4273464679718018,2.4948275295840374,2.4251299813252016,2.4800505604867773,638712000
2017-03-09,2.4268548488616943,2.4492663392607263,2.3987787145154416,2.411339201662365,478060000
2017-03-10,2.44113826751709,2.4650275650400766,2.4229136120978807,2.453206224061338,499740000
2017-03-13,2.508373737335205,2.5182249744164813,2.4507438947173297,2.4514828020882304,774136000
2017-03-14,2.5066492557525635,2.530538318683901,2.474386302478087,2.521179845042907,522016000
2017-03-15,2.5256130695343018,2.536449358686594,2.4706922467381087,2.5182247012428296,615036000
2017-03-16,2.5566437244415283,2.5571364857613816,2.522164524367886,2.5362025850572696,523100000
2017-03-17,2.6123034954071045,2.6135349289886327,2.5566437779329467,2.574129758995545,1119688000
2017-03-20,2.6955466270446777,2.699487308875962,2.613781354432952,2.629789757833636,748568000
2017-03-21,2.608363151550293,2.7081071707146784,2.600482257454959,2.6783070848522548,913484000
2017-03-22,2.661559581756592,2.666238935272487,2.593339619661885,2.5972800660773934,616764000
2017-03-23,2.6374242305755615,2.6736276295999932,2.6278193765801605,2.6536787795462105,533940000
2017-03-24,2.646782398223877,2.691605589083107,2.6209230005388866,2.683724696894895,439500000
2017-03-27,2.6659927368164062,2.6699331835012154,2.550979466574354,2.600235637314344,506644000
2017-03-28,2.652200937271118,2.6817546383922886,2.641857177109499,2.6672240510589846,432444000
2017-03-29,2.643582582473755,2.671904865507315,2.6413660947804263,2.659590757922964,349992000
2017-03-30,2.6943154335021973,2.7090924045068174,2.645059254940107,2.6507236626285504,525532000
2017-03-31,2.6827399730682373,2.706383124345953,2.6696871985996316,2.684710313965368,440808000
2017-04-03,2.6691951751708984,2.7004728454991533,2.6455520194370306,2.683233240169881,445232000
2017-04-04,2.4820218086242676,2.571668239216577,2.471185517239719,2.546547500004352,1271280000
2017-04-05,2.463549852371216,2.521179679221296,2.4504968435020804,2.463303471690987,747048000
2017-04-06,2.4815282821655273,2.493596002802341,2.423652076473797,2.4687216543834545,635120000
2017-04-07,2.4709384441375732,2.505417885059701,2.455915327948296,2.4879319013319914,429068000
2017-04-10,2.407890796661377,2.478327029416072,2.403703968452938,2.4716775683250187,756332000
2017-04-11,2.4165103435516357,2.435720287237883,2.372918575364226,2.37784407548092,618148000
2017-04-12,2.396562099456787,2.430795167731188,2.391390217332341,2.4165109554168165,414092000
2017-04-13,2.351738452911377,2.3940987902732824,2.351738452911377,2.372426212469881,506892000
2017-04-17,2.443847179412842,2.4440933252005506,2.359372669585664,2.3645445495907644,497292000
2017-04-18,2.4453256130218506,2.4514827829445784,2.403704177781083,2.4295635868404903,370116000
2017-04-19,2.454929828643799,2.4869461613358403,2.4482801344731557,2.462810721487885,380828000
2017-04-20,2.493842840194702,2.4985221948517378,2.4482807274679868,2.4694610137834085,404016000
2017-04-21,2.5041866302490234,2.50689564381171,2.4716775280088146,2.4834988702685314,341896000
2017-04-24,2.535464286804199,2.548517062860245,2.5147767617922065,2.535710432651299,371820000
2017-04-25,2.5795488357543945,2.5940794277920953,2.5285686906869396,2.549995125064971,388440000
2017-04-26,2.5618162155151367,2.5955565134355374,2.5598458745621926,2.5930938808343194,327004000
2017-04-27,2.6017134189605713,2.610086838701698,2.5512258152267857,2.5692043231930226,319700000
2017-04-28,2.5687122344970703,2.6017138623593685,2.5630475919419107,2.59481802085429,348248000
2017-05-01,2.6263415813446045,2.631513696847482,2.5724060534462483,2.579548274976923,307732000
2017-05-02,2.5485169887542725,2.6007287960762104,2.5258591232643695,2.5994973622605433,629972000
2017-05-03,2.5674800872802734,2.577084939601566,2.526843721936496,2.5416204539495495,336904000
2017-05-04,2.557628870010376,2.5847197021151764,2.54974774266605,2.573637035601412,209788000
2017-05-05,2.557875156402588,2.5650173770727904,2.530537942148709,2.54605381704411,228428000
2017-05-08,2.5310308933258057,2.571174502844636,2.51970184469319,2.5696969233909654,365240000
2017-05-09,2.535217523574829,2.5842275500321854,2.5283216829446,2.536695337922424,847672000
2017-05-10,2.98714280128479,3.0001958078696487,2.8080966535253693,2.8147461122644417,2129096000
2017-05-11,3.1154556274414062,3.212244242165562,2.9531565297926985,2.9566044499466226,1939792000
2017-05-12,3.1496894359588623,3.191803629882451,3.0977242405599097,3.1186581471570616,962620000
2017-05-15,3.3078012466430664,3.3102641139026403,3.186384662235067,3.1908178702766903,1087540000
2017-05-16,3.369371175765991,3.384887050023621,3.2844043778111973,3.3587810355258756,1120700000
2017-05-17,3.145502805709839,3.3213474781439447,3.141315977465027,3.3026300588414914,1271368000
2017-05-18,3.2772631645202637,3.2861293475531657,3.129001860214506,3.189340711239315,1156032000
2017-05-19,3.352950096130371,3.4076818690815256,3.333719924778073,3.3783436844681947,1018372000
2017-05-22,3.4244472980499268,3.4387465497366225,3.385740309750181,3.396588244938052,836608000
2017-05-23,3.378345012664795,3.446390206866603,3.345801669138686,3.4441713852842555,681248000
2017-05-24,3.416311264038086,3.477946379458346,3.4042305989631334,3.4752342782606354,815996000
2017-05-25,3.4086692333221436,3.45230691602231,3.363798819825326,3.4515672305204474,608228000
2017-05-26,3.4969308376312256,3.58174074503539,3.380317273730341,3.4005335423902956,779140000
2017-05-30,3.571631908416748,3.6066404689891876,3.526761503316545,3.5427865304355315,989652000
2017-05-31,3.558811664581299,3.6241447363909933,3.5021072361841976,3.6165019482286525,887316000
2017-06-01,3.559058427810669,3.5755767363194138,3.5136949745751664,3.574590410731282,503340000
2017-06-02,3.5413074493408203,3.582233023212177,3.535390436580805,3.5560997461215407,487456000
2017-06-05,3.649045467376709,3.661865583310814,3.513448394768166,3.525035780117917,817376000
2017-06-06,3.632528066635132,3.690465004099166,3.6192149030289147,3.6443618592187907,758728000
2017-06-07,3.6764111518859863,3.69514827893029,3.6414025938686745,3.656934574651522,612612000
2017-06-08,3.943168878555298,3.944648014346257,3.742238238657703,3.783410457164528,1161744000
2017-06-09,3.6882457733154297,4.154207388292023,3.51936543267851,4.061508298638513,3692928000
2017-06-12,3.6973674297332764,3.7400190145561973,3.503586789949396,3.5965325130376598,1697532000
2017-06-13,3.7326223850250244,3.8157064878349116,3.5908614424566947,3.8065843296980635,1672504000
2017-06-14,3.740511894226074,3.798202413454383,3.66112597597804,3.7355812072195214,1184640000
2017-06-15,3.756537914276123,3.786862198017779,3.611818424245223,3.6231594063523045,963824000
2017-06-16,3.738046646118164,3.8139812523710908,3.704024174964848,3.766152339550402,924960000
2017-06-19,3.878575086593628,3.8837524143273754,3.7784796135025065,3.782177570386992,778176000
2017-06-20,3.872904062271118,3.9875454157562062,3.8687130605937354,3.920732972521884,1095444000
2017-06-21,3.9315807819366455,3.935278973646364,3.8386350600634325,3.900516818004549,682652000
2017-06-22,3.904461145401001,3.95302973900359,3.8805466912570954,3.9397163438147773,469132000
2017-06-23,3.792532205581665,3.927882873207779,3.7774930335171475,3.9121042508877597,1088588000
2017-06-26,3.7511138916015625,3.860824343147609,3.6569354244476755,3.825322496594565,1063960000
2017-06-27,3.613790273666382,3.742237838321026,3.6081199010619605,3.7336089593318382,999492000
2017-06-28,3.7412517070770264,3.7459359892085193,3.5933273299299984,3.6813423648979913,994948000
2017-06-29,3.6162562370300293,3.7158584370447887,3.5521556483239505,3.712900165368525,1064424000
2017-06-30,3.5639898777008057,3.6470740075329218,3.537856595456388,3.633514203543682,731060000
2017-07-03,3.4350478649139404,3.590861415938356,3.416557378882232,3.5760691211607036,709072000
2017-07-05,3.5267622470855713,3.5556073960307093,3.479426370870628,3.4984099083275737,820188000
2017-07-06,3.537363290786743,3.584206121454342,3.4456502809061513,3.4976704399444802,746284000
2017-07-07,3.61822772026062,3.6364718027947545,3.571138495932102,3.5940668603958397,654972000
2017-07-10,3.7893269062042236,3.7967230542961623,3.665563628924915,3.69169690496112,958492000
2017-07-11,3.8430724143981934,3.8507152018204374,3.7511127954416708,3.7930246886402927,757956000
2017-07-12,4.006528854370117,4.018609284166019,3.859837450895551,3.902735437994072,1145208000
2017-07-13,3.960178852081299,4.099967136443208,3.9138293190410227,4.018608813502606,1369132000
2017-07-14,4.066685199737549,4.068164100202074,3.9695480077003578,3.9764511106635467,941948000
2017-07-17,4.049426555633545,4.129552387059989,3.9877914453789183,4.100707012508297,930792000
2017-07-18,4.091585159301758,4.106131048495872,3.9766969460015016,3.988530969454095,776640000
2017-07-19,4.070382595062256,4.127086781652957,4.058302166542235,4.100706868864145,687044000
2017-07-20,4.129551410675049,4.129797815629098,4.041043597609581,4.090844672158438,699596000
2017-07-21,4.144345760345459,4.173930827871632,4.0947910661383045,4.109090554629179,648332000
2017-07-24,4.09627103805542,4.161111320810862,4.085669975349175,4.151496348793714,652524000
2017-07-25,4.076546669006348,4.090846155580368,4.0329089941540825,4.073341522487603,496556000
2017-07-26,4.123636245727539,4.189462606282366,4.088873851870943,4.1339909012936165,640404000
2017-07-27,3.9875452518463135,4.160123757807409,3.88449128748743,4.148536138274292,782856000
2017-07-28,4.052878379821777,4.077286114603497,3.9268965200926926,3.9517968298129325,513348000
2017-07-31,4.006528854370117,4.1024330776482305,3.9599329108716357,4.066438193290225,559672000
2017-08-01,4.055342674255371,4.057068449438516,3.9693003200561656,3.99715912794451,431384000
2017-08-02,4.052878379821777,4.090352634714849,3.9759581595657423,4.086408273297855,478444000
2017-08-03,4.10440731048584,4.108105268311034,4.03537578623656,4.052387144614514,442420000
2017-08-04,4.122403144836426,4.192913542453255,4.1044057027706895,4.127087191564323,589096000
2017-08-07,4.249124526977539,4.249617336987724,4.141879099703831,4.15149453776515,717412000
2017-08-08,4.198584079742432,4.30360998909288,4.1593840499443955,4.287091917948767,755336000
2017-08-09,4.243208885192871,4.245674346755499,4.133744837053488,4.152481968738491,530784000
2017-08-10,4.061509132385254,4.256769197179429,4.051400879842566,4.244441887893674,1328088000
2017-08-11,3.845046043395996,3.9199943402021966,3.7698513414880974,3.8741378335136205,1497196000
2017-08-14,4.151740550994873,4.155438506676544,3.9249233544949687,3.9365107368614334,1279020000
2017-08-15,4.116733074188232,4.183052243779031,4.0824639612636044,4.156919200230081,764532000
2017-08-16,4.07161808013916,4.155195521136134,4.039321602115185,4.131774332147328,596632000
2017-08-17,3.980889320373535,4.080245112399063,3.978670734240975,4.0632342278409075,525444000
2017-08-18,3.98162841796875,4.052139288189695,3.9357719234288733,4.035127935904468,601204000
2017-08-21,3.9236912727355957,4.017376672436769,3.8798071965505296,4.006035928297004,623672000
2017-08-22,4.011043071746826,4.0169652933360185,3.9409640771448493,3.960211179646574,450456000
2017-08-23,4.091240406036377,4.102344515279784,3.9690952043589016,3.9777321521283993,579520000
2017-08-24,4.076189041137695,4.127761765757567,4.049786358953244,4.123319744393938,469700000
2017-08-25,4.042134761810303,4.110486695181089,4.035718825794448,4.100369547249984,357200000
2017-08-28,4.070759296417236,4.073967265100088,4.005615317348737,4.061135861021363,389496000
2017-08-29,4.064095973968506,4.085810943349243,4.003887270231886,4.012030501412811,324096000
2017-08-30,4.088278770446777,4.0993828776275105,4.053485775773115,4.083836751052391,384400000
2017-08-31,4.181060314178467,4.185008149130149,4.101111008574349,4.1085134344351095,612684000
2017-09-01,4.206228256225586,4.241761584966242,4.185007001893187,4.193643947450947,445432000
2017-09-05,4.093953609466553,4.159837911314532,4.035965916658152,4.154902648327941,695364000
2017-09-06,4.09148645401001,4.140591526330479,4.056693928407441,4.126773164882351,397672000
2017-09-07,4.110487461090088,4.142812357188386,4.070265954477423,4.108266451135546,352868000
2017-09-08,4.0391740798950195,4.113694868928455,4.014991946187767,4.098889548180518,498856000
2017-09-11,4.170202732086182,4.180813597246549,4.079395941120961,4.084824920035346,567444000
2017-09-12,4.1852545738220215,4.194878008296702,4.120110600989357,4.194878008296702,411488000
2017-09-13,4.204009056091309,4.232879365402599,4.127760960038494,4.16008586041196,580960000
2017-09-14,4.1800737380981445,4.258049133364543,4.14059256105081,4.165021321671949,513712000
2017-09-15,4.4443488121032715,4.4443488121032715,4.260267663843472,4.265449548237584,1364792000
2017-09-18,4.627936363220215,4.71800325823488,4.561558822776232,4.5684680021435975,1684460000
2017-09-19,4.623002529144287,4.684691912364669,4.555637545702236,4.577599139328865,874280000
2017-09-20,4.585742473602295,4.674081632462228,4.545520964361181,4.626704319543304,724920000
2017-09-21,4.46038818359375,4.5082591941244425,4.382659446963319,4.482102679551499,1075600000
2017-09-22,4.416961193084717,4.498638279534807,4.407091133271735,4.449039946445701,491232000
2017-09-25,4.219554901123047,4.3873501383429785,4.198827353839992,4.386116086822176,874580000
2017-09-26,4.243242263793945,4.409063541897769,4.2035144747692925,4.35403671827964,1125620000
2017-09-27,4.336269378662109,4.349594494030347,4.2627355634988335,4.3335551253303555,713720000
2017-09-28,4.33503532409668,4.347373009037819,4.2876575596610795,4.343424705117348,435244000
2017-09-29,4.411283493041992,4.434971905191483,4.373776252156311,4.418933008502954,619092000
2017-10-02,4.416961193084717,4.49049504483526,4.367609952714213,4.4613776388751285,503480000
2017-10-03,4.42609167098999,4.455949415718111,4.381921844428338,4.4231303233989285,390332000
2017-10-04,4.4631028175354,4.485311029895976,4.395737843954646,4.432258130440443,427848000
2017-10-05,4.460635662078857,4.490987108514947,4.430777930245663,4.487532518252558,437364000
2017-10-06,4.4737138748168945,4.487038992476936,4.41695975507425,4.432999126532874,318800000
2017-10-09,4.574639797210693,4.607705513130356,4.491729120644988,4.51048275407371,563492000
2017-10-10,4.661990165710449,4.761186803261181,4.620781701279181,4.723679551360036,974876000
2017-10-11,4.711588382720947,4.71306905596208,4.632626046099398,4.678522680700664,529508000
2017-10-12,4.71381139755249,4.764643317476586,4.686667906298891,4.7150449786763575,528292000
2017-10-13,4.80165433883667,4.8117714872007,4.729107946538963,4.775991534980275,628728000
2017-10-16,4.884070873260498,4.887032219208488,4.768341643047962,4.831511689209335,576640000
2017-10-17,4.8796305656433105,4.908007628046101,4.84508465848386,4.863344570746329,478596000
2017-10-18,4.875433444976807,4.889251801624225,4.7703150974368125,4.8885119359345195,567316000
2017-10-19,4.880862712860107,4.88579750434866,4.748847509828158,4.797952097369897,570772000
2017-10-20,4.858654975891113,4.92503251672255,4.849771409043685,4.897889513614839,451620000
2017-10-23,4.851747035980225,4.906773863364467,4.831512736458317,4.880370719317214,428696000
2017-10-24,4.902577877044678,4.90430517196474,4.834966282564694,4.860875706365627,407244000
2017-10-25,4.778705596923828,4.915903178594694,4.717263313963376,4.863096899908881,828160000
2017-10-26,4.828798294067383,4.840395646017998,4.782407944959618,4.806343456132076,322744000
2017-10-27,4.9810471534729,4.981293775427688,4.854953677993826,4.880863573476666,572192000
2017-10-30,5.029905796051025,5.085425865020742,4.965255065709937,4.981047815313874,504056000
2017-10-31,5.103193759918213,5.1298435312197075,5.056063063057213,5.06173866470539,411908000
2017-11-01,5.112815856933594,5.181167798233534,5.04865884259544,5.165868763585285,502576000
2017-11-02,5.081723690032959,5.1278674082086475,5.025216202511187,5.08320436298313,342308000
2017-11-03,5.149582862854004,5.149582862854004,5.0669193146553395,5.11281594877186,353640000
2017-11-06,5.172778129577637,5.181414605792804,5.100478351361336,5.112816040053674,389944000
2017-11-07,5.231998920440674,5.253467266688198,5.1833880405829715,5.195479105060958,427700000
2017-11-08,5.1611809730529785,5.231260214699131,5.113803663070127,5.22755853142906,522988000
2017-11-09,5.066425323486328,5.0913477917094525,4.944280614060956,5.065191742967513,978564000
2017-11-10,5.333416938781738,5.3958466532719935,5.222129248253797,5.257909200419188,1253256000
2017-11-13,5.246805667877197,5.358833236559161,5.231506632697949,5.333417522576677,582376000
2017-11-14,5.285053253173828,5.300352289707835,5.2122597539573094,5.255935853487221,529292000
2017-11-15,5.181415557861328,5.231260977729785,5.127622773451937,5.230026926242205,501948000
2017-11-16,5.2216362953186035,5.285546692219255,5.212753196798798,5.255442335399168,441768000
2017-11-17,5.215468406677246,5.313924727703556,5.200416460834727,5.278638478503995,515664000
2017-11-20,5.282585144042969,5.2946762096323505,5.194245531475255,5.231012442832861,396100000
2017-11-21,5.3311967849731445,5.342794608271641,5.29048203373205,5.322313686323042,399176000
2017-11-22,5.307243824005127,5.358358296491548,5.274649210791069,5.358358296491548,356640000
2017-11-24,5.357369422912598,5.3583575379437,5.2990941850535,5.323540376993147,180752000
2017-11-27,5.287735939025879,5.367247177941411,5.284525742400765,5.366012740536126,422896000
2017-11-28,5.203040599822998,5.302306160495451,5.142049202613219,5.292922832387818,512752000
2017-11-29,4.850177764892578,5.188470112425873,4.722021410189646,5.185753973503644,1396788000
2017-11-30,4.956110954284668,5.004756083832835,4.855858233409198,4.918824911094081,823768000
2017-12-01,4.881292343139648,4.941790154847692,4.752642357858887,4.921541796166544,811548000
2017-12-04,4.609177589416504,4.945988881903377,4.555841014296535,4.939815279068199,1240844000
2017-12-05,4.635846138000488,4.7583230213445535,4.459045031898405,4.503985924155153,981488000
2017-12-06,4.67337703704834,4.6951066206896765,4.56423411933135,4.585470116401038,467032000
2017-12-07,4.740790843963623,4.780546720014253,4.694615042234513,4.740049992735375,542600000
2017-12-08,4.728443622589111,4.809683383143502,4.720047938340991,4.790669461412274,466876000
2017-12-11,4.80672025680542,4.809683661290111,4.726715400414755,4.742518654400664,372748000
2017-12-12,4.7123918533325195,4.786470818750292,4.6889337733223275,4.763259532040748,455016000
2017-12-13,4.597323417663574,4.754616951540734,4.589915379257983,4.7533825139629435,554280000
2017-12-14,4.604483604431152,4.675352369434619,4.558307826650252,4.590902437909763,438164000
2017-12-15,4.730170726776123,4.75041908036223,4.583494972862359,4.648437403530416,670036000
2017-12-18,4.886726379394531,4.889689313381648,4.741038194648875,4.7706694184392875,477704000
2017-12-19,4.84252405166626,4.882526706872198,4.814127276599072,4.877341221102876,373100000
2017-12-20,4.85956335067749,4.890923065976782,4.8040042251326005,4.8817870008954465,288820000
2017-12-21,4.837092399597168,4.887959619591962,4.828696715554806,4.86301983180473,300904000
2017-12-22,4.821783065795898,4.831166394904991,4.722517494529083,4.800300267489768,466276000
2017-12-26,4.875364303588867,4.883019133760665,4.7365901874183045,4.7664686573173185,355080000
2017-12-27,4.868697643280029,4.9378379155627075,4.847462116296688,4.862030927425496,329488000
2017-12-28,4.874377727508545,4.923269651424748,4.868204597560567,4.892403530705232,240248000
2017-12-29,4.778076171875,4.900553025610104,4.778076171875,4.900553025610104,279964000
2018-01-02,4.92252779006958,4.926232044061726,4.80276758652614,4.834374080728938,355616000
2018-01-03,5.246500015258789,5.2768725513218815,5.031178007058995,5.039820483748576,914704000
2018-01-04,5.274154186248779,5.384284735541193,5.251930547588232,5.3277379948795,583268000
2018-01-05,5.318849563598633,5.356135603489793,5.212175987069669,5.288971090438664,580124000
2018-01-08,5.481823921203613,5.55590243190379,5.397373966864914,5.4423153193662275,881216000
2018-01-09,5.480341911315918,5.526764492318572,5.398855365730482,5.487255892700158,497000000
2018-01-10,5.523307800292969,5.526764791172021,5.33366641767401,5.387990627341934,582664000
2018-01-11,5.533184051513672,5.58726145673746,5.511700788622706,5.555901280923127,406032000
2018-01-12,5.506022930145264,5.5556557119423395,5.465526683373918,5.521332595980945,359916000
2018-01-16,5.435153961181641,5.617881358656475,5.3507044795640475,5.532444232660265,702348000
2018-01-17,5.548988342285156,5.5588652570627,5.355889972136408,5.449722781931612,538408000
2018-01-18,5.542074203491211,5.596398410676426,5.498614555155242,5.529727471644802,408632000
2018-01-19,5.682082176208496,5.706281108604967,5.605287537749139,5.632202609560371,609380000
2018-01-22,5.770483493804932,5.772211989215612,5.632450183320997,5.689984589553513,550944000
2018-01-23,5.899380207061768,5.9220974386965155,5.805300141382632,5.823819531545379,475228000
2018-01-24,5.822585582733154,5.93839524547815,5.767026465621453,5.9025904287862,579972000
2018-01-25,5.836165904998779,5.9201217873348,5.8213502995805415,5.876908937643834,409884000
2018-01-26,6.008523941040039,6.00877073442002,5.867033622655135,5.879873943110128,516356000
2018-01-29,6.0954413414001465,6.12655472618599,5.94135800327913,5.9939537105676886,455116000
2018-01-30,5.993459224700928,6.084823142037893,5.887032909160199,5.9537038376780185,570832000
2018-01-31,6.069514751434326,6.155199143875029,6.0361792801898755,6.068773900387158,478576000
2018-02-01,5.938641548156738,6.096676409437072,5.878391007501542,5.889749623333987,519224000
2018-02-02,5.766286373138428,5.876170184094178,5.708258372948014,5.852218038699163,718464000
2018-02-05,5.2768731117248535,5.759125246137221,5.062044667389918,5.605288673745596,1165204000
2018-02-06,5.570223808288574,5.57318674114251,5.037350860903087,5.047228245708797,1114800000
2018-02-07,5.649734973907471,5.802090300947284,5.597880113087888,5.66899568719736,802932000
2018-02-08,5.3712005615234375,5.808264594919187,5.370953297151195,5.7751763830953555,1144000000
2018-02-09,5.730728626251221,5.89888722520773,5.3712001348350285,5.883083971708439,1674604000
2018-02-12,5.630720138549805,5.814682394452114,5.556641649624317,5.811718991146549,1093172000
2018-02-13,5.744309902191162,5.790485696666716,5.562076071001941,5.594423900668512,625524000
2018-02-14,5.961359977722168,5.990250813952045,5.692948180613447,5.704060004472654,744988000
2018-02-15,6.0868000984191895,6.1329758918394175,5.963829649192791,6.0445753538453975,698900000
2018-02-16,6.021115303039551,6.173223333825346,6.01197877048852,6.05963625055315,637656000
2018-02-20,6.150506496429443,6.219399507428301,6.039881867581007,6.043586122082813,686240000
2018-02-21,5.9635820388793945,6.221870126610777,5.959878254599282,6.214956144765398,892292000
2018-02-22,5.983101844787598,6.069086435851359,5.917625143276872,5.997432767055689,534364000
2018-02-23,6.076498508453369,6.076498508453369,5.992243494996273,6.042895376009771,415300000
2018-02-26,6.092556953430176,6.127148332380357,6.030292000047657,6.1227009366970755,469312000
2018-02-27,6.0797119140625,6.150130385346816,6.0567331409142895,6.065874883803376,455436000
2018-02-28,5.979396343231201,6.130116339062658,5.9677832477313695,6.0905831790472815,523116000
2018-03-01,5.737502098083496,6.031035999276228,5.636445271654892,5.9771719199946896,1040120000
2018-03-02,5.844486713409424,5.850911096869661,5.481522714801597,5.630019190386273,913428000
2018-03-05,5.822495937347412,5.862029077191258,5.671034235975623,5.794328469172426,620776000
2018-03-06,5.983346939086914,6.002619617725125,5.864747507353571,5.907739789575102,636808000
2018-03-07,5.975441932678223,6.027576438597915,5.879326875382771,5.8805620802642675,581208000
2018-03-08,5.959134101867676,6.002867703637452,5.9149061354144825,6.002867703637452,411912000
2018-03-09,6.061673641204834,6.074521467925761,5.9905138731861145,6.006573892223446,505524000
2018-03-12,6.1711320877075195,6.251186665600618,6.094783596272523,6.102937552007274,605060000
2018-03-13,6.120480060577393,6.288249274835766,6.079217331854258,6.213877301669717,619772000
2018-03-14,6.145928382873535,6.190650241531687,6.083663411876089,6.163471023940503,505496000
2018-03-15,6.160754680633545,6.241797516988848,6.1187506393607825,6.159519475569246,401952000
2018-03-16,6.188920974731445,6.207946239466674,6.139504298744164,6.17706093479271,399456000
2018-03-19,5.954687118530273,6.161000737351498,5.855854233128718,6.132092418807679,713772000
2018-03-20,6.166684150695801,6.205475995553588,5.9576522213167,5.9576522213167,554696000
2018-03-21,6.141481876373291,6.226478209071581,6.111090462200979,6.160259724929546,438688000
2018-03-22,5.975688934326172,6.124679810348624,5.9383797142757215,6.07822837751054,551196000
2018-03-23,5.75628137588501,5.991750786043419,5.7451626442352675,5.989279904424311,735620000
2018-03-26,6.040670871734619,6.041906076450035,5.828674208637452,5.880561289586409,611424000
2018-03-27,5.572203159332275,6.177060956923708,5.432107556325861,6.121467314056925,1409000000
2018-03-28,5.469170093536377,5.66782412342045,5.3616893596201365,5.537858984553236,945904000
2018-03-29,5.7221808433532715,5.8187897658280665,5.453107962482502,5.537362954667173,916628000
2018-04-02,5.461755752563477,5.797787931296831,5.374041623085123,5.651762346597624,922092000
2018-04-03,5.568002223968506,5.691543432348143,5.469169351519257,5.628537623434345,667432000
2018-04-04,5.589993953704834,5.600371372233682,5.287564779540483,5.3125200676130575,789168000
2018-04-05,5.469911098480225,5.661399892464157,5.398504383685218,5.6483046477489145,701240000
2018-04-06,5.293740749359131,5.47534648193211,5.2645850157665715,5.367371394706079,662988000
2018-04-09,5.322402477264404,5.484488578032637,5.30238848463379,5.3567469184188905,499524000
2018-04-10,5.631256103515625,5.658187905325075,5.495360475784139,5.552436743111283,761676000
2018-04-11,5.589993953704834,5.657694592159041,5.557379075107766,5.616431864787933,460244000
2018-04-12,5.796553134918213,5.814343192923242,5.638667489395287,5.682895452087172,593920000
2018-04-13,5.719958305358887,5.868454808084226,5.671777305690125,5.860053907226452,503036000
2018-04-16,5.719710826873779,5.75306700922149,5.625572299221727,5.7266291042846555,350792000
2018-04-17,5.869195938110352,5.890445136307954,5.716252042972717,5.771845683669566,447224000
2018-04-18,5.840285778045654,5.911445527158411,5.751336445108874,5.818789638198108,391364000
2018-04-19,5.659175872802734,5.7594913744128435,5.6038296491681026,5.726135189444897,471996000
2018-04-20,5.651022434234619,5.734783081732713,5.6198901831966905,5.65052806954587,386200000
2018-04-23,5.531681537628174,5.719958133507901,5.505737995704806,5.668812361040737,427508000
2018-04-24,5.465465068817139,5.653247352773116,5.400235304357861,5.557379694075896,414596000
2018-04-25,5.3532867431640625,5.474851413021719,5.1961424343056555,5.435812164633782,588492000
2018-04-26,5.564789772033691,5.57294372515703,5.448908157916776,5.514879209123028,375824000
2018-04-27,5.592216491699219,5.690308529277498,5.549965513069116,5.670541953739788,400848000
2018-04-30,5.556882858276367,5.658186599813355,5.537610650652489,5.608522986965027,327844000
2018-05-01,5.612229824066162,5.61494765130067,5.490170775009389,5.548729654613741,253788000
2018-05-02,5.591722011566162,5.653245194599308,5.565531054308875,5.608770757760308,268248000
2018-05-03,5.756773471832275,5.782964431798426,5.57837992758132,5.62359615167403,443144000
2018-05-04,5.906752109527588,5.909964301493581,5.710815939958727,5.728111633202851,400660000
2018-05-07,6.144447326660156,6.201523603898751,6.001386449057134,6.01126997480003,687616000
2018-05-08,6.186943531036377,6.189661358266512,6.095769782220099,6.144692086179353,506616000
2018-05-09,6.3198747634887695,6.322098697844663,6.1797791521493535,6.206958372783613,596760000
2018-05-10,6.427354335784912,6.436496075066098,6.3549589051653665,6.372748961672507,994080000
2018-05-11,6.288989543914795,6.4189551572692665,6.190404073614181,6.245750302554876,1214456000
2018-05-14,6.309496879577637,6.3868340850540735,6.285777271229011,6.327039992585079,523140000
2018-05-15,6.067354679107666,6.248713427065759,5.9670392019357665,6.245995128869624,963528000
2018-05-16,6.078474044799805,6.140491591104779,5.991995111059349,6.028810429912492,553828000
2018-05-17,6.120480060577393,6.214124248422092,6.064145097055691,6.080205590136185,519784000
2018-05-18,6.076744556427002,6.235618454083097,6.071802795285256,6.1723657023034235,483716000
2018-05-21,6.034740924835205,6.177801761741882,5.942085018079283,6.174095676278785,640624000
2018-05-22,5.996691703796387,6.073287138099452,5.9361562908444645,6.048084903173839,518264000
2018-05-23,6.120060443878174,6.12129688402957,5.939825949406634,5.940567719184721,442956000
2018-05-24,6.123769283294678,6.16604686288962,6.063196915090579,6.116352528081645,437372000
2018-05-25,6.163078308105469,6.179395825857008,6.1007753157252305,6.1363769582905565,292112000
2018-05-29,6.1460185050964355,6.214008549660431,6.099291264731293,6.145029636158645,352684000
2018-05-30,6.254804611206055,6.2634578073337,6.154921735010483,6.17964535461682,390996000
2018-05-31,6.235025405883789,6.309443359324026,6.212279997982969,6.222910932089949,493868000
2018-06-01,6.369274139404297,6.375455397753894,6.271121906004706,6.2797751018175765,421968000
2018-06-04,6.5480265617370605,6.570030203696023,6.371253298271034,6.403393677281278,642024000
2018-06-05,6.553464412689209,6.591044274303789,6.506489585670984,6.551239103160533,391712000
2018-06-06,6.555441856384277,6.5586560350376475,6.447152895468389,6.463470416586725,371356000
2018-06-07,6.499814510345459,6.563601057186747,6.409573235207362,6.551733682992139,369448000
2018-06-08,6.484486103057861,6.527010312038009,6.408337508734217,6.427127439991888,360456000
2018-06-11,6.443445205688477,6.513412544338041,6.4305889612666265,6.471877203081521,265372000
2018-06-12,6.491902828216553,6.504017302235402,6.419710182965732,6.4698991897504765,319160000
2018-06-13,6.487452983856201,6.568298828613451,6.478305117274815,6.493386671427395,338208000
2018-06-14,6.5989556312561035,6.655572522514355,6.517615122268855,6.532449575844525,430016000
2018-06-15,6.55816125869751,6.613047508078306,6.510939335139675,6.54184373784278,432260000
2018-06-18,6.553958892822266,6.571512382860502,6.486958168246381,6.5141537228346875,356268000
2018-06-19,6.432319164276123,6.518109821084411,6.304993169028046,6.4508615239808345,594932000
2018-06-20,6.485228061676025,6.538136107117899,6.435039053196084,6.473360686687477,369780000
2018-06-21,6.356666088104248,6.535417081326621,6.349001760839848,6.517121818613466,359516000
2018-06-22,6.2043681144714355,6.390783883407651,6.189039933407088,6.377432969323854,434160000
2018-06-25,5.91188907623291,6.101765649132433,5.8233789115244,6.098057271523718,665816000
2018-06-26,5.982844829559326,6.073333197549709,5.931419859492689,6.025122406003173,478884000
2018-06-27,5.827828884124756,6.092617600471763,5.822389396022876,6.026358646530971,453892000
2018-06-28,5.9549078941345215,5.966775268239401,5.810275038522449,5.817939364650027,338012000
2018-06-29,5.857002258300781,6.032539031091034,5.855765818174799,6.019930359813952,392300000
2018-07-02,5.989026069641113,5.9927344469603625,5.767008669583508,5.787529237669018,357572000
2018-07-03,5.855518341064453,6.029572034665417,5.847112246379475,6.02363834850918,222732000
2018-07-05,6.00114107131958,6.00608541765982,5.871836865355554,5.910652695618231,306216000
2018-07-06,6.114869117736816,6.1232752139489,5.955402275391055,5.976664615349915,296352000
2018-07-09,6.1623382568359375,6.198682150756022,6.083717724780583,6.189040085660409,303880000
2018-07-10,6.261231899261475,6.28323553498429,6.134400115458975,6.174699481208446,360016000
2018-07-11,6.119814872741699,6.20313313464266,6.10918346535252,6.168520346779907,367508000
2018-07-12,6.21129035949707,6.259254053520863,6.155168140714099,6.165057776067518,345508000
2018-07-13,6.164069652557373,6.22983442026624,6.12203963713282,6.22983442026624,246988000
2018-07-16,6.136379718780518,6.189288243483045,6.124018143114712,6.136379718780518,197036000
2018-07-17,6.272110939025879,6.287192493015592,6.061713782436663,6.087179171672873,362136000
2018-07-18,6.2229108810424805,6.278538903205476,6.171980577328074,6.264693790411804,277640000
2018-07-19,6.2310686111450195,6.264692991141211,6.189039079277233,6.204120158833194,235752000
2018-07-20,6.202885150909424,6.267413469753372,6.192006645604569,6.228597638674499,222352000
2018-07-23,6.166294097900391,6.178161472378731,6.014738681218389,6.176430833249131,301584000
2018-07-24,6.148989200592041,6.300791753585571,6.131435234038394,6.214259304517451,354620000
2018-07-25,6.227112770080566,6.239721911841027,6.100528096846305,6.158381417753605,319112000
2018-07-26,6.300542831420898,6.337380924614669,6.190276122839303,6.207088315757086,325124000
2018-07-27,6.230822563171387,6.344056350681981,6.1769251778891014,6.337133794000203,295420000
2018-07-30,6.035752773284912,6.2508475979762075,6.000892426333479,6.244913911866097,340340000
2018-07-31,6.053802967071533,6.128468031541822,5.986555130624442,6.025370966995068,283988000
2018-08-01,6.093606948852539,6.1403346781881565,6.0298203987489805,6.085201323968267,283556000
2018-08-02,6.19620943069458,6.200164907682016,5.9635610819659,6.022402810446132,269668000
2018-08-03,6.232800483703613,6.256535233913246,6.203874287394923,6.2206860091568945,214288000
2018-08-06,6.280517578125,6.283978856839479,6.173712136898888,6.220192300082987,207508000
2018-08-07,6.3527092933654785,6.37125212463202,6.3025207594226975,6.329222115783142,258132000
2018-08-08,6.389052391052246,6.434049476976423,6.319085060697001,6.353945411950338,262100000
2018-08-09,6.340595245361328,6.409573714626693,6.33293091860253,6.406854206079471,204280000
2018-08-10,6.299307823181152,6.331695773648009,6.247635739369436,6.258761346011126,256396000
2018-08-13,6.332188129425049,6.452839127921763,6.306228545338702,6.307959184277792,375208000
2018-08-14,6.463470458984375,6.477563142330335,6.354439727543762,6.437510873299413,466220000
2018-08-15,6.405371189117432,6.518110310173274,6.3267501822412875,6.484238823873163,591136000
2018-08-16,6.364823818206787,6.477563403260773,6.304745648022211,6.4750909943011195,801260000
2018-08-17,6.05281400680542,6.254310885221484,6.02586507548696,6.253569115273911,1143188000
2018-08-20,6.127476692199707,6.259994572830082,5.901998049759386,6.012265198416918,854388000
2018-08-21,6.262964248657227,6.267414396897227,6.124017954398875,6.143796757792996,673988000
2018-08-22,6.497836589813232,6.502781407875291,6.226867067592977,6.230328345923656,749856000
2018-08-23,6.597224712371826,6.6624947963325365,6.445422205811384,6.4592673179771385,720684000
2018-08-24,6.730236530303955,6.744823410628786,6.6011799165406835,6.605630063297397,531512000
2018-08-27,6.821221828460693,6.895392228353461,6.7285085928127835,6.759907203664735,505776000
2018-08-28,6.783639430999756,6.83803147745245,6.6637302066621995,6.815285601111715,475384000
2018-08-29,6.88901948928833,6.914003861756425,6.755191993077533,6.775971019072187,420108000
2018-08-30,6.872199535369873,6.96892158076988,6.8353412912755545,6.857851907460349,346608000
2018-08-31,6.9431939125061035,6.95605718709204,6.842266535963625,6.852161580332045,306592000
2018-09-04,7.0179009437561035,7.055500891753382,6.901636512569428,6.9300840620367445,391720000
2018-09-05,6.887288570404053,7.03571095061915,6.80639850765602,7.000337059306588,393156000
2018-09-06,6.7462873458862305,6.873435753245805,6.713387216582884,6.870961991910118,322796000
2018-09-07,6.725014686584473,6.850431523836252,6.609492424088,6.6542664246592444,295420000
2018-09-10,6.796009063720703,6.825693728801579,6.703740075108271,6.747524661213974,220140000
2018-09-11,6.74826717376709,6.837320229812747,6.728972022545656,6.749751053228916,243112000
2018-09-12,6.6344757080078125,6.727981806708105,6.479126993875945,6.708439423219944,419092000
2018-09-13,6.7121500968933105,6.8026874906289745,6.68296037574801,6.700276232050866,305536000
2018-09-14,6.838062286376953,6.90411025548557,6.765582914854368,6.802441158943348,386936000
2018-09-17,6.776219844818115,6.861562967081699,6.756925165241341,6.81258362066938,205528000
2018-09-18,6.704233646392822,6.882835138502996,6.697555010488127,6.780176648816838,299520000
2018-09-19,6.727980136871338,6.745790930256051,6.635711177600333,6.685679915426539,224860000
2018-09-20,6.586980819702148,6.648328495095606,6.5330539563080166,6.606028262505605,430584000
2018-09-21,6.516973972320557,6.644370067811814,6.483826613185703,6.598853903773038,435128000
2018-09-24,6.572632789611816,6.576095960818055,6.398978816525128,6.486053037634149,293912000
2018-09-25,6.639671802520752,6.664656182667533,6.553092029111985,6.638682392191445,280388000
2018-09-26,6.602813720703125,6.68494091378291,6.586982211392762,6.6446194929641,268548000
2018-09-27,6.614687442779541,6.65921421048837,6.583271659484446,6.6379402369663145,214428000
2018-09-28,6.951603889465332,6.973867266689335,6.71858107591866,6.746534150636501,709396000
2018-10-01,7.157912731170654,7.224702405153943,6.99069013205169,7.029279962617605,622060000
2018-10-02,7.086671352386475,7.242019642648068,7.06440796621332,7.130455948950765,383964000
2018-10-03,7.092853546142578,7.16434350227602,6.988957930209659,7.15692221834448,320552000
2018-10-04,6.908810615539551,7.080980264928115,6.831878189445557,7.056738062634952,391220000
2018-10-05,6.675540447235107,6.946163745093689,6.618150403395672,6.8840738843702605,426636000
2018-10-08,6.574363708496094,6.707696258236478,6.433609876142793,6.592421738214711,408612000
2018-10-09,6.5686750411987305,6.648327977631686,6.50089549740489,6.553832474711893,273500000
2018-10-10,6.0776448249816895,6.508564304974288,6.075418298363033,6.462800430668301,684940000
2018-10-11,5.816421985626221,6.123903487582544,5.794900781144436,5.990570441807956,725436000
2018-10-12,6.0986714363098145,6.1728828608288815,5.9282333853283555,6.073192591043174,608236000
2018-10-15,5.822604656219482,6.085312095937004,5.8216152463100945,6.085312095937004,449760000
2018-10-16,6.081108093261719,6.092239782889113,5.8859329088283365,5.935159483401088,408712000
2018-10-17,6.0125861167907715,6.1812930397813375,5.963606778855773,6.143197684617434,329668000
2018-10-18,5.925264835357666,6.120192798270936,5.86490656711467,6.0818506761808315,524020000
2018-10-19,5.668990135192871,5.9999717271076,5.632626827454038,5.9804298109284515,613608000
2018-10-22,5.719699382781982,5.821121227799391,5.617040893137295,5.721183733792063,368844000
2018-10-23,5.468371868133545,5.545798757805471,5.360765373271096,5.452787124542647,626436000
2018-10-24,4.9328155517578125,5.4765359451811015,4.9189628629854765,5.430030355210597,884288000
2018-10-25,5.141347885131836,5.188595640562211,4.791071213211139,4.835350738187719,951720000
2018-10-26,4.9051103591918945,5.06713775446874,4.777219746039156,4.905604828482797,664784000
2018-10-29,4.591691017150879,5.049573744027559,4.353967871259537,5.046110572330848,758016000
2018-10-30,5.02161979675293,5.031514840932716,4.5916902241250535,4.614695777203549,807192000
2018-10-31,5.215311527252197,5.2588488760364624,5.0466045956017425,5.186121805010123,745772000
2018-11-01,5.395397186279297,5.404797289971184,5.125268412199563,5.251674635167855,566528000
2018-11-02,5.316486835479736,5.491625191679545,5.199975165957487,5.385997978722489,452960000
2018-11-05,5.238564968109131,5.326629086762901,5.078021475818935,5.303375822452559,379332000
2018-11-06,5.221000671386719,5.314753995389163,5.183894728341258,5.230648008977005,299012000
2018-11-07,5.288534164428711,5.37808217000393,5.223970539329089,5.287544754086382,483812000
2018-11-08,5.095584392547607,5.2301536072223564,5.042151998909643,5.229411431666337,511352000
2018-11-09,5.087669849395752,5.1779600415253695,4.973137449591692,5.006779764379758,413240000
2018-11-12,4.688659191131592,5.018404015671048,4.666890284037056,4.996387874034105,617116000
2018-11-13,4.930342197418213,5.051553706015965,4.7801881920594385,4.786372833048377,644712000
2018-11-14,4.8778977394104,5.117599665092707,4.770044494083222,5.1032520397163585,526580000
2018-11-15,5.006530284881592,5.0785151716487364,4.836091788136995,4.8719606142460865,840708000
2018-11-16,4.067513465881348,4.221625092561433,3.9977546126045596,4.04005532435077,1963520000
2018-11-19,3.5794503688812256,4.002948304090768,3.5777187833329442,4.002206600417226,1697820000
2018-11-20,3.6877996921539307,3.8159375340691524,3.2976964670712143,3.3162492087978794,1692032000
2018-11-21,3.579697847366333,3.8416631675883193,3.5524871817661805,3.8248420159858147,1025496000
2018-11-23,3.5868725776672363,3.7004155569498085,3.5322037620027666,3.5450670405015727,411968000
2018-11-26,3.7860052585601807,3.7963947733887093,3.6254617760851735,3.707836190930004,814832000
2018-11-27,3.8028268814086914,3.8839644255744283,3.724163098958527,3.760031700190718,738060000
2018-11-28,3.9596590995788574,3.9648538567933307,3.787983933272836,3.9203270967711465,804524000
2018-11-29,3.896517515182495,3.999031274765654,3.8663081783590285,3.9618886630087333,549172000
2018-11-30,4.046820163726807,4.057467553965689,3.855906515288309,3.906172974959146,729564000
2018-12-03,4.210498332977295,4.325393311522245,4.1436413289370675,4.273888698539618,890804000
2018-12-04,3.8903255462646484,4.170876527362586,3.8752206479661555,4.165924055235828,812112000
2018-12-06,3.9195454120635986,3.9244976492330004,3.7343271134482365,3.7499269793302012,692308000
2018-12-07,3.655088186264038,3.9339060756373883,3.605812365537824,3.923753649824551,681676000
2018-12-10,3.7603273391723633,3.785089236418504,3.60655647207419,3.6102708275051967,629472000
2018-12-11,3.6694512367248535,3.860116975709195,3.5904610335335025,3.8519455835220526,671912000
2018-12-12,3.6870317459106445,3.7831074053135567,3.586003613639559,3.675145999944551,654136000
2018-12-13,3.686784029006958,3.7979645890058,3.6508795452886424,3.733831576682287,471384000
2018-12-14,3.6263651847839355,3.728878911987021,3.6028414121564096,3.6451839667390646,471820000
2018-12-17,3.555299758911133,3.6684611480775073,3.497357086711095,3.5964044441125957,662868000
2018-12-18,3.6384994983673096,3.7224419506190904,3.5718902331491513,3.5991281322229813,564372000
2018-12-19,3.4297568798065186,3.658308377154698,3.378252290415726,3.6048227511923643,745364000
2018-12-20,3.3453190326690674,3.511223101443563,3.2856430548572284,3.4213377937059306,749588000
2018-12-21,3.2083866596221924,3.4047478060595746,3.1809010440380523,3.37181451652954,863740000
2018-12-24,3.1467297077178955,3.2185389209734288,3.0828441687449724,3.132120241389947,463840000
2018-12-26,3.295795440673828,3.2967858408120705,3.081853425117454,3.19278626959552,695100000
2018-12-27,3.2480051517486572,3.277967000968328,3.0996819782329377,3.2435481147353684,637044000
2018-12-28,3.309415102005005,3.4020243864990163,3.2267107659739396,3.268558134183226,628728000
2018-12-31,3.3057003021240234,3.385185466316199,3.2749955349610382,3.352747616905251,465140000
2019-01-02,3.373051643371582,3.429013258388677,3.2202714611216474,3.2348809239183947,508752000
2019-01-03,3.169262409210205,3.34680449917898,3.161833936081145,3.3128808158221736,705552000
2019-01-04,3.3723089694976807,3.410441967558925,3.2116048783493887,3.242309404030075,585620000
2019-01-07,3.550842046737671,3.587737169145705,3.3782521814495134,3.429509287207385,709160000
2019-01-08,3.462442636489868,3.6345373165933417,3.3898905036888123,3.632308561774112,786016000
2019-01-09,3.5305373668670654,3.577832398815382,3.463185196648294,3.513699147202186,617260000
2019-01-10,3.5961556434631348,3.6048222344457934,3.45080392460482,3.5112228156861867,523156000
2019-01-11,3.685297966003418,3.7080788188202227,3.546136612978684,3.573869701896425,874764000
2019-01-14,3.725165367126465,3.750422463429063,3.6095277512792596,3.633051529019275,730168000
2019-01-15,3.7110509872436523,3.797221943267232,3.692727166916526,3.7578505840273353,617012000
2019-01-16,3.6855452060699463,3.7712209394716223,3.680097770331083,3.7382878985429806,470104000
2019-01-17,3.756859302520752,3.796725852501493,3.625374144691,3.6526122687453446,493436000
2019-01-18,3.885869026184082,3.911869037587816,3.7551267594139857,3.806631345995397,651336000
2019-01-22,3.6838130950927734,3.8672980837653896,3.653603762135762,3.85566005430992,661552000
2019-01-23,3.6966888904571533,3.827678875022303,3.6654891602247064,3.739031685104363,591020000
2019-01-24,3.90840220451355,3.9259828691008893,3.7764218261033498,3.7811265808391865,708972000
2019-01-25,3.965601921081543,3.9836780228449444,3.7464601814829033,3.8489739187978556,1154572000
2019-01-28,3.417374849319458,3.5072601341348086,3.243794869420688,3.381222655413644,2511528000
2019-01-29,3.258653163909912,3.419605021487195,3.2440436966893182,3.371319346140535,1153932000
2019-01-30,3.4020237922668457,3.4163855399650047,3.255186215779982,3.3346716185944336,974228000
2019-01-31,3.5595083236694336,3.59516532462294,3.37701376428753,3.3988042193554775,842852000
2019-02-01,3.5837748050689697,3.63478418856549,3.530537139421069,3.578079650274053,625048000
2019-02-04,3.693964958190918,3.7311075595030876,3.577584445320874,3.5996223824688434,528592000
2019-02-05,3.7130320072174072,3.7496794138921903,3.6721750452817186,3.7058510150750936,542424000
2019-02-06,3.788555145263672,3.852935876807486,3.740764914745462,3.746212351620541,702464000
2019-02-07,3.6503841876983643,3.7444790489285333,3.6075464299573263,3.7422505305478992,637120000
2019-02-08,3.668955087661743,3.6796024776464633,3.5689173707020836,3.5832791147736933,461604000
2019-02-11,3.6263651847839355,3.679107648481847,3.57807952137513,3.624879348540675,495180000
2019-02-12,3.743241310119629,3.758841412659197,3.650384557721107,3.6647465418910627,591060000
2019-02-13,3.785583734512329,3.8586310580795686,3.7590885235415303,3.7727075881158356,605372000
2019-02-14,3.8264408111572266,3.8546693413233784,3.74150773868974,3.7845934521398967,827264000
2019-02-15,3.8960213661193848,4.057715641424069,3.873240509966178,4.0349350214177715,1516748000
2019-02-19,3.8786885738372803,3.9591646196309918,3.866307861696968,3.8853743662023623,551892000
2019-02-20,3.925983190536499,3.9930876443945174,3.8967644957676106,3.907907088268035,540988000
2019-02-21,3.857144832611084,3.963125193509048,3.8425353693714546,3.938611257583346,448548000
2019-02-22,3.94183087348938,3.960649894447038,3.8952787573494283,3.908897822960406,401740000
2019-02-25,3.9294495582580566,4.092629657787869,3.9207827311990897,4.0252777306158025,656020000
2019-02-26,3.8900787830352783,3.9807070143369634,3.856650296415104,3.924745387991044,488464000
2019-02-27,3.848231315612793,3.9022119038952963,3.791279054489746,3.875716927918622,500256000
2019-02-28,3.8236916065216064,3.8643429349671288,3.801383218768535,3.8420343108237707,324944000
2019-03-01,3.877976655960083,3.9201148860504165,3.81526466674976,3.8735147885834578,357188000
2019-03-04,3.886155843734741,3.9392006420677186,3.829640599606062,3.916396307522011,409992000
2019-03-05,3.8797109127044678,3.917883213973388,3.816255253406574,3.8705394428962467,362924000
2019-03-06,3.7689125537872314,3.8792160687277097,3.7661860276044097,3.8707885167124703,403524000
2019-03-07,3.699754476547241,3.7550303184168716,3.6536501036869375,3.7453631390484396,450104000
2019-03-08,3.7339625358581543,3.7446211400673826,3.5892044174478834,3.610521625866339,422416000
2019-03-11,3.9942281246185303,4.017032220525099,3.7104132468627493,3.7575092789922193,859728000
2019-03-12,4.0284342765808105,4.074786146815184,3.945892243182397,4.021989333189423,579576000
2019-03-13,4.179637908935547,4.208886955020743,4.058427830892932,4.065864197328034,768900000
2019-03-14,4.103787422180176,4.200705999980171,4.096103321217804,4.188808006697759,519384000
2019-03-15,4.209136009216309,4.251769956100465,4.1434492744807985,4.146919484957192,661484000
2019-03-18,4.187817096710205,4.294402629756358,4.160798635174207,4.240613916460844,486992000
2019-03-19,4.355378150939941,4.399747648894995,4.265400470298756,4.282255565469624,854972000
2019-03-20,4.322908401489258,4.437673521455852,4.2882058347189105,4.3843807498112275,719148000
2019-03-21,4.559378147125244,4.585652922155928,4.341002262962438,4.3459598390483,824312000
2019-03-22,4.399750232696533,4.58069759358795,4.385869391069872,4.532114647894637,747644000
2019-03-25,4.3075408935546875,4.423297453120556,4.241358694459646,4.359098568846415,525212000
2019-03-26,4.384133338928223,4.505095202851292,4.3278658277383935,4.4490759014802626,703508000
2019-03-27,4.374962329864502,4.456016791288849,4.305558129393823,4.409664902880499,474372000
2019-03-28,4.393551826477051,4.459238062152531,4.340506796604897,4.400987718648294,480264000
2019-03-29,4.450810432434082,4.475102369682448,4.4099116057171175,4.460229639257601,456896000
2019-04-01,4.518232822418213,4.548473288345791,4.470889045273274,4.542524289975378,483824000
2019-04-02,4.536079406738281,4.580448921694665,4.499394467863445,4.5422766150117475,440920000
2019-04-03,4.675384044647217,4.734378080160501,4.5806964924996185,4.585654069826234,783504000
2019-04-04,4.666460990905762,4.708847191535176,4.603749006002984,4.660016045538845,457376000
2019-04-05,4.7331390380859375,4.750490560887049,4.673154046983878,4.709591252026839,481744000
2019-04-08,4.753961086273193,4.77899624193223,4.678607409436,4.702651143996761,424192000
2019-04-09,4.691248416900635,4.731651775718686,4.649109953215193,4.720497462602522,439972000
2019-04-10,4.761642932891846,4.7874217629055575,4.686042020097901,4.6905036497578685,444772000
2019-04-11,4.747762680053711,4.795602400034655,4.698436065190567,4.764122306002446,374600000
2019-04-12,4.709837436676025,4.790396396967213,4.701161914525343,4.786430241363831,471708000
2019-04-15,4.57821798324585,4.707112164920692,4.538558307773687,4.702154587291515,440092000
2019-04-16,4.665221214294434,4.684059630158757,4.584662709190543,4.617381963527399,394964000
2019-04-17,4.6424174308776855,4.720993099487899,4.62010880387607,4.700171840361227,351004000
2019-04-18,4.61787748336792,4.683068255652355,4.590115806147697,4.649109843021277,380988000
2019-04-22,4.671664714813232,4.687280653265821,4.562848619562705,4.594328233426684,279936000
2019-04-23,4.726197242736816,4.757429596465563,4.675135528567097,4.684802471796713,346856000
2019-04-24,4.73859167098999,4.779242762354824,4.67587969287701,4.736608356517647,318204000
2019-04-25,4.632997512817383,4.720744639511506,4.55343043540214,4.698436015926182,499296000
2019-04-26,4.41437292098999,4.483777573015792,4.295641659746213,4.479315470538155,868988000
2019-04-29,4.4451093673706055,4.472871039316649,4.350173621257163,4.422304799143129,391920000
2019-04-30,4.486504554748535,4.512035177805658,4.39379985128873,4.412886002523264,362920000
2019-05-01,4.473366737365723,4.580943682956027,4.473118527608206,4.538805230617688,354280000
2019-05-02,4.540788650512695,4.582431161421947,4.439904372692867,4.4830342512147485,394684000
2019-05-03,4.536327838897705,4.559131940096443,4.474855009477279,4.549217257378055,336824000
2019-05-06,4.458000659942627,4.470146396533805,4.312994559353153,4.350175453192779,422176000
2019-05-07,4.290933132171631,4.409664416633841,4.242845671273384,4.409664416633841,555220000
2019-05-08,4.311008930206299,4.391071928782234,4.251519443963355,4.263417435768026,419168000
2019-05-09,4.218553066253662,4.2517682624256565,4.099822273281469,4.2421013189180234,660248000
2019-05-10,4.184594631195068,4.253255601624408,4.065119682464196,4.187817103269643,569500000
2019-05-13,3.927550792694092,4.075779091969789,3.911686876259981,4.052726782997496,656912000
2019-05-14,4.016537189483643,4.051735230769413,3.9285420862692155,3.9672101006105938,524880000
2019-05-15,3.9555599689483643,3.991997164948317,3.90177149084388,3.961013019664122,502320000
2019-05-16,3.9706802368164062,4.013314643034374,3.9077207575150528,3.9501069539339073,781088000
2019-05-17,3.8799586296081543,4.0579316645712655,3.8405469343425804,3.9287897680294255,1022068000
2019-05-20,3.761475086212158,3.83633278861379,3.736687676737215,3.7813049192360104,572064000
2019-05-21,3.8435215950012207,3.8593855113872992,3.7835363753950677,3.8222046272629533,361848000
2019-05-22,3.772630453109741,3.8308805743775762,3.7617238764197856,3.8048539998931146,325868000
2019-05-23,3.651667833328247,3.7104136568987665,3.5919303524941824,3.7104136568987665,591844000
2019-05-24,3.597879409790039,3.705704114217534,3.5911867278095704,3.670506072343846,357584000
2019-05-28,3.5527663230895996,3.648197553821421,3.55078324499088,3.6154783017294005,428356000
2019-05-29,3.478652000427246,3.540124343200313,3.4439496731796475,3.5051742789553133,559800000
2019-05-30,3.452099323272705,3.5176125138521255,3.413883216548016,3.4818780247487977,394300000
2019-05-31,3.3615221977233887,3.4704627508254364,3.359785112707869,3.403212474755941,389720000
2019-06-03,3.3198325634002686,3.4114020408869172,3.2905501343227805,3.3726896529546333,478644000
2019-06-04,3.5486321449279785,3.5538434001141703,3.3617705442284787,3.383856373826162,641836000
2019-06-05,3.5059494972229004,3.627794187677335,3.469718728804367,3.6223346757717674,511616000
2019-06-06,3.5679879188537598,3.5925553632778087,3.5076859882983604,3.51016760571333,408140000
2019-06-07,3.6106715202331543,3.64491694860971,3.5548362996995038,3.573944473908411,348856000
2019-06-10,3.6833813190460205,3.7518724125005205,3.666754762775281,3.666754762775281,402780000
2019-06-11,3.740953207015991,3.7809064020945917,3.7014965248313723,3.7431865683985013,383872000
2019-06-12,3.628042459487915,3.7037301521005195,3.612904968297418,3.6975261070813854,358892000
2019-06-13,3.6791629791259766,3.6975263857824703,3.63250945637403,3.6501285669002215,308080000
2019-06-14,3.5893301963806152,3.6104234768649275,3.5446622539774637,3.5861042821856657,394428000
2019-06-17,3.5990076065063477,3.6359829031938986,3.564761947115704,3.587592307822775,276040000
2019-06-18,3.7938108444213867,3.8491495539651006,3.6493840353792044,3.6603028234074393,581920000
2019-06-19,3.799767017364502,3.8404645159443356,3.773710498685587,3.8290494504866306,331644000
2019-06-20,3.8240857124328613,3.9042401265985758,3.809692754251881,3.8903434446776135,350168000
2019-06-21,3.766016721725464,3.858330959221177,3.759564657724691,3.8091960649060783,434428000
2019-06-24,3.788351535797119,3.817882224013038,3.740209184640813,3.787358983193938,282948000
2019-06-25,3.7590689659118652,3.868257794693554,3.7563393280233672,3.793314632724528,311868000
2019-06-26,3.9521336555480957,4.013180360056078,3.873468318003197,3.8863724455700694,584072000
2019-06-27,4.050652980804443,4.0697609217846145,4.001766092418589,4.0377488491486995,445440000
2019-06-28,4.07546854019165,4.103758420847202,4.02881525208753,4.094576480462772,397668000
2019-07-01,4.123610496520996,4.31667593257907,4.086138679092422,4.282430265963869,709756000
2019-07-02,4.025835990905762,4.1280764589695265,4.012683843586055,4.10698294598494,400228000
2019-07-03,4.038739204406738,4.054869478530184,3.9789337956118858,4.049161711997873,246636000
2019-07-05,3.976206064224243,3.9848914913788387,3.912925982589012,3.980424767887944,396552000
2019-07-08,3.901261806488037,3.935507467952032,3.871235084423911,3.916647552169547,329788000
2019-07-09,3.9037437438964844,3.9317853634338737,3.846419695875436,3.8590755684712126,342860000
2019-07-10,3.971986770629883,4.02931058133632,3.933274383924666,3.947171065308045,452076000
2019-07-11,4.126339912414551,4.1670374051469015,4.0077211313339385,4.044944453629627,682560000
2019-07-12,4.159343719482422,4.230316653100433,4.154132464844888,4.154132464844888,506392000
2019-07-15,4.150906562805176,4.196567285208484,4.12261716355152,4.180437480835474,289840000
2019-07-16,4.146193504333496,4.173242342434457,4.090606288986848,4.1360190100675105,341444000
2019-07-17,4.211457252502441,4.21840559286607,4.118646736708043,4.147929163474818,348204000
2019-07-18,4.223121166229248,4.285904734954432,4.165300833974736,4.22188059377172,442192000
2019-07-19,4.179941654205322,4.267788943467835,4.17398586566886,4.261337115323473,344896000
2019-07-22,4.251410484313965,4.264314613440293,4.193838179494945,4.201283033217133,315940000
2019-07-23,4.3591108322143555,4.36109593748177,4.274985725013915,4.290619967285724,428176000
2019-07-24,4.433557510375977,4.439265279701187,4.326354252228074,4.402289972302886,366236000
2019-07-25,4.3025312423706055,4.4047717408104745,4.279204597934952,4.392115629259536,392700000
2019-07-26,4.3444671630859375,4.3911204237725405,4.329577935345961,4.329577935345961,274160000
2019-07-29,4.338265419006348,4.354395699492456,4.2501701091487964,4.337272866461397,248160000
2019-07-30,4.353899002075195,4.366058598546031,4.277466779509722,4.291859974102234,197772000
2019-07-31,4.186890125274658,4.323376279602597,4.144703564601696,4.322383253715491,359416000
2019-08-01,4.092589855194092,4.287640342732247,4.040476836852374,4.197311458041356,421212000
2019-08-02,4.000028610229492,4.069264478587115,3.952631028904131,4.000028610229492,428348000
2019-08-05,3.74194598197937,3.817881688657887,3.6950444464837853,3.8166408797478337,589156000
2019-08-06,3.780658006668091,3.862053222534789,3.7330121767256927,3.816640753892801,361272000
2019-08-07,3.8188745975494385,3.830786174869618,3.7024894088489604,3.719860261890786,372560000
2019-08-08,3.927318572998047,3.9285593819229723,3.8191225433416642,3.87644659037663,309300000
2019-08-09,3.82607102394104,3.889847137722322,3.775695315714958,3.8863729672694967,341816000
2019-08-12,3.758323907852173,3.826070458327308,3.73648609919122,3.7739576725787245,279200000
2019-08-13,3.872476577758789,3.918385569290778,3.7178754981701054,3.75683591118719,351956000
2019-08-14,3.72407865524292,3.7955476398944517,3.680403269804808,3.7843805962513932,419880000
2019-08-15,3.6918187141418457,3.7627914298790195,3.6575732836539174,3.74293895838976,477200000
2019-08-16,3.9595792293548584,4.00871389430151,3.893073237992671,3.954367973426272,1007960000
2019-08-19,4.238009452819824,4.2538917113035914,4.056607602337402,4.072737880593051,815112000
2019-08-20,4.165796279907227,4.233046554902165,4.144702766969983,4.2325500420541635,463188000
2019-08-21,4.249176979064941,4.304267667180546,4.210216571039822,4.2318061266537566,427244000
2019-08-22,4.2553815841674805,4.301290336647535,4.216172680040969,4.25885575491386,303488000
2019-08-23,4.031047344207764,4.233294687427818,4.011194876201635,4.178948538511534,568056000
2019-08-26,4.105742931365967,4.133784788125039,4.067527056360016,4.109713614737591,318208000
2019-08-27,4.015165328979492,4.146687744486093,3.9858829048499236,4.1439581072062435,290968000
2019-08-28,4.004732608795166,4.057393748788544,3.9495873946582023,3.988835102822662,255612000
2019-08-29,4.148309707641602,4.180601728956362,4.09266748050093,4.0961450900854235,357976000
2019-08-30,4.160977840423584,4.244192678295925,4.14284452290001,4.194512135644787,290616000
2019-09-03,4.078011512756348,4.1212333644939685,4.055158786595906,4.088196075544937,296140000
2019-09-04,4.192028045654297,4.19948026916108,4.138621628327595,4.138621628327595,227728000
2019-09-05,4.464773178100586,4.470983126943168,4.292382307110529,4.294121111738001,695676000
2019-09-06,4.437697410583496,4.498307311494924,4.399691971411544,4.441423285392116,376976000
2019-09-09,4.483651161193848,4.570095333288617,4.467256650349984,4.468747189641803,417524000
2019-09-10,4.550222873687744,4.576801470938794,4.441174250223567,4.450861807319939,352812000
2019-09-11,4.578789710998535,4.62697971233285,4.535816123801105,4.564879273300177,361512000
2019-09-12,4.577298641204834,4.679888581131553,4.56934988826807,4.6252403716790145,327840000
2019-09-13,4.519423007965088,4.547740896509325,4.475704137557027,4.510728981717589,324592000
2019-09-16,4.476449012756348,4.510976849319995,4.433972420580039,4.444405251157067,231832000
2019-09-17,4.497810363769531,4.502033242595779,4.43670346411562,4.48315465741563,223048000
2019-09-18,4.470734596252441,4.506504699218102,4.38429089143522,4.490855456841406,258152000
2019-09-19,4.395220756530762,4.495078369144471,4.384539189107596,4.476696313128326,245476000
2019-09-20,4.289649486541748,4.4178249719627845,4.279465397875577,4.394226976885047,350244000
2019-09-23,4.343056678771973,4.388514346249962,4.286172646537439,4.289898995536494,249712000
2019-09-24,4.285676002502441,4.403915208854003,4.250154634909767,4.374355525713312,317268000
2019-09-25,4.4272637367248535,4.446887589628111,4.24046544693266,4.285177831253533,308432000
2019-09-26,4.405157089233398,4.42627148742333,4.354234742031431,4.417577462812419,234564000
2019-09-27,4.266548156738281,4.414098746594768,4.205937791199742,4.363424677428959,362056000
2019-09-30,4.323929786682129,4.3341143508758595,4.261084070387128,4.2923830327616175,186184000
2019-10-01,4.322190284729004,4.496071696407756,4.3174708751842825,4.347030554081502,366008000
2019-10-02,4.298345565795898,4.31225600791318,4.226060540831684,4.300332636444396,293372000
2019-10-03,4.503772258758545,4.509982207751677,4.272510290120743,4.302815239189767,450588000
2019-10-04,4.520166397094727,4.5494778087583105,4.440926184733962,4.506007221819678,265524000
2019-10-07,4.578789710998535,4.6783985839980335,4.576305636582578,4.584999660144053,480984000
2019-10-08,4.402424335479736,4.487129238036931,4.38429101816831,4.487129238036931,444436000
2019-10-09,4.488867282867432,4.538299551257255,4.450365319380643,4.47917972567834,292412000
2019-10-10,4.546497344970703,4.597419687455007,4.481416299085726,4.486632713369001,309124000
2019-10-11,4.62002420425415,4.703238559929826,4.611578446526381,4.630457031874789,446404000
2019-10-14,4.6334381103515625,4.65430376772576,4.5802799580793065,4.611330178825796,200040000
2019-10-15,4.877864837646484,4.950398575300106,4.709696845354287,4.723607756181353,664124000
2019-10-16,4.8242106437683105,4.9486602675172895,4.812784279880855,4.843834501041377,428944000
2019-10-17,4.826199054718018,4.913636315069785,4.771798617795629,4.868675647397018,263436000
2019-10-18,4.731805324554443,4.85923555549414,4.657533247433054,4.826694794334859,307440000
2019-10-21,4.868923187255859,4.882337095465651,4.774281981387723,4.793160569496206,261868000
2019-10-22,4.858987331390381,5.030881219658988,4.8512868422431765,4.925807185318741,328720000
2019-10-23,4.846069812774658,4.860228515074197,4.745218670685841,4.777014158325373,279916000
2019-10-24,4.890035629272461,4.923569438810119,4.853272002847943,4.887302816627102,232020000
2019-10-25,5.080809116363525,5.1016747707713055,4.9628181995435785,4.970518687306741,423092000
2019-10-28,5.136701583862305,5.189114005398343,5.095218050520256,5.124529473635931,330792000
2019-10-29,5.040567874908447,5.12924737996355,5.021192759747854,5.122788692384218,211236000
2019-10-30,5.042555809020996,5.073109500042547,4.974493681436007,5.067396081111445,205960000
2019-10-31,4.993370532989502,5.042554055635316,4.913633803734813,5.021688404898659,209732000
2019-11-01,5.032371997833252,5.064664021687049,4.933010903968749,4.958099442770782,283640000
2019-11-04,5.228856563568115,5.2412769351408395,5.090248722853118,5.1133497137797965,376716000
2019-11-05,5.2067484855651855,5.254689740121096,5.158806757220602,5.228607673617465,300868000
2019-11-06,5.157566547393799,5.208240156857396,5.070128820646721,5.182655086783872,269012000
2019-11-07,5.175202369689941,5.2586654740785965,5.130489975417849,5.244009765902245,280340000
2019-11-08,5.161290645599365,5.192837863322895,5.120801140764416,5.158310041158445,189100000
2019-11-11,5.171227931976318,5.194328923737769,5.074350925363267,5.160546364658916,243436000
2019-11-12,5.2067484855651855,5.262638966493447,5.17445599712278,5.209480824848137,283504000
2019-11-13,5.180914402008057,5.203021854120831,5.114591098092436,5.1754492499512885,300188000
2019-11-14,5.211220741271973,5.213456550501658,5.12999344609169,5.1898580791915965,518080000
2019-11-15,5.072116374969482,5.260653055682012,4.983933378230681,5.20898543716974,1053628000
2019-11-18,5.273072242736816,5.29965084203719,5.06168240582198,5.064663010624266,574588000
2019-11-19,5.166508197784424,5.2656205425735925,5.108382371167746,5.242022545733795,414564000
2019-11-20,5.245747089385986,5.3294584354538985,5.130985530929322,5.143654165405989,472588000
2019-11-21,5.220907688140869,5.296918559994119,5.199296763276489,5.241276812771336,288388000
2019-11-22,5.238544464111328,5.28996333238739,5.214945995609535,5.243512138827063,224100000
2019-11-25,5.4948954582214355,5.499863607178879,5.353554794766883,5.366471697782979,506476000
2019-11-26,5.390319347381592,5.4819794843752,5.383860657884446,5.477259599929003,385244000
2019-11-27,5.4251203536987305,5.4701141901312225,5.3987705869446065,5.435809803647838,215784000
2019-11-29,5.3878326416015625,5.422634398950764,5.363968308483034,5.39429609604549,141556000
2019-12-02,5.201640605926514,5.394294348036424,5.18647719119734,5.380870546472608,372036000
2019-12-03,5.162116527557373,5.166093599459817,4.98089803166497,5.018185688510928,465232000
2019-12-04,5.205867767333984,5.2680140273339715,5.17728054463059,5.245641335802909,273424000
2019-12-05,5.188963890075684,5.2434039758007955,5.1583876592407085,5.227743187677746,184884000
2019-12-06,5.274229049682617,5.307042744570594,5.24812773184507,5.258071361957496,232236000
2019-12-09,5.274229049682617,5.3289180670241985,5.242659019766264,5.251359459045446,211880000
2019-12-10,5.319223403930664,5.370929143014458,5.251607951361957,5.304307958637612,256388000
2019-12-11,5.40274715423584,5.408216340025426,5.327177562670897,5.329663470004647,233796000
2019-12-12,5.570044994354248,5.588191691238599,5.364962616953304,5.373911504079874,404348000
2019-12-13,5.568055629730225,5.692099685136238,5.514112444088463,5.573027443677887,454704000
2019-12-16,5.596890926361084,5.66922924985056,5.5874446701416876,5.615534990360436,320976000
2019-12-17,5.674948692321777,5.697569835117651,5.606090521582747,5.615536780813981,321196000
2019-12-18,5.70527458190918,5.765680746547363,5.701297035911866,5.709749024819734,343548000
2019-12-19,5.853183746337891,5.86660755208629,5.734857298669903,5.739829113698079,445360000
2019-12-20,5.950380325317383,5.9757358217799785,5.900414677876029,5.91955564300487,603044000
2019-12-23,5.936707496643066,6.011034365228068,5.926018522750285,5.97896696941142,355060000
2019-12-24,5.931735038757324,5.948887464129337,5.886989663723944,5.921294514467969,138864000
2019-12-26,5.945905685424805,5.973995536815829,5.91632372070032,5.935216236710832,182852000
2019-12-27,5.888234615325928,5.974493664872303,5.861884374139636,5.961069858692072,254644000
2019-12-30,5.7751264572143555,5.871577552747905,5.743804885664557,5.866357290822938,258056000
2019-12-31,5.849205493927002,5.858651750920013,5.720686993613066,5.739827956058875,231004000
2020-01-02,5.963803291320801,5.963803291320801,5.884505079799994,5.934967621143992,237536000
2020-01-03,5.86834716796875,5.912098283248919,5.819375789570351,5.844234388573591,205384000
2020-01-06,5.892956256866455,5.898176519464269,5.74902588859055,5.775127201579622,262636000
2020-01-07,5.964301109313965,6.010040762284661,5.876301978898439,5.921295812236685,314856000
2020-01-08,5.975487232208252,6.0167524399804355,5.920052874364095,5.96007489141587,277108000
2020-01-09,6.04111385345459,6.113452193523961,5.987419581657777,6.061746457974927,255112000
2020-01-10,6.073430061340332,6.178581626426708,6.0592609099923775,6.148254313226695,316296000
2020-01-13,6.263847351074219,6.288954404500753,6.133837165235529,6.156458784898879,319840000
2020-01-14,6.147011756896973,6.2464456898529646,6.1338363992497795,6.221089716905771,359088000
2020-01-15,6.104501724243164,6.1820603134908225,6.0786488611606115,6.1596876252794495,263104000
2020-01-16,6.188027858734131,6.1939939419440035,6.134582032493706,6.157948994174717,284192000
2020-01-17,6.196728229522705,6.214626478954624,6.149248487016599,6.207168756490065,253792000
2020-01-21,6.163418292999268,6.196977333866192,6.129361880964774,6.160186565756033,217916000
2020-01-22,6.2173614501953125,6.303868953135802,6.189768490725838,6.208661010194885,239240000
2020-01-23,6.285722255706787,6.294174247178423,6.168638988455904,6.257383950631239,244516000
2020-01-24,6.226558685302734,6.450782516313014,6.172367039643706,6.40106531450616,373512000
2020-01-27,5.971011638641357,6.021971543180985,5.772889179452869,5.922288718346262,470536000
2020-01-28,6.164163589477539,6.196479436751818,5.9836904141412175,6.036887788328454,310976000
2020-01-29,6.103757381439209,6.185790426975521,6.063983338200734,6.149745481810295,258848000
2020-01-30,6.110467433929443,6.123891235694097,5.951124744912648,6.006061720013845,290504000
2020-01-31,5.877294063568115,6.07665921088404,5.835531972772649,6.064727049474428,370420000
2020-02-03,5.974244594573975,5.993634007995882,5.852934876956835,5.859149408225992,255564000
2020-02-04,6.143281936645508,6.162423375434906,6.065972258437693,6.11593790463185,271544000
2020-02-05,6.233519077301025,6.274286917530958,6.150242834852348,6.26409483893888,208220000
2020-02-06,6.320272922515869,6.320272922515869,6.186783099381971,6.267821855909948,218284000
2020-02-07,6.254151344299316,6.302376904478737,6.228795373447548,6.2802526606422955,189752000
2020-02-10,6.537041187286377,6.5377865327702835,6.2718006088987535,6.2767724236215585,529608000
2020-02-11,6.659343719482422,6.7739415190338645,6.583276767151044,6.645174571161196,638556000
2020-02-12,6.774937152862549,6.781400607181102,6.673265764706395,6.712045068202593,374644000
2020-02-13,6.731184959411621,6.7983030286831045,6.689671306540473,6.717015810496624,528016000
2020-02-14,7.2037458419799805,7.332512804476498,7.109532184607518,7.140853762856807,1041924000
2020-02-18,7.372287273406982,7.39068289468149,7.081194275806796,7.100583691147785,620164000
2020-02-19,7.822970867156982,7.8406206663356475,7.494590248906968,7.494590248906968,694332000
2020-02-20,7.673819065093994,7.863240616578318,7.366816442111432,7.774993056447043,810052000
2020-02-21,7.3101396560668945,7.586815002385468,7.2253722619940195,7.561707956830877,768180000
2020-02-24,6.793332099914551,7.006866948451461,6.662079222439039,6.716519314840207,856916000
2020-02-25,6.514170169830322,6.930301423578362,6.412498802092312,6.868403619519949,1055496000
2020-02-26,6.653378963470459,6.847275480502582,6.51292874628162,6.514419911465364,747732000
2020-02-27,6.283013343811035,6.641190006067523,6.190733068633484,6.3402219811763265,906416000
2020-02-28,6.717550277709961,6.7769977050703565,6.014131672839638,6.030796688448661,1133252000
2020-03-02,6.8757476806640625,6.904601079529467,6.491951646586333,6.887438388264465,890744000
2020-03-03,6.613580703735352,6.991158383309481,6.528264939840169,6.931462350616747,652792000
2020-03-04,7.076723575592041,7.086175484127031,6.646165254678037,6.720785660126154,597408000
2020-03-05,6.797645092010498,7.044140056322009,6.7531215361195445,6.877488416985179,540328000
2020-03-06,6.617312431335449,6.675765011958639,6.417330292148614,6.618307294181749,515412000
2020-03-09,6.104919910430908,6.452152122735641,5.924339291244582,5.967121232107211,614160000
2020-03-10,6.493938446044922,6.493938446044922,6.1185996281767405,6.381013245007559,580648000
2020-03-11,6.13054084777832,6.382508269115836,6.033534832806254,6.354152540659785,499964000
2020-03-12,5.380358695983887,5.873099896236231,5.367673129494751,5.607949780649273,816540000
2020-03-13,5.990503311157227,5.99498043118963,5.4624417815793365,5.733312524970292,634836000
2020-03-16,4.885129451751709,5.623868804393567,4.825433423913696,5.283352042146694,726972000
2020-03-17,5.404237270355225,5.493532962867673,4.750814071544446,4.997308990591307,833632000
2020-03-18,5.0448174476623535,5.221915838198457,4.494121265098619,4.977162031994791,874268000
2020-03-19,5.297282695770264,5.3908064456390665,4.810261985939699,5.023426414589291,765512000
2020-03-20,5.117696762084961,5.728835253713744,5.102275202274465,5.447268674676942,804636000
2020-03-23,5.290317535400391,5.3845880223773275,4.93786188180685,5.116701401410118,643876000
2020-03-24,6.1979475021362305,6.284507216709611,5.67237333783813,5.696002873684383,1101644000
2020-03-25,6.109398365020752,6.512346769675058,6.060646288704762,6.312862293100567,793432000
2020-03-26,6.3984270095825195,6.522296211921472,6.218343548888782,6.316344419292104,696108000
2020-03-27,6.286248683929443,6.544682958276273,6.185511337307723,6.21834418702446,638828000
2020-03-30,6.606119155883789,6.615322467118645,6.307638489346079,6.351664371055623,602252000
2020-03-31,6.556621074676514,6.850126943033816,6.411111600364291,6.646164892139033,949960000
2020-04-01,6.045971393585205,6.505134088120485,6.001448311788234,6.3588787983461525,656912000
2020-04-02,6.354399681091309,6.367582441170234,6.027066154897926,6.075071479118108,675764000
2020-04-03,6.066863536834717,6.358379163287888,5.929562530422744,6.316840683163334,663212000
2020-04-06,6.6760125160217285,6.712825281839305,6.291221263715193,6.348678972084709,727884000
2020-04-07,6.442948341369629,6.9210146839763675,6.399917332175145,6.897384681264643,784520000
2020-04-08,6.639947414398193,6.664820884410163,6.482001425407464,6.551895643674328,542444000
2020-04-09,6.540452480316162,6.788439907863823,6.477522791428222,6.765556643407409,525564000
2020-04-13,6.712079048156738,6.7207846897053765,6.392456281522787,6.4807566311857645,398408000
2020-04-14,7.062793254852295,7.096869554110775,6.812567033193348,6.8401764880173905,530948000
2020-04-15,6.985438346862793,7.068266728820845,6.849629840850387,6.894899184713868,366148000
2020-04-16,7.330183506011963,7.437139095357745,7.12746583956745,7.140648603185694,745620000
2020-04-17,7.270984649658203,7.433656345818027,7.137165873276941,7.41226513448081,539120000
2020-04-20,7.139901638031006,7.300335006334705,7.095627159726841,7.144627829354325,449388000
2020-04-21,6.703622341156006,7.083189755050889,6.643926307064967,7.022001664063456,735160000
2020-04-22,7.1175150871276855,7.16029750557425,6.850126632313321,6.89564456745756,483356000
2020-04-23,7.064286231994629,7.291380147551621,7.039164167732887,7.159551578055297,424160000
2020-04-24,7.2030792236328125,7.205068949035195,6.979467582590378,7.054087978242391,352328000
2020-04-27,7.389381408691406,7.54906850647414,7.312771282405198,7.337396152234377,479388000
2020-04-28,7.247105598449707,7.566479794148547,7.241633616006236,7.53663153895252,442904000
2020-04-29,7.423707962036133,7.476439492546448,7.30655419417302,7.381671801019242,379160000
2020-04-30,7.269988536834717,7.423705966666164,7.256059510755734,7.369730516188236,375916000
2020-05-01,7.033693790435791,7.185918742126436,6.9854393764586575,7.0727448913648825,342096000
2020-05-04,7.245364665985107,7.259045096885763,6.986432764934915,6.986432764934915,317556000
2020-05-05,7.306304931640625,7.468728031635748,7.245364957293524,7.349335951665621,368896000
2020-05-06,7.407041072845459,7.511758322789601,7.34784270723366,7.385650337882286,323464000
2020-05-07,7.583144187927246,7.646322475594118,7.49484383831785,7.54608282489044,373732000
2020-05-08,7.772928714752197,7.779146962839616,7.620952397339861,7.6547801034035805,339216000
2020-05-11,8.024648666381836,8.071410544031213,7.739350734221137,7.76795505913149,469060000
2020-05-12,7.762979984283447,8.13110581447116,7.753279478256162,8.082354212800311,493060000
2020-05-13,7.740593910217285,8.037581571057249,7.556281934861087,7.877397272370404,625852000
2020-05-14,7.989824295043945,7.995296277020211,7.6485612498649145,7.80203008648483,602312000
2020-05-15,8.447742462158203,8.457442491393842,7.834116221625606,7.849786375477367,987660000
2020-05-18,8.705926895141602,8.871335010528153,8.636530369418866,8.716125066522661,774460000
2020-05-19,8.760899543762207,9.041470783714418,8.71836571880114,8.74572658115145,717320000
2020-05-20,8.924564361572266,8.997194547800392,8.843725728905925,8.945457898801426,587536000
2020-05-21,8.730801582336426,9.006646580896131,8.693242552685641,9.005652192681852,761068000
2020-05-22,8.98052978515625,9.046942204307483,8.669115477795355,8.780547685374982,1038764000
2020-05-26,8.673592567443848,9.135243019223017,8.62807463372257,9.110369079581073,770780000
2020-05-27,8.482068061828613,8.589022676430485,7.956244482923498,8.581312372243556,1175892000
2020-05-28,8.444011688232422,8.716125833839921,8.336806580777488,8.369639419944306,734896000
2020-05-29,8.83054256439209,8.83054256439209,8.442020499781519,8.511168430346617,745256000
2020-06-01,8.76164436340332,8.79596973608388,8.645485958689513,8.788508028577247,389876000
2020-06-02,8.780549049377441,8.792488351879058,8.614146503329726,8.751696604772091,391320000
2020-06-03,8.725080490112305,8.821340689895296,8.65593255202078,8.777563885189648,365440000
2020-06-04,8.72607707977295,8.902011297144291,8.637486770862257,8.687753825722185,424280000
2020-06-05,8.878870964050293,8.955515591607057,8.667848578409801,8.753949903758494,481748000
2020-06-08,8.764398574829102,8.848756999932231,8.645698165784353,8.83631482994791,387736000
2020-06-09,9.00428581237793,9.0677421085264,8.710895726334888,8.759420850072939,468488000
2020-06-10,9.323561668395996,9.456197516348666,9.111294759405718,9.125479807507725,632180000
2020-06-11,8.75568962097168,9.21854464450774,8.745486794003435,9.107807709528801,583652000
2020-06-12,8.891312599182129,9.144888210962371,8.663119704419731,9.120252574923361,570908000
2020-06-15,9.131449699401855,9.139910604567905,8.703432128605263,8.774603216221042,400004000
2020-06-16,9.026681900024414,9.224018474780609,8.797991667513916,9.1824610425493,535716000
2020-06-17,9.193411827087402,9.256121053617617,9.028425617741286,9.071725930471368,408304000
2020-06-18,9.175495147705078,9.239697586467326,9.072472033633701,9.184453472998934,254408000
2020-06-19,9.218545913696289,9.40144879419368,9.184703242099346,9.1998831293818,524160000
2020-06-22,9.482820510864258,9.48730014807517,9.230489448016012,9.257116662206737,398468000
2020-06-23,9.406426429748535,9.598038937764816,9.364122850339776,9.506960557763616,375108000
2020-06-24,9.192914009094238,9.512433926958058,9.10233306985164,9.432553235534522,449372000
2020-06-25,9.44623851776123,9.461169689973298,9.139907896509927,9.31260789639529,376072000
2020-06-26,9.112784385681152,9.45619379454365,9.082922986864295,9.45619379454365,592084000
2020-06-29,9.157577514648438,9.162057151917535,8.858960660515779,9.127467403493844,342248000
2020-06-30,9.453957557678223,9.482325753485787,9.223774007149327,9.271054649920956,367892000
2020-07-01,9.486059188842773,9.531598861692082,9.369599019910842,9.476852149738164,326648000
2020-07-02,9.567926406860352,9.692598718504767,9.534082792451693,9.59455267019897,364056000
2020-07-06,9.7938814163208,9.863060925578766,9.667715860624158,9.696831134904459,315892000
2020-07-07,9.8262300491333,10.023565712221714,9.805326973795573,9.900386604188158,357800000
2020-07-08,10.16889476776123,10.177854044374415,9.91955006873265,9.947669552928001,365480000
2020-07-09,10.460540771484375,10.52125935945527,10.186310859679175,10.332384614793433,494548000
2020-07-10,10.430931091308594,10.606119214480618,10.330894381296,10.539926128477521,497676000
2020-07-13,10.005899429321289,10.742487094268514,9.978774789284222,10.546147190037164,457076000
2020-07-14,10.32915210723877,10.35478353495252,9.740379198636003,10.028544566254594,542676000
2020-07-15,10.18009090423584,10.3848916779029,10.00938150824188,10.366228896039699,403984000
2020-07-16,10.088018417358398,10.159685972931204,9.84987143136345,9.968820569091442,344964000
2020-07-17,10.154459953308105,10.201243163954526,10.041234957876577,10.178349454335393,266284000
2020-07-20,10.462284088134766,10.482689743606029,10.109916313278463,10.226874817153762,284852000
2020-07-21,10.280874252319336,10.511307409960915,10.239316810486173,10.464523249805001,277036000
2020-07-22,10.390617370605469,10.553612018427057,10.244046163134492,10.31969594109073,367292000
2020-07-23,10.08304214477539,10.49836789312907,9.984996075999454,10.401815036980182,411660000
2020-07-24,10.147492408752441,10.3169573132017,9.731917986447955,9.829465676237367,473292000
2020-07-27,10.373446464538574,10.393602461072307,10.170635352239847,10.185069107587438,292132000
2020-07-28,10.168397903442383,10.334130290706716,10.162177290721331,10.326416465135027,271636000
2020-07-29,10.417242050170898,10.467757814861779,10.299288712626408,10.342836785635788,284508000
2020-07-30,10.565056800842285,10.574015125170751,10.247776248378544,10.327158564119097,308880000
2020-07-31,10.565805435180664,10.716856279883503,10.38489318588376,10.51454258205135,386080000
2020-08-03,10.959479331970215,11.047571261186798,10.665839567914938,10.683010085007467,412720000
2020-08-04,11.175978660583496,11.175978660583496,10.855712561468552,10.999048630506225,310336000
2020-08-05,11.234708786010742,11.319316905171414,11.114764775864678,11.192156490467244,249924000
2020-08-06,11.283233642578125,11.305629936758018,11.127206664381877,11.297417740727406,244316000
2020-08-07,11.147857666015625,11.451700283827373,10.986604966220375,11.26033652411239,342516000
2020-08-10,11.113518714904785,11.355646995207982,10.806440904133613,11.281988797793014,427796000
2020-08-11,10.799972534179688,11.085400210212105,10.745971959550996,11.022690018591215,354512000
2020-08-12,11.387499809265137,11.41412607866207,10.907721944778629,10.940072354232733,464412000
2020-08-13,11.390233039855957,11.667698065098161,11.303385616468447,11.492757767340668,374460000
2020-08-14,11.5106782913208,11.650779221877425,11.387747881419168,11.476834671108962,366436000
2020-08-17,12.280115127563477,12.352529775171735,11.762762003676976,11.796604678443401,621300000
2020-08-18,12.204214096069336,12.438379802232884,12.030519221573105,12.392591435062732,503448000
2020-08-19,12.082530975341797,12.258216523677957,12.042217078302572,12.23980244779101,622624000
2020-08-20,12.085016250610352,12.317937454799441,11.823975568616628,11.91978228041564,921388000
2020-08-21,12.625015258789062,12.749687580406652,12.139015904821967,12.145486175613579,999868000
2020-08-24,12.661596298217773,12.85296007261866,12.449826868277539,12.824342222900356,490564000
2020-08-25,12.69120979309082,12.702407463725917,12.515772025592227,12.572509358263392,289076000
2020-08-26,12.714102745056152,12.809162381604702,12.619291819047708,12.74023159092039,321244000
2020-08-27,12.570021629333496,12.790749404758962,12.508555946693578,12.722564739853016,317604000
2020-08-28,13.087124824523926,13.087373535062817,12.584204585857165,12.616554992173452,537160000
2020-08-31,13.312829971313477,13.51240499533192,12.977632707337218,13.12196361348135,500840000
2020-09-01,13.761388778686523,13.933393212520636,13.378546663293708,13.42185899037855,511316000
2020-09-02,14.284619331359863,14.663229168155967,13.840044454467082,14.640327660475537,874012000
2020-09-03,12.959360122680664,13.8246113357648,12.823199748148971,13.769101909402469,945128000
2020-09-04,12.5680570602417,13.118173789760052,11.654265141820803,12.72861072124861,1463684000
2020-09-08,11.861615180969238,12.495867661284716,11.653765820445578,11.683884939027743,795728000
2020-09-09,12.660158157348633,12.754001367320672,12.178991882881057,12.346516275086678,736200000
2020-09-10,12.258647918701172,13.008897940882886,12.11452165542531,12.933225527994797,698684000
2020-09-11,12.112032890319824,12.597927988274872,11.844441860177023,12.431648467079839,636928000
2020-09-14,12.816729545593262,13.257569871709805,12.576769791725022,13.024579895343457,1201744000
2020-09-15,12.934967041015625,13.24138939468092,12.772421205731272,13.222720077777511,727556000
2020-09-16,12.46052360534668,13.036279497509602,12.459777250368292,12.901363965653177,556384000
2020-09-17,12.409740447998047,12.53544615204914,11.982839763543263,12.079919058916289,792512000
2020-09-18,12.136675834655762,12.578013731233012,11.937041086164525,12.539431169954202,698460000
2020-09-21,12.463262557983398,12.468489891690796,11.853155325102664,11.873567089929951,721044000
2020-09-22,12.583240509033203,12.593446389874005,12.103071287394512,12.520761299174337,646452000
2020-09-23,12.071455955505371,12.672104438360137,12.027148498974409,12.521257209528594,647012000
2020-09-24,12.294742584228516,12.51528764855542,11.96218349265517,12.020182685495465,731240000
2020-09-25,12.818222999572754,12.827931310749506,12.19293236465039,12.393811984118468,588016000
2020-09-28,12.978777885437012,12.995455974352662,12.695007286262086,12.984005218588951,573808000
2020-09-29,13.168704986572266,13.384769035049606,12.877467046243323,12.881698289843444,621460000
2020-09-30,13.47214126586914,13.563744463201456,13.093531365864601,13.100749928367792,689184000
2020-10-01,13.555776596069336,13.70338677682619,13.402689348438638,13.698657963887262,525004000
2020-10-02,13.005910873413086,13.46118833485087,12.994708902423616,13.167959153584208,552496000
2020-10-05,13.583656311035156,13.585398755238357,13.165716588093956,13.178909786872856,479820000
2020-10-06,13.677252769470215,14.081004214097689,13.60606133146238,13.770349630542391,784420000
2020-10-07,13.903767585754395,14.058348479063966,13.803700974994964,13.939363769519542,418084000
2020-10-08,13.779058456420898,14.023748875043747,13.69865724594298,14.014289350540002,378900000
2020-10-09,13.703386306762695,13.76462158353877,13.601826981115936,13.707618499241777,346892000
2020-10-12,14.16463851928711,14.285116896035671,13.852491292566945,13.929158832555586,434744000
2020-10-13,14.186795234680176,14.286613084948678,13.958285283848605,14.234837322926795,344604000
2020-10-14,14.034455299377441,14.280887264715126,13.899788560818896,14.228862717598037,276100000
2020-10-15,13.909743309020996,13.945338546007145,13.70836519762374,13.751179945542122,267224000
2020-10-16,13.751925468444824,14.060588741120922,13.733007369325817,13.976204124626971,242392000
2020-10-19,13.439530372619629,13.923184432811734,13.348922328803374,13.843032003278086,298068000
2020-10-20,13.586644172668457,13.740229003199504,13.448741340593111,13.524911318681056,229212000
2020-10-21,13.466412544250488,13.7320122878027,13.4193665559545,13.566230372279033,219596000
2020-10-22,13.303369522094727,13.55303754182434,13.174676497160581,13.464172894859765,290480000
2020-10-23,13.531631469726562,13.534618788168892,13.233921352971006,13.391986202058305,233484000
2020-10-26,13.084568977355957,13.633690573268522,12.98226233213433,13.369086871327628,336896000
2020-10-27,13.338966369628906,13.384021132448181,13.134600935706988,13.248607109488976,250520000
2020-10-28,12.572537422180176,13.20280755599855,12.554615408729777,13.141074699241251,376520000
2020-10-29,12.967825889587402,13.13584785804943,12.695007521608149,12.78312583190054,320080000
2020-10-30,12.479939460754395,12.88070262306885,12.246948531109375,12.794576492375915,416820000
2020-11-02,12.526487350463867,12.781382741885674,12.3415385171396,12.603154900907724,299652000
2020-11-03,12.963342666625977,13.048473643303717,12.54839028330013,12.653684234543976,272900000
2020-11-04,13.734753608703613,13.767861003481139,13.27947612899768,13.331500678560896,410228000
2020-11-05,14.098923683166504,14.277151505773915,13.930652955568876,14.101413431699372,319028000
2020-11-06,14.499194145202637,14.5258283846234,13.835071108699301,14.048894227776879,383348000
2020-11-09,13.571959495544434,14.628134427423136,13.55204625046571,14.489734003184223,582976000
2020-11-10,12.714921951293945,13.547813246458624,12.57378300138772,13.547813246458624,644068000
2020-11-11,13.360124588012695,13.377051459709095,12.892400350122854,12.997445519056676,404744000
2020-11-12,13.39870834350586,13.706624366727366,13.258565493925284,13.420862549659276,365812000
2020-11-13,13.239645004272461,13.609791386132025,13.002920455645425,13.568470299974223,346312000
2020-11-16,13.456955909729004,13.590626548003572,13.099255366942009,13.11568372017377,413776000
2020-11-17,13.364357948303223,13.53760725179244,13.2463692967436,13.494046140938254,312028000
2020-11-18,13.370827674865723,13.547064264555475,13.128129424028948,13.40717021625731,510924000
2020-11-19,13.382279396057129,13.429325390449687,13.043496960142532,13.155760695717245,565936000
2020-11-20,13.031301498413086,13.436296866540008,13.00864877090965,13.39597185904133,341088000
2020-11-23,13.083324432373047,13.324777827155184,12.959361156671875,13.114439643775567,361356000
2020-11-24,12.901863098144531,13.105231545562026,12.829426780235963,13.085815870030112,346500000
2020-11-25,13.177664756774902,13.21226485548097,12.963841692206845,12.976287586431019,259916000
2020-11-27,13.20405101776123,13.349670932792165,13.113692699646311,13.31731084616741,167276000
2020-11-30,13.343693733215332,13.354646916335152,12.916295495207995,13.207783104698644,286952000
2020-12-01,13.332245826721191,13.470397438236995,13.171192706053294,13.434054894917562,296948000
2020-12-02,13.486083030700684,13.614526366079494,13.17717085536638,13.292919508040894,283360000
2020-12-03,13.342159271240234,13.605098152797373,13.275429117117344,13.53288931377425,199520000
2020-12-04,13.503758430480957,13.505501389453034,13.334939318795286,13.394448782293157,202244000
2020-12-07,13.552061080932617,13.676060962202541,13.445740595670882,13.5465833461892,223244000
2020-12-08,13.296346664428711,13.544096671002487,13.228121449551065,13.530401856332638,271920000
2020-12-09,12.87878131866455,13.360088806654998,12.816532505636271,13.24704531933605,401300000
2020-12-10,12.920113563537598,13.01622611811567,12.797856623609862,12.817278981162264,207764000
2020-12-11,12.960949897766113,12.967672875794605,12.771464120306371,12.915134293753066,209264000
2020-12-14,13.255261421203613,13.334939820019592,13.024941019943634,13.035398774169177,270156000
2020-12-15,13.306803703308105,13.409887145651437,13.133752090709104,13.38573457742504,193016000
2020-12-16,13.189277648925781,13.383244766098352,13.159397537413051,13.368553568795045,223116000
2020-12-17,13.287630081176758,13.325726318719184,13.12553395287217,13.31302693964413,231384000
2020-12-18,13.218660354614258,13.351125252225733,13.017970240699636,13.325229723016056,342064000
2020-12-21,13.278665542602539,13.316264063450639,12.915381612940775,13.022200773575815,302332000
2020-12-22,13.224882125854492,13.283645009703203,13.001533585511854,13.26571770440206,185580000
2020-12-23,12.956964492797852,13.221646354324898,12.952731999410004,13.202722663623348,179144000
2020-12-24,12.941527366638184,13.079719802401335,12.88674905910573,12.984852485701106,97884000
2020-12-28,12.848154067993164,13.010001354735067,12.711954400513704,13.010001354735067,212564000
2020-12-29,12.891229629516602,13.019960686571482,12.790635724681074,12.873053464210267,170372000
2020-12-30,13.092915534973145,13.160642074392083,12.844916701690002,12.938040099740185,225396000
2020-12-31,13.002531051635742,13.0981449376047,12.863093382639896,13.083703548789822,192424000
2021-01-04,13.060795783996582,13.597630023242596,12.910402638287994,13.05158327179001,560640000
2021-01-05,13.350873947143555,13.389467900488006,13.034401060131557,13.0470994890118,322760000
2021-01-06,12.563801765441895,13.191767596146791,12.53541670344203,13.169357986731624,580424000
2021-01-07,13.29036808013916,13.323982965116926,12.834707343598083,12.915381167862042,461480000
2021-01-08,13.223386764526367,13.367056901188883,12.98958049341238,13.308792689595268,292528000
2021-01-11,13.566754341125488,13.904890294581081,13.30879545335435,13.364819001093393,518344000
2021-01-12,13.430553436279297,13.699219880759559,13.291365574551167,13.697227113464349,291476000
2021-01-13,13.477362632751465,13.570238113948005,13.331202954948628,13.435780480820373,210028000
2021-01-14,13.147195816040039,13.545090057040834,13.12752555150125,13.520439774298518,283120000
2021-01-15,12.807818412780762,13.27169633457119,12.796862940233225,13.174837191380403,277780000
2021-01-19,12.972899436950684,13.041372547513665,12.79237734581268,12.963934834618934,226188000
2021-01-20,13.312031745910645,13.376521226677053,13.004273639082106,13.059051941538538,258572000
2021-01-21,13.811762809753418,13.942983374771993,13.199732617428268,13.364567113503249,337780000
2021-01-22,13.657386779785156,13.786117826642263,13.572479512634926,13.68477640464162,246820000
2021-01-25,13.598377227783203,13.772922949913667,13.183302194742383,13.726360770124714,251112000
2021-01-26,13.381253242492676,13.589910611709367,13.33369468135409,13.52591884373518,163980000
2021-01-27,12.865830421447754,13.179563933207906,12.742328263921431,13.176824591068716,371272000
2021-01-28,12.998547554016113,13.286137711006822,12.908411395926858,12.944018103883906,228316000
2021-01-29,12.937541961669922,13.281155615738037,12.859606529711234,13.022449229079449,271552000
2021-02-01,13.183799743652344,13.217413681369504,12.85089267680462,13.000788099819756,217204000
2021-02-02,13.502264976501465,13.517452941241546,13.232104423210238,13.34489999474332,220440000
2021-02-03,13.476122856140137,13.875760163642509,13.462179181351763,13.581198134054917,245408000
2021-02-04,13.609333992004395,13.618546504869126,13.284146250549627,13.476619285849223,201340000
2021-02-05,13.536375045776367,13.68203796383216,13.491306974074035,13.669837251873458,169152000
2021-02-08,14.380720138549805,14.415579319657386,13.67207952886359,13.67207952886359,434624000
2021-02-09,14.205924034118652,14.524637598261522,14.165337313462569,14.283111941148748,287560000
2021-02-10,14.704910278320312,14.845094516583352,14.283859846653357,14.40512039530339,485352000
2021-02-11,15.189455032348633,15.210869206423117,14.865014860197656,14.920042971123856,450828000
2021-02-12,14.90112018585205,15.229793821020415,14.71561805135183,14.989513380553097,374756000
2021-02-16,15.268637657165527,15.310718485509026,14.889915901123095,15.003706913820904,321960000
2021-02-17,14.846089363098145,15.162313368757408,14.720595384455311,15.110023656915487,274756000
2021-02-18,14.769400596618652,14.813472286009498,14.516420797901691,14.66980213100204,233868000
2021-02-19,14.866508483886719,15.116001413378493,14.787078950270823,14.964114181705161,271724000
2021-02-22,14.298052787780762,15.072428084036344,14.267426101767738,14.715368455188019,325884000
2021-02-23,14.085161209106445,14.181522613543509,13.335685096571375,14.018678963854958,391780000
2021-02-24,14.440728187561035,14.44844754946419,13.70071427051266,14.065991018346837,448320000
2021-02-25,13.25401496887207,14.316975775495292,13.163132248759155,13.989048748231403,824436000
2021-02-26,13.659380912780762,13.798817635314652,13.307301288699822,13.69722734472465,500932000
2021-03-01,13.786118507385254,13.869033961341506,13.498778190317397,13.819234727310848,353184000
2021-03-02,13.35236930847168,13.864552302839884,13.34216041278066,13.844134511457842,264116000
2021-03-03,12.753287315368652,13.39743748342225,12.747310913046222,13.37228948153276,377592000
2021-03-04,12.32052993774414,12.922849893553128,12.035181491511338,12.749299657203565,573344000
2021-03-05,12.411417007446289,12.499561345964047,11.632310492022057,12.499561345964047,542840000
2021-03-08,11.54665470123291,12.421125153517597,11.52001165248514,12.399960789446373,543112000
2021-03-09,12.474233627319336,12.570378398131114,12.014927537191268,12.085666683941009,521824000
2021-03-10,12.422426223754883,12.932294680154964,12.411715915223251,12.793307713265953,384376000
2021-03-11,12.9457426071167,12.998299311661766,12.687694727286392,12.902402543037475,299916000
2021-03-12,12.808752059936523,12.84138182759341,12.543729858351645,12.601765255652683,243964000
2021-03-15,13.142770767211914,13.158213871670602,12.720329219810525,12.817470746140335,221988000
2021-03-16,13.242402076721191,13.462838518161057,13.068542937398949,13.307411714289238,272128000
2021-03-17,13.292216300964355,13.403804172306538,12.941758742191908,12.991824107730828,243864000
2021-03-18,12.675740242004395,13.13554423645725,12.67026061604295,13.088219157514716,293896000
2021-03-19,12.79853630065918,12.874008237088663,12.566143927350314,12.703138366761953,299208000
2021-03-22,13.137787818908691,13.345272507132586,12.85931502565977,12.865293491438804,297804000
2021-03-23,13.022709846496582,13.295453056393745,12.973391315699493,13.205534747108478,222048000
2021-03-24,12.596535682678223,13.110889033545208,12.590309221995916,13.102918061675245,245840000
2021-03-25,12.489179611206055,12.668020482645497,12.22689771964549,12.45356156367243,295144000
2021-03-26,12.792062759399414,12.809000478579916,12.328024743744802,12.508359288718777,363968000
2021-03-29,12.90066146850586,13.014491751038356,12.653323847339317,12.773131644958724,273520000
2021-03-30,12.824443817138672,12.927563800366542,12.658306699828916,12.79480328311249,200204000
2021-03-31,13.299190521240234,13.42099081099066,12.93478447914414,12.967663184063744,314776000
2021-04-01,13.760986328125,13.819021709994194,13.461589927459961,13.522366547343738,308276000
2021-04-05,13.9360933303833,13.96249568673925,13.682528281107839,13.816534468400627,255672000
2021-04-06,13.810555458068848,14.002597032896157,13.722879532840807,13.948297705902563,191744000
2021-04-07,14.091517448425293,14.191149339324006,13.66110505727589,13.829732533836207,251284000
2021-04-08,14.264382362365723,14.418314549550134,14.19663148631253,14.200368502405839,244416000
2021-04-09,14.347077369689941,14.355048340906217,14.122904849951626,14.16176107797861,195172000
2021-04-12,15.153103828430176,15.296076767014258,14.087285519048933,14.237232700970317,869324000
2021-04-13,15.62187385559082,15.642298695804206,15.07015897630807,15.175520404329175,676212000
2021-04-14,15.220852851867676,15.66272242258447,15.171534315585967,15.56757342143402,385500000
2021-04-15,16.077945709228516,16.15466239598031,15.574053711645691,15.604939921944846,598480000
2021-04-16,15.854015350341797,16.106334673297113,15.806938268733886,15.99399807287851,335208000
2021-04-19,15.305292129516602,15.749404144258904,15.177015463688035,15.479400214978964,404420000
2021-04-20,15.11549186706543,15.440044046604253,14.908007196915346,15.266932701181231,334132000
2021-04-21,15.304045677185059,15.306038182131777,15.046744591326041,15.063183469763409,216776000
2021-04-22,14.795669555664062,15.38175765812385,14.729164364474554,15.318490643488769,277788000
2021-04-23,15.209144592285156,15.278638067216274,14.84548633446587,14.879360816606061,227500000
2021-04-26,15.421110153198242,15.422106880560488,15.069407919686794,15.129187807194656,197796000
2021-04-27,15.325217247009277,15.612905694192488,15.298067110638453,15.521243816067019,164572000
2021-04-28,15.220602989196777,15.475164740857569,15.15957836730446,15.308030914991681,209416000
2021-04-29,15.268426895141602,15.379765830719082,15.016107543211453,15.34340000196832,173196000
2021-04-30,14.954334259033203,15.308527889547474,14.941880391047532,15.118728737053257,201912000
2021-05-03,14.782220840454102,15.190713824195964,14.73315219758806,15.069411410988684,203912000
2021-05-04,14.298504829406738,14.583702894438511,13.958758495262643,14.583453950082967,405324000
2021-05-05,14.405360221862793,14.759055975565776,14.334621071122196,14.65493927929447,292024000
2021-05-06,14.469623565673828,14.517696430692741,14.165745174441199,14.441975539696038,193380000
2021-05-07,14.757810592651367,14.91572777547651,14.617826904664591,14.753825582724902,229328000
2021-05-10,14.21331787109375,14.751582071904844,14.197625826750052,14.732900795256858,268904000
2021-05-11,14.253669738769531,14.301991547121727,13.69946450914894,13.774188670983172,285584000
2021-05-12,13.707934379577637,14.207840322870009,13.658865734558306,13.9580113483226,303408000
2021-05-13,13.61502456665039,14.028998076504566,13.409532427846457,13.982169938542986,285404000
2021-05-14,14.190652847290039,14.275340485481827,13.697970119526413,13.83895053700073,258616000
2021-05-17,14.11343765258789,14.117173718298679,13.802585013316975,14.104968793564424,216980000
2021-05-18,13.964239120483398,14.35131151460924,13.952532083750327,14.214565990259484,186256000
2021-05-19,14.014052391052246,14.027751929853377,13.493472767116717,13.516636940818533,344000000
2021-05-20,14.558793067932129,14.629781156019478,14.218050055079024,14.24993203106225,321592000
2021-05-21,14.936653137207031,15.166057295834724,14.814852817095339,15.108020946469555,672992000
2021-05-24,15.554621696472168,15.687132304008871,15.120223305868196,15.156589134652451,554816000
2021-05-25,15.590239524841309,15.760361630715945,15.42559704511767,15.708054812680162,435408000
2021-05-26,15.642298698425293,15.735704145609564,15.52896724992977,15.676423080242675,370440000
2021-05-27,15.431075096130371,15.69211222113816,15.40317812935889,15.642046857508864,581476000
2021-05-28,16.184795379638672,16.21767503645545,15.444029177777255,15.444029177777255,644536000
2021-06-01,16.20472526550293,16.328021150399323,15.844802987740685,16.210205842744976,472804000
2021-06-02,16.716583251953125,16.85656787926671,16.17582865881313,16.19251743061265,594168000
2021-06-03,16.90738296508789,17.195571248695884,16.522055061608018,16.639372479155806,580008000
2021-06-04,17.513648986816406,17.596093290887584,17.032673204029777,17.04960902455998,617120000
2021-06-07,17.554250717163086,17.747040133186395,17.129568604549572,17.506677624598005,575756000
2021-06-08,17.39284324645996,17.55673796608518,17.18759905493115,17.46283462472556,323848000
2021-06-09,17.298418045043945,17.514422030951746,17.19627233755803,17.455376379612076,381656000
2021-06-10,17.364938735961914,17.431709138454295,17.11679834270945,17.290198386485635,287772000
2021-06-11,17.763809204101562,17.877416579612827,17.38362394384522,17.419250155413216,416308000
2021-06-14,17.956636428833008,17.97731494669159,17.601864607504492,17.84427598888684,321376000
2021-06-15,17.727176666259766,17.954142308056085,17.66688603679803,17.853241656259158,243032000
2021-06-16,17.74885368347168,17.892856291722083,17.52388192123169,17.729422074916453,307124000
2021-06-17,18.592937469482422,18.770074396069546,17.69504416542192,17.713230770641097,809656000
2021-06-18,18.574506759643555,19.308219005834278,18.51994502882804,18.719256436939983,968856000
2021-06-21,18.36373519897461,18.472609656878852,17.761318961042598,18.371707046884843,672384000
2021-06-22,18.821653366088867,18.898389540737384,18.32262968365104,18.4078357102783,580144000
2021-06-23,18.991558074951172,19.086729825944072,18.842573513046347,18.942229189755093,332356000
2021-06-24,19.139297485351562,19.353058520618433,19.022451210045137,19.161471913925485,320924000
2021-06-25,18.96540069580078,19.278817427102744,18.829371801358914,19.21404094846536,278364000
2021-06-28,19.91611671447754,20.00954357887379,19.252411904857897,19.29451595908237,495436000
2021-06-29,19.957721710205078,20.02947213929642,19.589245203319127,19.813968049037626,367632000
2021-06-30,19.93355369567871,20.093002037862693,19.795281878543864,19.930314776489794,326568000
2021-07-01,20.1423282623291,20.385486666849392,19.949992750888118,20.055628261505312,480136000
2021-07-02,20.416379928588867,20.434568434216665,20.217817481948444,20.369791959842154,342764000
2021-07-06,20.627151489257812,20.770156218101576,20.280102477408526,20.666016614407923,446708000
2021-07-07,20.301525115966797,20.803040452353898,20.261912992280784,20.781614931327567,418428000
2021-07-08,19.834148406982422,20.063604178875657,19.63284500333484,19.78805843161137,503300000
2021-07-09,19.981136322021484,20.011033596944927,19.686157099051567,19.893689311396027,296624000
2021-07-12,20.441795349121094,20.46197396708829,20.118163846582572,20.170233652591747,321984000
2021-07-13,20.180198669433594,20.390720799183015,20.044667777946696,20.330179245184596,290708000
2021-07-14,19.773103713989258,20.3473673991596,19.684660708468368,20.287574757322712,380100000
2021-07-15,18.90087890625,19.7785938982397,18.793500346657215,19.743465682566075,550564000
2021-07-16,18.0983943939209,19.090961254780115,18.010698402876507,18.964898148855454,688224000
2021-07-19,18.71501922607422,18.976364277481892,17.803919215628007,17.853499010534822,749060000
2021-07-20,18.547842025756836,18.77306281313049,18.10138637367849,18.665435297973314,434687000
2021-07-21,19.343090057373047,19.459687314986905,18.677393504431258,18.816910290790638,371017000
2021-07-22,19.526464462280273,19.81845383790225,19.209559734509735,19.574299353352185,323826000
2021-07-23,19.490585327148438,19.63209605947266,19.183646421770963,19.588247101340414,195672000
2021-07-26,19.227500915527344,19.37498962491544,18.848809578937015,19.244442520120174,203943000
2021-07-27,19.14179039001465,19.554362894991016,18.676399176562164,19.198593120837312,248863000
2021-07-28,19.435773849487305,19.57828058191226,18.92952549207066,19.2524080782056,202191000
2021-07-29,19.594226837158203,19.78456845561129,19.261376580692936,19.451718199146022,190781000
2021-07-30,19.43178367614746,19.562330709731967,19.196597153535997,19.351061621688924,183497000
2021-08-02,19.681922912597656,19.892196048997913,19.29426383352367,19.632096019964017,217444000
2021-08-03,19.7466983795166,20.152295043077654,19.153748123448008,19.67195614363054,301811000
2021-08-04,20.204118728637695,20.247967690687908,19.759654974548358,19.921097238700884,231309000
2021-08-05,20.56586456298828,20.661534325497566,20.271881335250495,20.429337660982515,211435000
2021-08-06,20.29579734802246,20.49909462866521,20.140334945269064,20.45325366267707,178497000
2021-08-09,20.22504425048828,20.4373093965313,20.073567760929837,20.37552283364435,146443000
2021-08-10,19.86728286743164,20.359579568061065,19.76662927363891,20.251952033949838,179238000
2021-08-11,19.631099700927734,19.979893679889088,19.363027803581907,19.973913844041807,185925000
2021-08-12,19.836389541625977,19.959960768948545,19.552372068752263,19.80151033623967,151652000
2021-08-13,20.118410110473633,20.14432145963521,19.782571882288952,19.836386591609863,183063000
2021-08-16,19.881229400634766,20.21706759252676,19.38594100978279,20.065591139017652,210876000
2021-08-17,19.390932083129883,19.70185695099313,19.200590439736775,19.617148941747843,204585000
2021-08-18,18.97437286376953,19.56632529724626,18.93450982544956,19.432786399803497,285913000
2021-08-19,19.729753494262695,20.42435132672305,18.6973235489856,19.426800578843118,766555000
2021-08-20,20.74424934387207,20.79308023295475,19.864293533156978,19.92209227489408,675741000
2021-08-23,21.882308959960938,21.921174082435364,20.877784205447764,20.89871172530121,575807000
2021-08-24,21.717878341674805,21.88330650113912,21.460768250925426,21.678017210916853,297299000
2021-08-25,22.136430740356445,22.392544826376568,21.64712400159845,21.662071688084197,347701000
2021-08-26,21.991931915283203,22.262993686713813,21.714890308972432,22.123476878003054,237940000
2021-08-27,22.557979583740234,22.643683606256594,22.090596235239047,22.107537838572195,304722000
2021-08-30,22.60979461669922,22.963570482185514,22.473267719877327,22.751305343048546,262580000
2021-08-31,22.3117733001709,22.62075868040585,22.047640789736928,22.62075868040585,259850000
2021-09-01,22.367591857910156,22.622754957763057,22.28386700045794,22.41144855038439,201767000
2021-09-02,22.32274055480957,22.51909665177635,22.22207110229776,22.444341223157213,187834000
2021-09-03,22.768274307250977,22.91080616281464,22.12737809725463,22.2519691858628,280532000
2021-09-07,22.58786964416504,22.824093892750362,22.448326313698814,22.758309804466514,198107000
2021-09-08,22.265926361083984,22.536039786741064,21.90510910488169,22.439356967135367,254434000
2021-09-09,22.104450225830078,22.464269311558628,22.05860118166775,22.239008815072744,196856000
2021-09-10,22.404470443725586,22.55198511877038,22.197150672313043,22.2748946360381,248376000
2021-09-13,22.07953453063965,22.88887850668766,21.786495670040438,22.609793787016553,297500000
2021-09-14,22.16924285888672,22.336692569612442,22.013753027023114,22.202133951589552,199755000
2021-09-15,22.267915725708008,22.293831645548725,21.894142459272885,22.236020817611784,166538000
2021-09-16,22.16924285888672,22.20412821528791,21.855272750166648,22.110435843651945,156033000
2021-09-17,21.828359603881836,22.247981943060058,21.758588894411496,22.227050730218956,294503000
2021-09-20,21.04393768310547,21.36289062011508,20.594412745883098,21.07682877794372,349440000
2021-09-21,21.17650032043457,21.35491372577289,20.88146906785273,21.3469404733302,204688000
2021-09-22,21.86922264099121,21.888159587451916,21.126658982440958,21.296102923922355,268726000
2021-09-23,22.4084529876709,22.461279102173783,21.81838869165872,22.067570844468374,248555000
2021-09-24,22.00876808166504,22.076546431149566,21.789488429342764,21.997804384215325,217655000
2021-09-27,21.58914566040039,21.7276909027937,21.255242424863432,21.638981339967028,245215000
2021-09-28,20.63128662109375,21.348932496688196,20.58344330923957,21.144603190689022,343069000
2021-09-29,20.449880599975586,20.948244893055964,20.400043030002205,20.871497126516754,218394000
2021-09-30,20.648231506347656,20.99708693414732,20.620323224212417,20.70006144475727,221009000
2021-10-01,20.674150466918945,20.79076641966092,20.13691215457875,20.68212371981342,240978000
2021-10-04,19.667457580566406,20.474807562999107,19.491036496532875,20.436931753376157,345635000
2021-10-05,20.38410186767578,20.580457952473463,19.789054624206987,19.884741262731815,279282000
2021-10-06,20.632282257080078,20.65221538373166,20.014309704267788,20.054179759788724,297202000
2021-10-07,21.006061553955078,21.252253324633013,20.90339784226503,21.023004241236695,256919000
2021-10-08,20.762859344482422,21.136632686521562,20.707042768746597,21.03197660701689,151258000
2021-10-11,20.627302169799805,20.994098397870303,20.443904055764555,20.507695778664687,163388000
2021-10-12,20.60338020324707,20.988117194123532,20.460848337072985,20.759866211548562,162134000
2021-10-13,20.87050437927246,20.921338143306798,20.64524382851647,20.849573164865863,180652000
2021-10-14,21.674867630004883,21.68383706493013,21.052908229325823,21.21836559694219,243589000
2021-10-15,21.790481567382812,21.859256088546132,21.591136975232704,21.738651631224155,226994000
2021-10-18,22.14930534362793,22.218079867426876,21.573195134718436,21.677853093300257,189494000
2021-10-19,22.217082977294922,22.30579062746577,21.964910365115337,22.203126935634774,161473000
2021-10-20,22.030696868896484,22.359617290338466,21.910092397516213,22.23203574791411,146276000
2021-10-21,22.617765426635742,22.636704274322128,22.010758438417145,22.024712578350698,187590000
2021-10-22,22.65165901184082,23.054336786211532,22.487199745002837,22.748341829119337,249384000
2021-10-25,23.090221405029297,23.278602340486742,22.695516863119877,22.897851941944545,230235000
2021-10-26,24.636144638061523,25.17637336256749,23.84573943509634,23.9105273389636,485898000
2021-10-27,24.371017456054688,25.007927133813123,24.20256965592996,24.39394293454579,245990000
2021-10-28,24.85940933227539,24.86838066580957,24.4427774851292,24.796615700863228,234204000
2021-10-29,25.48336410522461,25.624899789420567,24.918219450808614,24.91921563206718,292503000
2021-11-01,25.742511749267578,25.80929200930688,25.144474150231424,25.565094542912135,265740000
2021-11-02,26.314632415771484,26.590726680343938,25.71559865861731,25.737527951466095,294112000
2021-11-03,26.510988235473633,26.696380585852886,26.14917676933632,26.582753200243893,239910000
2021-11-04,29.703516006469727,31.26239905171974,27.02929203332066,27.139928992611882,1153631000
2021-11-05,29.654674530029297,31.297282321186877,29.313792339899493,30.088251003295557,851260000
2021-11-08,30.703231811523438,30.998263036065406,29.809164902811037,30.05037382681619,503101000
2021-11-09,30.55671501159668,32.20430952982085,29.865983049867186,32.176401244543264,646746000
2021-11-10,29.362628936767578,30.749079234219863,28.683856969426465,29.25996714814897,636206000
2021-11-11,30.29058074951172,30.489927224715828,29.679587167973846,30.368326597262698,332172000
2021-11-12,30.29058074951172,30.57963294844679,29.533066805288538,29.91182472795457,413054000
2021-11-15,29.92677879333496,30.54375334062734,29.15132398754459,30.45205524331211,384909000
2021-11-16,30.104196548461914,30.290585092245067,29.608822634811435,29.661650656013027,264484000
2021-11-17,29.165283203125,30.409201930373957,28.705790752092632,30.31849809734663,428508000
2021-11-18,31.571382522583008,32.65283230814321,31.21854045241291,32.26112015873358,781711000
2021-11-19,32.87710189819336,32.97976560905506,31.800634810586825,32.13752850967371,533867000
2021-11-22,31.851463317871094,34.533660369454104,31.795646751201797,33.40735581710539,754335000
2021-11-23,31.642148971557617,32.254140700605305,30.778980809021654,31.43183877897173,532163000
2021-11-24,32.56711196899414,32.74751961280794,30.82682344260041,31.35808076043458,435162000
2021-11-26,31.399948120117188,32.602998628839266,31.247448733080454,32.49335785082512,283069000
2021-11-29,33.266822814941406,33.30270435529742,31.93120595307024,32.26012831114146,454964000
2021-11-30,32.56910705566406,33.24389436052743,31.759764944757165,33.06049435573746,622066000
2021-12-01,31.33600616455078,33.184169646455935,31.281179063188567,33.114390390664795,484368000
2021-12-02,32.02482986450195,32.375722550194084,30.9272972457991,31.11570313644076,472890000
2021-12-03,30.596338272094727,32.02781664936372,30.035109719778976,31.89922130115563,544325000
2021-12-06,29.942411422729492,30.145767578458255,27.949705907051353,29.785904339285608,658938000
2021-12-07,32.32488250732422,32.346816391112846,30.554476224251633,30.859514259780514,593053000
2021-12-08,31.72577476501465,32.18831425036044,31.322049493917223,31.898230293439173,475551000
2021-12-09,30.393980026245117,32.103581165831095,30.33217500414839,31.634061878266106,488507000
2021-12-10,30.102901458740234,31.206415682530494,29.766962833942674,31.051903118678588,488825000
2021-12-13,28.07231903076172,30.198603440103636,28.02746066175428,30.153745071096193,598344000
2021-12-14,28.247760772705078,28.587686497132797,27.16418406880267,27.611769480974516,667035000
2021-12-15,30.363079071044922,30.403950320139508,27.750332756169268,28.31056319651723,698297000
2021-12-16,28.297605514526367,31.06187376372511,28.004532628837605,31.053899534566042,707366000
2021-12-17,27.71345329284668,28.830923474166912,27.672582039666786,27.896873879142326,713758000
2021-12-20,27.6317081451416,28.05536898927544,27.059516359346297,27.219012340762006,461847000
2021-12-21,28.983436584472656,29.028294944690636,27.314706725168943,28.284643989318436,524385000
2021-12-22,29.307409286499023,29.461921824667396,28.359404087389027,28.800013421604074,395184000
2021-12-23,29.546655654907227,29.964336743268632,29.33831421297981,29.66129326312554,343022000
2021-12-27,30.847545623779297,30.989098625583328,29.546655113197424,29.566592584176444,403686000
2021-12-28,30.22650909423828,31.231334077242877,29.91748399123054,31.21339111350028,420591000
2021-12-29,29.906522750854492,30.451801065304423,29.273522212886757,30.177667453136895,343139000
2021-12-30,29.492830276489258,30.361087673132488,29.446975608009016,29.733070560375477,308864000
2021-12-31,29.318378448486328,29.935430483532848,29.23863045980728,29.58055069803875,266530000
2022-01-03,30.02614402770996,30.614286167328913,29.691201708964883,29.72110791823675,391547000
2022-01-04,29.1977596282959,30.372049319821922,28.25972307978426,30.18165084016446,527154000
2022-01-05,27.517072677612305,29.323366804704467,27.446297114632042,28.85783647032943,498064000
2022-01-06,28.08926010131836,28.348441526045892,26.979766244192536,27.552954288101756,454186000
2022-01-07,27.161195755004883,28.332496683528657,26.97179355482779,28.05238144846275,409939000
2022-01-10,27.31370735168457,27.382490289709768,25.563237098121473,26.4972864282957,594681000
2022-01-11,27.729394912719727,27.97661497751291,26.75447620630477,27.236951192011976,404089000
2022-01-12,27.910829544067383,28.504951462178063,27.521060087800688,27.978614296455778,383413000
2022-01-13,26.491313934326172,28.390313718259936,26.414554846853214,28.289631942753868,540171000
2022-01-14,26.857154846191406,27.111352875878474,26.12745967935316,26.21717640732011,395832000
2022-01-18,25.821428298950195,26.554114306336086,25.68884770952801,26.177304414004546,424270000
2022-01-19,24.988059997558594,26.45941170270569,24.973107843056518,25.996874104337753,488315000
2022-01-20,24.073945999145508,25.49844661807642,24.002172240904777,25.22431303336184,435181000
2022-01-21,23.300392150878906,24.744828429105826,23.18974164646766,23.43297273498428,718958000
2022-01-24,23.298397064208984,23.30637129274654,20.82222037714528,22.259678694181396,913982000
2022-01-25,22.253694534301758,22.870746504571382,21.9307154992586,22.474995512389242,664616000
2022-01-26,22.700288772583008,23.981242067414527,22.22977501124328,23.166815419200876,755959000
2022-01-27,21.874895095825195,23.919436763705882,21.606741215717612,23.493781409014357,573353000
2022-01-28,22.768070220947266,22.78601318376408,21.22893211104231,21.942676819297425,543774000
2022-01-31,24.40888786315918,24.431816145631064,22.979403852664547,23.108993615367613,564680000
2022-02-01,24.560413360595703,25.065816744698257,23.814767780089298,25.02494549207549,518925000
2022-02-02,25.16250991821289,25.735698020360548,24.475678597564364,25.712771637079914,543419000
2022-02-03,23.87257957458496,24.99802368140635,23.70510939371821,24.380973639655554,410178000
2022-02-04,24.242412567138672,24.557417375083098,23.55757585819483,23.89650525040583,354829000
2022-02-07,24.65012550354004,25.1026943053942,24.125781045791168,24.29524574603593,376868000
2022-02-08,25.028932571411133,25.1505481244359,23.90448448091836,24.28229068862886,410359000
2022-02-09,26.620895385742188,26.640832854205577,25.273154079888435,25.541305995756925,524282000
2022-02-10,25.742673873901367,26.840206412140088,25.519380273324217,25.91313678658992,513200000
2022-02-11,23.873579025268555,26.069642339244744,23.698134593993387,25.834385491481136,605472000
2022-02-14,24.190580368041992,24.796665501968615,23.68019168599295,23.85862884432096,440424000
2022-02-15,26.41156005859375,26.46140183291644,24.705948074593312,24.870427450931633,699869000
2022-02-16,26.427513122558594,26.498290583942875,25.47153350229462,26.176307798231086,732676000
2022-02-17,24.429819107055664,25.703794129520272,24.088897124221745,25.549281592655927,810595000
2022-02-18,23.567548751831055,24.907316200447443,23.02725575627355,24.590316828988254,761255000
2022-02-22,23.316341400146484,23.988218678165815,22.92757016662024,22.9624597952012,633422000
2022-02-23,22.316497802734375,24.07893155363586,22.230770094894353,23.72704258537858,566511000
2022-02-24,23.6732120513916,23.72504833875335,20.82421265561137,20.94881900592277,735801000
2022-02-25,24.08092498779297,24.14073550496428,23.307369674838906,23.646299107713094,528866000
2022-02-28,24.308204650878906,24.58732353254716,23.63234037536328,23.916442673962294,477319000
2022-03-01,23.403064727783203,24.3002319386135,23.059151897859554,24.21450233159208,412056000
2022-03-02,24.147836685180664,24.336274646536083,23.345236751503386,23.68522035856199,389642000
2022-03-03,23.643346786499023,24.253522895989168,23.39907590712297,24.189712498581102,365095000
2022-03-04,22.867666244506836,23.609449084190494,22.415018401859665,23.314331446054602,431415000
2022-03-07,21.288387298583984,22.96438091313516,21.266453480055112,22.749022915307926,450821000
2022-03-08,21.44990348815918,22.306343532359403,20.588477275477324,21.245514318732305,557467000
2022-03-09,22.9454345703125,23.150820212926504,22.1807194875951,22.320301778530236,492742000
2022-03-10,22.590497970581055,22.72010983636164,21.816808864999828,22.463875524126543,428066000
2022-03-11,22.03415870666504,23.076045454723392,21.980318734826213,22.953410808497686,367209000
2022-03-14,21.266448974609375,22.195671367540292,21.095958926406958,21.80384262804617,385354000
2022-03-15,22.904558181762695,22.9693650655766,21.258477785552948,21.453893008438502,491996000
2022-03-16,24.423017501831055,24.523716417538445,23.102962788581674,23.429984670978083,671422000
2022-03-17,24.692214965820312,24.76798684900342,23.834776570421486,24.04813969626861,471941000
2022-03-18,26.374183654785156,26.489839164055603,24.55063450386545,24.725112338972878,730719000
2022-03-21,26.65435028076172,27.071106099040612,25.88963521663449,26.428027300009337,591727000
2022-03-22,26.444974899291992,27.156848316591432,25.994321917033023,26.647369201302396,547007000
2022-03-23,25.557628631591797,26.532713584181124,25.49880439684632,26.04816147769014,502120000
2022-03-24,28.066131591796875,28.23562518243766,25.829814189665502,26.08804332010231,877379000
2022-03-25,27.6094970703125,28.273513231464275,27.189751821010642,27.802919332389703,579016000
2022-03-28,28.13492202758789,28.165829800749353,27.12493975003017,27.67330217918579,425494000
2022-03-29,28.57062530517578,28.85976031919867,27.896638718914144,28.60950867127436,488984000
2022-03-30,27.607501983642578,28.41110037401944,27.42105885059828,28.219672974520872,463487000
2022-03-31,27.20470428466797,28.163838026854247,27.188753110757293,27.699226807551824,523440000
2022-04-01,26.632417678833008,27.414082328036937,26.188743757490492,27.29344253044728,517235000
2022-04-04,27.278484344482422,27.475894378510496,26.533710211634048,26.648367352938315,397120000
2022-04-05,25.85373878479004,27.237603749312893,25.743069446541703,27.17279688323679,436615000
2022-04-06,24.33428382873535,25.224622964462803,23.93148813508022,24.859714163923694,703833000
2022-04-07,24.135875701904297,24.648344247170577,23.40805109513817,24.36818131196346,557992000
2022-04-08,23.05011749267578,23.851722863847915,22.993288112629596,23.84574022331702,524781000
2022-04-11,21.851701736450195,22.253500942815894,21.59546745592254,22.147817756385205,575207000
2022-04-12,21.439931869506836,22.65729475827579,21.218593162457935,22.46985514903304,662258000
2022-04-13,22.136850357055664,22.432966395854017,21.39107965829104,21.663267032253867,516943000
2022-04-14,21.194660186767578,22.70913525716762,21.099943928443917,22.437944431565548,569097000
2022-04-18,21.718101501464844,22.02219119866503,21.016198500677564,21.13683828693259,525701000
2022-04-19,22.131864547729492,22.306342402426626,21.250497509099134,21.655288033662476,512781000
2022-04-20,21.417997360229492,22.602457585796717,21.1368379554735,22.449913552276662,468974000
2022-04-21,20.122867584228516,22.325285752038848,19.940412249254727,21.644320110833693,656209000
2022-04-22,19.456859588623047,20.42496741924135,19.441904885705686,20.242512056651538,624713000
2022-04-25,19.842702865600586,19.885574017830244,19.039104567845087,19.144787739155014,641566000
2022-04-26,18.732025146484375,19.72904585331805,18.614376672651343,19.659254708106264,653143000
2022-04-27,18.360136032104492,19.10989445940128,18.235508451875706,18.542589470786602,499460000
2022-04-28,19.723060607910156,19.977301919519842,18.434910207307524,18.910488306653104,570327000
2022-04-29,18.491743087768555,20.06803212955995,18.46183178332937,19.344195296792407,500435000
2022-05-02,19.474807739257812,19.51568405448222,18.336209816554007,18.48576255245507,572049000
2022-05-03,19.543598175048828,19.7659352569291,19.07599562451621,19.342200337321106,475751000
2022-05-04,20.273420333862305,20.339223690643312,18.695136244226077,19.86364548989257,648855000
2022-05-05,18.787858963012695,19.865637775003147,18.44488396034569,19.807811910008564,626331000
2022-05-06,18.619359970092773,19.453866151773262,17.936401353934347,18.680179051563016,633297000
2022-05-09,16.89950180053711,18.20061223010109,16.776867157808468,17.98027188540069,644455000
2022-05-10,17.542577743530273,18.143781837571737,16.974276274336525,17.636297548198513,761474000
2022-05-11,16.58045196533203,17.70010720962238,16.518638315122686,17.295316703632178,670167000
2022-05-12,16.12681007385254,16.73798466846581,15.520622598818264,16.17067961115199,708728000
2022-05-13,17.653249740600586,17.8745884809046,16.5435666197067,16.737985372316167,670437000
2022-05-16,17.212560653686523,17.734999526687567,17.05503238408511,17.456831495925755,521446000
2022-05-17,18.12284278869629,18.31626502100498,17.58146135414091,18.020149031920944,585830000
2022-05-18,16.88753318786621,18.06401769834439,16.813754263169248,17.652248119677026,545161000
2022-05-19,17.07298469543457,17.634307130960774,16.684145291017686,16.886541532338022,621310000
2022-05-20,16.644262313842773,17.358128675360334,15.708059831340721,17.280361950120188,739105000
2022-05-23,16.847658157348633,16.86460770868563,16.130800340603695,16.225516631801014,639889000
2022-05-24,16.105871200561523,16.547552147553244,15.732985873904111,16.460811455935517,588550000
2022-05-25,16.924427032470703,17.060021530351076,15.952331454150205,15.972272324867756,781132000
2022-05-26,17.797815322875977,18.03809652185166,15.974264096032462,15.9882223241749,996575000
2022-05-27,18.75495719909668,18.82474834379244,18.046075040592772,18.13181926193302,738379000
2022-05-31,18.616371154785156,19.142797955948794,18.29532999144944,18.923452187686582,664100000
2022-06-01,18.26541519165039,18.996231017813137,18.06800517898297,18.668212704516566,544514000
2022-06-02,19.53362464904785,19.560544628460704,18.14377897274522,18.237498762615502,648656000
2022-06-03,18.66422462463379,19.274402636121195,18.466814594887644,19.025147490431646,598779000
2022-06-06,18.730030059814453,19.279389055591135,18.508691344014494,19.081979003796526,422406000
2022-06-07,18.869609832763672,18.943388753536723,18.133807865598357,18.416962071987143,388914000
2022-06-08,18.59637451171875,19.12690128125382,18.483686480121612,18.74695554636219,363252000
2022-06-09,17.99803352355957,18.880583584037574,17.991052933850728,18.42983530392258,395574000
2022-06-10,16.927005767822266,17.648003603750368,16.822295031090142,17.551272041612552,465248000
2022-06-13,15.603682518005371,16.266841466800717,15.562795658882996,15.955704946447169,604153000
2022-06-14,15.792157173156738,16.021519942748558,15.369330314017972,15.68744737975274,469680000
2022-06-15,16.481245040893555,16.821300578805904,15.881908139766276,16.050439932166825,563936000
2022-06-16,15.557808876037598,15.897865381945072,15.358362760963734,15.816091666385807,545749000
2022-06-17,15.836034774780273,15.950716157739642,15.285562995334534,15.604676739581116,630334000
2022-06-21,16.5201358795166,16.960911609240924,16.361575686273117,16.429388214877477,483089000
2022-06-22,16.314708709716797,16.615872682415247,16.135206727012413,16.18107890643938,437135000
2022-06-23,16.180082321166992,16.53908438669256,15.80911149125112,16.473267119438244,463680000
2022-06-24,17.078584671020508,17.09254584996885,16.26484385133375,16.454318352824092,472153000
2022-06-27,16.822294235229492,17.28201830452183,16.579966999575007,17.264068491152564,427968000
2022-06-28,15.937750816345215,17.154372304605772,15.900852604328026,16.853208409572957,461149000
2022-06-29,15.498969078063965,15.776199264816002,15.127999283665375,15.770216310534561,482352000
2022-06-30,15.117032051086426,15.523902477901675,14.820854376855518,15.318472470620367,686070000
2022-07-01,14.482793807983398,15.021298815984416,14.352156906411349,14.857753280318049,577610000
2022-07-05,14.922572135925293,14.929552726095583,14.016089244404482,14.135756912052631,651397000
2022-07-06,15.088109970092773,15.27658681871812,14.748053534921276,14.968442325940817,529066000
2022-07-07,15.814094543457031,15.900853564352674,15.346393177463765,15.413208065905915,492903000
2022-07-08,15.794151306152344,15.99260071355022,15.3463940472355,15.387280900081658,467972000
2022-07-11,15.110050201416016,15.484011966579512,14.996365505258906,15.483014331967349,437321000
2022-07-12,15.040245056152344,15.388278822055844,14.835812677537918,15.225729983268637,458483000
2022-07-13,15.122016906738281,15.332433178961859,14.424952733218012,14.549606661502255,521918000
2022-07-14,15.329442977905273,15.430163196087623,14.687225812732079,15.0661739121478,456235000
2022-07-15,15.718360900878906,15.738305033694623,15.402238169306203,15.615646381948205,385935000
2022-07-18,16.05642318725586,16.850218938777058,15.957698248928537,16.25686691896844,670517000
2022-07-19,16.944955825805664,17.062629156569145,16.127226415976143,16.440356240924725,702366000
2022-07-20,17.75769805908203,17.883350564875844,16.754484694338107,16.90008038178597,760538000
2022-07-21,18.00002670288086,18.093766321144624,17.496425663382336,17.835484504614854,557049000
2022-07-22,17.271053314208984,17.917258166341586,17.089556062811305,17.843463625700892,536671000
2022-07-25,16.97686767578125,17.076591197104143,16.602905897371375,16.971880453577725,480748000
2022-07-26,16.487228393554688,16.872159411075533,16.43238035984879,16.84224178303558,397865000
2022-07-27,17.740745544433594,17.886341221329417,16.866172897497414,16.984842903526864,569776000
2022-07-28,17.9342098236084,18.089778068252926,17.39171718778261,17.925235866496404,474646000
2022-07-29,18.112714767456055,18.193489890290078,17.64301808926749,17.763683382729887,435460000
2022-08-01,18.389944076538086,18.79382347486427,17.940192505913,18.13166037008038,476469000
2022-08-02,18.474708557128906,18.885568560892924,18.041910100984115,18.071827728649904,489527000
2022-08-03,18.8406925201416,18.915485636087563,18.08678506318179,18.133655821615758,418146000
2022-08-04,19.16179656982422,19.220633222492847,18.708056475725563,18.796810747436144,409652000
2022-08-05,18.93642807006836,19.17576338661587,18.614322361680482,18.75792279078178,386068000
2022-08-08,17.743736267089844,18.188502488777342,17.19426311465401,17.453543487866224,981859000
2022-08-09,17.038694381713867,17.398694940794755,16.677697139131496,17.20423514221183,668263000
2022-08-10,18.04689598083496,18.06783774802281,17.269054837998027,17.64900050219798,597422000
2022-08-11,17.8923282623291,18.655211706632087,17.826510993938886,18.080806109395972,509327000
2022-08-12,18.657201766967773,18.666177625548745,17.903294316475968,18.109721945226894,478094000
2022-08-15,18.979310989379883,19.110945527296405,18.561472236217575,18.64922796080583,457666000
2022-08-16,18.826730728149414,19.08900306515244,18.449777011947884,18.867617579479603,451240000
2022-08-17,18.284236907958984,18.63626023321667,18.09476431039142,18.47171804037453,446799000
2022-08-18,18.72102928161621,18.81277364411439,18.13266249363342,18.250335851229977,415447000
2022-08-19,17.79958152770996,18.46872322543329,17.720799787166403,18.355038543269355,441588000
2022-08-22,16.986841201782227,17.509390657788362,16.91902867077679,17.441578126782925,409593000
2022-08-23,17.13343048095703,17.416644561805427,16.923014238335547,16.94196263706093,369986000
2022-08-24,17.17431640625,17.357806968229475,16.848222128016733,16.96489685836931,522661000
2022-08-25,17.8634033203125,17.897309578124734,16.7863936564912,16.797362880591006,770691000
2022-08-26,16.214988708496094,17.874381922267364,16.19205166274967,17.80756795710154,769127000
2022-08-29,15.75725269317627,16.29276564803654,15.723347381626995,15.97564717969457,496132000
2022-08-30,15.425177574157715,15.994595920392342,15.139969108143745,15.915815109572485,530181000
2022-08-31,15.052210807800293,15.496976116815032,14.91758433882462,15.341407879469896,573710000
2022-09-01,13.89841365814209,14.340186988303111,13.233260527452883,14.169659947404499,1178865000
2022-09-02,13.609217643737793,14.131766129658757,13.55337197606146,14.060963550220945,743157000
2022-09-06,13.42772102355957,13.740851814141763,13.314036323816168,13.692984371926862,535751000
2022-09-07,13.680094718933105,13.803788702525829,13.313004492414725,13.529468012385438,512657000
2022-09-08,13.955411911010742,13.973368010349136,13.335947888457856,13.425724579883743,624873000
2022-09-09,14.351428985595703,14.43821377614033,14.091074613961819,14.121997153771227,486612000
2022-09-12,14.46914005279541,14.511036035425132,14.162898875313989,14.333476599142045,484159000
2022-09-13,13.09853744506836,13.887582320478687,13.06661696561573,13.767879095556324,714956000
2022-09-14,13.09554386138916,13.257143051448159,12.881075254382225,13.221231803218423,588507000
2022-09-15,12.897035598754883,13.200283922132007,12.758379308646864,12.982823422794079,523625000
2022-09-16,13.165371894836426,13.179337223190453,12.585807914194328,12.710498889536233,670751000
2022-09-19,13.348916053771973,13.429716127163072,12.97783599693244,12.979830907792524,569685000
2022-09-20,13.143427848815918,13.44966908782649,13.024722540848428,13.182331948586159,524818000
2022-09-21,13.228215217590332,13.996312044305188,13.07758850400222,13.180334501882477,807679000
2022-09-22,12.529946327209473,13.116492959222398,12.39727571074283,13.037687792673827,759162000
2022-09-23,12.48505687713623,12.579822277960686,12.22669736982,12.38929449653901,663309000
2022-09-26,12.197768211364746,12.627703351069655,12.18380288466906,12.460118479404896,547343000
2022-09-27,12.382311820983887,12.70451323216134,12.227695289178223,12.47607929062904,553854000
2022-09-28,12.704514503479004,12.791299318139588,12.323458902869692,12.37932021781137,542414000
2022-09-29,12.189788818359375,12.469096309319497,11.916466059827378,12.417224823009533,532763000
2022-09-30,12.108990669250488,12.601769867420833,12.045148756633207,12.05711917470624,565638000
2022-10-03,12.48106861114502,12.646658600455845,12.075074233627726,12.316476553047927,547478000
2022-10-04,13.134448051452637,13.187317472632325,12.847159945252836,12.847159945252836,584182000
2022-10-05,13.176342964172363,13.2880665303076,12.58979733374113,12.87908032737509,507131000
2022-10-06,13.097541809082031,13.622241522053011,13.070608128835538,13.187319474814661,644157000
2022-10-07,12.04614543914795,12.638676791416017,11.992279039061453,12.474084749119333,672478000
2022-10-10,11.641149520874023,12.094026663340596,11.379797153136787,12.00724185114814,698699000
2022-10-11,11.557356834411621,11.81671332375179,11.255105480239216,11.532418070127365,667482000
2022-10-12,11.471570014953613,11.705988711915621,11.316953468077253,11.550375185170276,492590000
2022-10-13,11.93043327331543,12.048141591530223,10.786268503018803,10.943877897680135,850103000
2022-10-14,11.199244499206543,12.081058872016744,11.176301596444594,12.027192471424224,713432000
2022-10-17,11.85860824584961,11.918460323463654,11.488526149600807,11.489523129293081,580774000
2022-10-18,11.937416076660156,12.461117830022587,11.589278871439754,12.313483940586105,659362000
2022-10-19,12.02120590209961,12.3194674213086,11.804742384541735,11.849631206949502,523131000
2022-10-20,12.163851737976074,12.737429914885366,12.075071081844804,12.083051675521514,652398000
2022-10-21,12.4351806640625,12.467102092739703,11.85761257031653,12.068090417832614,609494000
2022-10-24,12.567851066589355,12.678576698624157,12.034173916407727,12.477076444546938,517457000
2022-10-25,13.228215217590332,13.26711930987685,12.63269102706923,12.662617544617813,505482000
2022-10-26,12.864118576049805,13.354901886783574,12.676583621317251,12.837185850244591,532953000
2022-10-27,13.143427848815918,13.803792003072191,13.089561438709787,13.596306007808995,583113000
2022-10-28,13.799799919128418,13.815761110569417,13.02871112658398,13.07160504486287,521040000
2022-10-31,13.463631629943848,13.803789144395994,13.264126272475048,13.74393706149706,486341000
2022-11-01,13.509519577026367,13.890575176364532,13.485578741755033,13.776856684484033,432817000
2022-11-02,13.186318397521973,14.174868513384318,13.178338754402183,13.815758887447336,672628000
2022-11-03,13.38782024383545,13.746930863679363,12.923970612064814,13.010755424842653,500065000
2022-11-04,14.121002197265625,14.193821673388257,13.663136398930058,13.95142241289194,612576000
2022-11-07,14.265645027160645,14.376370676305802,13.919503702415724,14.192825541805423,410061000
2022-11-08,14.565902709960938,14.854187833198369,14.180856306818514,14.764410169505489,595292000
2022-11-09,13.741942405700684,14.175867398651944,13.724984235954823,14.12698780032859,454414000
2022-11-10,15.71106243133545,15.734005334197544,14.511036451418649,14.763411236851555,700819000
2022-11-11,16.28663444519043,16.348481436653724,15.443724222491777,15.767920535169456,655487000
2022-11-14,16.254716873168945,16.499112040814346,15.882638829501316,16.177907561308043,527852000
2022-11-15,16.624797821044922,16.955975861509707,16.341499544736198,16.680659131421315,545876000
2022-11-16,15.87066650390625,16.321548716407033,15.833758273609781,16.122044306055884,649547000
2022-11-17,15.638242721557617,16.225787271704426,15.496593581923413,15.676148882942353,710894000
2022-11-18,15.370903968811035,15.962438276776751,15.082617967788815,15.926526078879489,492072000
2022-11-21,15.279132843017578,15.438737129847263,15.042718303446582,15.109553050431892,404739000
2022-11-22,15.998350143432617,16.018301155042618,15.084614360133106,15.29010540365976,472866000
2022-11-23,16.478160858154297,16.486142404800624,16.008326496462395,16.05820212549382,427241000
2022-11-25,16.229778289794922,16.44624088571978,16.1320209884095,16.277659960613633,167934000
2022-11-28,15.787871360778809,16.316561753105944,15.686124245692138,15.986378789361892,303741000
2022-11-29,15.600335121154785,15.892610948250487,15.481629846314512,15.787870048545495,298384000
2022-11-30,16.885478973388672,16.892463422668655,15.562418742832724,15.662196453752513,565298000
2022-12-01,17.097009658813477,17.22672059418411,16.598118225185257,16.961311508590725,470977000
2022-12-02,16.83858871459961,16.895463468352688,16.408544399522622,16.62207070441096,371389000
2022-12-05,16.57317352294922,16.957320143368804,16.43547900431618,16.64202078226574,352255000
2022-12-06,15.951558113098145,16.53625847140246,15.783930339637903,16.49335453097424,352694000
2022-12-07,16.084260940551758,16.150114595724432,15.632264273659429,15.737031971375904,372388000
2022-12-08,17.130935668945312,17.140913726572844,15.923617339692608,16.236922259213415,515456000
2022-12-09,16.963306427001953,17.54401680190964,16.937365000489294,17.121954302942694,465338000
2022-12-12,17.496124267578125,17.499117875319435,16.75976146929497,16.99922915428006,457328000
2022-12-13,18.031932830810547,18.748341354532826,17.67173314781312,18.48991481040543,656589000
2022-12-14,17.63481330871582,18.2115327974786,17.381376762267838,17.94711905663919,496888000
2022-12-15,16.914417266845703,17.281601445328924,16.662977044280925,17.107987414571323,478542000
2022-12-16,16.534257888793945,17.003217021729515,16.37361555870543,16.826609420854215,478232000
2022-12-19,16.21796417236328,16.57217667143344,16.109206574205285,16.53525994983705,354039000
2022-12-20,16.049341201782227,16.273842793219973,15.816858875179861,16.028387846789393,403260000
2022-12-21,16.464418411254883,16.59014043707696,16.066302786245483,16.078277218761983,325025000
2022-12-22,15.304991722106934,16.102221001275094,14.849005155476785,16.058317929250357,565045000
2022-12-23,15.17228889465332,15.304993457460409,14.850005025607482,15.162310836101799,349326000
2022-12-27,14.089693069458008,15.066522651056324,14.024836646016347,15.04058027199165,464902000
2022-12-28,14.004880905151367,14.23037967097622,13.85321747946532,13.896122364527548,351066000
2022-12-29,14.570625305175781,14.650447871616409,14.195459433216843,14.370071654140734,354923000
2022-12-30,14.5816011428833,14.59656727894766,14.201445300640174,14.302221216588292,310490000
