Date,Close,High,Low,Open,Volume
2013-01-02,47.286258697509766,47.286258697509766,46.577543424850326,46.78198242240389,9987000
2013-01-03,46.98643493652344,47.36123818163028,46.97962411323186,47.3203524454738,7741900
2013-01-04,47.08184051513672,47.13635829846695,46.802445973997735,47.02732793090846,5853700
2013-01-07,46.761566162109375,46.966000076852545,46.59801279139168,46.966000076852545,5269800
2013-01-08,46.68657684326172,46.836498074843995,46.611616227470584,46.69338766353405,7362000
2013-01-09,46.938720703125,47.095457981905184,46.75472974021818,46.86376007402583,5762900
2013-01-10,47.20449447631836,47.21812651926115,46.80243759422389,47.00687664555734,12855000
2013-01-11,47.170413970947266,47.22493173203847,47.02730874740774,47.22493173203847,12193500
2013-01-14,47.449806213378906,47.68150408779852,47.17722781867293,47.231740378154356,11570700
2013-01-15,47.620201110839844,47.67471890468354,47.12274053954934,47.129556563555546,7563400
2013-01-16,47.63528823852539,47.88260196430895,47.477285450040014,47.69024800897778,7061000
2013-01-17,47.86199951171875,48.06122477427308,47.63529436040663,47.78643112794804,6263300
2013-01-18,48.0474967956543,48.088714016181214,47.86200882077542,47.87575138845365,10610800
2013-01-22,48.054351806640625,48.07496565342574,47.916957608922566,47.9925259900433,8313600
2013-01-23,48.562721252441406,48.56958729336327,47.95130817022847,47.978782816421145,10588600
2013-01-24,48.377227783203125,48.67262998785001,48.226091040185835,48.55584441051919,8877200
2013-01-25,50.3214111328125,50.3214111328125,49.29093854988801,49.29093854988801,28760300
2013-01-28,50.67862319946289,50.99463930332819,50.28017791084472,50.651148551629575,14010000
2013-01-29,51.523616790771484,51.7365793963056,50.50688177994879,50.5274956293179,17576700
2013-01-30,51.57855987548828,51.85335345766289,51.296895012415106,51.35185477710036,12677800
2013-01-31,51.63352584838867,51.702222941879285,51.2969011801558,51.4068207227426,11661500
2013-02-01,52.1556396484375,52.189990823512595,51.64040346983168,51.72971442852556,12204000
2013-02-04,51.69534683227539,52.07318867306516,51.489250329798836,51.99762030490721,11086000
2013-02-05,52.00448989868164,52.68460525858174,51.7434388534562,51.82587850833104,14851700
2013-02-06,52.31364822387695,52.34112811595311,51.551098252837406,51.74345225611702,17015800
2013-02-07,52.31364822387695,52.49913094382415,52.06633443644502,52.196862613493394,9897000
2013-02-08,52.038848876953125,52.54034768053248,51.90832071412023,52.31364252653415,9130700
2013-02-11,52.0800666809082,52.155635066431785,51.6060530022865,51.80527826946205,6928200
2013-02-12,52.196834564208984,52.423534379820815,52.080043775332406,52.183092004929065,6281000
2013-02-13,52.595298767089844,52.60904133135646,52.19685350465172,52.21746210979907,7113300
2013-02-14,52.74644470214844,52.87697287912479,52.38234530453388,52.416696479923495,10049400
2013-02-15,52.58155822753906,52.87008916445701,52.35485310228114,52.70521509211137,11165600
2013-02-19,53.158626556396484,53.42654892196142,52.547213441004416,52.595301936330095,11783500
2013-02-20,52.952518463134766,53.254786663099274,52.84259894223768,53.08304134263601,9275400
2013-02-21,52.92506408691406,53.03497841952642,52.141905467506184,52.402956593557555,10305200
2013-02-22,52.890689849853516,53.028089257281124,52.72581580219187,52.93191229270754,8433200
2013-02-25,52.1556396484375,53.357857398517744,52.1556396484375,52.94566950388378,9970400
2013-02-26,52.26555252075195,52.47164382104308,52.05258469682252,52.20372146178768,8378900
2013-02-27,52.72582244873047,52.863216632226305,52.00448988224698,52.176235232242846,7567800
2013-02-28,52.33424377441406,52.83574250747862,52.32737249279614,52.66399715579588,10466900
2013-03-01,52.54720687866211,52.70521491000108,51.908313954121475,52.00449093276181,9599700
2013-03-04,52.677738189697266,52.677738189697266,52.18998198549899,52.38233595433746,7631000
2013-03-05,52.93192672729492,53.165497921739735,52.70522157415527,52.746438786997786,9716200
2013-03-06,53.03497314453125,53.20671853067449,52.767050761448054,52.90445021511459,7194700
2013-03-07,52.828857421875,53.23417383013753,52.746417787757665,53.04869120493706,7111400
2013-03-08,53.021240234375,53.03497756025881,52.526612642498925,52.90445461997472,7252800
2013-03-11,53.13800811767578,53.16548800152759,52.8288685965338,52.9113030068373,6621000
2013-03-12,53.01436233520508,53.20671632109688,52.897576735378344,53.028104900627646,7016700
2013-03-13,52.76018524169922,52.966276562358175,52.56782600466292,52.94566795441761,6340300
2013-03-14,53.16551971435547,53.22047951484218,52.78081159345852,52.80829149370189,8079100
2013-03-15,52.44416427612305,53.158625652566194,52.44416427612305,52.952534350925724,15237000
2013-03-18,52.32050323486328,52.588425547711694,52.073189524349075,52.141886612547054,7081800
2013-03-19,52.973140716552734,53.02122920902697,52.28615925763363,52.30676786280079,9326400
2013-03-20,53.2960319519043,53.460906062679705,53.08306409918035,53.096806665809495,8615800
2013-03-21,53.04185485839844,53.35786580209629,52.99376635047168,53.1861203821787,6319500
2013-03-22,53.08305740356445,53.206714281361954,52.89757470749461,53.021231585292114,5868400
2013-03-25,52.677738189697266,53.3235024347286,52.512864108014654,53.08305473242796,6843600
2013-03-26,53.17237091064453,53.241068014670915,52.822008866481,52.91131457758999,5386000
2013-03-27,52.93881607055664,52.97316725721429,52.60219645458355,52.88386150966169,5274600
2013-03-28,52.93881607055664,53.00751844387194,52.66402754231628,52.86324765291398,8016700
2013-04-01,53.378475189208984,53.48152349090717,52.71210735290332,52.79454180125839,7266000
2013-04-02,54.24406051635742,54.374588683143116,53.34411639694806,53.47463932248067,13373600
2013-04-03,53.66700744628906,54.326509189804796,53.474648184999765,54.189109717455295,8426700
2013-04-04,53.955528259277344,54.25780179995351,53.756302993036506,53.80439148893926,8770600
2013-04-05,53.742549896240234,53.85246417979389,53.467756325478945,53.502102246041964,6562600
2013-04-08,54.12727355957031,54.18909937939215,53.50211787246715,53.66699720783128,6284500
2013-04-09,53.763160705566406,54.19595705945118,53.63263257481077,54.14786857568621,6760600
2013-04-10,54.4364128112793,54.608158186969696,53.879959471243325,53.921176684208085,7947600
2013-04-11,54.73181915283203,55.04783003874215,54.49824794025846,54.52572783137064,11831600
2013-04-12,55.013492584228516,55.411943204882625,54.59443335237749,54.62191324772475,9383400
2013-04-15,54.718082427978516,55.535586922204644,54.68373125339824,54.814259427299234,10877200
2013-04-16,55.02720642089844,55.10277479053075,54.525712958340584,54.84172375805214,9365600
2013-04-17,54.312740325927734,55.05468139363554,54.16847488074867,54.94476711022591,10964600
2013-04-18,54.86920928955078,55.08217185793454,54.31275076122986,54.33335936575056,10896200
2013-04-19,55.94089126586914,56.12637392330894,55.095901903361394,55.212692715640095,13147600
2013-04-22,55.92030334472656,56.050826284805886,55.72794933513288,55.85847227521221,7530300
2013-04-23,56.70344161987305,56.70344161987305,55.308870309072155,55.96150049923701,12684800
2013-04-24,53.36924743652344,55.09239716908514,53.23776031323747,55.0093518365215,25708200
2013-04-25,52.995567321777344,53.749876187329605,52.836398373028814,53.749876187329605,14702300
2013-04-26,53.355411529541016,53.43845687396743,52.995558929879806,53.092442525163975,8769100
2013-04-29,53.756797790527344,53.96440854395844,53.44538694014147,53.67375243320274,6638100
2013-04-30,53.127037048339844,53.902111035753904,53.00939344517937,53.88135102105025,9653800
2013-05-01,53.27928161621094,53.81906309140975,53.09243621316494,53.168559783232396,8388800
2013-05-02,53.812137603759766,54.17199010043485,53.38307803332238,53.556085158211225,7288200
2013-05-03,54.10973358154297,54.29657903451737,53.74295916216899,54.04744824404434,7884000
2013-05-06,53.80524826049805,54.2550681121973,53.64607928660016,53.99901551236563,7204200
2013-05-07,53.93672561645508,54.11664930054192,53.473062314241844,53.964407401643975,9574200
2013-05-08,54.28273391723633,54.33117571593807,53.445379808386164,53.90903777878285,12067300
2013-05-09,54.12358474731445,54.59416465495043,53.992097554372016,54.37271559722539,7189400
2013-05-10,54.504173278808594,54.52493329176697,54.13739897051963,54.26196432802901,6162500
2013-05-13,54.386531829833984,54.649506109228504,54.26888822050479,54.331173547641335,5420200
2013-05-14,54.99552917480469,54.99552917480469,54.49034583143904,54.62183299199189,6867400
2013-05-15,55.832881927490234,56.05433092489198,54.99552774107237,54.99552774107237,11154400
2013-05-16,55.50069808959961,55.874394210811836,55.28617088806956,55.70138704060765,8065600
2013-05-17,55.37614059448242,55.48686773345149,54.88480079476852,55.300022286141925,8549900
2013-05-20,54.73253631591797,55.348446592144064,54.51800915168481,55.348446592144064,7307300
2013-05-21,54.531864166259766,54.82251495575225,54.1304862494787,54.78791140853456,7377700
2013-05-22,54.545711517333984,55.1408567264001,54.40730786489294,54.559549770673726,8873300
2013-05-23,54.46266555786133,54.74639990592804,54.13741645023288,54.165092956607374,7141200
2013-05-24,56.66331100463867,56.98856535532991,56.35882195102666,56.66331100463867,25580900
2013-05-28,55.95743942260742,56.836313522098905,55.89515409600419,56.78095524038025,14372700
2013-05-29,54.60107421875,55.535312057218334,54.58031419919128,55.47303199854216,9992500
2013-05-30,54.73253631591797,55.27923951228661,54.60105447965841,54.60105447965841,14761500
2013-05-31,53.120121002197266,54.53877657618519,53.113199237318995,54.52493832618827,16461900
2013-06-03,53.74295425415039,53.77063075744365,52.677229365511,53.19625091830394,11720600
2013-06-04,53.54228210449219,54.303512898406105,53.11322225203507,53.7775694147106,11379300
2013-06-05,53.05093765258789,53.43155037717904,53.030172350727454,53.34158852149636,8826900
2013-06-06,53.1616325378418,53.265437875391505,52.476525757627755,52.98170363807288,11099900
2013-06-07,53.80524826049805,54.17202274149906,53.47307205746673,53.590720985896304,7839500
2013-06-10,54.02670669555664,54.130512107036395,53.46616486523353,53.7637375622688,8966400
2013-06-11,54.06129837036133,54.497274666983095,53.59763500502041,53.75680397158724,6781200
2013-06-12,53.7014274597168,54.59414513948921,53.61838739260502,54.421137959992855,7834200
2013-06-13,54.27581024169922,54.45573917901366,53.3830926001036,53.65990513141199,6927700
2013-06-14,53.99901580810547,54.52495926588484,53.74988497440797,54.31734847788303,6825900
2013-06-17,54.64259719848633,54.99553338926054,54.15125735003181,54.15817911684416,7359900
2013-06-18,54.69795608520508,54.829443244564146,54.46266355160257,54.63567074875475,6051400
2013-06-19,53.70835494995117,54.9955289249835,53.69451141745024,54.70487809959186,7424500
2013-06-20,52.07515335083008,53.5145741391647,51.97134800248453,53.43152880453639,15555700
2013-06-21,53.58380126953125,53.653003107881275,52.37967238700298,52.76720690557257,20055700
2013-06-24,52.995567321777344,53.58379075193695,52.33813678709006,53.25161460139085,12563300
2013-06-25,53.071685791015625,53.452298430381006,52.79487323890244,53.355414829105435,7909400
2013-06-26,53.56303405761719,53.69451594890826,53.3000597155128,53.44539042023424,7326500
2013-06-27,53.749874114990234,54.24121391558034,53.68067229289146,53.950563094909114,14731500
2013-06-28,53.27928161621094,53.93671196863358,53.21700157511538,53.715263022917156,9865300
2013-07-01,53.99208068847656,54.28965326181739,53.286213687400355,53.30005193928954,6699200
2013-07-02,54.28273391723633,54.40037753126055,53.77755063383809,53.94363604656405,10228500
2013-07-03,54.3726921081543,54.49725747929736,53.583779850834766,54.17200316132603,5339900
2013-07-05,54.21352767944336,54.6841074227417,53.82599328370126,54.5941455893759,7264700
2013-07-08,54.504173278808594,54.725622216629816,54.324244366904125,54.35192614410167,11141400
2013-07-09,55.064735412597656,55.29310620036179,54.71872098741362,54.71872098741362,11456200
2013-07-10,55.22389221191406,55.431497653456624,54.877877862916506,55.120086851262805,6862800
2013-07-11,55.895164489746094,56.04741167224243,55.56299361862752,55.74292258701055,9185400
2013-07-12,56.43497085571289,56.49725093561375,55.82598191572612,55.82598191572612,12586300
2013-07-15,56.407257080078125,56.46261535979475,55.95051563403848,56.3103734908745,10024700
2013-07-16,56.0335807800293,56.310393395498785,55.992060735625394,56.27578983865454,11208600
2013-07-17,55.839725494384766,56.369608283781,55.78395255811192,56.1186114529779,7644300
2013-07-18,55.98613357543945,56.299876891695476,55.79788333024091,55.79788333024091,5526000
2013-07-19,56.73217010498047,56.76005923693884,55.8118500275864,56.02798415112873,7862600
2013-07-22,56.627601623535156,56.78795752403319,56.40449383030922,56.63457523812923,4813600
2013-07-23,56.43933868408203,56.753087439166784,56.320813858949386,56.62758900099452,4311700
2013-07-24,55.96523666381836,56.47420405318849,55.86762735396246,56.43934130567919,5606600
2013-07-25,56.0628547668457,56.17440599103239,55.66543857012474,55.78396872741585,6239900
2013-07-26,56.04890060424805,56.06981612373835,55.35168825159482,55.79093011881543,6543500
2013-07-29,55.839725494384766,56.09072232518786,55.81184168590196,55.84669910615908,4389400
2013-07-30,56.083778381347656,56.40449551121074,55.88855972137096,56.11863581673805,6434100
2013-07-31,55.98613357543945,56.76003942946422,55.88852430730175,56.083742843577156,11857000
2013-08-01,56.9204216003418,57.331779694594836,56.62062004666877,56.9064796924236,10724800
2013-08-02,56.676395416259766,56.8228093787961,56.16742803470248,56.76703111136082,6626300
2013-08-05,56.75309753417969,56.92740065601727,56.44632233756661,56.50907422746889,4662800
2013-08-06,56.990135192871094,57.15049637159667,56.68336538034307,56.68336538034307,6212500
2013-08-07,57.143531799316406,57.3178349119251,56.739147301430116,56.7600681431626,5828500
2013-08-08,57.289939880371094,57.45030106796559,56.829782476475636,57.24810883982832,6207900
2013-08-09,56.9204216003418,57.21324954040141,56.60667813875058,57.1156402270482,6127200
2013-08-12,56.90645980834961,56.98315357337312,56.50207546900866,56.634547484832325,4922200
2013-08-13,56.93437576293945,57.164451847121995,56.70429435944763,57.01803785925701,4936400
2013-08-14,56.64852523803711,57.01804707465407,56.6066941831175,56.94135326109469,5167500
2013-08-15,56.1116828918457,56.53000946628879,55.895543328256494,56.44634202367577,7415300
2013-08-16,55.70726776123047,56.11165220037347,55.12160662190128,55.96523292606011,9451600
2013-08-19,55.49113082885742,55.83973701922132,55.372606000767696,55.52599357561714,5959400
2013-08-20,55.44929885864258,55.84670969622291,55.27499576638264,55.581770910938765,5172500
2013-08-21,55.344722747802734,55.86066379426394,55.11464668039046,55.42839015733104,7390900
2013-08-22,55.616615295410156,55.81183918117915,54.98912856586998,55.28893002702435,6274400
2013-08-23,55.783966064453125,55.82579710661265,55.49113281141096,55.68635675320858,5219600
2013-08-26,54.759071350097656,55.76305906991051,54.75209773556859,55.721222702045424,6385400
2013-08-27,54.36167907714844,54.63359162464655,53.91546334180225,54.291958865871436,7052200
2013-08-28,53.580753326416016,54.28493909603242,53.580753326416016,54.28493909603242,9008500
2013-08-29,53.901485443115234,54.27100714004049,53.28096687293731,53.51802183959066,5961000
2013-08-30,54.305885314941406,54.431383787224476,51.32181643988791,54.05488837037526,9039100
2013-09-03,54.20827102661133,54.67540211766626,53.9921368571729,54.57081918044119,6743800
2013-09-04,54.0269889831543,54.20826570191761,53.76902379188854,54.04790450468302,6031300
2013-09-05,53.78296661376953,54.12459921626436,53.56683246188833,54.08974178622701,7163200
2013-09-06,53.78993606567383,54.11065312147003,53.267026781793604,53.76902054540795,6977400
2013-09-09,54.494136810302734,54.52202063200055,53.943338243850235,53.943338243850235,6089300
2013-09-10,54.34769821166992,54.82877641460765,54.229173393913854,54.731167115360556,6650200
2013-09-11,54.5707893371582,54.5707893371582,53.85963532769504,53.8666089381788,7049800
2013-09-12,54.56385040283203,54.94034578192666,54.50109851332837,54.6614597248963,6944900
2013-09-13,55.11465072631836,55.20528643714586,54.668435148028806,54.689350672119055,4894100
2013-09-16,55.8885612487793,55.92341868512233,55.57481240583396,55.58178602082644,7512800
2013-09-17,55.65846252441406,55.95129043134606,55.52599047728901,55.74909821390025,5457700
2013-09-18,55.98613357543945,56.1116319658031,54.752065183645946,55.12158674435385,10372100
2013-09-19,55.86066436767578,56.14651871104124,55.623609364566654,56.12560318827168,8157300
2013-09-20,55.351707458496094,55.902506046534825,55.351707458496094,55.839754146981065,11146100
2013-09-23,55.275001525878906,55.4841673861086,54.84970151090495,55.21922325390981,6304900
2013-09-24,54.81483459472656,55.41443761636134,54.793913756876904,55.05885784322726,7692100
2013-09-25,54.18734359741211,55.07977453627771,54.18036998464685,54.96821800926552,7589300
2013-09-26,54.417423248291016,54.480169803298104,54.117621740427815,54.31981394985256,4632600
2013-09-27,53.83176040649414,54.20825568234762,53.52498529595257,54.20825568234762,6551300
2013-09-30,52.70228958129883,53.79691829745687,52.53496007305628,53.545921375438475,15028300
2013-10-01,53.09969711303711,53.33674676762524,52.597703351193665,52.65347629860316,8076100
2013-10-02,52.93934631347656,53.085760302857956,52.58376644251643,52.92540440371567,8522900
2013-10-03,52.8765983581543,53.08576425530628,52.43038274225246,52.9114611141162,9251600
2013-10-04,53.00208282470703,53.07180831820315,52.64650834055675,52.974199010478564,4984700
2013-10-07,52.74410629272461,53.057849668676404,52.625581490192346,52.7510799044345,6373300
2013-10-08,53.21822738647461,53.68535844959672,53.02300875229276,53.260058431139626,9656600
2013-10-09,53.650489807128906,53.79690908599306,53.057860355790766,53.39252463428157,8470700
2013-10-10,54.305885314941406,54.32680084043698,53.78994951524861,53.97122626839297,10121900
2013-10-11,54.71723937988281,54.72420767498518,54.25010296187154,54.38257503914585,6082200
2013-10-14,54.89850997924805,54.940346345782885,54.33376956446469,54.38954784030504,6326100
2013-10-15,54.103694915771484,54.80788110800594,53.99214366948345,54.647519874786475,11192500
2013-10-16,55.04664993286133,55.152050518391576,54.287777511015776,54.35101464579604,6562600
2013-10-17,55.805545806884766,55.840681133750664,54.793713796105166,54.941272519325146,8671300
2013-10-18,55.79849624633789,55.91091958872754,55.35581492827165,55.78443997797941,7958500
2013-10-21,55.48934555053711,55.73527673924747,55.11693469893316,55.70014141476119,6478700
2013-10-22,56.4801139831543,56.6417290150031,55.70718487986283,55.72826393599543,9572300
2013-10-23,56.8525276184082,57.091430724516165,56.38876696175289,56.452004127170035,8960700
2013-10-24,56.641719818115234,56.88062289669322,56.38876046379828,56.75414321953474,7521100
2013-10-25,56.21306228637695,56.71898070469761,55.8687587809236,56.599529233953945,9606500
2013-10-28,57.12654495239258,57.52003479868286,56.17794493439021,56.29037366812863,9820900
2013-10-29,57.941619873046875,58.05404858358737,56.98599727703669,57.238956514856795,9482900
2013-10-30,57.2811279296875,58.01189863555677,57.07736022598585,57.99081958764951,6490000
2013-10-31,56.740055084228516,57.337317749778244,56.71897604534598,57.05625138925633,7786800
2013-11-01,57.02115249633789,57.147632159404104,56.66279255750066,56.69089974494847,6802300
2013-11-04,57.147621154785156,57.42868761424188,56.85250378475916,57.23896547572744,5460100
2013-11-05,57.21788787841797,57.43571184358714,56.810341769929806,57.007086688262866,4949300
2013-11-06,58.18756103515625,58.391334087565276,57.147622087361746,57.36544605056933,9526400
2013-11-07,57.843257904052734,58.39133456492464,57.69569921542545,58.25783214810773,10087700
2013-11-08,57.97675323486328,58.01891131944969,57.38651324617453,57.815138309122375,9768400
2013-11-11,57.80110168457031,58.09621907139383,57.63245858275934,57.86433882707659,6173600
2013-11-12,58.1805305480957,58.349168259809225,57.702719230827235,57.78001263221597,8201700
2013-11-13,58.67240524291992,58.67240524291992,57.94163452233516,58.018927940149716,7581600
2013-11-14,59.24858093261719,59.3469533851566,58.623210901089514,58.623210901089514,7580500
2013-11-15,59.61396408081055,59.67017844300712,59.1361580848297,59.14318085943179,9664700
2013-11-18,59.424251556396484,59.68423897946365,59.15021322222432,59.57883838303658,8507300
2013-11-19,59.26264190673828,59.4383077962331,59.17129757412409,59.24156285774251,7924200
2013-11-20,59.50857925415039,59.71235233205737,59.19237743219918,59.241563667494134,7680900
2013-11-21,59.49452209472656,59.649108935036544,59.38209871325408,59.613973612821546,7287700
2013-11-22,59.69126510620117,59.72640042728204,59.18535186455913,59.396147708352316,7436200
2013-11-25,60.01448059082031,60.30256978286649,59.62098546092617,59.69827885996452,9670500
2013-11-26,59.47342300415039,60.260407852846285,59.47342300415039,59.86691274805049,7111600
2013-11-27,59.220489501953125,59.649114742398474,59.037795458263794,59.64208660509173,4905000
2013-11-29,59.178321838378906,59.87395721420765,59.1291356069748,59.564783553440584,4954500
2013-12-02,58.55999755859375,59.1291588726731,58.39135975041063,59.05186542706849,7497500
2013-12-03,58.90428161621094,59.02373312282042,58.4826845946559,58.53187082448904,7533200
2013-12-04,58.56699752807617,58.66536998227625,58.032971804635245,58.58807657384809,6807200
2013-12-05,58.103240966796875,58.63726131581574,57.829202656909246,58.595103225339656,8186600
2013-12-06,59.38909912109375,59.396127255069224,58.440504748433185,58.48266819139054,7189400
2013-12-09,59.57181930541992,59.684248054943716,59.26264560512733,59.36102344140957,7395300
2013-12-10,58.7778205871582,59.32589742483202,58.623233712758164,59.311846509385965,7373300
2013-12-11,59.037784576416016,59.37506541329808,58.74969533071617,58.84103965527524,9787900
2013-12-12,57.8292121887207,58.93239374548344,57.56922474583998,58.89725842369776,10176300
2013-12-13,57.878379821777344,57.941616947591555,57.309218884970875,57.843244511283416,7441600
2013-12-16,57.40058898925781,58.37026278999697,57.33734648002612,58.124331611646205,8849700
2013-12-17,56.8525276184082,57.51302790999432,56.69794073285644,57.470869799716226,11416400
2013-12-18,57.885414123535156,57.913521305348944,56.55035783320949,57.0632991588449,12036100
2013-12-19,57.548152923583984,57.82219131305215,57.27411453411581,57.60436730114107,6442600
2013-12-20,57.5059928894043,57.99786068101477,57.49194197462614,57.604370736445134,13206100
2013-12-23,57.13357925415039,57.71679136606173,56.922783377208894,57.71679136606173,8653600
2013-12-24,57.13357925415039,57.34438049199006,57.09142115094173,57.14763552915206,2899100
2013-12-26,57.44977569580078,57.541120031109,57.119522956066795,57.26005352744831,5347000
2013-12-27,57.625431060791016,57.95568374017913,57.52003047106552,57.68164006253416,4006000
2013-12-30,57.618385314941406,57.65352062107683,57.31623990921994,57.61838531494141,4145600
2013-12-31,57.203857421875,57.61842645361467,56.97899987949553,57.49897490489973,5765300
2014-01-02,56.592498779296875,57.16868242966751,56.43791200660558,57.14760338991782,6981700
2014-01-03,56.52926254272461,56.81032894585259,56.34657393745281,56.74709181961906,6925600
2014-01-06,56.66279983520508,56.90170827874765,56.423896752561056,56.64172078213632,7208200
2014-01-07,57.21086502075195,57.32329376211315,56.648737396638325,56.71197454298091,7158200
2014-01-08,56.38173294067383,57.021159471307534,56.248230485088705,56.89467979277001,13458800
2014-01-09,56.5081901550293,56.77520568184761,56.23415185395521,56.59251169416609,10833900
2014-01-10,56.42385482788086,56.83842352592517,56.35358422200017,56.62762243007224,8448300
2014-01-13,56.220115661621094,56.564419321658065,55.995263525958485,56.220115661621094,9360800
2014-01-14,56.82439041137695,56.859520364420916,56.22712223977093,56.255229418743845,8737100
2014-01-15,56.7681999206543,57.0422383297347,56.38876088633562,56.70495740115194,8221900
2014-01-16,56.60657501220703,56.79629717662939,56.395779159501416,56.669817520647,11673300
2014-01-17,56.12876892089844,56.66279478157213,56.07255990469441,56.50820792499042,13629800
2014-01-21,56.339561462402344,56.719000407953736,55.88985723676304,56.62765071903194,13216400
2014-01-22,56.093204498291016,56.55338674003452,55.96576800327418,56.3339148769597,8455600
2014-01-23,55.39227294921875,55.909099972546635,55.30731892997917,55.72502392844276,12667700
2014-01-24,56.05778884887695,57.84189391546485,55.774596110931455,56.163986800788045,20163200
2014-01-27,55.55511474609375,56.14273863097201,55.51971363439698,56.100256216645626,10395400
2014-01-28,56.00822067260742,56.29848926188843,55.526794723221926,55.696708175519376,10060800
2014-01-29,54.96748733520508,55.78874554111756,54.78341128880212,55.78874554111756,13443100
2014-01-30,54.42236328125,55.25777895688061,54.35156103978512,55.25777895688061,9450500
2014-01-31,54.245361328125,54.64890920458394,53.282509306845455,53.8276508446594,12988800
2014-02-03,53.594024658203125,54.344486302497636,53.5232278166723,54.29492797328078,14292700
2014-02-04,53.8701286315918,54.082524528107506,53.381626711928895,53.80641310350829,12055400
2014-02-05,54.125,54.37279700600392,53.57277716658347,53.76393454827496,9734100
2014-02-06,54.44358444213867,54.50729995740797,54.14623456798005,54.18163027597935,7819700
2014-02-07,54.733848571777344,54.790488181720335,54.33738210507742,54.50729553345589,7259200
2014-02-10,55.243621826171875,55.28609885410086,54.648921829353334,54.81883534252246,8959700
2014-02-11,55.81707000732422,56.00822739035654,54.96749724248609,55.2931669823891,10500800
2014-02-12,54.861305236816406,55.59760423341233,54.55687397285321,55.31441148065198,11019700
2014-02-13,55.080814361572266,55.165768455593344,54.51442852797212,54.57814409848793,7420600
2014-02-14,56.21355438232422,56.46134604328942,54.69139789146216,55.00291049464875,10791900
2014-02-18,55.2011604309082,56.37640354854242,54.91088625398091,56.270210948646806,15750700
2014-02-19,55.32147979736328,55.902022373577736,54.903774771229656,54.967490289880054,8740000
2014-02-20,55.16573715209961,55.53388935547044,54.86838718884416,55.19405696785525,8275200
2014-02-21,55.2011604309082,55.852500250390044,55.15868339094995,55.25780008515568,8089200
2014-02-24,55.123260498046875,55.76751875607803,54.946265699479156,55.2436156647243,7838700
2014-02-25,55.307342529296875,55.441854917638814,54.79759659055032,55.03123104605135,8177500
2014-02-26,55.123260498046875,55.76751875607803,55.09494068210173,55.38521474445004,7764700
2014-02-27,55.35689163208008,55.38521144633882,54.91086130932025,55.05953628308943,6549800
2014-02-28,55.689659118652344,55.86665395886959,55.22947145379673,55.39230368198243,8489600
2014-03-03,54.854225158691406,55.51264596312467,54.76218441521501,55.40644801374148,8598600
2014-03-04,55.54095458984375,55.732111959113126,55.15156935126618,55.28608169845226,8306900
2014-03-05,55.09491729736328,55.51262765344355,54.90376537268268,55.44890674424982,8542300
2014-03-06,55.26484298706055,55.533878483342555,55.109086731623904,55.25068578268062,6475600
2014-03-07,55.491390228271484,55.64714646731882,55.30023828127307,55.51263413478325,5865400
2014-03-10,55.59760284423828,55.625922658951964,55.363968423939696,55.42768935740856,5229900
2014-03-11,55.89494323730469,56.2064557444274,55.62591314571325,55.64007034992272,6595800
2014-03-12,56.100250244140625,56.24892517482665,55.66130675395829,55.68962656001049,7469300
2014-03-13,56.06485366821289,56.468401445659815,56.06485366821289,56.15688898536724,9676600
2014-03-14,55.91617202758789,56.09316674033463,55.69669491079595,56.00112603277834,14850700
2014-03-17,56.525047302246094,56.60292543336578,55.94450467118676,55.94450467118676,8452100
2014-03-18,56.47547149658203,56.694948616988135,56.291400881338284,56.5250298009092,7703200
2014-03-19,55.77460479736328,56.574624811764714,55.58345277531475,56.41178720661348,8607200
2014-03-20,55.448917388916016,55.88078502914033,55.32856225021779,55.71794747567405,8659500
2014-03-21,55.13742446899414,56.46134766920911,55.13742446899414,55.958683027789284,21244400
2014-03-24,56.142730712890625,56.517958677570576,55.5551069108878,55.576345414329985,11221600
2014-03-25,56.50381088256836,56.63124733806993,56.24186206953039,56.29849629306848,8892500
2014-03-26,56.28432083129883,56.765746684655994,56.163965718322075,56.65954877260879,8269800
2014-03-27,56.390506744384766,56.942729287786236,56.19934946308484,56.31970995190107,8134100
2014-03-28,56.468414306640625,56.864880872619,56.29849543426259,56.595850760198225,6413500
2014-03-31,57.063114166259766,57.225951735289485,56.319739354911555,56.638327788139094,8492800
2014-04-01,56.8790283203125,57.23301780819531,56.7869929979853,57.06310436641782,8222300
2014-04-02,56.730350494384766,56.871949523197024,56.49672154938319,56.77283290375377,6741800
2014-04-03,56.70912551879883,57.048957867567054,56.588770366684805,56.83656197440542,5646000
2014-04-04,56.47547149658203,57.034775446245874,56.46131429596715,56.97105994130382,8649600
2014-04-07,56.98524475097656,57.39587398660664,56.58877812427314,56.65249366008504,13229000
2014-04-08,57.59409713745117,57.615335645640926,56.65248366372603,56.99939730233112,11880700
2014-04-09,57.69321060180664,58.2241948831376,57.5728554610533,57.91268777774374,11550700
2014-04-10,57.41000747680664,58.14630619468451,57.268413854751465,57.75692103330757,12194300
2014-04-11,57.17639923095703,57.813581563683066,56.99232313451343,57.33215551245144,11831400
2014-04-14,57.21178436279297,57.48789575564394,56.999393892150664,57.346302108549075,7105600
2014-04-15,57.23303985595703,57.410034668081764,57.00648671249549,57.19764413440389,9000800
2014-04-16,57.806522369384766,57.96935461580715,57.36757317196173,57.54456803200182,8300700
2014-04-17,57.88438034057617,57.97641569115674,57.587024974368596,57.679065726401745,8374700
2014-04-21,57.74278259277344,57.91977739513133,57.55163058286611,57.91977739513133,6391000
2014-04-22,57.5233039855957,57.82065392215736,57.452507153288465,57.728618580303156,9259100
2014-04-23,57.34772491455078,57.604634021254455,56.648360025278684,57.604634021254455,9577500
2014-04-24,57.91152572631836,58.07565885314368,57.097981638330154,57.276390525075065,9523200
2014-04-25,58.09707260131836,58.21838933782532,57.78307121778773,57.947204344918994,7497400
2014-04-28,59.18891143798828,59.217457502334724,58.16841277717452,58.18982096428308,11595100
2014-04-29,58.83212661743164,59.196076890500734,58.775034456892456,59.053351933760865,7214300
2014-04-30,58.91059875488281,59.05332364324786,58.689368099929844,58.79641448850638,6243300
2014-05-01,58.760746002197266,58.853522104185934,58.34684153921132,58.79642995597859,5305000
2014-05-02,58.46102523803711,58.94629764881976,58.339708496493294,58.67511808926169,6629200
2014-05-05,58.304039001464844,58.432493655139965,58.139905826807535,58.26122259844272,4563600
2014-05-06,57.89725112915039,58.34684501732533,57.89011869365449,58.34684501732533,4591300
2014-05-07,58.58235168457031,58.61803564722175,58.104217074847405,58.12562527459495,6639500
2014-05-08,58.632286071777344,58.74646490262387,58.389647208743845,58.560918177316594,4631200
2014-05-09,58.79643630981445,59.08902951754099,58.61802741084194,58.66084380432094,7303500
2014-05-12,58.32542419433594,59.024783844031866,58.311148437220304,58.95342139227193,7859000
2014-05-13,58.23980712890625,58.503854285344694,58.10421461011244,58.4753082053561,6540200
2014-05-14,57.92578887939453,58.45388303898038,57.890110373221304,58.3325608730933,6867200
2014-05-15,57.469078063964844,58.06853484158449,57.40485346883128,57.98289660346513,9402100
2014-05-16,57.32634735107422,57.633210867739116,57.09084630336706,57.54043475794742,11558900
2014-05-19,57.04088592529297,57.12652414564043,56.76256851492221,57.097978072191275,6068100
2014-05-20,57.25497055053711,57.50474185167222,57.06942382200558,57.105102325250016,7057200
2014-05-21,57.44053649902344,57.56899114399416,57.105126845788305,57.333490054113106,6339800
2014-05-22,57.55471420288086,57.56898451974297,57.12653391711702,57.354897099164916,5561100
2014-05-23,57.46192932128906,57.697430348146014,57.37629654396428,57.45479688624993,4472600
2014-05-27,57.14793014526367,57.504747882767155,57.12652195215051,57.483339689653995,7003800
2014-05-28,57.16220474243164,57.29065935534256,57.10511259344746,57.11225047322223,4201400
2014-05-29,57.37629699707031,57.37629699707031,57.147933848055985,57.16220416285384,3886800
2014-05-30,57.65461730957031,57.697433700720595,57.21216130412423,57.26925345539609,7433000
2014-06-02,57.34772491455078,57.56895008353276,57.2977706685031,57.561817651672,4331700
2014-06-03,57.04088592529297,57.30493302124255,56.80538490279254,57.11938626612644,6970600
2014-06-04,56.990928649902344,57.247837852778154,56.833927976521956,57.09083717939777,5427700
2014-06-05,57.16933059692383,57.31205549475582,57.06942207952026,57.16933059692383,5787700
2014-06-06,57.112239837646484,57.262102617366914,56.96237705792605,57.155056219107756,5520500
2014-06-09,57.15504455566406,57.26209093207862,56.983773620163696,57.02659543749244,6352500
2014-06-10,57.197879791259766,57.304926192786745,57.090833389732786,57.11224158111695,5658400
2014-06-11,57.133644104003906,57.3049205072964,57.005189523837345,57.12651167065426,7453700
2014-06-12,56.919559478759766,57.11223863588711,56.869605219904095,56.96237585932009,6526800
2014-06-13,56.83389663696289,57.04798933617244,56.73398816255937,56.89812662456716,5214000
2014-06-16,56.86961364746094,57.04802251904202,56.455703758687214,56.748291476884724,5334600
2014-06-17,56.79109573364258,56.940958486040884,56.62695722695587,56.81250392047019,5337300
2014-06-18,56.94097137451172,57.04801777748452,56.46996937927387,56.69120006397932,9614200
2014-06-19,57.26211929321289,57.497620349044354,56.94812333004518,56.98380184345118,12485100
2014-06-20,57.04088592529297,57.44765794388152,56.96952346397348,57.404841556011185,11659900
2014-06-23,56.74829864501953,57.13366250966453,56.63411978398066,57.13366250966453,6938900
2014-06-24,56.38431930541992,56.691182662626964,56.32008930550914,56.67690690948921,8157300
2014-06-25,56.60554885864258,56.63409492252288,56.12741453900882,56.40573185608548,12569300
2014-06-26,56.10601806640625,56.584152485867826,56.084604430571424,56.5484685374159,7258800
2014-06-27,56.39147186279297,56.512794029344015,56.03465413146913,56.0917462751865,8974900
2014-06-30,56.084598541259766,56.7054632447274,55.970419718494256,56.38432952080601,10297700
2014-07-01,56.57701873779297,56.66979483269887,56.02752182591635,56.284431028629356,8421200
2014-07-02,56.776851654052734,56.990944530977124,56.69121885896941,56.776851654052734,6276600
2014-07-03,57.07658386230469,57.19076273946891,56.83394490084252,57.0408999005988,5501100
2014-07-07,57.2264289855957,57.23356142004239,56.84820306487639,56.91242764253524,6673600
2014-07-08,57.49045944213867,57.697414337590125,57.02660084139463,57.11223359495703,9150200
2014-07-09,58.28260803222656,58.37538412867709,57.44765583181141,57.56184012141003,12113100
2014-07-10,58.23980712890625,58.45390000651667,57.9400814559381,57.99716817130724,8786500
2014-07-11,57.91865539550781,58.2112430970954,57.80447111076685,57.847287495241524,7519300
2014-07-14,58.03282165527344,58.33254717083435,58.01855134507752,58.061367720270454,6802000
2014-07-15,57.99001693725586,58.175558230126285,57.86869477547901,58.16842579589715,9637600
2014-07-16,58.22309875488281,58.4101222956616,58.08642306207352,58.19432463597022,8940500
2014-07-17,57.83464431762695,58.424499912038314,57.82744941737413,58.259050134828634,5844700
2014-07-18,57.94255447387695,58.0864195716931,57.66201369146428,57.94255447387695,6502400
2014-07-21,57.74831008911133,57.8346324100697,57.51092782255062,57.78427909486892,4434300
2014-07-22,57.61884307861328,57.96412695660611,57.381460755499525,57.75551874733351,6073200
2014-07-23,57.539703369140625,57.90656638226768,57.4174175274649,57.78428054059196,5891200
2014-07-24,57.73395538330078,57.77711382185999,57.43902475153935,57.63324870126092,6273100
2014-07-25,57.23041534423828,57.662021673637526,57.093745128824146,57.561309505502564,6293400
2014-07-28,57.014610290527344,57.2735718594189,56.71967970280573,57.12251185891578,6757300
2014-07-29,56.5758056640625,57.18724047084761,56.5758056640625,56.892309929728405,6419600
2014-07-30,56.22333526611328,56.83477010422809,56.20894546487698,56.611772089874755,8296500
2014-07-31,55.61909103393555,56.115434913315845,55.59751181971924,55.935600810711534,11235600
2014-08-01,57.29511642456055,58.02883676727972,56.705261093951506,57.00738091224185,18110700
2014-08-04,56.98582077026367,57.15845994016111,56.58299421113621,57.15845994016111,12075300
2014-08-05,57.12248229980469,57.359859041702066,56.813167557472866,56.82035696703719,7995900
2014-08-06,58.33097457885742,58.4820400227,57.021782807656,57.11530003366332,12839000
2014-08-07,57.64761734008789,58.395727837570696,57.55410558594045,58.280631381911306,7904000
2014-08-08,58.23027420043945,58.287822424460145,57.575680988531396,57.58287588855916,6215600
2014-08-11,58.611534118652344,58.89207488437247,58.28782943567432,58.43170001303167,8188000
2014-08-12,58.568382263183594,58.88489211045162,58.41732224192454,58.62593050597824,6591200
2014-08-13,58.611534118652344,58.84172155432274,58.34537766661726,58.726625092436855,5472200
2014-08-14,58.94961166381836,59.014354789105035,58.582754076896826,58.69065013887327,5930700
2014-08-15,58.82732009887695,59.151024717729264,58.395719428507476,59.151024717729264,7418400
2014-08-18,59.30210494995117,59.5970300717499,58.848919426259776,58.97840022044272,8450500
2014-08-19,59.4819221496582,59.61140290698394,59.071900666143456,59.23734494666488,6867700
2014-08-20,59.568233489990234,59.66175071547662,59.316466898488606,59.316466898488606,4581800
2014-08-21,59.90632629394531,60.04300194738394,59.4819205104681,59.56104794265884,7099800
2014-08-22,59.98545455932617,60.17967843671044,59.805620481503965,59.82001028106603,6978500
2014-08-25,60.093353271484375,60.2947665510567,59.92790351292125,60.23721833172168,5586800
2014-08-26,59.978271484375,60.30197618113427,59.9423079545806,60.1437212833544,5188400
2014-08-27,59.92790985107422,60.13651805215151,59.82001378853497,60.01423218920647,4248300
2014-08-28,59.72647476196289,59.863150375454424,59.532256432142304,59.719279864384696,4278700
2014-08-29,59.7840576171875,59.79844193258219,59.41719446144961,59.76966781369079,4901300
2014-09-02,59.69052505493164,60.057382594780414,59.496301192093945,59.85596932080067,5528900
2014-09-03,59.632991790771484,60.050208241836565,59.53947454147327,59.89195334742557,5851800
2014-09-04,60.20845413208008,60.24442314710986,59.54666596510088,59.647372621462885,7444200
2014-09-05,60.25881576538086,60.280400470234326,59.7552824141718,60.021438893011975,5888900
2014-09-08,59.93508529663086,60.13649853212747,59.79840967764428,60.114919326624126,4899600
2014-09-09,59.69772720336914,59.91353032187766,59.582636231438876,59.74089111993162,5202900
2014-09-10,60.165287017822266,60.395474411715256,59.812813771445576,59.84877729318176,6715300
2014-09-11,60.05738830566406,60.24441728704426,59.97107145895061,60.14371064047814,6341600
2014-09-12,59.891937255859375,59.978254092818425,59.604201660429176,59.85596824839309,6358500
2014-09-15,60.33073806762695,60.6040838886787,59.8056201485454,59.83439425940882,7004700
2014-09-16,60.48178482055664,60.74793568372331,60.107726949150454,60.12211674548877,7143800
2014-09-17,60.53936767578125,60.783939472505715,60.373917851801075,60.43865550807434,8273800
2014-09-18,60.56092834472656,60.740762430094584,60.474606008033646,60.55373344464363,5309200
2014-09-19,60.762332916259766,60.97813049485059,60.55372474861866,60.79829643530826,11377700
2014-09-22,61.006900787353516,61.107607415350664,60.776713425060095,60.88461495165693,8397100
2014-09-23,60.740753173828125,61.08603149178143,60.74075317382812,60.891813123945184,7723500
2014-09-24,61.31623077392578,61.43132722766164,60.66163752963129,60.66163752963129,11694700
2014-09-25,60.661624908447266,61.237090593092915,60.66162490844727,61.15796316963792,8212300
2014-09-26,60.84147644042969,60.95656741517838,60.32355333380703,60.81270232471716,5478000
2014-09-29,60.740753173828125,60.76233238268772,60.17967179107905,60.503370900172776,6360000
2014-09-30,60.23723602294922,60.68322662162939,60.19407758982277,60.668836818519324,8074700
2014-10-01,59.80562210083008,60.453025896139536,59.72649466539777,60.43863609618784,9024700
2014-10-02,59.74089050292969,60.40267867697232,59.668952472102305,59.776854030242156,8858400
2014-10-03,60.273197174072266,60.38828814341852,59.61859842056776,60.02143053353252,6701500
2014-10-06,60.11494445800781,60.38110090938167,59.84159859385997,60.11494445800781,5656500
2014-10-07,59.820003509521484,60.36669509278385,59.791229401755054,59.97825287008697,7378200
2014-10-08,60.55372619628906,60.62565872420571,59.85596915048739,59.949480887969024,8107100
2014-10-09,60.17967987060547,61.05726558128353,60.08616263552537,60.57531155838068,7765700
2014-10-10,60.92058563232422,61.34499136368656,60.35950426430632,60.38827288329718,13732400
2014-10-13,59.971092224121094,60.76236135887727,59.9279282977181,60.647264872605994,10066100
2014-10-14,60.10055160522461,60.359513118929684,59.72649364627259,60.359513118929684,8210300
2014-10-15,59.66895294189453,60.12213839202973,58.81294634694154,59.40999139556049,13283200
2014-10-16,59.15822219848633,59.56105430213246,58.67626814230186,58.73381636969431,11310200
2014-10-17,59.899131774902344,60.05019722866314,59.00715629229359,59.66894437654845,11786600
2014-10-20,60.55372619628906,60.66162773221408,59.582623349164095,59.88474325927407,8558100
2014-10-21,60.86305618286133,60.884635397807465,60.17968876509373,60.76234952104509,12389600
2014-10-22,61.054420471191406,61.31536267646343,60.82971209719929,60.93119115763675,9747600
2014-10-23,60.32956314086914,61.12690093640847,59.65544912105449,61.07616140933398,14292100
2014-10-24,61.728538513183594,62.315668190744724,61.54732510354676,61.685043534338575,13465600
2014-10-27,62.301177978515625,62.685355113711125,61.48934531291373,61.583574310115296,10316600
2014-10-28,62.678096771240234,62.808570651052776,62.46063846148782,62.48238318642415,9437700
2014-10-29,62.72883987426758,62.82306886441642,62.27218403404567,62.82306886441642,6880600
2014-10-30,63.01876449584961,63.06225393579866,62.09819746217742,62.45337965573889,5560300
2014-10-31,63.25795364379883,63.323193325353635,62.85203751036469,63.12023525863656,9359800
2014-11-03,63.33769989013672,63.34494997394009,62.48237249772747,62.81580999035944,7789500
2014-11-04,64.25100708007812,64.41772580093257,63.38118518309619,63.417424536191334,10594800
2014-11-05,64.51194763183594,64.86712422202933,64.04804193397743,64.32348421389588,8462000
2014-11-06,64.4394760131836,64.65692874087354,64.20027303555074,64.56994986187485,6628900
2014-11-07,64.60620880126953,64.65694833946317,63.9683395310931,64.32351629844857,5975700
2014-11-10,64.83814239501953,64.8743872815558,63.97557050342746,64.45397093058537,5927100
2014-11-11,64.99761962890625,65.08460404996163,64.63519283646646,64.78741142566788,6343900
2014-11-12,64.85991668701172,65.14985376600133,64.81642170100704,64.94689559863049,6298700
2014-11-13,64.22201538085938,65.12083212183822,64.12053633898401,64.46846843269456,10191600
2014-11-14,63.8668212890625,64.43220594798835,63.73634748083411,64.29448205869409,7559400
2014-11-17,63.67110824584961,63.91756123204689,63.33043185611078,63.7870874229287,9475800
2014-11-18,63.75088882446289,63.917607629987764,63.41745674360872,63.80162836871906,6419400
2014-11-19,64.3162612915039,64.41774035140047,63.73637620907158,63.96107905167196,6570400
2014-11-20,64.1277847290039,64.3669876914777,64.02630568980767,64.02630568980767,5527600
2014-11-21,64.22201538085938,64.82364507925836,64.12053633898401,64.70042131843726,8984100
2014-11-24,63.8668212890625,64.43220594798835,63.685607973755936,64.42495586692247,5569200
2014-11-25,64.36698913574219,64.38148377158421,63.84509376234105,64.04805184528749,6439700
2014-11-26,64.42498779296875,64.42498779296875,64.11330051497598,64.38874843006379,4420000
2014-11-28,65.54850769042969,65.64273666241515,64.49022215583261,64.57720104375957,7661800
2014-12-01,65.2947998046875,65.72246068373941,64.88887811401237,65.3600339603966,6745100
2014-12-02,66.01241302490234,66.0848972743551,65.32380435981058,65.55575727617564,7432900
2014-12-03,65.23680877685547,65.93991748961464,64.97586109933262,65.84568300428023,6465600
2014-12-04,65.65721893310547,65.9181665861425,65.30928688565865,65.59922933683228,6406700
2014-12-05,65.51224517822266,65.54123997646361,64.66416806789593,65.46875574595738,6383400
2014-12-08,65.78771209716797,65.96167540692976,65.46877475410977,65.48326939234246,4721900
2014-12-09,65.75144958496094,65.80218910046806,65.14257539887552,65.57748632182117,5704000
2014-12-10,65.23680877685547,66.03414644475625,65.20781397599816,65.9254173240896,6293300
2014-12-11,65.53400421142578,66.16462318459567,65.22231700128452,65.2368116372523,6468700
2014-12-12,64.9106216430664,65.939912103559,64.89612147872576,65.24405353040095,6574600
2014-12-15,64.65693664550781,65.67173275603784,64.53371286506612,65.01936343282611,6511900
2014-12-16,64.77293395996094,65.93269889720824,64.06257482516202,64.61346524417779,8773800
2014-12-17,65.74419403076172,66.07763142513335,64.80188803117359,64.9178616868834,7412700
2014-12-18,66.68653106689453,66.68653106689453,65.63549556107002,65.96892755278121,8724500
2014-12-19,66.72277069091797,67.21567132022578,66.51256250031088,66.7952549390116,14037800
2014-12-22,67.12142944335938,67.21566393269828,66.68651847240405,66.7590027125311,7157100
2014-12-23,67.62158203125,67.75930596255668,67.19391560096813,67.22291040388497,5610600
2014-12-24,67.51282501220703,68.05646489937652,67.51282501220703,67.77377260046366,2403000
2014-12-26,67.74480438232422,67.99850198981099,67.45486188939947,67.52010157714925,3148700
2014-12-29,67.15044403076172,67.72307909781567,67.04896495864529,67.4983762281571,4657700
2014-12-30,66.97647857666016,67.28091578337084,66.75902026889852,66.86774942277934,4730000
2014-12-31,66.02689361572266,67.08518444732137,65.98340418134198,66.71550766450791,5712100
2015-01-02,65.55574035644531,65.96165647277004,65.17881350826464,65.8456772794245,7251400
2015-01-05,65.24406433105469,65.9616677393251,65.12808511789937,65.40353298404662,8626100
2015-01-06,64.94688415527344,65.64274297659276,64.7004365755162,65.46152956905561,7791200
2015-01-07,65.28755187988281,65.50501013315387,64.91787506139924,65.19332291956835,5986600
2015-01-08,66.03416442871094,66.12839893970947,65.33105552446483,65.58475871851229,6823300
2015-01-09,65.41803741455078,66.09215148390848,65.32380843739969,66.09215148390848,4872800
2015-01-12,65.17879486083984,65.68619539127256,64.8816079407526,65.58471639122418,5250900
2015-01-13,65.45425415039062,66.32407588433804,65.07007726220228,65.80218063189291,6727100
2015-01-14,65.22956085205078,65.35279014231921,64.82364468700554,65.0411029355329,6418200
2015-01-15,65.13532257080078,65.599228273079,64.75839573132961,65.59197819111435,6768200
2015-01-16,66.14288330078125,66.20811746269464,65.14258744008839,65.20057151839137,8815700
2015-01-20,66.09940338134766,66.53431444733437,65.5992526138561,66.14289282888805,9869900
2015-01-21,66.23371124267578,66.56951467489873,65.43069698135352,65.9928069642791,6974500
2015-01-22,66.88343811035156,66.93453852637609,65.60592214021062,66.46003148070393,7211200
2015-01-23,65.75920867919922,66.56951907314266,65.66430394957659,66.55491577495776,6745700
2015-01-26,65.39420318603516,65.66430293348584,64.78099277086548,65.66430293348584,9371700
2015-01-27,63.138450622558594,63.66405777534348,62.79534564396156,63.583756373138876,14417400
2015-01-28,62.160247802734375,63.44506479581661,62.058047020622425,63.240657662067804,14033400
2015-01-29,62.53985595703125,62.86106162873003,62.160253810998974,62.620157374955944,12054500
2015-01-30,61.53244400024414,62.211352424456734,61.50324297915136,62.116447713523876,14685300
2015-02-02,62.138362884521484,62.152960612708036,61.08714823025162,61.74415738917029,10278700
2015-02-03,62.74427795410156,62.78078063577047,62.13837465289938,62.74427795410156,10747900
2015-02-04,62.627464294433594,63.13117221844669,62.452263717634835,62.70046407063925,9212800
2015-02-05,63.291786193847656,63.35018825802827,62.853781851547886,62.95598267910025,6531300
2015-02-06,62.49606704711914,63.226076001698715,62.160263596355705,63.189573326159206,8429800
2015-02-09,62.0872688293457,62.36467024946108,61.75145978193397,62.277067162806695,8811500
2015-02-10,62.335487365722656,62.46688924919042,61.919382329662795,62.291688594409536,7059300
2015-02-11,62.51795959472656,62.92676278238213,62.16025680552793,62.74426056367508,7184600
2015-02-12,62.80265808105469,62.89026114474545,62.350056175799054,62.824557454596054,6074600
2015-02-13,62.70773696899414,62.89023911059801,62.41573242852328,62.80263607759974,6272000
2015-02-17,62.40846252441406,62.8245673961214,62.050759704408925,62.8245673961214,10310400
2015-02-18,62.97055435180664,63.06545348128978,62.430343883757615,62.60554998829899,8132300
2015-02-19,62.20405197143555,62.99976449530098,62.087253454346595,62.861061034827785,7271600
2015-02-20,61.95585632324219,62.08725814584976,61.45945005667201,62.014252801436584,9581300
2015-02-23,62.335487365722656,62.415788826148976,61.795282097923355,62.02158317574568,7919200
2015-02-24,62.41575241088867,62.590952963452196,62.058049658293314,62.42305405835699,6502200
2015-02-25,62.38656234741211,62.63476827920057,62.2259594920536,62.561762930745886,5975800
2015-02-26,62.17485809326172,62.60556625023091,61.9704564877276,62.35736032242089,7964500
2015-02-27,62.14564895629883,62.328151161635745,61.73684579859223,62.06534754038856,7685000
2015-03-02,62.350059509277344,62.350059509277344,61.93394911164333,62.14565234973716,7235200
2015-03-03,62.167579650878906,62.371981314401054,61.71497198913157,62.306277597110295,6095600
2015-03-04,61.576271057128906,62.22597875895518,61.47407022107945,62.0799791558925,7370000
2015-03-05,61.78067398071289,61.875578737201174,61.38646836102484,61.77337789908145,5914200
2015-03-06,60.342567443847656,61.590882596427406,60.13086409242368,61.56897764046333,11338700
2015-03-09,60.65644073486328,60.74404381353564,60.357139962737044,60.437441392471804,7326700
2015-03-10,59.52491760253906,60.50312671101425,59.52491760253906,60.203826002273736,9681400
2015-03-11,59.41542434692383,59.70012737438141,58.99201784523402,59.51762514808676,10066600
2015-03-12,59.92641830444336,59.94832324632756,59.503017443274175,59.56141391305699,6951100
2015-03-13,59.73664093017578,60.0651427695417,59.24023456143878,59.84614339980674,7492500
2015-03-16,60.99955749511719,61.284260593334,59.85344345191618,59.919147165865546,15618300
2015-03-17,60.48126220703125,60.860870116877024,60.17465967413695,60.85356846527621,7509300
2015-03-18,61.13824462890625,61.35724952404401,59.875326796726725,60.48853716139695,12607900
2015-03-19,60.868160247802734,61.1382656353411,60.67836188096494,60.92656231584256,9257500
2015-03-20,61.8609619140625,61.89746459235321,61.152852283625926,61.31345515686227,22580300
2015-03-23,61.94855880737305,62.087262287579755,61.58355433906164,61.5908559878952,9891100
2015-03-24,61.26233673095703,62.13104897913089,61.22583963292731,61.97044615312983,7478800
2015-03-25,60.59804916381836,61.5908618578074,60.488546698983576,61.5908618578074,8482200
2015-03-26,59.97026062011719,60.30606420463874,59.82425542932834,60.284164818402544,7311600
2015-03-27,60.087032318115234,60.254936820013754,59.85342968690386,59.919133385742775,6440600
2015-03-30,60.3863525390625,60.55425151005739,59.97024758245137,60.320648825109515,6416800
2015-03-31,59.81692886352539,60.53963608866235,59.81692886352539,60.41553591688114,8649700
2015-04-01,60.094337463378906,60.18923662330569,59.45922766210355,60.18194054375266,7395300
2015-04-02,60.17464828491211,60.29144684077713,59.80234209713335,59.98484436591332,6169800
2015-04-06,60.61994552612305,60.758649012646295,59.50303269335032,59.802333474842165,6856300
2015-04-07,60.145450592041016,60.80245991002278,60.10165182735142,60.53965618283008,6329900
2015-04-08,60.4228401184082,60.722146470085725,60.05783563267062,60.0797405802171,6523400
2015-04-09,60.51043701171875,60.55423576327957,59.868031187547835,60.3206331390787,6185000
2015-04-10,60.84624099731445,61.0506425991854,60.38633739310482,60.44473944207535,7001700
2015-04-13,60.90464782714844,61.2842500362029,60.54694499579549,60.590743751198524,8290500
2015-04-14,61.028743743896484,61.23314534751138,60.62724218523181,60.87544254118532,6792600
2015-04-15,60.96303939819336,61.4667417072964,60.94114002425741,61.211239728834656,7006400
2015-04-16,60.955726623535156,61.371831360938785,60.84622420431853,60.99952536341204,7615900
2015-04-17,60.247642517089844,60.75135051467425,59.882638013223286,60.59074764184869,9533800
2015-04-20,60.495849609375,61.30616006870357,60.44474920065729,60.65644691568292,7416000
2015-04-21,60.6491584777832,61.174765930554095,60.51775661459049,60.87545952068774,7696400
2015-04-22,60.65644073486328,60.83894297161932,60.29873791028881,60.75134546247323,6753100
2015-04-23,59.56954574584961,60.41580974938553,59.53275507615438,59.915410604067965,14569500
2015-04-24,59.60633087158203,59.99634670615369,59.53274393164234,59.635766770422634,8785500
2015-04-27,59.31199645996094,59.75352385508215,59.21633396888773,59.54012334532849,9192300
2015-04-28,59.17953872680664,59.47389220020269,59.010289269273656,59.407665616209485,8395500
2015-04-29,58.760066986083984,59.098571401032856,58.664404525660494,58.870450203079486,11858500
2015-04-30,58.509883880615234,58.98084714266917,58.18609453258129,58.83366761432423,9409300
2015-05-01,59.083866119384766,59.10594164360336,58.59818212927744,58.69385021999077,8193000
2015-05-04,59.128028869628906,59.584277046297615,59.091238193425006,59.22369697927555,7203800
2015-05-05,58.92196273803711,59.348774857528184,58.70855667829158,59.238391638442735,6589400
2015-05-06,59.16481399536133,59.297272756216024,58.517235335927445,59.12065733219335,7335700
2015-05-07,59.01762771606445,59.27519044301775,58.87045382722598,59.14273169733354,7224300
2015-05-08,59.576908111572266,59.76087830915531,59.47388525007176,59.52539668082201,6929400
2015-05-11,59.06914520263672,59.598980239766526,59.06179043746654,59.569544336112145,5237800
2015-05-12,58.833656311035156,59.08385865398951,58.39948941806207,58.89252811106252,6305800
2015-05-13,58.649688720703125,59.30462208536052,58.53931110871241,58.988198778555,6459900
2015-05-14,59.289913177490234,59.37822089069439,58.93668793899833,58.95140869836138,5634200
2015-05-15,59.643131256103516,59.69464267904105,59.40764966348561,59.48123660849295,7454800
2015-05-18,59.41500473022461,59.70199774724009,59.23839493844371,59.58425975749417,5590800
2015-05-19,59.48121643066406,59.56951848898853,59.11327621611979,59.42234464889967,5729500
2015-05-20,59.22368621826172,59.6063417443423,59.20160507936073,59.55483031555598,5487000
2015-05-21,59.17216491699219,59.29726327826933,58.75270756272697,58.99554952119934,6054700
2015-05-22,58.833656311035156,59.164805975446164,58.81158078960586,59.04706237539144,6003600
2015-05-26,58.23759841918945,58.92196769793922,58.09042452423596,58.848380750462475,6698300
2015-05-27,58.42157745361328,58.82631414759268,58.200810963383596,58.29647906250149,8094600
2015-05-28,58.37743377685547,58.46573589264361,58.14930687764262,58.45102074478751,5803400
2015-05-29,57.6856689453125,58.31116621491249,57.53849509869686,58.267015183792275,12551700
2015-06-01,58.024208068847656,58.186102765772326,57.59739579774184,57.877034134002905,7588000
2015-06-02,57.79605484008789,57.928513553964926,57.52377703536214,57.73718305295973,7380800
2015-06-03,57.810794830322266,58.08307275208971,57.59738872098968,58.06835760614352,5985800
2015-06-04,57.50909423828125,58.01684824843014,57.442862036933086,57.700424846888865,7714600
2015-06-05,56.979251861572266,57.48701142167856,56.93510080915435,57.42813960890462,9439700
2015-06-08,57.185306549072266,57.38399754472463,56.73641873142918,57.01605707874347,10916200
2015-06-09,58.06099319458008,58.377422146540106,57.266240624867734,57.376623861937446,11528900
2015-06-10,58.53197479248047,58.71594504052787,58.141958764912204,58.30385348148614,9483500
2015-06-11,58.43629455566406,58.81895008520516,58.31119055805906,58.81895008520516,7633300
2015-06-12,58.03891372680664,58.37005780119285,57.818147267666326,58.25967457162269,6508600
2015-06-15,57.487003326416016,57.73720007398516,57.34718419434838,57.64153760244242,7527900
2015-06-16,58.20817947387695,58.57611993276913,57.79608795650199,58.57611993276913,8285700
2015-06-17,58.9293212890625,59.01026860626007,58.25231246734063,58.28174275148196,9305800
2015-06-18,59.47388458251953,59.76823801821346,59.09122904614479,59.11330457131499,10712500
2015-06-19,59.267826080322266,59.753504372301336,59.223675039503334,59.39292443885831,15598800
2015-06-22,59.20159912109375,59.73879449379264,59.113297031675486,59.54746394284623,6907900
2015-06-23,58.715919494628906,59.20159781871723,58.59082112782234,59.11329573124152,7190600
2015-06-24,58.509883880615234,58.76008065731423,58.502523500616746,58.7232899859717,8843700
2015-06-25,58.42157745361328,58.79687824127372,58.42157745361328,58.65705908983991,5855700
2015-06-26,58.3847770690918,58.67913049729562,58.34062601987486,58.53195659035604,7703200
2015-06-29,57.63418197631836,58.40685903449637,57.59003092647668,58.09778484263032,7966200
2015-06-30,57.575313568115234,58.14194494140488,57.494366229073854,58.07571274840508,8451400
2015-07-01,58.664398193359375,58.701188852170894,57.48699043925323,57.68567571693991,8868000
2015-07-02,58.8189582824707,59.12802690105682,58.701214648156665,58.87783009962773,6602500
2015-07-06,58.90724182128906,59.03234017063907,58.50250526242352,58.58345257419663,6601200
2015-07-07,60.13618087768555,60.217128216182175,58.914616034427326,58.914616034427326,11690400
2015-07-08,59.5989990234375,60.11411907825153,59.52541204827159,59.7608937373983,6724700
2015-07-09,59.356143951416016,60.34222146090129,59.25311548130417,60.1582512735205,10419800
2015-07-10,59.56954574584961,59.87125955470381,59.42973221808823,59.77559707630659,6892500
2015-07-13,60.27600860595703,60.3716711040091,59.85655109351693,59.9890098831491,7332900
2015-07-14,60.37165069580078,60.68071922902216,60.327499652290285,60.37165069580078,6119500
2015-07-15,60.45259475708008,60.577693116493485,60.2244679444939,60.2759849782421,6673700
2015-07-16,60.562984466552734,60.746954643408216,60.415804956473806,60.673362081206626,6623400
2015-07-17,60.51882553100586,60.62184837702558,60.047862345108854,60.261268415956565,5827300
2015-07-20,60.4820556640625,60.59979369386225,60.342236490244694,60.40846307932094,5012900
2015-07-21,60.069950103759766,60.43789051858836,59.87862513036303,60.34958841219761,7512400
2015-07-22,59.96828079223633,60.31697761937149,59.84957308074553,60.11665977130459,6106400
2015-07-23,59.87186050415039,60.01282456979489,59.45639461841692,59.96831198498007,5380900
2015-07-24,59.56767272949219,59.89411339621282,59.523160151411126,59.73089306285251,5660800
2015-07-27,59.33026885986328,59.40445838424264,58.92963863585729,59.2264023936726,8613600
2015-07-28,59.523170471191406,59.8421905434426,59.285760579769466,59.45639593219551,8649900
2015-07-29,59.812503814697266,60.08700559594578,59.47122750537657,59.54541702300327,8921500
2015-07-30,57.41615295410156,58.9667407355556,57.23809694992111,58.907386847396,22067800
2015-07-31,56.904239654541016,57.67582327504684,56.87456836863197,57.594213088050154,11877200
2015-08-03,56.6816520690918,57.193563653945354,56.392309015823365,56.76326222876206,9511300
2015-08-04,56.318138122558594,56.63715255725852,56.19943033823412,56.40716330050324,13369100
2015-08-05,56.21424865722656,56.7855197877131,56.19941301890734,56.42198721577427,10895400
2015-08-06,56.192012786865234,56.39233076889004,55.82848008283746,56.39233076889004,9353300
2015-08-07,55.999114990234375,56.17717099676482,55.89524285443502,56.080719512157934,10045400
2015-08-10,56.66682815551758,56.75585899164332,56.236526598322875,56.34780806810686,9165900
2015-08-11,56.548126220703125,56.71876158180004,56.24394177482813,56.41458279622362,7491900
2015-08-12,56.67424392700195,56.70392086982187,55.89523974379885,56.30329063220011,10397700
2015-08-13,56.2216682434082,56.76326242671806,56.110381147079124,56.748421128382525,5948000
2015-08-14,56.102970123291016,56.2439285056597,55.924908492461235,56.19199527840866,5586900
2015-08-17,56.03620147705078,56.243934407854276,55.457515266870224,56.243934407854276,8683900
2015-08-18,55.73942565917969,56.2365072478002,55.64297986512027,56.073286934548385,7445900
2015-08-19,54.9901008605957,55.591043194559134,54.915905697141625,55.591043194559134,9865300
2015-08-20,54.83430862426758,55.435251039530954,54.50044732444579,54.7156008749184,10696500
2015-08-21,53.298561096191406,54.82689235965718,53.29114610648684,54.56722621256026,15763900
2015-08-24,51.29541778564453,52.72729763601137,48.23876079939108,50.87253128373814,23696300
2015-08-25,50.7612419128418,53.58790955698735,50.672216754482776,53.55081196747278,21476900
2015-08-26,52.6011848449707,52.675374381053274,51.15446342001603,51.859278163547415,17464700
2015-08-27,53.03150177001953,53.23181412007885,51.948312836129006,52.97214786618721,13434000
2015-08-28,52.83118438720703,52.8756969854601,52.371200117492414,52.80150743493836,10020000
2015-08-31,52.43053436279297,52.67536488198351,52.156032562759115,52.67536488198351,9520900
2015-09-01,51.11737060546875,51.844435971027195,50.835442448771715,51.4660676454054,15437700
2015-09-02,51.79248809814453,51.82216503574399,51.35476600422093,51.67378600804377,8903700
2015-09-03,51.88152313232422,52.274732681990976,51.71088214231725,52.06699976218948,8468300
2015-09-04,51.01349639892578,51.399285317692325,50.8205991093936,51.399285317692325,11497500
2015-09-08,51.918609619140625,52.25988586587193,51.60700464578046,52.1634344163786,9182300
2015-09-09,50.80575180053711,52.33407714430375,50.72414164525864,52.25988763776783,11070600
2015-09-10,50.68705749511719,51.1544566044322,50.26417096946132,50.538678442721384,12591100
2015-09-11,50.7612419128418,50.828016441908524,50.24933027138505,50.49415511716982,11291400
2015-09-14,50.49415588378906,50.67221752380541,49.95256729455757,50.620284293875024,9712800
2015-09-15,51.52540969848633,51.74056328584528,50.375457896075666,50.46448306305316,11043700
2015-09-16,52.007652282714844,52.2005495863978,51.710888506348354,52.0224935846972,8704200
2015-09-17,52.11151885986328,52.87568176483756,51.82959638491399,51.93346285780574,11029600
2015-09-18,51.888946533203125,52.512145325645385,51.46606002110364,51.51799325380716,18210200
2015-09-21,52.415687561035156,52.586322860889254,51.94086792448104,52.04473436620872,7742800
2015-09-22,52.07441711425781,52.41569341236028,51.9186174342739,51.97796565024597,10207800
2015-09-23,52.12636184692383,52.29699720349131,51.90378759193323,52.06700795755321,6294200
2015-09-24,52.942447662353516,53.10566799605738,51.74055710895929,51.79991098672384,13423500
2015-09-25,53.91435241699219,54.44110543502596,53.380178747916176,53.70661947019558,15080700
2015-09-28,53.246646881103516,53.91436411229218,53.231811236099105,53.647277219816715,9207300
2015-09-29,53.625,53.72145146594575,52.93502674035274,53.24662610656833,9033300
2015-09-30,53.37275314331055,54.203684765255495,53.08341007348369,54.05530573570737,11041900
2015-10-01,53.38016891479492,53.550809895543225,52.97212374740964,53.23921053274779,8547600
2015-10-02,53.72887420654297,53.72887420654297,52.89052179260066,52.94245502779535,9085600
2015-10-05,54.322418212890625,54.478217965702186,53.78824439736537,54.13694150807212,9187700
2015-10-06,54.4559326171875,54.73785502041183,53.85498456514815,54.411414382775476,8851500
2015-10-07,54.69335174560547,54.804638860112036,54.39658799368722,54.69335174560547,8013200
2015-10-08,55.19785690307617,55.227533848855565,54.52271912226689,54.66368319964435,6856600
2015-10-09,55.257205963134766,55.57622602699593,55.13849819039659,55.33881048151958,6880100
2015-10-12,55.14591598510742,55.464936032445664,54.834316588255525,55.41300279963701,6255900
2015-10-13,54.98267364501953,55.10879635135324,54.6488180905372,55.0791194215755,8390200
2015-10-14,55.056880950927734,55.35364468441647,54.82689174611523,55.056880950927734,8479200
2015-10-15,55.101402282714844,55.524288830515246,54.923346278456336,55.375909770349544,8607400
2015-10-16,55.56881332397461,55.672679809827166,55.15334172026541,55.435269890692894,9578900
2015-10-19,55.7617073059082,55.783963600069754,55.29430248732124,55.38333332426605,7292200
2015-10-20,55.22010803222656,55.68009215833379,55.01979574232551,55.546548744967055,8531900
2015-10-21,55.087589263916016,55.798738395265346,55.020220306942406,55.2073639134286,8302100
2015-10-22,56.03080749511719,56.59972578849204,55.10257659310523,55.28972024252858,14080900
2015-10-23,57.662696838378906,58.72567133175191,57.123722247043126,57.460584222213285,16451200
2015-10-26,58.00703048706055,58.3139487421055,57.640230618615035,57.640230618615035,11464700
2015-10-27,57.857337951660156,57.90973795103891,57.498019590797526,57.730081626193396,9423400
2015-10-28,57.2734375,58.04446833340787,56.659606628738075,57.93218101439783,10178400
2015-10-29,57.65520095825195,57.78246295376691,57.07131380780242,57.453088372007784,8230700
2015-10-30,57.17613220214844,57.74505056006424,57.17613220214844,57.625281580655,9547700
2015-11-02,57.3408203125,57.468076639564295,56.92910765826169,57.31836398550885,7152900
2015-11-03,57.67768478393555,57.954653776738844,56.86173536475018,57.116253740786945,8013200
2015-11-04,57.685157775878906,57.7450451155228,57.27344516596203,57.66270145130522,6375400
2015-11-05,57.18362045288086,57.83488249308258,56.861733105816334,57.70762045453396,6860900
2015-11-06,56.569793701171875,56.891681072529124,55.91104997635403,56.801850046392644,9483500
2015-11-09,56.442527770996094,56.61469673619669,56.0906967840586,56.28532778535467,8607200
2015-11-10,56.719512939453125,57.071344026958776,56.315287552928304,56.427569209644766,6551000
2015-11-11,56.861724853515625,57.21355582263817,56.83178118474234,56.906637501090124,5295900
2015-11-12,55.888587951660156,56.89916262022014,55.888587951660156,56.64464426102572,7678600
2015-11-13,55.364585876464844,56.12813529285309,55.35709853010012,55.87361691699971,8468800
2015-11-16,56.36766815185547,56.390124475465505,55.40200625842826,55.58166255847936,7410600
2015-11-17,56.19548416137695,56.89914597731463,56.04577155470377,56.390115118987985,8761800
2015-11-18,56.816810607910156,56.861723254221445,56.000861362507365,56.12812337900717,6447100
2015-11-19,57.05634689331055,57.61029040078028,56.90662857293363,56.99645956515978,7899500
2015-11-20,56.75691604614258,57.53543417972319,56.65211607731153,57.30337792176444,9533200
2015-11-23,56.86920928955078,56.93657825746651,56.442522025906186,56.75692196518735,9421300
2015-11-24,57.228515625,57.408177608831394,56.59971581509991,56.607203158885376,7086800
2015-11-25,56.816810607910156,57.44561050095096,56.80183591835927,57.288410527690765,4266500
2015-11-27,56.66709518432617,57.16864450901814,56.51738254813725,56.80932618652534,2390100
2015-11-30,56.0233154296875,56.749433642057326,56.0233154296875,56.57726469734991,8935700
2015-12-01,56.846763610839844,57.0563636096059,56.045788923457195,56.045788923457195,8391700
2015-12-02,56.73446273803711,57.23600628852404,56.62966276364194,56.68955009505926,8104200
2015-12-03,56.6970329284668,57.04137652465121,56.2703456776328,56.76440760553026,11177800
2015-12-04,58.26156997680664,58.313969977094565,56.83178956568065,56.87670793105008,11961000
2015-12-07,58.665802001953125,58.76311465810394,58.04448362278494,58.04448362278494,9460000
2015-12-08,58.20167541503906,58.763106367595704,57.90224443144132,58.14927542124728,8312700
2015-12-09,58.164249420166016,59.12991142724377,57.96962411852602,58.08939309559898,10081900
2015-12-10,58.23161315917969,58.79304405460814,58.06692584940007,58.32144415846958,8984200
2015-12-11,58.2241325378418,58.635850859831386,57.72258891736071,58.02201990506486,12280500
2015-12-14,58.60590744018555,58.78556374910673,57.96962015807926,58.111845451688446,12179000
2015-12-15,59.64643096923828,59.88597463934881,58.74814363411669,58.92031261294872,14113400
2015-12-16,60.627044677734375,60.806706662433214,59.736244942741656,59.870988575680805,14102600
2015-12-17,60.103065490722656,60.65700918933997,60.035690795511776,60.619583879708976,9864200
2015-12-18,58.486106872558594,59.975773812807724,58.486106872558594,59.84851184377926,21342100
2015-12-21,59.09996795654297,59.12242999404395,58.50111164679483,58.86042429040942,9105800
2015-12-22,59.58654022216797,59.69882756044067,59.04756556739603,59.25717126405166,9872200
2015-12-23,59.826053619384766,60.20782809194701,59.51165380017744,59.84850993344695,8254600
2015-12-24,59.7287712097168,59.99825853700497,59.5865402005449,59.631458562540445,2498000
2015-12-28,59.826053619384766,59.86348461693399,59.48919748611526,59.691310023843286,4150000
2015-12-29,60.15545654296875,60.34260019679551,59.77368189003425,60.05065655371944,4406100
2015-12-30,59.93836212158203,60.2602493964946,59.88596213316234,60.23030573008757,3793200
2015-12-31,59.4443244934082,59.91592453666576,59.36946244839434,59.81861187378879,5077700
2016-01-04,58.665802001953125,58.76311465810394,58.04448362278494,58.65831465573482,11529800
2016-01-05,58.85293960571289,59.10745223915223,58.54602126532536,58.71819594354759,8133700
2016-01-06,58.28401565551758,58.60590294452706,57.73007208065381,58.14178466164784,9551000
2016-01-07,57.77497863769531,58.08937854884768,56.944060507385466,57.5279476884313,11973900
2016-01-08,56.86920928955078,57.999558455447044,56.64463464082392,57.909727453722184,9676400
2016-01-11,57.39321517944336,57.670189846962906,56.592240558423235,57.01892786660833,10209200
2016-01-12,57.2734375,57.65520638899575,56.70451927187398,57.64023741167388,8774700
2016-01-13,56.77937698364258,57.632751491330346,56.73446433939704,57.617782513638645,9310100
2016-01-14,57.003963470458984,57.60281979244386,56.80184510702073,56.96653245169735,12835100
2016-01-15,56.12813949584961,56.65213955718027,55.74636475906737,55.7688210886712,17023900
2016-01-19,57.4381217956543,57.57286542916943,56.68205997919884,56.74194730768778,13457300
2016-01-20,57.25918197631836,57.4555036487473,56.22469384918673,56.8514276581997,17795000
2016-01-21,57.93121337890625,58.27855833058354,56.94203523910897,57.40264046561046,12712900
2016-01-22,58.414459228515625,58.875070080397954,57.80283088068259,58.44466387989541,9465800
2016-01-25,58.02936935424805,58.41447153931497,57.81038990630606,58.29365290833342,9870400
2016-01-26,59.509361267089844,60.09079082991926,58.55038789592535,58.897732808353005,16374800
2016-01-27,59.501800537109375,60.29465099100214,59.010985059396006,59.29792059114559,10816100
2016-01-28,60.272010803222656,60.407928873626275,59.35834157032294,59.95487055926388,9895100
2016-01-29,61.68403244018555,61.9181112612064,60.279547992165305,60.392813982027754,19895000
2016-02-01,61.25363540649414,61.465062213207815,60.808123982963124,61.321591553959934,9657200
2016-02-02,60.57406997680664,60.81570153516962,60.264476482148964,60.47590337559773,9116400
2016-02-03,61.2385368347168,61.34425024952727,60.42302841107967,60.77037907225584,10149600
2016-02-04,60.93648910522461,61.23852986787082,60.657106152559294,61.049755111335486,8295100
2016-02-05,61.31404113769531,61.31404113769532,60.83833080562072,60.84588340925802,9957600
2016-02-08,62.38630676269531,62.46181554113793,60.62692399632482,60.62692399632482,16530200
2016-02-09,62.40140151977539,62.67323771047998,61.17813866160471,61.78977297116509,14308900
2016-02-10,61.63119888305664,62.673233706891985,61.510380245594725,62.60527754403194,10585400
2016-02-11,60.33241653442383,61.15547175122897,60.12853656044271,60.70241346375237,12343900
2016-02-12,61.15549087524414,61.17814293255922,60.24937401693792,60.679780388775946,9306100
2016-02-16,61.51791763305664,61.91056658577932,61.042201566914805,61.91056658577932,9352600
2016-02-17,62.257930755615234,62.544872157150856,61.54814137922993,61.65385481317987,10892900
2016-02-18,61.903053283691406,62.15978432246763,61.321623501366474,62.09182813959795,7702600
2016-02-19,61.75957489013672,62.114472496978046,61.46508661232173,61.88794039360465,7709600
2016-02-22,62.016319274902344,62.42407369236264,61.699178870528314,61.759588212585825,6916500
2016-02-23,61.77467346191406,62.26548917159742,61.62365590245024,61.91814417607013,5840600
2016-02-24,61.58588409423828,61.646293408143926,60.906299476122165,61.359357808515995,6759800
2016-02-25,62.17488098144531,62.174880981445305,61.517948199427686,61.691617832922695,6789700
2016-02-26,61.2385368347168,62.40894276276725,61.125270815720135,62.31077619119393,9281100
2016-02-29,60.626914978027344,61.42731828016944,60.56650565987898,61.238543481668025,11065300
2016-03-01,61.33668899536133,61.434849782922946,60.80811628454699,60.815668886958704,9483900
2016-03-02,62.333457946777344,62.416519341883166,61.04978550665632,61.6010106049994,12096600
2016-03-03,62.55242919921875,62.62039113838024,62.05406660948893,62.32590284423284,8747100
2016-03-04,63.04323196411133,63.23200676821115,62.1144631540721,62.38629933285183,9406700
2016-03-07,62.74871826171875,63.20177645547805,62.67320952291678,62.80912755713932,6792400
2016-03-08,62.71852493286133,63.23954511823449,62.42403676572393,62.65056878395971,7788400
2016-03-09,62.64303207397461,63.19425705236373,62.431605209151385,62.899768810509954,8954800
2016-03-10,62.12956619262695,62.84691394621529,61.729364506568814,62.77139941145324,10385600
2016-03-11,61.72936248779297,62.52221898926388,61.4952835683463,62.48446172311765,11109500
2016-03-14,61.291404724121094,61.80487244442715,60.921407704782204,61.59344557623349,12389300
2016-03-15,61.39710998535156,61.51037600993508,60.98180890981107,61.16303109257512,9297800
2016-03-16,61.419769287109375,61.767120006414515,60.770389242149754,61.39711723170903,9490300
2016-03-17,62.48447036743164,62.84692058534807,61.374473416191606,61.3820260226557,12061500
2016-03-18,62.786502838134766,63.050786419439426,62.250383070073894,62.56752336763948,33635200
2016-03-21,62.91486358642578,63.3301704407249,62.60527591763427,62.76384605447132,8625600
2016-03-22,62.476905822753906,62.914864738772884,62.28813102387846,62.88466007963885,7205900
2016-03-23,62.53729248046875,63.04320737550744,62.35607035228054,62.46178374046929,5594600
2016-03-24,62.590179443359375,62.76385481420087,62.242834462626746,62.26548651948643,6645700
2016-03-28,62.38630676269531,63.0130348086245,62.31079222330218,62.665689819028046,4988500
2016-03-29,62.522220611572266,62.74119432586232,62.038957549300896,62.41650717675979,6731400
2016-03-30,62.43161392211914,62.94508170589949,62.40896186357676,62.74120165711642,6925400
2016-03-31,62.15220642089844,62.6732266546638,62.03139355798055,62.48445187558349,6819200
2016-04-01,63.07342529296875,63.14138720592927,61.86526791596477,61.91812462117905,8028600
2016-04-04,62.83180236816406,63.16404785241027,62.69588428469512,63.16404785241027,5593400
2016-04-05,62.79404830932617,63.09608336167333,62.665677075034345,62.79404830932617,5259100
2016-04-06,63.28485107421875,63.30750312451721,62.733631980460544,62.778936081057466,6292100
2016-04-07,62.85444641113281,63.18669185303441,62.575063435850865,62.85444641113281,6655900
2016-04-08,62.82426452636719,63.013039366603806,62.49957157072216,63.00549252087902,5453000
2016-04-11,62.46931838989258,62.929923299801736,62.41646171098852,62.69584454479031,7081500
2016-04-12,62.54486083984375,62.83179642850915,62.25791949022931,62.454246872447236,7081600
2016-04-13,62.265480041503906,62.997927195499784,61.79731645829268,62.71099157021212,11738600
2016-04-14,62.43297576904297,62.70703879547216,62.07517093964137,62.38729472587623,6904400
2016-04-15,62.65372848510742,62.75269339783454,62.31114691063803,62.46340732422695,7299300
2016-04-18,63.05721664428711,63.17901918290958,62.44057205304162,62.65373665987884,5628000
2016-04-19,63.3997917175293,63.71952991185184,63.07243904958719,63.11812008316297,6606100
2016-04-20,62.082759857177734,63.44545414498069,62.029470168873374,63.407393400843524,9124200
2016-04-21,61.51181411743164,61.9000651832801,61.32149291757343,61.694520843015745,8802100
2016-04-22,61.6259880065918,61.62598800659179,60.83425710857663,61.207284948160414,8027700
2016-04-25,61.97618865966797,62.029478355005054,61.22251264371907,61.60315498416717,7672800
2016-04-26,60.56019592285156,62.044698659547564,60.30135612293429,62.044698659547564,13742300
2016-04-27,60.81903076171875,61.016966398748714,60.21761518592305,60.499292599844885,7689700
2016-04-28,60.72007369995117,61.108324743234206,60.438396249601155,60.50691489780164,7615900
2016-04-29,60.9941520690918,61.016989688208064,60.423188358612265,60.651570357918146,9391000
2016-05-02,61.64120864868164,61.89243393478535,60.917984868213985,60.917984868213985,7862600
2016-05-03,61.74018096923828,62.19695057553271,61.428057298057674,61.511799070161395,7617500
2016-05-04,62.120784759521484,62.250201669570984,61.56505058900914,61.56505058900914,7365900
2016-05-05,61.89244842529297,62.49385822705121,61.60315652211974,62.12083035037878,6399500
2016-05-06,62.5243034362793,62.61565968115205,61.79347090171933,61.983792055765385,6297200
2016-05-09,62.51670837402344,62.98109255558525,62.402514495121984,62.58522121647914,6718800
2016-05-10,62.790748596191406,62.943003174100866,62.5166857094425,62.53952331531494,6222400
2016-05-11,62.539554595947266,63.10290378575245,62.52432564565529,62.80600314462926,5975000
2016-05-12,62.73748779296875,62.98870738134893,62.50910001283129,62.79077750058182,4925000
2016-05-13,61.839149475097656,62.74507418288363,61.66405146473944,62.74507418288363,6579000
2016-05-16,62.14366912841797,62.34160478038703,61.47374067086148,61.67167632283054,6497200
2016-05-17,61.374786376953125,62.471032605683085,61.154013074630626,62.15129436430945,10188200
2016-05-18,60.78859329223633,61.48897395085016,60.4536319122841,61.35194244736985,8344100
2016-05-19,61.04742431640625,61.0702619289883,60.484069434721754,60.62871539193015,6242500
2016-05-20,60.918006896972656,61.28342615509486,60.74291464623194,61.23775092588286,6526800
2016-05-23,61.05502700805664,61.15399773041738,60.78857854043347,60.94083895631884,5620600
2016-05-24,61.64120864868164,61.95333228233234,61.13114941311832,61.13114941311832,6293300
2016-05-25,62.02946853637695,62.250235947727404,61.67166386368996,61.724953550591835,6049800
2016-05-26,61.83155059814453,62.12083672285195,61.73257985979421,62.02948626670325,4622300
2016-05-27,61.991397857666016,62.16649585047988,61.785853595627,61.86958954820595,4322200
2016-05-31,61.69450759887695,62.28830868565885,61.466119884818916,62.10560199929692,6705000
2016-06-01,62.265480041503906,62.27309451523981,61.5574849957486,61.625997834946695,6184100
2016-06-02,62.38728713989258,62.38728713989258,61.91529428032314,62.067548917318035,5186300
2016-06-03,62.783119201660156,62.79834233257671,62.25783115889279,62.372024969251584,6306700
2016-06-06,63.01152038574219,63.0572014088124,62.60043183509197,62.72984881615371,5292300
2016-06-07,62.66898727416992,63.10291953551158,62.615697551133024,63.00395456648425,6327500
2016-06-08,62.920169830322266,62.99629712443372,62.44055684195368,62.707011083554114,4712600
2016-06-09,63.316043853759766,63.38456249347481,62.75269483096737,62.86688869173177,6144900
2016-06-10,63.338890075683594,63.4454694780497,62.88973485258957,63.01153739466148,6840800
2016-06-13,62.85929870605469,63.491166614710004,62.82884661077865,63.15619937481691,6167400
2016-06-14,63.45309829711914,63.46832724840965,62.63090917172571,62.84407383279089,6868600
2016-06-15,63.1485595703125,63.56726845223631,63.04959465646731,63.49114114865225,7082200
2016-06-16,63.498748779296875,63.65100337005917,62.92778535172773,62.93539401556761,6630100
2016-06-17,63.285614013671875,63.52161629103819,62.6918126987598,63.42264553312413,11741700
2016-06-20,63.21708297729492,63.719527865358714,63.209468503919915,63.58249638531561,6164300
2016-06-21,63.498748779296875,63.780420353021164,63.25513214105265,63.25513214105265,6594700
2016-06-22,63.62055206298828,63.76519799166752,63.40739331007598,63.56726237476021,4940100
2016-06-23,64.10778045654297,64.10778045654297,63.62055873928887,63.803265431223906,7361300
2016-06-24,62.623252868652344,63.8108546076422,62.41770283958797,62.88970123212587,12401100
2016-06-27,61.839149475097656,62.34159428161435,61.66405146473944,62.29591906506023,9601800
2016-06-28,62.77553176879883,62.79836937907877,61.625990316866655,61.999023978575714,9257100
2016-06-29,63.87942886352539,63.87942886352539,63.11814384296031,63.156204609102296,7927500
2016-06-30,64.45796203613281,64.55693274573551,63.81087132442233,63.879389954773444,10969300
2016-07-01,64.5417251586914,64.70159427155723,64.33618081590456,64.34378948212995,9531100
2016-07-05,65.0441665649414,65.43241757971158,64.29049053079416,64.31333395061122,11403100
2016-07-06,64.73204040527344,65.08984516178121,64.5112671340635,64.99088023667673,8356500
2016-07-07,64.57978057861328,64.89190427611783,64.35139285213393,64.88429561120536,7905700
2016-07-08,65.29537963867188,65.39435035699252,64.53409501474447,64.69396989693308,6827300
2016-07-11,65.2801742553711,65.43242889830745,64.6406977852676,65.17359484368718,6156800
2016-07-12,65.2801742553711,65.42482023186025,64.85385660863544,65.08223857303997,6649800
2016-07-13,65.3867416381836,65.58467728410149,65.02132823910269,65.32583746895637,7572100
2016-07-14,65.37150573730469,66.14801341485801,65.35627679390043,65.80543769408392,11342600
2016-07-15,65.47808837890625,65.83589306095531,65.31060484193516,65.66079505190179,8491300
2016-07-18,65.41719818115234,65.50855444121937,65.24210013472596,65.48571102009637,4781300
2016-07-19,65.59989929199219,65.6075137650497,65.13551517388346,65.21925695309265,6078200
2016-07-20,65.4617919921875,65.77636740874915,65.31601256952186,65.50782513464826,6289000
2016-07-21,65.41573333740234,65.50013130143489,65.12417460577981,65.23158913206622,5407000
2016-07-22,65.7686996459961,65.96818637209904,65.5615387775204,65.59990363572864,6165600
2016-07-25,65.83008575439453,65.83008575439453,65.33137183053508,65.62292487120162,5605300
2016-07-26,65.42342376708984,66.04490042656627,65.34669991572308,65.73799916744458,5379300
2016-07-27,64.8019790649414,65.44647255407865,64.69456445902803,65.40043354178935,7744700
2016-07-28,65.07048034667969,65.20091731493984,64.75591084359067,64.77125327027512,5911600
2016-07-29,65.66895294189453,65.82240652010405,65.0628303323472,65.13188005229989,7520900
2016-08-01,66.29810333251953,66.42853448277323,65.5385212968306,65.55386958136364,10420600
2016-08-02,66.5666275024414,66.86585460545764,66.16765412931686,66.76610833534933,13083200
2016-08-03,65.96051025390625,66.53594798785986,65.5692109557943,66.37482612479148,8192100
2016-08-04,66.02189636230469,66.39017326008553,65.83008377072758,66.07560365380006,5564100
2016-08-05,65.81471252441406,66.32110039926762,65.62289999975505,66.04488989546635,6729700
2016-08-08,65.79938507080078,65.90679964075987,65.31601365232979,65.68429635908602,5388200
2016-08-09,65.97586059570312,66.24439706635061,65.73801484365192,65.8761201505072,4158800
2016-08-10,66.22137451171875,66.61267382142115,65.98352878114252,66.18301550717882,5981400
2016-08-11,66.54363250732422,66.7507875482445,66.29043846002234,66.5206100773053,7387100
2016-08-12,66.78146362304688,67.09603318711332,66.5819769155566,66.689391484131,8063400
2016-08-15,66.7661361694336,67.18812628738186,66.74311959093765,67.1497614207841,6871200
2016-08-16,66.42854309082031,67.05768820412698,66.34414507591828,66.73544443104078,8071100
2016-08-17,66.7200927734375,66.83518150191226,65.96051653135355,66.3287934380857,6762100
2016-08-18,67.08836364746094,67.1037060768332,66.70473852295105,66.70473852295105,7082800
2016-08-19,66.9886245727539,67.06535428883134,66.78914370118794,66.90422656799312,6199900
2016-08-22,66.63568115234375,66.91189170280431,66.42852616632568,66.85818442097336,5921100
2016-08-23,67.05768585205078,67.13440972100074,66.78147524090619,66.85052496686434,5420100
2016-08-24,66.9886245727539,67.09603915087574,66.41318682410608,66.99629871509275,5713300
2016-08-25,67.4413070678711,67.4719977843699,66.7814712972858,66.98095802770024,10595500
2016-08-26,67.19580078125,67.90166984253202,66.88122526374967,67.41830413063045,16408200
2016-08-29,67.74819946289062,67.82492331721222,66.99629164176719,67.04999892515781,8934500
2016-08-30,67.16510009765625,67.74821203529045,67.10371866134614,67.30320540252603,11619400
2016-08-31,66.9886245727539,67.402940454219,66.77379541651027,67.32621659179706,11407800
2016-09-01,67.75588989257812,67.75588989257812,66.73545117468935,67.02700425784946,29793300
2016-09-02,67.67147827148438,68.18554045280996,67.54872125985159,67.88631328573904,17470400
2016-09-06,68.00907135009766,68.00907135009766,67.42595943826296,67.70984417839495,14472100
2016-09-07,67.47966766357422,67.83260798480059,67.29552921389734,67.75587826491743,17556400
2016-09-08,67.34922790527344,67.65612918464814,67.23413919380104,67.4796590465698,23465700
2016-09-09,66.16766357421875,66.88120658026101,66.16766357421875,66.82749929394193,21955000
2016-09-12,67.7098617553711,67.80960222061198,65.95285727480417,66.01423872433267,16105700
2016-09-13,66.78914642333984,67.44898220364166,66.7584557063891,67.17277160474063,19682700
2016-09-14,66.75845336914062,67.21112825759042,66.6510387904015,66.84285137438644,25397900
2016-09-15,67.5640640258789,67.72518589712637,66.55896793938764,66.55896793938764,13833600
2016-09-16,67.55638122558594,67.60241436358119,66.9809435860278,67.22646341142644,23518300
2016-09-19,67.80191802978516,68.24691880036886,66.9425954988732,67.4566518473969,19173900
2016-09-20,67.96302032470703,68.24689913651171,67.65611909111854,67.9016389072585,33986500
2016-09-21,67.36456298828125,68.12413896930772,66.32110235507237,67.93232643899218,55409800
2016-09-22,68.27759552001953,68.5154470689877,67.34154931392099,67.34154931392099,52692700
2016-09-23,67.33386993408203,68.23922527976156,67.12670913051562,68.00137376997591,48281400
2016-09-26,67.40296173095703,67.84796846859494,66.45157265856282,67.07304375010925,60276600
2016-09-27,67.79424285888672,68.13950318238331,67.2571699437463,67.56406540745184,65150800
2016-09-28,68.63823699951172,68.8453979366201,67.87866055531502,68.26995999478618,89806000
2016-09-29,67.69451141357422,68.49244674962253,67.16510671712184,68.40805458344877,74587500
2016-09-30,68.8607177734375,69.22132636855737,67.74053298340576,67.7482071258024,123735700
2016-10-03,68.02442932128906,68.63055203995754,67.83261670423646,68.55382816386779,26789500
2016-10-04,67.78656005859375,68.0397540521034,67.47965878042947,67.74052691564836,23317600
2016-10-05,68.17018127441406,68.28526997881715,67.67914159903854,67.88630243769505,64580300
2016-10-06,68.4540786743164,68.84537800047566,67.87864089911692,67.98605548219503,61462800
2016-10-07,69.0525131225586,69.09087797131053,67.74819021614968,68.29293711723359,20518800
2016-10-10,68.33129119873047,69.3057020918822,68.11646210993742,69.19828754748568,15492400
2016-10-11,67.93232727050781,68.37733375116385,67.67145918218553,68.15483051083582,11723100
2016-10-12,67.95537567138672,68.29296776018784,67.7712371927937,68.08580684982108,17118000
2016-10-13,67.70217895507812,67.95537301176952,67.2111391289438,67.55640534815656,11158100
2016-10-14,67.84796905517578,68.25461092618016,67.68684713573955,67.90167636165452,7369000
2016-10-17,67.3875961303711,68.01674115040801,67.29552398585764,67.84794514562769,7610600
2016-10-18,67.09605407714844,67.72519925481761,67.08838578675918,67.67916609785495,10749500
2016-10-19,66.13729858398438,67.12696026913086,66.05998237086648,66.99552211694555,12788800
2016-10-20,65.66566467285156,66.12183447790188,65.55742079033625,66.01359059538657,10175100
2016-10-21,65.20175170898438,65.61153290266928,65.13216299559258,65.26360703225524,13974100
2016-10-24,65.02394104003906,65.48784432319273,64.99301336798212,65.24816223831424,10573200
2016-10-25,67.24296569824219,68.10118959061037,67.24296569824219,67.64501371413427,20761200
2016-10-26,67.57540130615234,67.83827760563133,67.09603135558326,67.19654773973016,8464100
2016-10-27,66.94141387939453,67.73004885277254,66.8408974728036,67.66046601637895,6598300
2016-10-28,67.14244079589844,67.44398414332315,66.8409033473244,67.16564097558548,7021100
2016-10-31,67.11149597167969,67.62952106194834,67.0264463719223,67.27386178062142,8207100
2016-11-01,67.15016174316406,67.25840563290504,66.86409113406987,66.94140735547778,8564500
2016-11-02,67.06511688232422,67.58314799004995,66.9259453143882,67.08831116050523,7773200
2016-11-03,66.95686340332031,67.2506732818352,66.85635291263577,67.11150173381476,6899900
2016-11-04,65.78163146972656,67.05736948058583,65.77389807967882,67.02644181924309,9378100
2016-11-07,66.92595672607422,66.93369011973653,66.1837102034701,66.50844195107484,8878500
2016-11-08,67.62178039550781,67.79961296646142,66.94911706039804,67.08828858149496,7674600
2016-11-09,66.43885040283203,66.91048707399288,65.18630624188597,65.92082517347511,11972500
2016-11-10,64.14252471923828,66.26102017062495,63.53944984539358,66.11412109805408,22095000
2016-11-11,64.62187957763672,64.99299976695555,63.90282757462629,63.91828845799414,8905700
2016-11-14,64.17344665527344,64.77652147520581,63.98788653349038,64.60642223905054,12862500
2016-11-15,64.65280151367188,65.39504772538052,64.08064859933204,65.39504772538052,9464000
2016-11-16,64.32035827636719,65.10125990673565,64.3048914902873,64.93116655181069,8542900
2016-11-17,64.22759246826172,64.56005767186734,64.11934853209729,64.382224977396,9083700
2016-11-18,63.400264739990234,64.25075491648856,63.39253134871003,64.11158336769071,14565500
2016-11-21,63.895076751708984,63.980126334151606,63.17602494486976,63.400246035050536,11482100
2016-11-22,63.987876892089844,64.31260853099359,63.91056067790072,64.18117037698717,7426500
2016-11-23,63.92603302001953,64.11932653956497,63.80232233606242,63.856444285581134,7693300
2016-11-25,64.52910614013672,64.52910614013672,64.13478571907845,64.16571338924477,3882900
2016-11-28,64.22759246826172,64.45181373570291,63.98791030944794,64.27398104123158,6990100
2016-11-29,64.08840942382812,64.54458527248879,63.93377694226411,64.49819080893873,6183100
2016-11-30,63.75593566894531,64.04201220993886,63.601303208265165,63.8023242273793,12115500
2016-12-01,63.292022705078125,63.64768202931074,62.7662641608105,63.56263241929322,12516900
2016-12-02,63.70954513549805,63.92603293327917,63.45439627432027,63.67088407210139,9079400
2016-12-05,64.16571044921875,64.23529917861696,63.7713959450776,63.833245383726435,8597500
2016-12-06,64.1038589477539,64.36673527538883,63.87190438902353,64.35900188373796,7327200
2016-12-07,65.08577728271484,65.16309349074123,63.94921073829633,63.972405010819394,8567700
2016-12-08,64.56002807617188,65.08578662460246,64.56002807617188,64.7842492408253,7522800
2016-12-09,65.23268127441406,65.25587554660548,64.5368236144293,64.5754787684655,8004500
2016-12-12,65.8203125,65.85897356659038,65.10899370600137,65.10899370600137,7494100
2016-12-13,65.85897064208984,65.99814221724444,65.3564062929844,65.46465019601015,11795900
2016-12-14,65.23268127441406,66.29192569681177,65.07804296172385,65.94399981624362,12292200
2016-12-15,65.47236633300781,65.56514932494062,64.6450704928653,65.06258510828985,8768100
2016-12-16,65.47236633300781,65.81256473791272,65.06258510828985,65.64246553546026,21172400
2016-12-19,65.49557495117188,65.70433525403136,65.19403753490819,65.52650262192329,6431200
2016-12-20,65.38732147216797,65.49556535451256,65.09351749135392,65.38732147216797,7485400
2016-12-21,65.16310119628906,65.51103302182366,65.03939642858843,65.0935183704917,6099300
2016-12-22,65.31002044677734,65.41826435429886,64.84611714327794,64.94662765773347,7864800
2016-12-23,65.68885803222656,65.858957244908,65.37185978037861,65.4723702702135,5284200
2016-12-27,65.4104995727539,65.67338172119322,65.27132805860313,65.64245406262108,3782600
2016-12-28,65.00072479248047,65.43370025724492,64.90794180766738,65.25587357658021,4298800
2016-12-29,65.21722412109375,65.32546800653164,65.02393062583334,65.13217451127122,3718300
2016-12-30,65.00848388671875,65.29455454668589,64.88477319138654,65.07806672870515,6209800
2017-01-03,65.10124206542969,65.24814699867588,64.56002267796832,64.85382664561179,8792700
2017-01-04,65.33319091796875,65.4105071239008,65.13216406346667,65.29452986557853,8096700
2017-01-05,65.76616668701172,66.05224313898438,65.24040822591368,65.26360839676154,6852400
2017-01-06,65.74301147460938,65.91311076879677,65.42601307086626,65.67342861727013,4799900
2017-01-09,65.25589752197266,65.45692444674287,64.75333315947233,64.99301525129614,11000600
2017-01-10,64.55230712890625,65.27909270624677,64.35901359440935,65.2095039664256,10918200
2017-01-11,64.75332641601562,64.75332641601562,64.3899336702232,64.47498328727461,9572300
2017-01-12,64.82290649414062,64.85383416255867,64.45951966264009,64.72239599591914,6545400
2017-01-13,64.95436096191406,64.96208845611892,64.51365193936512,64.83065026842988,6762800
2017-01-17,65.88214874267578,66.1682252154774,64.8538260176079,64.86929279929926,13145100
2017-01-18,66.18607330322266,66.47441698413253,65.92110771484091,66.08476625373457,10520400
2017-01-19,66.00684356689453,66.24063642664008,65.67953831973028,65.95229269236715,14074500
2017-01-20,68.14994049072266,68.56297544180903,67.34726058261306,67.71353338237591,22944400
2017-01-23,67.76805877685547,68.0719858909181,67.68233513487895,67.86936583301011,9408900
2017-01-24,68.4694595336914,68.53959384478378,67.97070683614183,67.97070683614183,8704700
2017-01-25,67.92390441894531,68.50058571836058,67.8459695321727,68.4538235971776,8082900
2017-01-26,67.48750305175781,67.97846676077147,67.47970837264383,67.89274312731187,6542300
2017-01-27,67.58104705810547,67.68235414271108,67.03553227908974,67.37063226121643,9332300
2017-01-30,67.60442352294922,67.69014718692604,67.4095980949292,67.62780162301559,7350000
2017-01-31,68.26680755615234,68.31356968734093,67.43295522140275,67.51088417925256,9712400
2017-02-01,68.05643463134766,68.25904883938604,67.60443811384387,67.82264168902459,8291000
2017-02-02,68.39151000976562,68.85129509940059,67.99406452941041,68.27461358076711,8997200
2017-02-03,68.11875915527344,68.71102412039812,68.1031697929493,68.6720626057871,7161900
2017-02-06,68.11095428466797,68.41488140292469,67.90053954396792,68.18888324783146,7483000
2017-02-07,68.58633422851562,68.79674304061025,68.17330533935262,68.29799050136444,6646100
2017-02-08,68.8357162475586,68.84350498323539,68.43047605957464,68.63309615356663,6815800
2017-02-09,69.10067749023438,69.18640114938174,68.60192489824964,68.83571777694243,9914100
2017-02-10,68.5551986694336,69.14746986092486,68.5551986694336,69.01498400076323,11057600
2017-02-13,68.82011413574219,68.85908158930627,68.29798355333604,68.60970534505267,6905100
2017-02-14,68.4694595336914,68.7500086692632,67.97850151924136,68.57856131468031,20123400
2017-02-15,71.00995635986328,71.03333445407434,69.98906732972405,69.98906732972405,25847700
2017-02-16,70.75279998779297,71.0099709682178,70.5579745684893,70.8541070654149,12408500
2017-02-17,70.98655700683594,71.19697170054215,70.48780461926205,70.61249568895425,12152400
2017-02-21,71.43859100341797,71.53990403753163,70.58915493782229,70.58915493782229,9018700
2017-02-22,71.25933837890625,71.53988742335856,71.11126917611219,71.26712711387493,6749900
2017-02-23,71.01776885986328,71.53990556956765,70.84632746307756,71.3918363292156,7611600
2017-02-24,70.95542907714844,71.18142136004106,70.65929059710858,70.89308350812945,6643400
2017-02-27,70.83071899414062,70.84630835502607,70.18389726617445,70.55016995419383,11840300
2017-02-28,70.97098541259766,71.53208342844049,70.64368021855547,70.83850558818988,10535600
2017-03-01,71.4307632446289,71.60999922220623,70.6904234087651,70.95538895446713,8792200
2017-03-02,70.84635162353516,71.37627130529958,70.82296756792547,71.22820796005476,7031200
2017-03-03,70.52679443359375,70.84631094182147,70.0514199844155,70.84631094182147,8334900
2017-03-06,70.42548370361328,70.53458544572399,69.81762349608343,70.05141634094869,9533800
2017-03-07,70.3631591796875,70.51901715910853,70.1839171523126,70.24626272232133,5363000
2017-03-08,70.24622344970703,70.40987602028598,69.95009107612573,70.1527051469773,5503700
2017-03-09,70.40210723876953,70.51900367378163,70.21507651010997,70.24624928915317,5587400
2017-03-10,70.97098541259766,71.04112563737722,70.64368021855547,70.76057662945581,6797800
2017-03-13,71.15803527832031,71.29830982008215,70.79955721506228,70.96320985618442,7397500
2017-03-14,70.91646575927734,71.37625098009185,70.77619119357782,71.11908589764357,6686400
2017-03-15,71.2281723022461,71.52430479009044,70.706041621468,70.91645045179955,7855300
2017-03-16,71.25933837890625,71.47754187001378,70.99437274999052,71.25933837890625,6601200
2017-03-17,70.91646575927734,71.69576758080787,70.85412018661066,71.26714920072565,37010100
2017-03-20,71.0879135131836,71.2359827627038,70.86970995321768,70.88529337367191,7772900
2017-03-21,71.06450653076172,71.50091347334806,70.93981543539495,71.1502301724267,8211000
2017-03-22,70.90865325927734,71.5398916191163,70.72162253387299,71.15802954168299,7798000
2017-03-23,70.7372055053711,71.27492552632572,70.60472565677632,70.84631320223684,6831400
2017-03-24,70.58135986328125,70.85411428899371,70.30081075523398,70.73721783637393,9252000
2017-03-27,70.51899719238281,70.6982391690072,70.27741560900131,70.48782441620469,10072000
2017-03-28,70.72941589355469,70.96320280954271,70.2384520733409,70.26962485125918,11855800
2017-03-29,70.60472106933594,70.8151358228205,70.44106845306969,70.57354829305677,4252800
2017-03-30,70.29300689697266,70.58135064971484,70.21507792059903,70.52679977169332,3691900
2017-03-31,70.0202407836914,70.40209686590958,70.01244610367914,70.16051529591832,6942400
2017-04-03,69.88777923583984,70.18391175219497,69.70853722225625,70.02805378476603,6967400
2017-04-04,70.06700134277344,70.10596285076119,69.68513932354229,69.94231024777584,5680800
2017-04-05,70.11373901367188,70.52676775197354,69.9500864539069,70.13711710141015,6320100
2017-04-06,69.66956329345703,69.98907385345433,69.59942305868735,69.95790107640106,7231500
2017-04-07,69.5370864868164,69.83321896335548,69.49811902739832,69.71632253070074,4739100
2017-04-10,69.73969268798828,69.88776188219936,69.16301121697498,69.45914365979827,5956000
2017-04-11,69.98128509521484,69.99686851093668,69.58383961991633,69.87218334836416,5186000
2017-04-12,70.37873077392578,70.46445443188378,69.79425453090299,69.90335628728593,6286300
2017-04-13,70.16053009033203,70.55797561638218,69.9734993497908,70.17611945364382,5040100
2017-04-17,70.44107055664062,70.59692849709165,70.23845047757483,70.31638539339966,6931700
2017-04-18,70.76060485839844,71.01776993025341,70.40212080313236,70.44888295350665,7087800
2017-04-19,70.36009979248047,71.02757723088567,70.28157409227873,70.75273428461611,6919000
2017-04-20,70.14807891845703,70.43862460465324,70.13237018393859,70.43862460465324,6983500
2017-04-21,69.59050750732422,70.10878168297265,69.58265314358168,70.02240165517722,9061200
2017-04-24,70.3208236694336,70.40720371700982,69.8967777970936,69.98315784466985,8338500
2017-04-25,70.6741943359375,70.87051154242621,70.25800281676153,70.34438286690663,9088400
2017-04-26,68.89949798583984,70.67420754162276,68.79741517619648,70.5564159974947,11951300
2017-04-27,68.86022186279297,69.29211610105305,68.49899893963666,68.77384181691588,8517500
2017-04-28,68.57754516601562,68.78171079823387,68.43619650233451,68.7267422063094,8295400
2017-05-01,68.38908386230469,68.78957278561683,68.3812354848227,68.61681262296736,4546600
2017-05-02,67.70590209960938,68.54613978876154,67.54884468646597,68.54613978876154,13197500
2017-05-03,67.87080383300781,68.02785524563556,67.45461219752961,67.7687210139125,6122000
2017-05-04,67.8864974975586,68.50686067937716,67.76871194940604,68.20060627192738,5986200
2017-05-05,67.92575073242188,68.0121307791173,67.63519912161675,67.95716220314071,4506200
2017-05-08,67.96503448486328,68.02000307533014,67.72159702040115,67.79227434593113,4634600
2017-05-09,67.8472671508789,68.17707881138887,67.70591844049905,68.1613760618485,9577600
2017-05-10,67.91790008544922,68.15348313317585,67.8393743999156,67.91005171068389,6178500
2017-05-11,67.6666259765625,68.02784898526612,67.43889725542019,68.01214624189936,6064700
2017-05-12,67.68233489990234,67.78441770988815,67.47030892153519,67.72159475399219,5892400
2017-05-15,67.79227447509766,68.09067453946818,67.72945151697954,68.0435603164431,5820700
2017-05-16,67.72158813476562,68.31839417519069,67.6823282845131,68.22415975055739,6554500
2017-05-17,67.7373275756836,68.0278733655475,67.47818728380852,67.72161883556022,7805800
2017-05-18,67.4310073852539,67.70585015849728,67.15615862088741,67.67443869996617,6985600
2017-05-19,67.72158813476562,67.83152530127468,67.2739851022284,67.53312527662527,7320700
2017-05-22,67.69803619384766,67.8472392131243,67.55668754167155,67.72944767112308,4260000
2017-05-23,67.59595489501953,67.95717790506072,67.51742919564133,67.75300629377593,4394200
2017-05-24,67.92575073242188,68.04354224983614,67.69802206305442,67.88648489624197,4878800
2017-05-25,68.20849609375,68.30273057238186,67.96506451286312,67.98862163473866,4368000
2017-05-26,68.51470184326172,68.61678462903106,68.17703602433185,68.26341607041569,4337000
2017-05-30,68.63249206542969,68.79739778908176,68.39690903671229,68.51470055107099,4594500
2017-05-31,69.17434692382812,69.37851855193848,68.67177521703903,68.84453536458416,10146600
2017-06-01,69.20574951171875,69.21360387863264,68.6089494310478,69.11936944904569,6251300
2017-06-02,69.56695556640625,69.63763286916902,69.11150424544928,69.41775857812944,6136400
2017-06-05,69.68476867675781,69.70047741162985,69.1036713001584,69.33925439422335,4115300
2017-06-06,69.73188781738281,69.8653821061065,69.45703888149342,69.70047633924897,6503000
2017-06-07,69.70832061767578,69.80255504653779,69.41777494648932,69.63764928937415,4781600
2017-06-08,68.98588562011719,69.73189482068354,68.60110545880546,69.70833171637153,7712100
2017-06-09,69.22928619384766,69.268546031182,68.75027184404902,68.98584884142792,9696900
2017-06-12,69.29214477539062,69.62196235573553,69.17435321034802,69.22932779967871,7867700
2017-06-13,69.1507797241211,69.41777427441527,68.92305101658755,69.38636279843205,6419300
2017-06-14,69.44918823242188,69.69261969108372,69.15078219547983,69.48844808545917,6183900
2017-06-15,70.18732452392578,70.37579335312556,69.28427017962733,69.28427017962733,7047500
2017-06-16,70.40721130371094,70.49358536946886,69.73972795667467,70.45432551978365,13855000
2017-06-19,70.56425476074219,70.56425476074219,70.04597447763763,70.36008319547747,5246200
2017-06-20,70.3836669921875,70.83912450622033,70.36796424634709,70.49360418645367,5674200
2017-06-21,70.20305633544922,70.6349507309905,70.11667625811545,70.37581649011676,4164500
2017-06-22,69.9124984741211,70.2109045299905,69.81041566039723,70.10096135758326,4536700
2017-06-23,70.21874237060547,70.5171483817012,69.81040518585097,69.91248798425806,8782100
2017-06-26,70.171630859375,70.42291667301583,70.10095354150263,70.38365083073937,4373300
2017-06-27,69.58267974853516,70.1716314408039,69.58267974853516,70.1716314408039,5180400
2017-06-28,69.39421844482422,70.05384147925588,69.30783838205915,69.95175867377286,4875000
2017-06-29,68.31053924560547,69.27642261897469,68.26342502924031,69.11936524588049,8123500
2017-06-30,68.43619537353516,68.68748121692046,68.31840382388924,68.35766967081356,6070300
2017-07-03,68.89949798583984,69.10366959625337,68.459749278297,68.63250941086791,3607400
2017-07-05,68.84452056884766,69.10366073447219,68.70317193224574,68.9937235716847,4974300
2017-07-06,68.60894775390625,69.06439917462659,68.60109338718436,68.82882209310773,6038900
2017-07-07,68.82884216308594,68.96233648065187,68.53829042091759,68.86025364800642,5142200
2017-07-10,68.38908386230469,69.00159880018767,68.23203243687492,68.81312990031851,5356400
2017-07-11,68.13777160644531,68.67175463374652,67.77654867490706,68.49900052910908,5838600
2017-07-12,68.2869873046875,68.6874761474749,68.18490449779632,68.50686165253104,4374200
2017-07-13,68.08281707763672,68.35766600913017,67.92576568060625,68.13778566571006,5448900
2017-07-14,68.39693450927734,68.54613754910665,68.10638878892874,68.28699731923287,4577700
2017-07-17,68.75028991699219,69.03298718106119,68.11421807727403,68.37335823452491,5227800
2017-07-18,69.60623931884766,69.7004737497482,68.6796217172689,68.79741325811291,7492300
2017-07-19,69.92282104492188,69.97031093845821,69.32924869982385,69.54293812541201,6008500
2017-07-20,70.12068176269531,70.68259621767866,69.89116638731387,69.89908237629403,7285000
2017-07-21,70.12858581542969,70.18398565260067,69.49543964365041,69.77244486763472,5714800
2017-07-24,69.78826141357422,70.12066039187017,69.62206192442623,70.08109253528937,6202000
2017-07-25,70.54803466796875,70.59551851217616,70.07317811150867,70.17606178666759,6766700
2017-07-26,70.6746597290039,70.76962740858454,70.33434478820763,70.43722845379602,6987000
2017-07-27,71.76685333251953,71.82225317608884,70.43725104872624,71.45819619861484,11089200
2017-07-28,71.39486694335938,72.02009708216463,71.19700953379298,71.67186610912653,6137500
2017-07-31,71.87764739990234,72.07550483119894,71.39487478448828,71.39487478448828,7835700
2017-08-01,72.0992431640625,72.59784773048682,71.79850205720463,72.04384332758528,8662100
2017-08-02,72.0517578125,72.25753121717948,71.64812699050967,71.99635797717814,7167700
2017-08-03,71.90931701660156,72.6136891036024,71.87765909786627,71.90931701660156,6413200
2017-08-04,71.7589340209961,72.08342311696863,71.64813433898834,71.7747659973571,5824400
2017-08-07,72.36832427978516,72.46329196702008,71.64020446158848,71.75892010876078,5011300
2017-08-08,72.47914123535156,72.76405644130033,72.2021420179375,72.33668363237717,5623400
2017-08-09,72.74822998046875,72.76406195873865,72.43165683450661,72.43165683450661,5572800
2017-08-10,72.60575103759766,72.81152442774342,72.56618317980767,72.70072476492541,6338200
2017-08-11,72.28917694091797,72.87483919379018,72.24960908369926,72.7640395325719,7094200
2017-08-14,72.53453063964844,72.77195591834872,72.21795756325217,72.44747289268624,5398400
2017-08-15,72.96981048583984,73.0964421267033,72.71655324224191,72.74030120350054,5293400
2017-08-16,73.15977478027344,73.56339964260448,72.96191732449653,73.04105909918121,7965500
2017-08-17,72.86695098876953,73.34180772334142,72.86695098876953,73.1281243061299,5711400
2017-08-18,73.18351745605469,73.42885877152123,72.69282878699117,72.79571852944909,6815000
2017-08-21,73.49215698242188,73.57129873893497,73.09644216172744,73.11226809777847,4334300
2017-08-22,73.4367446899414,73.57128625700055,73.27845516564128,73.53171840452148,4731500
2017-08-23,73.15977478027344,73.33389030745798,73.03314311027364,73.20725863745818,3631900
2017-08-24,73.02523803710938,73.26266943478484,72.84321253193862,73.15978571612882,5173700
2017-08-25,73.21516418457031,73.49216337552687,73.13602242117265,73.32596386095294,4933000
2017-08-28,73.18351745605469,73.37345892486329,72.79571852944909,73.22308532473583,5386500
2017-08-29,73.06476593017578,73.35759699778738,73.00145012559044,73.19139753934645,3676300
2017-08-30,72.7086181640625,72.87481760665796,72.54241872146704,72.87481760665796,4709600
2017-08-31,73.02523803710938,73.12021180380582,72.6849229207779,72.72449683310089,5864400
2017-09-01,73.2309799194336,73.33386963183247,73.0172965842174,73.14392218038624,4960700
2017-09-05,73.38135528564453,73.39718122125775,72.84318290286302,72.95398256654197,6532100
2017-09-06,73.38135528564453,73.53172884554974,73.09644013957616,73.43675511748401,6747200
2017-09-07,73.57920837402344,73.8878654244688,73.07269393031163,73.39717691544179,7735400
2017-09-08,73.4763412475586,73.72168859654211,73.21517399715661,73.41303145123314,6070100
2017-09-11,74.3864517211914,74.5447412328047,73.52379652587693,73.67416401425024,10177300
2017-09-12,74.00659942626953,74.3785723839833,73.76916808020076,74.17279895326568,5804000
2017-09-13,74.03823852539062,74.21234795837859,73.95909073806251,73.99866463172657,5369300
2017-09-14,74.03823852539062,74.11738027459032,73.7454074114105,73.78498130507455,5492300
2017-09-15,73.81663513183594,74.25192382117054,73.46049423192842,74.25192382117054,12428800
2017-09-18,73.72167205810547,73.99867122404562,73.49215673828964,73.73749799410393,6177700
2017-09-19,74.52893829345703,74.75053765790665,73.87205015017436,73.87205015017436,6587200
2017-09-20,74.71095275878906,74.92463608632201,74.25983814454976,74.52892130056374,5941500
2017-09-21,73.31803894042969,74.79009850516903,73.16766538160434,74.51309934796082,9376700
2017-09-22,73.00148010253906,73.6029684168369,72.87485447949895,73.24682743652355,6837700
2017-09-25,73.38135528564453,73.67418038045511,73.07269821709193,73.15183997141563,6436200
2017-09-26,73.32596588134766,73.48424941250425,72.9698188790508,73.46050748664373,4885200
2017-09-27,71.91722106933594,73.22307528117578,71.49775824431188,73.22307528117578,9631200
2017-09-28,71.93303680419922,72.11506827136279,71.7272634148249,71.90929488198847,4999800
2017-09-29,72.00428009033203,72.36042105653871,71.7826746920622,71.99636410228996,6634500
2017-10-02,72.6294937133789,73.12809823936138,72.21003698005507,72.22586895383832,7302400
2017-10-03,72.906494140625,73.08060357394577,72.46328947562837,72.7798625111607,5909900
2017-10-04,73.14393615722656,73.44468332708759,72.82736304911855,72.90651085474292,6140700
2017-10-05,72.83526611328125,73.32595464568648,72.76404034661354,73.1993230096611,6912800
2017-10-06,73.07271575927734,73.08854169868981,72.71656872212911,72.81154247299469,5241900
2017-10-09,72.906494140625,73.3022089255083,72.75612059016825,73.1280934540591,5149000
2017-10-10,72.51077270507812,73.6346011419187,71.11785509937089,73.10434482796083,17125600
2017-10-11,72.38416290283203,72.5978523128245,72.07550578895818,72.09133172689518,7115400
2017-10-12,72.93026733398438,73.05689297961709,72.32877891236865,72.34461089190462,5984900
2017-10-13,73.63461303710938,74.00658592697279,73.27846608296981,73.36552382477312,6956700
2017-10-16,73.7137451171875,73.89577656382914,73.37343018156636,73.57920354774214,4159100
2017-10-17,73.44466400146484,73.67417325536893,73.12809097665725,73.63460540109811,5316100
2017-10-18,73.42092895507812,73.56338653938796,72.81944674410705,73.4288449425757,7399700
2017-10-19,73.03021240234375,73.34915767545446,72.67140277220363,73.11792250453358,8585000
2017-10-20,70.3670425415039,71.73052784828035,69.84078185290109,71.53916309032294,19997800
2017-10-23,69.60955047607422,70.85343048754574,69.26668533401786,70.67003495805596,13358200
2017-10-24,69.35438537597656,69.70521968935853,69.1949097031894,69.6653553336929,11519000
2017-10-25,69.25873565673828,69.45807578789781,68.79626509243744,69.29063080772917,9024300
2017-10-26,69.76904296875,69.98432762465306,69.45009755564588,69.52186316319874,6233800
2017-10-27,69.40222930908203,69.79293408555942,68.93178364961412,69.79293408555942,7433800
2017-10-30,68.78827667236328,69.43414271091106,68.70057262807782,69.29859290756995,5387100
2017-10-31,68.84410095214844,68.97168154902342,68.34974134770212,68.9637062408743,7119000
2017-11-01,69.28262329101562,69.48196332950592,68.66068334426595,68.83610355147744,4884100
2017-11-02,68.9796371459961,69.40223710647405,68.75637724863988,69.19492173748216,5021200
2017-11-03,69.03544616699219,69.49791653356327,68.93976075492994,69.19491577038718,5106500
2017-11-06,68.61284637451172,69.08328596379175,68.59689576411638,69.01152646713903,5186700
2017-11-07,69.35438537597656,69.37032990156783,68.11049946173628,68.60486492231414,6875100
2017-11-08,69.83281707763672,69.84876160707526,69.21087701213533,69.36237133361877,6910000
2017-11-09,69.99229431152344,70.30326437806696,69.60956472964388,69.64942909926044,5280000
2017-11-10,70.2952651977539,70.47865460326793,69.99226448423163,70.15970936536921,7227300
2017-11-13,70.96505737304688,71.29197797310026,70.67003191080667,70.70192704861984,6873500
2017-11-14,70.86140441894531,71.00492950082212,70.5424591166218,70.75774369774916,5035500
2017-11-15,70.35111236572266,70.91723753256899,70.16771679287349,70.74979257477308,6688100
2017-11-16,71.16436767578125,71.68265280269962,70.78163226537865,71.6348070742912,7205100
2017-11-17,70.51058959960938,71.03684436879999,70.2315146399342,70.92521438492993,5941800
2017-11-20,70.38301086425781,70.61424614651054,69.9364909169439,70.51059146827781,4926200
2017-11-21,70.74181365966797,71.1325185412672,70.183657745435,70.31123832584605,6196400
2017-11-22,70.43083190917969,70.89330231134453,70.21554123631375,70.56638169083548,6006900
2017-11-24,70.5265121459961,70.93316757953319,70.5025923116779,70.63814209506495,2196700
2017-11-27,70.93315887451172,71.04478880988118,70.28729909367765,70.43082416534914,6199700
2017-11-28,71.28401184082031,71.37969118319658,70.89330699823915,71.34780212465536,4841300
2017-11-29,71.26805114746094,71.61091627035643,70.98897629937751,71.28400175785167,5158900
2017-11-30,71.75446319580078,72.05746405173227,71.1325230354448,71.24415300866883,9789900
2017-12-01,72.04948425292969,72.18503405719838,71.06075908741553,71.90595914153434,7953200
2017-12-04,72.88671112060547,73.28539128798641,71.6268803316713,73.16578602109682,9003700
2017-12-05,72.87873840332031,73.22957282638475,72.61560802348939,72.97441775353025,8683000
2017-12-06,72.75911712646484,73.18171705259904,72.61559204934612,72.87074706607103,6737400
2017-12-07,71.8421630859375,72.61560356397844,71.67471814997653,72.59965903438157,7273600
2017-12-08,72.05744934082031,72.05744934082031,71.4275340014411,71.7783683813588,5883400
2017-12-11,71.94581604003906,72.02555084615383,71.56308045396206,71.94581604003906,4856000
2017-12-12,71.64282989501953,72.16909067295612,71.61891005663641,72.12124491281288,6558900
2017-12-13,72.46409606933594,72.8867021045197,71.7385014178145,71.77836577959542,7141000
2017-12-14,72.55980682373047,72.90267208832059,72.48007198895141,72.51196713953863,5853500
2017-12-15,73.26942443847656,73.57241910852846,72.94250993702256,73.01426943122884,15924000
2017-12-18,73.2614517211914,74.26612725919173,73.20563675149003,73.3411926065152,7405700
2017-12-19,73.10198211669922,73.46079176715155,73.02224731475152,73.35713713295709,5644400
2017-12-20,72.9823989868164,73.33323952174655,72.8388738664702,73.19768970902437,6938500
2017-12-21,73.09403228759766,73.42095299791582,72.98240230928843,73.08606306298812,4860400
2017-12-22,73.46080017089844,73.70001068748208,73.133885620502,73.26146010153744,4919400
2017-12-26,73.73985290527344,73.97108194384101,73.47672265443938,73.63619221552885,3431900
2017-12-27,73.4368896484375,73.95517511117502,73.30133984409325,73.74785970940464,4276700
2017-12-28,73.41297149658203,73.78773185645174,73.28539699643873,73.59636706454828,3005400
2017-12-29,73.2614517211914,73.72392208921741,73.2614517211914,73.5485018749058,4346700
2018-01-02,72.28072357177734,73.30134394002033,72.20098874614159,73.29336863244357,7558900
2018-01-03,72.19300079345703,72.63154529932814,72.17705018109739,72.34450119399267,5863600
2018-01-04,72.70328521728516,73.1737246983912,72.2487902595327,72.42421043329225,6322500
2018-01-05,72.75115966796875,72.79900542766244,72.2169296711754,72.77507950612711,5949700
2018-01-08,73.13389587402344,73.17376024345901,72.50398043652213,72.50398043652213,4860700
2018-01-09,72.59964752197266,73.07806241790793,72.56775238446025,72.9345373407898,6630100
2018-01-10,72.13721466064453,72.48805527232417,71.77042951360608,72.48805527232417,6564700
2018-01-11,71.88204193115234,72.17706138847713,71.69864636079664,72.08138203296731,5469700
2018-01-12,71.45144653320312,72.03351606049313,71.24413118213901,71.80228696063847,8111000
2018-01-16,71.93783569335938,72.37638013794746,71.47536533357528,71.87404541958736,9465300
2018-01-17,72.7192611694336,73.14186726312653,72.10529637929757,72.2089510343298,8345500
2018-01-18,72.45410919189453,72.83172639803679,72.04435369908578,72.5023135570186,7699800
2018-01-19,73.1691665649414,73.3218218886439,72.50231093268978,72.534449218193,9364000
2018-01-22,73.8280029296875,73.85210511687357,72.92814911964132,73.01652789249195,8658000
2018-01-23,71.54624938964844,72.47823549412259,71.18469814164492,72.16489475703828,18756300
2018-01-24,70.95167541503906,71.63460326946945,70.46157727773674,71.55425448912376,15141900
2018-01-25,70.9758071899414,71.54625434543203,70.71067694541158,71.24897967156053,11264400
2018-01-26,70.48571014404297,70.83921915575658,70.08399062137711,70.83921915575658,11503100
2018-01-29,69.78670501708984,70.49372905932557,69.65012187195666,70.4535607912142,11685800
2018-01-30,69.85900115966797,70.25269058481618,69.60190098903627,69.75455632245095,9662900
2018-01-31,69.36891174316406,70.22859725146301,69.16002204240675,69.74652900724804,11798100
2018-02-01,68.97521209716797,69.49744848514526,68.74221413546269,69.2162461623116,8606300
2018-02-02,67.68973541259766,68.7824129375314,67.65759711718748,68.74223853583041,12846300
2018-02-05,65.12673950195312,67.78612578521081,64.35543908029481,67.48081515410068,17462200
2018-02-06,66.18727111816406,66.24351157621199,64.37150425561654,64.70091090139721,19955500
2018-02-07,65.75344848632812,66.99878145771075,65.73738240252311,66.1230358411314,11851800
2018-02-08,64.45184326171875,66.05872040659432,64.3956028068381,65.90606511631118,14596100
2018-02-09,64.21083068847656,65.10264829218472,63.142255559024164,65.06248002799407,18838800
2018-02-12,65.34368133544922,65.61684759461758,64.74110221460536,64.76520439867882,10769000
2018-02-13,65.48026275634766,65.74539903374074,65.0062368026009,65.19906039990876,9278700
2018-02-14,64.82145690917969,65.28745298697773,64.49204398633016,65.12676151372689,9412000
2018-02-15,66.21141052246094,66.21141052246094,64.67683909967779,65.054456408101,8910700
2018-02-16,66.36402893066406,66.88626526075211,65.98641179768116,66.05068835856127,10371700
2018-02-20,65.35172271728516,66.05875293219346,65.1347968930083,66.03465074391302,7087700
2018-02-21,64.46795654296875,65.72935578017015,64.4277882627834,65.32763619979067,9134500
2018-02-22,64.94998931884766,65.30350435056727,64.41168679673028,64.65272088740304,10277700
2018-02-23,65.11872863769531,65.17496911839054,64.66076868639063,65.08659034447624,10321800
2018-02-26,65.584716796875,65.63292730028023,65.1187268821428,65.44009754616431,9422200
2018-02-27,64.70896911621094,65.88198916330437,64.68486693020424,65.7936103947783,8919600
2018-02-28,63.086021423339844,64.90983120792914,63.069955341999865,64.82145243617799,16862000
2018-03-01,63.23065185546875,63.69664798351272,62.58790428242007,62.98962381423309,13504200
2018-03-02,63.873382568359375,64.00193571455121,63.00566722081869,63.053877715516315,9317700
2018-03-05,64.50813293457031,64.58847562716343,63.592212753548765,63.696657640944366,8177000
2018-03-06,64.29118347167969,64.61256028457737,63.76895304669291,64.60453030832576,9085300
2018-03-07,63.600215911865234,63.98586308841873,63.3913201155438,63.89748433342702,9089500
2018-03-08,64.25101470947266,64.2670807916058,63.48774401846258,63.608261088596045,7951700
2018-03-09,64.50813293457031,64.8777142243023,64.19479214262897,64.41975413379153,7662200
2018-03-12,64.16263580322266,64.77325112884171,64.08229313321424,64.4599104249819,7182000
2018-03-13,64.05013275146484,64.42774991301059,63.76089433537664,64.27509460181108,9620200
2018-03-14,63.4716682434082,64.14655392548758,63.35918729639497,64.02604300351047,8898100
2018-03-15,63.20652770996094,63.58414491946297,63.10208287467905,63.54397052833453,6996900
2018-03-16,63.44758224487305,63.785025171996466,63.34313124617763,63.41544394756318,17715400
2018-03-19,63.19851303100586,63.929639314431085,62.88516618982025,63.44757715297722,8368200
2018-03-20,62.91729736328125,63.552014820427225,62.636094978407016,63.26277633034166,8465500
2018-03-21,61.896934509277344,62.86105875167087,61.76838134109024,62.70840952663923,9822800
2018-03-22,61.390769958496094,62.28258150781643,61.35863166657652,61.72821282902297,10481600
2018-03-23,60.98905563354492,62.00942043636016,60.90870683211214,61.6960797259817,11728300
2018-03-26,61.390769958496094,61.76035112094254,61.077423144718374,61.51931699642196,12937000
2018-03-27,62.49949645996094,63.02173283465584,61.30237452763011,61.487161993756295,11288200
2018-03-28,63.34312438964844,63.58415852850514,62.62806420872707,62.62806420872707,12857800
2018-03-29,63.696632385253906,64.66879267860492,63.61628972451662,63.817149441235884,10036400
2018-04-02,62.186195373535156,63.768971580016064,61.91302285776586,63.680592777539644,12017200
2018-04-03,63.037811279296875,63.3109836750913,62.00941053460434,62.314715090137454,11933100
2018-04-04,63.51185989379883,63.88947110151289,62.3388334766534,62.523627156814364,9030800
2018-04-05,63.31098556518555,63.72877108153252,63.07798755673645,63.543977443882504,7864700
2018-04-06,63.01371383666992,63.760912266739226,62.58789219594001,62.96550946368236,8300800
2018-04-09,62.79679489135742,63.35116363055703,62.32276269608189,63.31099535859499,9031200
2018-04-10,62.96550750732422,63.34311863358166,62.62002854222519,63.23867378543627,6779000
2018-04-11,62.885154724121094,63.222603692390194,62.7003672253029,62.82088427613102,7143500
2018-04-12,62.49949645996094,63.2306224807332,62.49949645996094,63.182418120830846,8282300
2018-04-13,62.96550750732422,63.02174798397977,62.44327100709282,62.71643728520487,6198500
2018-04-16,63.15834426879883,63.359204031483024,62.700384255069004,63.11816986436059,5962200
2018-04-17,63.01371383666992,63.42346939632146,62.748577525733495,63.41543329090606,6492400
2018-04-18,62.82892608642578,63.21457949577282,62.684306824139775,63.134236823336806,7349400
2018-04-19,60.77498245239258,61.39935867724282,60.166827166265335,61.13176886659272,16955600
2018-04-20,59.84250259399414,60.75067749824921,59.79384594806794,60.03711061826629,14085000
2018-04-23,59.193763732910156,59.98842246123599,58.999155830932395,59.672176114120845,13653400
2018-04-24,58.78834915161133,59.46137587492884,58.50454456541599,59.24243648952387,16551700
2018-04-25,58.62616729736328,58.991057964823746,58.34235657103294,58.715363893671395,14208800
2018-04-26,58.99106216430664,59.20189106026848,58.682932382881965,58.845104649636966,11204300
2018-04-27,59.03971481323242,59.25865418665596,58.55319180831161,58.812671156701086,8144800
2018-04-30,58.65859603881836,59.12890423389621,58.51264472290617,59.12079995177324,13076500
2018-05-01,58.350467681884766,58.65049316244792,58.107209296392384,58.423449528065014,8103800
2018-05-02,57.523380279541016,58.39101486124552,57.35309755077379,58.33425395165645,10830900
2018-05-03,57.863948822021484,58.15586385446415,57.36120489137568,57.41796580399089,9386500
2018-05-04,58.73158645629883,58.88565444977309,57.84773084436198,57.88016653701319,8107400
2018-05-07,58.366676330566406,59.37215772247938,58.29369449975223,58.92617482993093,6633600
2018-05-08,57.92882537841797,58.48021980156496,57.66123554369751,58.42345888387965,8084100
2018-05-09,58.682918548583984,58.82887602884468,58.172064274434575,58.1963894900657,7528400
2018-05-10,59.31539535522461,59.469457107170435,58.94239430273818,59.14511266951169,7618500
2018-05-11,59.49379348754883,60.08572770364813,59.23431420381883,59.70461615237849,7586200
2018-05-14,59.42081832885742,59.82625514189436,59.26675036023145,59.82625514189436,8646900
2018-05-15,59.15322494506836,59.52623223444403,58.86942043052116,59.44513992759532,11502800
2018-05-16,59.62354278564453,59.94789350628237,59.16134501934013,59.17756595793352,8325000
2018-05-17,59.97222137451172,60.004657066654566,59.51813405746332,59.61543494741614,8053600
2018-05-18,59.55866622924805,60.06141011187771,59.282972161869615,59.98843445397456,7042700
2018-05-21,60.05329895019531,60.20736691929036,59.53434032284602,59.801930105019046,6428400
2018-05-22,60.028987884521484,60.76688602998128,59.866815595166685,60.37766387446296,7744200
2018-05-23,60.150596618652344,60.24790366601134,59.77759555015365,60.02085388884035,6592500
2018-05-24,59.81814956665039,60.28845779299923,59.67219205455852,60.06952461809909,6508900
2018-05-25,60.25601577758789,60.507390802648644,59.801928537180856,59.92356081556836,7546500
2018-05-29,60.04520034790039,60.572263307128594,59.81815051379276,60.05330463069053,8905600
2018-05-30,60.72633743286133,60.83174879807355,60.0452064210728,60.27225009166897,8128600
2018-05-31,59.33161544799805,60.564146693451086,59.031596197486124,60.54792575822256,15526000
2018-06-01,59.55866622924805,59.79382032661636,59.08025375239433,59.46136535204385,7209300
2018-06-04,60.150596618652344,60.507382939161474,59.55865624021437,59.63163807235208,8743800
2018-06-05,59.980323791503906,60.3127787650018,59.68029831931932,60.23169263876877,6910100
2018-06-06,60.28845977783203,60.34522069071005,59.77761156192986,60.061416126319955,7002900
2018-06-07,61.43180465698242,61.94265295575643,60.0857510954051,60.15062248821096,13476100
2018-06-08,62.58323669433594,62.60756191716379,61.41557650679243,61.504773114811776,13625300
2018-06-11,62.86703109741211,62.99677384679825,62.339962004361816,62.41294384751021,9049400
2018-06-12,62.63187026977539,63.158939306154785,62.52645893708916,63.10217840602003,8786000
2018-06-13,62.00749969482422,62.761612323552164,61.78856037777227,62.761612323552164,8022400
2018-06-14,61.61827850341797,62.080476173241664,61.38312443470427,62.080476173241664,8895200
2018-06-15,62.74540710449219,62.850824648911676,61.56153219910278,61.75614634888848,14943500
2018-06-18,61.49664306640625,62.518345405228246,61.13175246720674,62.323737498086764,7384900
2018-06-19,61.89398956298828,62.17779411407764,61.2777238331405,61.293938584713366,8514000
2018-06-20,61.504737854003906,61.91017449929922,61.25336911359194,61.91017449929922,6603500
2018-06-21,61.98316955566406,62.47780286352485,61.2452717340616,61.2452717340616,8691200
2018-06-22,62.78594207763672,62.94811432041791,62.2507625408047,62.266983476967525,11446400
2018-06-25,63.07785415649414,63.19948642621111,62.583220796392865,62.66430691404611,11300500
2018-06-26,63.24814224243164,63.49951108449246,62.72918362151428,63.07785952492514,9558500
2018-06-27,62.99679183959961,63.82388045050301,62.89137427899588,63.3373573742965,7873300
2018-06-28,63.28866958618164,63.50760267605066,62.97242946388588,63.134601664790864,5714400
2018-06-29,63.296810150146484,63.68603231649939,62.6724400136263,63.191398777779206,7679900
2018-07-02,63.35353088378906,63.49948833027479,62.77781156333776,62.84268291432531,6092800
2018-07-03,63.16707229614258,63.864424281569136,63.06976520987038,63.68603104997495,5897200
2018-07-05,64.22930145263672,64.26173714120486,63.345452138436045,63.361666889482606,7956100
2018-07-06,64.31040954589844,64.56178467153944,63.97795445085691,64.36717047366051,7244000
2018-07-09,63.134605407714844,63.921153620327516,63.069734048917795,63.62112822574613,9095900
2018-07-10,64.72394561767578,64.82125269952799,63.24004509842896,63.30491648633043,12773500
2018-07-11,64.18875122070312,64.74013927879281,64.08333370308972,64.56985658088735,7851600
2018-07-12,63.96983337402344,64.48068163919059,63.71035400634671,64.33472410821769,8556800
2018-07-13,64.31040954589844,64.4401523444844,63.97795445085691,64.12391200602755,6021300
2018-07-16,64.48876953125,64.56985564529569,63.9211605464562,64.22929025441941,6931200
2018-07-17,64.89421844482422,65.27533005735535,64.50500254990207,64.59419914800405,8983400
2018-07-18,64.64283752441406,65.04016381405212,64.32659734887932,64.64283752441406,9105100
2018-07-19,64.41947174072266,64.79585808340576,63.73215293562501,64.16581532518117,8010600
2018-07-20,64.37855529785156,64.68948150651086,64.08399099801825,64.08399099801825,8234700
2018-07-23,64.23947143554688,64.59131185804087,64.01854504048535,64.22310328047902,5881600
2018-07-24,64.6322021484375,64.64857029904509,63.44576717682204,63.44576717682204,8297100
2018-07-25,65.02496337890625,65.13133139844845,64.41128876225764,64.41128876225764,6208400
2018-07-26,65.53224182128906,66.08864020404498,65.0249416364303,65.09857956934763,9771100
2018-07-27,65.93319702148438,66.13775521062328,65.01677408679863,65.18860221656087,7492900
2018-07-30,65.62226104736328,65.86773335816851,65.32769677144509,65.51589304207845,7090700
2018-07-31,66.17867279052734,66.26050107225785,64.99223761689203,65.77774042905781,9878200
2018-08-01,65.9905014038086,66.12959953392867,65.54865477640672,65.80230504222841,7556700
2018-08-02,67.09508514404297,67.27509734690723,65.94137397620588,66.11320834630027,9261700
2018-08-03,67.3651123046875,67.99514885492155,67.02963383840483,67.20964606493493,7102800
2018-08-06,67.52056121826172,67.85603962947532,67.21781910753946,67.25872699791316,5669200
2018-08-07,67.61874389648438,67.65147395072742,66.87415545096862,67.4305538878613,6418000
2018-08-08,67.38146209716797,67.74967056047606,67.17690392064796,67.17690392064796,4891300
2018-08-09,66.60417175292969,67.45513487703928,66.52234969616627,67.45513487703928,5167400
2018-08-10,66.62870025634766,66.89871859115038,66.27685988625896,66.52233223473802,5566000
2018-08-13,66.70233917236328,67.16055381325721,66.39959701319934,66.84962133503969,5068100
2018-08-14,66.53050994873047,66.86598840820683,66.46505606619215,66.59597007388993,6226900
2018-08-15,67.340576171875,67.3978522302775,66.12140454747268,66.52234319891235,8753500
2018-08-16,68.47789764404297,68.73154778704719,67.34873250655028,67.47146866183691,12368000
2018-08-17,68.47789764404297,68.89519183234923,68.40425345382293,68.51062770162741,8409300
2018-08-20,68.43697357177734,68.690623677942,68.16695531788766,68.64153172000543,6795800
2018-08-21,68.64971923828125,68.73154125315395,67.98694655978738,68.37970097084373,8534500
2018-08-22,68.23246002197266,68.60884651161354,67.96244159159224,68.57611643738954,5132600
2018-08-23,68.10968780517578,68.40425207487755,67.78239347854938,67.92149778113414,4323200
2018-08-24,68.20787048339844,68.36333667605771,67.93785222539631,68.0933184180556,5356000
2018-08-27,68.27334594726562,68.58427215990368,67.92968343131533,68.32243791699248,3941500
2018-08-28,68.30608367919922,68.61700992675641,68.17516342172999,68.50245782278158,5405200
2018-08-29,68.31425476074219,68.53518111272848,68.15061069770267,68.33062291261865,4520400
2018-08-30,68.2488021850586,68.51881426997055,68.0687899667033,68.2324340328694,4549700
2018-08-31,67.87242889404297,68.3470055605284,67.41422038440061,68.1997233620544,6674900
2018-09-04,67.6678466796875,67.88058894498462,67.15236228880424,67.48784071648898,5800700
2018-09-05,68.1506118774414,68.29789403377488,67.18509690650441,67.18509690650441,7651900
2018-09-06,67.6269302368164,68.16696054337372,67.49601001545722,67.83967247521522,7541100
2018-09-07,67.02145385742188,67.25873588375028,66.48141719513254,67.17691384957278,11110900
2018-09-10,67.4059829711914,67.99511129894135,67.37325292602554,67.56963319702072,6783000
2018-09-11,67.10325622558594,67.43872834018285,66.79232384716724,67.20144014077566,5210300
2018-09-12,68.0033187866211,68.0605948247289,66.84960770708123,67.01325798926062,5925200
2018-09-13,68.2815170288086,68.31424708626375,67.626934607566,68.13423489157049,5328400
2018-09-14,68.4124526977539,68.46154467370549,67.88878414553176,68.29790059211916,5004100
2018-09-17,68.93611907958984,68.95248099018471,68.19152417378528,68.3224444290297,7098800
2018-09-18,68.73155975341797,68.96884803025266,68.38790345287998,68.96884803025266,6022800
2018-09-19,68.73155975341797,68.96884803025266,68.54336345019692,68.66609962685229,6157600
2018-09-20,69.84434509277344,70.07344925428858,68.91974437162443,68.96883633691476,10053000
2018-09-21,70.22074890136719,70.59713529522034,69.97527652846995,70.21256482423814,17402500
2018-09-24,68.95246124267578,70.13071823194542,68.91973743085791,70.06525812307055,6389400
2018-09-25,68.01151275634766,69.06703382014713,67.9787826951499,68.9606595605992,5657200
2018-09-26,68.12606811523438,68.72337459352133,67.93787181498023,68.11788403888737,6581000
2018-09-27,67.79877471923828,68.42881126948309,67.75786057952756,67.94605688252712,6277600
2018-09-28,68.10153198242188,68.15062396236469,67.74150748251567,67.93788164490903,5125800
2018-10-01,68.46155548095703,68.50246962912304,68.05243896978703,68.16699109350483,4899900
2018-10-02,69.02611541748047,69.09157553583084,68.21606674141124,68.30607284348788,7390900
2018-10-03,67.93785858154297,69.15702352967996,67.79057644909139,69.09156965951699,7958700
2018-10-04,67.02963256835938,67.50420911247006,66.35868189112816,67.50420911247006,7029900
2018-10-05,67.21782684326172,67.46329294161394,67.07872876326671,67.07872876326671,5454600
2018-10-08,67.42239379882812,67.7005899949316,66.8905411527589,67.07873747095142,7192300
2018-10-09,67.25873565673828,67.68422022121882,67.14418356075223,67.41420189098552,6268100
2018-10-10,66.63687896728516,67.65148585690493,66.63687896728516,66.93962109772957,9295800
2018-10-11,64.53401947021484,67.07053975574554,64.37036917405837,66.80052144905272,12560300
2018-10-12,64.68948364257812,64.95131789078461,64.22309119287841,64.94314005741192,9878700
2018-10-15,65.56501007080078,65.90048860763699,64.57494885928956,64.64859307773126,9691500
2018-10-16,66.28504943847656,66.3505033265399,65.37681041374277,65.3849944907338,9462600
2018-10-17,66.98054504394531,67.24237931970161,65.76955761693391,66.08049011119685,10375300
2018-10-18,66.23513793945312,67.14314582338025,66.03702861698109,66.62310649022298,9869500
2018-10-19,72.06290435791016,72.44261648700855,70.0487731274235,70.0487731274235,30276400
2018-10-22,71.4850845336914,72.01338027591595,70.35420441257733,71.59239873925021,14124100
2018-10-23,71.94734954833984,72.06291385077652,70.99806595165383,70.99806595165383,16269500
2018-10-24,73.8459243774414,74.86949680548994,71.99688889178974,72.04641465995526,26703500
2018-10-25,73.46620178222656,73.73860606434755,72.07116739601526,72.7315402682269,14647000
2018-10-26,72.5251693725586,73.60652373352654,72.13720081007276,73.21030507661733,14335900
2018-10-29,72.8388442993164,73.8128907701078,72.17847776010086,72.88011996329705,12878900
2018-10-30,73.623046875,73.82115623132401,72.81409036518738,73.34238618057334,13844000
2018-10-31,73.2020492553711,73.73034500055861,72.03814355883537,73.27633789245276,13362400
2018-11-01,73.9532241821289,74.15133982858973,72.78932467363911,73.30936407558782,9732400
2018-11-02,74.13484191894531,74.25040625367947,73.44971230524531,74.19262408631239,11336000
2018-11-05,75.28221130371094,75.48032692712135,74.14307480911971,74.20085695816893,12270100
2018-11-06,75.53812408447266,75.55463057414549,74.64662249534345,75.00157185224953,8857800
2018-11-07,75.35651397705078,75.6289182638832,74.80345530823288,75.60414908507634,9019800
2018-11-08,75.41429901123047,75.55462620758068,74.84472753479602,75.07585616355702,6614400
2018-11-09,76.28104400634766,76.49565986644303,75.25746528279281,75.40604888474218,10713500
2018-11-12,76.5204086303711,77.13950580795591,75.73622139120985,76.11593357106135,12522100
2018-11-13,77.15602111816406,77.23856615165404,75.60414677831004,75.91782672246728,13438700
2018-11-14,77.17253875732422,77.51098163065583,76.75980723245148,77.11475659575336,11623000
2018-11-15,77.45317840576172,77.51096055161877,76.53691416589884,77.04044699313093,12506000
2018-11-16,77.44491577148438,78.2621221392415,77.32109509811971,77.44491577148438,13013500
2018-11-19,77.00741577148438,77.75033345846225,76.69374221377397,77.36236498316377,9458300
2018-11-20,76.02513122558594,77.4201655307773,75.82702189454109,76.96615842027653,12074000
2018-11-21,75.45555114746094,76.24799461226706,75.31521769709357,75.66191682989319,8911800
2018-11-23,75.5628662109375,75.93432195547842,74.81169203261422,75.32348124084925,4399600
2018-11-26,75.89306640625,76.2727786113584,75.24094991341735,75.24094991341735,8171400
2018-11-27,76.53693389892578,76.65249822043509,75.81877878858951,75.88481734310432,9023400
2018-11-28,76.77632141113281,76.94966789898582,76.1159484402594,76.46264141596541,8093700
2018-11-29,76.61946105957031,77.01568599639378,76.48739027915029,76.65248032912073,6126900
2018-11-30,78.0145034790039,78.13006778567954,76.5616869550757,76.91663626780297,16291800
2018-12-03,77.0322036743164,78.14657741797899,76.15721494633851,78.14657741797899,13934700
2018-12-04,77.0239486694336,78.30341880789427,76.90838435602483,77.17253225778526,11123600
2018-12-06,77.22206115722656,77.28809340662592,75.18316667191016,76.52041261453881,14199200
2018-12-07,76.31404113769531,77.41190828532908,76.05814965884157,77.2550683220151,7996800
2018-12-10,76.7928237915039,77.0982473762989,75.4225584522848,76.974426663664,9307600
2018-12-11,77.51921844482422,78.02274498402822,77.0982306324073,77.36237848969637,8743800
2018-12-12,77.6182861328125,78.0475304264862,76.85060527853358,77.76686972711755,9644000
2018-12-13,79.64889526367188,79.89653659621679,78.25386756382557,78.31164970171528,18541300
2018-12-14,79.77273559570312,79.9873577169658,79.26094632124048,79.61589562657474,12657300
2018-12-17,76.57817840576172,79.65715730904164,76.27276121142616,79.2444259240207,12427600
2018-12-18,76.3470687866211,77.02394817414108,75.82702937962566,76.87536458674485,12250600
2018-12-19,75.74446868896484,77.05695152491906,75.35650016328336,76.3965850601216,10825600
2018-12-20,75.10061645507812,76.13244506691663,74.3989679608023,75.53811077885253,14439200
2018-12-21,75.09237670898438,76.9083929492746,74.58884373096342,74.79520949907747,24030000
2018-12-24,72.11244201660156,74.83647220274943,71.71621703946316,74.66311944552601,7396300
2018-12-26,74.36595153808594,74.36595153808594,71.60065201199004,72.1619670502427,8630900
2018-12-27,75.9590835571289,75.98385273109314,72.80581593495253,73.9697214977995,11360100
2018-12-28,75.26570892333984,76.99917978716572,74.98504825708832,76.40484548007518,9611800
2018-12-31,75.87653350830078,76.09115558396338,75.2409299698681,75.63714855809653,7239500
2019-01-02,75.34822845458984,75.43902984843028,74.23385515483368,75.14186279545795,9843900
2019-01-03,74.81996154785156,76.35532314408495,74.6053394167161,75.06760295283728,9820200
2019-01-04,76.3470687866211,76.3470687866211,74.59709131037967,74.98505361845281,10565700
2019-01-07,76.0416488647461,76.355322517074,75.44731453588692,75.86830240179258,9012500
2019-01-08,76.32230377197266,76.8423431644341,75.79400798661365,76.52041311703665,9551300
2019-01-09,75.07586669921875,76.73504929963885,74.9603023686207,76.51217703285224,15015600
2019-01-10,75.2574691772461,75.56289279088699,74.79521185738626,75.02634051731619,11102300
2019-01-11,75.75273132324219,75.92608408289776,75.20792905703844,75.6701862887001,7166600
2019-01-14,75.24095153808594,75.86830516335958,74.99331012611977,75.52986232019133,7952000
2019-01-15,75.9508285522461,76.44610493722116,75.23267370047465,75.24093009126216,7834500
2019-01-16,75.42255401611328,76.06641412660476,75.10887405618371,75.72797128516132,7964500
2019-01-17,75.41172790527344,76.17715875321072,75.1704495482424,75.46996707092968,8044500
2019-01-18,76.06067657470703,76.41011155096992,75.74452202679194,76.01908079996679,9100300
2019-01-22,75.24534606933594,76.33525337788818,74.11383662862455,76.0357357996061,13518500
2019-01-23,78.90609741210938,80.2123306011235,77.89938811946237,78.35698613775352,22869000
2019-01-24,78.4568099975586,78.67312324213017,77.53329881871241,78.44848830427749,12146400
2019-01-25,77.87440490722656,78.94767472842474,77.42512872526513,78.55663769888841,10618000
2019-01-28,77.80786895751953,78.18226906940873,77.35027728422416,77.64147313952004,9765600
2019-01-29,77.82449340820312,78.30705004959576,77.45841508058223,78.0324913038801,9769800
2019-01-30,78.6398696899414,78.75635439290636,77.84947994312705,77.88276038003214,7750200
2019-01-31,80.26223754882812,80.54511167023585,78.27377796215664,78.56497377760363,16044400
2019-02-01,81.09423828125,81.21071662044355,79.86288767715531,80.16240522010825,12720800
2019-02-04,81.56015014648438,81.71823061003903,80.47024298642228,80.8779171661443,11887500
2019-02-05,81.06929016113281,81.5518406234487,80.87792923734284,81.52688188286615,9772300
2019-02-06,81.4686279296875,81.80142588814856,80.80303836035847,80.91119499913125,8693900
2019-02-07,80.81964111328125,81.2023563814829,80.15404547874508,81.1357955485112,8732500
2019-02-08,81.29390716552734,81.30222885974284,80.45359378236253,80.71151552229996,7483200
2019-02-11,81.75982666015625,81.85966795551039,81.06095663545733,81.11087410933773,8494100
2019-02-12,82.58348083496094,82.65003533302192,81.51853269488576,81.85132422796553,11238800
2019-02-13,82.5668716430664,82.94958714267494,82.37551706705926,82.60847377572583,11587200
2019-02-14,81.91790771484375,82.21742525547226,81.40207053985168,82.1175839593983,7930100
2019-02-15,81.93453979492188,82.53356844589936,81.74317892409272,82.32557053515103,12069100
2019-02-19,83.19084167480469,83.19916336846741,81.92621718454464,82.0010933847319,10098200
2019-02-20,82.60015106201172,83.38222544369481,82.31727687571436,83.01614699310372,8947400
2019-02-21,83.01611328125,83.08267412661776,82.02604133607733,82.45035879080727,7444800
2019-02-22,83.40715026855469,83.53195026665439,82.69995874277853,82.94123704641352,7925400
2019-02-25,82.8414306640625,83.5735812282588,82.64175439157157,83.49870500642254,7436100
2019-02-26,83.0577392578125,83.34893510546337,82.89133709658815,83.06605460517866,7115300
2019-02-27,82.29228973388672,82.89131833593707,82.21740719138543,82.65004001746492,6013600
2019-02-28,81.9927749633789,82.53356442691675,81.60173789459886,82.29229244807885,10575400
2019-03-01,81.90125274658203,82.18412683548777,81.39373737757633,82.0426897910349,7733200
2019-03-04,82.259033203125,82.26734855102454,81.43535673431582,82.00943311907486,6895300
2019-03-05,82.44206237792969,82.93294082854831,82.29230995132016,82.29230995132016,6274600
2019-03-06,82.3089599609375,82.45039706230199,81.86800526398083,82.25072078110539,4622300
2019-03-07,81.9927749633789,82.86636233742693,81.74317494359822,82.34220991299811,8408600
2019-03-08,81.87629699707031,82.51692774077921,81.3271794902408,82.21741025479805,5144500
2019-03-11,82.84974670410156,82.9329446163268,81.95951571334447,82.19247240661267,7544400
2019-03-12,83.24076843261719,83.63179918229837,82.97453135432754,83.01612712892717,7597500
2019-03-13,84.18092346191406,84.52203677033032,83.16589253610175,83.19085127237695,9883300
2019-03-14,84.29742431640625,84.68013985258612,83.7982304147627,83.98126965980413,8590200
2019-03-15,85.2292251586914,85.60361885557164,84.6385118592887,84.66347059273505,30802700
2019-03-18,84.45548248291016,85.10443501818044,84.19756072965653,84.9130741269015,8442800
2019-03-19,84.77996826171875,84.97964452245064,84.27245274051337,84.78828995729747,7334100
2019-03-20,84.63021850585938,85.12109068826334,84.07278544691415,84.63854020232567,7513800
2019-03-21,85.27083587646484,85.62027724873421,84.26412658294056,84.26412658294056,8221000
2019-03-22,84.58029174804688,85.81995778662449,82.3755121482292,85.26252478880164,11035900
2019-03-25,84.82987976074219,85.14603434691624,84.24748806316012,84.58028603931848,6955500
2019-03-26,85.7117919921875,86.0945138040567,85.1959611413609,85.22924157489707,6909400
2019-03-27,85.61195373535156,85.71178868451373,84.89644031092003,85.49547539626674,6037100
2019-03-28,86.15277099609375,86.2609276670138,85.78669249821822,85.95308835310983,6793700
2019-03-29,86.5687484741211,86.65194638378073,85.78667415861455,86.41066800245225,7535400
2019-04-01,86.22762298583984,86.71850141068376,85.81162711796235,86.71850141068376,6626500
2019-04-02,86.31915283203125,86.54378783441183,85.91147861044001,86.20267448300518,6088800
2019-04-03,86.26923370361328,86.43562952829912,85.48715936288339,86.1777140957579,5226500
2019-04-04,86.05292510986328,86.25260139466025,85.52045078534161,86.09452724517686,4786100
2019-04-05,86.2359390258789,86.26921945483802,85.83658022596217,86.20265859691978,4281800
2019-04-08,87.33415985107422,87.47559690059701,86.1111311752887,86.46888781958248,8468600
2019-04-09,87.07625579833984,87.15945370018709,86.64361655258534,86.98473620202998,5820300
2019-04-10,87.06791687011719,87.35911264274131,86.72679728819196,87.07623856293267,5394300
2019-04-11,87.15111541748047,87.40071542310665,86.83496091160023,87.00967837650182,5078400
2019-04-12,87.40906524658203,87.40906524658203,86.66859297809744,87.15114979393518,6707900
2019-04-15,87.96649169921875,88.00808747872016,87.18441741250885,87.34249787835704,5639200
2019-04-16,88.5405502319336,88.60711108762821,87.89991945175251,88.17447822079836,8136100
2019-04-17,88.68800354003906,89.24099747452557,88.26907106569556,89.03990528431106,6778100
2019-04-18,88.8556137084961,89.4086014580903,88.67128232782981,88.83047238098325,7248900
2019-04-22,88.82208251953125,89.81913765829533,88.59585535901924,88.9226222420668,9057200
2019-04-23,86.43417358398438,87.23014293464058,85.57116709347424,87.14635769653002,15979800
2019-04-24,86.87824249267578,87.68259229776613,86.12416255277734,86.56823007504975,10094800
2019-04-25,86.53470611572266,86.7776877607174,85.95657715375572,86.38389014270534,6085300
2019-04-26,88.69641876220703,88.71317325509415,87.06258402851063,87.09609301428486,7747400
2019-04-29,87.79150390625,88.60423407372974,87.74123404596165,88.4534181004613,4787600
2019-04-30,89.21589660644531,89.33319723264808,87.69098207340471,87.85855257015018,8251300
2019-05-01,87.91717529296875,89.14045743405177,87.81662919103216,88.93937162258128,6733800
2019-05-02,88.44505310058594,88.61262998480878,88.01774642872783,88.14342110138934,6270300
2019-05-03,88.88072967529297,89.15722668728432,88.4617971331497,88.80531849365747,4793400
2019-05-06,88.54559326171875,88.66289387656454,88.00936005316545,88.07639080233562,4890400
2019-05-07,87.72449493408203,88.46182049410487,87.22177702923325,88.00099201909059,6021700
2019-05-08,88.03449249267578,88.62099555029364,87.27203851777256,87.96746174540405,5392600
2019-05-09,87.33907318115234,88.0093679481758,86.95365592745549,87.69935549975663,6901700
2019-05-10,88.82208251953125,88.93938312409173,87.0709411073295,87.12121736100079,5815800
2019-05-13,88.9058837890625,89.30805553655443,87.85017176518802,88.09315345914987,7575500
2019-05-14,88.47856903076172,89.23264903346913,88.45343409607223,88.62100458893852,7004000
2019-05-15,89.40018463134766,89.65154666493915,88.3947492817858,88.4869149346092,5535600
2019-05-16,90.58160400390625,91.0591868949193,89.30804536626881,89.43372642019939,9284200
2019-05-17,90.0285873413086,90.4894156259945,89.8693973458372,89.87777139290252,6370200
2019-05-20,89.92806243896484,90.59835068144912,89.76886602488825,90.02022811107199,6565300
2019-05-21,89.12372589111328,90.10402666585908,89.05669513923212,90.04537635606414,5226400
2019-05-22,89.4169921875,89.69348929030882,88.76345822988308,88.8891329198822,4889700
2019-05-23,89.45046997070312,89.67669071002068,88.72152511307507,89.38343923594137,6175600
2019-05-24,89.391845703125,90.0202446415744,89.2661646369542,89.77726295161875,4372100
2019-05-28,87.52339935302734,89.86104406358822,87.48988397743027,89.40021563963376,7615500
2019-05-29,87.29717254638672,87.8166448513564,86.88661401789953,87.10446074807601,7137300
2019-05-30,88.2523422241211,88.28585759889589,87.44799240673844,87.44799240673844,4729200
2019-05-31,86.2247085571289,87.8920584718779,85.80577596802787,87.88367803022277,10282300
2019-06-03,86.97042083740234,87.10447596156824,85.79740813702716,86.42580711304191,8532900
2019-06-04,87.70771789550781,88.05961969920568,87.01228833648345,87.1463498192655,6906400
2019-06-05,89.42533111572266,89.44208560247588,87.8836562459258,88.17690770712557,6481700
2019-06-06,89.96995544433594,90.22131754053824,89.09020089243522,89.52588794779506,6681600
2019-06-07,91.13457489013672,91.64567306079809,90.27157494727,90.27157494727,8063400
2019-06-10,91.09268951416016,91.344045194423,90.03697775832765,90.75754221473997,4767000
2019-06-11,91.64569854736328,91.83002992475305,91.21839187331017,91.2770421849883,8074400
2019-06-12,91.89704895019531,92.7181596012976,91.81326371454905,91.83001820471682,7687800
2019-06-13,92.92762756347656,92.96113654441675,92.04786659230639,92.14841271233847,8611400
2019-06-14,93.17060852050781,93.63143694161167,92.7097864918082,92.977903102522,6438100
2019-06-17,92.99463653564453,93.17896786234476,92.36623777229524,93.13707844689648,6020000
2019-06-18,91.83002471923828,93.47223974553965,91.68758916929474,93.38007406206931,7731200
2019-06-19,92.51703643798828,92.77677889178905,91.54511652306128,91.74620229987349,7028000
2019-06-20,93.62305450439453,93.85765573471883,92.58410345907086,92.81870468939516,7044200
2019-06-21,93.17060852050781,94.23470091381881,93.01979252745603,93.52251676589813,13799400
2019-06-24,94.11741638183594,94.259851957283,93.33820134995952,93.69010326308943,5518100
2019-06-25,93.6063003540039,94.36875435533337,93.26277255663274,93.93306726777426,6805600
2019-06-26,91.93894958496094,93.37169828456923,91.88029927769291,93.32980246834748,7170300
2019-06-27,91.98082733154297,92.3913794302984,91.57027523278752,92.09812793118738,5613300
2019-06-28,91.87191009521484,93.8073764433225,91.34405098761934,93.7235912112544,12152000
2019-07-01,92.5757064819336,92.75165737324943,91.83838754798109,92.09812366481833,6775900
2019-07-02,93.40518951416016,93.42194400087546,92.40812815593631,92.67624469019788,6578200
2019-07-03,95.58362579345703,95.74281577174017,93.706803884294,93.80734996984255,6223300
2019-07-05,94.80443572998047,95.05579142026055,94.03360138527631,94.65361975885111,8694800
2019-07-08,95.55850982666016,95.70932578870038,94.93011105022636,94.96362002632159,5317800
2019-07-09,94.60336303710938,95.44122823920623,94.10901924382205,95.43284779731208,7537700
2019-07-10,95.30715942382812,95.93555827717205,95.0139079040817,95.06417776678003,5600700
2019-07-11,95.83500671386719,95.8517675954167,95.04741787592943,95.23174921855421,4625300
2019-07-12,96.34611511230469,96.53044647440996,95.57528068204994,95.57528068204994,7058600
2019-07-15,96.75668334960938,97.09182434076688,96.17855427277476,96.41315552354688,6240700
2019-07-16,97.10017395019531,97.62802659681888,96.73151130610117,96.9577384349417,7644300
2019-07-17,97.14208984375,97.43534137473414,96.96613892515951,96.96613892515951,7861700
2019-07-18,97.34953308105469,97.62781427277051,96.80139254304315,96.91945279014706,5828700
2019-07-19,96.98692321777344,97.77961257491037,96.98692321777344,97.40013410645768,6547000
2019-07-22,97.23148345947266,97.35797199962036,96.62431273155714,97.01222593354724,4018800
2019-07-23,96.00870513916016,97.86394970332357,96.00027042540538,97.57722733987404,8194600
2019-07-24,94.95458984375,96.0340015731966,94.68473691138836,96.00870386606917,9635900
2019-07-25,95.09793853759766,95.27503533783111,93.92576437373319,94.0100986343399,7809400
2019-07-26,96.75081634521484,96.87730489665779,95.19072225019494,95.46900993097384,5559600
2019-07-29,97.82177734375,97.99886772033341,96.65803782600139,96.75080037094524,7768700
2019-07-30,101.5406723022461,102.67911386441007,100.18297327882543,101.0431272671405,18788800
2019-07-31,99.54207611083984,101.76836396359084,98.72408276460176,100.90820992521891,12641800
2019-08-01,98.4374008178711,100.495027309743,98.4374008178711,99.98061907832444,11308600
2019-08-02,98.19282531738281,98.73253114831152,97.56035694359439,98.25185544158435,12266100
2019-08-05,95.359375,98.07477382325294,95.14855218991889,97.89767700103943,12974800
2019-08-06,96.37133026123047,96.97850103625711,95.44371110329627,95.84005904998322,9490600
2019-08-07,97.41699981689453,98.0241705303955,95.02205581786457,95.92437717437255,9507600
2019-08-08,99.0361099243164,99.07827061949651,97.26519344793714,97.41698610494677,7416600
2019-08-09,98.47954559326172,99.54209430981912,97.69528451762672,99.18791354890041,6939500
2019-08-12,97.84707641601562,99.23007346237759,97.47602623105956,98.47954481284462,4996200
2019-08-13,98.87590026855469,99.5673988446373,98.10850213346944,98.2518665374074,6722000
2019-08-14,97.64469146728516,99.45776888319945,97.53506592448157,98.20969504249057,10148300
2019-08-15,98.99396514892578,99.58426648514636,98.19284098779758,98.49642637036874,7758000
2019-08-16,100.50345611572266,100.8070414945736,99.17105433452153,99.55896755554174,8302400
2019-08-19,101.3973617553711,101.57445218713156,100.44444473671633,101.16967589562285,5867100
2019-08-20,100.26732635498047,101.4142029175633,100.17456380699205,101.2371125351676,6744300
2019-08-21,100.52031707763672,100.89980201042638,100.08180844694407,100.57934720934153,4037400
2019-08-22,100.70581817626953,101.01783818877445,100.0986475756115,100.41910230029228,4558400
2019-08-23,98.93492889404297,101.28771224649802,98.18440019851235,100.46971870705862,7336800
2019-08-26,100.62151336669922,100.85763389121932,98.85060299899672,99.2975463395243,5661500
2019-08-27,101.65876007080078,102.08040568464268,101.00942222255544,101.18651260831287,6996300
2019-08-28,102.37554931640625,102.40084702209602,100.88292034269946,101.58285355785459,4600300
2019-08-29,102.1900405883789,102.88153920106677,101.46480955143771,102.7044487990884,5011500
2019-08-30,101.3888931274414,102.88151556334887,100.78172249798732,102.8477831468458,6007100
2019-09-03,102.34183502197266,102.49362771679434,100.88293820875317,101.0178679080623,4959300
2019-09-04,103.90192413330078,103.96095426912599,102.4261643038683,102.7550474082948,5586900
2019-09-05,103.5224380493164,104.08744165579097,103.03332756887492,103.92721425576316,7491900
2019-09-06,103.6152114868164,104.04528544711336,103.3369237945284,103.72483704720148,5306900
2019-09-09,103.02489471435547,103.53930291275992,102.69601162800532,103.48027278017918,7662400
2019-09-10,101.09375762939453,102.19003888100367,100.84077410242456,102.0635439006177,9582200
2019-09-11,102.26592254638672,102.32495267393125,100.65523967549963,101.07688528190377,7565500
2019-09-12,103.53084564208984,103.90189578535744,102.56106602295034,103.42965482759905,6194300
2019-09-13,102.98273468017578,103.37064790162957,102.4598917640588,102.72974471958325,6777400
2019-09-16,100.984130859375,102.84780381758364,100.3685253936183,102.72130883872384,9626700
2019-09-17,102.17316436767578,102.87309117047566,100.72270248154378,100.88292343375518,6377100
2019-09-18,102.38399505615234,102.84780138928502,101.84428273017332,102.26592836054944,5684200
2019-09-19,102.7972183227539,103.07550601634868,102.24064293556434,102.36713792663492,4525800
2019-09-20,103.08393096923828,103.38751636448445,102.67072001663188,102.99116840770182,15362000
2019-09-23,103.91033935546875,104.37414564028902,102.85622538933033,103.0501787561712,6060400
2019-09-24,104.23922729492188,105.1837157691184,104.02840449179062,104.31512041582448,7633200
2019-09-25,103.7416763305664,104.42474654948512,103.68264620634389,104.19705433191189,5812600
2019-09-26,104.82953643798828,105.41140947711857,104.17177027225935,104.26453282730337,6984800
2019-09-27,105.04878234863281,105.31020055639632,104.33198613025466,104.91385910500689,5589800
2019-09-30,104.88856506347656,105.71499333278038,104.67774224755028,105.0487924623971,5206900
2019-10-01,104.44161224365234,105.107813053569,103.89347168523472,104.87169255057094,5415700
2019-10-02,102.10568237304688,104.27294012470017,101.37201683982254,103.89345529008062,6755100
2019-10-03,102.66226959228516,103.33690513044344,101.90330622030743,102.60323946523141,5171000
2019-10-04,104.568115234375,104.61871065067187,102.8730980166114,103.04176012727042,4377900
2019-10-07,103.58988952636719,104.47534787362041,103.45496627785131,104.17176252220796,4749700
2019-10-08,101.97920227050781,103.66578462415299,101.93703513814624,103.43809883728338,5545300
2019-10-09,102.86466217041016,103.21040821267752,102.4008494424648,102.72129777844447,3775600
2019-10-10,102.83094787597656,103.04177071060252,101.86959626478635,102.31653964478502,3943400
2019-10-11,102.11412811279297,102.93212160454311,101.88644232012703,102.91525861144986,6292200
2019-10-14,101.23710632324219,102.56107318698189,100.84075844866645,102.56107318698189,7360200
2019-10-15,98.83373260498047,101.66719173913651,98.41208697708583,101.35517809212757,11113900
2019-10-16,99.11201477050781,99.31440285921599,98.25186056814707,99.23007502507103,7973100
2019-10-17,98.98129272460938,99.83845914365239,98.91340341930835,99.55839390650497,5956900
2019-10-18,99.6942138671875,99.9318426906803,98.59092978679968,98.91343159716833,9016700
2019-10-21,101.0605697631836,101.09451765747384,99.59235409089987,99.65176128718309,6731600
2019-10-22,103.69149017333984,105.42279426858994,103.1992553229952,105.23608405122472,14410500
2019-10-23,104.38740539550781,105.00694325209568,103.40293570008598,103.53023870896294,8249300
2019-10-24,105.90653991699219,106.73824082151701,104.67595279819527,105.03240251789161,6725600
2019-10-25,104.59956359863281,105.93198780089325,104.53166780459296,105.93198780089325,6093300
2019-10-28,104.79478454589844,105.33793806326469,104.04794360334435,104.79478454589844,5459500
2019-10-29,104.8966064453125,105.71133660222972,104.47226741723688,104.55713392787206,5659800
2019-10-30,106.0338363647461,106.22902868795663,104.8117379154643,105.22758834199507,4734500
2019-10-31,105.66889953613281,106.4666524527722,104.69291854167794,105.90652834002111,6399500
2019-11-01,105.12574768066406,106.20356590698177,104.59956498224396,105.9404777952214,6010200
2019-11-04,101.05209350585938,105.16818068622631,100.68716169131717,105.16818068622631,10351400
2019-11-05,100.90780639648438,101.49338976075289,100.34767585903768,100.84839920083688,9239600
2019-11-06,102.11294555664062,102.13840486286466,100.70414332141138,101.07755727086379,6756300
2019-11-07,101.51886749267578,102.12991023062389,100.8314338907725,102.12991023062389,8909700
2019-11-08,101.58676147460938,102.34208443211836,101.12848101884641,101.71406447894341,4249900
2019-11-11,101.27276611328125,101.84137892496955,101.06907869350296,101.40006913191756,3850400
2019-11-12,101.22181701660156,101.50188229620517,100.61077432687411,101.40852720300397,4759600
2019-11-13,102.39298248291016,102.73245491319994,101.73101480503901,101.75647410420359,7262800
2019-11-14,102.2657241821289,102.83433702816951,101.93474019861866,102.36756789817086,5188300
2019-11-15,102.29963684082031,102.68153931331915,101.81589068736906,102.68153931331915,7108600
2019-11-18,103.44536590576172,104.01397863929024,101.9856386391694,102.0535344364294,7493700
2019-11-19,103.04649353027344,104.20069626630678,102.80037610385014,103.47932117501095,5989000
2019-11-20,103.78483581542969,103.86121372925783,102.63063319054199,103.04648360726053,6480000
2019-11-21,102.12989807128906,103.99699338546486,102.07897946791384,103.35199635148423,7094200
2019-11-22,102.08746337890625,102.35904004261889,101.3236519888087,102.03654477786588,4414900
2019-11-25,102.27418518066406,102.62213978550933,101.85832830854525,102.21477798106125,5134300
2019-11-26,103.75938415527344,103.8357620747287,102.18933099799384,102.46090772533462,8235200
2019-11-27,103.33503723144531,103.91213854238414,102.65609222743512,103.8951613560892,3751400
2019-11-29,103.58963775634766,104.07338397205379,103.29260174229994,103.53023055353812,2927300
2019-12-02,104.14977264404297,104.20069125571654,102.65609744425403,103.48780479268757,6146200
2019-12-03,104.3449478149414,104.3534364071245,103.36897338554246,103.80179446339986,6396200
2019-12-04,105.68585968017578,105.72829616586966,104.12429542510029,104.17521402801403,6857300
2019-12-05,105.76225280761719,105.77073492553865,104.9475227191133,105.4652103329873,7029200
2019-12-06,105.3973159790039,106.46664552693956,105.14271000574368,105.85560284593299,7150900
2019-12-09,105.97442626953125,106.20356648506989,105.38883636607781,105.49916217727798,7452800
2019-12-10,105.4652099609375,105.97442192999286,105.33791344357282,105.89803754467489,4740100
2019-12-11,105.79621124267578,106.31389890811819,105.29548781476616,105.46522083869156,4823300
2019-12-12,105.71981811523438,106.72974700638281,105.13422822374169,105.89803971810187,5897800
2019-12-13,106.48362731933594,106.71276752526599,105.05784805216247,105.41429125023105,5471600
2019-12-16,106.56000518798828,107.23046156974972,106.38178358902373,106.48362727767454,8281900
2019-12-17,106.34783935546875,106.91645854306199,105.49916134551394,106.58546816227219,8832200
2019-12-18,105.24456787109375,106.82310957824875,104.972991151309,106.34784546245064,8607600
2019-12-19,106.01685333251953,106.25448213457776,105.15120462860756,105.3718627197613,6629100
2019-12-20,106.39027404785156,107.44263294943805,106.11020875532394,107.06073044137257,16250500
2019-12-23,105.9999008178711,106.78068315149358,105.82167918573339,106.5260771199252,6619500
2019-12-24,106.27146911621094,106.3478470346703,105.7283156686116,105.90653728658327,2022100
2019-12-26,106.27146911621094,106.72126745798228,105.97443308625814,106.16962541669862,4760400
2019-12-27,107.00981140136719,107.1880394884212,106.41573936085258,106.56001307427762,5192000
2019-12-30,105.63497161865234,106.9164774533151,105.35490627185642,106.72976722211781,3884300
2019-12-31,105.9999008178711,106.0762787424014,105.1936527011715,105.60102105670082,4798900
2020-01-02,104.7353744506836,105.85562935879238,104.33649468095764,105.66043053374973,8130800
2020-01-03,104.03095245361328,104.83719397651578,103.41990324788114,103.67450924190267,7970500
2020-01-06,104.17523956298828,104.54866000894995,103.86122632662048,104.02247724190397,6674400
2020-01-07,103.53022766113281,104.56561585965795,103.4283904448184,104.28555056499474,7583400
2020-01-08,103.97154998779297,104.75233224183954,103.5387223681999,103.69997327008548,5385100
2020-01-09,105.10877990722656,105.13423921388339,103.97155437722168,103.97155437722168,5944000
2020-01-10,105.21062469482422,105.5076607337201,104.64201192395208,105.15121748704503,3927100
2020-01-13,105.98291015625,105.99988734280988,105.07482492228219,105.23607582010342,8409200
2020-01-14,105.82167053222656,106.25449168563858,105.64344891466281,105.78772263246682,7829700
2020-01-15,106.89948272705078,107.03527431833568,106.09324119721985,106.1356712133218,4843700
2020-01-16,106.99282836914062,107.59538893367711,106.5854601061968,107.02677626396084,6233700
2020-01-17,107.28138732910156,107.78210423294078,106.83158255756058,107.23046224700495,11315200
2020-01-21,107.00981140136719,107.45961620335638,105.94896384694853,107.281394591202,8553100
2020-01-22,107.19650268554688,107.51051583719182,106.78914092249781,107.21347986936469,7396700
2020-01-23,106.70647430419922,108.03828209963515,105.56249248772865,106.117411859713,11096500
2020-01-24,106.83455657958984,108.24319636089626,106.5186777274473,106.90285576600482,9508600
2020-01-27,107.3041000366211,107.90170160476909,106.50160091936358,106.50160091936358,9338400
2020-01-28,107.5943374633789,108.40537542345218,107.32968633067065,107.50896676057306,6200200
2020-01-29,106.76622009277344,107.62847910825462,106.74060953515749,107.49188729651402,5271000
2020-01-30,107.52606201171875,107.61997175952803,106.21987108193147,106.5357499166871,5894400
2020-01-31,106.39059448242188,108.37975723953808,106.25399614863916,107.56018677694291,6612900
2020-02-03,106.80892944335938,107.52605124936005,106.27962060081039,106.42475797776872,6052300
2020-02-04,107.27850341796875,108.72128639531333,107.02238470496965,107.32118552788899,6512200
2020-02-05,108.26024627685547,108.47367630674495,107.05650429523004,107.49190337994749,6125400
2020-02-06,108.5419921875,109.35302382057588,108.08098247037094,108.33710115100996,9102700
2020-02-07,107.63705444335938,108.65297714725857,107.61144387710368,108.584684475033,5915100
2020-02-10,107.7138900756836,108.27734860736086,107.36386813512544,107.96146974747793,5216100
2020-02-11,105.9979019165039,107.7992455250999,105.88691412324863,107.7992455250999,6105700
2020-02-12,105.3917465209961,105.83568463219763,104.87951575015155,105.58810501505978,6031700
2020-02-13,106.68087768554688,106.9540678948384,105.45151848705088,105.63080546463851,7159000
2020-02-14,107.68828582763672,107.69682485499114,106.5357646428304,106.96262482337862,5889100
2020-02-18,106.60404205322266,107.7224134134713,106.56989246415202,107.42361265081344,6767600
2020-02-19,107.0906753540039,107.97000621132133,106.41623554271945,106.58697699551877,4734000
2020-02-20,108.06389617919922,108.2175660639311,106.82599807625691,107.1162663089139,6094600
2020-02-21,108.16632843017578,109.33593376442977,107.5516554614233,107.67970825905894,8723900
2020-02-24,105.26371765136719,108.0724517614629,105.12711927428202,106.93700869044577,7533900
2020-02-25,103.66722869873047,105.82713944073595,103.19768005335222,105.0246404880412,8903200
2020-02-26,102.58301544189453,104.48680771204769,102.31835776864833,103.65869813174295,6894200
2020-02-27,96.89723205566406,102.37811357437096,96.83747190876356,101.69514139741761,13298900
2020-02-28,96.66673278808594,96.66673278808594,91.06632432923651,93.44820426374136,22784300
2020-03-02,102.07078552246094,102.2671440352947,96.08621158107873,96.63259199065759,12399800
2020-03-03,100.88409423828125,104.01724518071308,100.00476365077171,102.2159019122749,12510900
2020-03-04,106.28814697265625,106.45035586757474,102.104917395557,102.34395796909973,9459300
2020-03-05,103.83800506591797,104.92223357085474,102.68548388232625,103.55628229721383,9363500
2020-03-06,103.86358642578125,104.67461788367945,100.35479643109367,100.76457841556345,9817400
2020-03-09,99.082763671875,102.4720338855797,98.28027111827724,98.40832393673506,13116500
2020-03-10,102.91596984863281,103.1464714303302,97.69973905086097,101.5585513814921,11419100
2020-03-11,95.26663970947266,101.11462864116265,94.4897576677958,100.39750024316925,16456000
2020-03-12,86.94286346435547,95.25810303805491,86.22574161103691,87.93318203897823,20988000
2020-03-13,97.38386535644531,97.8619465959643,89.99065162896673,90.92120354351167,17378700
2020-03-16,92.62862396240234,98.98883562912835,86.22572368850356,86.86601371589344,17367400
2020-03-17,100.94386291503906,102.19029348085226,94.56657271864873,95.14710264784355,19451400
2020-03-18,100.2694320678711,103.7270013860879,95.69349140334954,96.48745142758024,23139200
2020-03-19,94.6178207397461,100.73899361933982,93.72995086183579,99.55232294438491,16428100
2020-03-20,87.4465560913086,93.65309877741076,86.72942777125321,93.21770618622247,19922900
2020-03-23,83.40845489501953,88.57346433636683,80.5399547096591,85.53422272871713,17776800
2020-03-24,88.16368865966797,88.78690731729661,82.01690537381799,86.42210505559315,14625500
2020-03-25,86.15743255615234,89.38449355296699,84.17680214727646,85.80741069549214,13789100
2020-03-26,91.67247772216797,92.46643781192876,87.53193582941557,88.68445685948933,15796000
2020-03-27,94.0543441772461,97.57167342094809,90.91265387110123,90.91265387110123,16073100
2020-03-30,98.1778335571289,98.85227336925607,94.07997355113596,97.23874253882147,14571600
2020-03-31,93.90921783447266,97.57167811162125,93.01280905888734,96.89723840193315,21691000
2020-04-01,93.33723449707031,95.77033585479639,91.34806479395611,92.15909640874197,11095800
2020-04-02,97.66558074951172,98.16927248213061,91.77491075642578,91.93711965971472,9168800
2020-04-03,98.24612426757812,98.94617458592403,96.47892367654833,97.10213578830945,7768700
2020-04-06,100.5767593383789,101.59268830571355,97.81924716042376,99.88524816612173,16848400
2020-04-07,96.27401733398438,102.49763793696853,96.0435157620373,99.63767677028363,14438400
2020-04-08,98.26318359375,100.14137174827037,95.49713225446587,97.65704309580188,12564500
2020-04-09,97.88755798339844,101.30243866914698,97.4948409727735,98.39978878358711,12747300
2020-04-13,98.98885345458984,99.6718322121402,96.6069798555455,96.99115133581249,7926700
2020-04-14,103.26600646972656,103.70140564547202,99.24498464754639,101.38782441937866,10474200
2020-04-15,103.48795318603516,105.36613483012364,102.09638523267088,103.18061342414903,14192900
2020-04-16,103.72700500488281,104.58072521068432,102.36105397827406,104.45266587714045,12020200
2020-04-17,106.45037078857422,106.7064829332544,102.90743075686997,104.53803290544835,15899800
2020-04-20,102.95864868164062,105.20393684239127,102.9074275569709,103.70138755619062,10832000
2020-04-21,102.17323303222656,102.70254189707963,101.1060827902094,102.01956313684137,9465400
2020-04-22,101.9342041015625,102.68547561322391,101.40489517605195,102.43789594709973,10259400
2020-04-23,102.6139907836914,102.84602958343329,101.45378367137043,101.96943054831245,17277000
2020-04-24,102.08113861083984,102.92336675990818,101.94363585481527,102.35615067969391,12751100
2020-04-27,100.9381332397461,102.43351775120148,100.46545965382663,102.43351775120148,10635700
2020-04-28,100.45685577392578,101.33346132292428,99.83807692917519,100.63733184417713,9958000
2020-04-29,100.62016296386719,101.4537953466471,98.90133547172107,100.99830055351089,8707900
2020-04-30,101.2990951538086,101.6514513611802,99.3997916641061,99.6232345051491,10026400
2020-05-01,100.3967056274414,101.72879945140552,99.96699878833118,101.0670472473644,7366400
2020-05-04,99.49431610107422,100.72327789180873,98.83257047074295,100.62874186507486,5636000
2020-05-05,99.70056915283203,100.77483610521682,99.01303568058373,99.52009309164801,5425200
2020-05-06,97.19967651367188,99.81229463548497,97.01920044511047,99.29664778862308,7892200
2020-05-07,96.40042114257812,98.09346696969085,96.09962769642227,98.02471230862513,8762800
2020-05-08,99.64900970458984,99.94980972635666,97.44891286738245,97.5606342809949,9279900
2020-05-11,99.09899139404297,99.70058491658001,98.76382057644918,99.47713551924876,6947500
2020-05-12,98.44584655761719,99.60605379546678,98.09348377688602,99.00446024327354,6734400
2020-05-13,97.90441131591797,99.13337322173007,97.74112716456555,98.2138007856893,9312600
2020-05-14,97.80984497070312,98.35986906722971,95.60974858459679,97.57780621868278,9310000
2020-05-15,98.49739837646484,98.65209309483467,96.29730154347686,97.91299683560169,10694800
2020-05-18,99.87245178222656,100.54279332847248,98.58333140658277,99.7177570748771,10020800
2020-05-19,96.63249206542969,99.38261366802884,96.54654543794268,98.90993344407877,8047600
2020-05-20,97.3543701171875,97.77548093904574,96.36604318046257,97.11373536183993,6593800
2020-05-21,95.92778015136719,97.28564910574626,95.76448941512861,96.94188879738148,6552700
2020-05-22,96.76998138427734,97.6293950849491,96.04807702298005,96.50356523524708,5571900
2020-05-26,96.28010559082031,98.10206480279763,95.97931213895757,98.10206480279763,10432400
2020-05-27,97.87861633300781,97.94737099601338,96.09963040777338,96.68403192970962,8279700
2020-05-28,99.7435302734375,100.54278510322307,98.7466140073679,99.28804216039498,6586700
2020-05-29,99.62322235107422,100.31075584974329,98.50598861174372,99.80369841919364,7868000
2020-06-01,100.76625061035156,100.98110402316681,99.05601928024781,99.69198354627532,5105600
2020-06-02,101.4623794555664,101.53113412528916,100.39670830208841,100.61156172736739,6327900
2020-06-03,101.86629486083984,102.43351099469685,101.36783338989986,101.49674674366786,6171000
2020-06-04,99.73494720458984,102.12411587491155,99.32242580689159,101.41080103972767,6895800
2020-06-05,101.69441986083984,102.12412669041478,99.73495776706703,99.90683787617466,7337800
2020-06-08,102.31319427490234,102.37335296614252,100.41388440116442,100.92953781957242,6926700
2020-06-09,101.70301818847656,102.92339067457964,101.53973403755795,102.61400120563029,5563200
2020-06-10,102.4678955078125,103.03510512461791,101.50534982992917,102.27022747727355,6678200
2020-06-11,99.91544342041016,102.76010080653201,99.69199401171946,102.10694452710113,8937500
2020-06-12,99.36540222167969,101.45377751995596,99.05601280291243,100.19902790117466,7998500
2020-06-15,100.28498840332031,100.79203934740674,97.766905958564,98.44584357956587,8786000
2020-06-16,101.52254486083984,102.24445582701928,100.49125097407676,101.86631167536306,8165200
2020-06-17,101.35063934326172,102.36474758582365,100.92952854328409,101.74596878604959,6320800
2020-06-18,102.51087188720703,103.0952735042469,100.86939502085508,100.94673911171891,6274400
2020-06-19,102.20146942138672,104.69377031133482,102.12412534035252,103.55074858614259,17506200
2020-06-22,101.19597625732422,102.33899819972429,100.8436134475048,102.0811714336707,5695600
2020-06-23,101.17876434326172,102.4335073917383,101.11000968276306,101.98660865530235,5340400
2020-06-24,100.05294036865234,101.37643824008616,99.93262297641346,100.74047394442262,6547800
2020-06-25,101.31626892089844,101.43658630052197,99.7177590981224,100.54279536845755,5489300
2020-06-26,99.0302505493164,101.81474929860886,98.86695983657418,101.05846099269257,23201700
2020-06-29,101.11862182617188,101.45379265369921,99.99278539007148,100.13029473306031,6866900
2020-06-30,102.76009368896484,103.12104586175207,101.23893435690097,101.3850331091997,7818000
2020-07-01,103.1124496459961,103.46480582282166,102.18428135706118,102.8288415760206,6501200
2020-07-02,103.88592529296875,105.3383365385183,103.58513181049562,103.98905729701931,6150900
2020-07-06,104.53047943115234,105.20082758293275,103.88591919647585,104.65079681708083,6023300
2020-07-07,105.03752899169922,105.92272393165382,103.89450735454385,104.24687007026456,6866300
2020-07-08,105.61333465576172,105.91412809835222,104.84845709168646,104.97737044045533,6494100
2020-07-09,105.2610092163086,106.55012996661044,104.68519696466697,105.55320677244289,5341000
2020-07-10,106.4727554321289,106.99699827755133,105.25238963584964,105.33832968856686,6752600
2020-07-13,106.6102523803711,107.9337434634805,106.00006299629219,106.56727908060047,7681500
2020-07-14,107.50404357910156,107.99391562336716,106.13757910869347,106.55868993483864,6272100
2020-07-15,106.9969711303711,109.05956465629329,106.7907137448201,108.26890588101107,8145000
2020-07-16,107.22042846679688,107.87357799597356,106.48992831425703,107.49544052034615,3959300
2020-07-17,107.96814727783203,108.3462914268009,107.2806202104782,107.50406306504475,4868600
2020-07-20,107.63294982910156,108.1485966413353,107.24621635912749,107.83061782814039,4242100
2020-07-21,107.48686218261719,108.83614131619109,107.35794882706693,107.84781433271337,5162300
2020-07-22,108.40644836425781,108.62989777199721,106.74777958799008,107.85642409659658,5929200
2020-07-23,109.10781860351562,109.98994927470638,108.62350548767506,109.07322433822834,6664800
2020-07-24,108.93486022949219,110.50021298031987,108.38136511544762,109.82564122246445,6014200
2020-07-27,109.24618530273438,109.52293281731671,108.57161364832623,108.71863432209597,6464600
2020-07-28,110.5953369140625,111.09695048201252,109.22024945349064,109.28943798687558,7644400
2020-07-29,110.96722412109375,111.7715293262492,110.14563167876044,110.31859642508888,6702000
2020-07-30,113.6568603515625,114.18441137234373,112.12609539021966,112.99958907827909,10400700
2020-07-31,113.39741516113281,113.47526051484016,111.79747474261572,112.99959755935934,8487000
2020-08-03,113.54442596435547,114.0892774110136,112.8352665986327,112.8352665986327,7769400
2020-08-04,115.7065200805664,115.82759671561026,113.03417729515067,113.09472221085434,7773700
2020-08-05,115.40383911132812,116.45028438001158,115.12708496652209,115.53355936897849,5680000
2020-08-06,114.77251434326172,115.34329668561956,114.26225052729633,114.89359098513935,3974100
2020-08-07,115.49895477294922,115.57678691613332,114.54762903504803,114.92815933020852,4934900
2020-08-10,115.97463989257812,116.26868128748471,115.18763510353587,115.62869719589575,5812700
2020-08-11,115.22220611572266,116.52811816279205,114.84167580257298,116.12164380068786,5329900
2020-08-12,117.15079498291016,117.59185698609572,115.62867381798077,115.68921872629586,5920400
2020-08-13,117.42754364013672,117.5053757876556,116.69242705660216,116.82216049882972,4989500
2020-08-14,116.83946990966797,117.30647602703405,116.36380697767044,117.28053197586726,5845200
2020-08-17,117.18541717529297,117.3583819414446,116.45895723963666,116.70111055152209,5603800
2020-08-18,118.05887603759766,118.93236971948858,117.11620701910304,117.45349286959026,8670700
2020-08-19,117.41890716552734,117.89457008990576,117.18539751240276,117.2199851812832,6827700
2020-08-20,118.35292053222656,118.4653403419153,116.91728828712293,116.96053276609346,4352200
2020-08-21,118.86319732666016,119.43399290387262,117.53999779535452,118.1367374264071,5706600
2020-08-24,119.78852081298828,120.02203040575408,118.65558690181969,118.90639692273557,7420500
2020-08-25,120.26420593261719,120.34203807919621,119.17451629142303,120.21231783489783,4718300
2020-08-26,119.68477630615234,120.48908147345419,119.56369966978433,119.84045380797616,4746200
2020-08-27,119.52908325195312,120.80903784233085,119.5031260109226,120.07392138638474,6156100
2020-08-28,120.0134048461914,120.13448146873809,118.43939555672246,119.62423093060295,4166300
2020-08-31,119.63287353515625,119.97880296911514,119.19181152740435,119.51179691363443,5596800
2020-09-01,119.50318145751953,119.53778233070722,118.5432249666099,119.22644045385097,5671800
2020-09-02,121.51822662353516,122.32253179308167,119.01020492189946,119.44262336675827,8384800
2020-09-03,119.57233428955078,122.5473750694082,118.56047679111602,121.71713911003935,7277900
2020-09-04,119.31291961669922,120.3766654432207,117.72160949025248,119.18318614747702,7437700
2020-09-08,117.56591796875,119.90097471460916,116.78755692255531,119.79719852032818,6847500
2020-09-09,119.47721862792969,120.69664188704509,117.85133414547367,117.98105440862871,6002900
2020-09-10,118.22318267822266,119.97015663173606,118.05886158209137,119.45124929620164,5242500
2020-09-11,119.46856689453125,119.91828577019672,118.62103044130156,119.07939293513542,4398000
2020-09-14,119.8923568725586,120.71394937876079,119.6329031347144,119.72803573204509,4767400
2020-09-15,119.8923568725586,120.8782705192743,119.68479124301018,120.03072076255891,4046500
2020-09-16,119.08804321289062,121.2241914963038,119.00156743727993,120.70529725354653,6049900
2020-09-17,118.93234252929688,119.24368425828823,117.78210817486655,118.53451185477888,4648500
2020-09-18,118.80264282226562,119.28694938337601,117.84267331850612,118.40482523122385,10192800
2020-09-21,118.23186492919922,118.88913625877517,116.49353421860873,118.48266183763761,7092600
2020-09-22,119.31291961669922,120.23828835459655,117.82539890490334,118.04160815724151,4722800
2020-09-23,117.88592529296875,119.71073182789002,117.69566010382133,119.71073182789002,6373700
2020-09-24,118.4134521484375,118.61236091590395,117.36700701856597,118.19724295012462,5708200
2020-09-25,119.0188217163086,119.33882026691192,117.52265792927594,117.52265792927594,4969900
2020-09-28,119.35613250732422,121.02527454013077,119.1572237208239,119.8317954284019,5810800
2020-09-29,118.70752716064453,119.71074129249004,118.18863285533425,119.68479723704283,4492100
2020-09-30,120.20365905761719,120.9474191559728,119.18314487784511,119.48584300484926,8727800
2020-10-01,120.4198989868164,121.0685266848708,119.52911800386418,120.7139403761403,5713400
2020-10-02,119.45127868652344,120.31611566096132,118.43942100999492,119.28695754996185,6077900
2020-10-05,120.54962921142578,120.77448208131113,119.60696004613497,119.97019000350303,6333900
2020-10-06,120.7398910522461,121.74310511406816,120.04801883042518,120.57556991497256,6042900
2020-10-07,121.6825180053711,122.27925742485418,120.5322836395948,121.14632348762592,4640900
2020-10-08,122.50416564941406,122.74631897323056,121.38853163585716,121.56149641053088,4569800
2020-10-09,123.6025161743164,124.22519993913346,122.54741386150788,122.66849052709082,6551700
2020-10-12,124.96025848388672,125.68671813865707,123.95704475318823,123.95704475318823,5791500
2020-10-13,124.7181167602539,125.26295495336626,124.06948918092245,124.38083094685602,4509400
2020-10-14,124.57109832763672,125.48783650493198,123.74086231320793,124.69217496292273,3860700
2020-10-15,124.3895034790039,124.87381007273359,123.57655461251555,123.72357531444314,4997100
2020-10-16,124.87383270263672,126.15378796035922,124.46735819573036,124.89977676083352,6806100
2020-10-19,122.72901153564453,125.73864034804356,122.05443978797517,124.9429919583916,6427600
2020-10-20,123.22196197509766,125.9980943241773,122.72035497260747,125.9289057862789,7582100
2020-10-21,123.88787841796875,124.83054741472006,123.21330673255378,123.23060716448732,5649700
2020-10-22,123.01041412353516,124.14094729574231,122.68865199153896,123.04520710893989,4502900
2020-10-23,123.8192138671875,124.2540333980939,123.28002862550906,123.28002862550906,4278100
2020-10-26,122.87995147705078,123.53218050477437,121.75811011837143,123.05387656385037,5315500
2020-10-27,123.80179595947266,124.65403837715866,123.1843464937296,123.4365492090358,6806700
2020-10-28,119.7145004272461,122.56691510703433,119.41012148845348,122.14078724665212,8192200
2020-10-29,119.6362075805664,120.95804890846037,118.09694329849387,119.44488599659653,5476900
2020-10-30,119.2275161743164,120.00149437927959,117.12297804702114,119.29707561934902,6422000
2020-11-02,120.44499206542969,121.74945046325023,119.52317692077844,120.45368367767917,6682800
2020-11-03,122.81040954589844,124.06269171589936,121.15810090303641,121.15810090303641,6244200
2020-11-04,122.30602264404297,124.35837111775079,121.98426047554675,122.14949400087316,5820600
2020-11-05,123.8192138671875,124.81929348041659,123.29742512224423,123.87139008775404,5673100
2020-11-06,124.5583724975586,125.28887923834307,123.81918741471908,124.0713768501264,4702300
2020-11-09,120.00145721435547,127.76732496816433,119.66229862889661,127.09769940777424,12664700
2020-11-10,121.97554779052734,122.28861832647704,119.27097027068424,120.09713784446578,7854000
2020-11-11,123.54959106445312,124.35834878150943,122.31469228738585,123.35826946629537,5554300
2020-11-12,123.61917877197266,123.96704233440224,122.67998032750803,123.74092770141348,5631700
2020-11-13,125.47151184082031,125.64543698409595,123.384383582237,123.67136603997884,6466800
2020-11-16,123.86267852783203,125.90633552078569,122.84520247271413,125.90633552078569,7976600
2020-11-17,123.38436889648438,124.76709153495901,123.27131159547476,123.3930605082404,6396800
2020-11-18,121.48857879638672,123.57572058408849,121.4537990712628,123.48005975294834,6097100
2020-11-19,121.3407211303711,121.85380492403733,120.40150947589683,121.636395187436,5284100
2020-11-20,121.14068603515625,122.05380941808745,120.55802963852877,121.3406992412499,4726900
2020-11-23,120.67110443115234,121.70597697774348,119.88843462883612,121.15811342397741,4770600
2020-11-24,120.27974700927734,121.61029338587149,120.0710421782105,120.73196292598176,7101800
2020-11-25,120.60150909423828,121.21895851507588,120.04494076219746,120.14930644732969,8411300
2020-11-27,120.5406494140625,120.78414724641927,119.60143780227072,120.52325292042656,4252200
2020-11-30,120.76673126220703,121.05371364751917,118.9144097128424,120.01014978160603,11640400
2020-12-01,121.20157623291016,121.34941326207526,120.14932053425342,121.01895948438039,7169700
2020-12-02,120.32324981689453,121.69728099780305,119.56666815049492,121.20158040972208,6963000
2020-12-03,119.43619537353516,120.31453909650702,117.87084280403465,120.08842450502405,8742500
2020-12-04,119.54926300048828,119.88842164738651,118.15783542521326,119.32316165910173,6617200
2020-12-07,119.7319107055664,119.78410020058612,118.75791911277521,118.80140372380487,6918000
2020-12-08,120.05366516113281,120.68849790800479,118.64484097471006,119.15793806346863,6493500
2020-12-09,118.62744140625,120.0449437405773,118.48829600237859,119.86232700892764,6773400
2020-12-10,117.84477996826172,119.0709741830902,117.43604856331889,118.72312387956539,6800500
2020-12-11,118.71440124511719,118.96660395665303,116.7055375129279,116.93165211908233,6548000
2020-12-14,118.14045715332031,119.94929449951067,118.07088444467647,119.1579331366664,6485300
2020-12-15,118.83612823486328,119.61010618086546,118.47958643722012,118.61002694006102,5397000
2020-12-16,119.3753433227539,120.24498227960723,118.88834763005804,118.88834763005804,5382500
2020-12-17,120.22758483886719,120.98416647909185,119.96669049993676,120.01886671379539,7405300
2020-12-18,120.91458129882812,121.81032153301223,119.53185869564824,120.23626404935739,19988800
2020-12-21,119.59273529052734,120.38409653874342,118.46220216068738,119.97537849782414,6732400
2020-12-22,118.74915313720703,120.07100752084447,118.60131616799451,119.39267720676364,5023100
2020-12-23,118.56655883789062,119.618827695801,118.38394210851746,119.47968229366417,6004200
2020-12-24,119.76667022705078,120.12322536033926,118.44481538512554,118.44481538512554,2588200
2020-12-28,120.60150909423828,121.21895851507588,119.9666764505751,120.14060156628115,3714700
2020-12-29,120.37539672851562,121.6972513719697,120.18407513789855,121.07111039715643,5139300
2020-12-30,119.81016540527344,120.81024491953669,119.61884376903632,120.53196734750667,3261400
2020-12-31,121.0015869140625,121.13202747451706,119.47971845043963,120.27978485038743,4076400
2021-01-04,119.8536148071289,121.62767195799024,118.57524482665364,121.45374686784835,8330900
2021-01-05,120.618896484375,120.81021807810458,118.50568061222741,120.00146037976704,6856400
2021-01-06,121.88856506347656,122.6538381067161,120.53193079584403,120.67976778453388,10578000
2021-01-07,120.74938201904297,121.86251889186384,120.04496327343945,121.53205182130701,7355400
2021-01-08,120.69717407226562,120.93198028488852,119.14052631885627,120.41889653143971,7448500
2021-01-11,119.87971496582031,121.26243748554145,119.66230526386535,120.66238458500413,7239900
2021-01-12,119.18400573730469,120.227569691915,118.47960039968363,119.87971946359009,6333500
2021-01-13,119.36665344238281,120.07107223245939,119.22752127672484,119.22752127672484,6078800
2021-01-14,118.0969467163086,119.70577046671795,117.64473084387105,119.51444887721108,6172800
2021-01-15,117.20992279052734,118.44480836147406,117.10557037512321,117.61865411037455,7757600
2021-01-19,116.18376922607422,118.58396795509974,116.14897623701798,118.01000306240755,9184900
2021-01-20,114.73146057128906,116.35769443493,114.1488040657885,115.25324925035925,12506600
2021-01-21,114.61862182617188,115.47601830993081,114.1811795445443,114.30366284941287,8761600
2021-01-22,113.73497009277344,115.02105120718122,113.72622605480362,114.62735590371841,7202800
2021-01-25,115.69470977783203,116.35961706948875,113.64747027912668,113.69121716600522,9640000
2021-01-26,116.4383544921875,116.77081481581203,114.98604327282058,115.70345484492076,5996700
2021-01-27,112.31766510009766,116.44712059328685,111.72273675802293,115.82594678682261,10826700
2021-01-28,114.0499267578125,115.17852171878732,111.49526600495949,111.8452144123239,8242000
2021-01-29,112.1689224243164,113.98867002786167,112.04643915581481,113.9011896073177,8344100
2021-02-01,112.8338623046875,113.43753478454039,112.16019745836252,112.86010777340468,6534200
2021-02-02,112.67636108398438,114.3648949939711,112.58888064984481,113.38502869367443,6825600
2021-02-03,112.81632995605469,113.0350510352055,111.76647144606584,112.81632995605469,7309400
2021-02-04,112.8863296508789,113.26253687333597,112.49263435271769,113.19254452149103,6613700
2021-02-05,113.35877227783203,113.82245991797785,112.88632725034425,112.96506363836694,5063700
2021-02-08,113.00880432128906,113.82245366854414,112.08142909191506,113.67371158865578,7011200
2021-02-09,112.57136535644531,113.6824721955993,112.18641411455413,113.26253145429777,5917800
2021-02-10,112.17766571044922,113.00005908617202,111.9501939241102,112.64135332022059,8594100
2021-02-11,112.2739028930664,113.14878718583587,112.16892104983002,112.45762111873006,6139200
2021-02-12,111.65274810791016,112.09894101517807,110.74286754252614,111.98520177273122,8407300
2021-02-16,111.91519927978516,112.13392035718068,111.10155660488027,111.9589461651993,8246000
2021-02-17,112.38764953613281,113.28877934915006,111.20655032311855,111.2765426731178,8845200
2021-02-18,113.3237533569336,113.60372271865626,111.62647581309322,111.81895141185908,6936400
2021-02-19,111.21531677246094,113.24504848577956,111.12782298516264,113.16631208701767,8277900
2021-02-22,110.74288177490234,111.32030207483564,110.56790086974148,110.926606719192,6975500
2021-02-23,111.56526184082031,113.67372988899439,111.27655504593844,111.7927336661915,10145300
2021-02-24,111.68775939941406,112.19519401558024,111.03159601897681,111.4165406632761,7263000
2021-02-25,110.74288177490234,112.85135662692737,110.48916446854837,111.53902320015746,7790800
2021-02-26,108.07447052001953,111.04907886056624,106.57841897407656,110.70787447332512,17718800
2021-03-01,108.73936462402344,109.78922305785922,108.48564738963175,108.62563207405633,7740200
2021-03-02,108.3981704711914,109.23805863204117,107.98697376565461,108.37192500910825,10206500
2021-03-03,107.75077056884766,108.66064451034799,107.42706092390333,108.28444393508133,7537000
2021-03-04,106.86712646484375,109.15931922807044,106.33344646848074,107.69826394123179,10228100
2021-03-05,110.21794128417969,110.5241494937551,107.21708748066393,107.40081240640917,10490900
2021-03-08,111.38153839111328,112.77260147764729,109.64052018584887,110.02547148393619,9224700
2021-03-09,110.39290618896484,112.79008740945551,110.28791766531761,111.67898723558288,8859700
2021-03-10,111.40777587890625,112.35265262936322,109.77174632887018,110.36666798565736,9070900
2021-03-11,111.03154754638672,111.85393408528489,110.86531742663118,111.22401644709146,6941500
2021-03-12,112.1076889038086,112.70261725049227,111.67899740750254,111.67899740750254,6521900
2021-03-15,112.47513580322266,112.89507657535371,111.27654845271196,112.32640705787783,7172600
2021-03-16,112.80757904052734,113.71745280045967,112.4313718654954,112.4313718654954,6485200
2021-03-17,112.35264587402344,113.59498004075803,112.29141091176415,112.95631820743634,6192900
2021-03-18,112.59761810302734,112.89507559112373,111.14531348938128,112.16893329655795,6871300
2021-03-19,111.99395751953125,113.50751728224812,111.8977263675481,112.94759174883217,20262100
2021-03-22,113.89246368408203,114.51363758502063,111.99396582299629,111.99396582299629,8077600
2021-03-23,116.0096664428711,116.61332541135401,113.7262178283499,114.09366764164724,9503800
2021-03-24,115.97467803955078,116.48211261150139,114.27740010743116,114.55736953320128,8318000
2021-03-25,116.77954864501953,116.90203190885703,115.52847054651339,116.43834431363835,7517300
2021-03-26,118.50305938720703,118.64304405978228,115.90465230734901,116.55207140575467,10821200
2021-03-29,120.35781860351562,120.38406405997208,118.10935993614757,118.10935993614757,11176000
2021-03-30,118.50305938720703,119.85913253472431,118.23184742763821,119.51792823886787,8090600
2021-03-31,118.48560333251953,119.64045729893618,118.3368745670892,118.70432446103679,9202600
2021-04-01,117.47947692871094,118.52933554560927,116.64833941323629,118.15314165900531,9117800
2021-04-05,119.37796783447266,120.0778779899595,117.87316567256248,118.07439868642521,8279100
2021-04-06,119.42172241210938,119.87666604492213,118.66932128270535,118.98428020547162,6180600
2021-04-07,119.63170623779297,120.14788486687334,119.2030080451778,119.9641532558447,10244500
2021-04-08,120.08663177490234,120.41034809102516,119.50046081013527,119.7716728468523,6190300
2021-04-09,119.3079605102539,120.09536434248223,118.59930640602035,119.43044377086619,5855400
2021-04-12,119.78916931152344,119.89415116663268,118.73056667336824,119.42171946896471,6440900
2021-04-13,118.20561218261719,119.32546296062242,117.96938969594714,119.00176005828983,9161200
2021-04-14,118.63431549072266,118.80053229269386,117.74192977380285,118.56432314530984,7584000
2021-04-15,120.06912994384766,120.5240601825021,118.8705293370753,118.95802310971868,7945300
2021-04-16,120.07786560058594,120.64653503405225,119.75416269381353,120.39282447057445,7708500
2021-04-19,119.51795959472656,119.92915633474921,118.45059954824353,119.80667305153034,9149400
2021-04-20,120.51531219482422,121.25021180210841,116.82329938483818,117.96939568065221,10040500
2021-04-21,119.72791290283203,121.23271485504632,119.50919184407617,120.63778663339988,8465900
2021-04-22,118.53929901123047,119.56064794685916,118.0374178094659,119.19084710954868,7338300
2021-04-23,117.93173217773438,118.93548087306245,117.32419759778315,118.80340054454629,6708300
2021-04-26,115.57203674316406,117.7732412529118,115.49279660523382,117.53552083912105,9910600
2021-04-27,115.50162506103516,116.12677320735799,114.717996599782,115.55446526776804,8296800
2021-04-28,115.69532012939453,116.09154774562738,115.23747919944799,115.96828081293593,6262800
2021-04-29,116.67266845703125,117.09530950287859,115.61609271259194,115.61609271259194,6786800
2021-04-30,117.47386932373047,117.69398975345604,116.45250730538348,116.88394818427612,9188600
2021-05-03,118.86503601074219,119.46375715069611,118.01096764015449,118.01096764015449,8070300
2021-05-04,118.46001434326172,119.59584337819692,118.16946717487785,118.84742848122144,9624000
2021-05-05,117.50912475585938,118.83864763880712,117.42987117117775,118.31035310467408,8295900
2021-05-06,118.98834228515625,119.19084939242383,117.91415312211818,117.99339328125465,9771100
2021-05-07,118.99712371826172,119.77195209149066,118.65373631377847,118.93549697134813,6299100
2021-05-10,121.21592712402344,121.87628847037467,119.47257693148023,119.64867060349003,8852700
2021-05-11,120.61720275878906,122.2020592000036,120.15934847561665,121.93792541652493,10973700
2021-05-12,119.34053039550781,120.62604009186796,119.29651704135634,120.17699908582253,8853700
2021-05-13,121.25995635986328,121.97314447877181,119.208432123385,119.64867302988026,8753600
2021-05-14,121.5152816772461,122.47501699696193,121.21592110618279,121.21592110618279,5989500
2021-05-17,121.26874542236328,122.44860115620233,121.16309191354503,121.48006587508483,7690700
2021-05-18,120.02731323242188,121.35683622181092,119.87761946886552,120.15058017557656,9239100
2021-05-19,120.27383422851562,120.47634130590431,119.3845389013404,119.79836647367016,9806800
2021-05-20,121.50652313232422,122.13167130045906,120.37950718097652,120.4411339383476,8768200
2021-05-21,121.50652313232422,122.33417841052109,121.31281600614665,121.68261685564293,10161000
2021-05-24,121.4712905883789,122.210892170631,121.26877007519329,121.50650395344853,6981300
2021-05-25,121.88511657714844,121.92914336408174,120.40591326883116,121.5505425536514,8142400
2021-05-26,121.61214447021484,122.26370585252641,121.39202401559307,122.20206567639086,8122900
2021-05-27,118.84744262695312,121.75303557240126,118.56569540632053,121.6121552445412,33095700
2021-05-28,118.73295593261719,119.85997137034283,118.548048874593,118.99708967967494,10477100
2021-06-01,116.9984130859375,119.74551170223222,116.64621234340959,119.56060463301951,9993900
2021-06-02,117.50912475585938,117.65880507234318,116.68146958875873,117.1040971550123,8254100
2021-06-03,119.61346435546875,119.66629111670423,117.28017939856979,117.30659277918753,11249800
2021-06-04,119.70149993896484,120.291421142197,119.21723225419629,119.48137948544154,6894400
2021-06-07,120.1153335571289,120.48513432558936,119.46377214502985,120.06250679521841,8418000
2021-06-08,118.72415924072266,120.4058826543187,118.64491910544385,120.34424248126696,6911500
2021-06-09,118.68016815185547,120.1329715775835,118.63615479796741,119.34934310010222,6200700
2021-06-10,119.56063079833984,120.05371194578757,118.53046859178284,118.88266941138835,6515500
2021-06-11,118.74180603027344,119.63108803590579,117.89653737767172,119.52543449248913,10641400
2021-06-14,118.78582000732422,118.89147353934614,117.949364863612,118.84744675597433,6302000
2021-06-15,118.55685424804688,119.42853595824472,118.46881414005028,119.04112186482345,5543400
2021-06-16,116.9103775024414,119.37572933854969,116.79591056414874,119.02352854191327,8936400
2021-06-17,117.97576141357422,118.12544170761123,116.79590558895923,116.94559931808232,7875600
2021-06-18,116.25003051757812,117.41227313775997,116.17079036668072,117.4034597198236,13997600
2021-06-21,117.16570281982422,117.3329830524304,116.57576827531075,116.83111548444359,8014800
2021-06-22,117.20973205566406,118.00217373089384,116.99842502367156,117.13929189997124,6550900
2021-06-23,117.04244232177734,117.42105649203917,116.50536130725028,117.06005572006744,5796000
2021-06-24,117.12168884277344,117.37702264471328,116.83992822744683,117.06004867001364,6056700
2021-06-25,118.79460144042969,119.34049585075331,117.06005124011362,117.33299844527544,24504900
2021-06-28,119.1468276977539,119.8864293347654,118.65374650465748,118.7770134441594,6065400
2021-06-29,118.33678436279297,119.59588070412663,117.8261165871056,119.31411999400521,5792300
2021-06-30,118.80340576171875,119.12037975495709,118.2398979331935,118.49524518515332,5776600
2021-07-01,119.07637786865234,119.86880621044705,118.79461720973745,119.24365814540943,5922300
2021-07-02,119.65747833251953,120.30903973973837,119.23485080531408,119.3933445249454,5572000
2021-07-06,119.72789764404297,120.0096582365067,119.18200329000014,119.32288358623201,6534400
2021-07-07,120.62602233886719,121.14550344422663,119.7719538066244,119.7719538066244,5532700
2021-07-08,120.60841369628906,120.97821450291632,119.6486915956311,120.61722711424174,7585200
2021-07-09,120.65243530273438,121.19832978883852,120.48514158987335,120.8373424156565,5948700
2021-07-12,120.74927520751953,121.03983581780356,120.12412720931701,120.53795473592581,6807300
2021-07-13,120.5995864868164,121.12788091135214,120.08890545912128,120.08890545912128,5603800
2021-07-14,121.48890686035156,121.70902736807402,120.07133025321538,120.63483821558128,5903600
2021-07-15,122.52784729003906,122.61588740667204,121.24233798440903,121.51528518561699,7357100
2021-07-16,123.71651458740234,123.9542484769368,122.48384522516521,122.65113894613063,9346300
2021-07-19,123.65489196777344,124.91397475590009,122.2197020347968,123.54923842893453,9544100
2021-07-20,122.99452209472656,125.01081978894545,122.95049531151558,123.65488353762751,8136300
2021-07-21,122.5630874633789,123.44356943285015,122.37819377343959,123.22344894048234,6954700
2021-07-22,122.09347534179688,122.56306453960669,121.12771744589239,121.64159679778825,6013800
2021-07-23,123.85664367675781,124.0249895227641,121.45553871832466,121.80994106390841,7906000
2021-07-26,124.29080963134766,124.76926771404113,123.3516311603516,123.70603353898191,5925800
2021-07-27,124.79585266113281,125.47807794573994,124.04273067420553,124.175628192094,7075400
2021-07-28,122.94405364990234,124.63635403907767,122.89976349320096,124.63635403907767,8520000
2021-07-29,123.58198547363281,124.20219636651409,122.91747090563499,123.83006983078532,5430500
2021-07-30,126.0185546875,128.0652576503777,125.4160678930534,125.81477397991779,14394300
2021-08-02,125.7084732055664,126.19577320103022,124.75157035408118,125.61101050255624,7009500
2021-08-03,127.54248046875,127.77285414820089,125.38945997579737,125.69070330476008,8455700
2021-08-04,126.19578552246094,127.66658154073298,126.12491584024951,126.7362581065446,6628000
2021-08-05,126.25779724121094,127.18812055637929,125.34519810412209,127.01091933434404,5363300
2021-08-06,125.29203796386719,126.80712394618192,125.12369207259077,126.7273854249204,6030100
2021-08-09,125.97422790527344,126.33749909273469,125.54894239191398,125.77044723506118,4743800
2021-08-10,126.05397033691406,126.26660631763083,125.5134980199561,125.7350028462572,5253500
2021-08-11,126.36406707763672,126.91340823190023,126.23116959169154,126.47039858597434,4205000
2021-08-12,126.6565170288086,126.8337182699525,126.12491330537686,126.8337182699525,4956100
2021-08-13,127.2678451538086,127.57795739813047,126.42612930154446,126.65648951302761,4888800
2021-08-16,128.15386962890625,128.19817331117298,127.03748984154745,127.29442956735737,6040800
2021-08-17,128.36651611328125,129.0044512677819,127.48935189594653,127.94121699722392,7577000
2021-08-18,126.96658325195312,128.36649553212516,126.86025173019438,128.20700500927862,7162000
2021-08-19,128.46395874023438,128.72089841975227,126.84254160241485,126.84254160241485,5787200
2021-08-20,128.55258178710938,129.34113869810284,128.27791787153438,128.69434816920818,5273800
2021-08-23,127.89693450927734,128.77408525965475,127.79060296409057,127.84376197689087,4522200
2021-08-24,126.86026000976562,127.71969996899816,126.6830588213802,127.59565778516996,4560400
2021-08-25,126.40837097167969,126.81594579527454,126.03624449078778,126.76278680080163,3861500
2021-08-26,126.18688201904297,126.44383521742147,125.3451662883344,126.31092419494125,4749400
2021-08-27,126.08941650390625,126.49699136958293,125.49578513836416,126.2400381769916,4741200
2021-08-30,126.63874053955078,126.69191305755984,125.85905269665702,126.34636604820469,3845800
2021-08-31,126.16031646728516,127.1703781597288,125.85907308102303,126.73622373629125,9642400
2021-09-01,127.44503021240234,127.75514241744085,126.01853840447541,126.1071457543674,6214200
2021-09-02,127.54248046875,128.2335744679384,127.21465764132482,127.56020464091903,5392500
2021-09-03,127.63108825683594,127.9146074146222,127.16149908957885,127.37413507802302,5466400
2021-09-07,127.1526870727539,128.02985147586872,126.95776164983951,127.8703744132596,6520600
2021-09-08,128.118408203125,128.41965154867682,126.70962710912366,126.77165495533997,6897800
2021-09-09,127.57796478271484,128.36652167178724,127.27670784923292,128.0918577638476,6354700
2021-09-10,127.70198822021484,127.99437626235957,126.98431462567049,127.63996036903991,5750000
2021-09-13,129.0753173828125,130.4486503448427,128.3399330773157,128.3399330773157,9952500
2021-09-14,128.85382080078125,129.6778260389001,128.42853518862185,129.47404532134664,5831800
2021-09-15,128.57911682128906,129.1550374795231,128.24243867973638,128.78291099491332,6237100
2021-09-16,127.68429565429688,128.64119852376825,126.54133622440975,128.3310862302923,6142100
2021-09-17,127.88805389404297,129.6069339208953,127.79059120634768,127.9146333979976,18737400
2021-09-20,126.60335540771484,128.3399599822629,125.78821889952708,127.7817632405175,10238700
2021-09-21,126.79827117919922,128.0564174452322,126.59449044755098,126.68308429976958,6651300
2021-09-22,127.232421875,127.89693658496083,126.5767624941209,127.42734727148876,6332500
2021-09-23,127.75518035888672,128.1981902007473,127.1349692841994,127.63999347373498,5171200
2021-09-24,127.1881103515625,127.98552254653484,126.78053540595485,127.409615241231,5009400
2021-09-27,125.5135269165039,126.85141150832973,125.38948472600075,126.8336873326622,5749700
2021-09-28,124.56546020507812,125.25655423334028,123.65286133392215,124.97303506461918,7015300
2021-09-29,125.83247375488281,126.41723625974801,124.20218785161184,124.2819398691875,5460000
2021-09-30,123.86553192138672,126.47043148008085,123.62630286488206,126.3818241200169,6934900
2021-10-01,123.67060089111328,124.24650814644542,122.55422121110361,123.98069959799044,5587200
2021-10-04,122.97064208984375,124.39713404457571,121.91629022728955,123.50225920473926,5816000
2021-10-05,123.4490966796875,124.50346203178412,122.9086242521247,122.97950743339672,6902700
2021-10-06,125.09710693359375,125.15912127414308,122.82003011867313,123.14786655729979,5332900
2021-10-07,126.0982894897461,126.72735570271874,125.59325193436662,125.59325193436662,5334600
2021-10-08,125.57551574707031,126.36407240930666,124.96416024676465,126.07168440830908,6131800
2021-10-11,126.0982894897461,126.496995522129,125.61097610812993,126.14257964477936,5995600
2021-10-12,125.91219329833984,126.73618469272508,125.5489221693917,126.34634758802765,6734800
2021-10-13,126.20462799072266,126.48814721906687,124.95533716938003,126.16917963743867,5689800
2021-10-14,127.63108825683594,127.86144841751117,126.53241941140648,126.55014358363755,6777800
2021-10-15,127.95895385742188,128.35765998860975,127.30329446153094,128.04756122861326,6923700
2021-10-18,126.11603546142578,127.32102274269214,125.9033993950528,127.18812520120902,9119000
2021-10-19,124.62750244140625,124.76926880192812,122.97950567919624,123.22759005031737,9555300
2021-10-20,125.11482238769531,125.77933702780089,123.90983529952047,124.17563033989472,7352700
2021-10-21,124.21440124511719,125.84587026639485,124.08066624792563,125.57841387540887,6545500
2021-10-22,125.55168151855469,125.71214720634521,124.20550281407336,124.26790160263687,5265000
2021-10-25,125.56947326660156,125.63187203414147,123.96474891237335,125.17720580185757,5382100
2021-10-26,127.35249328613281,127.64668027201589,125.91715843727123,126.25592374335864,6234900
2021-10-27,126.44316864013672,128.09245793959755,126.31835748448349,127.61104736876244,9643500
2021-10-28,127.2009506225586,127.37926394030808,126.33619632777548,126.49666198967454,4538500
2021-10-29,127.47733306884766,127.91416533619721,126.61256515543799,126.73737631802307,6239500
2021-11-01,127.1652603149414,128.19941741175592,127.03153896767762,127.80714998859231,5038900
2021-11-02,128.43125915527344,128.89484935803682,126.84436835703525,127.23663594372749,9954300
2021-11-03,129.3138427734375,129.36733132700903,127.94983024377937,128.49365321074998,7620100
2021-11-04,129.55455017089844,129.6169489466709,126.8978342103995,127.34359027852938,6402500
2021-11-05,130.1964569091797,130.49065761550733,129.09099030729277,129.66155766409213,6062700
2021-11-08,129.2246551513672,130.2499020616116,128.39555556287914,129.71498944727603,5854400
2021-11-09,129.61692810058594,130.0091955539958,128.89480556289666,129.29598323901365,4873100
2021-11-10,130.891845703125,131.32867803492172,129.79527575213677,129.92901076253455,7334900
2021-11-11,130.51736450195312,131.02553292275542,130.34798863174728,130.92746604874418,4096300
2021-11-12,130.6600341796875,131.12362436217344,130.14295543833728,130.82051345967773,5687400
2021-11-15,131.40890502929688,131.7209397696026,130.57980513601257,131.0790498377835,5510200
2021-11-16,131.2216796875,132.46979129563763,131.06120042165585,131.39997940246306,7603900
2021-11-17,131.14144897460938,131.74767073595532,130.53521360986693,131.02554803648292,4900200
2021-11-18,131.1592559814453,132.01511358413023,130.61543305555267,131.08793338093864,5509300
2021-11-19,130.891845703125,132.1488677391139,130.86508781832666,131.89924537711622,6274300
2021-11-22,131.76547241210938,132.78179551782637,130.90070470948956,131.02551584165153,6625400
2021-11-23,133.2275848388672,133.2810733941207,131.6496044419055,131.79224965817926,7912800
2021-11-24,132.53219604492188,132.72832980110434,131.65850436614707,132.6302629230131,5665200
2021-11-26,131.47129821777344,133.4772005609034,131.32865300855806,132.46087725118673,6299800
2021-11-29,132.85316467285156,133.4237319917736,130.8650824805625,131.75659476659055,7113300
2021-11-30,128.89480590820312,132.42518579156265,128.48470440488688,131.77438584396745,11696400
2021-12-01,130.51736450195312,131.8278883621965,129.13553164551516,129.13553164551516,8313500
2021-12-02,131.28407287597656,132.353898326993,130.99879606486235,131.06119484091408,9468800
2021-12-03,133.61985778808594,133.7268349029212,131.64069954325095,131.96164449115383,11200800
2021-12-06,135.64356994628906,135.85753776229595,133.89621372745216,133.89621372745216,11935100
2021-12-07,135.28695678710938,136.02691343851706,134.8590348019392,135.46525648064738,7913400
2021-12-08,135.8931884765625,136.09824606246195,133.97644282388865,135.215644149848,8329300
2021-12-09,136.68666076660156,137.46227204869692,135.15325865245197,135.78622471383645,8334300
2021-12-10,138.594482421875,138.8975932828054,136.7847002736245,137.15914734112158,7172300
2021-12-13,140.56471252441406,141.1531137808792,138.10414400200784,138.45183318021083,8944000
2021-12-14,141.081787109375,141.4205660539404,139.6642861624747,140.7697524390232,8677500
2021-12-15,141.62559509277344,142.32097335580463,140.53794937810554,140.53794937810554,9152600
2021-12-16,143.6315460205078,143.81876958746926,141.2333757766099,141.5097424108022,10852900
2021-12-17,140.37750244140625,144.17533912237644,140.2437674632356,143.23033846490935,24349400
2021-12-20,140.7340850830078,141.26899772519712,139.5840405867124,139.6107848584825,9202600
2021-12-21,140.64491271972656,140.99260181726564,139.78014508677697,140.54684586640056,6946000
2021-12-22,142.0357208251953,142.2675090846189,140.20811821557623,140.6538742860494,6626300
2021-12-23,142.73110961914062,143.4621425542799,142.14270829837702,142.1961968541925,5640900
2021-12-27,144.39820861816406,144.4160426682122,143.18575167938326,143.23924022613332,4548600
2021-12-28,145.173828125,145.65525228030305,144.3714726706885,144.38930672176514,5929400
2021-12-29,146.37738037109375,147.08166897585298,145.38780135204502,145.50370228327458,5346100
2021-12-30,145.11143493652344,146.73397995867327,144.96878972921039,146.5645904754135,5911500
2021-12-31,145.83355712890625,145.96727850821355,144.8350678876899,145.19166730143982,5327000
2022-01-03,145.22731018066406,145.26297828122236,142.5349535344789,144.14858819818045,9317300
2022-01-04,145.73550415039062,146.55569376296464,144.5854457650684,144.68351265371297,9253800
2022-01-05,146.39520263671875,147.38478157609757,145.67306643496022,145.70873453557263,9330200
2022-01-06,145.1649169921875,147.2777963178008,144.9687832417581,146.51109536704823,7556000
2022-01-07,145.0846710205078,145.7889595307586,144.38036890686314,145.43236016414446,6098500
2022-01-10,143.10552978515625,145.4234531427934,142.793495100765,144.87963020365703,8055000
2022-01-11,141.4473114013672,142.83806808460605,139.88716524456038,142.83806808460605,11957900
2022-01-12,141.75930786132812,142.07134247987835,140.70733030784803,141.09067391019983,7127500
2022-01-13,141.11746215820312,142.15161958971677,140.66279582696376,142.0268084240787,6551000
2022-01-14,142.47256469726562,143.07880007635822,140.46666221640666,140.92134215157532,10708000
2022-01-18,139.7266845703125,141.33140903592013,139.11153905821334,141.33140903592013,10988400
2022-01-19,144.42495727539062,146.3773709113974,139.94065259146953,140.5112197797797,14088300
2022-01-20,145.20474243164062,147.2931826522798,143.51964598238743,143.51964598238743,10799100
2022-01-21,145.76051330566406,148.20749285704417,145.29443368555647,146.10112152384468,10900400
2022-01-24,144.57736206054688,147.10499384069428,142.264839730801,146.48652681709575,14838100
2022-01-25,142.99981689453125,144.57735910844858,141.52088474583053,143.81547668224107,9369600
2022-01-26,141.75390625,143.02670079996727,140.1674195829705,141.02788460969074,10707100
2022-01-27,142.63232421875,144.62216852316345,142.13934230966635,142.2737857044865,9083000
2022-01-28,143.86026000976562,144.26360379778882,141.00995114268127,142.16620515859353,9494200
2022-01-31,143.81546020507812,143.99472261516306,142.39926391477036,142.82951011118843,8950100
2022-02-01,143.17909240722656,144.57735850786534,141.37746874330247,144.12022358330108,6284100
2022-02-02,145.74258422851562,145.95769367276222,142.93708002712862,143.53761668706144,7558800
2022-02-03,147.12289428710938,147.87580456419346,144.86414977901285,145.1868275658838,10474500
2022-02-04,144.78346252441406,147.43659212490863,144.6759078368407,146.2175888506558,8959900
2022-02-07,143.69894409179688,145.43780447701343,143.1163241754074,145.0882379979177,6430500
2022-02-08,143.3762664794922,144.5504509703968,143.09839402105547,144.41599390789293,5048700
2022-02-09,143.0535888671875,143.98576158829997,142.75779974149978,143.73479148350643,8077400
2022-02-10,140.87548828125,142.96392850183972,140.4093951550509,142.59643173547423,7033000
2022-02-11,140.0867156982422,142.13930888884846,139.45033220993002,141.6283967549695,9341400
2022-02-14,140.4900665283203,140.77688358194555,137.4604819027597,139.95226574711526,9472200
2022-02-15,140.56179809570312,142.80261227008805,139.9254008523663,141.41330474660055,6659200
2022-02-16,141.6284637451172,142.31863858200765,140.068865286835,140.57080564935566,9315700
2022-02-17,143.25079345703125,143.75273370810268,141.03686767496217,141.96008213893555,7925500
2022-02-18,143.32249450683594,144.36223575034222,142.35447464767822,142.96396964617358,8063200
2022-02-22,141.55673217773438,144.20090432538376,140.41840821766127,143.51072960476415,8179500
2022-02-23,139.79098510742188,142.15728479628393,139.46830725544766,141.8883843068309,6273000
2022-02-24,136.02638244628906,139.80887797046566,134.9507943484744,139.5041305168397,13145100
2022-02-25,141.83460998535156,142.46203535629644,136.46561312336814,136.5373208338829,8888800
2022-02-28,139.7282257080078,140.89345196080345,137.87283844991182,140.08675055032367,8669200
2022-03-01,137.41567993164062,139.2889972129622,136.54624297775575,138.31200556023586,8311900
2022-03-02,137.8459014892578,139.00216911762527,136.77928556423248,137.101963312051,6111300
2022-03-03,138.35687255859375,139.70136146774948,137.82804353676946,137.82804353676946,7451200
2022-03-04,139.05596923828125,139.2442036540234,136.73448894624892,137.245387485815,8639100
2022-03-07,136.99441528320312,138.50024955552797,135.47066434439253,138.47336087895474,8374500
2022-03-08,131.57164001464844,137.0930094634509,131.38341928164633,136.40283486313947,9517200
2022-03-09,133.34637451171875,134.87012542399216,132.48589584582686,133.40015186392867,7044100
2022-03-10,129.91348266601562,132.90720799400108,129.01715673474945,132.47697537651084,9221000
2022-03-11,128.37179565429688,131.00699597139322,128.20149154611275,130.32577953865675,7086100
2022-03-14,130.01205444335938,130.8994081940796,128.4883033841502,129.4742535157111,7964600
2022-03-15,134.6908721923828,134.9328702937996,131.66128682779413,131.76884153953492,9868400
2022-03-16,134.23374938964844,136.05328970346028,132.6920678907271,135.0135621504582,6908900
2022-03-17,134.65501403808594,134.87013714246143,133.10437431497704,134.43990461055603,6003800
2022-03-18,134.5833282470703,135.22868398841644,132.87135617460143,135.22868398841644,15570300
2022-03-21,135.09425354003906,135.7216789941074,133.7676949118875,134.84328335841172,6937500
2022-03-22,136.13397216796875,137.67565369799462,134.9149684855494,137.52326627045122,7292100
2022-03-23,135.18386840820312,137.14681048971457,135.0673416735719,136.42078875483617,5531900
2022-03-24,135.41693115234375,135.84716379466434,134.59231288920878,135.24662702727855,4203100
2022-03-25,136.9854736328125,137.96246547220957,135.80231701211983,135.90988540835772,5047700
2022-03-28,137.9265899658203,137.9445066307869,136.80618294745184,137.7114668946299,4234000
2022-03-29,139.34280395507812,140.2480880183985,138.05209271603243,139.26212424500383,5643400
2022-03-30,138.3837432861328,138.41959030124553,136.187747754831,136.68968802748896,5779300
2022-03-31,136.9585723876953,138.3389079750182,136.6000338945403,138.12379855597024,7538600
2022-04-01,139.01116943359375,139.34281929033244,136.295303267895,137.60394499507254,5742600
2022-04-04,138.1058807373047,138.3478925325274,135.5782354194917,137.86386894208195,5992000
2022-04-05,138.58990478515625,141.0548009835446,137.62187118238566,137.68462055959517,7653000
2022-04-06,140.57077026367188,140.98307245330454,137.98038937021212,138.41062190452098,8884700
2022-04-07,142.39028930664062,142.86534079364995,140.6962344227967,141.502922014401,6889700
2022-04-08,143.50177001953125,143.8871835593043,142.44409843431941,143.14323148350746,6045400
2022-04-11,142.95497131347656,144.4966524012943,142.18413076956767,143.36727342019356,6158400
2022-04-12,142.5247344970703,143.97679132805544,142.24687573812662,142.79363492331527,7221500
2022-04-13,142.92811584472656,143.77962260600583,142.25587150526724,142.58750766947642,5247700
2022-04-14,142.13037109375,143.68101070646682,142.0228027107974,143.39417992105268,7806500
2022-04-18,140.77691650390625,142.49786025864196,140.30186496271153,142.04969739511145,6034500
2022-04-19,142.88331604003906,143.43903372548718,140.09574192370272,140.51701619391272,7897000
2022-04-20,146.68370056152344,147.4276525602565,143.41211711067427,143.86027997664513,10196100
2022-04-21,146.56924438476562,148.63333997750192,146.40699343553618,147.65988929643362,9365700
2022-04-22,145.34341430664062,147.38949288927714,145.0369570750079,147.13711472751154,9394600
2022-04-25,146.51515197753906,147.1821453925858,144.03642752122553,145.74899528052092,6986800
2022-04-26,144.02740478515625,147.49762451602152,143.9913566629173,146.6323182929527,7769500
2022-04-27,143.63986206054688,145.52368977472773,143.4145234223842,144.4060189317315,6754900
2022-04-28,147.2903594970703,147.5607686296409,143.55875197761978,144.70346242489353,9306800
2022-04-29,144.7124786376953,146.87572409938258,144.39699903747544,146.443077757761,10637000
2022-05-02,142.75650024414062,146.01939845034372,140.78253210155466,145.65886222720508,10351600
2022-05-03,140.80056762695312,143.30633159407347,139.7189314151401,142.61228490066114,10344000
2022-05-04,141.83714294433594,142.00840249782465,139.84514347199925,140.45807167640208,7771000
2022-05-05,139.2232208251953,141.7740419332945,138.0334262945566,140.88170978889352,8217100
2022-05-06,140.61129760742188,140.82762763195205,138.69140818125257,139.50263545805743,7304800
2022-05-09,140.25975036621094,141.29630236293931,137.68187638586448,138.77252119637006,8540800
2022-05-10,139.5206298828125,141.17010994760892,138.75448695888554,140.20566797194192,7447400
2022-05-11,137.5557098388672,140.52116007167723,137.32136262178452,138.8356315695399,7692200
2022-05-12,136.9968719482422,138.45706180023936,135.09501345110536,138.3759431981457,9600800
2022-05-13,138.466064453125,138.5652139915116,135.58173300039257,137.52866188857843,5675500
2022-05-16,139.81808471679688,140.52114002130702,137.03290302942384,138.33085551577372,5971000
2022-05-17,139.42147827148438,141.28728829760914,137.97031103370998,139.82709871443345,6509100
2022-05-18,130.73245239257812,139.49361935109084,130.28177513649652,139.41250074585497,9670700
2022-05-19,127.7219467163086,129.27227776072542,126.73046488790806,129.2632691658274,9694100
2022-05-20,127.80303192138672,128.39792911505944,125.45049643147762,128.12752004942854,7786900
2022-05-23,130.74143981933594,131.2642269471851,128.06441653294996,128.74944082793783,7134500
2022-05-24,133.0669708251953,133.34638852295953,130.53416685052176,130.59725451441446,7207400
2022-05-25,130.8856964111328,132.62530403979832,129.34437412434826,132.5982645043792,8217800
2022-05-26,132.03038024902344,132.84160740948417,130.73242779514686,132.03038024902344,5702600
2022-05-27,134.04945373535156,134.04945373535156,132.16562597107287,132.47208322626494,6028800
2022-05-31,133.29229736328125,134.29280132962646,131.74196664509628,132.7604877974462,12416700
2022-06-01,131.2732391357422,133.5085939391012,130.43498624207322,133.40043582471168,7036000
2022-06-02,132.6884002685547,132.73345699010537,128.5601950618875,131.5707157518223,6479800
2022-06-03,131.49859619140625,132.68839063121249,130.80454943485262,131.92223387040602,4720700
2022-06-06,130.98483276367188,133.07596789570752,130.3268341252153,132.83259834787322,4751100
2022-06-07,132.44500732421875,132.66132356092368,129.2812448266534,129.4975748169339,4918600
2022-06-08,130.7955322265625,131.98531283442227,130.687374104096,131.86814611960892,4369600
2022-06-09,128.43399047851562,132.39994424664647,128.29877906945293,131.06594361606813,4625700
2022-06-10,127.9472427368164,129.0288651681023,125.69385694098105,126.99180935995429,6630800
2022-06-13,124.52210235595703,126.63128206228556,124.05340797995193,125.7389362729321,8549500
2022-06-14,120.63728332519531,124.00835411615355,119.46551972111841,123.94525269925501,9980200
2022-06-15,119.4384765625,121.59271320817571,116.72540454332162,121.1780978515698,12178100
2022-06-16,120.1685562133789,121.74592616402705,117.71687153265697,118.10444726167191,9683300
2022-06-17,119.30325317382812,121.01582080616218,118.46498654070578,119.48352127929884,17113300
2022-06-21,122.91768646240234,123.48554409551866,120.26770251262712,121.34031637359097,9017000
2022-06-22,124.83760833740234,125.91022247964658,122.28677324585479,122.29578184029458,8374500
2022-06-23,128.2627410888672,128.4249782882805,125.19812770425611,125.3333391240113,6418300
2022-06-24,130.11048889160156,130.9126936079446,129.00181328365994,129.9752775046561,19440600
2022-06-27,129.11898803710938,130.48002791609193,128.6322628248769,129.90316178320694,5618500
2022-06-28,127.01889038085938,129.87618285290486,126.71243311337737,129.38043506516638,6077300
2022-06-29,128.17257690429688,128.76747403477728,127.22615215190986,127.63177258405783,5174600
2022-06-30,129.60574340820312,130.19163202163193,127.2982783397231,127.71290741620467,7410100
2022-07-01,131.69686889648438,131.82305794026712,129.25419284820657,130.01134086447738,5937200
2022-07-05,130.42596435546875,131.68786862660937,128.47903576816043,130.31780624069887,5760900
2022-07-06,131.64280700683594,132.9407594855924,130.66934264776862,131.15606795051426,5485200
2022-07-07,131.59771728515625,131.7689767890444,130.33582686741312,130.9577497317175,6623400
2022-07-08,130.71441650390625,132.32783479827594,130.3088097821777,131.58873135590466,4294200
2022-07-11,131.6337890625,132.1205281350972,130.40794654197117,130.83158420555236,5482900
2022-07-12,130.47103881835938,132.42697605729708,130.12851977299428,131.4715426713582,5204400
2022-07-13,131.32736206054688,132.46307765530315,129.98435251301783,130.16462068174081,5075600
2022-07-14,130.93972778320312,131.1740749226606,129.3172874811842,129.57867414621086,4867000
2022-07-15,130.75949096679688,131.32733489312662,129.88517608809943,131.00284675511955,6264600
2022-07-18,129.1731414794922,130.77755176536516,129.04695237004987,130.64235406009888,6047500
2022-07-19,129.83108520507812,130.70540009680383,129.47054893684313,130.30881570317615,5943600
2022-07-20,127.58670806884766,129.99332247775743,126.76647232828977,129.7950234250165,8635300
2022-07-21,127.70736694335938,128.24261505397533,126.05624570915283,127.55314361536132,8310200
2022-07-22,129.74859619140625,129.8846715439776,127.61665671536262,127.69830192690542,5292700
2022-07-25,130.6285858154297,131.01867771768303,129.30405907720024,129.54900855237315,5262100
2022-07-26,130.8826141357422,131.08220056414694,128.56016897924872,129.44922698759214,5375700
2022-07-27,132.12545776367188,132.64257173618404,130.21125289074777,130.52878047136358,5500000
2022-07-28,134.32090759277344,134.81987362214724,131.6174378011626,132.5790738707572,7115700
2022-07-29,126.01996612548828,129.27683175765733,125.4030589581106,128.3061148676048,18694700
2022-08-01,129.6396942138672,130.5831959318669,125.43934106685042,125.50283827012024,12590000
2022-08-02,128.77789306640625,130.38365161396837,128.61460262573829,129.83025538248455,7495000
2022-08-03,131.43600463867188,131.78981441130662,127.83439585019941,128.51480032394815,6811000
2022-08-04,131.22732543945312,132.86937971569634,130.64671422804477,131.40877769034458,6124700
2022-08-05,131.29086303710938,131.39972333536048,129.5218139761989,130.41087204527028,4580300
2022-08-08,131.78976440429688,132.8784083806411,131.2998656170835,131.57203007188434,4486800
2022-08-09,131.48135375976562,132.3976406431303,131.08219476348478,132.06197886606017,3977300
2022-08-10,132.72422790527344,132.9056663193893,131.89866720175309,132.35227015847457,4641300
2022-08-11,131.78073120117188,133.622358170672,131.4813515767835,133.1869031910454,5954300
2022-08-12,133.0598907470703,133.11432088746193,131.5085763744538,132.37041923067008,5038700
2022-08-15,134.7744598388672,134.96497910306428,133.1324199406575,133.24128018142233,6008000
2022-08-16,136.01736450195312,136.625204594485,134.59305853609806,134.59305853609806,7093000
2022-08-17,135.39141845703125,135.8540884995419,135.06482376735786,135.26441018009515,4834600
2022-08-18,135.87222290039062,136.0718092931596,134.73821559732266,135.05572933646414,3829000
2022-08-19,135.83592224121094,136.6524157770457,134.91964935528722,135.364185186226,6502500
2022-08-22,135.47308349609375,136.1988511174625,135.02854754032472,135.1555558358493,6380700
2022-08-23,132.8603057861328,134.66565057170698,132.29784253879964,134.6565696529668,5268200
2022-08-24,132.28875732421875,133.5951220573358,131.6537021854952,133.0054438203634,5903200
2022-08-25,132.17991638183594,132.25249452569793,131.0822048327288,131.75352843843763,5097600
2022-08-26,129.08631896972656,132.93287689613916,128.8413833482378,132.45205888569546,6086600
2022-08-29,128.54202270507812,129.44922872166518,127.93419633510862,128.1882129123238,5272100
2022-08-30,127.1720962524414,129.19517505551457,126.9271606651412,129.19517505551457,5203700
2022-08-31,125.14000701904297,127.80719506922343,125.06742887258417,127.37172619047061,8406900
2022-09-01,126.68222045898438,126.79108072793304,124.0694632613182,125.04018013565138,7446500
2022-09-02,124.43235778808594,128.05210027247517,123.87896166551653,127.38984387755201,7077800
2022-09-06,123.04431915283203,125.13996220089838,122.73585868013893,123.27112058821342,8217200
2022-09-07,124.90409851074219,124.97667664205156,123.39814727537811,123.40721435071812,6609400
2022-09-08,125.0674057006836,125.6389498463624,123.43443231507518,124.29627514993801,7380500
2022-09-09,126.9725341796875,127.99766735542629,124.55936334728133,125.14904160020309,6434300
2022-09-12,128.0067596435547,128.641801013001,126.2014148963268,126.47357943833624,5818700
2022-09-13,125.35770416259766,128.3061233269001,125.06740547393993,127.71644503118496,6350200
2022-09-14,125.65711212158203,126.7004074439128,124.89506231869339,125.79320134251206,6137800
2022-09-15,124.68636322021484,126.00180881789522,123.96059583577902,125.90201562949953,5320700
2022-09-16,125.44844055175781,126.15606010164832,124.38701122692203,124.68639085847026,9321500
2022-09-19,125.18533325195312,125.6117210851318,124.49584798492617,125.37583871783862,6056000
2022-09-20,124.74079895019531,125.1671867885813,123.86080820653588,124.65915374953299,5589800
2022-09-21,123.13502502441406,125.37582419700185,123.11689087738557,125.2669639433896,6413900
2022-09-22,123.5705337524414,124.35073145606394,122.69054283639514,123.14414583052766,5061600
2022-09-23,122.99899291992188,123.83362079084824,121.52024268881979,123.08970521551474,6523600
2022-09-26,123.1169204711914,124.12391958773969,122.46373110678907,122.99897927285487,7396400
2022-09-27,119.73304748535156,124.23279546704667,119.48811182509262,123.34373743719864,7722200
2022-09-28,119.73304748535156,120.67654950478918,119.0163608153738,120.67654950478918,10455100
2022-09-29,116.75740051269531,119.63324165187503,116.35822768832847,119.63324165187503,7128500
2022-09-30,114.53472900390625,117.06582702331171,114.49843994236302,117.02954488319926,9431900
2022-10-03,116.58502197265625,117.1202839592978,114.92484048226615,115.44194755398075,8477700
2022-10-04,118.02750396728516,118.72604260758017,116.75740728491608,117.12029798396357,7211600
2022-10-05,117.21100616455078,118.01841890766654,116.20400700467701,117.21100616455078,5071100
2022-10-06,114.743408203125,117.08399422451649,114.62546700340145,116.92977087872775,5530800
2022-10-07,112.73847198486328,114.83412228023518,112.27580196816972,114.76154414848385,6095400
2022-10-10,112.27581024169922,112.7203392189278,110.84242318042749,111.92200047512902,6923300
2022-10-11,112.70218658447266,114.0357733793602,112.13064246523231,112.21229459145154,5516200
2022-10-12,112.8836441040039,114.13558590611976,112.86550302923378,113.25559496896835,6823500
2022-10-13,114.58916473388672,114.98833750893347,111.5137375625102,112.04899259463483,6910500
2022-10-14,113.47330474853516,115.23327931914096,113.1920662399386,114.98833679506635,5516800
2022-10-17,115.52360534667969,116.3763811766537,114.18094438186137,114.31702666217691,6664600
2022-10-18,116.45800018310547,118.00026106530768,115.81389183886186,117.3289238125507,7114200
2022-10-19,117.53759002685547,120.65838042719899,117.49222696488918,119.42457989317627,9993700
2022-10-20,116.023681640625,118.5636185171255,115.74045415300635,117.51291926238274,8168000
2022-10-21,117.47637939453125,117.81442330604055,115.55772786271736,115.61254428716698,6394600
2022-10-24,118.19813537597656,119.17574127637666,117.2662284109126,118.3077821503569,6946000
2022-10-25,119.5594711303711,119.85183000191509,117.37586222241215,118.40828454805528,6776000
2022-10-26,120.40003204345703,121.12181877136935,119.13919858124838,119.36760963216419,6612800
2022-10-27,120.49142456054688,121.62433466252763,120.14423523711055,120.6010574243239,6676700
2022-10-28,123.54298400878906,123.80793472309121,121.44159931955438,121.6700103957515,6996400
2022-10-31,123.04048156738281,123.95412590717874,122.66588404220099,123.52471195218615,8346300
2022-11-01,123.23234558105469,124.51144200318801,122.28214771795102,123.06788236043445,6428300
2022-11-02,121.45987701416016,124.74898817124256,121.3410987924988,123.08616277351271,7318100
2022-11-03,120.6284408569336,121.185764368475,119.65084882652063,120.35434481269776,5204000
2022-11-04,122.83035278320312,123.34199140586517,121.07615724503032,121.80707553787904,5555400
2022-11-07,124.71243286132812,125.34284958768731,123.39678298737921,123.66174761146553,6746800
2022-11-08,124.99565124511719,125.64434471176406,124.07287569224226,125.00479660872683,5266200
2022-11-09,124.69415283203125,126.05548766864771,124.56624320545077,125.05047350186996,5690700
2022-11-10,128.98831176757812,129.39946290705342,126.26565531545182,127.41685620021083,8068700
2022-11-11,128.79644775390625,129.39945638303416,127.09706867070457,129.00658205516962,7175200
2022-11-14,128.80557250976562,131.1627765315865,128.14774748315952,128.37615856347816,8516200
2022-11-15,128.35787963867188,130.8338476322077,127.63609290824472,129.81970200496386,7732400
2022-11-16,129.49993896484375,130.568901047498,128.8055604235231,129.28065932951546,6193700
2022-11-17,128.705078125,129.4542732012038,127.78230232877738,128.92435779291236,5186300
2022-11-18,130.25827026367188,130.43185096444088,129.0705299244687,129.66439312351767,5671400
2022-11-21,131.91195678710938,132.65200637384825,130.49580545958088,130.70593972642052,6377200
2022-11-22,133.04490661621094,133.20022450709573,132.3322650269237,132.8713119319548,5372900
2022-11-23,133.80320739746094,133.9676706238481,132.9992098786871,133.3007002350361,4296000
2022-11-25,134.04989624023438,134.48844161194262,133.75752336502487,134.1138440934952,2411100
2022-11-28,133.9402618408203,134.61634971002442,133.51997932282094,133.7483904010344,6628200
2022-11-29,132.91696166992188,133.44687700818707,132.04900242009802,133.16364952108609,5634200
2022-11-30,136.2792205810547,136.2792205810547,132.59723426366835,133.07231937867306,12396800
2022-12-01,136.36143493652344,137.37558083942432,135.74016339872875,136.6172542686869,6927400
2022-12-02,137.6039581298828,137.7501445526456,135.29243934172678,135.64876003402065,4938300
2022-12-05,136.21522521972656,136.74514058618692,135.46604414376924,135.86804986598784,5402500
2022-12-06,136.3888397216797,137.11975805565132,135.47519528949206,136.79084550241947,6866700
2022-12-07,137.2659149169922,137.43949561115448,136.14212247008652,136.14212247008652,6175500
2022-12-08,138.25265502929688,138.3074714538896,136.14212509474163,136.5532761613971,5187100
2022-12-09,137.88717651367188,138.8282288938262,137.24762838265974,137.6861736809104,5868200
2022-12-12,139.3033447265625,139.38556936603868,137.99682615453983,138.16128937459757,6142400
2022-12-13,139.0932159423828,140.91135921225796,137.76842052886224,140.16217812113555,7680600
2022-12-14,139.64137268066406,141.10320894045054,139.0292327549458,139.59568768358878,7385600
2022-12-15,138.06077575683594,138.8739185379998,136.80908766274544,138.61809927703393,7117200
2022-12-16,137.44863891601562,138.02423923672652,136.15126579439004,137.3755457053615,19966400
2022-12-19,137.412109375,138.30749090629652,136.352292487903,137.24766007809262,5881800
2022-12-20,137.46693420410156,137.86892600514213,136.37969520359687,136.425380209042,5646100
2022-12-21,138.72775268554688,139.449539518283,137.70447548998865,137.73188370479068,5024700
2022-12-22,139.04751586914062,139.24851871253517,137.85064417326672,138.07905522793286,5904900
2022-12-23,139.44036865234375,139.71446469134452,138.57240947976103,139.15714119044762,3401800
2022-12-27,140.65553283691406,140.99359069738722,139.47693786053316,139.51347749731406,4215100
2022-12-28,138.83740234375,141.29509394859298,138.78257197191112,140.95704999833896,4197500
2022-12-29,139.41297912597656,140.00685628025056,139.0018419829287,139.61398198544092,3809100
2022-12-30,138.47193908691406,139.49521632459593,137.4486618492322,139.26680523110574,4532000
