Date,Close,High,Low,Open,Volume
2013-01-02,35.27124786376953,35.398367261835986,34.94209521637283,34.99430769066312,15826400
2013-01-03,35.29848861694336,35.884148843729065,35.14413032931848,35.66395863763639,14937200
2013-01-04,35.58677673339844,35.68211627960854,35.135045667164704,35.32118725529663,10376000
2013-01-07,35.84101486206055,36.040775886859414,35.59358579690792,35.62536564505832,10242400
2013-01-08,36.1746940612793,36.1746940612793,35.641243060330346,35.78652281705265,11800400
2013-01-09,36.726314544677734,36.89883669603234,36.25415777187514,36.63778471680927,17552800
2013-01-10,36.435752868652344,36.948774861794,36.1542752081612,36.78079368807823,16313600
2013-01-11,36.58331298828125,36.603742152602656,36.20649223776821,36.27005194704217,9578000
2013-01-14,36.467533111572266,36.730853830929256,36.217835295969856,36.610544159174424,8877600
2013-01-15,36.42214584350586,36.46754514643936,36.11342573431533,36.27913821245256,6696000
2013-01-16,36.36538314819336,36.49704350533913,36.163353376515644,36.34495398856994,5464400
2013-01-17,36.29273986816406,36.5674077677181,36.23144893418579,36.54697861097304,7833600
2013-01-18,35.927276611328125,35.98629534079274,35.52548580205725,35.9840265886477,13812400
2013-01-22,36.10432815551758,36.24733571090198,35.816037365627324,36.02033585260101,6918000
2013-01-23,36.10432815551758,36.310898857869766,35.8841380158662,35.93180604641335,7108800
2013-01-24,36.22010040283203,36.35857046858024,36.0702796503025,36.16108168080977,6794000
2013-01-25,36.28366470336914,36.35176536896824,36.09979533087219,36.301825111778484,6701600
2013-01-28,35.49143981933594,36.45164853656876,35.48008913028595,36.38354786601279,13532000
2013-01-29,35.561805725097656,35.65941402103724,35.21222393389827,35.352966229459426,11664000
2013-01-30,35.18724822998047,36.11340810544427,35.12822951135156,35.63671046172672,18708000
2013-01-31,35.845542907714844,36.20647179525336,35.49142373777197,36.09297188366949,16685600
2013-02-01,35.993106842041016,36.20194635326196,35.71843887791917,36.092987361264925,12738400
2013-02-04,35.55952835083008,35.95677812445646,35.539099193770504,35.8137705612963,10532000
2013-02-05,36.21328353881836,36.22917518992553,35.593574956748434,35.7797130210135,11105200
2013-02-06,36.50613021850586,36.51974966003716,36.00672760406455,36.14292894686564,15056800
2013-02-07,35.652610778808594,36.27231965831147,35.62991286257343,36.08845025720853,20182800
2013-02-08,35.820587158203125,36.07936692187529,35.66168791099106,35.72978511426494,12914000
2013-02-11,35.48690414428711,35.90458323917466,35.3983742984822,35.77065409414189,11032400
2013-02-12,35.59359359741211,35.79789217118856,35.507332506209224,35.60267207155453,9805600
2013-02-13,35.20686721801758,35.80286009555404,35.063554575751084,35.58902963599715,13917600
2013-02-14,35.48210906982422,35.63451930676656,35.099946709320626,35.16819097970992,12760000
2013-02-15,35.93935012817383,35.95982237189335,35.42752320889513,35.56628531251929,17884400
2013-02-19,35.8529167175293,36.121339907480746,35.636812654745626,35.943906805738415,13210000
2013-02-20,35.354736328125,35.85291519690676,35.302417203176226,35.7414493931862,15688800
2013-02-21,35.81423568725586,36.00759043810056,35.211415241444,35.28648360508314,14220800
2013-02-22,36.26691436767578,36.30103824297277,35.64362517641032,36.0098658898893,11738000
2013-02-25,35.46165084838867,36.47620727592003,35.46165084838867,36.21460471452144,11183200
2013-02-26,35.90296173095703,36.07584428419857,35.48894885283876,35.48894885283876,11354000
2013-02-27,36.36701583862305,36.419338434721965,35.782397429895966,35.81651784383071,8318000
2013-02-28,36.08721923828125,36.473932317023404,36.01215085406464,36.473932317023404,11228000
2013-03-01,35.95982360839844,36.13725666883234,35.63452735023723,35.92569972997742,13212000
2013-03-04,36.2828369140625,36.291934530855066,35.839254335655035,35.88702289814999,6570000
2013-03-05,36.462547302246094,36.801491703336175,36.3647331595235,36.41705227142051,10267600
2013-03-06,36.637718200683594,36.783304427195354,36.44208638339753,36.59222315572044,7516000
2013-03-07,36.51259994506836,36.8014988268568,36.31696815070715,36.59449240482536,8687200
2013-03-08,36.54899597167969,36.71505442197676,36.37156289414607,36.70140625771246,9571600
2013-03-11,36.66501235961914,36.76055646074132,36.48985627334335,36.70823386463888,6742000
2013-03-12,36.35109329223633,36.61724292789874,36.17593373898787,36.55127216775684,8340800
2013-03-13,36.253273010253906,36.48757575286628,36.13498660595856,36.28284634685219,11021600
2013-03-14,36.54671859741211,36.6399856714907,36.23734751272472,36.260093293760704,14853600
2013-03-15,36.06675720214844,36.5421869657636,36.06220665516662,36.40342478674598,17599600
2013-03-18,35.95756149291992,36.2100595297751,35.57766899124759,35.77785136754684,15162800
2013-03-19,35.48667526245117,36.24873025426328,35.413880416321966,35.9416326376108,17652400
2013-03-20,36.24418258666992,36.38976881943964,35.650463026098976,35.71415678599513,16070400
2013-03-21,35.8961296081543,36.33516171140406,35.8961296081543,36.04398933376571,14883200
2013-03-22,36.41704177856445,36.43296694384148,35.87791870296986,35.989384446766984,18790400
2013-03-25,37.30651092529297,37.370204690652166,36.51033538725318,36.56720506854174,19336800
2013-03-26,38.09358596801758,38.16637734963001,37.42934508615003,37.511237559870025,17264800
2013-03-27,38.366554260253906,38.49621530040207,37.64999434947498,37.90022228105793,13371200
2013-03-28,38.63496398925781,38.88974237760259,38.24597753310265,38.387013152170844,12456400
2013-04-01,38.068546295166016,38.89656828635432,37.96617814510953,38.61449356390957,13235200
2013-04-02,38.205039978027344,38.421144009263394,38.059453775516324,38.31195522514234,9582000
2013-04-03,37.477115631103516,38.33698483497082,37.3702003649727,38.311962039258304,16624800
2013-04-04,37.87065505981445,37.88202968964179,37.536261074978796,37.62952818009344,8903600
2013-04-05,37.57038116455078,37.62952437420159,37.21323795618231,37.35427710388705,7962400
2013-04-08,37.827430725097656,37.845629437252846,37.41569484185368,37.679570961529734,6125600
2013-04-09,37.477115631103516,37.961646370332524,37.308780144396614,37.950271741181474,6004400
2013-04-10,37.98666763305664,38.057185471478064,37.527159708084035,37.527159708084035,8996400
2013-04-11,38.129981994628906,38.193675758643415,37.811513174556346,37.98894629874675,6590000
2013-04-12,37.70459747314453,37.95027490488013,37.55673769500309,37.74099490104235,7076800
2013-04-15,36.690032958984375,37.50668401787334,36.690032958984375,37.44753734252123,10774000
2013-04-16,37.468021392822266,37.488493644512594,36.96529189577778,36.99941231526166,10092000
2013-04-17,36.903865814208984,37.31332813829607,36.83789852332376,37.24736084741085,9543600
2013-04-18,36.71732711791992,37.167733840989726,36.685480248027076,36.98575023972411,21010800
2013-04-19,37.29740524291992,37.33152565589908,36.79467584171585,36.869744221319124,7620400
2013-04-22,37.199588775634766,37.38612296191037,36.96301247243443,37.208689866747804,5403600
2013-04-23,37.684120178222656,37.68866725281401,37.1995894634472,37.36792494165845,6324000
2013-04-24,38.002601623535156,38.118618014235516,37.67048457306268,37.68413274348614,7447200
2013-04-25,38.3892936706543,38.7805572054062,38.089023673663625,38.19593891112772,9322800
2013-04-26,38.041259765625,38.58038661286024,38.02078751689499,38.389301878232295,6127200
2013-04-29,38.19367599487305,38.33016461634823,38.02534396224347,38.15500502870004,10694400
2013-04-30,38.3210563659668,38.64862271876334,38.225512274804494,38.35062623128002,12161600
2013-05-01,37.766014099121094,38.27556415692297,37.215516071074745,37.986668712026166,12252400
2013-05-02,39.89976501464844,40.86882655697015,38.67138134846987,38.67138134846987,30677200
2013-05-03,40.84152603149414,41.13724904845322,40.13406710515226,40.25463401471567,15026400
2013-05-06,40.693660736083984,41.12132176322009,40.520778189670054,40.796025447395515,13084000
2013-05-07,40.89838790893555,40.914313081688675,40.313769541173826,40.83014708584783,11876400
2013-05-08,40.77783203125,40.832428170861334,40.42296580140043,40.82333054978426,14449200
2013-05-09,40.62312316894531,40.918846002129754,40.54350428157152,40.77098285001379,11501200
2013-05-10,40.66181564331055,40.72323586121104,40.38884191082406,40.64589046898291,13837600
2013-05-13,40.702762603759766,41.04625766627262,40.52078241845839,40.623147140452794,12480000
2013-05-14,41.01894760131836,41.28509717782828,40.636781703809085,40.7141236037764,16074800
2013-05-15,41.42232894897461,41.42916554306384,40.94830538678103,41.02123369361684,13624400
2013-05-16,40.97565460205078,41.41777289246769,40.97109571359132,41.41777289246769,9913600
2013-05-17,42.06270217895508,42.06497988360796,41.13972409243043,41.221766666286214,13248800
2013-05-20,41.388153076171875,42.13792866831116,41.20355804928054,41.91231406985005,21192000
2013-05-21,41.37447738647461,41.634278422964584,41.110117460947706,41.372196203249416,13422800
2013-05-22,41.053138732910156,42.02853222829427,41.0440244333123,41.49525702778683,19563200
2013-05-23,40.588226318359375,40.9095566185221,40.362608319280774,40.652036837357116,16906000
2013-05-24,41.123779296875,41.27191359166294,40.31474884814856,40.53808914292191,12306400
2013-05-28,41.02806854248047,41.60008558056288,40.94602593948659,41.577298093705814,9937200
2013-05-29,40.597354888916016,41.066819648335965,40.58140399226511,40.84348275332733,7490400
2013-05-30,41.25597381591797,41.47475530029888,40.64293359586741,40.64293359586741,9628000
2013-05-31,40.597354888916016,41.34029389409952,40.58824058760317,41.15114345319489,12514400
2013-06-03,41.06453323364258,41.17619991875845,40.453770852797525,40.73636281735723,15232400
2013-06-04,41.06681442260742,41.42005353891715,40.72497078954896,40.88449712282692,13528400
2013-06-05,40.38768768310547,41.06453838220244,40.30564506874785,40.99161006836749,12176800
2013-06-06,40.87309265136719,40.88904354112359,40.20079759612722,40.26688929237973,14664800
2013-06-07,41.00755310058594,41.24912198788591,40.918673916062126,41.16935710136425,13899200
2013-06-10,41.5522346496582,41.736829660256205,40.93691678852707,41.14429928884794,13779200
2013-06-11,40.94375991821289,41.465639765761374,40.92096894743901,41.14658703941041,7856400
2013-06-12,40.82750701904297,41.167072811971316,40.72723584740692,41.167072811971316,9994800
2013-06-13,41.53398132324219,41.65020685038556,40.727232269576106,40.827503432403475,9760400
2013-06-14,41.233177185058594,41.58641629995226,41.046304474657326,41.48842279469337,7427200
2013-06-17,41.556800842285156,41.86901697792677,41.36308801982178,41.54996424642541,14779200
2013-06-18,41.93509292602539,42.21312600078943,41.41321322317922,41.41321322317922,7579200
2013-06-19,41.62060546875,42.19034489211935,41.597814500849836,41.98979550232103,12220800
2013-06-20,40.67026138305664,41.58639944084114,40.67026138305664,41.3698992573571,15534000
2013-06-21,40.907283782958984,41.36307524572176,40.747757466474596,41.02123164864968,17923200
2013-06-24,40.62696838378906,40.90272024002945,40.036715863846716,40.590504236338475,15527600
2013-06-25,41.12834167480469,41.33572761865908,40.67938681938927,40.97565195669372,12721600
2013-06-26,41.625152587890625,41.73682274449308,41.130619284215925,41.451953089559765,10392800
2013-06-27,41.992069244384766,42.160713349652106,41.590973980062216,41.80519653941412,11102400
2013-06-28,41.647945404052734,42.09690027839343,41.52716094318067,41.99206671065259,12656400
2013-07-01,42.210853576660156,42.72134133856335,41.84850014742033,41.91002949980291,11616000
2013-07-02,42.21540832519531,42.62561787716678,41.99206799522244,42.178944172047125,8749200
2013-07-03,42.625614166259766,42.71677454119398,41.916858334180155,41.97383226448426,4533200
2013-07-05,43.480224609375,43.49617897956447,42.73044919096584,43.042665226949055,8495600
2013-07-08,42.8671875,43.931460124332965,42.858069723598526,43.66482254190124,19588000
2013-07-09,42.66207504272461,43.193072449704395,42.52533970693425,43.06089252425165,23330400
2013-07-10,42.548133850097656,42.8010982599258,42.345306781130084,42.696268167154074,15523200
2013-07-11,43.291072845458984,43.31386033119253,42.7350067278518,43.14977513329491,14235200
2013-07-12,43.46427917480469,43.46655688051228,43.10648116615553,43.277402984383606,7782800
2013-07-15,43.35715103149414,43.717226605838825,43.25459867591649,43.642020617772026,14529200
2013-07-16,43.158897399902344,43.466554569910414,43.00392648469194,43.34349239738981,7515200
2013-07-17,43.2181510925293,43.28879822060744,42.87630745802477,42.94467688040833,11118000
2013-07-18,43.530364990234375,43.61924419166672,43.28879605697789,43.34805117620819,5938400
2013-07-19,43.281951904296875,43.753697683109905,43.16344516394475,43.546311756846805,9048400
2013-07-22,43.578224182128906,43.59873396438564,43.12926929097302,43.34805073395067,7930400
2013-07-23,42.976593017578125,43.63521178088284,42.96747523766701,43.466567626668784,11710800
2013-07-24,42.559539794921875,43.26601815169335,42.31113421249202,43.25234148294042,13993600
2013-07-25,44.35078811645508,44.66756304178757,43.52808439276237,43.52808439276237,21923200
2013-07-26,44.029449462890625,44.34850553599299,43.71723346015035,44.21176672217591,8709200
2013-07-29,43.7491340637207,44.09553647175564,43.58504889556795,43.95196108026895,5776400
2013-07-30,43.628360748291016,44.029455996306126,43.56226903675434,43.915508127020956,13911200
2013-07-31,40.33982467651367,44.416879426173494,38.967894791748414,44.15480070970052,90073600
2013-08-01,40.83208465576172,41.42233386493536,39.48977871080249,41.42233386493536,74287200
2013-08-02,41.93281173706055,41.953321516918116,41.212660440040686,41.39041882029826,21698400
2013-08-05,42.055870056152344,42.19260886421779,41.65933377210476,41.932807910823314,11479600
2013-08-06,41.679840087890625,42.00345153085774,41.21493443842842,41.980664049681266,19986800
2013-08-07,41.33800506591797,41.47702159607826,40.998439186696864,41.34256395405465,15556400
2013-08-08,41.19899368286133,41.60464784238636,41.00528090309808,41.570464870622594,9626800
2013-08-09,40.97793197631836,41.32889335918693,40.92095804198114,41.20355000816244,10028400
2013-08-12,40.96652603149414,41.016663359099326,40.65658776875851,40.88448344790494,13622400
2013-08-13,40.84575271606445,41.16708654569203,40.72040936293883,41.13518128102488,11407200
2013-08-14,40.72018051147461,41.43709297335697,40.72018051147461,40.985024557215795,15338800
2013-08-15,39.71101379394531,40.52382195844193,39.60142305192263,40.51468736437436,17288400
2013-08-16,39.52837371826172,39.89367744535951,39.352569318168875,39.66307940230726,12612400
2013-08-19,39.950748443603516,40.386833011522405,39.31831538280345,39.34571219877253,11982000
2013-08-20,39.548912048339844,40.01696071374482,39.47584922977869,39.866271263332635,14135200
2013-08-21,40.729305267333984,41.43936841366501,39.389090995997634,39.558042665114876,30930800
2013-08-22,40.8503303527832,41.42340270823394,40.41653100595798,41.01471828046671,10586400
2013-08-23,40.89141845703125,41.23160724594454,40.553508091310945,41.188226625762375,9807200
2013-08-26,39.95532989501953,40.9736215497999,39.94848068860093,40.9736215497999,13789200
2013-08-27,39.765804290771484,39.9735727234049,39.400500716864876,39.49410764560876,12762400
2013-08-28,40.00326156616211,40.135681825657294,39.58315733486124,39.58315733486124,15672000
2013-08-29,40.0398063659668,40.475891094931086,39.907382566833896,39.98044541483619,9404800
2013-08-30,39.822898864746094,40.06948070251318,39.683625886483966,40.04893308698951,9886400
2013-09-03,40.416526794433594,40.73160071980498,40.012406224003186,40.190492546465116,12550400
2013-09-04,40.227020263671875,40.612875088089126,40.0124025399964,40.38912276809723,9753200
2013-09-05,40.23158264160156,40.34345530408801,40.007830348974046,40.21331693503029,7406800
2013-09-06,40.33660888671875,40.615154834479284,39.966737883618954,40.256700334253786,6697200
2013-09-09,40.765838623046875,40.788668141782445,40.47587621287142,40.47587621287142,10801600
2013-09-10,42.144874572753906,42.15857298345747,41.40056522596259,41.64714707010991,19507200
2013-09-11,42.53757858276367,42.58780841120334,41.76130511677784,42.23848500312694,11006000
2013-09-12,42.25218200683594,42.88005135759614,42.25218200683594,42.56497398675345,14212000
2013-09-13,43.1517448425293,43.22024037237815,42.28414292670768,42.350356549631606,16403600
2013-09-16,43.23851013183594,43.62664685892149,43.124352065997385,43.5992500379451,11380800
2013-09-17,43.74537658691406,43.81386864618783,43.05129352643026,43.22481603346523,10400800
2013-09-18,44.213417053222656,44.29332909202284,43.418877898590075,43.47595693092516,10474800
2013-09-19,44.45542907714844,45.206587508419524,44.295605021117524,44.41433036782337,14966400
2013-09-20,45.39608383178711,45.39608383178711,44.263634611270255,44.59012839731888,57707200
2013-09-23,44.804744720458984,45.85956379934738,44.749947612062556,45.19744862106688,19551600
2013-09-24,44.142642974853516,44.932618375462866,43.97825507049351,44.80476189070018,15296400
2013-09-25,43.73623275756836,44.293324614252775,43.535313469235675,44.126654832155324,10594800
2013-09-26,44.192874908447266,44.40749265400766,43.75907560253061,43.93944383415353,9326400
2013-09-27,44.07643508911133,44.22712458981928,43.79332179843226,43.834420518547205,7258400
2013-09-30,43.631221771240234,43.827573818101634,43.43715163191586,43.5627262230182,9561600
2013-10-01,44.115238189697266,44.20428133150185,43.39604385080079,43.67458629442933,9384800
2013-10-02,43.79558563232422,44.06499689446824,43.60836480229758,43.813847850243825,8712400
2013-10-03,43.07182312011719,43.86179821683455,42.864058154215954,43.834401404589684,19646000
2013-10-04,43.48964309692383,43.642614442454004,42.92570213752252,43.06954237333409,9365600
2013-10-07,42.542137145996094,42.912008094173956,42.53985523929109,42.912008094173956,11785200
2013-10-08,41.6745491027832,43.01020005464304,41.669981804034975,42.52160360342811,16039600
2013-10-09,41.975921630859375,42.16998824984606,41.12201805583504,41.873176585941415,13448000
2013-10-10,43.15857696533203,43.17912457100591,42.36403819150821,42.453081299921,10865600
2013-10-11,43.88234329223633,43.88234329223633,42.80925857407805,43.10607013029027,11915200
2013-10-14,44.16546630859375,44.245374852152466,43.38462567584118,43.464534219399894,8922400
2013-10-15,43.69283676147461,44.38920133723189,43.69283676147461,44.07184220058527,10567600
2013-10-16,44.66547775268555,44.706572976603624,43.80015782158857,43.93258157170302,10382800
2013-10-17,45.270511627197266,45.37782046246875,44.62894400599554,44.67460652478988,12605200
2013-10-18,45.76596450805664,45.889257160973585,44.96685810637604,45.370978604983335,14387200
2013-10-21,45.67235565185547,46.04679395372899,45.49426935485633,45.90295716543125,11526000
2013-10-22,45.65865707397461,46.27510990622953,45.55134821799448,45.67464087474199,12202800
2013-10-23,45.40979766845703,45.46002749876323,45.01937552995481,45.36184974540916,7476400
2013-10-24,46.3276252746582,46.43493413099051,45.57418137328384,45.6335423109842,8885600
2013-10-25,46.36186218261719,46.553646851776115,46.01025695582581,46.51711892705075,11014400
2013-10-28,46.366432189941406,46.690640621183285,46.22259193775075,46.47830832873714,6854400
2013-10-29,46.631290435791016,46.861888486712026,46.45776793695774,46.45776793695774,8599600
2013-10-30,46.53538513183594,46.78196343264842,46.0376542654823,46.772832322325584,11946400
2013-10-31,44.90293502807617,45.41207904698523,44.35269229220061,44.989696276472706,24035200
2013-11-01,45.471431732177734,45.88468328323031,45.325309579034936,45.423483822068675,13233600
2013-11-04,44.84585189819336,45.66322402632386,44.79334016603479,45.590161195644534,11089200
2013-11-05,45.06275177001953,45.19974283640309,44.521643677076796,44.60840491804155,11058000
2013-11-06,45.43947219848633,45.706601623311826,45.06731583246315,45.37554396778419,8878800
2013-11-07,44.77279281616211,45.74541823949775,44.77279281616211,45.65637509147285,10832400
2013-11-08,45.27280044555664,45.311617250476175,44.69744635002074,44.69744635002074,11462400
2013-11-11,45.49654769897461,45.594721944292246,45.256815110506096,45.3527074491281,8385200
2013-11-12,45.26823806762695,45.47600308902513,44.944029595431246,45.39152723948771,9016400
2013-11-13,45.70520782470703,45.70520782470703,44.95481726114434,44.98913251919392,8181600
2013-11-14,45.78984451293945,45.80814714354877,45.4741337348208,45.73951315148129,10909600
2013-11-15,46.213096618652344,46.336635043927,45.69606025973139,45.7006333004251,12391600
2013-11-18,45.7326545715332,46.375522752837384,45.588527014060475,46.21308907209614,16380800
2013-11-19,45.15843200683594,45.847051656758424,45.02803052747663,45.83561556396279,14462800
2013-11-20,45.325435638427734,45.801293661064555,45.22248637425591,45.24765206024196,10197200
2013-11-21,46.123863220214844,46.213086366138434,45.17214733644993,45.59081086451291,12776400
2013-11-22,46.240535736083984,46.290867096432606,45.718922993261685,46.14444954565564,8150800
2013-11-25,46.19707107543945,46.36179126943575,46.05523004372544,46.33205254751284,6742000
2013-11-26,46.56081771850586,46.57912034524862,46.12613818782078,46.364068844607566,11246000
2013-11-27,46.668357849121094,46.86053025283204,46.44872975140131,46.556255534854614,5939600
2013-11-29,46.547119140625,46.915451430773324,46.547119140625,46.787332967828156,4139200
2013-12-02,46.92915344238281,47.24029113948073,46.693512777397196,46.693512777397196,8762000
2013-12-03,46.15589904785156,46.350361481080434,45.73952197561864,45.73952197561864,17032800
2013-12-04,46.382389068603516,46.51736706481363,46.00261727406314,46.16276095523365,11739200
2013-12-05,46.146732330322266,46.42812780757641,46.10326402674861,46.25654460349255,13260000
2013-12-06,46.183345794677734,46.63403807085704,45.984310344593005,46.60200933761501,9106800
2013-12-09,46.119285583496094,46.37322891439855,46.06666770148781,46.162753895495506,12667200
2013-12-10,45.6251220703125,46.14216175954507,45.6251220703125,45.96371548352293,15647200
2013-12-11,47.050418853759766,47.56516863755773,45.98431401928487,45.98431401928487,40328000
2013-12-12,46.542518615722656,47.0481151906548,46.327467098799005,46.89254808786625,11469200
2013-12-13,47.43933868408203,47.58575625600415,46.65234292592426,46.78732091595694,17674400
2013-12-16,47.5285530090332,48.17370760636169,47.423313762416846,47.594896986276176,14779600
2013-12-17,48.78683090209961,48.91494581978637,47.549143052894124,47.72758932979635,20647200
2013-12-18,49.26726531982422,49.29700403871939,48.043303570606135,48.75251563871058,16142000
2013-12-19,49.43427658081055,49.84378705116711,49.081957033877174,49.17118018053978,13394800
2013-12-20,49.409122467041016,49.91929578453968,49.39310635167146,49.58070575009342,23263600
2013-12-23,49.88039016723633,50.06341298327117,49.541800226637285,49.64246294999994,7994800
2013-12-24,50.0405387878418,50.23728772370092,49.64933092698076,49.98105785034772,5207600
2013-12-26,50.37684631347656,50.38828589607656,50.10002726525733,50.10002726525733,4898800
2013-12-27,50.25557327270508,50.65135752987042,50.1366079472869,50.559847889314284,5242000
2013-12-30,50.53927230834961,50.70170248756267,50.26244981143543,50.466061783560086,5940000
2013-12-31,50.94419479370117,50.953347852677965,50.56671314633421,50.678815428150244,6448400
2014-01-02,50.56214141845703,50.7954955723571,50.2166884629647,50.68339327989531,10654000
2014-01-03,50.596466064453125,50.90074075877548,50.38370103405889,50.731444040551565,7809600
2014-01-06,50.29219436645508,50.859561996526004,50.237286470304944,50.60104211876553,8577600
2014-01-07,50.676536560058594,50.813804547937714,50.43632281757505,50.50266680083233,8178000
2014-01-08,50.83898162841797,51.017427958149916,50.47751243743332,50.65595876716526,8487200
2014-01-09,50.7680549621582,51.36516483666099,50.71086054310955,51.14325021148258,8386400
2014-01-10,50.58960723876953,50.95793942677373,50.33337387480778,50.75203742943642,6429600
2014-01-13,50.079429626464844,51.289665432931294,50.013085639393275,50.79321831725598,13554400
2014-01-14,50.93734359741211,50.93734359741211,49.94902594096882,50.04282561752652,10851600
2014-01-15,51.191287994384766,51.45209438740214,50.74974878577546,50.98310297664471,11288000
2014-01-16,50.736019134521484,51.191284412348324,50.626203351873066,51.06088297039932,13514000
2014-01-17,53.11758804321289,53.135890672374394,50.79778303275318,50.80007304319185,38344400
2014-01-21,53.06040954589844,53.87714759913378,52.806469653673346,53.62320421603807,19752400
2014-01-22,53.30290985107422,53.49279573344625,53.00320817519801,53.16792837458411,7254400
2014-01-23,52.2184944152832,53.15190757116173,52.08351645044123,52.998626976886506,13662400
2014-01-24,50.617061614990234,51.92338370157927,50.617061614990234,51.795265268663336,16043200
2014-01-27,49.4662971496582,50.80464761959664,49.2146403719515,50.80464761959664,19470800
2014-01-28,50.55070495605469,50.87099223090576,49.73625368839007,49.78658504456231,17852400
2014-01-29,49.67219924926758,50.50037666601296,49.53035823191729,50.12518148232053,16800000
2014-01-30,50.532413482666016,51.70375405026613,49.486897842403536,51.646559632068936,20040400
2014-01-31,49.28557205200195,50.07943085067388,49.21236501243927,49.445719214606385,24457200
2014-02-03,48.83718490600586,49.83694252232675,48.51689746327896,49.53266770630054,21662400
2014-02-04,49.08195877075195,49.38852349527324,48.35902400156434,48.99502563174156,14913600
2014-02-05,49.32674789428711,49.58526774872808,48.75709030480145,48.78454599583497,13520800
2014-02-06,50.1046028137207,50.1046028137207,49.36565182026133,49.43428582842646,12721600
2014-02-07,50.73830795288086,50.78863931615746,49.97876795493666,50.37455231991177,12537200
2014-02-10,50.45691680908203,50.81838595369599,50.32880186990145,50.76347805510276,10316800
2014-02-11,50.8641471862793,50.99226214156956,50.34253430209996,50.58961464053292,9809600
2014-02-12,51.37752914428711,51.544836888736384,51.08416618258331,51.21022139983784,14650800
2014-02-13,51.35001754760742,51.51044983988998,50.98560630574525,51.074990261242796,13158800
2014-02-14,51.79693603515625,51.851942889923976,51.22625171986153,51.40043834471185,12682000
2014-02-18,51.8106803894043,52.365319657865186,51.70983625020028,51.90693975032781,13427200
2014-02-19,51.31106948852539,52.20719992575275,51.26522868081724,51.76715544962295,9322000
2014-02-20,51.21480178833008,51.560877448607364,51.01540409916557,51.37523409782412,8810000
2014-02-21,51.1918830871582,51.49212145428187,51.10478976033008,51.276682275598944,9136000
2014-02-24,51.840484619140625,52.124677969771376,51.21708756390415,51.276675702580526,10817200
2014-02-25,52.05132293701172,52.35385181327135,51.680036385232874,51.84046863000394,11339600
2014-02-26,51.822147369384766,52.232395901576126,51.62733448431839,52.0788390321118,10413600
2014-02-27,51.861106872558594,52.20947661113955,51.705259369370104,51.840480614282725,8097600
2014-02-28,51.78319549560547,52.253035752526294,50.58223848968117,51.90466593069533,14004000
2014-03-03,50.7518196105957,51.34771134147517,50.327816833279215,51.16436219176509,16422800
2014-03-04,51.682342529296875,51.79006210392023,51.013108180949416,51.60212463426699,14884800
2014-03-05,51.065826416015625,51.75110581626649,50.94894076795418,51.709849795257576,11328400
2014-03-06,51.30648422241211,51.81299576662413,51.18272313539503,51.28356381877511,9120400
2014-03-07,51.69609832763672,51.73506020985182,51.23313352615742,51.55629228102395,8971200
2014-03-10,51.682342529296875,51.88173670067293,51.503574617615925,51.684633170209096,7350400
2014-03-11,52.06737518310547,52.34469658277165,51.48294356320342,51.785472502041515,11062800
2014-03-12,51.819862365722656,52.18197950196461,51.634215521060334,51.82444364794,9394800
2014-03-13,50.60056686401367,52.138433270664166,50.52034896682336,51.948205154975476,11996400
2014-03-14,50.598270416259766,50.86183748164584,50.09175904620971,50.56388982262589,13692000
2014-03-17,51.288143157958984,51.311063559164445,50.73808850065014,50.87789455481412,8800000
2014-03-18,51.890899658203125,51.97340818365028,51.16665854562938,51.47606639034651,8304800
2014-03-19,51.297298431396484,52.04674708126061,50.88017102632704,51.9367368798683,7888800
2014-03-20,50.83893966674805,51.36607399539356,50.630375877428186,51.36607399539356,11890000
2014-03-21,51.19416046142578,53.32562779782277,50.35303372434744,51.10248587590471,38092400
2014-03-24,50.59367752075195,51.849637369695145,50.21551553157895,51.65711866601292,18228400
2014-03-25,50.055076599121094,51.11851767677428,50.055076599121094,50.923708345133434,11675200
2014-03-26,49.431705474853516,50.465354779349816,49.431705474853516,50.410347911521015,10657200
2014-03-27,49.45232391357422,49.543998508470274,48.828926876228486,49.250635608208945,10489600
2014-03-28,48.608909606933594,49.582967173988024,48.249083100687194,49.15667360475537,14950000
2014-03-31,49.47294616699219,49.47294616699219,48.51263965055963,48.76933129321338,11639200
2014-04-01,49.20708465576172,50.000083471312756,49.172707559967286,49.752557890108875,9090400
2014-04-02,49.19792556762695,49.619634322550574,48.90226851325287,49.225427248159676,9344800
2014-04-03,49.27814483642578,49.569217140412185,48.90456748269051,49.45691277187264,14210400
2014-04-04,47.60276412963867,49.43857833836091,47.15584431189876,49.40649187701451,24449200
2014-04-07,46.61954116821289,47.54317663656166,46.07177717956067,47.39191038936179,40124000
2014-04-08,46.43158721923828,47.19479010809642,46.29636599944957,46.48430342125284,21745600
2014-04-09,47.56608963012695,47.62109648745023,46.43847528371293,46.88768920894864,19142800
2014-04-10,46.193241119384766,47.91675074636,45.872373049428525,47.731103925141404,20403600
2014-04-11,45.06562042236328,45.837989425084416,44.65536845859858,45.661512186592745,29939600
2014-04-14,46.069480895996094,46.28492005673436,45.381910892190696,45.792162952871905,20925600
2014-04-15,46.766212463378906,46.9701913897503,45.64776432930048,46.71808103258957,19214000
2014-04-16,47.98322677612305,48.02906408455856,47.093968304391595,47.44233814339399,15832800
2014-04-17,47.66005325317383,48.48284440082242,47.66005325317383,48.20781713803721,13364000
2014-04-21,47.93049621582031,48.0152953797383,47.76089439082317,47.89611562441163,10012400
2014-04-22,48.12303161621094,48.26283767653953,47.792997408408205,47.97864077600665,9840000
2014-04-23,47.85946273803711,48.19866299610737,47.671525238746476,48.19866299610737,8819600
2014-04-24,47.99237823486328,48.24448860028515,47.57754494943753,48.084056320999146,13547200
2014-04-25,45.5927619934082,46.70891959735085,45.50796281813177,45.837996955759095,38239200
2014-04-28,46.163455963134766,46.2803416208241,45.61110714505235,45.72341152004495,24263200
2014-04-29,46.44992446899414,46.76620770357556,46.248236203793134,46.27115659653359,12760000
2014-04-30,46.43618392944336,46.672249338941654,46.27345749808777,46.35596603422437,12145600
2014-05-01,47.233768463134766,47.51338055594569,46.60808071316502,46.777682580051625,14273200
2014-05-02,46.851016998291016,47.4652479855858,46.754757622844565,47.15354946154704,10908800
2014-05-05,47.47211456298828,47.644007022230895,46.525558968334096,46.69745142757671,13792800
2014-05-06,47.066444396972656,47.44690052196891,47.02977316867308,47.37355806536976,10873200
2014-05-07,47.831947326660156,47.90070501894261,46.855599287166065,47.44461570739176,14732000
2014-05-08,48.3361701965332,48.611200997650485,47.81132662881948,47.884665611198685,14613600
2014-05-09,48.315555572509766,48.32930641644517,47.70590917884666,48.17116471686251,11795600
2014-05-12,48.51952362060547,48.69829154569614,48.365966736087174,48.37742693583134,8732800
2014-05-13,48.60202407836914,48.74641487737159,48.450757860096225,48.58598259912519,7137600
2014-05-14,48.18870544433594,48.65254510219744,48.18870544433594,48.49639956725264,6838000
2014-05-15,47.63531494140625,48.149671985065176,47.398803411096075,47.99123147366364,12685200
2014-05-16,48.177223205566406,48.24151739480639,47.667459631041915,47.667459631041915,12279600
2014-05-19,48.303524017333984,48.44588924335986,47.956794336237934,48.07849432050607,7039600
2014-05-20,47.74324417114258,48.29434182467416,47.623839153978395,48.29434182467416,8740000
2014-05-21,48.24381637573242,48.37469972528675,47.89708324035839,47.95678749083104,9096400
2014-05-22,48.07619857788086,48.285156488691726,47.92235148532587,48.250714417138845,16870000
2014-05-23,48.6961784362793,48.74210236112466,48.15426771405392,48.21856190959161,11117600
2014-05-27,49.2541618347168,49.25875527841459,48.86839665460459,48.907432166608494,9676800
2014-05-28,49.093414306640625,49.254149758946106,48.91201011464795,49.254149758946106,7223200
2014-05-29,49.29319763183594,49.2977910755603,49.02453898618151,49.13935055289388,5260400
2014-05-30,49.32993698120117,49.58711376321117,48.985502289393125,49.57104196622098,6136400
2014-06-02,49.02913284301758,49.52741462629518,48.8729872890122,49.45393354117007,6364000
2014-06-03,48.52396011352539,48.96253761630683,48.4045551083143,48.91661369238589,9011600
2014-06-04,48.54922103881836,48.54922103881836,48.094568181786784,48.487225310885336,12589600
2014-06-05,48.730621337890625,48.79491553452856,48.36322292529874,48.70765762318953,6597600
2014-06-06,48.90972900390625,49.001576858743185,48.59055297825695,48.80180584739876,10002400
2014-06-09,48.81328582763672,49.13705528470568,48.5951445529613,49.0222437186901,5516400
2014-06-10,49.19674301147461,49.31844295892601,48.85230840462648,48.909714172434505,6835600
2014-06-11,48.836238861083984,49.11867779468716,48.7076504866486,48.90742496471896,6758000
2014-06-12,48.627288818359375,48.94875978296633,48.503290372174746,48.769654030718065,6218000
2014-06-13,48.51707077026367,48.696180039467755,48.41603953378605,48.65025260933948,7085200
2014-06-16,48.27595520019531,48.44817250163238,48.21395599062238,48.42291382393748,7899200
2014-06-17,48.406856536865234,48.66173837797045,48.19789862580835,48.25300944412911,5722400
2014-06-18,48.50788116455078,48.50788116455078,47.998117588697404,48.32418197891317,10326000
2014-06-19,48.294334411621094,48.71684009516866,47.76620055530133,48.55839958789567,15331200
2014-06-20,48.1037483215332,48.707654740192375,48.014195445533055,48.5698829714533,18358800
2014-06-23,48.09913635253906,48.177207341798926,47.802920681862844,47.99121324818656,14765200
2014-06-24,47.713382720947266,48.35632810592725,47.61923991219403,48.05322743389569,13089600
2014-06-25,48.005008697509766,48.333371579640364,47.60316823925999,47.60316823925999,8244800
2014-06-26,47.98204040527344,48.188699776053156,47.660565990563704,48.18181136394517,8580400
2014-06-27,48.05552673339844,48.19789194795485,47.72946232032908,47.7845731310142,12961200
2014-06-30,48.38388442993164,48.62039594012367,47.876415842650324,47.91315637916589,9961600
2014-07-01,49.19674301147461,49.44932979133791,48.64105559954536,48.66860924688681,10993600
2014-07-02,49.332237243652344,49.48149439504451,49.19676042457844,49.341424131864514,5768800
2014-07-03,49.71570587158203,49.82822247400998,49.39193989993955,49.44015879828643,5571600
2014-07-07,49.76852035522461,49.954514537013196,49.515933501085144,49.69733423904273,6612400
2014-07-08,49.42867660522461,49.80296345031192,48.944171632320405,49.77540979430048,12149200
2014-07-09,49.63533401489258,49.66288766783879,49.25645376802856,49.48378191614697,5177200
2014-07-10,49.492977142333984,49.802969827239615,48.83625472772724,49.09343506392497,8536800
2014-07-11,49.82822799682617,49.83741138198639,49.22431793722457,49.58712296705497,5696800
2014-07-14,50.75358581542969,51.058984912565435,49.97745873393027,50.23004550713124,13716400
2014-07-15,50.92581558227539,51.607796533114765,50.72374611424276,50.90055689877131,10900800
2014-07-16,51.130184173583984,51.242700773564096,50.76508422181595,51.192183402452294,8853200
2014-07-17,50.0302734375,50.976319323559714,50.01879158374523,50.96254250056192,9806000
2014-07-18,50.563011169433594,50.95107480933128,50.26909385121646,50.328794602058096,11068000
2014-07-21,50.337974548339844,50.54693240312993,50.174940611232,50.40915714631287,6168400
2014-07-22,50.80640411376953,51.111803246817644,50.65715050536248,50.728333103334165,7699200
2014-07-23,50.792633056640625,51.100327194193646,50.673228054093656,50.85922572304538,8189200
2014-07-24,51.14624786376953,51.40112963150712,50.9372900128611,51.29550146940684,11947600
2014-07-25,49.316165924072266,49.75933693090582,48.52855668136088,49.16231883085056,27530400
2014-07-28,49.18986892700195,49.35979131056361,48.93728207356856,49.23579285387047,10401600
2014-07-29,49.0245361328125,49.53200476980425,48.98550062285479,49.23119553935821,10577200
2014-07-30,49.15312194824219,49.320745836061775,49.01305171218183,49.02223859861528,10422800
2014-07-31,48.45276641845703,48.99238207543911,48.45276641845703,48.971716838474755,13874000
2014-08-01,48.636478424072266,48.92350735911237,48.17034371386883,48.19100895628663,14100000
2014-08-04,48.71683883666992,48.948756911548024,48.5698801895032,48.875279339849925,8079600
2014-08-05,48.344852447509766,48.769656641266465,48.03026987932176,48.565292194876214,11151200
2014-08-06,48.379295349121094,48.5377358613314,48.17722588383598,48.21626139348956,7528400
2014-08-07,48.00041198730469,48.553804507337055,47.89938076498805,48.49180528837077,9568000
2014-08-08,48.326480865478516,48.347146104299625,47.80982887232735,47.9636759342799,9256800
2014-08-11,48.35403060913086,48.500989246265426,48.227737209147186,48.459655268193366,9018400
2014-08-12,48.289730072021484,48.496389423885596,48.09454907010662,48.241507687909284,6442000
2014-08-13,48.64174270629883,48.795886498053086,48.41858700832509,48.53131452918168,6451200
2014-08-14,48.89250564575195,48.90860807086668,48.614130627401664,48.79357770981166,7136800
2014-08-15,48.35646057128906,49.07655170762109,48.29664254077593,48.97762377816742,8999600
2014-08-18,49.306617736816406,49.331921047290535,48.604931802559946,48.65554544440456,8352400
2014-08-19,49.46303939819336,49.62178180723581,49.262887757459964,49.40552423610244,8212400
2014-08-20,49.73912811279297,49.79434395063185,49.331919646045385,49.36643086111272,7296800
2014-08-21,49.63560104370117,49.916275406916235,49.62640015936785,49.80814658614741,5544000
2014-08-22,49.71381759643555,49.911669945921396,49.53207118153995,49.7391244147575,7145600
2014-08-25,49.69771194458008,49.99679154792944,49.65860204797673,49.96918187763186,4962400
2014-08-26,49.86105728149414,50.15323536955411,49.73452318741715,49.80584495713174,6944000
2014-08-27,49.95307540893555,50.04509827461448,49.52976109964944,49.95077255550282,8035600
2014-08-28,49.371036529541016,49.63330563443022,49.180085692844294,49.46305942196068,11083600
2014-08-29,48.89250564575195,49.46305525365941,48.7958805637195,49.361827974259306,14646000
2014-09-02,49.400936126708984,49.45615196182175,48.93621601202283,49.09725780970852,8066400
2014-09-03,49.44004440307617,49.72992313983787,49.30430942880244,49.47915781235973,7788400
2014-09-04,49.29280090332031,49.72071391609316,49.232986389225324,49.56427433594591,9492400
2014-09-05,49.281307220458984,49.31811426685561,49.02593968682783,49.315814923470796,8202800
2014-09-08,49.64020919799805,49.74373583379954,49.11797031059913,49.23530002978103,10266400
2014-09-09,49.29741668701172,49.57118953817263,49.23299995855603,49.52977677819488,7328800
2014-09-10,49.89554977416992,50.3027545553535,49.24217492729126,49.24907997569372,12646800
2014-09-11,49.451560974121094,49.86567105521609,49.336530591064076,49.85416731482065,8861200
2014-09-12,49.24219512939453,49.635600506511395,48.94541834419606,49.43544880278331,8710800
2014-09-15,49.38023376464844,49.60339294824199,49.19848733689653,49.19848733689653,7036800
2014-09-16,49.9921875,50.10261564575855,49.15246389436487,49.442342603846306,9211600
2014-09-17,49.58498001098633,50.035900505947325,49.16396852893351,49.923169504595194,12321200
2014-09-18,49.794334411621094,49.84954672843497,49.49755416695686,49.67700121749678,9215200
2014-09-19,49.7506217956543,50.18773568124064,49.57577694350924,50.0819097348322,20475200
2014-09-22,49.20539093017578,49.91857709958097,49.17548191140086,49.91857709958097,9074000
2014-09-23,48.87869644165039,49.20998089121649,48.87869644165039,49.20998089121649,7959600
2014-09-24,49.327327728271484,49.46306273233163,48.83039565087157,48.952327571189805,8336000
2014-09-25,48.476097106933594,49.29511272960017,48.409377530560725,49.24219623511187,11729600
2014-09-26,48.759056091308594,48.82347279428098,48.44157126205397,48.64632510588341,7178800
2014-09-29,48.52668380737305,48.64861916285945,48.11027465614815,48.36104339428464,8788800
2014-09-30,49.08805465698242,49.23759623111086,48.547414071758666,48.58192177554708,11456000
2014-10-01,48.31504440307617,49.18927573005965,48.25522988723928,48.96841943277917,11686000
2014-10-02,48.24833679199219,48.31275351584413,47.806620609672535,48.082692784816295,11411600
2014-10-03,48.77056884765625,48.84188710267884,48.35415603366557,48.549709032006206,9960800
2014-10-06,48.72456741333008,49.037450191185016,48.69466190126839,48.908616725676865,8937200
2014-10-07,47.864131927490234,48.56351494874377,47.818120487089644,48.49909823009336,8949600
2014-10-08,48.85569763183594,48.89710687895705,47.783613768467525,47.85953423197111,14038800
2014-10-09,47.78591537475586,48.8211886511302,47.756006356761645,48.8211886511302,10996800
2014-10-10,47.1578369140625,48.21381809672185,47.1578369140625,47.82731433126122,11744400
2014-10-13,46.996795654296875,47.79510649855009,46.867962234552394,47.0474092849747,12188800
2014-10-14,46.63791275024414,47.369504206767644,46.57349602490678,47.02671595631848,14018000
2014-10-15,46.069644927978516,46.465349524799905,45.31044408475391,46.20998206418199,19668000
2014-10-16,46.702327728271484,46.750642025691,44.90555400640722,45.34266798490638,15625600
2014-10-17,47.392494201660156,47.523630458009386,46.833448503616275,47.125623003454216,12731600
2014-10-20,47.8181266784668,47.8986458319813,47.194660522403,47.284384071458106,7628000
2014-10-21,49.07425308227539,49.09035901816984,47.82962370752016,48.26213899733779,12986000
2014-10-22,48.52438735961914,49.22147078339201,48.48987966951023,49.06962992601958,11042000
2014-10-23,49.29741668701172,49.670113974569446,48.929318086880535,49.20309093804145,9729600
2014-10-24,49.11335372924805,49.26749396593494,48.7406565453319,49.14786493804053,10896000
2014-10-27,49.09725570678711,49.400934010780496,48.821183563943734,49.01673305616924,6658800
2014-10-28,49.85645294189453,49.89096064070845,49.24679001608454,49.37332409581472,10497600
2014-10-29,49.384822845458984,50.245247479845396,49.17546679926824,49.76442153587097,16095200
2014-10-30,54.4438591003418,55.048919818558794,52.45843779780305,52.575767482097355,50857600
2014-10-31,55.54356002807617,55.789726692725154,54.59110875196675,54.59110875196675,24956000
2014-11-03,55.568851470947266,55.95075301729578,54.98449892653399,55.44001806023865,12716000
2014-11-04,55.897850036621094,55.90705092026719,55.00751622744231,55.13404680742701,16644400
2014-11-05,57.40704345703125,58.05351343158137,56.13480812743783,56.171618680192736,21939600
2014-11-06,57.53586196899414,57.722210517152405,56.94920666188531,57.402426382677284,13212000
2014-11-07,58.0742301940918,58.0742301940918,57.294324435566764,57.542790452943976,9507600
2014-11-10,57.56349563598633,58.06732567574014,57.17699179195481,57.970700592344286,13145200
2014-11-11,57.45305633544922,57.487567545941374,57.09186287000845,57.32652225120655,8467600
2014-11-12,58.075416564941406,58.123823897892386,57.24329792320581,57.36085708156906,10897200
2014-11-13,57.83799743652344,58.17914198347117,57.5314270433445,58.17914198347117,12473200
2014-11-14,57.358551025390625,57.893321401712235,57.333195472768345,57.888710341996905,8532800
2014-11-17,57.57982635498047,57.95554500335952,57.20180041853296,57.29861155280773,9876800
2014-11-18,57.563697814941406,58.02470529341624,57.41156802012274,57.577527476542386,7647200
2014-11-19,57.593658447265625,57.8172473324899,56.97821394946116,57.67894369642274,6642800
2014-11-20,58.0108757019043,58.061586805974436,57.0519793013882,57.05659036099674,6704000
2014-11-21,58.598663330078125,59.138041258404954,58.27595948848294,58.81072635701325,11886800
2014-11-24,58.69085693359375,58.836075404859514,58.45574566808728,58.77844947400265,10724800
2014-11-25,59.29938507080078,59.46995556054309,58.73695547096339,58.86142592340258,12966400
2014-11-26,59.29938507080078,59.688936892845895,58.91674807849077,59.35009616699644,7977200
2014-11-28,59.513763427734375,59.815722775717845,59.44691537098819,59.60365623181304,5186800
2014-12-01,59.50455093383789,60.0808103986909,59.071202690761666,59.071202690761666,10925600
2014-12-02,59.93326950073242,59.98858813791607,59.52297319465276,59.73964723617497,8535200
2014-12-03,60.29975891113281,60.36429965460792,59.62899241586647,59.847973706807075,9382000
2014-12-04,60.193756103515625,60.449611904168684,59.94250081132036,60.410423169278154,7362400
2014-12-05,60.703163146972656,60.735430013639075,60.1614779349282,60.30900370944929,7838000
2014-12-08,60.64554214477539,61.22871639044877,60.51184602143524,60.737742244145025,12342000
2014-12-09,60.885257720947266,61.02125407551208,59.815717052998494,59.815717052998494,10454000
2014-12-10,60.327457427978516,61.04662818959297,60.161494403419944,60.802294713773136,8528000
2014-12-11,60.65013885498047,61.21717604752109,60.50953495957794,60.61095716109453,13383600
2014-12-12,59.18874740600586,60.956714107201456,59.18874740600586,60.053136392016,15325600
2014-12-15,59.17031478881836,59.665896438991474,58.338192602562266,59.50915557897306,12825200
2014-12-16,58.41196060180664,59.573701560349406,58.16762717086147,58.29901248946798,12050400
2014-12-17,59.71890640258789,59.82955073117538,58.4787986619063,58.57560981151437,9714400
2014-12-18,60.889862060546875,60.956710107381625,60.1937433752138,60.35509175469909,10318000
2014-12-19,60.3159065246582,60.98666610415922,60.24905848174445,60.70545130761464,15563600
2014-12-22,60.90138244628906,60.92443422386805,60.398886053375634,60.48878587560922,5680000
2014-12-23,61.143428802490234,61.41081400460751,60.86682148046094,61.08580286326883,5537600
2014-12-24,61.68973159790039,61.9709465083408,61.171098060692735,61.19645010154691,5236800
2014-12-26,61.4569091796875,62.07927212331682,61.4569091796875,61.68972022001976,4768800
2014-12-29,61.18260192871094,61.705849885547956,61.09500938786163,61.424635060175916,5262400
2014-12-30,60.979774475097656,61.17109655895562,60.640933624397086,61.10655577950872,4781600
2014-12-31,60.43809127807617,61.6021325022376,60.433476700651674,61.194143361928084,5904800
2015-01-02,61.08811569213867,61.48688980602648,60.504941348551014,60.71009311092862,8389600
2015-01-05,59.739654541015625,60.737732592458535,59.6704992016652,60.73542530415552,12751200
2015-01-06,59.3547248840332,60.11077702059682,58.74619502979399,59.882580523512516,11070000
2015-01-07,60.149967193603516,60.19376347673311,59.34320392351565,59.5714004260412,9346800
2015-01-08,60.95671844482422,61.11115201537465,60.537199938835016,60.668588762317796,10443200
2015-01-09,60.05313491821289,60.96132015331243,59.87794983700118,60.76308329282306,10523600
2015-01-12,59.93560028076172,60.39200037322476,59.73276282964087,60.1707186773722,6425600
2015-01-13,60.11077117919922,61.27020482851776,59.72582679891456,60.39659359499745,10284000
2015-01-14,58.90752410888672,59.608257315812615,58.575598223206796,59.15647204035394,12225200
2015-01-15,58.347408294677734,59.34779360435899,58.16991944386084,59.1726085245681,10569200
2015-01-16,58.76692581176758,58.801503481916875,57.97168863924338,58.063888725225844,11137200
2015-01-20,59.20258712768555,59.85952427557371,58.60788698218462,59.05967591655259,14933200
2015-01-21,59.303993225097656,59.84567834132536,58.663193203504726,59.04583019976739,9784000
2015-01-22,59.37775802612305,59.70046181825764,58.402724785273264,58.882172931592905,11566000
2015-01-23,59.53681945800781,60.08080496713014,59.51146038594985,59.58983082195476,6166800
2015-01-26,59.13113021850586,59.30631532992502,58.50185592844531,59.22563760574953,8552400
2015-01-27,57.8541374206543,58.499545106240326,57.29862253958166,58.499545106240326,11027600
2015-01-28,56.78689956665039,58.319747977849126,56.7730699054811,58.20910717128697,11430800
2015-01-29,57.164939880371094,57.349343615685,56.51261373305827,57.0566028177695,15668400
2015-01-30,58.7577018737793,60.76538722895674,58.7577018737793,60.02316499741941,22151600
2015-02-02,58.8568229675293,59.08041187229948,57.556782040238616,59.08041187229948,13665200
2015-02-03,59.8825569152832,60.034690198167816,58.71851255167193,59.17260159515502,15075600
2015-02-04,61.05815124511719,61.48227736719278,59.72353235464839,59.836476958765715,22170800
2015-02-05,62.65090560913086,62.65090560913086,61.29093512603927,61.60211654164527,16565600
2015-02-06,61.64130783081055,62.800741259778746,61.32321157204847,62.639385842187316,11242000
2015-02-09,61.189537048339844,61.853389120775695,61.148048052417046,61.63902227409013,7834400
2015-02-10,60.979774475097656,61.74504874169474,60.76771492880815,61.48688562390714,9396800
2015-02-11,61.423133850097656,61.494719331633746,61.021330560546396,61.18990668811332,8795600
2015-02-12,62.559268951416016,62.559268951416016,61.67021515480971,61.7995313018941,11641600
2015-02-13,62.263702392578125,62.984180247137715,62.0674166450621,62.984180247137715,8476000
2015-02-17,62.5500602722168,62.80869269126475,62.319137462751854,62.690926850536954,6810400
2015-02-18,62.14591979980469,62.580055630624805,61.92192448484758,62.55003455018695,6429200
2015-02-19,62.141326904296875,62.3653223022386,61.88731041479523,62.3653223022386,5654800
2015-02-20,63.04188919067383,63.04188919067383,61.67020796099081,62.1274373866187,9034800
2015-02-23,63.04423522949219,63.11582073297365,62.40688605299446,63.03268486128918,6654800
2015-02-24,62.91951370239258,63.228949301046875,62.61931698574051,63.228949301046875,9045200
2015-02-25,63.04423522949219,63.32596132445956,62.64012033368186,62.64012033368186,6842800
2015-02-26,63.215110778808594,63.38830286313409,62.81561183397101,63.0881060691848,13459600
2015-02-27,62.651668548583984,63.31672738519138,62.651668548583984,63.15046267603953,7965200
2015-03-02,64.26348114013672,64.26348114013672,63.37442732208436,63.89861932211756,11653600
2015-03-03,63.57302474975586,64.34661730469193,63.15736665463921,64.34661730469193,8807200
2015-03-04,63.215110778808594,63.53840126010874,62.86872661015759,63.53840126010874,8021200
2015-03-05,63.3028564453125,63.53609068477145,63.215104670181276,63.50375811616384,6756000
2015-03-06,62.19673156738281,63.38367786458342,62.17594936590536,63.13427735244809,11590800
2015-03-09,62.67706298828125,62.85948690740896,62.136697490681215,62.4692268520333,8902000
2015-03-10,61.24070358276367,62.31679717594606,61.24070358276367,62.26600094665911,11125600
2015-03-11,61.13680648803711,61.7441345317882,60.744234940053836,61.340019663595314,12105200
2015-03-12,62.25215148925781,62.3491421444741,61.49472515546491,61.517818839773845,9530800
2015-03-13,61.201446533203125,62.081261508669684,61.079057776823845,62.081261508669684,12578800
2015-03-16,62.12283706665039,62.360687222617265,61.57093534627038,61.63097751772716,9849600
2015-03-17,61.079071044921875,61.97042953082148,60.99594223258457,61.901155520540385,14290800
2015-03-18,61.81108856201172,61.882674042592335,59.81129692883162,60.98438126461925,50658000
2015-03-19,61.711814880371094,62.06282209244583,60.73270433554263,61.730292653220026,15407500
2015-03-20,62.266021728515625,62.533885951546644,61.68409181320361,62.11822776678432,15372000
2015-03-23,61.96119689941406,63.00496524174606,61.9519580157606,62.83870057200082,8128000
2015-03-24,61.97965621948242,62.524637499542635,61.73949461908968,61.97965621948242,6534800
2015-03-25,60.71419906616211,62.28447059904126,60.71419906616211,61.97965094531248,13054300
2015-03-26,60.584896087646484,61.24072297258146,60.05839244061143,60.27084449515716,9487200
2015-03-27,60.5386962890625,60.78808970598861,60.17845743839057,60.520218526504074,6521100
2015-03-30,60.64954376220703,61.25917605030453,60.501749845576235,60.98206598022269,11237100
2015-03-31,60.41861343383789,61.15756178220201,60.40013567298825,60.47403262198494,7400500
2015-04-01,60.20616912841797,60.520220630815096,59.53187171562144,60.45556255401558,7633000
2015-04-02,60.30779266357422,60.61261241739219,59.86441783554774,60.030682515157196,5083000
2015-04-06,60.22464370727539,60.631069957341914,59.49493409967746,59.79051490503431,8351200
2015-04-07,60.77887725830078,61.139116223876655,60.32626354487154,60.3909216400466,6660800
2015-04-08,61.42546081542969,61.739512420399464,60.778879836254184,60.86200865620355,6604200
2015-04-09,61.37001419067383,61.72101413013416,60.74190421408098,61.49009144825739,5408500
2015-04-10,61.27765655517578,61.60095403765086,60.89894691591499,61.60095403765086,4628500
2015-04-13,60.603370666503906,61.70256527677204,60.51100297046872,61.16682277368308,5059800
2015-04-14,60.52947998046875,60.90819673493036,59.929079323046615,60.52024109574416,5621800
2015-04-15,60.668033599853516,60.880485660171594,60.31703350802805,60.59413661824688,5347100
2015-04-16,60.640316009521484,60.97284533576581,60.36320588858351,60.52947055170567,4121300
2015-04-17,59.59653854370117,60.501758799020664,59.43951276944462,60.132280999967755,11212900
2015-04-20,59.78127670288086,60.23388327465664,59.65196053951635,60.03990902960988,5948900
2015-04-21,60.363189697265625,60.806564362398646,60.03066046021617,60.06760893624402,9619700
2015-04-22,62.82020950317383,64.63988139728998,60.769614922945486,60.79732451772677,20912400
2015-04-23,62.552364349365234,63.014209913613705,62.367621895343426,62.995732144609505,7193400
2015-04-24,62.33064651489258,62.977227133918355,62.17361375267186,62.93103978375928,6219900
2015-04-27,61.97965621948242,63.37443141206821,61.82263046227268,63.1712182922899,7122400
2015-04-28,61.674842834472656,62.34914034190247,61.342320569409104,62.17363680287221,6297500
2015-04-29,62.20136260986328,63.23589930057873,61.684097788107884,61.75799477613142,9812400
2015-04-30,61.00981140136719,62.34916092835346,60.427881389157925,62.053580002877624,11780600
2015-05-01,60.751163482666016,61.57325508482971,60.17847948319552,60.24313758143264,10142800
2015-05-04,60.57565689086914,61.09292159080753,60.474050318066524,61.00979278426157,7426400
2015-05-05,60.9266471862793,61.323834530837715,60.594117918872165,60.75114367092501,8099800
2015-05-06,60.65878677368164,61.5640070618381,60.25236752246311,61.10216155806918,7084600
2015-05-07,61.49936294555664,61.684098370153954,60.538723233800205,60.575671728160614,6660300
2015-05-08,64.16880798339844,64.80615695982942,61.896529213899605,62.01660649396824,18359000
2015-05-11,63.753150939941406,64.38126111385624,63.540705952307334,64.01179034454427,10998500
2015-05-12,63.44832229614258,63.73466418447562,62.783263803187126,63.319006149979174,7438200
2015-05-13,63.52235794067383,63.73517470112291,63.096717360240056,63.61488727389237,5129800
2015-05-14,64.77153778076172,64.7992958817132,63.707432533884585,63.80921694373163,6491100
2015-05-15,64.3736343383789,65.4099811485373,64.13305244218346,64.86404612173244,7121000
2015-05-18,64.77153778076172,64.993609647911,63.96651755548165,64.53095580661984,5553800
2015-05-19,64.9195785522461,65.28969591011135,64.77152596147113,64.90106844863118,4351000
2015-05-20,64.56793212890625,65.06759883961507,64.29034421820135,65.00282762116393,4870100
2015-05-21,64.18856048583984,64.65121406767932,64.10527917015136,64.35511605768339,6483800
2015-05-22,64.41991424560547,64.63273102900683,64.1238161116506,64.1238161116506,4511700
2015-05-26,63.42054748535156,64.30884142625374,63.20772375285446,64.13303082373581,6228100
2015-05-27,64.29961395263672,64.53094081955751,63.383561536300334,63.70741773808231,7064800
2015-05-28,64.36438751220703,64.56795629195817,63.66115889429439,64.29036827737244,3893900
2015-05-29,63.55009078979492,64.40137161249628,63.402038267829745,64.15154180609605,6678100
2015-06-01,63.9480094909668,64.26261068978471,63.31880003379414,63.966512536970335,6309400
2015-06-02,63.88323211669922,64.27185958135048,62.930166499300874,63.59638904415226,4457400
2015-06-03,63.7999267578125,64.30884852680202,63.74441058648037,64.08677678194,4906400
2015-06-04,63.11519241333008,63.984983290835906,62.948636863584966,63.5038196762245,6460000
2015-06-05,63.26324462890625,63.5685905857161,62.92087848395891,63.18921837169616,4413100
2015-06-08,62.62480163574219,63.189239683151996,62.569285453877235,63.09671036019879,4864300
2015-06-09,62.87462615966797,63.004168612678406,62.48599880063665,62.61554125364709,4439700
2015-06-10,64.42912292480469,64.46613605140638,63.02265941160085,63.12444374487247,6807800
2015-06-11,64.43840789794922,64.79002217466456,64.23483913686417,64.49392408386866,5238700
2015-06-12,64.15155792236328,64.53093025102322,63.86470785387597,64.24408724207049,4900700
2015-06-15,63.44831466674805,63.836941997961404,63.07819037341135,63.58711215919102,5995100
2015-06-16,63.855445861816406,64.00349132897868,63.18922361075358,63.337269077915856,5937400
2015-06-17,63.614891052246094,64.22559739492495,63.3928192274247,63.94800231924619,7818300
2015-06-18,64.30887603759766,64.62347722244147,63.735182803455004,63.75369290817318,7596800
2015-06-19,63.55937194824219,64.15156816031849,63.365058227986125,64.09604491200554,8728800
2015-06-22,63.92947006225586,64.25333322483121,63.75366649748094,64.14229382113106,5511700
2015-06-23,64.23484802246094,64.39214861068227,63.9294948385939,63.93874989070583,3888700
2015-06-24,63.71664047241211,64.21630709867492,63.6241111844817,63.947967222004216,4670600
2015-06-25,63.49458694458008,64.19781538177365,63.392802580861556,64.19781538177365,4705100
2015-06-26,63.614891052246094,64.04053165796044,63.30028988871046,63.56862285312096,7025600
2015-06-29,61.73652267456055,63.374313979855934,61.708764576772985,62.91166019129902,9706700
2015-06-30,62.134395599365234,62.43974874684602,61.773526264900845,62.31019921132515,6811000
2015-07-01,62.7821044921875,63.1984970500433,62.48600641216198,62.865385827572695,6260800
2015-07-02,63.14297103881836,63.21699732046366,62.56928500490416,63.059696766618465,5053000
2015-07-06,63.03195571899414,63.03195571899414,62.328719972286486,62.50453067384757,5270600
2015-07-07,62.70806121826172,63.10594356733208,61.56068235145563,63.02266931404286,6500700
2015-07-08,61.74576950073242,62.291697509919096,61.671743210136924,62.00485445828106,5973500
2015-07-09,62.041866302490234,62.86538935437202,62.01410114944747,62.59704935124243,4837800
2015-07-10,63.30952453613281,63.420563954905944,62.83762289029972,62.90239411970041,5110200
2015-07-13,64.32737731933594,64.40140361710628,63.68891991479162,63.8924887038919,6832300
2015-07-14,64.8640365600586,65.0491022450571,64.28109553626491,64.7437491594601,5635400
2015-07-15,64.79002380371094,65.03060571463647,64.48467771394124,64.89180818681268,4506200
2015-07-16,65.29896545410156,65.31746850228687,64.74378223455253,65.16942293819137,6512500
2015-07-17,65.58580780029297,65.6598341112205,65.0306245874116,65.1416640538029,6287600
2015-07-20,67.26984405517578,67.54743909444645,65.90964812944779,65.96516431348788,10198500
2015-07-21,66.6406478881836,67.43641296079386,66.40007300356113,67.39939981095891,10919600
2015-07-22,66.5943603515625,66.76091593003898,66.27050424328425,66.56660226507204,6303200
2015-07-23,66.39082336425781,66.85347718561152,65.8819013369539,66.80720897966133,10755700
2015-07-24,69.21299743652344,71.17464463739066,68.84287305877301,71.04510216410831,21196100
2015-07-27,68.34319305419922,69.12970279333523,68.08410815749879,68.73182039924986,10293800
2015-07-28,69.15748596191406,69.56462355268874,68.33396278751,68.7503554306759,10054300
2015-07-29,70.33262634277344,70.72125380561887,69.09271059905346,69.35179557428376,13746900
2015-07-30,70.67497253417969,71.02659384370291,69.6201227246796,70.22157391138556,6507000
2015-07-31,69.71266174316406,70.79527685362147,69.69415869986904,70.73975360466481,8526300
2015-08-03,70.11053466796875,70.360371605326,69.40730616619129,69.94397906290885,5810800
2015-08-04,69.64787292480469,70.39737659050782,69.42580116363125,69.88845478413742,6957900
2015-08-05,69.37957000732422,70.4806812992949,69.32404674839587,70.36964890051232,6976400
2015-08-06,68.0841293334961,69.78669178966108,68.05637123729238,69.67565940484624,7767800
2015-08-07,68.66706848144531,68.75959781920608,67.84354537416338,68.1766566377309,6484600
2015-08-10,68.82437896728516,69.56462789498505,68.33396705298718,69.29628783518227,6183500
2015-08-11,67.88056945800781,68.72259574469373,67.75102695236383,68.29695507478677,6476000
2015-08-12,68.15860748291016,68.42738717185546,67.09275894291403,67.53763737626211,7625100
2015-08-13,68.52006530761719,68.98347708243644,68.01030952687502,68.05665353279795,5992000
2015-08-14,68.78883361816406,68.95566211237463,68.07517564305726,68.44590641586977,3861500
2015-08-17,68.96493530273438,68.99273887445257,68.1215225814072,68.58493429964807,3473500
2015-08-18,69.02055358886719,69.26152970116415,68.59421558778966,68.82592148431677,6325500
2015-08-19,68.95567321777344,69.47469214063878,68.27908891809327,68.77030426596261,5886900
2015-08-20,68.5385971069336,69.07615645055012,67.48201885008862,68.17713649649203,12082300
2015-08-21,65.98057556152344,68.23275723383254,65.76740301831343,67.19471223712402,15752200
2015-08-24,63.35764694213867,64.28447032388898,55.60940290501806,59.464991567227905,20950600
2015-08-25,62.06938552856445,66.5459457837661,61.72645820729201,66.44399460909332,14485000
2015-08-26,65.51718139648438,65.79522431381744,62.931341959988714,64.29377417534604,12220000
2015-08-27,67.10203552246094,67.1854462591288,65.61911905583655,66.67569748025039,9122200
2015-08-28,67.15764617919922,67.35227831266819,66.36057721102885,66.82398907293702,6411400
2015-08-31,66.08250427246094,66.80542531676977,65.63762597613977,66.6478670524667,8313300
2015-09-01,63.913734436035156,65.23909204859106,63.48739656312146,64.33080916706643,11491500
2015-09-02,64.52547454833984,64.8313210237821,63.672791290897464,64.82205787711413,9218000
2015-09-03,65.2483901977539,65.87863059952991,64.8683890848564,65.29472714030727,9035200
2015-09-04,64.09911346435547,64.79423105476423,63.61716130852172,64.21959796776301,9469400
2015-09-08,65.36888122558594,65.81375975912258,64.46059786497588,65.57278359216089,7984900
2015-09-09,64.50690460205078,66.15664905557348,64.34934632752358,65.57275288291915,9022200
2015-09-10,65.09078216552734,65.48004612705385,64.37712449829712,64.41419826669464,7244200
2015-09-11,65.58203887939453,65.62837581600044,64.37716538999621,64.74789623835744,6452100
2015-09-14,64.88690948486328,65.61910083373705,64.51617870338141,65.54495326322038,7059300
2015-09-15,65.350341796875,65.5727775074506,64.42351808652235,65.32253821694103,6962600
2015-09-16,65.79519653320312,65.90641789583847,64.92398727474973,65.294711007997,8207600
2015-09-17,65.76739501953125,67.02787555112369,65.34105705606648,66.08251868798044,7663300
2015-09-18,64.68304443359375,65.62840175298163,64.60889682039709,64.71084802076611,14508100
2015-09-21,65.6005859375,66.10107162662581,65.08156688408255,65.45229780985399,12756500
2015-09-22,65.10934448242188,65.23909919399411,64.23812821520711,64.87763863017126,11394000
2015-09-23,65.75813293457031,65.94350190101794,64.78497237735671,65.0259484981871,10655800
2015-09-24,65.10010528564453,65.46156602168688,64.54401238951054,65.202056474898,8406700
2015-09-25,65.51718139648438,66.23083266252134,65.07230282920456,65.98059332981109,7756600
2015-09-28,62.28254318237305,65.13716157160006,62.124984867208006,65.05375084160784,15261200
2015-09-29,63.515220642089844,63.6727789581798,62.282543547991565,62.57912681932094,11326700
2015-09-30,64.56251525878906,64.56251525878906,63.26496120875892,64.24739165597713,9309200
2015-10-01,64.86837768554688,65.59129891649447,63.93229099988524,64.96105862547049,8679900
2015-10-02,65.49860382080078,65.55421802961739,63.35764416553599,63.76544869838678,7460400
2015-10-05,66.9444808959961,67.0464250005254,65.73033700557471,65.86009176163441,7286800
2015-10-06,66.80542755126953,67.23176543599124,66.57372171797941,66.93518225222392,5782500
2015-10-07,67.86202239990234,67.87129261543913,67.14836429672562,67.36153682745575,6208900
2015-10-08,68.49226379394531,68.52006736989487,67.50056284882858,67.65812115994463,5713100
2015-10-09,68.56642150878906,68.66836561196679,68.02886205732361,68.62202866890487,5947800
2015-10-12,69.50247955322266,69.91028408127133,68.27907304017747,68.34395039044877,5586300
2015-10-13,69.51175689697266,69.7434627532959,68.72395839969396,69.01127139878227,7439400
2015-10-14,68.770263671875,69.75270085879777,68.32539259233492,69.36342982532732,7568300
2015-10-15,69.82689666748047,69.89178111706639,69.12251572141986,69.47470619445016,6856200
2015-10-16,70.4385986328125,70.93908426110437,69.31714284521723,69.8176284735091,9117400
2015-10-19,71.35616302490234,71.67128679671544,70.37373205080553,70.37373205080553,9952600
2015-10-20,70.69810485839844,71.26346783433527,70.37371800444363,71.03176192849568,8148800
2015-10-21,69.93811798095703,71.3098202158532,69.79909300691087,71.3098202158532,7277900
2015-10-22,70.82784271240234,71.22637705826747,70.10492158992638,70.33662744052003,9093400
2015-10-23,71.4302749633789,71.94929377416864,69.4654069250877,71.79173550247904,11971300
2015-10-26,72.45906066894531,72.5795451769453,71.44881938873803,72.36637973424516,8019400
2015-10-27,71.84735870361328,72.45906564260619,71.42102071784666,72.32004069546211,9527400
2015-10-28,73.09858703613281,73.11712039866251,71.77322887549654,72.12541933238946,10850200
2015-10-29,72.76492309570312,72.95028498797471,72.22736370857142,72.83906360995,7648600
2015-10-30,71.9029769897461,73.0429660643445,71.88443655782412,72.95955533400445,11186500
2015-11-02,69.71566009521484,70.63321331836673,69.07614966063237,69.68785652346807,29966000
2015-11-03,72.19953918457031,72.82977933498609,69.33565140348512,69.63223458773366,18899900
2015-11-04,72.61663055419922,73.06150901130263,72.1995627459361,72.63517098675942,8640800
2015-11-05,73.46002960205078,73.87709733164643,72.68149421674323,72.68149421674323,9392600
2015-11-06,72.98735046386719,73.74734544934527,72.58881607690294,73.74734544934527,8221600
2015-11-09,72.32931518554688,72.6629722499707,71.63419747984774,72.6629722499707,10157300
2015-11-10,73.79631805419922,73.84273825971187,72.06004085716316,72.09718127185914,8440300
2015-11-11,73.51778411865234,74.51126740064178,73.50849724205115,74.13987025851807,8024400
2015-11-12,72.70999145507812,73.48992611460658,72.55214998148922,73.22066337999621,8939800
2015-11-13,72.52428436279297,73.32278555764569,72.20859438436274,72.44071665998715,9913200
2015-11-16,73.25779724121094,73.26708411641728,72.0321918149528,72.22717369142453,7805000
2015-11-17,73.19281768798828,73.61063506497415,72.85856095287495,73.29495208392912,6942600
2015-11-18,74.70623779296875,74.74337820983831,73.1092352866284,73.31350403750592,7212400
2015-11-19,74.41839599609375,75.21689711598906,74.13984645796877,74.83621321947219,6082200
2015-11-20,74.4555435180664,75.20761742550232,74.26056165627968,74.82693349262607,6764300
2015-11-23,74.38126373291016,75.00334974121371,73.87059188501334,74.82693454215666,5910600
2015-11-24,74.08415985107422,74.46483676895156,73.54563437328582,73.56420812565699,6040800
2015-11-25,73.87059783935547,74.36269597764355,73.87059783935547,74.07486659497928,4268700
2015-11-27,74.13054656982422,74.4183829310359,73.9169981007206,73.94485163288127,3139500
2015-11-30,73.35993194580078,74.39983529164347,73.31350465337127,74.3348413325283,8874600
2015-12-01,74.19556427001953,74.21413093436473,73.13708022329958,73.84273389317643,6702100
2015-12-02,73.38780212402344,74.41842591206064,73.32280815017478,74.12130959106508,7310000
2015-12-03,72.69142150878906,74.06558158036485,72.49643962365239,73.68490468571053,8689600
2015-12-04,74.65054321289062,74.65054321289062,72.83998477724994,72.96069292324614,9944600
2015-12-07,73.86132049560547,74.7340955479085,73.41564255185516,74.39983886104841,15262400
2015-12-08,73.41563415527344,73.9727262083885,72.75640773264281,73.33207353502058,11344000
2015-12-09,72.31075286865234,74.04703061955917,71.8650819177515,73.19282206048918,15361500
2015-12-10,72.53356170654297,73.45276381376786,72.07859700575747,72.3385798706958,8717100
2015-12-11,70.66732025146484,71.62366308435782,70.11950788815625,71.62366308435782,15625800
2015-12-14,71.37294006347656,71.8000440821086,70.17518860340058,70.75084715364878,10361000
2015-12-15,72.99781036376953,73.76845087787777,72.61712645980704,72.76568810539509,11355300
2015-12-16,74.1491470336914,74.26056828629285,72.56143137412496,73.76846306682754,10497500
2015-12-17,73.06280517578125,74.5390993562524,73.00709101612306,74.2605568931984,7555300
2015-12-18,70.86228942871094,72.59856663508738,70.82514901381515,72.45929185018063,16271200
2015-12-21,71.6515121459961,71.82792736643428,70.93657855610195,71.4008231708882,8442100
2015-12-22,71.84648895263672,71.94862332737085,71.17798270502713,71.89291624435593,5699100
2015-12-23,72.94207763671875,73.0349321834789,72.01358883957596,72.49640698102233,6335900
2015-12-24,72.66356658935547,73.08138389476115,72.58928575343121,72.74712721691245,2188800
2015-12-28,72.91425323486328,73.02567448520294,72.2550267755932,72.45929552597748,3680900
2015-12-29,73.54561614990234,73.71274446077639,73.25778681376728,73.35063430118414,4627100
2015-12-30,72.74713134765625,73.52706600152646,72.66357071535452,73.41564474131334,4230400
2015-12-31,72.00434112548828,73.1649526388984,72.00434112548828,72.64499386389953,6538300
2016-01-04,70.28662109375,70.91799395663404,69.64596844033339,70.62087773197152,13476800
2016-01-05,70.81587219238281,71.03871471339296,70.13807900479007,70.79730552420405,8972700
2016-01-06,69.88738250732422,70.42590797071816,69.4974187236848,69.63669352750196,16092000
2016-01-07,68.51319122314453,69.72022244494312,68.1046538734672,68.48533769181336,12470800
2016-01-08,67.66828918457031,69.18173108823676,67.54758814081342,68.7639067051208,9977600
2016-01-11,68.6339111328125,68.78247278592619,67.464019991685,67.88183724440061,13069500
2016-01-12,69.41385650634766,69.63669193707933,68.72676937889149,69.19101399180536,10236900
2016-01-13,67.87256622314453,69.99880756424683,67.77043183372568,69.88738629838686,12659600
2016-01-14,68.52251434326172,69.19102070027229,67.46403708989752,67.9189948711969,10426200
2016-01-15,66.69338989257812,67.73329340259134,65.60705908280588,66.7955242849989,18470500
2016-01-19,66.28484344482422,67.79827829118969,65.60705029551747,67.72400453885925,16009600
2016-01-20,65.62560272216797,66.30340280820539,64.10288133075642,64.95708950958554,16586000
2016-01-21,66.44268035888672,67.15762096111645,65.08708706929144,65.66275288424696,11931200
2016-01-22,67.50115203857422,67.94682990563751,66.97191355607933,67.47329850009702,8652600
2016-01-25,66.60979461669922,67.69613206092045,66.46124006978022,67.55685730306558,9126200
2016-01-26,66.73979949951172,67.10190971187446,66.43340345476572,67.01834908616472,7500200
2016-01-27,65.83917999267578,67.29690791761752,65.53277682202791,66.83266326529453,9020500
2016-01-28,64.37214660644531,66.71193586175959,64.37214660644531,66.31268529267633,15295600
2016-01-29,69.16315460205078,69.17244147699101,63.84291575471381,65.39349093066082,40427800
2016-02-01,69.06101989746094,69.43241697137611,68.01182971617482,68.78247740488206,12623500
2016-02-02,68.15111541748047,68.90318947682687,67.90041934182425,68.24396292987453,9572700
2016-02-03,69.06101989746094,69.29314218318167,67.25046890236321,68.48536116251191,9941900
2016-02-04,68.41110229492188,69.29316443033008,67.55689370933318,68.80106616001946,14735700
2016-02-05,66.42413330078125,68.3461060978453,65.50493076752767,68.29967879377902,12939400
2016-02-08,62.923702239990234,65.03137643209824,61.55882923399962,64.94780873077907,30542600
2016-02-09,63.443668365478516,64.51143235600276,61.391708095523256,61.64239706118215,14882800
2016-02-10,65.13353729248047,65.95060547032841,64.13076697161317,64.19576095071683,11369500
2016-02-11,63.573673248291016,64.13076549691382,62.60804337823243,62.94230014416857,13962100
2016-02-12,65.38421630859375,65.43064360818525,64.17718444113956,64.47430074061566,8710200
2016-02-16,66.01557922363281,66.61909860686823,65.36563963172406,66.30341568617263,8780700
2016-02-17,67.01103973388672,67.09477233877587,66.33190918366175,66.73194761242817,8494100
2016-02-18,66.27607727050781,67.21570362692903,66.07140548021931,66.88078744241824,6938100
2016-02-19,66.54588317871094,66.72264650158617,65.40159192480394,66.08072251665057,7750900
2016-02-22,67.96925354003906,68.0901998189414,67.07614618510935,67.24360425777031,7481500
2016-02-23,67.12267303466797,68.02508569445331,66.97381824230507,67.86692570312094,6177000
2016-02-24,66.8436050415039,67.15991807399394,65.47603116406535,66.2854135052285,7728600
2016-02-25,68.16461944580078,68.22974163465878,66.92729785749871,66.94590115526404,6840900
2016-02-26,67.6622314453125,68.76001021705969,67.62501776348229,68.60185029483524,6714100
2016-02-29,67.345947265625,68.75073418501955,67.345947265625,67.78319934037468,7786100
2016-03-01,69.43913269042969,69.43913269042969,67.82037674815521,67.90410219964961,8705300
2016-03-02,69.12284088134766,69.40193287318384,68.5274361147555,69.30890220923844,5739100
2016-03-03,68.7600326538086,69.30891866989445,68.24835323390958,69.29031537180103,6588300
2016-03-04,68.75071716308594,69.07632806437103,68.48092324551105,69.04841957251593,9475300
2016-03-07,66.92730712890625,68.3320869828447,66.37841394867695,68.27626998403018,16671900
2016-03-08,65.69926452636719,66.5365476583068,65.59692865952387,66.51794436332857,12394400
2016-03-09,65.75508880615234,66.12721862708045,65.02943955912481,66.05279124333764,9291600
2016-03-10,65.3271484375,66.42492761369554,64.7317435044231,66.18304214157472,10135100
2016-03-11,66.638916015625,66.99244267264383,65.75511356865519,66.19236574057514,9466400
2016-03-14,66.50865936279297,66.72263635783702,66.00628507240842,66.61099526071135,7916500
2016-03-15,66.8993911743164,66.8993911743164,65.73648984335793,66.22025367401062,6442800
2016-03-16,67.32733917236328,67.75528601779476,66.52726247505635,66.68541535532277,7561800
2016-03-17,68.043701171875,68.53677033869043,67.14128835059162,67.2436242642086,7411700
2016-03-18,68.63908386230469,68.93678630541065,68.03437377849336,68.37859511181023,15026200
2016-03-21,68.6297607421875,68.78792066892981,68.05296640180302,68.45300462067496,7397400
2016-03-22,67.87621307373047,68.51813677606029,67.84830458193966,68.13670179415843,6796800
2016-03-23,68.7600326538086,69.00191101795505,67.69946012003734,67.86691819402371,7287100
2016-03-24,68.97403717041016,68.99264757563873,68.29490643315593,68.51818161136924,6303900
2016-03-28,68.9181900024414,69.09494618805225,68.58327383273361,68.97400699813043,7283300
2016-03-29,70.1275863647461,70.32295290055751,68.76931871259168,68.86234938234209,10541500
2016-03-30,71.43004608154297,71.63471783958757,70.55554206000193,70.61136614715066,9691900
2016-03-31,71.15097045898438,71.56030697176467,70.65789424726039,71.28121486274915,7490800
2016-04-01,72.1836166381836,72.79763202127538,70.51834797921299,70.93698966929391,10183400
2016-04-04,72.40689849853516,72.8534486862005,72.12779930790387,72.53714289475316,6905800
2016-04-05,71.6067886352539,72.0719490061751,71.2439641137581,71.76494145789896,6012000
2016-04-06,72.76040649414062,72.82552868196184,71.63471890592471,71.70914629137357,6220400
2016-04-07,72.17432403564453,72.5464539539501,71.81149931718825,72.295263242534,7542100
2016-04-08,72.59296417236328,73.14185738687974,72.38829236687538,72.63948307280606,5327500
2016-04-11,72.3975830078125,73.29069035397143,72.35106411672439,72.89995722086182,5957200
2016-04-12,73.04879760742188,73.07671319796104,72.23942292642478,72.3045451087784,5962900
2016-04-13,74.15589141845703,74.36056318889702,73.41163882333198,73.52327280881819,9187300
2016-04-14,74.73267364501953,75.04897931887623,73.78374242788018,74.20239105818918,11470300
2016-04-15,74.50008392333984,75.06758012245777,74.33262591216105,74.65823674006877,7186700
2016-04-18,75.774658203125,75.86769600049826,74.26754241558704,74.61175671383342,7761200
2016-04-19,75.1234359741211,76.03515386191087,74.76991647768163,75.8211768655216,8324700
2016-04-20,75.49556732177734,75.9514227255501,74.93737601747371,75.24437662127882,8521300
2016-04-21,75.16065216064453,75.9793322784431,75.05831625869625,75.82117937462763,9536900
2016-04-22,73.5976791381836,73.83025933844387,71.89519036881013,72.56502248120522,18216000
2016-04-25,72.69528198242188,73.34650383981597,72.39757954792944,73.20696136879289,11184600
2016-04-26,73.05812072753906,73.21627362379941,72.66738753755916,72.98369333007986,6071800
2016-04-27,73.27208709716797,73.49536215938595,72.72319399272371,72.94647615272794,6319400
2016-04-28,72.2673568725586,73.74656429177827,72.19292946714441,72.89067042287928,8322600
2016-04-29,71.85798645019531,72.57433753910496,71.50446705296048,72.11847517424049,8092700
2016-05-02,72.99297332763672,73.00227852355323,71.78356047652962,72.38826335319075,7636800
2016-05-03,71.81146240234375,72.89993599818027,71.56957701511868,72.03473739943693,7666300
2016-05-04,71.6998291015625,71.98822629970816,71.02999694012813,71.22536347091567,8854000
2016-05-05,71.96965026855469,72.28595607695075,71.64403926056238,71.76497846416305,6002300
2016-05-06,72.30455017089844,72.37897755530919,71.4300461485372,71.84869486250815,6172600
2016-05-09,72.76969909667969,72.89994344977923,72.17429431171468,72.27663017454788,9242300
2016-05-10,73.68144226074219,73.80238856927328,72.94649469835014,72.95579280070787,6802600
2016-05-11,72.04115295410156,73.93304747909977,72.03183128013521,73.75597122550849,8432500
2016-05-12,72.59101867675781,72.87061204309349,71.82680486717558,72.50714493306991,7512800
2016-05-13,71.60314178466797,72.9544932697379,71.60314178466797,72.42327150749632,7562700
2016-05-16,72.50717163085938,72.74947838652483,71.72431418307717,71.78023003279115,8597900
2016-05-17,71.56586456298828,72.61898644644313,71.31422907706579,72.2927988816877,7169900
2016-05-18,72.16233825683594,72.58172133659328,71.20241161312158,71.49131964093854,6288500
2016-05-19,71.64974975585938,71.99458072813681,71.03465412275207,71.6404351884906,5552200
2016-05-20,72.38597869873047,72.73080954157793,71.92931620657882,72.07842744243575,6302100
2016-05-23,71.95731353759766,72.68424809771082,71.8920760029813,72.46989924555335,5934300
2016-05-24,73.97964477539062,74.09148353668294,72.37666519232596,72.37666519232596,7582300
2016-05-25,73.68144226074219,74.2499437297351,73.5789251361463,74.09151075912574,5846700
2016-05-26,73.6255111694336,73.99829998983091,73.5043578247055,73.99829998983091,4284000
2016-05-27,74.24061584472656,74.24061584472656,73.47639483106192,73.47639483106192,4374600
2016-05-31,73.569580078125,74.43631088390494,73.40182549925295,74.42698920998042,8639600
2016-06-01,73.83055877685547,73.92375422128148,73.22477772255138,73.33661652207658,4507000
2016-06-02,74.5108871459961,74.5108871459961,73.5602822971927,73.87714821000843,5627500
2016-06-03,74.50154876708984,74.74385540755324,73.77461462499183,74.13808169604084,7628000
2016-06-06,75.06072235107422,75.39623148383617,74.71589154508183,74.82773029278694,7620100
2016-06-07,75.11664581298828,75.48943456625045,75.06072998862288,75.20984122371532,5515700
2016-06-08,76.0952377319336,76.1511535727077,74.9955144977871,75.11666785624973,8860900
2016-06-09,75.73176574707031,75.99271580128797,75.47081569285265,75.70380782845496,6670900
2016-06-10,74.72523498535156,75.25645674857434,74.40836199639381,75.25645674857434,7859900
2016-06-13,73.06633758544922,74.72524050864448,73.04769423217964,73.62551730748551,10424600
2016-06-14,73.22474670410156,73.3925012771492,72.6562454904598,72.8053638266593,7891700
2016-06-15,72.85198211669922,73.47639935816738,72.74015043784281,73.22477097038451,7424000
2016-06-16,73.01972198486328,73.17815490478762,71.89204108542694,72.59101737840972,9650800
2016-06-17,71.75225830078125,73.00109988348717,71.60314702678473,72.99177820687618,14602200
2016-06-20,72.07844543457031,73.04769359582237,72.05980919181903,72.97314151446135,9957500
2016-06-21,72.0691146850586,72.70285345163273,71.90136009654326,72.51645551419665,9201000
2016-06-22,71.32354736328125,72.46987173391459,71.32354736328125,72.30211712139155,9626700
2016-06-23,72.90791320800781,72.917227775382,71.64043523015391,72.4698867892905,13566200
2016-06-24,69.94422912597656,70.86687582287236,69.38504241478698,69.71123703309904,18375000
2016-06-27,68.35057830810547,69.50622456928755,68.26670454143529,69.13343568214354,16318400
2016-06-28,70.0467529296875,70.3636187934026,69.422328657055,69.9349141546589,14815200
2016-06-29,71.519287109375,71.53793046805853,70.55936033755503,70.81099590727673,12178100
2016-06-30,69.12410736083984,71.89205516062374,68.77928353941816,71.75225845258655,24877300
2016-07-01,69.41302490234375,70.77369821383958,69.05887228144137,69.43166114590673,13821400
2016-07-05,69.59005737304688,69.86965065141658,68.80720757017559,69.19863247161123,11081000
2016-07-06,69.02156066894531,69.66462098411156,68.80721197079181,69.0774835944073,11263800
2016-07-07,69.44097900390625,70.1679133389395,69.21730143131464,69.26390270319351,8806700
2016-07-08,71.22103881835938,71.34219928717927,69.70193255768066,70.17723853533347,10975000
2016-07-11,71.314208984375,71.93863312995396,71.1930556688451,71.58448063626811,8185900
2016-07-12,72.20893859863281,72.29281236935154,71.34220741608777,71.46336078835604,10245500
2016-07-13,72.19027709960938,72.48850672669676,71.94796330561489,72.39531130142355,6559200
2016-07-14,72.82402038574219,73.19680921991758,72.40463739126712,72.74946119683598,6607400
2016-07-15,72.97314453125,73.39252755887252,72.74015238026945,73.29933212055154,8153400
2016-07-18,72.98243713378906,73.34590421110491,72.90788507178239,73.01971671996941,4864200
2016-07-19,73.36457061767578,73.52300357597183,72.34872112845592,72.46055992214761,9395500
2016-07-20,73.96101379394531,74.32448090603674,73.39251249342186,73.39251249342186,7922100
2016-07-21,73.42979431152344,74.30584692128026,73.06632718840197,74.03557522017752,9018000
2016-07-22,74.47360229492188,74.63203522502698,73.00109043659732,74.53883980204486,12532400
2016-07-25,73.569580078125,74.71589710845578,73.37386758783326,74.71589710845578,7979900
2016-07-26,73.15021514892578,73.68143697904459,72.63763667304626,73.60688489315636,9673200
2016-07-27,73.18746948242188,73.42978323139074,72.25550118215347,73.12223198581724,10194400
2016-07-28,73.80259704589844,74.55748935025576,73.2061376999249,73.33661273745933,8709700
2016-07-29,72.74012756347656,73.95168206901492,72.69352630503695,73.8491649887308,7777700
2016-08-01,72.93585968017578,73.18748805655291,72.44191749333338,72.98245384080195,8908800
2016-08-02,72.9544906616211,73.13156694615628,72.46054851039676,72.75877813625043,7910000
2016-08-03,73.35523223876953,73.35523223876953,72.88924803668586,72.95448554056338,7272700
2016-08-04,74.07286834716797,74.2313013045874,73.39252813243122,73.46708732781316,5954400
2016-08-05,74.68795013427734,74.78114555610841,74.24060926534624,74.30584677166347,6662500
2016-08-08,74.5108871459961,74.87435433321706,74.37109754349278,74.7718443281667,5119700
2016-08-09,74.61341857910156,75.00485087229198,74.51090144402282,74.52022312276385,4455700
2016-08-10,74.25924682617188,74.76251064543543,74.10081389520604,74.52951853153684,5945500
2016-08-11,74.6693115234375,74.81842277156223,74.40835439609855,74.55747275457794,6577700
2016-08-12,74.57611846923828,74.63204141595051,74.23129466456489,74.37109136581208,4420400
2016-08-15,75.40557861328125,75.62924907384715,74.57612006423602,74.67863717331952,6290300
2016-08-16,75.3123550415039,75.40555755854179,74.76249716481993,74.94888797818818,6182600
2016-08-17,75.47108459472656,75.48976030239044,75.06031162116307,75.34972098569345,4655400
2016-08-18,74.93895721435547,75.23770449779776,74.60287275284281,74.69622994341283,7453900
2016-08-19,75.12564086914062,75.12564086914062,74.44412018821201,74.69619231072137,8480900
2016-08-22,75.67647552490234,75.69515123278389,74.6495323949808,75.0042924950786,7954500
2016-08-23,75.43376922607422,76.3300111401861,75.43376922607422,75.96591308516244,10007800
2016-08-24,74.95761108398438,75.60178761979417,74.86425392061795,75.43374187665661,5028000
2016-08-25,74.98563385009766,75.17234821749066,74.68688658865092,74.95762740725836,5773700
2016-08-26,75.21900177001953,75.75114534971782,74.84556605452916,75.26568390546602,7932200
2016-08-29,75.49910736083984,75.61113312969884,75.1910222510848,75.1910222510848,4766700
2016-08-30,75.77916717529297,75.79784288234279,75.35905636171083,75.62045927884597,4128700
2016-08-31,75.527099609375,75.80717110158554,75.34971601175512,75.57377463006256,7386100
2016-09-01,75.9005355834961,76.13393205561916,75.59245053084685,75.75115842244371,6240600
2016-09-02,76.55403900146484,76.69407830222598,76.0872460807242,76.1525968047201,6408900
2016-09-06,77.04885864257812,77.04885864257812,76.37667552011388,76.55405915595766,8140400
2016-09-07,77.71170806884766,77.7303837803026,76.89015483225428,77.00218773289305,9304700
2016-09-08,77.4596176147461,78.07578056001775,77.10485044008865,77.50629263272573,7961100
2016-09-09,75.92853546142578,77.31023846832649,75.92853546142578,76.92747199091143,11563000
2016-09-12,77.4596176147461,77.60898764405346,75.78849812087056,75.93786815017792,9882700
2016-09-13,76.45133972167969,76.96481475491082,76.19927469253533,76.9368083208608,8834300
2016-09-14,76.07792663574219,76.75944759890976,76.04058233832376,76.04992019335248,10999500
2016-09-15,76.56340026855469,76.67542604526712,75.79785992933327,76.01258074983001,10580300
2016-09-16,76.61939239501953,76.79677599034365,76.01256015237462,76.31130734714974,11702000
2016-09-19,77.03018951416016,77.52498899730773,76.76878655119137,76.95550091825578,8361700
2016-09-20,77.00216674804688,77.7023561601534,76.85278958790387,77.45962183626852,6473300
2016-09-21,77.69303131103516,77.72103775257585,76.80612030030095,77.41295265023567,7536200
2016-09-22,77.82373809814453,78.22518040725083,77.67436090280418,77.8797509850488,6599400
2016-09-23,77.05818939208984,77.90774894936142,77.03951368335653,77.79572318774525,8283700
2016-09-26,76.37667846679688,76.79679649589387,76.26465269052851,76.69410145251662,8486800
2016-09-27,76.70339965820312,76.90878251609324,76.08722971645324,76.35797040697729,7969500
2016-09-28,77.4596176147461,77.49696190274659,76.49802534749078,76.90879827010701,7974300
2016-09-29,76.47937774658203,77.54366541626666,76.358014108003,77.22624953566122,5885400
2016-09-30,77.20755004882812,77.52497295438637,76.25529557754354,76.70341993753897,9776800
2016-10-03,77.35690307617188,77.59029947523764,76.83409742152628,76.94612313455443,8155400
2016-10-04,77.23555755615234,77.98242193402523,77.09551825945914,77.74902548043472,5772000
2016-10-05,77.81439208984375,77.90774926580171,77.3942812366849,77.4502941177205,6163400
2016-10-06,77.82373809814453,77.93577099464979,77.3756136348202,77.59967942783072,7687100
2016-10-07,77.37562561035156,78.14116604821281,77.15156690535987,77.94511379100787,8238100
2016-10-10,77.59969329833984,77.99179782214968,77.43164748489306,77.60902403269391,7371500
2016-10-11,76.59140014648438,77.29158968169672,76.15261356478658,77.18889464671655,6227400
2016-10-12,76.7874526977539,77.05819350727806,76.38601041090035,76.40467899793471,3923600
2016-10-13,76.43267059326172,76.67539776842209,75.7231434040605,76.22728058143814,6810900
2016-10-14,76.97417449951172,77.66503337240124,76.59140788538909,76.59140788538909,6698100
2016-10-17,76.69407653808594,77.19821373561288,76.59138152806965,77.09551872559659,8473700
2016-10-18,76.16193389892578,76.8994675610736,75.94720602353807,76.08724532290444,11680400
2016-10-19,77.31025695800781,77.36627696330856,76.22730086570749,76.22730086570749,8440900
2016-10-20,77.02083587646484,77.58098598557284,76.71275082351217,77.53431096471931,6945200
2016-10-21,76.88080596923828,77.0581895891788,76.16194788047758,76.572720878614,8043200
2016-10-24,77.64631652832031,78.03842079049666,77.21686798555194,77.73967366845375,16267000
2016-10-25,76.5820541381836,77.64634154857896,76.27396906604402,77.64634154857896,15085900
2016-10-26,76.32064056396484,76.79677132514038,76.0032248049775,76.19927697188636,8748400
2016-10-27,76.47937774658203,76.8061314832927,76.18996831159504,76.51672204830572,7039200
2016-10-28,76.75942993164062,77.82371723366754,76.65673491805076,77.03950141377177,10919600
2016-10-31,77.03018951416016,77.39428751582334,76.89015017751358,76.96483877341795,10024000
2016-11-01,76.19925689697266,77.19819317339918,75.92851622656082,77.1515110457551,10881500
2016-11-02,75.22835540771484,75.97521987272526,75.17233540888493,75.51776476467055,9170900
2016-11-03,75.29369354248047,75.74181072198765,75.19099853828213,75.38705069465328,7563100
2016-11-04,75.02296447753906,75.84451751614125,74.99495803980307,75.29370524681252,7588100
2016-11-07,77.03018951416016,77.04885810178799,76.04058342516848,76.21796705976725,7277900
2016-11-08,77.37562561035156,77.63703574265597,76.69411163854832,76.91817034354,7152000
2016-11-09,77.71170806884766,77.76772808051552,75.82586720562541,76.37667960769782,12158500
2016-11-10,76.43267059326172,78.38386146019725,76.01255271743322,77.76769854742076,17171600
2016-11-11,76.44202423095703,77.1422137778103,76.10593267865174,76.17128341811686,7368000
2016-11-14,73.17445373535156,76.75942697462303,72.16618646674837,76.57270553770057,21773500
2016-11-15,73.35182189941406,74.25740109070324,72.63296410579396,73.03440620741618,18523400
2016-11-16,74.91888427734375,75.02179540133139,73.68395792717583,73.7120232995936,9997700
2016-11-17,75.8450927734375,75.96671179135896,75.01245324549511,75.14342976869828,8081800
2016-11-18,75.61119079589844,76.24736541864108,75.33988029555545,75.91992417260086,7920800
2016-11-21,76.42512512207031,76.50932124372856,75.68603934643905,75.99477273455415,8942100
2016-11-22,74.778564453125,76.42513561137915,74.15174722469183,76.42513561137915,18133900
2016-11-23,74.44175720214844,74.83468672128738,73.8617132898355,74.82533635489189,12802600
2016-11-25,74.96566009521484,75.1901973576413,74.60079596587683,74.83468359430806,6495700
2016-11-28,73.98332214355469,74.85338423989123,73.95525677555716,74.525943050449,11793100
2016-11-29,74.04882049560547,74.451107479777,73.86170612059338,74.02075512377455,8575200
2016-11-30,72.33676147460938,74.32948139015772,72.29933859958754,74.32948139015772,15353900
2016-12-01,70.568603515625,72.61746223709638,70.40020407087822,72.57068183778851,21053000
2016-12-02,70.83989715576172,71.33573786380181,70.3253414374078,70.54052122990628,13629600
2016-12-05,72.32740783691406,72.59871834205963,71.61639458655047,71.69123320291024,12119200
2016-12-06,72.14031982421875,72.94489405050213,71.76609809190552,72.91682866967366,13896600
2016-12-07,74.19849395751953,74.36689330144928,72.27126257296553,72.2899704388766,13919800
2016-12-08,74.17042541503906,74.72240379450302,73.88040711089492,74.54464695638514,13320100
2016-12-09,74.03948974609375,74.77857573466709,73.74947128213331,74.04884725264651,10728300
2016-12-12,73.44070434570312,73.93654490180408,72.89808341583746,73.89912203032891,11942300
2016-12-13,74.0956039428711,74.37627197520986,73.20683373660594,73.73073978344144,12995100
2016-12-14,74.03012084960938,74.82534461746371,74.02077048218136,74.17045487556514,20146200
2016-12-15,74.37625885009766,75.20889815803378,74.03010262299033,74.25463986431129,14070900
2016-12-16,73.30037689208984,74.33883847056828,73.13197752429107,74.11430835939778,19141700
2016-12-19,73.0665054321289,73.53428076413701,72.99165966596318,73.01037467634717,8699100
2016-12-20,73.30970764160156,73.51552980909669,72.68289077708893,73.3564880024617,6917400
2016-12-21,73.10391998291016,73.48749913752575,72.95423560532468,73.42201088401629,9343600
2016-12-22,72.87938690185547,73.0290712733906,72.21514688948453,72.99164839608581,12074000
2016-12-23,73.11328125,73.42201466287047,72.87939359861656,73.04779299312003,6192900
2016-12-27,73.30037689208984,73.76815212067712,73.18811540534637,73.22553114247182,3776000
2016-12-28,73.25361633300781,73.5810576221666,72.94488291565034,73.34716996738392,7587100
2016-12-29,73.28166961669922,73.75879521458815,73.25360424478617,73.43135397946331,6241100
2016-12-30,72.99164581298828,73.47813606305012,72.91680719871118,73.37522493852488,7127300
2017-01-03,74.37625885009766,74.75983795075847,73.43135092150106,73.68395353356631,13785200
2017-01-04,74.984375,75.08728612738366,74.24528923864641,74.32013499268615,8033100
2017-01-05,75.86380004882812,76.27544462575904,75.04987553785945,75.16213704961505,7805100
2017-01-06,76.91161346435547,77.17356648860553,75.72346735073994,76.06026613554276,8898300
2017-01-09,76.48125457763672,77.13613708286093,76.38770095370239,76.9770952084042,7305300
2017-01-10,76.0696029663086,76.62158143005884,75.90120360387264,76.43446706197261,6017500
2017-01-11,76.52803039550781,76.52803039550781,75.69539105807523,76.01347478802316,7499200
2017-01-12,76.12574005126953,76.21929366549485,75.32116612110205,75.8263642031386,6884000
2017-01-13,75.93862915039062,76.57480374890937,75.58312254503858,75.79829515380729,7291200
2017-01-17,76.02285766601562,76.23803034628679,75.55508228041715,75.55508228041715,6326500
2017-01-18,76.33155822753906,76.55609547595996,75.76087901643228,76.03218236732805,8512300
2017-01-19,76.46253967285156,76.57480115617034,76.16316382119597,76.51867041451095,6479400
2017-01-20,76.5654525756836,76.97709709631118,76.35027994912582,76.79934021009761,9048500
2017-01-23,76.85547637939453,76.99581038444538,76.24736711596354,76.434474364242,7414200
2017-01-24,77.86585998535156,78.10909794101315,76.57479591410126,77.08935146969853,8397500
2017-01-25,78.49271392822266,78.83886315778233,78.07171178356913,78.38980276870865,9360900
2017-01-26,77.87522888183594,78.51140356665451,77.72554449947631,78.51140356665451,8428200
2017-01-27,78.37109375,78.39916627193975,77.57587693285554,77.95009871083138,5445900
2017-01-30,78.30558013916016,78.3430030186186,77.33261382397833,78.09040750437964,8792800
2017-01-31,77.37940979003906,77.91267348795006,76.80872320168159,76.83678858509482,7479400
2017-02-01,77.12677764892578,77.7348797018453,76.76191356210082,77.55712997857361,7534400
2017-02-02,76.99579620361328,77.37001063124862,76.31284131158169,76.846104722413,11142300
2017-02-03,80.5322036743164,81.22450917403756,79.62471837914512,80.21411273378385,28079600
2017-02-06,80.29833221435547,80.55092780656321,79.99895622396383,80.52286242272753,9665300
2017-02-07,80.25153350830078,80.78479709258457,80.14862236592278,80.41993291058435,8600300
2017-02-08,79.60601043701172,80.30767350432076,79.5966600685814,80.2702577552278,7587700
2017-02-09,80.0644302368164,80.24218001534176,79.40954046733162,79.86796544727657,6554700
2017-02-10,80.36380767822266,80.58833785080186,79.73699041352609,80.27025403445512,10432000
2017-02-13,80.86898803710938,81.1122260295803,80.45734353033717,80.64445077649695,6046300
2017-02-14,81.2525634765625,81.36483211162671,80.70059208061963,80.94383008339909,5952000
2017-02-15,82.05399322509766,82.05399322509766,81.26663111497862,81.56657688281655,8049700
2017-02-16,81.93214416503906,82.18522050592684,81.35099610088793,82.06336999383588,8680600
2017-02-17,81.97898864746094,82.18520266259064,81.52907366105957,81.8008934250726,5887200
2017-02-21,82.4101791381836,82.52266148632805,81.70718055264143,82.02587696341502,9301300
2017-02-22,82.29771423339844,82.62577885075801,82.02588722150843,82.11961894771511,8389900
2017-02-23,82.65388488769531,82.94445533943946,82.36331443595115,82.70075431919588,6040500
2017-02-24,82.88819885253906,82.88819885253906,81.82901716396171,81.88525474792895,5151300
2017-02-27,82.48517608642578,82.84135949961373,82.40081967985712,82.78512189523462,6131600
2017-02-28,82.42889404296875,82.84131483819144,82.26017416951954,82.63510801621426,8521900
2017-03-01,83.41311645507812,83.5537175905645,82.87883786124654,83.17878361302444,11131400
2017-03-02,82.98193359375,83.54433090790778,82.57888087420413,83.42248042107572,10544200
2017-03-03,83.22565460205078,83.33813694280258,82.65388188461992,82.7757323903145,5700600
2017-03-06,83.36625671386719,83.67557063982319,82.73823924308988,82.98194740859643,7347600
2017-03-07,83.47869873046875,83.70366332519961,83.2818600735304,83.41308584482263,5688400
2017-03-08,83.3849868774414,83.70368322009121,83.30063049781845,83.58182558116485,5866800
2017-03-09,83.52559661865234,83.89115527063502,83.15066265087583,83.44123307904908,5953900
2017-03-10,84.10674285888672,84.22859335656355,83.51621954788475,83.89115350778256,12246700
2017-03-13,84.46292877197266,84.65039218202229,83.99426309557785,84.1723583410145,8944100
2017-03-14,83.93802642822266,84.38794147781033,83.64744884279023,84.29420977175212,6009400
2017-03-15,84.28484344482422,84.45356339423142,83.80680954756339,84.12549881240393,6350700
2017-03-16,84.39730072021484,84.66912762190336,83.86302223103932,84.65037699350034,9174400
2017-03-17,84.58477783203125,84.95033648128832,84.51916492450486,84.59415314775518,8613400
2017-03-20,83.59119415283203,86.28133718924975,83.39435546498721,84.63163232520412,9438000
2017-03-21,82.5414047241211,84.08800303798509,82.48516712585122,83.88178897596703,11092100
2017-03-22,82.97257232666016,83.45998865905015,82.34456200537984,82.34456200537984,7828600
2017-03-23,83.291259765625,83.78804420967933,82.87883170583487,82.92570113127294,7710700
2017-03-24,83.60057830810547,83.99425572542857,83.39436428438287,83.47872066612209,7597600
2017-03-27,83.3756103515625,83.4131044590514,82.55076144061634,82.77571893427988,5230000
2017-03-28,83.53498077392578,83.81617591606063,82.94445738802699,83.53498077392578,7045500
2017-03-29,83.59119415283203,83.78803284067683,83.01004625209784,83.41309894185702,4738000
2017-03-30,83.43187713623047,83.51623353692024,83.04756779636371,83.49749005385752,6227100
2017-03-31,83.30062866210938,83.75054364605674,83.30062866210938,83.40373566911184,6429800
2017-04-03,83.7599105834961,83.85364226650482,82.86007355432811,83.55369659011549,9125800
2017-04-04,83.21626281738281,83.73179783804913,83.10378765016073,83.43185214000769,4859900
2017-04-05,83.45060729980469,84.54728324136215,83.37561907697925,83.54433900270121,7251600
2017-04-06,83.50688171386719,83.66623354545548,83.21631116137895,83.4225252894443,8473900
2017-04-07,83.17880249023438,83.64746828070423,82.97258839822405,83.39439190041038,5439500
2017-04-10,83.291259765625,83.65681839997706,82.97256340544074,83.06630225631687,5999400
2017-04-11,83.28190612792969,83.28190612792969,82.60702627306894,83.04757324228483,7058500
2017-04-12,83.12255859375,83.61934314985187,83.0100762380909,83.14130207739056,5912500
2017-04-13,83.30062866210938,84.15359635944736,82.88820063409952,82.92569474130676,7242700
2017-04-17,84.1817398071289,84.26610336087096,83.18817070458535,83.50685998227976,6122800
2017-04-18,84.10674285888672,84.28483094760355,83.64744536115842,84.02237932105623,6823500
2017-04-19,84.12550354003906,84.94098453321376,83.9849023824197,84.44419282278912,7301300
2017-04-20,85.43775177001953,85.76581630376891,84.26608761286421,84.4910451286823,12178300
2017-04-21,85.43775177001953,86.98434988771864,85.31589412086227,86.9562239408797,19442600
2017-04-24,86.09387969970703,86.70314648362987,85.30652482911414,86.37508195421616,11705400
2017-04-25,86.33760833740234,86.56256590364536,85.84082376761599,86.2251259786448,7769200
2017-04-26,86.06576538085938,86.68440751244735,86.00015247156405,86.25322879276865,11295200
2017-04-27,85.85954284667969,86.23447678469323,85.55959712652286,86.18760736071526,5856800
2017-04-28,85.50337219238281,85.81269327336557,85.27841465679131,85.66271681545716,6888500
2017-05-01,85.5408706665039,85.92517284475595,85.42838831733987,85.56898946597704,9042100
2017-05-02,86.74066162109375,86.9375003864576,85.7939547627772,85.87831832008865,11627700
2017-05-03,86.64689636230469,86.75000336396194,86.21572487867863,86.6094022570412,4909000
2017-05-04,86.81563568115234,87.03121789555678,86.468820493334,86.89061675718334,5257000
2017-05-05,86.31884002685547,87.15307150209269,86.00952611833516,87.07808327827598,8844500
2017-05-08,86.15950775146484,86.38447245512657,85.78457372996695,86.28136542043286,5223600
2017-05-09,86.23446655273438,86.3656923427783,86.07512197214807,86.14073486717002,3969500
2017-05-10,86.46881103515625,86.61878747335537,85.93453248879472,85.95327596793452,6747600
2017-05-11,86.3282241821289,86.52506292634986,85.87830909570141,86.34697481563835,7052200
2017-05-12,86.91876220703125,86.96562449615581,86.21576350870974,86.41260228608706,5898800
2017-05-15,87.38740539550781,87.56549349013918,86.90936440198003,86.91873971788823,7040100
2017-05-16,87.31241607666016,87.84669465640054,87.14369614878052,87.49987948485058,5497400
2017-05-17,86.16213989257812,87.10113442054967,86.11518730059565,86.83821709895119,8240200
2017-05-18,86.11520385742188,86.83823379478982,85.78655714223696,85.78655714223696,8239800
2017-05-19,86.83824157714844,87.14810441411463,86.11521157498326,86.36874418081948,9361300
2017-05-22,87.61756896972656,87.88987821720613,86.79125644093132,86.88515445221003,9186200
2017-05-23,88.13404846191406,88.33123650120147,87.76784107981437,87.85234716923978,7616100
2017-05-24,89.02607727050781,89.19509658798424,88.2842706640258,88.2842706640258,6825300
2017-05-25,89.24205780029297,89.56131256192636,89.10120716147074,89.28900323725966,7262400
2017-05-26,88.89462280273438,89.31717469839546,88.63170544399097,89.2044927600937,4133900
2017-05-30,88.94157409667969,89.09180951491753,88.58475154593862,88.88523671033556,6292700
2017-05-31,89.42047119140625,89.70216531171877,88.69744123828549,89.27962054926937,9866000
2017-06-01,89.58008575439453,89.6270311857467,88.83827916501211,89.58008575439453,8911900
2017-06-02,90.28434753417969,90.32190818422487,89.58949341824776,89.58949341824776,8570200
2017-06-05,90.6599349975586,90.69748847872415,90.24677506513194,90.4439630790736,14510500
2017-06-06,89.94630432128906,90.70688774553417,89.73033238538825,90.39701777122649,7030300
2017-06-07,90.22798156738281,90.35005544205369,89.91811881496854,90.17164418766382,6720300
2017-06-08,90.22798156738281,90.25615742120209,89.47679023661031,90.02140878709322,7720300
2017-06-09,88.79133605957031,90.37823938645982,87.99319200167689,90.22799679657066,16887100
2017-06-12,87.79600524902344,88.30306325131345,87.13871181862588,87.97441653611467,15610000
2017-06-13,89.27960968017578,89.52374312193304,88.23732508479857,88.26549377700438,8700100
2017-06-14,89.50497436523438,90.143491046707,89.15754374779922,89.50497436523438,6347000
2017-06-15,88.4251480102539,88.76318674735793,87.82419184739399,88.67868064506321,12793900
2017-06-16,88.4251480102539,88.67868064506321,88.02137991671091,88.55660672313186,14705100
2017-06-19,89.0073013305664,89.06363871557826,88.50024337357834,88.96974068590502,5984300
2017-06-20,88.62232208251953,89.16694075783231,88.57537664331346,89.00731336940107,5626700
2017-06-21,88.77255249023438,88.98851724163875,88.33122387132921,88.83828182726533,5611400
2017-06-22,88.21855163574219,88.74439355375783,88.14343750227815,88.7256096474209,5846500
2017-06-23,89.74911499023438,89.81484433256233,88.16221165750954,88.41574423788953,11637300
2017-06-26,89.41108703613281,90.3970272891566,89.29840507980359,89.9557057457813,6970800
2017-06-27,89.11060333251953,89.52375615160406,88.85707073784627,89.3453520203481,6283600
2017-06-28,90.35945129394531,90.51907865267975,88.88523009466115,89.34533543146752,5571300
2017-06-29,88.6598892211914,89.94631470414211,88.27490507009468,89.94631470414211,8872500
2017-06-30,88.05889129638672,88.84765029624317,88.05889129638672,88.62228648830788,9036600
2017-07-03,87.65514373779297,88.65048287688977,87.65514373779297,88.62230702140081,6197700
2017-07-05,88.27490234375,88.64110973927212,88.00259299457375,88.03076169208134,9339600
2017-07-06,87.56126403808594,88.23734143212059,87.50492664323696,87.7490601302237,8215700
2017-07-07,88.1904067993164,88.65051949755458,87.79603062708068,87.79603062708068,6175800
2017-07-10,89.28900909423828,89.55193364713502,88.40635888337896,88.40635888337896,8851800
2017-07-11,89.5895004272461,89.79607327271344,89.13877975540359,89.279630413102,5554100
2017-07-12,90.31254577636719,90.56607129216081,89.79609562424189,90.12474962866553,5974800
2017-07-13,90.087158203125,90.75384361295731,89.92752365173082,90.53787166928365,6721700
2017-07-14,91.01673889160156,91.42989877187654,90.25615562469503,90.27493236290769,6195800
2017-07-17,90.9228286743164,91.35476523485498,90.69746486224166,91.18574595777827,5914900
2017-07-18,91.6270980834961,91.78672545188799,90.71627214249688,90.94162884869486,7435000
2017-07-19,92.25621032714844,92.33133160707045,91.59891703772968,91.68342310467227,6390400
2017-07-20,92.12477111816406,93.09193451847395,91.95575178463682,93.06376582354625,8572900
2017-07-21,93.52386474609375,94.35956940288864,93.04497547360616,93.52386474609375,17400200
2017-07-24,94.24690246582031,94.2938479033641,93.0919358100333,93.4769270832827,9186000
2017-07-25,93.89006042480469,94.69759628835465,93.71165633678297,94.50980024918661,6774900
2017-07-26,94.6976318359375,94.82909054549401,93.76802891437009,93.90887957859846,7205400
2017-07-27,93.49571228027344,95.00749448673977,92.53794073302758,94.81030643771746,10543900
2017-07-28,93.101318359375,93.514471122251,92.5003623734095,93.07314966690168,6558800
2017-07-31,93.48629760742188,93.89945751294606,93.09192160521792,93.42996022538134,7576600
2017-08-01,94.7164077758789,94.90420386974071,93.86191907169558,94.23751842338098,6018100
2017-08-02,95.10140228271484,95.10140228271484,94.12484672748141,94.86665355782111,5955600
2017-08-03,94.4534683227539,94.93235759974691,94.20933487201764,94.78212218113694,5697500
2017-08-04,94.73517608642578,95.15772084198112,94.47225871283923,94.80090542982241,4618000
2017-08-07,95.2985610961914,95.34551369234117,94.45346451321812,94.76333445430173,7047100
2017-08-08,95.10140228271484,95.51456233099583,94.77275550065613,95.30798230685534,6283700
2017-08-09,94.810302734375,95.12017272671861,94.46287209169022,94.61311469305495,6902100
2017-08-10,93.42058563232422,94.7257877611587,93.36424823981555,94.40653298499437,8560800
2017-08-11,93.98394775390625,94.18114288574972,93.45811317288063,93.47689707303661,5268200
2017-08-14,95.6553726196289,95.88072929448735,94.60369619702367,94.819668084901,5657600
2017-08-15,96.3690185546875,96.5098691852781,95.74928580963378,96.11549315079294,5386000
2017-08-16,97.17314147949219,97.7468510786729,96.53359670542987,96.64646008043943,13408300
2017-08-17,96.0821533203125,97.37064271125905,96.0821533203125,97.18254427003193,7381600
2017-08-18,96.41133880615234,96.95682721037215,95.87525030208549,96.0069206591899,5670900
2017-08-21,97.07911682128906,97.20138012686708,96.24206631076042,96.51481415443234,5395000
2017-08-22,97.8785400390625,98.00080333694807,97.00386844904216,97.28602335246703,5481000
2017-08-23,97.0414810180664,97.78448216772387,96.86278244996623,97.59637652354034,5057200
2017-08-24,97.07911682128906,97.34245758745568,96.53362113394522,97.1731660698489,4082300
2017-08-25,97.20137786865234,97.69984533238684,97.0226864531894,97.48353278327444,4467400
2017-08-28,97.60576629638672,97.65279449296975,97.11670605920187,97.48350303096434,3919900
2017-08-29,97.59637451171875,97.87852938442944,96.53360455210189,96.79694527303374,7135300
2017-08-30,97.55873107910156,97.812664647411,97.36121842259007,97.53050985996113,8712700
2017-08-31,97.36122131347656,97.99136606742587,96.90037517741952,97.86909564066976,13766000
2017-09-01,97.71864318847656,97.8879346739142,97.2860109869129,97.85031354653958,4466800
2017-09-05,96.881591796875,97.30481691817714,96.1762118110406,97.24838881546918,6337500
2017-09-06,97.0414810180664,97.57756954687031,96.966238760393,97.19195835791659,6372200
2017-09-07,98.3393783569336,99.16702884610228,97.44589986121377,97.53994909621112,6508600
2017-09-08,98.21710968017578,98.53687849672156,97.86911963673218,98.12306045033857,5787200
2017-09-11,99.83480072021484,99.83480072021484,98.8942938969919,99.2046628707749,6956000
2017-09-12,99.8912353515625,100.29565359895741,99.46801012369488,100.29565359895741,5212400
2017-09-13,99.5338363647461,99.93825457576041,98.97893362149507,99.93825457576041,6215700
2017-09-14,99.76895904541016,100.48373901824623,99.22346340127436,99.22346340127436,8154000
2017-09-15,99.0353775024414,99.82539983874445,98.70619435348375,99.44919565100574,12622900
2017-09-18,98.59332275390625,99.24226752172977,98.39581720061241,99.08238309889622,7330300
2017-09-19,99.1387939453125,99.62785416975252,98.59329845134447,98.87544609700385,9754400
2017-09-20,98.7249984741211,99.47739959761981,98.24533800412368,99.22346592261961,8198600
2017-09-21,99.04473114013672,99.326885943018,98.4240006194905,98.75317643918885,4777600
2017-09-22,99.27987670898438,99.39274008678798,98.80962339804678,98.95070082642728,4959400
2017-09-25,96.89098358154297,99.36452045033994,96.63704996513007,99.22344302989025,9395300
2017-09-26,96.81574249267578,97.83148407069866,96.75930722270574,96.97562687735126,6263600
2017-09-27,97.70923614501953,97.92555583362096,96.77813656255327,96.93802097232594,8337400
2017-09-28,98.35818481445312,98.73438890050792,97.56815551618844,97.57756259160125,5947800
2017-09-29,98.9789047241211,99.1576032601059,98.46163044044744,98.51805853581303,7676300
2017-10-02,99.1670150756836,99.68428938408819,98.84723911050096,99.26106429762119,4885600
2017-10-03,99.30810546875,99.59966744405384,99.0259577456943,99.36454075375885,4411100
2017-10-04,99.04473114013672,99.44914919733604,98.65912723006,99.42093515214685,4146800
2017-10-05,99.91942596435547,99.92883304013353,98.89427714493496,99.31750227349461,4396100
2017-10-06,100.38027954101562,100.59659205574873,99.5714432348475,99.96645431213992,4587000
2017-10-09,100.64362335205078,101.24554706227853,100.20158405771238,100.25801216320353,4787000
2017-10-10,100.92577362060547,101.1985214299072,100.4649273378872,101.17971445276427,4015600
2017-10-11,101.9885482788086,102.12961854262926,101.19851892392967,101.292568158309,6473100
2017-10-12,101.67818450927734,102.24248711969771,101.48067895440506,102.04498156482543,6496100
2017-10-13,102.19547271728516,102.75977536431182,101.95093893922454,102.04498818447941,5154600
2017-10-16,101.85689544677734,102.56227558927442,100.78471820422162,102.3177417974027,5552200
2017-10-17,101.14208984375,101.9697331440078,100.91637024831543,101.809848729554,5979400
2017-10-18,101.38663482666016,101.57473331445094,101.066858786819,101.21734331744952,4817300
2017-10-19,100.65300750732422,101.36779449221564,100.54015131399618,100.88813414408496,10840200
2017-10-20,101.15151977539062,101.29259006972735,100.60602405229467,101.29259006972735,7848900
2017-10-23,101.13267517089844,101.79103410674831,100.7282570393965,101.62174262901503,6316700
2017-10-24,101.96035766601562,102.17667023726715,100.80353100826335,101.1609210512649,10511200
2017-10-25,102.97607421875,104.02944428183773,101.57472127693866,102.90083913784812,13261300
2017-10-26,103.26763153076172,104.151702889502,103.14536107573129,103.81311992641128,7380100
2017-10-27,103.1830062866211,103.57801744392943,102.22369245094401,103.52158932874191,7862700
2017-10-30,103.49335479736328,103.68145326110928,102.43998474409496,103.1453647463871,5148600
2017-10-31,103.43692779541016,104.10468667696847,102.19545926516858,104.00123036815697,8002500
2017-11-01,104.46208190917969,104.77245085129304,103.85075110136464,103.92599336166428,6167300
2017-11-02,104.37743377685547,104.7442308054618,103.64383254414633,104.41504772935663,5506600
2017-11-03,104.73480987548828,104.7912379722723,103.93538074390068,104.33979884700906,3757600
2017-11-06,105.2614974975586,105.47781717390231,104.58433159395595,104.73481609497696,4094700
2017-11-07,105.42140197753906,105.77879914778825,104.92293453008341,105.57188650722236,3697900
2017-11-08,105.7787857055664,106.19261093410984,105.16745493853536,105.34615350095119,4417800
2017-11-09,105.46842193603516,105.54366419499053,104.33040967744799,105.14865309871996,4334700
2017-11-10,105.2238998413086,105.31795626317292,104.65959718761034,105.0640154049353,4198900
2017-11-13,104.7724380493164,105.20507022993138,104.71600277323897,104.91351547626599,7185600
2017-11-14,105.31793975830078,105.37436786217822,104.21754150421563,104.47148232265698,5679600
2017-11-15,103.69084167480469,105.21446478871476,103.5873853857154,104.71599031605942,6895100
2017-11-16,104.60005187988281,104.99577003539171,104.17607687037842,104.3456683118222,5655100
2017-11-17,103.46945190429688,104.4964243444891,103.35638854197346,104.28914510766808,8812400
2017-11-20,103.59193420410156,104.27972376134764,103.34697436241777,103.59193420410156,6873200
2017-11-21,105.00518798828125,105.0428757744604,103.92169468552417,104.0630148984332,6456500
2017-11-22,104.41160583496094,105.20303484934016,104.29854249341844,105.0522837272835,4067600
2017-11-24,105.49512481689453,105.67414000893831,104.71311940642057,104.87328711077006,3045600
2017-11-27,105.88143920898438,106.03219039635668,105.43862376955582,105.52341592129355,6620500
2017-11-28,106.80474853515625,107.04971556611234,106.05100714215781,106.08869493062879,6671300
2017-11-29,103.50714874267578,107.04972200159959,100.71831692206293,107.04972200159959,14505400
2017-11-30,106.07925415039062,106.07925415039062,103.66729358128761,104.11011603944219,18533300
2017-12-01,104.32681274414062,105.93792760795374,103.41290384279546,105.88139234360672,13101800
2017-12-04,101.2176513671875,105.00518387728054,100.78425262541037,104.89212771137952,18909100
2017-12-05,102.30115509033203,102.92298558732189,100.4356492229421,102.59322644587195,12081500
2017-12-06,103.3940658569336,103.79920054562784,101.99965380389969,102.21634957447468,7532100
2017-12-07,104.95807647705078,104.96750022000438,103.12083476442254,103.42232984505044,7384900
2017-12-08,106.08868408203125,106.09810782523799,105.35379025252365,105.64586159804335,7594900
2017-12-11,105.87200927734375,106.79533502462313,105.6741537600696,105.99448921045308,7538600
2017-12-12,106.89897155761719,107.1533623497478,105.5233995334275,105.87200620892786,8754400
2017-12-13,106.75764465332031,107.75635314884747,106.64458846801581,107.17220316799992,8088900
2017-12-14,106.39016723632812,107.49250785693329,106.39016723632812,106.98374079219946,9815600
2017-12-15,107.2381362915039,107.59615946284192,105.89082854212332,107.37946368668284,16388000
2017-12-18,106.98377990722656,108.11438497943927,106.70112504506751,108.05785688229216,8961800
2017-12-19,105.6552963256836,106.72937314020088,105.59876823698605,106.72937314020088,7899400
2017-12-20,105.6364517211914,106.55977734394527,105.51396461639011,106.20175414976464,6201900
2017-12-21,105.90967559814453,106.55977011218995,105.8248762860978,106.08868358898114,8866400
2017-12-22,106.17350006103516,106.56921107931592,105.75894155338234,105.89084522614259,6190100
2017-12-26,106.45614624023438,106.8801284867287,105.58934863455538,105.58934863455538,3948900
2017-12-27,107.42656707763672,107.47367860501699,106.13579461065186,106.17348239491409,7073100
2017-12-28,107.73748779296875,108.27452614874116,107.39830491687985,107.6903834529736,6937100
2017-12-29,107.42656707763672,108.24626021186825,107.42656707763672,108.11435656105533,5249000
2018-01-02,107.88825988769531,108.42529834777622,107.36063798451642,107.94478798195287,6080900
2018-01-03,108.96231079101562,109.09421443826298,108.02956151742086,108.3027853665692,6946100
2018-01-04,109.36746215820312,110.57344265311251,109.3203506249101,109.52762987026217,7805300
2018-01-05,111.98670196533203,112.11860563219541,109.6877971630663,110.22483557478454,8590500
2018-01-08,112.43894958496094,113.51303367809054,111.24239274815235,111.75116715388388,6660700
2018-01-09,112.22222900390625,113.03249837628323,111.79825402012722,113.03249837628323,6562400
2018-01-10,112.09974670410156,112.16569852657393,110.66763971868775,111.82651567151328,7490300
2018-01-11,112.9100341796875,113.04194504240954,111.81711699256702,111.93018036566686,5982100
2018-01-12,113.14556121826172,113.39052823065941,112.78753803722671,113.17383244863116,5585800
2018-01-16,113.42822265625,114.88859388445826,112.9759835788069,114.17254029226106,8803800
2018-01-17,114.92628479003906,115.09587624573359,113.74856834444115,114.19138368988895,7991500
2018-01-18,115.99093627929688,116.0757284118766,114.97338755907654,115.43505038672423,8661000
2018-01-19,115.60464477539062,116.49971359742992,114.86975085486436,115.93441113457978,8250700
2018-01-22,117.14038848876953,117.14038848876953,115.32199403689022,115.76481656381475,9355000
2018-01-23,117.44187927246094,118.2521487198639,117.02732080498677,117.39476774180784,5683300
2018-01-24,117.34766387939453,118.19561392893623,116.55623472808915,117.8187504350112,6425200
2018-01-25,117.97892761230469,118.21447090902684,117.4230416941707,117.77164836107544,7166400
2018-01-26,119.01528930664062,119.07181738462494,117.54550177337406,118.49709129775341,5604900
2018-01-29,117.62091827392578,119.54295278211768,117.47959802114217,119.41104908737813,6257900
2018-01-30,116.4054946899414,117.1027008030445,115.73654543280325,116.6598782757322,8154400
2018-01-31,117.04618072509766,117.28172402696171,115.92499230799721,116.6221984688157,7338200
2018-02-01,118.45000457763672,118.95877891978657,116.92368155118716,117.52667176672541,11169700
2018-02-02,113.91816711425781,116.56567155371764,113.72030441306813,116.56567155371764,13937700
2018-02-05,109.54647064208984,114.12543279529952,108.35933763067311,111.83595171869467,16623900
2018-02-06,113.03251647949219,113.34343535110519,106.70111162000592,108.53834642824486,19053300
2018-02-07,112.73099517822266,115.37849887390907,112.3164367789915,113.14554638924464,9294000
2018-02-08,107.2758560180664,112.89120820695062,106.97436083974416,112.61797707843797,12673400
2018-02-09,109.59355926513672,110.43209263094889,104.60003966333026,107.92591627588365,17695500
2018-02-12,111.61925506591797,111.96785453357188,110.12119600833766,110.97857703159501,11526300
2018-02-13,111.50619506835938,111.93017731476884,110.35674263191422,111.0351084756006,7803900
2018-02-14,113.84278869628906,113.95584487905452,110.70535023674927,110.81841360772574,9206400
2018-02-15,115.40949249267578,115.43780574037463,113.22928601117424,114.86207903475075,6921300
2018-02-16,115.00366973876953,116.07961651719623,114.73940311960864,114.79602962350731,6371400
2018-02-20,115.15467071533203,116.1362374793214,114.22029029917249,114.53175043789234,6182800
2018-02-21,113.6634521484375,115.92860583025801,113.6445790480759,115.19243250382948,7676100
2018-02-22,113.61627197265625,114.56008551780427,112.89897886286641,113.88997876483629,4994000
2018-02-23,116.02298736572266,116.0513006170259,114.4090672349113,114.73940050132443,5036900
2018-02-26,117.58970642089844,117.59914657097062,116.39106658781989,116.63646008462385,6270500
2018-02-27,116.43827819824219,118.25983860558338,116.41939789516928,117.69354472500932,7287200
2018-02-28,116.03238677978516,117.95776640042084,115.97575309633645,116.70249322802675,6780900
2018-03-01,113.63512420654297,117.03285068964594,112.89895097528849,116.33443085495887,8819600
2018-03-02,113.98435974121094,114.18256692417754,111.23786604361831,112.39875268255996,7581900
2018-03-05,115.0319595336914,115.43779953056644,112.72906003580127,113.68230626043017,5810200
2018-03-06,114.25804901123047,116.31556253127422,113.88996235770783,115.92860277788691,7464400
2018-03-07,115.00366973876953,115.37175641556153,112.97446934060505,113.28592951349839,7254100
2018-03-08,115.35289001464844,115.91917668870326,114.36188293450822,115.10749648229192,6948900
2018-03-09,117.51421356201172,117.77848017339122,115.96636009473886,116.32500661007887,6397700
2018-03-12,117.2593765258789,117.95780363668175,116.54208351584207,117.74072338316738,8636000
2018-03-13,116.27781677246094,117.97668390092439,115.99467705153393,117.26882379751885,9479500
2018-03-14,115.69265747070312,117.07062427984249,115.05086401980154,117.07062427984249,7855000
2018-03-15,116.47602844238281,117.42927490064373,115.80591451527279,116.21175461161553,5861900
2018-03-16,117.53309631347656,118.0238833755313,116.40052297150143,116.89130283283048,9447100
2018-03-19,116.28723907470703,117.32543229354013,115.40949239317852,116.97622597125651,17387800
2018-03-20,117.89173126220703,118.13711755338404,116.37219116355334,116.44769076044842,7779700
2018-03-21,116.29669952392578,118.39196662625625,116.15512606011754,117.88230647698191,7359500
2018-03-22,113.24817657470703,115.78703712053886,112.97446980353304,115.33400348531714,10501500
2018-03-23,110.42617797851562,113.56907861838596,110.19966475783976,113.15379837987562,10024300
2018-03-26,113.86164093017578,113.9560208241707,111.18121449695364,112.39872737071941,8735400
2018-03-27,110.80369567871094,114.76770911700683,110.18077537229952,114.69220231609789,9008600
2018-03-28,110.41673278808594,111.43605303569439,109.51067274600904,110.36010628568273,9420400
2018-03-29,112.8989486694336,113.81444151478013,110.46390864599897,111.06794857729258,12918100
2018-04-02,111.73805236816406,113.09714578008787,110.1996393315786,112.5686054528265,9877100
2018-04-03,112.50254821777344,113.24816162688947,110.88862825654418,112.20996838408243,7084800
2018-04-04,113.07828521728516,113.3708722783026,110.152465012186,110.33179186886846,8425700
2018-04-05,114.38076782226562,115.15469465466555,113.60684098986569,114.20144094134852,6816000
2018-04-06,111.08684539794922,113.7861525676841,110.5394390438109,113.4275060321141,8383800
2018-04-09,112.1156005859375,113.88996727961867,111.96458697759432,111.96458697759432,7024800
2018-04-10,113.93717193603516,114.35245219872441,112.9178515825575,113.78615831297512,8947200
2018-04-11,113.04997253417969,114.82434640738106,112.89896612836633,113.24817249221759,5874900
2018-04-12,114.26749420166016,115.12636789824627,113.62570076707966,113.63514091779082,5666000
2018-04-13,113.96550750732422,115.5888682694828,113.8711275747928,114.89044812787758,9174300
2018-04-16,115.0319595336914,115.96633986183494,114.68275322989177,115.24903975557874,6903200
2018-04-17,116.84410095214844,117.27825424891006,115.63601376030881,116.00410760830373,5979600
2018-04-18,117.48590087890625,117.85398754663944,116.44770032814583,117.08949375919539,5171000
2018-04-19,116.9950942993164,117.71239441429441,116.23060784037965,117.3254275099234,7294100
2018-04-20,117.22161865234375,117.80678553888991,116.38162532208896,117.0894853554986,7479400
2018-04-23,117.4670181274414,117.94836499086985,116.93848491315134,117.31601172366925,8004300
2018-04-24,114.45626068115234,118.01444163045906,113.77672100557929,117.85399506264565,9434400
2018-04-25,114.39961242675781,114.53174571639346,112.66299936256131,114.33354578194,8001200
2018-04-26,119.9398193359375,120.42115902850017,116.82523195686215,118.10881887181347,14345800
2018-04-27,118.92991638183594,119.9209160300065,118.34474954144662,119.33575639034123,6842700
2018-04-30,119.75104522705078,120.71373895661708,119.54341232137031,119.6189119231064,8449200
2018-05-01,120.34565734863281,120.40228385249377,118.45803041219756,119.73217715414629,6407300
2018-05-02,119.27912139892578,120.90248861602292,118.92047493978072,120.69484133868508,8515300
2018-05-03,120.03418731689453,120.29845391417378,118.27869383413982,118.74116037937851,6778600
2018-05-04,120.9591293334961,121.14788913403817,118.98655557442474,119.2319490757093,5798400
2018-05-07,121.99732208251953,122.24272279789614,121.04407567691548,121.18564193467088,5737300
2018-05-08,122.60138702392578,122.66746089193452,121.1007267810647,121.8840938364996,5044700
2018-05-09,123.48856353759766,123.6395771645288,122.30879657992085,122.70519654952601,6119400
2018-05-10,123.63955688476562,124.34741694326618,123.37529028170806,123.91325643741462,6585800
2018-05-11,124.41346740722656,124.66828661134143,122.91279342020367,123.63953364272257,5437100
2018-05-14,123.83773803710938,125.05525074546641,123.3280708371856,124.98917690784985,5017000
2018-05-15,123.73393249511719,124.01706497106267,122.60134498554163,123.2242652355185,5532300
2018-05-16,123.53575897216797,124.0170987136868,123.20541845842118,123.72451880797227,5124200
2018-05-17,122.82672119140625,123.6491681082652,122.52422308920077,123.44119435224029,4911700
2018-05-18,122.82672119140625,123.21430995714279,122.01375123097039,122.53367119644146,6082700
2018-05-21,123.51685333251953,124.32037538639592,122.88348379901879,123.79099275687858,5591800
2018-05-22,123.56411743164062,124.5756132501138,123.36559174178643,123.83825684424538,6645500
2018-05-23,124.670166015625,124.69852477098394,122.70387723802891,122.94965792600499,6569100
2018-05-24,124.67955780029297,124.98207028691886,123.36554983876403,124.61339220921187,6035200
2018-05-25,124.10295104980469,124.87812875977012,123.77207970050831,124.67015495585717,7509600
2018-05-29,122.59986114501953,123.88551063879277,122.00429857504894,123.26158932021332,10401900
2018-05-30,123.4979476928711,123.93280597022073,122.77003933549243,123.08200006008329,10631300
2018-05-31,123.5735855102539,124.38657019484492,122.87403585271394,123.50740546140979,11086000
2018-06-01,123.69647216796875,125.26570946069018,123.23325514068509,124.63233990783,8323400
2018-06-04,125.7950668334961,126.26773182150876,124.24471182520745,124.72683934471843,7178000
2018-06-05,126.25827026367188,126.31498775473626,125.445285901037,126.08811779047869,6198200
2018-06-06,128.82957458496094,128.85793333172865,126.30554515049558,126.67422328306712,8065800
2018-06-07,126.52300262451172,129.11321281345676,125.77619804180394,128.90523899556945,8309200
2018-06-08,127.373779296875,127.5439317863016,125.94632165414392,126.14484731640047,5261000
2018-06-11,126.58917236328125,127.79919388270453,126.49463357208487,127.52504004299159,7988700
2018-06-12,127.48719787597656,127.74244100184634,126.2393554158046,126.7120203917018,5743300
2018-06-13,127.05238342285156,128.34749571069827,126.9673071598486,127.78973988473436,4881600
2018-06-14,127.61953735351562,128.28126540302333,127.38320487693504,127.58173050408217,6464100
2018-06-15,127.71412658691406,128.3096748545383,126.67425750916487,127.71412658691406,10044500
2018-06-18,128.75392150878906,128.8579083683226,126.78763370780237,127.02396616814325,8713300
2018-06-19,127.72354888916016,127.84644641658758,126.26774689906459,127.20361445534301,6557600
2018-06-20,128.0922088623047,129.21715381633615,128.0922088623047,128.11111950028408,7192000
2018-06-21,127.17524719238281,128.67831847121303,126.92000404658043,127.87479660419284,8689800
2018-06-22,127.9315414428711,128.4231172001511,126.92003117544823,128.18678464323114,6031900
2018-06-25,123.77206420898438,127.53448842733835,122.448607826634,127.53448842733835,10086200
2018-06-26,125.30350494384766,126.47570501088695,124.41489236103251,124.8875574008625,7733900
2018-06-27,123.85712432861328,126.35279462298433,123.84766179812108,125.73832154914732,7282100
2018-06-28,125.483154296875,125.84237001669807,123.50740292716512,123.83827431540355,6576500
2018-06-29,125.20896911621094,126.85384868642906,125.20896911621094,125.9935948317671,7259000
2018-07-02,125.2562484741211,125.77618295647959,123.98004696511329,124.74577652527422,7554400
2018-07-03,124.26364135742188,126.11649473897067,124.23528260779652,125.73835403631128,3621600
2018-07-05,126.00301361083984,126.0408348838856,124.6228400610445,124.90644191053057,4729300
2018-07-06,126.75933837890625,126.93895344655337,125.25626664111586,126.27722511148174,4839800
2018-07-09,128.11114501953125,128.53654069896686,127.42104362942719,127.56285180563457,8960700
2018-07-10,129.21719360351562,129.82220438383064,127.94099200187557,128.15842834411308,6561900
2018-07-11,130.59732055664062,131.22124175560674,129.13207074411514,129.16042948728727,10648700
2018-07-12,132.25169372558594,132.29896312211866,131.07949346930414,131.410350395844,11816100
2018-07-13,131.79791259765625,132.37456449970412,130.02068750453986,132.14768009698977,7865700
2018-07-16,130.89039611816406,131.92080234029206,130.60679423764137,131.79790482632768,4969900
2018-07-17,132.0059051513672,132.26114833768005,129.90727100744738,130.6257167480908,5412600
2018-07-18,133.1969757080078,133.45221881714846,131.7506221305264,132.2611083488077,7008600
2018-07-19,132.46913146972656,133.28211605509054,132.28005388159025,133.24429476762538,7937000
2018-07-20,133.2821044921875,133.73585893024068,132.27059429687196,132.34622244064641,7153600
2018-07-23,132.3745880126953,133.26320071709304,132.00590980816798,132.97015066023724,7723600
2018-07-24,132.3745880126953,133.73586582159444,131.88301226512746,133.2821113601595,8336700
2018-07-25,134.84185791015625,134.96475541443866,132.2516487615078,132.66759623022693,8376000
2018-07-26,134.70956420898438,134.98370364195617,131.90193213781896,133.868220841084,10520800
2018-07-27,133.0174102783203,135.31455559354296,131.59941506904414,135.2578380931068,7014900
2018-07-30,129.0186767578125,132.74328048968536,127.91264202531046,132.46914104642076,12812400
2018-07-31,129.26441955566406,130.4744407096126,128.21510275853478,129.63309765062354,7683300
2018-08-01,130.69189453125,131.1551115021891,129.89782065929168,130.20978134283104,7087700
2018-08-02,131.3252410888672,131.58048422623634,129.51020923060094,129.93560484315552,12300000
2018-08-03,132.17599487304688,132.2138017111669,130.39877056511418,131.6749569020057,4617500
2018-08-06,132.0720977783203,132.59201788482076,131.44817634100565,132.0153658457139,5143000
2018-08-07,132.6109161376953,132.9985049723493,132.2233273030413,132.32731419954374,10034500
2018-08-08,132.98902893066406,133.28209337256246,132.1855070162106,132.327300758587,5389500
2018-08-09,132.3556365966797,133.5184027812639,132.25164972873938,133.03627529145442,5679300
2018-08-10,132.0910186767578,133.04581165531786,131.63726410329633,132.23282689787553,6523500
2018-08-13,132.5447540283203,133.51844298284678,132.18552393553006,132.8472521923062,4817500
2018-08-14,133.064697265625,133.2821336357439,132.2328163513935,132.62985337458056,5888700
2018-08-15,132.2706298828125,132.9985383409579,131.24967130407018,132.67712946189016,5288400
2018-08-16,133.1605682373047,133.95585033039967,132.94281947726,133.55821650699158,5931700
2018-08-17,133.80435180664062,134.16412189345394,133.08482607929116,133.28363574579956,7699600
2018-08-20,133.4351043701172,134.05996357270473,133.2078789020102,134.00314637097134,4662200
2018-08-21,132.58297729492188,133.92737616005974,132.35576634576014,133.49186443038155,6854300
2018-08-22,133.6244659423828,133.9936983384788,132.40316323107362,132.40316323107362,4191700
2018-08-23,134.53334045410156,134.86469467962579,133.27415972604788,133.50137075011574,4426800
2018-08-24,136.52149963378906,136.69192233624128,134.74161746874458,134.74161746874458,5714000
2018-08-27,137.65756225585938,137.84692397523426,137.00431633059137,137.2694054021911,7194900
2018-08-28,137.46824645996094,138.38659611338147,137.155816886978,137.87535691431117,4925700
2018-08-29,139.20077514648438,139.45640191878576,137.67650571298148,137.71438383657426,5192900
2018-08-30,138.92625427246094,139.84460394662855,138.56648425066655,139.00199609001106,7804600
2018-08-31,139.06825256347656,139.77831580710102,138.6990202546428,138.92624569326114,5786600
2018-09-04,139.92982482910156,139.98662758749703,138.85999139173276,139.1061414935385,7638100
2018-09-05,135.0729522705078,139.94872818521125,134.95934678270675,139.17238549517697,11363400
2018-09-06,136.80552673339844,136.99487405415513,134.9498883189237,135.6599516064673,9589200
2018-09-07,135.57476806640625,136.7487447474082,135.1487329184406,136.32270959944256,13626200
2018-09-10,136.40789794921875,136.74872891739207,135.58422912874784,136.4552383926852,5362700
2018-09-11,137.74276733398438,137.77116869985818,135.62204052236677,135.82086452975292,9895900
2018-09-12,138.76531982421875,138.98306853879419,137.34519313161445,138.08365785606662,6964100
2018-09-13,139.7688446044922,140.18541732564955,139.25759101169987,139.31439375617174,5803400
2018-09-14,139.96768188476562,140.4694588218429,139.50378308234076,140.03396139726954,4928300
2018-09-17,138.39602661132812,140.024439161874,138.0646724952561,139.95817411716797,7708600
2018-09-18,139.7688446044922,140.20434194295834,138.17829552791616,138.41498326073076,5692100
2018-09-19,139.57005310058594,140.89551338121143,139.4091071382918,140.38425966919374,7432300
2018-09-20,141.2930908203125,141.52977851399322,139.36171114996625,140.10965235190878,7172700
2018-09-21,142.06004333496094,142.2588530290739,141.3973202774524,141.9653624211972,15628100
2018-09-24,141.17007446289062,141.68131376341233,139.4280556917269,141.2174149129686,6706700
2018-09-25,141.6150360107422,141.9748060635901,141.16059951249142,141.73811828066928,4230700
2018-09-26,141.321533203125,142.4102911315348,141.1037700604234,142.0126574242997,5852400
2018-09-27,142.0316162109375,142.61859732031743,141.59610431133925,141.91799624575555,5868500
2018-09-28,142.0978240966797,142.36291316496272,141.58658502106837,141.83273502839668,6035900
2018-10-01,142.7605743408203,143.48957664253683,142.5901660981267,142.85525521761025,9802100
2018-10-02,141.70025634765625,142.80795356482798,141.2268807276883,142.80795356482798,8047500
2018-10-03,141.4161376953125,142.68479452509078,141.2457295152596,142.68479452509078,7521100
2018-10-04,138.94515991210938,141.33097627707235,138.32031528365576,141.23629540649955,9208900
2018-10-05,137.6196746826172,139.56051639902256,136.71078770476365,138.83151435557627,7085700
2018-10-08,134.33450317382812,137.28836176692874,132.71555255490227,137.28836176692874,11637300
2018-10-09,134.732177734375,135.65998998092752,133.60554135470764,133.9274477819545,10798000
2018-10-10,128.3037109375,135.09191447563776,128.01022041288948,134.97830896837564,15450100
2018-10-11,126.60901641845703,129.93212191642158,125.2172911912586,126.94984738116429,15657200
2018-10-12,132.60194396972656,133.47295316419482,130.11198419398892,131.10607564239825,12993300
2018-10-15,129.92263793945312,132.60194504949717,129.91317562994752,132.45046141976292,7953000
2018-10-16,134.1924591064453,134.5711536352768,131.2953896204303,131.32380543404943,11059500
2018-10-17,134.8646697998047,135.25284115601175,133.23625701177443,134.76052661756069,9170600
2018-10-18,131.8730010986328,134.87421586199022,130.6043576421297,134.87421586199022,10222600
2018-10-19,132.62088012695312,134.61852528939912,131.95815732463603,132.45045743705808,8696900
2018-10-22,133.1510772705078,134.0031475021193,132.08124387943562,133.46350687443888,6099500
2018-10-23,131.71202087402344,132.58303023490012,128.3699903304457,129.60076976617805,10736100
2018-10-24,127.11079406738281,132.7155586951199,126.8646439886608,132.26112222429663,13849600
2018-10-25,133.03746032714844,133.39721589926418,125.44451293332185,128.23742561503528,14985900
2018-10-26,130.405517578125,132.4220878429679,128.81496802457593,130.63272862414837,12034900
2018-10-29,127.17707061767578,133.97473624051005,125.22676576090214,132.17591501924448,12768200
2018-10-30,125.69065856933594,127.67884146382161,122.87880692103923,125.99362582598187,15107600
2018-10-31,130.50962829589844,131.71199163848493,127.80191991681622,127.80191991681622,13205300
2018-11-01,133.33094787597656,133.36881156041477,130.16880293638138,131.59839177587793,16024000
2018-11-02,132.3368682861328,133.91794089774976,130.509645587903,133.59604898919252,17063100
2018-11-05,132.35577392578125,132.74394524785768,130.71789897293198,132.35577392578125,6280000
2018-11-06,133.29306030273438,133.40668024054833,132.28004429519106,132.355786104976,4732700
2018-11-07,137.07058715820312,137.18419263760418,134.741588152852,134.76051276857115,20502100
2018-11-08,137.4966278076172,137.71439091378812,136.00075966679975,136.90018456995767,5927400
2018-11-09,136.26585388183594,136.87178834306164,134.77946243967557,136.52148067688145,8339800
2018-11-12,132.28009033203125,135.99135362546906,131.759374237458,135.78306718763977,11335100
2018-11-13,132.28009033203125,134.3440011934404,131.6078905651679,132.87654826274954,6287000
2018-11-14,132.0623321533203,135.00672900920404,131.03983910778143,134.4576115710659,6613900
2018-11-15,134.52828979492188,134.59468831327655,130.81984281708634,131.69243049487102,8565000
2018-11-16,132.9538116455078,134.5282432745164,132.70721967449322,133.18144502258914,8628000
2018-11-19,127.81321716308594,133.32372814719548,127.32951249321897,133.2288772838287,16253000
2018-11-20,126.49490356445312,127.59511018322077,122.86233454587253,123.59264585842509,12720200
2018-11-21,127.49075317382812,128.7806468242704,126.74148341915401,127.43384844210736,7416300
2018-11-23,126.02067565917969,127.32954262791567,125.66027413195243,125.75511054555402,3676000
2018-11-26,128.9324188232422,129.48252208686412,127.32953447224615,127.66149807912205,9144600
2018-11-27,128.90394592285156,129.28332043696076,127.20621096251928,128.30641731453002,7877900
2018-11-28,134.09202575683594,134.24376693916653,129.8145018866321,130.0042036909229,11265100
2018-11-29,131.92953491210938,133.447047771536,131.5596396149515,133.43756847189056,8751500
2018-11-30,134.40499877929688,134.9266352561891,131.4837679365167,131.84416947863318,11362800
2018-12-03,137.52537536621094,138.20826114649594,136.43466266081185,137.52537536621094,11285600
2018-12-04,131.49325561523438,136.90891758650312,131.36047304447513,135.75180612465186,13988900
2018-12-06,133.7789764404297,133.83588116785924,126.59919757074097,128.07877837274677,16391900
2018-12-07,130.04208374023438,134.80331058779967,128.97982352457106,133.56084241293416,14007700
2018-12-10,130.77239990234375,131.14229513253412,127.90807445674551,129.22642047944555,15744300
2018-12-11,129.757568359375,132.83055455750667,128.9134476174486,132.72622437716913,12466300
2018-12-12,130.69651794433594,133.6177480289959,130.64909251177713,132.11919408783987,10387200
2018-12-13,130.44992065429688,131.95796847130364,129.13157458086107,131.17075254655978,8780900
2018-12-14,128.12620544433594,129.67218476295352,127.61404841869977,128.69528167034022,9351200
2018-12-17,124.62642669677734,127.50023140225434,123.95303474744941,127.29158554509851,11796200
2018-12-18,125.82147979736328,127.2536352179217,125.00581157458322,125.4705431792374,12761900
2018-12-19,124.49365997314453,128.8660192027589,122.84336466870894,126.07757124010428,13819000
2018-12-20,122.12254333496094,125.2050090290516,120.59554390987577,123.450383394205,18091700
2018-12-21,117.85450744628906,123.61160395308247,116.61203188272695,120.62398225740189,25448600
2018-12-24,115.45494079589844,118.755546148836,115.33163753758599,115.78689719114982,8617700
2018-12-26,123.51677703857422,123.52627081135678,116.6594799521439,116.67844578938711,13499500
2018-12-27,125.2049789428711,125.2049789428711,119.99798632464115,121.39221009210443,10883000
2018-12-28,124.19017028808594,126.73201189928518,122.97615422419778,126.21985475166892,7381300
2018-12-31,125.13858795166016,125.61281330271406,123.51673088328371,124.89198150689823,7976000
2019-01-02,126.06809997558594,126.84583671012099,122.91925031121295,123.29862490665586,8788000
2019-01-03,121.52501678466797,124.51263128988847,121.28789682680757,124.4462472533475,9428300
2019-01-04,126.76044464111328,127.65199071577062,123.4219082185043,123.71592565329325,11065800
2019-01-07,129.0462188720703,130.0989998825203,127.13034412457701,127.51921244199801,12928000
2019-01-08,129.74807739257812,131.06642347708447,128.9513821628501,130.85776313517314,9243000
2019-01-09,131.27508544921875,132.2899203318344,130.52580117426555,131.17075527696747,9987600
2019-01-10,131.52171325683594,131.66398960619983,129.33079351545675,129.75759361911764,12514900
2019-01-11,130.94317626953125,131.45534804510115,130.32668875057885,130.6491586998088,5860100
2019-01-14,130.03260803222656,131.0095111801437,129.605793602456,129.92827786729316,8666700
2019-01-15,130.26022338867188,130.6206393071503,128.27796478146067,129.8998219424035,7594900
2019-01-16,130.26022338867188,131.71135188794227,130.0041521044783,131.26557887473268,7258000
2019-01-17,130.20333862304688,130.8008673222049,129.5489051853428,129.9093211590841,5864900
2019-01-18,131.3604278564453,131.45527871959382,129.5963088962357,131.18021989978902,10263500
2019-01-22,130.93365478515625,132.32787882072645,129.91880533561064,130.79137846123743,8102300
2019-01-23,129.9472198486328,131.81566880850787,129.13155170131574,131.6165022741423,5465800
2019-01-24,130.6017303466797,131.18977994530002,129.48256485162622,130.04214759915294,4924800
2019-01-25,131.52171325683594,132.6883040660998,130.60171452536795,131.83470385877803,9756300
2019-01-28,128.9798126220703,130.4214472294081,127.86063329899068,130.4214472294081,9857200
2019-01-29,128.0408477783203,129.64373181791353,127.19672721259606,129.54888095660135,7457700
2019-01-30,130.50682067871094,130.79134430782563,128.52454773855493,129.0841446443015,8078100
2019-01-31,128.05032348632812,128.73320914644802,126.42848089770018,127.46228868486175,20095700
2019-02-01,132.92539978027344,133.1151015550748,128.287475041765,128.41077830094318,13248300
2019-02-04,134.2058563232422,134.22482940109197,132.00544240364522,132.5839982642101,11882700
2019-02-05,135.1827392578125,135.58108699827105,134.51882635704825,134.68006131350415,8455700
2019-02-06,134.19639587402344,135.07844874301645,133.77907493600608,134.6421691967038,6146900
2019-02-07,132.9444122314453,133.78853327937844,132.03390712043898,132.70729941492232,10675300
2019-02-08,133.14353942871094,133.16249802635585,131.37942020953508,131.5406551227884,5950700
2019-02-11,133.54188537597656,134.95506790990797,133.20992178262782,133.9781646716907,7600100
2019-02-12,134.67054748535156,135.43879039300376,133.96868861464836,134.48084572901246,6090000
2019-02-13,136.09323120117188,137.2408487392814,135.50518177462888,135.52415484573362,6885600
2019-02-14,136.01722717285156,136.32125366309802,135.2951370757558,135.84620049289174,6314000
2019-02-15,137.679931640625,137.679931640625,136.64431907077622,137.33789273253583,6536000
2019-02-19,137.23333740234375,137.65138643639756,136.83429455096592,137.21433121966777,8406700
2019-02-20,137.5088653564453,137.61337761765228,136.35924498063866,137.14783486111486,5283100
2019-02-21,136.81529235839844,137.79390058144216,136.03619831812748,137.1478353263131,8573400
2019-02-22,138.5919952392578,138.98154228449826,137.21434406441355,137.21434406441355,9680800
2019-02-25,138.7725067138672,139.85562718215508,138.53498016821223,139.58010276808204,9731200
2019-02-26,139.70362854003906,140.04566739911922,137.78442418947964,137.95543637028368,7332500
2019-02-27,139.87466430664062,140.13119709198693,138.6395230965164,139.19058654403253,9731200
2019-02-28,140.72975158691406,141.39483764720848,139.88415749329667,139.91265952474097,6250200
2019-03-01,142.0124053955078,142.44944622285462,140.97679289432384,142.00290955055615,7016800
2019-03-04,140.57772827148438,142.6964611669133,139.6181116728034,142.58245305517735,6979700
2019-03-05,140.56822204589844,141.84136098912663,140.4542139308247,140.61573025966965,9678600
2019-03-06,140.43516540527344,141.10974704350983,140.06462464552868,140.61568786469448,8186400
2019-03-07,139.50408935546875,140.43518933393153,138.75349736971657,139.9126280459021,8761700
2019-03-08,139.99815368652344,140.12165763364172,137.29034523073545,138.18344737397697,5168100
2019-03-11,143.1525115966797,143.43754638043038,140.6347357514033,140.7202418372871,9361500
2019-03-12,144.15966796875,145.4993217319348,143.34257572639714,143.46609422154177,9465100
2019-03-13,144.86268615722656,146.35434527720298,144.45413297317688,144.70116985108066,8308900
2019-03-14,146.5063934326172,146.9719507541892,144.70119720157354,144.94821962869855,9364900
2019-03-15,147.70355224609375,148.99569757306202,145.70832294060017,146.05036183589982,20162000
2019-03-18,147.2284393310547,148.60609019886007,146.7153739474097,148.1405330170293,9689400
2019-03-19,146.87693786621094,148.16908308826018,146.44939290617037,148.16908308826018,9236100
2019-03-20,146.078857421875,147.1429719391877,145.0907531554379,146.63941671242557,6391400
2019-03-21,148.02658081054688,148.86266458873317,145.6608106428139,145.67032098524754,7027100
2019-03-22,145.43276977539062,147.91253315546902,145.22374524184465,147.25697202477025,8119800
2019-03-25,145.3947296142578,146.37333769903515,143.97906636175534,144.75816029194903,7568000
2019-03-26,147.55152893066406,147.83656375423698,146.0978672776629,146.0978672776629,15594400
2019-03-27,146.52542114257812,148.0835951753867,145.70832899747884,147.71305423153206,12253800
2019-03-28,146.9529266357422,147.34247366355382,145.9458163667426,147.1999490327233,16902200
2019-03-29,148.39710998535156,148.49211191985745,147.19996673130612,147.96005469471373,12164400
2019-04-01,149.41372680664062,149.86027797312863,148.73915938320428,149.67025959318065,6420100
2019-04-02,149.9077606201172,150.25929528792727,148.92915235772375,149.79375251109136,6215100
2019-04-03,150.5538787841797,151.17144219548555,149.97431325308023,150.63938488774986,8209300
2019-04-04,149.77474975585938,150.77236422508554,148.72013123081533,150.62034374459049,5100200
2019-04-05,149.7842254638672,150.71533990862653,149.3851826293142,150.11676840806254,4178300
2019-04-08,149.87928771972656,149.97430416069358,148.52064249823357,149.68926933526598,5604700
2019-04-09,149.63218688964844,150.10723985069538,148.66307478982228,148.74858084341892,6364100
2019-04-10,150.64886474609375,150.85788930873247,149.66076049337028,150.10731165014639,3918600
2019-04-11,149.98377990722656,151.35193528796069,149.58473700409104,151.17141277279833,5771400
2019-04-12,151.6749725341797,151.6749725341797,149.98378444226697,150.79138061426355,6745100
2019-04-15,152.43504333496094,152.4730412046443,151.2474105671399,151.85547796436546,8142800
2019-04-16,152.23553466796875,153.0621370413389,151.5894693161111,153.00511848311126,6021400
2019-04-17,152.43504333496094,153.03361488913325,152.31152488791705,152.84358204830562,4609100
2019-04-18,152.1690216064453,153.0621238076555,151.06689486888934,152.90059298618476,7859400
2019-04-22,152.39703369140625,152.47304392960166,151.13340516163532,151.25690911341613,4602600
2019-04-23,153.59417724609375,153.8032017773418,151.89347896889092,152.96710365234955,6522900
2019-04-24,153.4326629638672,153.94571395808165,152.63456269874243,153.67968536886366,7376500
2019-04-25,152.986083984375,153.53714724659352,150.639320823491,152.5110309477178,8862500
2019-04-26,154.80079650878906,154.8958129279622,152.39702897790377,153.2141208913944,7525400
2019-04-29,155.9599151611328,156.29245810502474,154.9623153243951,155.06682757840665,10003600
2019-04-30,156.2259521484375,157.43259105578701,155.74140321594427,156.7485134466967,6432700
2019-05-01,154.6678009033203,157.47062613532026,154.6298030295432,157.2805932740192,5248100
2019-05-02,153.08114624023438,154.94336125693118,152.4255704716142,154.01226099731971,6054900
2019-05-03,153.95523071289062,154.62031677374372,153.13813865003115,154.20226764891245,4317500
2019-05-06,154.1832275390625,154.5347621814755,150.30679264006525,150.31630298011072,10442400
2019-05-07,152.2164764404297,153.708135202207,150.76280103925592,152.91954554570762,6413600
2019-05-08,152.73907470703125,153.63217689680917,151.56095224176744,151.7984788029862,5445900
2019-05-09,151.83648681640625,151.87449918732406,149.32820674228444,150.9338887229765,6813700
2019-05-10,152.69155883789062,153.34711987385998,149.4231915101507,150.93385674091823,5192500
2019-05-13,149.480224609375,150.8008717749084,148.61562440455498,149.34721030843897,9730000
2019-05-14,152.2164764404297,153.46111288109122,150.059731933978,150.21175236118734,9756700
2019-05-15,154.6678009033203,155.01935009874975,151.1619207728771,151.37094532233075,7547000
2019-05-16,156.8849639892578,157.5796188730676,154.97231811576563,155.53373958095082,9745500
2019-05-17,156.14273071289062,157.19897137509633,155.29583609326764,155.38147369620515,4582500
2019-05-20,155.5527801513672,156.7612752508362,154.46799350484812,155.43859666850355,4747400
2019-05-21,155.9238739013672,156.8754415403308,155.28632532563395,156.6090037630026,9095700
2019-05-22,156.28549194335938,157.60817053046657,155.5337452924028,155.6764891662691,5416400
2019-05-23,153.68765258789062,156.29495261045662,153.03108324841435,155.58127702776048,6138000
2019-05-24,154.762939453125,155.49565050234247,153.8874990851233,154.86761246015607,4105600
2019-05-28,155.78115844726562,157.74138563507069,155.41955806590582,155.4861602562888,10202300
2019-05-29,154.84861755371094,155.58132879461002,153.65915785344635,155.39101814652204,6456000
2019-05-30,154.8771209716797,155.58128614833595,154.0968431724688,154.91519180272476,4750600
2019-05-31,153.5164031982422,154.27766018491283,152.7836920780919,153.1167465471882,5079000
2019-06-03,150.9186553955078,154.94378303082627,149.15824919833634,153.71625246615997,8034600
2019-06-04,154.46798706054688,154.50604337998993,150.96621036118157,152.52678081422184,6684800
2019-06-05,157.37973022460938,157.38924067140405,154.81050117273347,155.58126843631965,7769300
2019-06-06,158.8356475830078,159.29239592387216,156.95154797214545,157.8460237578404,13738500
2019-06-07,161.81405639648438,163.29849937439974,159.6730295199293,159.86334011611396,10528800
2019-06-10,162.5467987060547,163.68867702258925,162.25180052748783,163.51738728923527,7565900
2019-06-11,162.06149291992188,163.84091987540702,160.26303054487084,163.62206336959702,6082900
2019-06-12,163.2794647216797,163.30801058525236,161.48100271776184,162.12807617153413,6772000
2019-06-13,161.14804077148438,163.86000076139794,160.54854830686855,163.80290900662973,6901400
2019-06-14,161.44297790527344,162.3755101767182,160.66268542933042,161.54765093205188,4999900
2019-06-17,161.34779357910156,162.16614226366647,160.84346393254316,161.50955832235908,6410200
2019-06-18,161.0813446044922,162.40402284349614,159.4351369015057,162.38498742803608,6969300
2019-06-19,162.42311096191406,162.90840531535585,161.01479467602172,161.18606991143446,6323900
2019-06-20,165.3253936767578,165.51570433151136,163.4317685404952,164.1549548364676,11474100
2019-06-21,165.0399169921875,166.34356019581762,164.7734791771357,164.87815221303262,11728200
2019-06-24,165.4300079345703,166.2673774219079,164.3547320636079,166.1436835261435,5554900
2019-06-25,162.98451232910156,166.4672535495769,162.32792830166122,166.34354510389375,9899900
2019-06-26,162.775146484375,164.04073309705024,162.54677955982953,163.08916552539387,7129900
2019-06-27,162.93690490722656,164.05023718049492,162.07098948564115,163.78379943235043,5873400
2019-06-28,165.14453125,165.14453125,162.2612830835,163.63154251307756,8442700
2019-07-01,165.5156707763672,167.03817022551013,164.37379255956768,166.8383491604491,6103200
2019-07-02,166.79080200195312,166.82887284483834,164.9067018327575,165.66795897296726,5238100
2019-07-03,168.3037872314453,168.41798523756015,167.20949010126714,167.47592791591524,4066600
2019-07-05,168.10391235351562,168.45598767029122,166.05803358579735,167.34265547528946,5840400
2019-07-08,167.65670776367188,168.05636443712902,166.90496118377828,167.76138078670377,6720300
2019-07-09,169.1221160888672,169.27437039916035,166.80981364534162,166.9335075676559,4894300
2019-07-10,170.62559509277344,171.52958146741588,169.9309547652823,169.9309547652823,5110600
2019-07-11,171.98631286621094,172.17662345970027,170.76830764415817,171.3963311506962,6986600
2019-07-12,171.59619140625,172.56679444842365,170.2544775714467,172.56679444842365,7196700
2019-07-15,171.82455444335938,172.30033820443228,171.22506225808172,171.81502947548634,4490400
2019-07-16,170.62559509277344,172.11956329110157,170.0736841066263,171.63425449099157,6800200
2019-07-17,170.4733428955078,171.48201682600063,170.34012400201183,170.86348912637828,3994200
2019-07-18,171.78648376464844,171.87212135697362,169.93092999876242,169.9785112788658,4736300
2019-07-19,170.5589599609375,173.03302669154488,170.4637974052433,173.03302669154488,5327100
2019-07-22,171.82455444335938,172.2146860924154,170.46380533641144,170.93958909748434,4862100
2019-07-23,172.1385955810547,172.49068551261914,170.38771445244603,172.12908513092583,7193000
2019-07-24,174.4508514404297,174.54599946761877,170.56845474486911,172.03386213752265,8169300
2019-07-25,172.79515075683594,175.0789216261937,172.51920255150335,174.96472364487613,6085800
2019-07-26,174.79345703125,174.91716546717856,173.3851410305436,173.5754516490548,5056300
2019-07-29,174.336669921875,175.15501846750672,173.87990711517386,174.98372878505222,4621800
2019-07-30,172.7380828857422,174.49848893321172,172.49068051162402,173.69916103265544,5236600
2019-07-31,169.3790283203125,173.2328799023408,167.53298490197304,172.98546304023208,7981200
2019-08-01,170.49234008789062,173.56589891855356,169.5407726277675,170.51137550262789,8417300
2019-08-02,168.82711791992188,169.63595616900267,166.22934249792442,169.37902885744762,8264600
2019-08-05,160.6817169189453,165.09699031546728,158.8927650576731,163.67914926373874,16858300
2019-08-06,164.12640380859375,164.57364181909037,161.89022827588235,163.46981972851265,10281300
2019-08-07,166.82884216308594,167.21897385239012,162.09002495968397,163.19384688399387,8292800
2019-08-08,171.18702697753906,171.23460826748146,168.0183192481253,168.86521393792395,7602800
2019-08-09,170.37818908691406,171.3773380142811,169.2363108212531,170.96815637822206,5373700
2019-08-12,167.79945373535156,169.99757291711282,167.09530289222863,168.84618406941482,7394400
2019-08-13,169.95950317382812,170.2544868301948,165.77261120776305,165.94388641993575,6667700
2019-08-14,165.10646057128906,168.66532800857186,164.77342068059343,167.70425012545573,7293500
2019-08-15,167.974853515625,168.68955900767224,165.35426671145177,166.0594334908773,6698000
2019-08-16,169.84259033203125,170.33812348994874,168.86106272776627,169.6234180767042,8312200
2019-08-19,171.2815399169922,171.92953251229963,169.73776633627241,171.92953251229963,5285000
2019-08-20,170.8050537109375,172.1296403720115,170.0903483641555,170.98610018458623,3793600
2019-08-21,172.4250946044922,173.13980013786502,171.7580390148218,172.18685942670123,3695900
2019-08-22,171.61508178710938,173.74967412277508,170.2047336667749,173.38755201510946,6659900
2019-08-23,166.9837646484375,172.0057653023505,166.04036283178638,171.1004747089029,7051900
2019-08-26,169.23269653320312,169.30893351657025,167.09811916179495,168.10823374515314,7754400
2019-08-27,169.98553466796875,170.7574141629142,168.61329799219095,169.92836056326442,4022100
2019-08-28,170.2618865966797,170.5668345527138,167.74612412227367,168.66095344965714,4401900
2019-08-29,172.6442108154297,172.85385886704196,170.87174108679991,171.91044263478665,4679200
2019-08-30,172.31072998046875,173.60671526527352,171.21483954244837,173.42566876158102,4061200
2019-09-03,170.76693725585938,172.72046821833453,170.67165192885955,172.02482571429078,4644000
2019-09-04,173.21600341796875,173.62576086445142,171.57694455060116,172.38693527296869,4154800
2019-09-05,176.0367431640625,176.9420339812128,174.7502818578138,175.08380240059438,6386800
2019-09-06,176.99917602539062,177.92352948576777,175.86517448900722,176.04623551289612,7990900
2019-09-09,173.00637817382812,178.24755175664973,171.0623711021236,178.12366481893432,7290500
2019-09-10,168.05113220214844,171.2434754674652,165.63065419248682,170.9671290065695,15255200
2019-09-11,166.74559020996094,169.55676288262555,166.240532709548,169.05170538221262,9113600
2019-09-12,169.60433959960938,170.96705202340496,168.36551408908184,168.52752676368655,7748800
2019-09-13,168.9278106689453,170.35722179263414,167.736634732538,170.24285901504814,6103200
2019-09-16,167.82237243652344,168.86107421801202,167.25060225073383,167.8795465469584,4253600
2019-09-17,168.14639282226562,169.87121325728054,166.80274287185264,168.50851496114282,5924700
2019-09-18,167.04098510742188,168.84204262348877,164.6967589008447,168.75628144194332,9542500
2019-09-19,167.67945861816406,169.06121977980467,167.34592354365142,167.90815508917004,6964500
2019-09-20,165.8688507080078,169.2708558797475,165.76402665266994,169.0516690563097,12820400
2019-09-23,166.67886352539062,167.0028598778913,164.65861932705172,164.7634433870633,8803500
2019-09-24,166.2691192626953,168.86111959759893,165.23994137612559,167.8224175369705,10039900
2019-09-25,167.0314483642578,167.4030946637091,164.2774502630106,165.62110016899663,7797300
2019-09-26,167.384033203125,168.14638869433526,166.3929812430568,167.384033203125,10419000
2019-09-27,165.81166076660156,168.50848435039296,164.24883879847616,168.38459742207738,9212600
2019-09-30,163.915283203125,167.19340071030356,163.915283203125,165.973638085407,16464000
2019-10-01,166.08799743652344,166.59306929142,164.68718824449317,164.87777344104217,8146200
2019-10-02,161.83792114257812,164.80156730700637,160.6562694376062,164.5156821883027,10596200
2019-10-03,164.73486328125,164.9921613559046,160.69440379549536,161.9141667958049,7242800
2019-10-04,167.698486328125,168.21308240601024,166.23096417043732,166.45966061330193,6027600
2019-10-07,166.66932678222656,167.42215809685922,165.6211007104424,166.44063031456824,5248300
2019-10-08,164.3059844970703,166.42151338018115,163.79140307123754,165.40187469800108,5336500
2019-10-09,166.6501922607422,167.70795649884698,165.4685411395712,165.91642421142635,6277300
2019-10-10,166.6501922607422,167.622180827109,165.42089121987541,165.7067761973361,4762400
2019-10-11,168.7276611328125,170.7669534451347,168.52755174863904,168.54660009141386,8754400
2019-10-14,169.0135498046875,170.014140368922,168.77531464847547,169.03261268858606,7240900
2019-10-15,170.33816528320312,170.98615803732113,169.19463924958623,169.74734664965757,4400200
2019-10-16,169.49954223632812,169.87118849389003,167.97484597946485,169.54719217513755,6509000
2019-10-17,169.5662384033203,170.75741405295506,169.14694224813394,170.47152898889902,4887900
2019-10-18,167.4412078857422,169.81402079642854,166.33579324278577,169.52813569349564,6311900
2019-10-21,168.1273193359375,168.4132044517258,166.392974837405,167.7175618178604,4898200
2019-10-22,162.8194122314453,169.42328282847353,162.74317524757998,168.67046624146985,10094700
2019-10-23,163.2577667236328,164.0677573908815,162.17140063923316,162.94329462668304,7122300
2019-10-24,167.8700408935547,168.54662066263012,165.2399151976517,165.25897808347284,7872600
2019-10-25,169.48046875,170.7192797309419,165.3351718807939,166.69786977611707,10130100
2019-10-28,171.37680053710938,171.70079678804655,169.9569286265308,170.50962127073336,10086500
2019-10-29,169.27085876464844,171.5293235382041,169.02308488014296,171.3387383090836,7572800
2019-10-30,170.8145751953125,170.97657332648336,168.08916493413795,169.42327574420216,5374800
2019-10-31,170.44296264648438,171.24342929052838,169.63295729002454,170.8146089126991,6830800
2019-11-01,172.41555786132812,172.78721870202102,171.1100337251477,171.65321691626366,7000200
2019-11-04,170.5287322998047,173.81637474772324,170.3953211858252,173.51144129036473,7154800
2019-11-05,168.0701141357422,171.10999670796886,166.9361125953097,170.643065161239,7447500
2019-11-06,168.4513397216797,169.80451383595127,167.85098239874048,168.07015469889217,6992500
2019-11-07,170.03321838378906,172.14874810338046,168.52758472962168,169.0040551251923,7227200
2019-11-08,170.54776000976562,171.00516737182454,169.43282138559317,169.98552861257673,3894100
2019-11-11,171.0909881591797,171.87240660991318,169.81405095213626,170.0999361058369,3617300
2019-11-12,171.2815399169922,172.5394138834732,170.46201046128527,171.47212511909916,6118700
2019-11-13,170.9670867919922,172.3679107212844,169.52813709360987,170.9575480793594,6138300
2019-11-14,171.57801818847656,171.5971130058571,169.96484839915712,170.86211547002674,9811000
2019-11-15,171.59707641601562,172.46569379305913,170.9384437250703,171.84525072873163,7808800
2019-11-18,171.49203491210938,172.12203251178354,170.84294250378923,171.40613012080965,7173700
2019-11-19,174.46070861816406,174.66115320535178,172.00754185963686,172.18890619619125,8549900
2019-11-20,173.40110778808594,174.89018242946935,172.15066727679783,174.02155070030523,6040500
2019-11-21,171.7115936279297,173.54430220801143,171.1675153231752,172.9333993479842,5112200
2019-11-22,171.31069946289062,172.26523614477443,170.2416230400044,171.94069716855165,6865600
2019-11-25,172.74253845214844,173.1052671234114,171.9216361617111,172.19844544525398,5457800
2019-11-26,174.25067138671875,174.60384529250857,172.97159574919613,173.21022991582677,7079000
2019-11-27,175.98793029785156,176.1501997923433,173.97385723728144,174.68021965307585,11452700
2019-11-29,176.1216278076172,176.44618147768125,175.02391601396067,175.56799456466044,3139100
2019-12-02,173.5252227783203,175.9879292475239,171.692514035789,175.86384937899103,6883200
2019-12-03,173.6302490234375,173.8593431132855,171.49209577849604,171.72117530326742,4543300
2019-12-04,172.38931274414062,174.35565577503198,172.26521832750709,174.35565577503198,10650400
2019-12-05,173.62066650390625,173.75430104908446,171.88341741658942,173.00976364522396,4638600
2019-12-06,173.887939453125,174.9474757152198,173.09567228731777,174.43203233382903,14526700
2019-12-09,174.60386657714844,174.92840558771056,173.05752164970212,173.63023498038666,10233100
2019-12-10,173.97389221191406,174.82342948037677,173.6302583412394,174.25071607263726,8625700
2019-12-11,173.73521423339844,174.75657546253396,172.95250173707032,174.74703533925114,7138800
2019-12-12,174.33656311035156,174.99519569124575,172.60885420399,173.40112132556763,11192100
2019-12-13,176.72291564941406,177.0856442389843,173.76384619413517,174.20293946388196,8558100
2019-12-16,177.77294921875,178.326582342771,177.3243157314412,177.85885404013,8249900
2019-12-17,177.08567810058594,178.28838927192876,175.73023753968576,178.02112012274148,10208700
2019-12-18,176.49388122558594,177.9638763266458,176.49388122558594,177.08570405559374,8968500
2019-12-19,178.05929565429688,178.09748528432445,176.1120469101033,176.1120469101033,5854200
2019-12-20,179.45285034179688,179.61511978844646,177.83014131023083,179.07104159262963,11259500
2019-12-23,178.5747528076172,179.8442885457489,178.49838811302172,179.59609964704458,5831700
2019-12-24,179.0425262451172,179.4720650160818,178.41252827965977,178.5938926544199,2420900
2019-12-26,180.56015014648438,180.57923039199082,179.1665202756496,179.34788456347118,5237000
2019-12-27,180.77972412109375,181.25699252149425,179.90155201216595,181.11381782740438,5448600
2019-12-30,179.29061889648438,180.86559852695999,178.6128914732349,180.70332904591675,4833600
2019-12-31,179.35745239257812,179.45291189514816,178.0592818090315,178.55564500526037,5273000
2020-01-02,182.43099975585938,182.45009456287943,180.1401181258387,180.4073871638388,8733000
2020-01-03,180.9801788330078,182.27834943296045,179.37654947303085,179.8442777374148,4899700
2020-01-06,180.58880615234375,180.60790096515123,178.65109775700995,179.4529051140292,10109500
2020-01-07,180.11155700683594,181.457457434426,180.02565218764752,180.9706343288726,4392300
2020-01-08,183.19468688964844,183.74831993909206,180.21653696236856,180.87516963438037,5712000
2020-01-09,184.46420288085938,185.10374067214596,183.76739522245353,184.2255687244805,6748000
2020-01-10,184.96060180664062,185.7242341678817,184.33060401623604,184.70287278964312,6586400
2020-01-13,186.44964599609375,186.70737497037246,185.4473795984085,185.60010895835688,11290500
2020-01-14,187.13699340820312,187.99607093563043,186.26836118853086,187.7956263096012,6236500
2020-01-15,190.71646118164062,191.05054033245491,187.39467709782582,188.04375514974575,10831100
2020-01-16,191.8141632080078,192.3391613505156,190.6973569221687,191.86189296006768,9983700
2020-01-17,195.39366149902344,195.44139124750777,190.8882470654989,192.5873212430063,12518900
2020-01-21,197.8659210205078,198.91591729553232,194.53459700852818,194.84959589103553,14861700
2020-01-22,198.44813537597656,200.5767622884194,197.86586752000562,198.07586671822932,8065000
2020-01-23,197.1309356689453,198.92545487272525,195.96639965703835,198.44818649292978,8520800
2020-01-24,195.6800079345703,198.5340776839691,194.92593041018628,197.98998481701355,7812900
2020-01-27,192.5205535888672,194.0859935539554,190.04830646343666,190.90738386479725,7198900
2020-01-28,193.6278076171875,194.57278978567032,192.60644618712138,193.18871425354305,7215700
2020-01-29,195.54640197753906,196.55820861656292,193.30323475700496,195.01186372032458,7041700
2020-01-30,198.74412536621094,199.02093464605377,194.07644071898568,194.72551879038355,8571900
2020-01-31,189.92416381835938,194.70638732746986,189.2464363689482,192.32960032300588,16699600
2020-02-03,191.68051147460938,193.06458676993716,190.76416440345852,190.8500692104275,10885900
2020-02-04,194.3054962158203,195.60366676316528,193.0359606054328,194.24822634190542,10205900
2020-02-05,193.589599609375,196.25276534883574,190.85962386998588,196.15730584599496,8672400
2020-02-06,193.8091278076172,195.32685225081207,193.27458957872503,193.8186824963952,7001200
2020-02-07,193.52281188964844,194.56325359105267,191.94781730189825,192.79735454071738,5691100
2020-02-10,196.62503051757812,196.7586650800714,192.6827890764141,192.78778870159275,6239500
2020-02-11,194.66819763183594,198.22861509168715,194.38183373720707,198.0663456165811,10231900
2020-02-12,198.00912475585938,198.68683775696613,195.68005253189676,195.68005253189676,7355800
2020-02-13,198.25762939453125,199.28046990454726,196.96714727082687,197.51201361119035,9495300
2020-02-14,201.02024841308594,201.4886540867006,198.840753736075,199.10840995352055,6548800
2020-02-18,201.89016723632812,202.17694596343972,200.13127910309578,200.74306691405363,7651500
2020-02-19,203.90708923339844,204.72918019586052,202.38718145194537,203.1519196054722,5927500
2020-02-20,202.12908935546875,204.27035337542202,199.09882758013157,202.77912192370204,8531900
2020-02-21,199.60549926757812,200.95334893107653,198.2767720734956,200.64744776510366,9231500
2020-02-24,190.02711486816406,194.78760157124253,185.45782361719196,189.16679367834584,13316800
2020-02-25,180.0951385498047,191.07865340260432,179.44512061389665,190.02713664020396,18539000
2020-02-26,178.95762634277344,184.97990517929583,178.78555331495286,181.6246342915618,14214700
2020-02-27,172.07504272460938,178.12601416377703,172.06548878181016,174.09203320433193,17536600
2020-02-28,173.7478790283203,174.2927600065704,165.3549091126181,166.12920137756691,22659000
2020-03-02,183.85194396972656,183.9570956665937,175.02881371867528,178.10687475114585,17434500
2020-03-03,177.54286193847656,185.48654784378843,176.3670854529177,184.68357924809794,15226400
2020-03-04,185.72555541992188,185.91675094993013,177.9634953279967,181.96879955123043,10789100
2020-03-05,178.7186279296875,183.45997814129288,177.45680781110696,182.80996020347877,10106900
2020-03-06,176.23324584960938,177.79139865009614,172.04631552426935,175.44938518629255,15183200
2020-03-09,163.58644104003906,171.65440061676176,160.89074216366907,163.66291631874827,20486400
2020-03-10,174.55084228515625,174.56039622561696,164.3033878501829,171.5588106838985,16119400
2020-03-11,165.3262176513672,170.8514292909872,162.6974399320052,169.81903483631567,14598200
2020-03-12,153.02357482910156,164.41813199367115,150.0697874701291,151.51322047091207,27467700
2020-03-13,168.0792694091797,168.54767505349423,155.05965498152887,161.28268352712433,19948900
2020-03-16,145.30926513671875,158.02299278362116,141.4569121186074,144.47762014152494,23692000
2020-03-17,150.9300537109375,156.48394089168863,142.67091394918512,148.8843875885131,22298000
2020-03-18,141.93490600585938,144.03792573273842,133.6375327568106,141.91579812022962,22787500
2020-03-19,145.53866577148438,150.31826070650848,135.23386025846568,140.44361582040872,19362800
2020-03-20,140.35763549804688,151.2837863236702,139.24876558622813,147.995436115439,18692100
2020-03-23,129.75650024414062,137.03104721699103,128.02627393593218,135.1000860097886,30344100
2020-03-24,147.7181854248047,148.4064483812926,137.25087362529027,138.45532650605972,24488300
2020-03-25,154.64862060546875,160.76649818887114,146.81008539355608,152.2970673349803,20619600
2020-03-26,161.43563842773438,162.05698007043446,154.65816024513802,154.9353849801293,17062900
2020-03-27,154.4383087158203,159.73410942687582,151.17862063554583,153.97947156880272,14950700
2020-03-30,158.27154541015625,158.55830949481546,153.60665515077855,153.94121811160397,15714500
2020-03-31,154.0177001953125,160.7760560880631,153.46326529688082,159.0936289242235,20613100
2020-04-01,146.3607940673828,151.10215987188448,144.74528823292388,149.42930121734273,12595200
2020-04-02,150.4521026611328,151.36979139123153,144.6209904679903,145.80633537224958,14051100
2020-04-03,145.15631103515625,150.7675510928252,143.96141224357996,148.70276248030126,11994700
2020-04-06,161.970947265625,163.20407658285032,151.27420936888194,152.96619039192188,16479100
2020-04-07,161.15838623046875,170.91832597274916,160.68999523956856,169.9241620104368,15379000
2020-04-08,167.228515625,168.24178769437205,160.5275123595241,163.47174539451603,11146500
2020-04-09,166.03359985351562,169.37931688569395,165.23063126647332,168.49987301614732,12231800
2020-04-13,161.5408172607422,164.72403046733683,158.82599520355146,164.66666305357856,14043700
2020-04-14,166.92259216308594,167.69688431694553,163.2996651141107,165.46003707553598,9980500
2020-04-15,158.6443634033203,161.89448298311103,157.67887563628875,161.26357278436822,12118700
2020-04-16,155.2604217529297,160.5944535682146,152.75591768033374,159.7436859154965,20308200
2020-04-17,162.06655883789062,163.45265355284016,157.67889255843644,162.17171054896602,15375800
2020-04-20,156.98104858398438,160.0495409772256,156.00600693826019,159.95395781112344,10505200
2020-04-21,153.45372009277344,155.40380358258705,152.1345468253213,154.85892259431924,10562100
2020-04-22,159.2466278076172,160.30769904807966,155.73840495323117,157.40171015308897,14502500
2020-04-23,159.0458526611328,162.89820614872914,158.88334813572556,160.47973156478912,11411300
2020-04-24,159.94439697265625,161.31135433693578,156.78029237742876,161.0150217383112,8391400
2020-04-27,164.1886749267578,164.75267833470159,161.12018249318058,161.2157656605392,9903300
2020-04-28,163.70114135742188,167.2953918232127,162.8694964309461,167.2858378834968,8614400
2020-04-29,173.77655029296875,174.2162795564031,168.33738213011998,169.0543215521628,12862800
2020-04-30,170.84188842773438,173.81479785955412,169.82861636304077,173.76699898012762,11331600
2020-05-01,167.8307342529297,171.72131765698037,166.58803642524973,166.76009487302738,10109600
2020-05-04,168.38514709472656,169.140331367517,164.15043239596622,165.3262088290285,9386200
2020-05-05,170.57424926757812,173.11699821123108,170.40217620166555,171.1955910037605,13513000
2020-05-06,170.8992156982422,172.5529516587325,170.03889434186797,171.79778198690784,8540500
2020-05-07,174.66555786132812,176.82593000812577,173.70008471774878,173.73831506793718,9262200
2020-05-08,176.93109130859375,177.56200151722274,175.5258888376338,176.87373848711297,6470100
2020-05-11,175.46849060058594,176.48176241427387,173.43237844799296,175.76482315898525,8683100
2020-05-12,171.55880737304688,175.87956592339017,171.46320962561015,175.46851311281426,8219700
2020-05-13,169.56719970703125,173.39727940014942,167.6042809421893,170.91730630539809,13377100
2020-05-14,173.21534729003906,173.35898404406927,166.43611912917157,168.46605667956726,9695100
2020-05-15,175.69529724121094,176.31767920986834,171.27154623590116,172.33439370080524,10785900
2020-05-18,183.25015258789062,184.63855344084314,179.50624648788036,180.01373083681756,11802200
2020-05-19,181.3159637451172,186.23761530816896,181.1914814862307,183.02034795029817,7446800
2020-05-20,185.6248016357422,186.70680375871282,184.23640075344323,184.80133396731898,9545600
2020-05-21,182.52244567871094,185.39500548913117,181.94794248298373,185.28010777210469,11338100
2020-05-22,182.75221252441406,183.24054231694006,181.19145072096143,182.88626469945598,5807600
2020-05-26,185.01197814941406,187.93241648086254,184.57151260983792,187.4823810030364,9662200
2020-05-27,184.6289825439453,186.055677754627,180.5116443102267,186.055677754627,7650300
2020-05-28,186.00778198242188,189.86658541867186,184.52363805355031,185.3183665913239,8352200
2020-05-29,186.9461212158203,188.3824005332451,185.06937647905954,186.23755149274547,10211900
2020-06-01,186.09393310546875,187.55893686952456,185.2991901140873,186.4386407329283,6011300
2020-06-02,188.01853942871094,189.12926561328942,186.6397089389706,187.61638297096815,8462100
2020-06-03,188.5069122314453,189.72296642893664,187.262148220326,189.58891424571183,8879400
2020-06-04,185.4141082763672,188.1143207582972,184.91619395710387,187.65470079716613,7829800
2020-06-05,191.13052368164062,191.2837303528316,187.1759623187529,187.8653777285201,8561200
2020-06-08,191.12098693847656,191.46569470323064,188.75591150458504,191.10183244860275,7628100
2020-06-09,190.623046875,193.10301969388104,189.81873373545906,189.93363143808122,6892300
2020-06-10,191.9635467529297,193.5913273325803,190.498542770185,191.40818356964348,8405300
2020-06-11,180.8563232421875,188.01856641339722,180.73184100742904,186.85039122585292,11974600
2020-06-12,184.09275817871094,186.71636778587472,179.87010681129658,185.95993354504424,11706300
2020-06-15,183.61399841308594,184.3034138635588,178.29977501403133,179.0562092554871,6752700
2020-06-16,184.68641662597656,189.9527753242772,183.65229352831193,188.49734119305378,11057200
2020-06-17,185.3375244140625,187.07063286072753,184.85876452888024,185.43328223533584,5968900
2020-06-18,185.67266845703125,185.99822168342266,183.9491298899698,184.41831985312874,5803200
2020-06-19,184.0353240966797,188.72718043011284,183.2405808167403,188.5260948200052,11483300
2020-06-22,186.6780242919922,188.01854586368108,183.16391456578543,183.83418996221923,6674500
2020-06-23,189.5601806640625,191.64756664637977,187.50151910457777,187.9132455722381,9866800
2020-06-24,183.27886962890625,189.09100725559085,182.58945419952855,188.65055632662845,9453100
2020-06-25,185.7396697998047,185.98863427591357,181.83298761827132,182.98202296211565,9936600
2020-06-26,181.2298583984375,185.88340731030004,181.0479272166648,184.89716264020524,11836000
2020-06-29,183.25015258789062,183.31717137952344,179.34346986752251,181.84259724707442,8020400
2020-06-30,184.964111328125,185.51947460537622,182.0819817824565,183.35548496140595,9040100
2020-07-01,185.54818725585938,187.05150036775075,184.47576974611297,185.61522065551492,6394100
2020-07-02,187.35791015625,189.51232985163725,186.71637360022814,187.6738934648447,6299300
2020-07-06,189.35911560058594,190.71879200074198,187.3674726084918,190.28791100099986,7292200
2020-07-07,185.9503173828125,190.45065691915562,185.57688529515104,188.44944431119015,7660100
2020-07-08,186.7834014892578,187.21428249349523,184.91622611990695,186.79297142780774,8368000
2020-07-09,184.04489135742188,187.1855552037471,181.88088720960266,186.71636523130113,8548200
2020-07-10,184.37045288085938,184.62898733530966,181.3925655170449,183.5086762362229,7674200
2020-07-13,180.99038696289062,186.89828205820587,180.68397363026884,185.38539910221746,8564100
2020-07-14,185.11727905273438,185.25133122174748,179.2285243318375,181.44997697330126,8003900
2020-07-15,188.2004852294922,189.36866034092395,186.2375670759821,186.93655231131748,7681100
2020-07-16,185.2800750732422,187.39620018878577,184.34170979174402,187.03233800162454,5064000
2020-07-17,186.80252075195312,187.2621407423058,184.91620571366485,186.5535708817891,6395000
2020-07-20,190.03895568847656,191.00604542571477,185.4428577308654,186.4674109289451,6985300
2020-07-21,188.1334686279297,191.66671869736658,187.36744993741203,191.50394209985265,7218700
2020-07-22,190.41236877441406,190.5464209484466,187.91324176448566,188.1334672052696,6823400
2020-07-23,189.04312133789062,192.41359502210688,188.08560156708086,190.01022565718753,6106700
2020-07-24,186.85997009277344,189.0909928244366,185.78755266696137,187.35788444501117,7160300
2020-07-27,188.54522705078125,189.40698902529294,185.95034196788816,186.86956740321423,5604700
2020-07-28,188.3824462890625,190.90071336873686,188.3537218645843,189.29208715558786,6897300
2020-07-29,190.14430236816406,190.4411311977095,184.84921852139894,184.8875128885105,9471300
2020-07-30,185.8162384033203,188.21003723797216,183.9586481699363,186.907810087498,10499400
2020-07-31,182.3118133544922,186.41958258875064,181.3926022799621,186.16104808190303,14180800
2020-08-03,182.58949279785156,185.12691497668425,182.1298872846395,183.65234059193912,11405200
2020-08-04,184.12149047851562,184.74388716410672,182.00537973504973,183.01077852670167,8204000
2020-08-05,187.76962280273438,189.76125096159788,184.89706364477672,185.33751453373236,8876800
2020-08-06,190.32623291015625,190.46985504963288,186.51529322264417,187.6547442311388,7480300
2020-08-07,188.01853942871094,189.56971642437438,187.0035710433712,189.19628438428546,5654000
2020-08-10,188.43031311035156,189.88574728261884,187.03234239840177,188.01858661359412,5525400
2020-08-11,189.3686981201172,194.27119490313495,187.9994371855927,189.4165770330405,11549600
2020-08-12,190.2974853515625,191.72418046559528,189.81872546404173,190.54643523326007,5432500
2020-08-13,189.47274780273438,191.73591105972125,188.9453128976292,189.04121547407695,7014800
2020-08-14,188.57135009765625,189.94268109699146,187.73705313703974,188.92616335535635,5014400
2020-08-17,191.246826171875,192.23457587317824,188.63844878857034,189.20423593803915,6256200
2020-08-18,190.84410095214844,191.88938656059867,188.74397459417827,191.77430051999585,6519900
2020-08-19,192.7428436279297,194.5169243600702,190.73859084246922,190.7577742856925,9467600
2020-08-20,195.7731475830078,196.051256264677,191.40985853904428,191.69753699224938,8849200
2020-08-21,195.7540283203125,196.72258016749453,194.9964358479824,196.10884159085487,9998300
2020-08-24,197.94046020507812,197.9788124618573,196.27185169790488,196.5978970949113,6159600
2020-08-25,199.5611572265625,199.65704520397932,197.10618795521313,198.68849322577134,5828300
2020-08-26,201.6324462890625,202.15029679212648,198.793911457546,199.561088174843,7035200
2020-08-27,202.37086486816406,203.47367139221683,200.47211374209118,202.5434865883595,8619600
2020-08-28,206.85887145996094,207.2904038783771,202.5531024170024,203.3010958443056,7349800
2020-08-31,203.29151916503906,207.0986211902797,202.8791555440822,206.695841976254,9326900
2020-09-01,204.59567260742188,205.1135084940833,202.45716506293007,203.50245050653285,5642900
2020-09-02,207.59722900390625,208.43154047296548,204.99843591539124,205.34366471538976,9863800
2020-09-03,200.3858184814453,206.11083994423177,198.59253963516363,206.11083994423177,11310200
2020-09-04,196.26226806640625,201.86263406984986,191.93731580526702,199.93511489827821,13243600
2020-09-08,191.90853881835938,193.95114392884395,191.03588966243376,192.54146077268985,14186900
2020-09-09,195.68685913085938,197.82535204969838,193.66343760217228,195.96496783396557,7532600
2020-09-10,193.2703094482422,198.5062785974542,192.2250383529788,196.45408866972508,7243000
2020-09-11,192.445556640625,194.1045806560195,190.74819500311392,193.30863601669455,7439000
2020-09-14,196.56912231445312,197.9404532270307,194.8046259111957,195.00601549205942,11730500
2020-09-15,196.9623260498047,199.66662131104516,196.36777090698536,198.2665223808822,6328600
2020-09-16,196.71298217773438,199.22547201600787,196.54036044136183,198.2569202357048,6135000
2020-09-17,196.84722900390625,197.14450653660487,193.71140172048845,194.526529808523,7474900
2020-09-18,194.2963409423828,197.2787294577551,193.44286073741404,197.03898766273377,9084100
2020-09-21,189.34808349609375,192.99216202863613,186.71092351806269,191.70714940572947,9656000
2020-09-22,192.33045959472656,192.47431345456084,188.72474818479233,189.96180943636895,7543100
2020-09-23,187.35342407226562,192.838717828625,186.58626199019255,192.56062376877532,6310600
2020-09-24,187.49729919433594,189.55907313084515,185.20536782750386,187.14247132683647,9865300
2020-09-25,189.15631103515625,190.0097913969785,185.5697678547348,187.01781792770151,5496100
2020-09-28,192.100341796875,193.4428902004047,191.63044253929954,192.39761932675086,5565300
2020-09-29,191.25643920898438,194.0758053909231,191.18930447480506,192.34966133742188,5513500
2020-09-30,191.7646942138672,194.22923259237757,190.72900776280775,192.60859012940003,9157600
2020-10-01,195.0060272216797,196.78010813733485,193.3661865244343,193.9128049677432,7234600
2020-10-02,193.19357299804688,194.50735361384545,191.21808792235535,191.79347419802176,6019700
2020-10-05,195.18820190429688,195.2936888948202,192.80038264204663,194.3922719053335,6090500
2020-10-06,192.22500610351562,196.68421314697912,191.5153796156888,195.73483018432879,5841100
2020-10-07,194.162109375,194.46897130038403,191.78387458072504,193.71139357576874,6713400
2020-10-08,194.6511688232422,195.91701262027976,193.93194338383782,195.62931951798222,3955600
2020-10-09,198.1610107421875,198.5829587134207,195.322460974688,195.62933754746865,5562900
2020-10-12,197.9308319091797,199.4364174953012,197.2883256161636,198.44868241157872,6622700
2020-10-13,195.9362030029297,196.78968330261432,194.69912700903427,195.03477141238378,5621700
2020-10-14,193.9031982421875,196.55954193991855,192.87711077081286,196.31021569282768,5320000
2020-10-15,191.36190795898438,196.30058319294443,189.49192484285766,192.76199187867792,8885500
2020-10-16,192.0428009033203,194.3347323401288,191.22768741564917,191.7838902480676,6385900
2020-10-19,188.88778686523438,192.81955857781747,188.43707107170042,192.60858460498545,7449600
2020-10-20,189.58786010742188,191.46744272964895,188.6384917060074,189.44402084438389,7427000
2020-10-21,190.28787231445312,192.1962224891517,189.71250072011094,189.71250072011094,6067200
2020-10-22,189.8659210205078,191.57288146431793,187.72741363095344,191.16051795970589,4908200
2020-10-23,189.88511657714844,191.67839544232476,187.9767809470061,191.55372500642108,5877200
2020-10-26,185.14781188964844,188.36034336125041,182.89423302453457,187.95757887672175,12608700
2020-10-27,182.2613525390625,185.75199349729021,181.4558233870135,185.08071920391606,8690400
2020-10-28,173.44837951660156,177.12122536763195,171.98116098342538,176.43076786582233,17809500
2020-10-29,177.28428649902344,179.32689160457062,171.98119830828344,175.49102226543542,16820900
2020-10-30,174.2539520263672,176.66095464713842,171.87570262089014,175.1649680217871,10252900
2020-11-02,177.15963745117188,179.2501792970305,176.34450933245108,176.93906442023092,8057100
2020-11-03,180.6118927001953,181.75306609639017,177.56238379548444,179.16385738560786,6467900
2020-11-04,186.0109100341797,188.801508714312,183.67102720819992,184.97522347353217,8102700
2020-11-05,189.53028869628906,192.74283487061828,189.19464430219048,190.22074629415874,7132100
2020-11-06,190.32626342773438,191.4866058019374,187.41099430099138,189.25222460876668,6180500
2020-11-09,203.9531707763672,208.71923971859283,203.56958968605022,205.88070453181368,17916900
2020-11-10,204.5572967529297,205.27652217283787,201.9105524754318,203.24351633502118,7943600
2020-11-11,203.9723358154297,205.48750586101883,202.98460069594424,203.46408433191502,5337200
2020-11-12,200.01544189453125,204.1260049874397,198.93978490714656,203.05994684646834,7302500
2020-11-13,202.14752197265625,202.91585453520887,199.09341872128363,201.60009473059264,6377500
2020-11-16,204.27969360351562,206.5750784179723,203.4441395907017,206.07567457258372,12083200
2020-11-17,202.3684539794922,203.6938128035778,201.20634881035977,202.2243833617323,7268800
2020-11-18,199.60247802734375,202.7910390505476,199.44880855147835,201.4176565786612,6977900
2020-11-19,199.35276794433594,200.46683496185082,197.39351884422368,199.03583015888464,5657200
2020-11-20,195.80885314941406,199.87139284138837,195.7416172580121,198.9301929448559,9653500
2020-11-23,199.91940307617188,200.7261457909244,196.5963704824624,196.5963704824624,6101900
2020-11-24,201.37925720214844,205.35537845277005,201.1103429129368,202.50295256281174,10110800
2020-11-25,202.54129028320312,203.55932467950444,200.6012538997524,201.36958644658952,6772900
2020-11-27,202.64698791503906,203.636211375611,200.54368270993217,203.60740018003926,3512900
2020-11-30,202.022705078125,202.20517107978324,198.42115945387553,201.24475891331673,7725500
2020-12-01,202.83908081054688,205.21130043387922,202.68541132088043,203.73227189634497,8047900
2020-12-02,201.8594512939453,203.03115547879113,200.22675330587896,202.64699641856217,9728900
2020-12-03,199.8137664794922,202.75262554525514,199.3911827554454,201.47527552656015,9203300
2020-12-04,204.260498046875,204.29892274874308,200.25558017882807,201.43689795822783,5720100
2020-12-07,204.23167419433594,206.00844285003907,203.41533251434103,203.57860085034002,10624500
2020-12-08,204.34690856933594,204.69265754866205,201.58091673472705,201.6385391221602,8646200
2020-12-09,201.28321838378906,205.04803296824508,200.67815392486122,204.78871753517183,6251100
2020-12-10,199.39120483398438,201.01430401983143,199.04545580827298,200.25557007089822,10492000
2020-12-11,198.07542419433594,198.6996862838467,196.40430163334293,197.2302567398483,9227600
2020-12-14,199.04542541503906,202.93509769667642,198.77651117551753,199.62167858814345,11967700
2020-12-15,200.1114959716797,201.14874295493667,197.9985919634427,200.28436314152526,9796100
2020-12-16,200.02505493164062,200.851010017817,198.93978444563297,200.2267332889437,7504400
2020-12-17,202.81985473632812,203.396107956219,200.5821070589237,200.72616303653237,6517200
2020-12-18,202.94471740722656,203.58819187900238,201.5617213733741,202.66620429291973,13298200
2020-12-21,200.73574829101562,201.49448213431995,196.68280764181077,200.02505264329886,7576700
2020-12-22,197.69125366210938,200.14990667286622,197.46076410155587,200.1403078260858,7396200
2020-12-23,197.17263793945312,199.1222736354006,196.99015726711937,199.1222736354006,6523100
2020-12-24,200.43800354003906,200.5532629579431,198.42114691078984,198.45955694694072,3367900
2020-12-28,204.2124786376953,205.0096226310227,200.67815363902372,201.54253352979362,5816200
2020-12-29,205.8835906982422,206.71915940762645,205.08644668949114,206.11409493785328,6093400
2020-12-30,209.7156219482422,211.66525766615962,207.11289827223013,207.44904842555167,8875100
2020-12-31,210.0709686279297,211.11782912444525,207.64112679290122,209.75403082491798,5922200
2021-01-04,209.139404296875,211.5308365097369,205.7587631138235,211.5308365097369,10318300
2021-01-05,206.01803588867188,209.81167617335765,205.18248188249248,207.74678094863663,6869700
2021-01-06,204.20285034179688,207.6123168009202,203.67463532177717,205.33614443077653,7206200
2021-01-07,205.3457489013672,206.69993374424467,203.79948453188328,203.79948453188328,10967900
2021-01-08,206.9208221435547,207.56429661056129,204.3277119266649,205.69149560140355,6513000
2021-01-11,204.46212768554688,206.35414066071186,204.06835521453326,205.48977564823235,7353100
2021-01-12,200.59169006347656,204.36610292600804,199.256717709067,203.93392037258698,9331600
2021-01-13,201.06228637695312,202.64696053822888,200.3707884671934,201.1199087603121,6688500
2021-01-14,193.86880493164062,202.8486647548411,193.74394665763919,202.23400154046993,12887500
2021-01-15,193.60948181152344,195.21336834354042,192.49540020033064,193.56145827307563,8755000
2021-01-19,193.67677307128906,196.08740298144804,192.14972083323696,195.01174575535808,9772000
2021-01-20,197.85458374023438,198.98787816734935,194.22422548112786,194.9925584504839,12675700
2021-01-21,197.0189666748047,198.96860235306417,196.64440648673335,197.8929453318804,6513500
2021-01-22,194.02247619628906,197.2014382245043,193.81118434051098,195.91448939729383,7316200
2021-01-25,193.02362060546875,193.65749611139685,188.00066940365224,192.40895744494853,19282400
2021-01-26,194.01290893554688,195.43432987768927,193.0140864604082,193.77280582900357,9605300
2021-01-27,187.25155639648438,191.79430172235539,186.28154540929233,189.81585505566542,13772400
2021-01-28,190.37290954589844,194.0032665293668,190.3248860044259,192.08244210828397,11041300
2021-01-29,185.59971618652344,195.0117616459455,185.17713234048784,189.9888083590737,21503000
2021-02-01,190.5074005126953,191.32375689857162,187.2996266767627,187.41487147298807,12970700
2021-02-02,194.589111328125,196.26023378802765,192.0824349656344,192.89879117612907,11305100
2021-02-03,193.38858032226562,195.45346046768847,193.02361903611205,195.0308914552311,13458600
2021-02-04,200.96624755859375,201.37921775945128,195.0597185460025,195.1941756642732,14534800
2021-02-05,200.50527954101562,201.81144085238205,200.3996336020548,201.6673702148562,10284000
2021-02-08,198.69972229003906,202.31086766451074,197.75852223454146,201.686605461878,8637100
2021-02-09,198.34434509277344,199.4104032932289,195.63597547090828,197.61442239226773,7619400
2021-02-10,198.2675018310547,199.73693136112774,197.78729571914252,199.73693136112774,8467600
2021-02-11,202.6345672607422,203.5291303488301,199.29676139570842,199.43142728028553,8411100
2021-02-12,201.9612274169922,203.08665253949113,199.76807434528678,201.38407955430972,6911000
2021-02-16,199.97967529296875,203.00967926860673,199.4506402593855,202.63453759666814,9652700
2021-02-17,199.60455322265625,200.34522289087812,197.2478930173829,197.44027074643952,8373200
2021-02-18,201.3744354248047,201.7110927293467,197.15168107643095,198.03663023555163,7328600
2021-02-19,196.93048095703125,201.5476202590604,195.99743347542923,201.3648562628215,15011500
2021-02-22,200.3837127685547,202.62493465620958,195.3721898606807,195.7954296827636,8337700
2021-02-23,204.02931213378906,205.7607410312106,198.68113206646004,199.49874107532597,10571700
2021-02-24,211.0704345703125,212.1285340737933,203.24054227699338,204.26978585560465,12039000
2021-02-25,205.60682678222656,212.05157584411512,204.4814017021898,210.93576451301772,11404300
2021-02-26,204.2986297607422,207.01120395872124,202.71149527637826,205.8953926711492,11730000
2021-03-01,208.37710571289062,209.50253075392357,206.60719257827347,206.78034279553637,6982000
2021-03-02,207.54986572265625,209.627565561349,206.63606058227342,208.69453292399544,6155200
2021-03-03,206.66493225097656,208.91578247624813,204.75073937808608,206.95349150230902,6484600
2021-03-04,203.44252014160156,208.7522297415158,200.72033241339773,207.74222847907618,10658900
2021-03-05,207.20359802246094,207.86731366274253,201.64379799797206,205.58759280993013,7582000
2021-03-08,211.87841796875,217.51517120130273,207.5883233197514,208.71374828118115,14750400
2021-03-09,211.9650115966797,216.42824231782362,211.80148979711487,213.60024426980735,9228600
2021-03-10,214.66793823242188,215.64908361914044,211.0415590105878,212.3112782966328,7822900
2021-03-11,217.53443908691406,219.53519983787544,215.28358874613772,215.97616033983513,10053400
2021-03-12,215.8126678466797,217.90961041205097,214.90847621666364,216.69761729717897,8172400
2021-03-15,214.76414489746094,218.4386077171326,213.29243408435562,215.6875638073613,9306100
2021-03-16,216.13966369628906,216.9861432779777,213.8311016993845,215.18738884436857,8949300
2021-03-17,214.52366638183594,217.62099601319636,213.31165889631652,216.47632880019637,8675600
2021-03-18,212.2535858154297,214.04272654149685,211.2147284895701,212.9942407890451,9321800
2021-03-19,199.01776123046875,211.78222048485253,198.9985337347339,210.77221921462268,32209700
2021-03-22,200.07589721679688,204.20245613880195,198.3733241740556,198.6811402918874,11371600
2021-03-23,200.22018432617188,201.96124178740507,199.5949529950112,201.0859061817954,8820700
2021-03-24,200.1432647705078,203.0963008312853,200.00858419249298,200.79735209381352,10101600
2021-03-25,200.04702758789062,200.86465125208156,197.94045704289834,199.75845366655975,8390800
2021-03-26,205.39524841308594,205.5587702429923,199.7873493769608,200.3163992251768,7399900
2021-03-29,206.337890625,207.08817409398338,203.0770387244243,204.35637199268592,7792300
2021-03-30,203.8272705078125,205.99155258356666,203.35594736045587,204.89498358561696,5498000
2021-03-31,203.6637725830078,205.95310703245127,203.4906370418628,204.45254029927887,13180000
2021-04-01,208.59835815429688,209.44483778726655,204.21208128796334,205.63569411638315,6138400
2021-04-05,210.69528198242188,212.10928093788183,209.03119346518898,210.27205688037816,10440500
2021-04-06,210.3201904296875,211.04161804105505,207.1362922532493,209.32943101760802,7828100
2021-04-07,210.91651916503906,212.6190772644139,210.3105154511217,210.77222487828453,5614300
2021-04-08,212.2920379638672,214.33128277330937,209.80071214378256,211.58985272214954,11042000
2021-04-09,214.04269409179688,214.11964810546954,211.14735620258793,212.58059718697112,5724900
2021-04-12,213.03274536132812,213.45598520212738,210.86846272972548,211.84960829908002,6315200
2021-04-13,212.5998992919922,213.17703254101585,211.83037361581253,212.5806571137803,4764000
2021-04-14,213.52330017089844,214.60064189676143,211.68607593892003,212.58063900356353,4972600
2021-04-15,217.65948486328125,218.95806023290595,215.33168056036328,215.3605364861345,8698100
2021-04-16,217.78453063964844,219.12157564546786,217.15928468539295,218.51557186699185,6829400
2021-04-19,217.18809509277344,218.9099098659317,216.50515210926773,217.1496254267565,6541600
2021-04-20,214.77377319335938,216.7937760464898,213.3694025584995,216.2166281806011,5799100
2021-04-21,218.784912109375,219.1889097515456,214.37939304359062,214.80263286228748,9490600
2021-04-22,218.90037536621094,222.132356870848,218.24627338730923,218.64065732477334,7303000
2021-04-23,221.23776245117188,222.98843352967143,219.0350103179013,219.90071743041398,5345200
2021-04-26,221.56480407714844,224.07537229399205,220.77605099817714,221.97843013119652,5650000
2021-04-27,221.15115356445312,222.3535324846929,220.26620444045392,222.2284803801953,6642100
2021-04-28,224.55628967285156,227.26886362810941,221.882200063365,222.1515317738545,10111400
2021-04-29,227.83641052246094,228.45202803195315,224.26774291069202,226.26850348591145,7411400
2021-04-30,224.6621551513672,226.9418615064419,223.44053372695808,226.3551145244018,10260200
2021-05-03,223.74832153320312,226.7590834827427,222.57479836272668,225.1334645985182,8174400
2021-05-04,223.19041442871094,223.53670019280034,221.45898560826387,222.77680306805144,5884500
2021-05-05,220.47784423828125,224.94107460663818,219.94879453004833,224.94107460663818,6523200
2021-05-06,222.50746154785156,222.75755110301643,219.948795441057,220.88184274558375,6124100
2021-05-07,223.27699279785156,224.3350923154233,221.92072027848388,223.48861270136592,4528700
2021-05-10,217.3612823486328,223.1615578725884,216.58214305100879,222.77680243690315,9627400
2021-05-11,216.88992309570312,217.794114425708,213.58097383588856,215.21622097014125,7633300
2021-05-12,212.22476196289062,216.4282753246236,211.91694581501548,215.1104723005523,7721300
2021-05-13,215.5288848876953,216.64630242998604,212.78347225547557,213.38071393314826,6650100
2021-05-14,218.61143493652344,219.1605086211339,216.66556365852074,217.53254299567453,4777200
2021-05-17,218.12977600097656,218.82335356368233,217.05088410290077,217.87930845406632,5534200
2021-05-18,217.2916717529297,220.76917198157105,217.15679559013756,220.00817115591315,6900000
2021-05-19,216.34767150878906,216.59813906424458,213.65042697277718,214.58482970166844,9311900
2021-05-20,218.12977600097656,219.2472081518692,216.9738182960668,217.16647546375182,7478600
2021-05-21,218.4476318359375,220.89440833980103,218.2357045759024,218.55359546595506,5603900
2021-05-24,220.9040985107422,221.66509950990917,219.27611816068062,219.58436670632278,4040100
2021-05-25,220.61505126953125,221.74211092026835,220.03706517740085,221.46274558617978,4689100
2021-05-26,218.73663330078125,220.9329570812319,218.0719536595505,219.68066359618248,4295600
2021-05-27,218.53436279296875,220.03710929525505,218.0623402331276,219.40132740619552,5969600
2021-05-28,218.9582061767578,221.01002624270424,218.8137022827509,219.2375568537593,5779700
2021-06-01,218.31280517578125,221.63618908519825,217.97564410866372,221.01967733011452,5091500
2021-06-02,221.23159790039062,224.55498170880523,220.38388875086372,220.80774332562717,9081100
2021-06-03,219.73846435546875,221.93478818675413,219.41094573298545,220.59580116067403,6382400
2021-06-04,221.6939697265625,222.23341563831656,220.33571253523968,220.93296882222342,5085700
2021-06-07,222.83065795898438,226.06733322664437,221.6361601586829,224.30450641079304,5421300
2021-06-08,223.5338897705078,224.30453313028323,221.71325236617315,223.63021100373004,4170600
2021-06-09,223.78433227539062,226.23112372721252,223.60130283228597,223.96736171849528,4659000
2021-06-10,225.36415100097656,225.6627718067734,223.61095171905984,224.5453543881141,4452500
2021-06-11,226.33709716796875,226.79947730296985,225.13297151519544,225.78800881488036,5378300
2021-06-14,225.4893798828125,226.5875418506347,223.07150095070196,226.08662148145996,5805800
2021-06-15,224.4297332763672,226.18294713947125,224.0829445286542,225.83615839175826,7093800
2021-06-16,221.17381286621094,225.58571646436386,219.63252610176627,225.04627050644822,8905400
2021-06-17,223.63021850585938,224.7765485208963,220.79812721428573,220.79812721428573,6876700
2021-06-18,221.95408630371094,223.65911771750868,220.80775628164798,221.99261185876847,8840000
2021-06-21,225.7205810546875,226.38524605516756,221.94443014570393,222.95589861422457,7298400
2021-06-22,227.27146911621094,227.42560071660287,224.6802032412642,225.7012993709634,8858400
2021-06-23,226.06732177734375,227.26181951714926,225.35448891707662,226.80906717134863,6814700
2021-06-24,227.57012939453125,229.50635822693445,226.77058816654784,228.30223252794738,4611500
2021-06-25,228.61045837402344,229.72787566884645,227.64715797237756,227.7242090695673,7825200
2021-06-28,225.49900817871094,229.6219331000495,223.35085220165254,229.2655166223615,9301700
2021-06-29,227.29075622558594,227.83984458096413,225.5568123386015,225.96141149456415,11897700
2021-06-30,225.23890686035156,227.72420896046532,225.23890686035156,226.48155791040844,7797100
2021-07-01,226.52011108398438,227.57974753403295,225.4604893327352,225.6049785310148,5329600
2021-07-02,229.8723907470703,230.01687993483722,227.16551883838227,227.1751465513006,4383700
2021-07-06,230.80677795410156,231.77970605066193,228.50449062361335,230.71044203615418,8048700
2021-07-07,231.1920928955078,232.19391883058415,229.55448517725745,231.44254570457753,4366100
2021-07-08,227.92648315429688,228.36960775701294,225.94208690043806,228.2732718480933,6388000
2021-07-09,229.71824645996094,230.66227673176093,228.70677810506217,229.99759710714753,5615900
2021-07-12,229.1403045654297,229.7568163494968,228.56233303594198,228.8609538643307,7010700
2021-07-13,233.45590209960938,233.58112118017758,229.5063638309728,229.5063638309728,8079200
2021-07-14,236.96231079101562,237.75220960932316,233.90864977007044,234.2939641157619,8693400
2021-07-15,239.42831420898438,239.66913930581524,236.3072156624896,236.3072156624896,10135100
2021-07-16,239.0141143798828,241.2682487117608,238.43614290152362,240.8154963027066,8674500
2021-07-19,231.58709716796875,235.4788250639034,230.13250387738393,235.03571502613084,11474600
2021-07-20,233.79302978515625,235.24762295594203,230.72009882027675,231.80863309529406,7072300
2021-07-21,234.71775817871094,237.8388417907263,233.40766916292785,234.36132706713417,11241400
2021-07-22,235.18017578125,236.34577581555493,234.2265030259096,234.83338702465338,10293600
2021-07-23,239.881103515625,240.834761638736,237.7040348977117,237.7040348977117,6766000
2021-07-26,241.06593322753906,241.17189686306355,238.60951418496137,240.06410724523346,4879000
2021-07-27,241.720947265625,243.3970951488254,239.11041157549877,240.04481408122126,7038300
2021-07-28,237.8773956298828,242.2700429636184,236.88519742506082,240.87326036740467,9036500
2021-07-29,238.8214569091797,241.19118259388128,238.03155814681185,239.00448635500123,7495300
2021-07-30,237.3476104736328,239.34164957133686,236.97192386521309,238.13752394194046,5804700
2021-08-02,230.98019409179688,238.7347661028095,229.62193685098364,237.20312182638568,9989500
2021-08-03,228.38888549804688,232.5310801068382,225.44118866212483,231.79897710341362,9839000
2021-08-04,227.9843292236328,228.83203837339295,226.42378710593732,228.30222015479285,8171800
2021-08-05,231.39439392089844,231.43291946915602,227.7531049116638,227.92650662581664,5337500
2021-08-06,232.54071044921875,233.69668268710723,231.05723430216503,231.192095770079,4509700
2021-08-09,231.1920928955078,233.2920806838859,229.31366008049127,232.87786857287088,5226900
2021-08-10,229.3329620361328,232.48294415592878,226.91506832175796,231.68340295983026,7185700
2021-08-11,226.43341064453125,229.61230519872106,225.97103052536877,229.34258223764303,7375700
2021-08-12,223.58782958984375,225.82574070455814,222.84508755023208,225.61352448785803,9867000
2021-08-13,224.41738891601562,225.01545946545826,223.21162169699807,223.79039584966173,5445400
2021-08-16,227.03147888183594,227.1472278147176,222.05406870420845,223.9929516429974,7575900
2021-08-17,226.23085021972656,227.33050925060743,224.96720862586238,226.68421983690732,6850500
2021-08-18,223.4334716796875,226.05722206997982,223.2791299581793,225.64243053328116,4996500
2021-08-19,223.37559509277344,224.20514872062034,220.80006363592622,220.9351089612544,5761300
2021-08-20,223.17303466796875,223.94472860094515,222.15054646228094,223.66498237480792,5522200
2021-08-23,225.8546600341797,226.34660774179477,223.79038722354363,224.46561389639888,6342000
2021-08-24,225.9511260986328,227.8321199340649,225.6713798735362,226.72280530990113,5081800
2021-08-25,224.35952758789062,226.68425045486399,223.86757983249402,226.68425045486399,5277100
2021-08-26,222.3627471923828,224.39808262357963,222.00583012589436,223.91577578887743,5889100
2021-08-27,224.4559326171875,224.803194089066,222.08297677287854,222.84502973117284,6369000
2021-08-30,223.047607421875,225.40126705390853,221.7839659109478,224.45594980982222,6448000
2021-08-31,220.9930419921875,223.6360745578428,220.56860953727775,222.73899072992492,9405100
2021-09-01,221.9768829345703,222.61353146033545,220.6746633705989,220.99298763348145,8177600
2021-09-02,216.24710083007812,222.39170035308123,214.1056718719566,222.27593669565266,19708800
2021-09-03,217.14419555664062,219.25670196291696,215.44648070463586,216.07347373642537,11532000
2021-09-07,218.26315307617188,219.9319307098449,217.86765791386563,218.71652270733512,9662600
2021-09-08,220.98336791992188,222.07338620427137,219.00590672185456,219.3338865942506,10652600
2021-09-09,219.43995666503906,221.8611315409002,219.06375794378835,221.19554579126378,5853000
2021-09-10,216.9512481689453,221.89970592495362,216.86443647752168,221.7164417048933,6715400
2021-09-13,216.6811981201172,219.16024788102075,215.50436813096294,217.54934463461672,6808100
2021-09-14,215.1377716064453,217.81939625658222,214.41431140114574,217.03806158987237,6575700
2021-09-15,215.89016723632812,216.88371806578738,213.5268668625545,214.6458221699106,6535800
2021-09-16,216.3917999267578,217.23100916225488,214.8677084663254,215.9384302959212,5928500
2021-09-17,213.903076171875,215.78406983931478,211.5397756810488,214.57830278084876,13787400
2021-09-20,212.26324462890625,212.6973178440042,208.65558414311104,209.2825918705519,8822600
2021-09-21,212.37896728515625,214.30819441920193,211.2310747853855,212.9384449202897,7033600
2021-09-22,214.86766052246094,216.16989465558527,213.2760541098282,213.56542638933658,6005900
2021-09-23,220.23092651367188,220.60712522525043,216.42070577458972,217.03805788381695,7952700
2021-09-24,223.39486694335938,223.74212843876387,220.52996328598132,220.82899115613932,6461200
2021-09-27,221.47531127929688,225.0733162569392,220.6746801425,223.52028761208496,6881100
2021-09-28,217.57827758789062,220.7711467819589,216.07348247566344,220.7711467819589,6951400
2021-09-29,218.6586151123047,220.91582223957218,218.0894965913375,218.77437875911085,6432700
2021-09-30,214.86766052246094,220.6939196782981,214.75191161065757,219.52674556738987,7128500
2021-10-01,222.30487060546875,223.3659368003845,215.56221582190517,216.23744244027634,7925400
2021-10-04,216.7776336669922,222.17947629912848,212.9963497120316,221.86115201041832,10283400
2021-10-05,216.3435821533203,219.33389082454383,215.99632059613847,217.50111577098028,5814000
2021-10-06,218.49461364746094,218.60072172852853,213.42075158649038,214.18278982773217,5420900
2021-10-07,222.3916778564453,222.98009276615616,220.40457611117665,220.8097120741001,6561900
2021-10-08,222.12159729003906,224.4945387117766,222.0347708721029,222.82576115857327,3735200
2021-10-11,217.14419555664062,222.16983952474502,216.91268296457017,221.87079690709,5620200
2021-10-12,216.1217041015625,218.21491408050363,215.03168590209785,217.57826550105506,5448200
2021-10-13,214.58798217773438,217.86766305359455,210.89350973388446,215.23427162661352,9076000
2021-10-14,217.21170043945312,217.6650700445607,215.16672415689922,216.1892122981762,5590500
2021-10-15,222.81614685058594,222.91259939923512,218.70688264456157,219.17954870510965,6355100
2021-10-18,222.48814392089844,224.52347941576852,220.0669688337306,222.03477430458827,5580200
2021-10-19,225.25657653808594,225.37232546239397,222.51706267249816,223.74212609048914,4409700
2021-10-20,223.23086547851562,225.52665043243937,223.1247573994981,225.19868535868872,5401800
2021-10-21,222.09268188476562,222.66180048213386,218.29210123862583,222.53639598077407,5982200
2021-10-22,223.047607421875,224.5813542928057,220.61679165136732,222.14086824702574,3788000
2021-10-25,225.60386657714844,226.54918392256528,224.07011954181218,225.1890750144985,4938700
2021-10-26,223.61671447753906,228.57482740832776,223.14404855140938,227.19542241349401,7814500
2021-10-27,208.1443328857422,216.79691853144516,208.0285839573993,216.79691853144516,22958100
2021-10-28,202.41453552246094,212.2053734207097,201.6139043842236,211.4915539830574,23199400
2021-10-29,204.27621459960938,206.1089744480572,201.16050225087963,201.80680627877393,14329800
2021-11-01,204.94183349609375,207.63309924697884,203.96756423752726,205.9353844311275,13210300
2021-11-02,201.73931884765625,205.800349206642,200.46603635295773,205.6170702393447,14688700
2021-11-03,200.73611450195312,202.71356078867876,199.4145837396518,202.26984673443434,11486700
2021-11-04,201.39202880859375,204.84534730706133,200.51422688883616,201.75858669131355,11368200
2021-11-05,209.0028839111328,209.92891969581882,203.88078665407826,204.44990530067557,14273600
2021-11-08,212.68768310546875,213.76804575515553,210.43047582832003,210.64269202291382,13500100
2021-11-09,205.83888244628906,212.61047360962652,205.3855129055672,211.9159506842158,11535000
2021-11-10,208.2981719970703,209.64134482700186,206.14330078316894,206.35589056155362,10063600
2021-11-11,203.33132934570312,209.4770730487516,203.08009358314465,209.17751874673044,13546900
2021-11-12,204.94508361816406,206.38489363118106,204.3073142369821,204.3749631462359,7660500
2021-11-15,205.14797973632812,209.10984891504893,204.6744816885782,206.4235035309503,9596900
2021-11-16,207.9309844970703,208.38515226295027,204.5295772754683,205.01273321834068,8719600
2021-11-17,198.1519012451172,200.3261028598135,192.74056385094428,199.01191818291824,38379600
2021-11-18,196.4801788330078,200.86722788984696,194.48957889663265,199.5433854504562,18292200
2021-11-19,194.09339904785156,196.64446174557173,193.1174293861182,195.2336399549411,18032600
2021-11-22,188.9912567138672,194.90507999565193,188.04427531296804,193.26235294457254,21185800
2021-11-23,191.80323791503906,192.21874491897955,187.83169575633138,190.33443982428207,14742700
2021-11-24,196.40284729003906,197.07926251133847,190.9818382215426,191.4939822280083,12026800
2021-11-26,190.99151611328125,192.4796445013655,186.06333491582407,186.8073991098662,10987600
2021-11-29,189.67738342285156,194.47029761830265,188.77872030512725,194.22871960883893,14633500
2021-11-30,187.2422332763672,191.0011854211858,186.0729895627462,188.69170091182033,16023000
2021-12-01,183.7538604736328,190.17982822222612,183.69588412320013,189.4261061771046,13204900
2021-12-02,191.60995483398438,192.72122221893326,185.38691940621015,185.53186027415035,13976300
2021-12-03,189.7063446044922,191.78390913081392,187.5031400778242,191.59064971471977,10660500
2021-12-06,195.85206604003906,197.34019445005308,191.07849819471863,192.07379815640112,10722100
2021-12-07,200.3840789794922,200.93488379872647,198.95394160311378,199.06023649394416,11897200
2021-12-08,201.9495086669922,202.42299201300267,198.78000713822647,200.66431220186035,11749200
2021-12-09,204.2686309814453,205.05134110429876,200.19079440174917,201.49532110300254,10176800
2021-12-10,206.21090698242188,207.0322778097874,203.75648179852624,204.76143945983293,8882700
2021-12-13,203.91111755371094,206.13363761420402,202.90614503751948,205.29293633253954,8844300
2021-12-14,202.90614318847656,206.18193952889263,201.42768734645898,203.63087702259293,9832300
2021-12-15,205.15765380859375,205.33159759809044,200.8575692913547,202.34568296050398,10892500
2021-12-16,207.14825439453125,208.98425564850044,204.4812391533497,208.03725947492512,8548400
2021-12-17,204.7421417236328,206.02733814194087,200.78991539419766,205.6311467790927,11578400
2021-12-20,201.7079620361328,202.7032621664592,199.8912908492457,202.0461623722606,9434400
2021-12-21,208.1242218017578,208.87794375954033,203.27333286610246,203.5149107947442,6993700
2021-12-22,210.61727905273438,211.56426027525077,206.6457378580522,206.6457378580522,6003400
2021-12-23,209.3224334716797,211.1584345286696,209.3224334716797,211.08112782413616,4798200
2021-12-27,210.2984619140625,210.77194530481765,207.64110420929617,210.34676571289515,4818400
2021-12-28,210.70428466796875,212.32768136617423,208.31749341342461,208.73300039757927,4279800
2021-12-29,210.82028198242188,211.56434633228807,210.00858346152273,210.4240905336197,3223100
2021-12-30,210.53033447265625,211.7672123226099,209.83458883896392,210.62697154473736,3812800
2021-12-31,209.40943908691406,210.6366444708847,208.23053749770358,209.50606142118247,4723300
2022-01-03,213.9703826904297,214.5791637514019,209.69928694467407,210.19211532536423,7694500
2022-01-04,214.96575927734375,219.14987697524975,214.33764767353398,214.52124930011297,10629300
2022-01-05,212.58859252929688,217.6810597606871,212.51128581718922,215.13965504985853,9594600
2022-01-06,212.34703063964844,214.43426779013623,210.22114750255847,210.46272546688118,7877500
2022-01-07,209.6510009765625,212.7818415682428,208.37546240606537,209.98920123771168,10702100
2022-01-10,204.82911682128906,206.98398804248365,199.5433900080811,206.77139826337944,11978600
2022-01-11,207.1579132080078,207.70870322634036,201.70791564553608,204.29762400211098,8803100
2022-01-12,208.44314575195312,210.2501442806973,206.60714430113472,207.254571502638,6923300
2022-01-13,207.75701904296875,213.0524031207442,207.4284765981051,209.54470161635342,8867700
2022-01-14,207.43817138671875,210.8975697177824,206.5105202305867,206.9550154423481,8838100
2022-01-18,208.44314575195312,209.60271707919404,207.1096306160139,208.60741700504354,9099300
2022-01-19,207.4478302001953,210.87824037075757,204.96441630139628,205.82443329674294,9399800
2022-01-20,207.12893676757812,212.2020736328257,206.73274539745745,207.48646740928584,8532700
2022-01-21,198.99258422851562,208.3368324193991,198.88630408422813,208.20154935560362,16200200
2022-01-24,195.05003356933594,195.89072007754223,189.05888889485146,195.36890347298527,16054000
2022-01-25,195.19497680664062,198.46111529528872,190.35376016523844,192.895150084362,12125500
2022-01-26,198.9346160888672,203.7565175344803,196.80873296517007,197.39818378419392,10817600
2022-01-27,199.2052001953125,203.85317300442108,198.91531840960408,202.44235108672336,12009800
2022-01-28,220.3190460205078,220.4349986948318,208.81994381470386,213.20699201531917,26425300
2022-01-31,218.5507354736328,218.75366743694207,214.56953562264064,217.95162688297805,12380600
2022-02-01,224.53221130371094,226.70641286209587,218.79231683041505,219.2561423676744,12247200
2022-02-02,227.48910522460938,227.90462693489619,222.26135523766087,223.50790562377452,10590500
2022-02-03,223.73980712890625,225.62412676158854,222.78316797143322,225.1892746957409,9968000
2022-02-04,220.69593811035156,222.4642903671386,217.37182335954404,220.80223299173485,10848100
2022-02-07,219.5073699951172,222.1743849873237,218.39610268980465,220.31906828690876,5984500
2022-02-08,220.26113891601562,220.80227122594334,217.17860156687425,218.63772724148288,7542000
2022-02-09,223.09242248535156,225.2956124264212,222.36768856408526,222.37736111967507,7772800
2022-02-10,218.3449249267578,222.56489931126882,217.64804733894965,220.70656400002582,6794600
2022-02-11,217.4738311767578,221.74220262845407,216.3607558544551,219.95161154447004,7535200
2022-02-14,218.10292053222656,219.9612555587151,215.65417582789007,216.1187558923287,8280800
2022-02-15,220.50332641601562,221.92610222132762,217.68678060463424,219.97098729498768,9461700
2022-02-16,221.47122192382812,222.49717659135592,218.35463429110908,220.19360796663204,9561300
2022-02-17,217.39639282226562,221.46150205129027,216.97052156392994,221.064666127047,8131200
2022-02-18,215.53811645507812,218.49016596673545,214.71540904783706,217.38677866370907,8121200
2022-02-22,214.2120819091797,217.13508079112808,212.85703552422407,213.92171377177942,9928800
2022-02-23,209.01451110839844,217.07698522210381,208.50153385760765,215.6832301374137,8669900
2022-02-24,210.32118225097656,210.8631948921501,194.98021595755878,196.8385513424695,13463400
2022-02-25,212.22787475585938,213.59257962399653,207.36909417825748,210.31145429052515,8463600
2022-02-28,209.1790313720703,211.62777607863427,206.39153621416892,209.0628900480385,8409400
2022-03-01,202.2587127685547,208.2402285661379,200.62298650938922,207.59174808369272,9317800
2022-03-02,201.7844696044922,203.77830845361916,199.5680215513943,200.25521098022514,8865700
2022-03-03,200.5745849609375,204.70745352431058,199.92610449270703,203.78796673409533,8610000
2022-03-04,193.85748291015625,199.74221949494202,190.5376478269461,198.41622312008687,10912300
2022-03-07,184.57545471191406,193.7509898460464,183.94633609144478,193.4219128682236,13412400
2022-03-08,185.55303955078125,190.1117647093086,180.67489614605037,183.9076250119414,11070900
2022-03-09,193.34449768066406,194.06073713947043,188.96967274372903,190.1892012364386,8457600
2022-03-10,191.61199951171875,193.51873220158035,189.99563497992395,190.5763565273195,7061600
2022-03-11,190.39248657226562,194.38983783655212,190.15051554883772,194.30273181261546,5432100
2022-03-14,193.89617919921875,197.86449424079044,191.79587295461224,192.0475174463384,7994700
2022-03-15,199.51963806152344,199.78097091723302,194.93186187443754,195.59970430083982,8277700
2022-03-16,205.0655517578125,206.8077456856044,200.35196201514256,203.25561363855041,9232300
2022-03-17,206.59483337402344,206.6819393880624,202.01674626621372,203.1878776160374,6668500
2022-03-18,212.07305908203125,212.21823577128535,203.53631530419102,204.9010352581294,14620800
2022-03-21,210.06951904296875,211.05676477447392,207.65949753938688,209.39200325418543,6101500
2022-03-22,211.45361328125,212.5182915616553,210.2050346825258,210.84384165076898,6259900
2022-03-23,207.7853240966797,210.31150185528182,207.32074392519462,208.38542220228263,6008000
2022-03-24,210.33087158203125,210.66963689259467,207.12717787601247,208.08538836143688,5487000
2022-03-25,211.41488647460938,211.89882845502322,208.76289387393317,211.40521295174648,5051400
2022-03-28,213.67971801757812,213.88296535208386,210.5244072689603,211.48261758069302,4316800
2022-03-29,220.79364013671875,221.46148229874862,216.5930281336778,217.61898256339677,8032500
2022-03-30,216.7576141357422,218.89664422750207,215.57679449990437,218.58691426523887,7084000
2022-03-31,214.64759826660156,218.6643102003175,213.36031101753187,216.71886904457244,10759500
2022-04-01,219.0901641845703,219.3514969298632,215.09279960859104,215.91550669586346,6559600
2022-04-04,220.42587280273438,221.87769857435546,217.7351568874955,218.50945215070502,8521200
2022-04-05,218.82888793945312,221.63576037406673,218.07393960811442,219.5451274094037,4658000
2022-04-06,211.97622680664062,215.71225888451968,211.59875271345723,215.62515288657002,7430000
2022-04-07,209.20809936523438,211.6568444541033,206.8174249474475,211.29873213660636,6995100
2022-04-08,210.01148986816406,212.36345593314357,206.23674774997406,207.91118312355687,5438600
2022-04-11,207.8530731201172,210.32118008530247,206.5561122037015,208.33701508314425,6942700
2022-04-12,204.6106414794922,210.02112346481573,203.9331257332824,209.54685505810107,7446600
2022-04-13,206.4206085205078,206.98198296844174,200.5165106790792,203.6718069532561,8052900
2022-04-14,205.95599365234375,209.01451009911875,205.70434917333134,207.38847235398887,8191600
2022-04-18,206.3238067626953,208.89838145089394,204.72680425398363,204.87198092978065,4744400
2022-04-19,208.7725372314453,209.55652076344077,205.61724129179805,206.2560481581407,5028800
2022-04-20,210.7954559326172,213.7281581243171,210.40830822896254,211.63752507961027,7178300
2022-04-21,209.4984893798828,216.72858405979818,208.43382583841358,212.4602120644288,8850300
2022-04-22,201.48439025878906,209.60493561193357,201.27145461868983,209.29522044280324,6201100
2022-04-25,203.2071990966797,203.7685734680669,198.7355807053946,199.72282630809175,6839400
2022-04-26,194.6414794921875,201.8618859056416,194.6414794921875,200.33262740408517,8155300
2022-04-27,207.23362731933594,214.67665704930792,206.20767272407727,210.38892359119097,15955800
2022-04-28,213.5732879638672,217.70614202932776,212.22792978844737,213.321628670721,10799100
2022-04-29,206.2851104736328,214.09592625085682,205.53016217601967,211.59878389385304,7965000
2022-05-02,204.7364959716797,205.3269057869526,200.31327388737066,204.96879344233602,8803700
2022-05-03,201.8618621826172,206.74967879169313,199.64541456785065,206.74967879169313,6616900
2022-05-04,207.63043212890625,207.9014384051654,198.73557784878335,202.62647477041028,7191100
2022-05-05,198.6485137939453,207.68854664185255,196.548207325132,205.4527370063009,7749600
2022-05-06,196.30621337890625,199.11307069121642,193.78970941227686,197.2063382879883,8825300
2022-05-09,186.80157470703125,194.30267420951566,185.91112337704902,193.6251584985221,10314100
2022-05-10,187.3629913330078,191.39906594503634,184.8368134369913,190.39247305727437,11016500
2022-05-11,190.40213012695312,191.95075034063294,185.25298046989406,187.27586913158834,9427300
2022-05-12,188.09901428222656,190.12575165675173,184.20068548755967,188.64206211492768,9308600
2022-05-13,193.1998291015625,194.4701764883581,190.55246314603718,191.03732946447494,6684500
2022-05-16,191.82281494140625,193.88835024044494,189.9512380117569,191.34765540846217,5161300
2022-05-17,197.825439453125,198.60122844958497,194.0919632309427,196.71025294361309,7265600
2022-05-18,193.936767578125,199.24120443123476,193.1027972100783,196.6811117567329,8748200
2022-05-19,191.39613342285156,194.3538210424299,187.45902112794738,190.40701674767166,9012400
2022-05-20,193.00587463378906,195.55627605976326,188.14751972431333,193.62650289446228,6966600
2022-05-23,201.27764892578125,201.6655507530565,194.69317262528966,194.79984377817263,12187400
2022-05-24,196.49691772460938,198.47516568021607,193.0058745124271,197.73817424517532,7458500
2022-05-25,197.67025756835938,198.7466611716322,194.40226397148774,194.51862712958985,5457200
2022-05-26,202.23773193359375,203.39171606796805,198.4751647990513,198.9018495005287,9212300
2022-05-27,206.43663024902344,206.77602769803767,203.29469206480877,203.6437963074993,4897200
2022-05-31,205.7481689453125,207.86219375888174,202.78078948501545,204.012354059963,9586400
2022-06-01,203.57594299316406,207.62943266442448,202.4995540895455,205.6317860194212,5246100
2022-06-02,208.54098510742188,208.73492865549457,204.69114575055454,205.47662673826275,5337200
2022-06-03,206.213623046875,207.72641827050745,204.87540217546743,206.50454577437912,4352500
2022-06-06,206.49488830566406,210.99444754638233,205.6706095727243,208.92891211234422,3965100
2022-06-07,208.0076141357422,208.4633895789093,204.34202659486778,204.72991366282383,4493300
2022-06-08,207.0378875732422,209.04524093936578,206.38816857756828,207.29001269490945,3646300
2022-06-09,199.87156677246094,207.2415397135684,199.78429439846298,206.15542924835594,5138600
2022-06-10,193.47132873535156,197.2629864201623,193.15131522977723,195.5465557255159,5162500
2022-06-13,186.44076538085938,189.960899095748,185.29648813181035,187.14868076063752,7119200
2022-06-14,187.66259765625,188.45777044282866,185.94616735292578,186.8868088617519,6441200
2022-06-15,190.22274780273438,192.81193203419426,186.4116910417025,190.04818824267625,6490000
2022-06-16,183.32791137695312,186.0625490236569,181.8539140003013,185.61648041033015,9887200
2022-06-17,184.2588653564453,185.51952055460222,180.28297102003475,181.27208750742278,15089300
2022-06-21,188.5063018798828,190.7754724002451,187.86627487251587,189.7863558946167,6241600
2022-06-22,187.9535675048828,190.445772431636,185.24800543919793,185.46134778118542,5138500
2022-06-23,190.68820190429688,191.48338967224322,187.5947528018245,190.20333564489854,4752800
2022-06-24,199.2897491455078,199.41581912349386,191.53188804006638,191.74523040422167,7754800
2022-06-27,197.3987274169922,200.82188164755834,196.477484584991,199.5224437667591,6121200
2022-06-28,192.12338256835938,200.53096088519706,191.5221532021893,197.82541394048917,4354200
2022-06-29,193.46160888671875,194.5671032027652,191.34759941093978,191.34759941093978,4324600
2022-06-30,190.93064880371094,192.8313311882829,187.01293565588648,189.45665112569256,7045200
2022-07-01,193.15130615234375,193.75255034529246,188.81661562731833,190.83364614235808,4131800
2022-07-05,194.47012329101562,194.49922887535016,188.2638420315202,190.2905791369087,4110200
2022-07-06,195.03257751464844,196.38050497232842,192.65673607014025,193.9464819507458,4111200
2022-07-07,196.66177368164062,197.27269515598528,193.9853022431864,196.4096337363108,4650700
2022-07-08,197.408447265625,197.92240429421142,194.39257867302408,196.19628167047904,3621800
2022-07-11,198.8533477783203,200.48250610301008,195.88596864068043,195.88596864068043,5353600
2022-07-12,198.62059020996094,201.82069517864977,196.62292910754246,197.0981032935501,6779500
2022-07-13,197.9709014892578,199.3479347825234,193.46165088367937,194.36349508601708,7597300
2022-07-14,199.67762756347656,199.84248031691945,191.98764095392397,193.94650479550288,5605500
2022-07-15,203.6826171875,205.3020835585345,200.90918151765268,203.03289815815444,7245700
2022-07-18,200.93829345703125,206.46576617736017,200.38553878652596,205.0984396947948,4648900
2022-07-19,207.1930389404297,207.6294155837984,201.60737055509287,201.9176920418084,4927100
2022-07-20,206.91183471679688,207.64884094357112,204.8172236012436,205.58330582455676,4460300
2022-07-21,209.64645385742188,210.33495558805367,206.29117317980717,206.69845901981662,4801300
2022-07-22,207.23184204101562,211.46958332732603,205.6996628432923,211.33380656587173,5071500
2022-07-25,207.7845916748047,208.29854872781485,205.21479161280993,208.08520638917545,4357200
2022-07-26,206.05848693847656,208.63796442679404,205.34087948256987,207.37732387555528,6141000
2022-07-27,204.09959411621094,210.28649200897053,195.11016997741967,204.39051681655903,17432200
2022-07-28,204.95298767089844,206.281516576758,201.6267972113592,204.26447102518702,7477100
2022-07-29,205.6899871826172,207.67794201844313,203.478997986726,205.58331600224764,6059700
2022-08-01,204.96267700195312,207.51307840123783,201.2776902691052,202.14075166627438,8028400
2022-08-02,200.0170135498047,202.5189250932159,197.75753512342624,201.51040983701463,9939400
2022-08-03,202.1698455810547,203.96385678566236,200.61828232012576,201.69468608350135,9520100
2022-08-04,207.0087890625,208.3761153800053,202.23770714317172,204.15777326751214,6789700
2022-08-05,209.3361358642578,209.4137162346375,204.12867742691586,204.3323277487804,5553700
2022-08-08,206.8633270263672,210.07313897044412,205.63176270929085,208.7155047036917,4063400
2022-08-09,203.8959197998047,206.9893683822596,203.40136162525485,205.58325942576414,4596800
2022-08-10,205.68026733398438,208.33732489023785,204.91417037952996,208.32763289222405,5746400
2022-08-11,205.0536651611328,207.40457235234388,204.57764933087526,207.2005613327619,6639600
2022-08-12,205.29656982421875,207.13261008496167,204.10169024453614,206.91888985794156,6443700
2022-08-15,210.24124145507812,210.55211262081,204.36396503344338,204.36396503344338,5290600
2022-08-16,210.94068908691406,211.39727185215992,206.0737290769473,208.42463670696145,6564400
2022-08-17,208.39547729492188,210.00807317746998,206.67600648647897,208.86176918727602,4902500
2022-08-18,209.10459899902344,209.8331864519817,206.3651030607885,207.76399334217234,4516400
2022-08-19,206.7440185546875,209.08520204320033,206.3262873013095,207.99718266851713,4178800
2022-08-22,202.6541748046875,205.21880208156185,202.25587676735194,203.94620501787247,5139500
2022-08-23,200.8958740234375,203.32449915712715,200.63357835851662,202.06161112297823,3525500
2022-08-24,200.7695770263672,202.40162079378862,199.80783615503933,200.73072554713983,4230800
2022-08-25,203.8296661376953,203.91709308872728,200.60444470576326,201.4690346977676,4495000
2022-08-26,197.09751892089844,204.25710173141968,196.91294102202346,203.78110064816613,5060200
2022-08-29,196.55348205566406,198.13695031338716,194.8922960184603,195.50431426740127,4476200
2022-08-30,195.63063049316406,198.57412317970116,194.49403562814848,198.09810728314488,3918200
2022-08-31,193.03683471679688,197.3694933865334,192.96882610214448,195.26144867956688,6559000
2022-09-01,194.41629028320312,194.70771342024537,191.04535764867728,193.04654224650292,5608300
2022-09-02,192.1139678955078,196.69921358810706,191.22995956340444,196.66036210599958,4508100
2022-09-06,192.9688720703125,194.32889645583407,190.79281823032395,192.24999356759164,4547800
2022-09-07,194.69801330566406,195.39745851337423,191.58937617314723,193.03684205471572,4098300
2022-09-08,194.979736328125,195.36831039947447,191.33679882240895,191.76422437163308,4377600
2022-09-09,199.341552734375,200.5072898615517,195.6014788337185,196.30092407465486,4885600
2022-09-12,200.73077392578125,201.27478370498451,199.09872976501666,200.6044806473395,3812300
2022-09-13,193.96945190429688,197.66096548141653,193.1922888107212,196.28150803131743,5217900
2022-09-14,193.7168731689453,195.1449060399123,192.4054095696809,194.2900251856865,4632800
2022-09-15,189.792236328125,194.59120307969044,188.97622165105,192.43458227373873,6099300
2022-09-16,187.7812957763672,188.28645394786406,182.84632779229352,184.78922787311853,9398200
2022-09-19,187.61614990234375,188.45159752492177,185.26524259768263,186.1201085482814,8133600
2022-09-20,186.58642578125,187.5190095660843,184.85723098486378,185.6441180087047,5292500
2022-09-21,181.68060302734375,187.57729746443636,181.66116987473546,187.0332877766228,6705900
2022-09-22,180.4857177734375,181.86519003789817,179.38798917804263,181.0297423116805,6604700
2022-09-23,178.70794677734375,179.31024102805497,177.02732762108428,178.23193094565718,10755800
2022-09-26,175.43417358398438,179.23254711010748,174.7638706295918,177.81422341295695,9914600
2022-09-27,172.79180908203125,179.5725408459551,171.96608546480903,177.29933654976773,9799600
2022-09-28,174.0644073486328,174.95815441079023,169.83860865843312,172.19922509029522,9751000
2022-09-29,174.91929626464844,177.0370651135695,173.6272658999192,173.7244168356423,9105200
2022-09-30,172.57809448242188,177.69764036760486,172.52953383871616,174.91929264730808,9472300
2022-10-03,176.46388244628906,178.12506842964882,173.06380752575825,174.21983537044278,8842300
2022-10-04,180.34970092773438,180.89372542248876,177.84337277258712,179.76683977522526,7081400
2022-10-05,182.31207275390625,183.42924947277172,177.15367412508587,178.10569125153557,6119900
2022-10-06,180.29139709472656,182.68117055265606,179.9611076611636,181.3211316953347,5163000
2022-10-07,178.5816650390625,179.33939489462378,176.7359010442929,178.21250927547828,5610300
2022-10-10,176.978759765625,179.504535778813,175.73530491015893,178.87309918709155,4743800
2022-10-11,174.02554321289062,176.4541680845806,173.1026687262784,175.22042249928015,6294500
2022-10-12,173.15127563476562,175.4341745348671,173.13184248178084,173.976999347212,4884300
2022-10-13,179.38796997070312,180.077691205931,169.61518482959323,170.0037589207229,8426400
2022-10-14,177.4061737060547,181.78742218535206,176.87188812646625,181.45711795801967,6449400
2022-10-17,179.96112060546875,183.18634186584538,177.62964642971914,180.6897081382844,13952100
2022-10-18,181.82632446289062,184.76010809325723,180.43715785077438,184.0800959466565,5209200
2022-10-19,181.08804321289062,182.2829228603585,179.48514141930755,180.19431076881145,4927000
2022-10-20,181.87489318847656,185.5275403141108,181.10743929044847,181.13659643143473,5706700
2022-10-21,184.93496704101562,185.49840992729506,179.76685976301172,180.49544740202165,7582500
2022-10-24,185.26528930664062,187.61619720401103,183.70125376387978,185.94530153758996,7299200
2022-10-25,188.83047485351562,189.6561985431905,185.27496393613305,185.42067552161916,11907200
2022-10-26,197.52496337890625,200.47816535160104,190.8899569882709,190.9676747800725,15450000
2022-10-27,198.45753479003906,200.42959213414713,195.83462247960458,197.51524182851946,7946700
2022-10-28,203.36334228515625,205.4811110227978,197.5054998891245,199.14725278377784,8455600
2022-10-31,201.24562072753906,203.63537984421257,200.31302204237045,202.95536769000276,8674100
2022-11-01,201.0221710205078,203.97538775684907,199.4678596852544,202.9456529767449,5919500
2022-11-02,195.21286010742188,201.09013513766965,194.85342837739523,199.88553189036622,6985600
2022-11-03,189.18991088867188,193.17286231032597,188.63617720510405,192.61912862675814,8236200
2022-11-04,191.35623168945312,195.69861471206286,189.76305415882607,191.37566484144236,9680100
2022-11-07,194.3871612548828,194.71745071487123,191.5408048956493,192.6579813488828,7821300
2022-11-08,196.01922607421875,198.29241605313004,194.0374741287163,195.90265679011688,6943700
2022-11-09,188.81439208984375,196.0191994063075,188.2302281601523,195.405813166662,7320200
2022-11-10,200.14735412597656,200.33232970881392,194.743752498194,197.73276240815815,8048900
2022-11-11,199.59239196777344,200.9846634734104,196.8175649661957,200.56601339200648,9601000
2022-11-14,201.4033203125,203.65238333503615,197.84960819946076,198.1319518643701,5796100
2022-11-15,204.45077514648438,208.09210988840448,202.0361832360942,204.45077514648438,7316100
2022-11-16,204.59681701660156,205.3270331259008,202.72746555954973,203.07796988626475,6125300
2022-11-17,205.4243927001953,205.70673638065412,201.85120380290962,202.47432092942813,5385600
2022-11-18,205.23941040039062,208.52051002510902,204.20737401138632,207.54688854774122,8028500
2022-11-21,200.87757873535156,204.99599318690625,200.45891379900473,204.75258783162764,10450900
2022-11-22,204.78182983398438,204.92786712927557,199.9331984985935,202.06541729127693,5273100
2022-11-23,206.14488220214844,207.21587182670157,204.38262961143553,204.4605211165199,3807300
2022-11-25,208.1505126953125,208.3549797262011,205.8138272764106,206.12539325561542,1993500
2022-11-28,205.68722534179688,208.81255617334017,205.09331576940997,206.66084661742906,10229400
2022-11-29,203.54530334472656,204.6065471877932,201.88041894070176,203.8276618922155,8986900
2022-11-30,211.27584838867188,211.27584838867188,202.52298646430754,202.7274534995131,13918100
2022-12-01,211.27584838867188,212.88231779104913,209.6206949439805,211.27584838867188,11261500
2022-12-02,211.91847229003906,212.7168342438759,208.5886883379873,210.03937495419262,5132800
2022-12-05,208.04342651367188,211.18823452708335,207.43005509593337,209.96146197903738,9006300
2022-12-06,203.56475830078125,206.53430645751706,202.16274114768086,206.40773092510898,5986000
2022-12-07,202.3282928466797,203.50638146429174,199.71899421185563,203.29218353381683,7923800
2022-12-08,203.58424377441406,204.75258650090134,202.2698489219385,203.98341726370091,4896500
2022-12-09,203.19480895996094,204.96680726354535,202.04594269337932,202.42565449324948,4928400
2022-12-12,208.92941284179688,209.15335646051537,203.94447602348177,204.46049417742688,5941700
2022-12-13,207.4202880859375,214.1772227042193,207.01136889731737,213.74882692863164,14585000
2022-12-14,207.6929168701172,210.57482779318136,206.04749438501568,207.23531363971796,7001700
2022-12-15,202.42562866210938,206.2324918982812,201.36438490254747,204.07105120367274,10831800
2022-12-16,201.43251037597656,202.9026731922713,199.88445607284555,202.01668909910777,12472900
2022-12-19,199.4171142578125,201.99720466275627,198.57005365656485,201.17936636718332,4893600
2022-12-20,199.94290161132812,201.0820369253308,198.1806491634363,198.50194602476287,5024900
2022-12-21,201.35462951660156,202.4743029856522,200.1570794128864,201.1209699000422,4086900
2022-12-22,199.6508026123047,201.19885707826546,196.798099031243,200.32260375768334,5690300
2022-12-23,200.4005126953125,200.7997010709756,198.151449434617,198.7453591366596,3246000
2022-12-27,200.84835815429688,201.42280608847634,199.2029504177245,200.48812297939367,2904900
2022-12-28,199.58265686035156,203.0292700921257,199.3976664166732,201.22806455305943,3139200
2022-12-29,202.57167053222656,203.02927378872573,200.0792020707833,200.5173287390976,3675500
2022-12-30,202.2795867919922,202.5521996090693,200.27392898508873,200.86783866292478,4159400
