Date,Close,High,Low,Open,Volume
2013-01-02,51.6924934387207,51.69832181620692,50.835904223972214,51.156398299473146,16143700
2013-01-03,51.59926986694336,51.79739027561615,51.372012011936285,51.54682335269166,13268200
2013-01-04,51.83817672729492,51.91392785888323,51.49437800037509,51.5701291319634,11427900
2013-01-07,51.237979888916016,51.56429790944922,51.02820274835908,51.45940933917075,11799800
2013-01-08,51.558494567871094,51.558494567871094,50.8650640515601,51.173901508009116,14226400
2013-01-09,51.360355377197266,51.59344161117533,51.133097521649944,51.51186209614553,10892200
2013-01-10,51.919761657714844,52.1411955890535,51.49438337674903,51.71581286233738,13099600
2013-01-11,52.216949462890625,52.275219915228334,51.779914401732015,51.844013233028654,11645600
2013-01-14,52.199462890625,52.29852309301338,52.04795617501629,52.1295356882479,9606700
2013-01-15,52.17033386230469,52.216952004744385,51.86149644870555,51.96638504631948,9195400
2013-01-16,52.1353874206543,52.14121580156739,51.9023010874027,51.95474762411652,9645000
2013-01-17,52.56077194213867,52.99198326451205,52.21114462472306,52.30438094710191,13400300
2013-01-18,52.910377502441406,52.92785819279232,52.34514480375993,52.4966470839681,17196000
2013-01-22,52.98030471801758,52.99196147639843,52.566578710511756,52.60154009415287,11897500
2013-01-23,52.852115631103516,52.957004244806704,52.688956553287774,52.735574702878395,10906800
2013-01-24,53.23088455200195,53.446490176700586,52.88125729375558,52.95700845855423,11100000
2013-01-25,53.45230484008789,53.49309460231976,53.102673225814044,53.359068557414695,11090600
2013-01-28,53.09103775024414,53.41735595158512,52.892912809607076,53.41735595158512,11617500
2013-01-29,53.46978759765625,53.5688478175111,53.14346504144201,53.14929342077195,11700600
2013-01-30,52.834632873535156,53.44648383720614,52.66564542218077,53.12598962847348,15645400
2013-01-31,52.42673110961914,53.14929456075076,52.29270505666081,52.84628551535715,15991500
2013-02-01,52.46751403808594,52.73556166332662,52.07126875604529,52.70060028265402,15699200
2013-02-04,51.94890594482422,52.22278198285403,51.768261748777455,52.10041268951642,13347300
2013-02-05,52.29269027709961,52.55491392944866,52.10622219900124,52.374269783408295,11679700
2013-02-06,52.321842193603516,52.38011265054991,51.954734313665426,52.07710360697812,11768700
2013-02-07,51.75299835205078,52.32184222260643,51.37767951513532,52.31597660742396,13463300
2013-02-08,51.964111328125,52.07553563632771,51.670893232141516,51.899602989076385,11412300
2013-02-11,51.77059555053711,51.905477867389465,51.58880173031138,51.81164591233498,8764700
2013-02-12,51.876136779785156,51.96996870321674,51.559460749432105,51.75298573589548,9752100
2013-02-13,51.99930953979492,52.057952279354055,51.74714173295186,51.876158444474484,8940300
2013-02-14,51.91132354736328,52.08139055963028,51.64156346815951,51.80576486644419,13238900
2013-02-15,51.8175048828125,51.96411393816809,51.489102030545034,51.940655952412804,15696900
2013-02-19,52.3804817199707,52.433263305049216,51.82923025482251,51.92306219533845,12158900
2013-02-20,52.17524719238281,52.67371723725111,52.13419682337377,52.27494030652554,13936400
2013-02-21,51.9523811340332,52.20454888057016,51.81750331271877,52.06967105925572,10939800
2013-02-22,52.31011199951172,52.357027973567924,51.84096568141037,52.20455329496205,10260200
2013-02-25,51.43045425415039,52.89068365055887,51.43045425415039,52.708885381525974,15302900
2013-02-26,51.90547180175781,52.18109754482863,51.46564463068397,51.899606186713896,15073200
2013-02-27,52.50364303588867,52.57401700501382,51.78819000932214,51.899614341898456,11195200
2013-02-28,52.51537322998047,52.66784344884068,52.210423843952114,52.585742723560884,14552000
2013-03-01,52.44498825073242,52.59159729711442,52.14590454335031,52.233870866010115,11301600
2013-03-04,52.163490295410156,52.339422918410335,51.876137853718824,52.26904897437977,10994000
2013-03-05,52.550559997558594,52.867236153309875,52.36290055053792,52.47432488519693,13072600
2013-03-06,52.521240234375,52.74995006234908,52.222160904965484,52.544698226238296,13234400
2013-03-07,52.02275085449219,52.63851060786608,52.00515848567913,52.56227104413909,12905300
2013-03-08,52.17524719238281,52.32772190905411,51.81165501390652,52.198705185267215,11896300
2013-03-11,52.28666687011719,52.51537668761984,51.92307472411474,52.19870052319595,12454800
2013-03-12,52.28666687011719,52.726494130569094,52.19870052319595,52.45672947356951,11470000
2013-03-13,52.345306396484375,52.48604985842542,52.09313860367327,52.20455846038935,10539900
2013-03-14,52.67958068847656,52.72649667231676,52.4332784845472,52.4332784845472,13775500
2013-03-15,52.40980911254883,52.55055255935444,52.06967501479457,52.31011154999775,29240100
2013-03-18,52.057945251464844,52.42153734629282,51.92893303151327,52.04035287938752,11553700
2013-03-19,51.94652557373047,52.24560484833179,51.618118221981504,52.12831938466307,11987900
2013-03-20,51.97584533691406,52.31597944951964,51.782324766914215,52.1635047655665,11319000
2013-03-21,51.70606231689453,51.981687959532366,51.54772656163009,51.67674320066497,13447500
2013-03-22,52.362884521484375,52.36288452148437,51.79404073847861,51.84095670441064,10786600
2013-03-25,52.20454406738281,52.72061074247491,51.99343116975293,52.486035387810574,12900800
2013-03-26,52.855491638183594,52.95518918979151,52.40393774525942,52.43326134411228,12329600
2013-03-27,53.1193962097168,53.21322368246972,52.468451619052445,52.52122873357218,12350800
2013-03-28,52.843772888183594,53.353974056101414,52.773398924767925,53.15458339683386,17485200
2013-04-01,53.230812072753906,53.3598287530241,52.76753141055191,52.85549326150599,9414200
2013-04-02,53.1193962097168,53.31878238566268,52.94346354634403,53.12525735078333,9991800
2013-04-03,52.73822021484375,53.266013815471204,52.69716985002573,53.16045509534571,12197100
2013-04-04,52.644371032714844,52.972778317989906,52.32183383583479,52.83789603533453,11582000
2013-04-05,52.198692321777344,52.315977783141676,51.84096584821649,51.96411692489511,12771600
2013-04-08,51.9582633972168,52.25734720967472,51.694368810677496,52.25734720967472,11013900
2013-04-09,52.057945251464844,52.39221374339486,51.95238654484727,52.01103375064319,10753400
2013-04-10,52.005165100097656,52.28665645936726,51.723673740828055,51.870282798454156,14823700
2013-04-11,52.321842193603516,52.35116132119267,51.741271567158215,52.16350190283896,14979900
2013-04-12,52.18695831298828,52.304248242262275,51.846828703477,52.12244997042592,11505100
2013-04-15,50.720848083496094,51.99927873480629,50.591831448404456,51.77643466683537,19626200
2013-04-16,50.79123306274414,51.15482507035608,50.48628377270766,51.13136708849539,14578800
2013-04-17,50.48043441772461,50.656362611522155,49.85880893867651,50.556669520954856,17341200
2013-04-18,50.79711151123047,51.06687165955768,50.304502715997614,50.59772085211246,14730400
2013-04-19,51.28385543823242,51.307313428408406,50.68569234828447,51.17829671951759,18393300
2013-04-22,51.65916442871094,51.79404672782482,51.190018137597924,51.377677548873784,11262000
2013-04-23,52.36875534057617,52.48017517804755,51.57120173707567,51.83509624190388,15567700
2013-04-24,52.44498825073242,52.71474835917692,52.39807228209346,52.45671500581565,13028800
2013-04-25,51.64743423461914,52.134177338202115,51.4011321126204,52.128311723634624,16328700
2013-04-26,51.60639190673828,51.770593346940586,51.37181650324055,51.49496758339228,10791800
2013-04-29,51.729549407958984,52.09314155222,51.61226392872859,51.7588730148437,11093000
2013-04-30,52.18695831298828,52.18695831298828,51.465644263104835,51.75886237505984,14572600
2013-05-01,51.31904983520508,52.09900683496926,51.30145745933775,51.911347368793386,11616500
2013-05-02,51.97584533691406,52.098996417515316,51.45391741115718,51.59466533826178,11330100
2013-05-03,52.790977478027344,52.89067501864021,52.14589864178342,52.19281460511271,13036600
2013-05-06,53.1193962097168,53.295324398936074,52.73821175517813,52.925871174837454,10613400
2013-05-07,53.45365905761719,53.45365905761719,52.861357259112,53.14284859601292,11088900
2013-05-08,53.77619552612305,53.86416184731533,53.38328436217083,53.39501559121138,13638300
2013-05-09,53.752586364746094,54.06554698805047,53.55182087247719,53.81754096638717,13771900
2013-05-10,53.22704315185547,53.70534108058963,53.02037148543358,53.658105060482086,10975400
2013-05-13,53.20339584350586,53.227016094104584,52.80776678245698,53.02625072166862,9810100
2013-05-14,53.7998161315918,53.84705665153581,53.15617643639038,53.2329434075754,9890300
2013-05-15,53.8765754699707,53.92381598717227,53.386469745591484,53.52228060116637,10399400
2013-05-16,53.55772399902344,53.90611728128804,53.439627177468815,53.61677691490572,10469600
2013-05-17,54.18364334106445,54.254499623551276,53.45733490984344,53.776201696347464,12721300
2013-05-20,54.63241195678711,54.73279919356767,54.006490800329495,54.095065653910375,12417700
2013-05-21,54.79773712158203,55.169745987366895,54.549726705955955,54.72097016944186,12519900
2013-05-22,54.43753433227539,55.21107848221149,54.21314417817288,54.81544937538178,19253300
2013-05-23,54.201351165771484,54.53793198411119,53.947439004209684,54.06553579814842,15357300
2013-05-24,54.04783248901367,54.189549570972936,53.734871868180605,53.95925762337483,12771900
2013-05-28,54.54975128173828,55.02214756659968,54.18364844082031,54.8804304831832,15197800
2013-05-29,54.37260055541992,54.573366027865845,54.08325572027695,54.18364296160431,11563200
2013-05-30,54.37849044799805,54.72688361093812,54.08915018071467,54.307634181375505,9734700
2013-05-31,53.42190170288086,54.54383928861396,53.415995511532195,54.2958288081143,17917400
2013-06-03,54.006500244140625,54.036026702198775,53.42781950908275,53.45734146203591,14177500
2013-06-04,53.61085891723633,54.0242022067647,53.27427809430495,53.841150822131276,12481300
2013-06-05,52.93769836425781,53.805723795291506,52.91407810363942,53.54590543359324,12888000
2013-06-06,53.280174255371094,53.2801742553711,52.55386603466906,52.819586027185125,15393300
2013-06-07,54.00057601928711,54.03010246748559,53.43370335368328,53.669901423960745,12504700
2013-06-10,53.805721282958984,54.28992534026712,53.658098039814995,54.28401914911228,10372300
2013-06-11,53.415992736816406,53.75847973558397,53.28018187858002,53.36875221868907,10739400
2013-06-12,52.99083709716797,53.92381705744996,52.90226225193293,53.811621953145334,10864500
2013-06-13,53.92972946166992,54.154115191026605,52.91408073018461,52.92588860852789,13501300
2013-06-14,53.48685836791992,53.91201405944116,53.31561485299585,53.82934539776805,12158400
2013-06-17,54.0360107421875,54.18953566445099,53.59904271853515,53.71714401078051,12026400
2013-06-18,54.28401565551758,54.36077811517481,53.888386470578396,53.947434863015005,10678200
2013-06-19,53.73487854003906,54.48480288467017,53.73487854003906,54.201368685559736,14189500
2013-06-20,52.58340835571289,53.45142936237287,52.42987889996635,53.28609202777097,21077700
2013-06-21,52.83729934692383,53.22702226422448,52.46528598824744,53.002636615178815,25493800
2013-06-24,52.246829986572266,52.84913094922236,51.97519920379363,52.52435795140314,17653000
2013-06-25,52.61883544921875,52.91998816273297,52.24682645377487,52.896367900388285,15790100
2013-06-26,53.02626419067383,53.12664690238965,52.39443696825171,52.80187400554045,14446000
2013-06-27,53.167991638183594,53.5400006159848,53.16208544660143,53.28608843920183,12348000
2013-06-28,53.35103988647461,53.58723797969238,52.884549891273075,53.05579339622837,22984200
2013-07-01,53.321529388427734,53.81163524358125,53.12075938930175,53.3746716056316,13182200
2013-07-02,53.522308349609375,53.7939347066865,53.215253838815315,53.362877152777195,12320700
2013-07-03,53.55179977416992,53.65808867087925,53.227026893918364,53.516367138531436,5674000
2013-07-05,54.07145309448242,54.095073359142035,53.48095999330641,53.79392061611292,8917900
2013-07-08,54.47298049926758,54.638317822242726,54.26630884554864,54.30173698472784,12086700
2013-07-09,55.11660385131836,55.17565674403791,54.472968767624685,54.703260632900694,12940000
2013-07-10,54.80955123901367,55.14613201451902,54.54973291928907,55.081177434587865,12430000
2013-07-11,55.07528305053711,55.3941498280715,54.939472176188055,55.38824814143322,16184700
2013-07-12,55.15205764770508,55.181579600288096,54.7505221507156,55.06348277974616,11370300
2013-07-15,55.063480377197266,55.211103648986,54.968999320802205,55.02805223360148,8256200
2013-07-16,55.093021392822266,55.19340416294124,54.78005618963604,55.02806677566153,11413500
2013-07-17,55.1874885559082,55.352825914986795,54.998530930517646,55.24653696913554,9393300
2013-07-18,55.73072814941406,56.002354390903456,55.33509891757761,55.38824563064298,10555400
2013-07-19,56.19721221923828,56.24445273583182,55.748440826910446,55.91377812988424,14431700
2013-07-22,55.9964599609375,56.21493951767359,55.96693350484115,56.02008022479364,9530400
2013-07-23,56.21493148803711,56.3861749977055,56.00235364880075,56.01416603159391,7377400
2013-07-24,56.09092330932617,56.2798808705963,55.754342512529256,56.2798808705963,8222800
2013-07-25,56.07912826538086,56.27989374918894,55.75435527086232,55.91379092457312,10059800
2013-07-26,55.97283172607422,56.014166055659935,55.41186067586348,55.96101934327599,9721000
2013-07-29,55.524078369140625,55.81341879391836,55.27607229075972,55.807517105223006,8844700
2013-07-30,55.3941535949707,55.70121251500479,55.18748192096965,55.636257916732376,10470700
2013-07-31,55.35873794555664,55.86065626857523,55.14025383796015,55.46502690261633,14400800
2013-08-01,54.75641632080078,54.974895841343866,53.882484723316594,54.73279606085754,23117700
2013-08-02,54.29582214355469,54.63830911807419,53.935621102267525,54.59697479391518,14408600
2013-08-05,54.08324432373047,54.183631543904,53.74076185436764,53.982861608660386,12625900
2013-08-06,54.01240158081055,54.27221997202745,53.900206456402415,53.929732911806,11689200
2013-08-07,53.935611724853516,54.05961918087368,53.811608773936015,53.84113521681752,8163800
2013-08-08,54.19544982910156,54.30764494696598,53.9002033127041,54.284024685041665,11529500
2013-08-09,53.93977737426758,54.32030453622517,53.76735029521779,54.225170477614974,9467800
2013-08-12,53.4463005065918,53.767371275321075,53.32738742317059,53.767371275321075,10133700
2013-08-13,53.154945373535156,53.46412202549097,53.0003547794362,53.42250200433842,10892700
2013-08-14,52.88738250732422,53.20251069877437,52.85765651388005,53.11926612290165,9797300
2013-08-15,52.41769027709961,52.83983762919764,52.35822919790101,52.714977528118794,11273400
2013-08-16,52.26903533935547,52.613885028359206,52.114444732134324,52.328491869442836,11872500
2013-08-19,51.680381774902344,52.24522991450702,51.5971417604327,52.21549939380762,11745600
2013-08-20,51.62689971923828,52.245257681251395,51.62689971923828,51.80526932951094,16498800
2013-08-21,51.38310623168945,51.93606047247677,51.36526972976753,51.698229862287526,12766900
2013-08-22,51.71607971191406,51.97768934507825,51.400951491382386,51.47824906120288,10199900
2013-08-23,52.03713607788086,52.138217147368536,51.58526291645979,51.817146509785246,9206400
2013-08-26,51.78147506713867,52.14416576324697,51.620941997566455,52.02525271439659,10654700
2013-08-27,51.620941162109375,52.019304859177076,51.478244598549985,51.50202811518354,13960200
2013-08-28,52.821983337402344,52.91117039759115,51.89444879842035,51.89444879842035,17738800
2013-08-29,51.888484954833984,52.697106175451374,51.864705980322455,52.697106175451374,11407800
2013-08-30,51.82312774658203,52.05501149304436,51.60313349695992,51.95987737334469,12480400
2013-09-03,51.81715774536133,52.322545057417436,51.62689412660224,52.144170930224696,10546700
2013-09-04,52.17982864379883,52.310635682521266,51.668494512196965,51.733898031558184,9822300
2013-09-05,51.93608856201172,52.50093713373865,51.92419906638056,52.3582359687005,11740100
2013-09-06,51.876609802246094,52.16200747389552,51.60905317077147,52.01930636994976,12950600
2013-09-09,52.3463249206543,52.435511978021374,51.91228366079699,51.93012016502197,9297000
2013-09-10,52.215538024902344,52.560392360693626,51.894467216018455,52.560392360693626,11823100
2013-09-11,52.821983337402344,52.82793035107955,52.25119250293324,52.25119250293324,11201200
2013-09-12,52.31064224243164,52.79819292483875,52.239291702478894,52.67332834586111,10917200
2013-09-13,52.56037902832031,52.845772206328824,52.41173542503674,52.41173542503674,8254200
2013-09-16,52.72090148925781,53.02413564893703,52.61387793503232,52.84576154648058,9421300
2013-09-17,52.88143539428711,53.125208478622326,52.709008316956556,52.744681320458895,8941200
2013-09-18,53.261966705322266,53.43439379609706,52.54253234906719,52.86360301434697,15134700
2013-09-19,53.083587646484375,53.357091253695096,52.90521809547293,53.29763473669128,11757500
2013-09-20,52.71495819091797,53.363041983009154,52.673333636250526,53.23223491474515,20651100
2013-09-23,52.17390060424805,52.86360904604244,52.10849706110401,52.49497130616174,12227700
2013-09-24,51.94200897216797,52.36415616262414,51.89444194152007,52.07875851497851,12129200
2013-09-25,51.81118392944336,52.084687456410556,51.686323919495734,52.07874044558254,13577400
2013-09-26,51.76958084106445,51.99551742770915,51.61499026270669,51.9657914363368,9787100
2013-09-27,51.66851806640625,51.733921615583085,51.49609094005301,51.63878753087393,10867100
2013-09-30,51.15717315673828,51.54958983466814,50.901506027086285,51.169062646754746,17486100
2013-10-01,51.13338851928711,51.33554159882776,51.00258145076466,51.12744150628832,11885100
2013-10-02,51.18096160888672,51.19879811375251,50.70530031000142,50.98475098287836,11841400
2013-10-03,50.836090087890625,51.16310768657805,50.740956046003085,51.157160674899885,13923400
2013-10-04,51.32364273071289,51.38309924111085,50.943115620676764,51.3176957188008,11325500
2013-10-07,51.07393264770508,51.3058162589475,50.69934794012743,50.87772204242554,10985800
2013-10-08,50.84206008911133,51.103669750114,50.818276567885114,51.050160229537155,15335700
2013-10-09,50.63396453857422,50.88962720838504,50.4377538728539,50.74693060433538,13575100
2013-10-10,51.15717315673828,51.15717315673828,50.413955284057124,50.84799198140746,17532400
2013-10-11,51.6982421875,51.6982421875,50.83611112329786,51.07394179018756,12661800
2013-10-14,52.0847053527832,52.16794538801634,51.4366215732907,51.4366215732907,9742100
2013-10-15,51.60310745239258,52.07282172479043,51.51392039424879,52.007418184567804,12018000
2013-10-16,51.912296295166016,52.23931407302056,51.5614995300523,52.013377404112234,11668100
2013-10-17,52.013362884521484,52.0252523748321,51.733912231680804,51.805258246028544,10438200
2013-10-18,52.05497741699219,52.16794343988048,51.906333854449365,52.13821744911684,12425100
2013-10-21,51.864723205566406,52.114443347041814,51.63283503277656,52.02525628615992,10730900
2013-10-22,52.31064224243164,52.41171877185037,51.80525052285534,51.900384576125674,12710600
2013-10-23,52.090641021728516,52.114424531793105,51.69821991002379,52.037126990023,11449100
2013-10-24,52.57225036621094,52.75657145527728,52.30469378719115,52.310640799416824,12288900
2013-10-25,52.3046875,52.7089980941637,52.21550047230023,52.45927804559688,11382000
2013-10-28,52.45930099487305,52.59605056576103,52.090663236025684,52.22147032904387,9921900
2013-10-29,52.875518798828125,52.93497535094888,52.584178518065485,52.59012099790665,10340000
2013-10-30,52.80415344238281,53.20252175625965,52.73280741429487,52.899287528157245,14305900
2013-10-31,53.285743713378906,54.08247099801883,53.03601909116756,53.18466264751752,19185200
2013-11-01,53.4046630859375,53.53547015685784,52.48307111262924,53.357096053558855,19023500
2013-11-04,54.76028060913086,54.86135713018096,53.511675748904615,53.511675748904615,20591600
2013-11-05,54.69489669799805,55.44406169724548,54.24896590686738,54.30842243843629,21122500
2013-11-06,55.42621612548828,55.461889131346176,54.77218531272315,54.95055487825445,13464600
2013-11-07,55.049076080322266,55.65967083190961,54.92935394755557,55.45613772567829,16572100
2013-11-08,55.51001739501953,55.563890986100596,54.76174262707102,54.95330078498157,12330100
2013-11-11,55.6477165222168,55.8093464852296,55.37235186101501,55.58186795463503,7924700
2013-11-12,55.47411346435547,55.86321737188845,55.37234916200152,55.474113464355476,10727300
2013-11-13,55.426212310791016,55.51600620591081,55.11493198376391,55.20472587888371,9280000
2013-11-14,55.80333709716797,55.92305922734409,55.48008186516461,55.48008186516461,7909200
2013-11-15,57.03052520751953,57.042500165061675,56.288237688691055,56.36007373261954,18374500
2013-11-18,57.13827133178711,57.46751412497117,56.90480992102303,57.455543735722514,14243700
2013-11-19,57.120330810546875,57.34182189932427,56.964692867512134,57.10836041766308,12697300
2013-11-20,56.67732620239258,57.43757138387768,56.49175551487957,57.31784924363192,10455400
2013-11-21,56.683311462402344,57.102343503979235,56.647391168048095,56.779088257431326,9128400
2013-11-22,56.87489318847656,56.910808930607544,56.44388601447033,56.844960358628335,8534700
2013-11-25,56.922767639160156,57.317858989944824,56.76712974379741,56.994603675786735,10515100
2013-11-26,56.43189239501953,56.75514766863147,56.36006093451051,56.71923193837696,11857900
2013-11-27,56.150550842285156,56.52169227316971,55.95899264879737,56.48577653911187,8828100
2013-11-29,55.958980560302734,56.40195793071672,55.85122881429862,56.06074482955479,6770500
2013-12-02,55.982933044433594,56.29421796116759,55.62376200498538,55.83327806407121,9310500
2013-12-03,56.503746032714844,56.5576242119955,55.80934915110341,56.03083564617802,12599500
2013-12-04,56.67133712768555,56.80902169548307,56.22237226375988,56.384002172352915,13074000
2013-12-05,56.34807205200195,56.65935686095709,56.222362460075985,56.312156330624816,10586000
2013-12-06,57.25798416137695,57.29389988751265,56.62344407463802,56.85092251911497,12063400
2013-12-09,57.37174606323242,57.617182487338745,57.22807852335315,57.437594637158085,15516700
2013-12-10,57.293922424316406,57.455552389718015,57.10236419773151,57.4076616912947,9868100
2013-12-11,56.42591094970703,57.19214366241114,56.36604987535962,57.096362289769516,12811800
2013-12-12,57.084407806396484,57.39568821999516,56.43789706225867,56.56959420278028,15562600
2013-12-13,57.05445861816406,57.41961710596029,56.66535935450887,56.94670685836998,10629500
2013-12-16,58.19783401489258,59.19154078679443,57.54533587493034,57.63512978354451,23226000
2013-12-17,57.91648483276367,58.1439587879479,57.485477703270924,58.07811022276939,14920900
2013-12-18,59.586647033691406,59.83207890692722,58.072138867415944,58.32355822061626,21331300
2013-12-19,59.520774841308594,59.622539124786144,59.26336811026658,59.56267805021742,12905900
2013-12-20,59.07182693481445,59.62255628674204,59.02393623453156,59.49684662383087,23331000
2013-12-23,58.97004699707031,59.43696978333911,58.89821096567998,59.26336946614298,10127600
2013-12-24,59.39508056640625,59.52677770476149,58.86230910095709,58.86230910095709,4168300
2013-12-26,60.4007568359375,60.47857578910198,59.49085190965312,59.514797256882495,9531200
2013-12-27,60.76589584350586,60.90357583690527,60.45461099675615,60.60426594347253,10209000
2013-12-30,60.04758071899414,60.789872930687906,60.04758071899413,60.777897971116985,9007900
2013-12-31,60.58032989501953,60.694069133442,60.11939459796732,60.15531032921348,8509600
2014-01-02,59.71235275268555,60.31696030997436,59.49684915933722,60.22117890532678,11028100
2014-01-03,59.56867980957031,59.963766650132875,59.34718875674496,59.72431772734218,9295600
2014-01-06,59.658470153808594,59.94580519026347,59.19753020579632,59.82608301959195,11848500
2014-01-07,60.50251770019531,60.59231160542879,59.51479387684252,59.62853312794544,11187000
2014-01-08,60.30497360229492,60.574355325054064,59.95179001745845,60.574355325054064,11180400
2014-01-09,59.71834182739258,60.09547084227127,59.2813471494557,59.98173156299136,11674300
2014-01-10,60.173282623291016,60.23913119110308,59.33521824587992,59.856014742255624,10535400
2014-01-13,58.994014739990234,59.92187318709543,58.82639726977101,59.80813846976159,12110900
2014-01-14,59.335205078125,59.42499440784407,59.05385299938577,59.14364689621215,9265000
2014-01-15,59.13166046142578,59.47287354943936,59.04186658203138,59.35913889817245,9425500
2014-01-16,59.22745895385742,59.28732003507139,58.81440972939785,59.13766504848259,9421700
2014-01-17,59.35914611816406,60.06551315198081,59.06581910532387,59.3711165055563,15998000
2014-01-21,58.96405029296875,59.197511649572384,58.688685733054385,59.005953496279496,13847300
2014-01-22,58.5929069519043,59.23342998333718,58.56896161080037,59.191526778182016,11642800
2014-01-23,58.04818344116211,58.299602750731886,57.473508776241935,58.21579631420863,15393200
2014-01-24,56.77910232543945,57.61717118334606,56.76114445736632,57.57526796880612,14584300
2014-01-27,56.821014404296875,57.21610583197322,56.7192500912682,56.916795805106375,12474600
2014-01-28,57.25798416137695,57.41960949609416,56.73119582015168,57.078396396485324,10773600
2014-01-29,56.93475341796875,57.587247081369455,56.65938874255215,56.827001626100646,13191500
2014-01-30,56.2642822265625,56.83895677336161,55.707565545740344,56.27026970425725,14628400
2014-01-31,55.16881561279297,55.83926701960806,54.893446422585136,55.58186026388936,17361400
2014-02-03,53.90571594238281,55.258593430313844,53.660279627046975,55.02513206880775,20377900
2014-02-04,53.887752532958984,54.258898454126275,53.510623702092204,54.09727311721384,17414400
2014-02-05,53.624359130859375,54.24093675216295,53.50463243874304,54.061348997541614,16393600
2014-02-06,54.13679885864258,54.3658838717385,53.80522420861177,53.96196900675853,13646100
2014-02-07,54.60703659057617,54.63717681803438,54.1066619003307,54.3297216609046,12573800
2014-02-10,53.9680061340332,54.57689580703895,53.871550959784216,54.528665920186874,12237700
2014-02-11,54.7637825012207,54.86024227779934,53.89566750928953,53.99212268641286,13422800
2014-02-12,54.90846252441406,55.378692354026434,54.64320278485652,54.86626252943486,10752400
2014-02-13,55.11948013305664,55.252110045266186,54.498535179944646,54.61307543184346,9775300
2014-02-14,56.73511505126953,56.92802993156363,55.22193622803718,55.34853618703141,18260400
2014-02-18,56.71100997924805,57.102869691592375,56.282980157887245,56.71100997924805,12979300
2014-02-19,56.6386833190918,57.446517941919964,56.54825801756193,56.54825801756193,12227800
2014-02-20,57.494754791259766,57.73589509045299,56.51812002148422,56.57840509628252,14424300
2014-02-21,57.28974533081055,57.621319940629846,57.235490176178445,57.56103490233186,11282200
2014-02-24,58.1397819519043,58.62809676158949,57.518837292809835,57.63940737438892,16012500
2014-02-25,58.06142044067383,58.45931007923189,57.8504204502816,58.2000802054772,10663000
2014-02-26,57.74795150756836,58.39301142926428,57.59120664264094,58.21215161592833,9087600
2014-02-27,57.77808380126953,57.904688412875196,57.36814353304348,57.621343557343856,9101200
2014-02-28,58.03730392456055,58.374908499484434,57.74190394602501,57.85041888091935,12651400
2014-03-03,57.57310104370117,58.2000756803001,57.169186150719156,57.729845852714526,11896700
2014-03-04,58.188018798828125,58.39299349762787,57.796163656026756,58.23021879572003,12566100
2014-03-05,56.5482292175293,57.446488684403484,56.30708447086782,57.39222893166424,19829600
2014-03-06,56.52411651611328,56.63263142642556,56.228712005041515,56.46985676123031,12610400
2014-03-07,57.26564407348633,57.30784407031973,56.662784347606404,56.891873987091785,12659100
2014-03-10,57.57310104370117,57.6032458683226,57.06670110613347,57.36210106971463,9964500
2014-03-11,56.674835205078125,57.627349926589424,56.37943067424519,57.488694787136716,12143600
2014-03-12,56.795387268066406,56.95213201025129,56.397502429538626,56.45175757138002,9705400
2014-03-13,56.4517822265625,57.01244193438628,56.264897190439406,56.934071828792135,9872500
2014-03-14,56.349308013916016,56.801452878134505,56.24079306252536,56.41562296195782,11723300
2014-03-17,56.86173629760742,56.98833630399693,56.518106394705825,56.63867651523242,8676100
2014-03-18,57.096839904785156,57.422384684854286,56.71101007643382,56.915984759938546,8757300
2014-03-19,56.50603485107422,57.45252428129518,56.14431539538401,57.06066460393342,9914700
2014-03-20,57.01848602294922,57.11494120775006,56.0719962373466,56.331226158216396,10405000
2014-03-21,56.855712890625,57.8685176566085,56.855712890625,57.33197274005027,24479800
2014-03-24,57.05463790893555,57.3319528008659,56.9581827549596,57.12698272400815,9539800
2014-03-25,57.21742248535156,57.76602247960724,57.15110754326665,57.33196271303506,9796600
2014-03-26,57.09081268310547,57.62133217142525,56.91598741476871,57.609272401533666,11033300
2014-03-27,58.01919174194336,58.175936485606215,56.70495796689146,57.03653250166817,15427500
2014-03-28,58.8994026184082,59.062177345625365,58.1578876149469,58.1578876149469,12321800
2014-03-31,58.887351989746094,59.59269693023327,58.67032206967992,59.37566701016709,12375200
2014-04-01,58.917484283447266,59.03805439139826,58.64619464137534,58.86925440048495,9475300
2014-04-02,59.05009841918945,59.11641334588478,58.58589853177605,58.79689848060032,9551000
2014-04-03,59.03805160522461,59.40579639641145,58.814991856641825,58.97776655409414,10113000
2014-04-04,58.69441223144531,59.50827178829767,58.64618235858421,59.261101738928716,12496100
2014-04-07,58.344757080078125,58.79690182446739,58.32667202621522,58.62810185580807,10120700
2014-04-08,58.74867630004883,59.00790615668095,58.32667634713817,58.4834211579855,10243000
2014-04-09,58.67633056640625,58.953645452186414,58.25432605368976,58.92953051436369,10463900
2014-04-10,58.344757080078125,58.947616739263815,58.01921231218335,58.46533177158778,13443400
2014-04-11,58.30857467651367,58.74263427550759,58.04331501058335,58.181974726715985,13352500
2014-04-14,58.99583053588867,59.11640059508141,58.32062624583174,58.77277086698389,9610200
2014-04-15,59.49020767211914,59.50226284485005,58.519602986611964,58.82706278498798,12961600
2014-04-16,60.249786376953125,60.346241515603744,59.66501186319412,59.71324173224616,12508100
2014-04-17,60.5391731262207,60.87074781828849,60.09908809797226,60.09908809797226,15435700
2014-04-21,60.846656799316406,60.846656799316406,60.21968188019692,60.304081907822955,8002100
2014-04-22,60.50904083251953,60.804440851801566,60.418610941058205,60.60549601047771,8212100
2014-04-23,60.587406158447266,60.85869121191206,60.48492110264546,60.641661329358236,8686000
2014-04-24,60.292015075683594,60.647700180561856,60.20158517800849,60.57535994198629,9057800
2014-04-25,60.53314971923828,60.62960488754405,60.24377501541121,60.27994512859401,10391500
2014-04-28,60.991329193115234,61.16615909946451,60.47286936034306,60.72004410363343,12710800
2014-04-29,61.16010665893555,61.83531108968783,61.027481405969006,61.23245146919776,10094600
2014-04-30,61.73887252807617,61.73887252807618,60.71400813824419,60.96720814300245,13966700
2014-05-01,61.1359977722168,61.726797638620866,61.009393201390495,61.4675678116812,11161700
2014-05-02,61.49769973754883,62.04027421498018,60.87675517983134,61.0576102726731,11168100
2014-05-05,62.04030990600586,62.172935210606305,61.23850519472521,61.30482014675327,7614200
2014-05-06,61.89561462402344,62.27541924205459,61.73887438747449,61.853414621959445,9669800
2014-05-07,62.16086196899414,62.36583205244364,61.96794705538399,62.16689185364099,11007400
2014-05-08,61.68461608886719,62.269390845349434,61.59418619672311,62.14881612267221,8922500
2014-05-09,61.878822326660156,62.018423477069746,61.46002813679405,61.73315498369287,8948800
2014-05-12,62.04877471923828,62.121606077443175,61.623905063423386,62.10946906130285,8830500
2014-05-13,62.127685546875,62.34011808900496,61.872766496319045,62.01843386368215,7528800
2014-05-14,62.0852165222168,62.3219277973477,61.97596480825766,62.127703042607386,6999200
2014-05-15,61.168701171875,62.164103372733834,60.89557426982411,61.909184313395365,13658700
2014-05-16,61.144412994384766,61.302221991150844,60.88949397469603,61.0533691643012,10369200
2014-05-19,61.223323822021484,61.36899118129647,60.95019231386379,60.95019231386379,5851400
2014-05-20,61.1019287109375,61.35078154682797,60.96839837272132,61.11407035841991,6134100
2014-05-21,61.9273681640625,62.04269063080571,61.13226180244683,61.21116396719295,7747900
2014-05-22,61.6057014465332,61.89096996753954,61.587493605733954,61.79385530903449,5304300
2014-05-23,61.4964485168457,61.86669004115204,61.466099029011396,61.636049677929115,5410900
2014-05-27,61.52073669433594,61.84849176476621,61.25974680292011,61.67247489560833,8359700
2014-05-28,61.33864974975586,61.95167338697519,61.3325835557222,61.441835247200075,7586700
2014-05-29,61.46611404418945,61.696759094436935,61.31437582931415,61.629993909437175,6113700
2014-05-30,61.016963958740234,61.393276360032196,60.91985391914761,61.18084380715865,11499000
2014-06-02,60.658843994140625,61.22937628615803,60.49496419985543,61.01694380345576,7761300
2014-06-03,60.931983947753906,61.11407161829003,60.44641991344545,60.44641991344545,9384200
2014-06-04,60.71955490112305,60.97447394994612,60.670997568771384,60.82273575935876,7148800
2014-06-05,61.02910614013672,61.19905218391776,60.67100157872748,60.755974600617996,12296100
2014-06-06,61.66641616821289,61.68462401502826,61.059463244055905,61.065534069888805,9340900
2014-06-09,61.61785125732422,61.88491199298158,61.41756033626395,61.57536474307716,6404800
2014-06-10,61.5814208984375,61.745300721982055,61.302223209797454,61.59356254572018,7917500
2014-06-11,61.878822326660156,62.1094673029298,61.302219147348715,61.41754163548354,10270300
2014-06-12,61.70281982421875,62.48578480987094,61.64819166784647,62.18837925396605,11421000
2014-06-13,62.30369186401367,62.30976268724233,61.68459755376798,61.86668520517703,8240300
2014-06-16,62.46757125854492,62.667866762466524,62.01235673000401,62.255138738028826,8977600
2014-06-17,62.16408157348633,62.267262399795534,61.57533683526924,62.26119620814016,9355400
2014-06-18,62.352272033691406,62.48579777887495,61.945610080638744,62.25515734917643,9575100
2014-06-19,62.291561126708984,62.41902065274484,61.714957847401735,62.27942410880745,11105600
2014-06-20,63.01994705200195,63.15954368415152,62.47975911573262,62.68612096523548,17674400
2014-06-23,63.35371398925781,63.49331513195916,63.05023767360202,63.189838816303364,8553700
2014-06-24,62.352272033691406,63.408368759035056,62.19446298669609,63.23235186636394,9708400
2014-06-25,61.994163513183594,62.28550291767192,61.62392190551516,62.1155522304888,10714800
2014-06-26,61.9273681640625,62.139800631210136,61.21116396719295,61.872744657087594,8424200
2014-06-27,61.4296989440918,61.781732717345506,61.095877646571516,61.70889670646039,15147400
2014-06-30,61.10798645019531,61.46608625266056,61.010871813857165,61.429670579374125,9454800
2014-07-01,61.52073669433594,61.66033324632439,61.174773780662164,61.39327716094901,8399600
2014-07-02,61.64821243286133,61.69069895515851,61.32652810251357,61.39329329907824,6954400
2014-07-03,62.26726531982422,62.679993275096635,61.71494085904135,61.87881602435382,6922600
2014-07-07,62.30369186401367,62.30369186401368,61.92130872219094,62.109467196828646,7979600
2014-07-08,62.41294860839844,62.65573061980964,62.01235759496769,62.10947225180486,9613600
2014-07-09,62.849952697753906,62.934925703623556,62.40080437452119,62.49184820386196,7655300
2014-07-10,62.255130767822266,62.55860708133035,61.93344661641266,62.44328460037934,8533700
2014-07-11,61.751380920410156,62.21266637745857,61.4964618378371,62.15197201932442,7680800
2014-07-14,62.3219108581543,62.564692893262006,62.006297453991785,62.01236364762491,8253100
2014-07-15,62.14590835571289,62.273367911687274,61.751388036354165,62.230881393029144,8755800
2014-07-16,62.983482360839844,62.99562400854577,62.23693310078895,62.24907011781306,8870200
2014-07-17,62.09733200073242,63.056318420496304,62.0851949836957,62.74677123321924,8145700
2014-07-18,62.352272033691406,62.491868604327884,61.82422135567806,62.32799336256266,8208300
2014-07-21,62.5647087097168,62.631473902016815,61.94561413214996,62.12770186218334,6632400
2014-07-22,62.84392166137695,63.2384420845073,62.81964298280292,62.90461604246983,7426300
2014-07-23,63.27482223510742,63.39621092908909,62.83781552768248,62.90458069857695,7007200
2014-07-24,63.293033599853516,63.560094298299475,63.09273807601904,63.378006616507754,7943000
2014-07-25,62.625389099121094,63.11701937753007,62.491858744323025,63.08060369192416,7775500
2014-07-28,63.3476676940918,63.43870691283845,62.41295979260506,62.692157535020705,9197800
2014-07-29,62.849952697753906,63.584364894588134,62.83174022734054,63.25053906389916,8055400
2014-07-30,62.66785430908203,63.21411256091477,62.25512636666181,62.95919358695307,11072100
2014-07-31,60.051902770996094,61.89703957004863,60.04583194728887,61.89703957004863,18291800
2014-08-01,59.9669303894043,60.422144927894664,59.59061803720682,59.85767871493933,14915000
2014-08-04,60.77418899536133,60.95627670800323,59.66953496101828,59.93052487944079,12148200
2014-08-05,59.60273742675781,60.41605623627881,59.34781847195824,60.379640565787554,13069400
2014-08-06,60.076171875,60.482829015719055,59.60274494549016,59.60274494549016,9911300
2014-08-07,59.645259857177734,60.59817573152754,59.25681036895126,60.55568921346162,10017100
2014-08-08,60.53746032714844,60.567809814083056,59.675588614111476,59.97299413720815,11199300
2014-08-11,60.341880798339844,60.76359236809804,60.225754957350254,60.678027431454964,8589600
2014-08-12,60.195194244384766,60.31743319922017,59.785704237299676,60.02406437055454,9583700
2014-08-13,60.56192398071289,60.69638454884586,60.189107854900186,60.39690715987583,7645800
2014-08-14,60.56192398071289,60.6780498646352,60.26244659174286,60.56803709643013,6547300
2014-08-15,60.52524948120117,60.76972279681373,59.98129880200708,60.65359692273612,9226900
2014-08-18,60.824729919433594,60.8308430349416,60.56803502338794,60.67804778782764,7135400
2014-08-19,60.806396484375,61.087539185284434,60.76972711645581,60.81250960000853,8888100
2014-08-20,60.93472671508789,61.056965678509194,60.53134979314677,60.8430533211965,6751800
2014-08-21,60.67803192138672,61.160865335565695,60.66581035650736,60.99584856352614,6826200
2014-08-22,60.20130920410156,60.49467804176416,59.944614385483966,60.4396693446664,8095000
2014-08-25,60.3541145324707,60.44579260105744,60.201319305806216,60.39078389472929,7569800
2014-08-26,60.898067474365234,61.307557578239845,60.519133619217435,60.58025544255192,8536500
2014-08-27,60.830833435058594,61.093641405137795,60.56191235043612,60.98362865805952,5848700
2014-08-28,60.85527038574219,60.95916999976203,60.51301063935244,60.53134531677484,6072700
2014-08-29,60.78805160522461,60.91639903435672,60.33577904595811,60.73915601423899,8873700
2014-09-02,60.195194244384766,60.867492175691794,59.77959112382307,60.76970567476281,8957100
2014-09-03,60.57413864135742,60.86750285857218,60.421343418200514,60.421343418200514,8475100
2014-09-04,60.115745544433594,60.78193039687758,59.87738539879404,60.50690089435181,9662900
2014-09-05,60.66581726074219,60.69026505622292,59.96295829522661,60.34800058243278,9476900
2014-09-08,59.75516128540039,60.45802033231459,59.55958356184468,60.45802033231459,10080100
2014-09-09,59.52291488647461,59.91407033812449,59.26010688024664,59.70627104447209,9756400
2014-09-10,59.16841506958008,59.6084660162954,58.569460463281786,59.50456639358198,12113700
2014-09-11,59.30286407470703,59.35787276382633,58.56333596855691,58.86892632628533,10181100
2014-09-12,58.53890609741211,59.03396113631343,58.44722802944588,58.99729177430303,10257500
2014-09-15,58.85062026977539,58.91785055420464,58.30666954153227,58.50836039482001,10689400
2014-09-16,59.54735565185547,59.926289490921526,58.68558833916887,58.81394043237176,11574100
2014-09-17,59.33343505859375,59.85293782242697,59.162305175254765,59.840716257734016,8774200
2014-09-18,59.046180725097656,59.480118557532926,58.96672889536377,59.376218934894844,8636600
2014-09-19,59.357879638671875,59.62679601382046,59.20508444211088,59.333431847669395,18178100
2014-09-22,59.00342559814453,59.28456835242776,58.83840408529754,59.2234511733126,8816900
2014-09-23,58.69169998168945,59.382337370036204,58.691699981689446,58.84449520382774,10300700
2014-09-24,58.5633430480957,58.82615097402972,57.96438382284862,58.59390395273848,12200000
2014-09-25,57.60379409790039,58.60613030121064,57.57323319076274,58.46556131943285,12854200
2014-09-26,58.32500076293945,58.5266916042523,57.32877745009057,57.6527026215041,11256800
2014-09-29,57.71382141113281,57.927733826300795,57.32877906383044,57.8849513432672,14015000
2014-09-30,57.4815788269043,57.946073061196486,57.218770792502085,57.51824819725861,15576500
2014-10-01,56.75424575805664,57.78102962158084,56.66868082467455,57.51822170821038,14028600
2014-10-02,57.0231819152832,57.38988953607202,56.26531421432055,56.46700503778353,13756500
2014-10-03,57.4021110534668,57.51823692074388,56.58313085650732,57.20653334501823,11563000
2014-10-06,57.76881408691406,58.26387376503735,57.39599804414271,57.45711519887867,10595400
2014-10-07,57.06596755981445,58.17831671359568,57.04151976201325,57.61602669004928,10787900
2014-10-08,57.82383346557617,57.958294028583175,56.48534561393119,57.09652660000603,15583700
2014-10-09,56.11863327026367,57.75048524775571,56.0025074004622,57.48156880713089,17915600
2014-10-10,55.98417282104492,57.00484386535151,55.5563480308986,56.49756723216101,18173100
2014-10-13,55.51968002319336,56.55257740945353,55.470789086833534,55.81304895605731,14451100
2014-10-14,55.34242248535156,56.369206400658705,55.042940540471584,55.91692925804218,23120500
2014-10-15,55.1407470703125,55.379107272165896,53.11773958070622,54.395105551513375,24703500
2014-10-16,55.37297439575195,55.78246437454932,53.893918116462366,54.13839134630553,25212600
2014-10-17,55.74582290649414,56.38145175685611,55.31188492136019,55.69692730347983,18189200
2014-10-20,56.08808517456055,56.16142858218486,55.391339122425,55.391339122425,10821700
2014-10-21,57.237091064453125,57.46933812311565,56.448667159784385,56.75425760362777,15757000
2014-10-22,56.91927719116211,57.81160077152055,56.827603783852275,57.426558471998185,12733600
2014-10-23,57.51822280883789,58.04995175897778,57.371540729224535,57.64045709802582,11345100
2014-10-24,57.750484466552734,57.7749322631771,56.97428674122606,57.56713298628066,9734100
2014-10-27,57.27376174926758,57.359326702486065,56.69925020942325,57.359326702486065,11387700
2014-10-28,58.12331008911133,58.184427254337784,57.40822946378612,57.71993306826408,12564100
2014-10-29,57.81159210205078,58.661137740226366,57.2187506176086,58.31887330681458,12409100
2014-10-30,57.72603225708008,57.86049279676506,56.97428238584504,57.37155089047611,9767900
2014-10-31,59.10730743408203,59.21732018847116,57.64047226320706,58.056075483905964,17493700
2014-11-03,58.221107482910156,59.34567836422601,57.93996476258119,59.015640041333405,13410000
2014-11-04,57.76881408691406,57.99495268867112,57.383771815431516,57.75659252114287,13498500
2014-11-05,58.10496520996094,58.53278995441505,57.848270363288464,58.28220822207478,12480000
2014-11-06,58.83229446411133,58.93008101616696,57.62215382469821,58.172217751704174,14731400
2014-11-07,59.460174560546875,59.8110673681237,58.92461121552065,58.97385982324431,13233500
2014-11-10,59.26934814453125,59.77413468386591,59.1400740584755,59.63255079292179,9087600
2014-11-11,59.34937286376953,59.410931275770224,58.85689617455239,58.96154594461415,7990000
2014-11-12,58.71530532836914,59.343213317658154,58.54909715273711,59.03541657295724,11592800
2014-11-13,58.272098541259766,58.6106722388015,57.76115467249247,58.456773822662456,12355400
2014-11-14,58.53678894042969,58.54910344163959,58.26593096969117,58.40136230336348,9352500
2014-11-17,58.549095153808594,58.56756220640327,57.98275029007986,58.38903953697901,8704400
2014-11-18,58.401363372802734,58.943084020805806,58.19205911785656,58.53063745823735,9263200
2014-11-19,58.85688400268555,58.93690945207626,57.94580372503105,58.53062025960945,8333200
2014-11-20,58.98616409301758,59.03541269612093,58.6414332645047,58.70914891962049,8422400
2014-11-21,59.59560012817383,59.835681196884245,59.158529344198314,59.835681196884245,12374900
2014-11-24,58.92462158203125,59.58946381344813,58.63529183151058,59.306286617521025,10172400
2014-11-25,58.34595489501953,59.11544681903405,58.093563986177884,59.10313701475644,13747400
2014-11-26,58.161277770996094,58.56140980126349,58.087404857900694,58.2597702918508,9822100
2014-11-28,55.73583221435547,56.54225814089281,55.471126839724874,56.32680137005521,19556700
2014-12-01,56.850074768066406,57.17018610815919,55.57579605268983,55.625044673720566,27584200
2014-12-02,57.982757568359375,58.278239840175424,56.64076345096259,56.831595947202366,20885300
2014-12-03,58.45060348510742,58.684532031095536,57.86579151334891,58.27823804907779,16220400
2014-12-04,58.09356689453125,58.241308036288764,57.29329337484946,57.94582105616752,12868600
2014-12-05,57.755008697509766,58.229013845260866,57.46567886721936,57.835034198748616,11831900
2014-12-08,56.449928283691406,57.33022727343284,56.24678597575585,57.188643382950666,15735900
2014-12-09,56.25293731689453,56.6715411217999,55.87127231894965,56.16060204100858,15883800
2014-12-10,54.58468246459961,55.852808452913315,54.29535272602024,55.84665120196731,22279400
2014-12-11,54.91094207763672,56.351433408411,54.695485277219156,54.70164252768994,21522200
2014-12-12,53.310394287109375,54.787819574507076,53.310394287109375,54.60929690218849,24568300
2014-12-15,53.49508285522461,54.54159005894154,53.24884448475995,53.8829051184972,21373600
2014-12-16,53.19343566894531,54.910937371213755,53.05800434983182,53.174963919116166,26372400
2014-12-17,54.800140380859375,55.34186575642108,53.64898335100368,53.704384520809874,23323000
2014-12-18,56.117515563964844,56.117515563964844,54.41847589070442,55.63119605001468,22882700
2014-12-19,57.644168853759766,57.64416885375977,55.1633280631957,55.53268318472144,38469000
2014-12-22,57.453365325927734,57.662664944775564,56.91163982470735,57.22559394958666,17871800
2014-12-23,58.22898483276367,58.59218742703796,57.280975009605825,57.570299999132665,13706500
2014-12-24,57.7303581237793,58.01968782246762,57.2378861379446,58.001220768782105,6875700
2014-12-26,57.379478454589844,58.13050339231639,57.01628048773221,57.85964070746907,10585000
2014-12-29,57.293304443359375,57.779624021228216,57.18249739148283,57.453360117538175,9892100
2014-12-30,57.26250457763672,57.49027586052755,56.948555278172414,57.108606204587524,8743400
2014-12-31,56.9116325378418,57.33023641854771,56.67155138385235,56.8931654793206,11337200
2015-01-02,57.145572662353516,57.28100404763322,56.51766436634907,56.78852713690846,10220400
2015-01-05,55.58192825317383,56.88083069363825,55.095608907049744,56.696150796313454,18502400
2015-01-06,55.28646469116211,56.27141829713396,54.8001451397804,55.55117015086084,16670700
2015-01-07,55.84665298461914,56.314505442715735,55.40342483448621,55.803561619834355,13590700
2015-01-08,56.77619934082031,56.800818951609905,56.01901715236396,56.17291555113419,15487500
2015-01-09,56.696170806884766,57.11477465150711,56.246790099582356,56.81929234742459,14488400
2015-01-12,55.606571197509766,56.22831735399172,55.29261714543056,56.16675893311117,15176300
2015-01-13,55.40342330932617,56.283722334216385,54.855545387884675,55.945143979794615,17469000
2015-01-14,55.24336242675781,55.33570239618009,53.71669309251925,54.757042971299406,23272100
2015-01-15,54.76320266723633,55.80971453974599,54.486187443204855,55.668125954094826,18759600
2015-01-16,56.0928955078125,56.13598687577782,54.77552546246496,54.77552546246496,17713100
2015-01-20,56.07440185546875,56.499162814258845,55.6373310948986,56.105183404826455,16761000
2015-01-21,56.554595947265625,56.628464186792115,56.02518497982507,56.47456575896887,14276400
2015-01-22,57.170188903808594,57.23174733480375,56.21601678525834,56.825453236342696,13559000
2015-01-23,55.951297760009766,56.93009395332673,55.88973934391704,56.806972424535175,14706300
2015-01-26,56.486846923828125,56.59765391432505,55.69273094136762,55.77891363435361,10672500
2015-01-27,55.988243103027344,56.38837993281698,55.77278625517355,56.166765833136786,12301500
2015-01-28,54.141456604003906,55.97592764468119,54.06143112476812,55.94514608526389,17829700
2015-01-29,53.91367721557617,54.332280962930064,52.95950545868546,54.3076566605439,22683000
2015-01-30,53.8151741027832,54.43076750509353,53.09493094926531,53.65512319973807,22679900
2015-02-02,55.14485549926758,55.15100805144428,53.86442015580726,54.07987689710954,20306300
2015-02-03,56.78850173950195,56.837750347870646,55.902045575288554,55.957451433854786,21900900
2015-02-04,56.302181243896484,56.80081047861732,55.71736929444873,56.4129882623462,19632200
2015-02-05,56.85620880126953,56.96701580503453,56.449914888596176,56.87467585246285,12809000
2015-02-06,56.750789642333984,57.23456610840124,56.41586638152786,57.12292502146587,12331200
2015-02-09,56.787986755371094,57.24075458051648,56.589514290146624,56.68875288873728,11360700
2015-02-10,56.44688415527344,56.89964740435635,56.006523369306336,56.89964740435635,12952900
2015-02-11,56.19255828857422,56.33521256295315,55.69017599507028,55.83282553749332,12240600
2015-02-12,57.29037094116211,57.470237342913975,56.453060687362154,56.725962087531414,14843000
2015-02-13,57.910606384277344,57.96022095629293,57.234556380529625,57.49505062845123,12061000
2015-02-17,57.71213912963867,57.72454159077704,57.240765163099866,57.52606908885928,11758700
2015-02-18,56.44688415527344,57.054704219075404,56.06234155126514,57.054704219075404,19177900
2015-02-19,55.47312545776367,56.080945498661606,54.939729656673,55.597169012081295,19350600
2015-02-20,55.770809173583984,55.783216363139076,55.10716649107731,55.448293224496965,15959900
2015-02-23,55.20642852783203,55.54135180872801,55.038964521404864,55.36148533943434,12771800
2015-02-24,55.46070098876953,55.683983102562024,55.28083457866132,55.40488282629981,9990700
2015-02-25,55.57234191894531,55.63436367664473,55.24982593973426,55.55373586483117,9925700
2015-02-26,54.98314666748047,55.31186635291848,54.62961732420358,55.28085309763028,13984000
2015-02-27,54.91489791870117,55.37386456348053,54.790849682303794,55.13197641745111,13090600
2015-03-02,54.60481262207031,54.90251907923872,54.17685426643706,54.79087797481086,13793700
2015-03-03,54.34431838989258,54.5924055273403,54.04040360218912,54.53658734100221,13493800
2015-03-04,54.07140350341797,54.55517992667901,53.91634671483647,54.55517992667901,13467600
2015-03-05,53.798500061035156,54.07760510938295,53.66204933499279,54.00317615009871,12527600
2015-03-06,53.11003875732422,53.711659732199806,52.91776989267781,53.59381981449234,16070500
2015-03-09,52.818546295166016,53.57521944231631,52.79373664136406,53.413963790540045,14503800
2015-03-10,52.26034927368164,53.048035797066085,52.247942078817296,52.607675018549315,17195500
2015-03-11,52.11147689819336,52.67588580928557,52.09907443872144,52.67588580928557,13004700
2015-03-12,52.23552322387695,52.545636750751584,52.136284623937755,52.36577033732947,10792900
2015-03-13,52.018455505371094,52.21072441774024,51.28038364389024,52.03706156373483,16799900
2015-03-16,52.57044982910156,52.63247159212984,51.646308051738565,51.919209487411635,13516200
2015-03-17,52.1486930847168,52.62626584567149,52.111476242854934,52.43399696855372,12979700
2015-03-18,53.3829460144043,53.56901603616482,51.74554685795771,51.81377221713942,18745700
2015-03-19,52.35338592529297,53.029431375583115,52.303766608218865,52.83716243686913,12738500
2015-03-20,52.43399429321289,52.96738992376641,52.340959291240665,52.514622104545204,36083500
2015-03-23,52.985984802246094,53.20306327309173,52.72549063723134,52.73168949928709,17450700
2015-03-24,52.421600341796875,53.203087930990975,52.409197879981456,52.905381527841385,10174300
2015-03-25,52.63248825073242,53.072849059155274,52.576665333968535,52.750332950154984,11934700
2015-03-26,52.297550201416016,53.07283409596497,52.154895882757764,52.90537485680363,14400700
2015-03-27,51.83856964111328,52.13007706486371,51.68351290354016,52.12387347041308,11579300
2015-03-30,53.11003875732422,53.22788340698838,52.25412716133145,52.26652961984293,15653200
2015-03-31,52.71931076049805,52.93018573220025,52.384387512537586,52.62627573629383,13354000
2015-04-01,52.38438415527344,53.339534527436875,52.2603406189229,53.153464490953475,14522300
2015-04-02,52.285160064697266,52.68210513370909,52.00605495770058,52.154908175590386,11297400
2015-04-06,52.799930572509766,53.11624771398271,52.2231191883919,52.81233776423029,10916400
2015-04-07,53.184471130371094,53.44496536350323,52.57044765742906,52.72550442457299,11836100
2015-04-08,52.136295318603516,53.277515792217166,52.111485663529535,53.21549402051116,16257100
2015-04-09,52.502227783203125,52.55184708953973,51.981234530583784,52.09907920014384,13281800
2015-04-10,53.066646575927734,53.36435776368472,52.5766664383028,52.948806605988736,13372400
2015-04-13,52.930213928222656,53.49462323895436,52.868192123033346,53.28994702306525,9880500
2015-04-14,53.73025894165039,54.257455634388094,53.04801024346502,53.09142594065983,15693800
2015-04-15,54.62961196899414,54.90871231139485,54.04659689682795,54.04659689682795,15332800
2015-04-16,54.41252136230469,54.67921918398356,54.027978886501664,54.50555163455335,9570800
2015-04-17,53.91633224487305,54.183030038935684,53.43875954627347,54.046579344491114,14430100
2015-04-20,54.108619689941406,54.64201546135459,54.00938579840022,54.04039431927521,11593600
2015-04-21,53.88534164428711,54.344313215171056,53.76750168480793,54.19545526852624,10100500
2015-04-22,54.245052337646484,54.45593197626364,53.55039640073102,53.98455813578685,8663600
2015-04-23,54.294673919677734,54.81566234534046,54.152019622961525,54.1830328667562,9866100
2015-04-24,53.94114303588867,54.18303118773025,53.748874179798314,54.07759373322628,8405700
2015-04-27,53.965965270996094,54.33189701561057,53.81090848457486,54.2140570756616,10534600
2015-04-28,54.45594787597656,54.49315999226249,53.98457389787089,54.0962149786865,9633800
2015-04-29,54.49937057495117,54.62341413310998,53.93496150182422,54.26988478720311,12534100
2015-04-30,54.189239501953125,54.995531834325085,54.096204497306424,54.995531834325085,13947700
2015-05-01,55.107173919677734,55.16919567994483,54.39391184671369,54.48694685309283,12257100
2015-05-04,55.2684440612793,55.74601690499158,55.16920544172682,55.46071297171494,10343700
2015-05-05,54.95832824707031,55.87626178096142,54.90250534284365,55.80183755126938,11895000
2015-05-06,54.69783020019531,55.79563009992529,54.44973841046121,55.60336121056108,11273500
2015-05-07,54.33190155029297,54.64201514901834,53.91014686674815,54.57999337566486,9992500
2015-05-08,55.19402313232422,55.24364244932454,54.468358366038885,54.87150703573913,11390300
2015-05-11,54.26850509643555,55.38789522288591,54.18721036598069,55.36288035864653,11997800
2015-05-12,54.418556213378906,54.69371478055172,54.04334302156707,54.33726153266629,9788900
2015-05-13,54.13090133666992,54.862572665454266,54.03084669589566,54.581159147892485,8629400
2015-05-14,54.38728713989258,54.61866612570826,54.24970786665394,54.36227229284062,8791300
2015-05-15,54.62494659423828,54.79379569808532,54.15592872747992,54.281003021273364,8422200
2015-05-18,54.312252044677734,54.69372017914976,54.268477247497096,54.599915679164084,6395400
2015-05-19,54.39980697631836,54.53738628698287,53.91202925385004,54.074623418371324,9777100
2015-05-20,54.48735809326172,54.65620716871274,54.349783549870075,54.649952262300864,7276600
2015-05-21,54.537391662597656,54.68122589367762,54.38105238890448,54.581166468387906,8357400
2015-05-22,54.10588836669922,54.46859659070654,54.09338332532799,54.39980693542599,7598400
2015-05-26,53.37421417236328,54.01208092653273,53.174100141291355,53.80571199011939,11289000
2015-05-27,53.22415542602539,53.71193331303856,53.011531482064925,53.342974829153206,10778300
2015-05-28,53.22415542602539,53.51181918577425,53.04280125270818,53.22415542602538,8038900
2015-05-29,53.280426025390625,53.51806479033422,53.080311932914924,53.21789126607253,14631300
2015-06-01,53.236637115478516,53.44926096615597,53.03027294150001,53.31168166944027,9077500
2015-06-02,53.24290084838867,53.52430962298457,53.09907139331818,53.23039580620265,9328300
2015-06-03,53.12407684326172,53.68064420835469,53.06779700169061,53.29918081626116,8179500
2015-06-04,52.66756057739258,53.08654856882228,52.3924020057816,52.96772922724578,12607300
2015-06-05,52.70509719848633,53.155355087307136,52.517492925541774,52.61129267646596,11388500
2015-06-08,53.06155776977539,53.28668674475292,52.48623028754252,52.6425695884382,12244700
2015-06-09,52.89269256591797,53.42424502512682,52.83640795882094,53.33669543283806,8105500
2015-06-10,53.28665542602539,53.76192795731845,53.15533106298929,53.6806285151337,10147000
2015-06-11,53.21162414550781,53.5930922922176,53.08655465557797,53.34295331235792,7759300
2015-06-12,52.542484283447266,52.95522212478186,52.44242966109294,52.8926873894236,8347300
2015-06-15,52.35488510131836,52.51747924572787,52.023446678129886,52.23606575296969,9563900
2015-06-16,52.955230712890625,52.999005511850115,52.154774519862706,52.41116840774106,9100100
2015-06-17,52.98652267456055,53.23666176137814,52.786408542448115,53.17412698967374,9090200
2015-06-18,53.455543518066406,53.7557123469656,52.98027063936224,53.03030036787795,10247800
2015-06-19,53.28665542602539,53.45550444356754,53.10530137104391,53.10530137104391,16129600
2015-06-22,53.261661529541016,53.5305652656482,53.13659202157781,53.39924085095807,9465100
2015-06-23,53.199119567871094,53.33044396476872,52.89894610989418,53.29292407168233,10223900
2015-06-24,52.955230712890625,53.367963850066474,52.94272567222874,53.08655510976909,11800100
2015-06-25,52.48623275756836,53.061560266876405,52.48623275756836,53.061560266876405,10259400
2015-06-26,52.44244384765625,52.59252820733532,52.21106001603353,52.423683899083336,19023300
2015-06-29,51.792076110839844,52.1860493759796,51.77957106781313,51.935910346675975,11739200
2015-06-30,52.02969741821289,53.09280711807309,51.7795584498646,52.36739075079707,14981100
2015-07-01,51.510650634765625,52.23606217278294,51.34805650150008,52.07972294455308,13529100
2015-07-02,51.99219512939453,52.07974475217579,51.623236686401604,51.77332107244139,9188000
2015-07-06,51.61070251464844,51.942140897491115,51.35430867495848,51.541912876198715,11694400
2015-07-07,51.82332992553711,52.04845879950005,50.960334318314274,51.398087027062076,15641500
2015-07-08,51.26051330566406,51.89212520235773,51.222993412961834,51.43561249973473,10057000
2015-07-09,51.02912139892578,51.99842648931668,51.016616360375686,51.823327323048645,11980500
2015-07-10,51.416866302490234,51.585710635895225,51.10418772343943,51.33556681843528,8628700
2015-07-13,51.54191970825195,51.660739057886715,51.32304572557869,51.348060576612056,8026700
2015-07-14,51.97343063354492,52.104755056235255,51.44187803567562,51.51691783658656,9310200
2015-07-15,51.754539489746094,52.16727257162772,51.52941061923081,51.66073499851562,9289200
2015-07-16,51.848358154296875,52.204811501537435,51.779568493329755,52.017202467791485,8267600
2015-07-17,51.660743713378906,51.80457315591348,51.14795114872113,51.59820896570755,12156000
2015-07-20,51.12918472290039,51.535667687901466,51.029125322428506,51.373073547682075,12957100
2015-07-21,51.066654205322266,51.54817698939454,50.922819998025496,51.23549849371002,8677100
2015-07-22,51.147945404052734,51.573188319990486,51.016621017363924,51.49814376855621,13181500
2015-07-23,50.741458892822266,51.2605062690637,50.63514936402907,51.110421947761864,10496100
2015-07-24,49.99104690551758,50.75398331265194,49.85346758343159,50.75398331265194,14888500
2015-07-27,49.5657958984375,50.10985342113395,49.38444180050696,49.54703595228868,14996100
2015-07-28,51.57945251464844,51.698267111948816,49.75966117616269,49.84095587653618,19777300
2015-07-29,51.99219512939453,52.02971503313032,51.22300847623111,51.391852814138794,13913800
2015-07-30,51.910892486572266,52.10475165439701,51.541929328829816,52.0172020449861,11139900
2015-07-31,49.5345344543457,51.0729123209774,49.35943523277565,51.0729123209774,26232700
2015-08-03,48.81538391113281,49.35944641954198,48.54648011103592,49.21561215717046,15767700
2015-08-04,48.25880813598633,49.15932392170707,48.10872376206494,48.702811121696904,18874400
2015-08-05,48.25880813598633,48.92168993207353,48.0899638117118,48.696560985643345,16544400
2015-08-06,48.8341064453125,48.94042071912199,48.09619005862891,48.11494999780312,13005200
2015-08-07,48.04618453979492,48.75909121355428,47.91486012842829,48.496442390820995,12187600
2015-08-10,49.246856689453125,49.246856689453125,48.20876192815957,48.20876192815957,14876000
2015-08-11,48.912322998046875,49.27842491677295,48.1801239763312,48.60934575310814,14486400
2015-08-12,49.7328987121582,49.78339652805359,48.57778645616924,48.880768535804805,16492400
2015-08-13,49.64452362060547,50.04849646485418,49.40466143351418,49.43622376836393,13154100
2015-08-14,49.46147537231445,50.042185765645556,49.39204208444482,49.63821289935118,9129300
2015-08-17,49.72026062011719,49.979058256324464,48.88706610898206,49.19004812018379,9365400
2015-08-18,49.17112350463867,49.65715173689484,48.969137057816575,49.56878296739372,9815300
2015-08-19,48.11699676513672,48.969126757943755,47.927632404185935,48.92494238248668,17010100
2015-08-20,47.069210052490234,48.08545595866441,47.069210052490234,47.97183825437979,17811200
2015-08-21,45.52903747558594,47.271173140053605,45.491166531489526,46.772518174596954,25488800
2015-08-24,43.37664031982422,45.0556520938879,42.00691930124163,42.91585608694453,35531200
2015-08-25,43.37032699584961,45.0935279835896,43.04840937524676,45.01146781252624,30409700
2015-08-26,45.7625846862793,45.92038670243888,43.648038632887946,44.58222387174088,34436000
2015-08-27,47.245933532714844,47.271182438991126,46.08451273842484,46.58316780197429,24571000
2015-08-28,47.384803771972656,47.9592055987493,46.96820882555454,47.157568413658474,18997300
2015-08-31,47.49211502075195,47.68779288442795,46.26757409348422,46.88615558117113,19570100
2015-09-01,45.497493743896484,46.29912613644436,45.13770521877863,46.267568612049054,24092900
2015-09-02,46.223388671875,46.229697287918746,45.44700029786205,46.116079594544594,16936900
2015-09-03,46.576847076416016,47.28380189421627,46.292800537098756,46.482164896643596,13451900
2015-09-04,45.73734664916992,46.16656842770057,45.60479350200059,46.03401528053123,14902500
2015-09-08,46.39380645751953,46.53267304328441,46.05926685494238,46.53267304328441,13626900
2015-09-09,45.446990966796875,47.13862915652377,45.35230877246876,46.942956153119056,17246200
2015-09-10,45.77520751953125,46.065567472128706,45.3207417503573,45.95825843932728,12353900
2015-09-11,45.88254165649414,45.90147713860314,45.453319737650396,45.69949063654362,12172300
2015-09-14,45.75628662109375,45.81309787016944,45.29550727600088,45.642668938679336,10738500
2015-09-15,45.98984146118164,46.2738832966786,45.70579962568468,45.7247351059528,11979800
2015-09-16,46.898773193359375,47.15125263157529,46.31174934960783,46.40011811613072,15214200
2015-09-17,46.99976348876953,47.6372851394498,46.6147260892659,46.968205967207794,15603000
2015-09-18,45.8762092590332,46.4316707061392,45.52273423048722,46.24231114759074,23180200
2015-09-21,46.32435989379883,46.463226439781714,45.90776507158557,46.14130897552461,10853000
2015-09-22,45.91408157348633,46.406423182389425,45.45961091427232,45.667910769034776,14245200
2015-09-23,45.63634490966797,46.20442831413414,45.63003148062813,45.99613331317304,13784800
2015-09-24,45.907779693603516,46.17288601179015,45.270257991142095,45.44699553659985,14584200
2015-09-25,46.223388671875,46.41274828367363,45.926719982745965,46.261259631087235,15175300
2015-09-28,45.82572555541992,46.36856512533413,45.6994858108649,45.838352419317964,14571900
2015-09-29,46.05927658081055,46.198143195898474,45.535372465974376,45.85729009042932,13754400
2015-09-30,46.930328369140625,46.930328369140625,46.28649812869766,46.330682509750254,18176500
2015-10-01,46.74726486206055,47.706703758341604,46.26755022965508,47.46684162640381,14397800
2015-10-02,47.89609146118164,47.90871832594289,46.09714849173414,46.32438390005781,18811300
2015-10-05,48.48309326171875,48.69770652274204,47.83926311012027,48.3821024685645,18486700
2015-10-06,49.1648063659668,49.58771470464791,48.13593873251805,48.57778254670183,18757900
2015-10-07,49.99168395996094,50.048495198105336,48.93756749667134,49.84650878109334,18666300
2015-10-08,50.51560592651367,50.566103752736346,49.57510678787067,50.061135121985096,14344700
2015-10-09,50.029563903808594,50.60396086878305,49.62559103603373,50.52821896591055,17384700
2015-10-12,50.0548095703125,50.23785570089806,49.688707677669115,50.23785570089806,9931800
2015-10-13,49.96644592285156,50.212616747906004,49.54353274773799,49.68871275992384,12326600
2015-10-14,50.59764862060547,50.7996350399882,49.72657827423181,49.846509366149604,14486000
2015-10-15,51.43084716796875,51.46240468908715,50.433537038486904,50.616587997624954,13640900
2015-10-16,52.06205749511719,52.07467954093025,51.41190896593283,51.92319091249017,14304400
2015-10-19,51.12155532836914,51.866381263418596,50.97638012623548,51.765390446595646,14155800
2015-10-20,51.02056884765625,51.16574406212798,50.62290453032667,50.84383129139298,12340100
2015-10-21,50.62921142578125,51.22254870155639,50.566091566083955,51.0394977374186,10274900
2015-10-22,52.320838928222656,52.36502330251256,50.91324756460435,50.925869607657624,14823500
2015-10-23,52.37766647338867,52.39028852037286,51.689646927190836,52.01787793762524,13215700
2015-10-26,51.2667236328125,52.21984923044363,51.235161300914726,52.087291289061575,12576400
2015-10-27,51.18467330932617,51.228862508749316,50.326234542807995,50.856447147045984,13579400
2015-10-28,51.935813903808594,52.12517830460862,51.083683731681994,51.32354113239017,12473000
2015-10-29,51.904258728027344,52.52915357374737,51.62652554515757,51.62652554515757,10341200
2015-10-30,52.22616958618164,52.94574661046379,51.291984067098795,52.05574547653031,18758600
2015-11-02,53.82944869995117,54.23973510113582,51.81589247070222,51.94845046545566,21266500
2015-11-03,54.82042694091797,55.19284225412083,54.01879470822221,54.06929251606938,20115900
2015-11-04,54.27129364013672,54.96562183113363,54.094551264771525,54.76994397662793,14245400
2015-11-05,53.53276062011719,54.429079835657625,53.33708763845539,53.99985810936961,12291100
2015-11-06,53.31816101074219,53.31816101074218,52.529150707672684,52.97730798192776,12491700
2015-11-09,52.17845153808594,53.22902539851227,52.08294879799845,53.2035563819162,13551200
2015-11-10,52.433143615722656,52.59868981611088,52.12115662314853,52.16572619351626,14238000
2015-11-11,51.96833038330078,52.56683515303089,51.828253248560564,52.47769604141752,9598000
2015-11-12,50.56120681762695,51.75185290134177,50.50390031977468,51.29978881753822,16050600
2015-11-13,49.727115631103516,50.66944981167389,49.62524442271975,50.478434616591805,17527300
2015-11-16,51.50990295410156,51.56720459246417,49.60613908647701,49.625239632597875,14548100
2015-11-17,50.91139221191406,51.497164950154534,50.70127649350684,51.38892528590268,10011700
2015-11-18,51.40803146362305,51.50990752893942,50.675813031745605,50.86682822535473,10884600
2015-11-19,51.12788009643555,51.43349856557309,50.96233392531722,51.26158878389797,9453300
2015-11-20,50.80315399169922,51.53537236417132,50.71401487063839,51.299787625528964,10144400
2015-11-23,51.11513900756836,51.3889248285271,50.338351103559006,50.6821754966968,11868400
2015-11-24,52.133872985839844,52.43312780710578,51.064198761802785,51.159706343143434,15055500
2015-11-25,51.732765197753906,52.31853811167897,51.63725758276808,51.76460268865554,8980400
2015-11-27,51.72001647949219,51.73911702480155,51.22974648053669,51.30615351949167,4156600
2015-11-30,51.99380111694336,52.62414338643454,51.732747383059866,51.840987042501474,17729200
2015-12-01,52.1402587890625,52.29306805538357,51.745496255204145,52.05748811516337,13917000
2015-12-02,50.65034866333008,51.98107197141553,50.56757314617386,51.77095623085947,16300000
2015-12-03,49.92449951171875,50.841359822030114,49.67617781394556,50.758589161251194,14870300
2015-12-04,50.21101379394531,50.287420838293606,49.04583187065262,49.24957913119687,20156400
2015-12-07,48.899383544921875,49.34507909039342,48.23083536899744,49.236839437595634,17676100
2015-12-08,47.517723083496094,48.61286638667909,46.98288836764449,47.92521758825474,24217600
2015-12-09,48.15443801879883,49.14771021054932,47.581402161606654,47.651435883361934,22036300
2015-12-10,48.1926383972168,49.34508330443793,48.08439387745787,48.262676968588885,20142400
2015-12-11,47.33308029174805,48.09713619465093,47.33308029174805,47.638703624452816,20473100
2015-12-14,48.409122467041016,48.53009907631036,47.173901931986016,47.30761547787214,21976500
2015-12-15,50.573936462402344,50.682176127037025,49.236844822048646,49.30051492726213,24366800
2015-12-16,50.39564514160156,50.688531435722055,49.66342697744215,50.32560658673401,17233900
2015-12-17,49.637969970703125,50.446595351403474,49.631601502980175,50.31288181780928,17362900
2015-12-18,49.204994201660156,50.160060097989636,49.06491709296388,49.389640857876486,28836000
2015-12-21,49.1922721862793,49.72710686588664,48.803878253733195,49.529728094753075,14460500
2015-12-22,49.44059753417969,49.599775243653724,49.16044321103556,49.47243016144358,13855800
2015-12-23,51.05783462524414,51.07693516977172,49.86718381994579,50.09640006971143,15184200
2015-12-24,50.5102653503418,51.10877015667939,50.376556674743476,51.10877015667939,5848300
2015-12-28,50.13459777832031,50.21100480899604,49.606131603726766,49.73984026412155,9715800
2015-12-29,50.40202713012695,50.98779987552469,50.19827501932667,50.93049337993269,8839000
2015-12-30,49.73348617553711,50.293789989330364,49.64434704283633,49.867194874588286,9314600
2015-12-31,49.63159942626953,49.9435911813114,49.30051198429294,49.351450008510064,10285500
2016-01-04,49.31962585449219,49.625249224653196,48.68291495289887,49.34509487348216,20400100
2016-01-05,49.739845275878906,49.7525773534159,48.97578946528681,49.14770408719996,11993500
2016-01-06,49.32600021362305,49.434239913966195,48.765691444375236,48.797528936344044,18826900
2016-01-07,48.53645706176758,49.65706435611606,48.326341372433376,48.428212554775534,21263800
2016-01-08,47.55593490600586,48.80388758816215,47.43495829012496,48.61287239021528,19033600
2016-01-11,46.91920852661133,47.829704934384004,46.199722395844454,47.75966637550021,21353000
2016-01-12,47.88063430786133,48.02071141455349,46.57538051618201,47.19299056420677,21864100
2016-01-13,48.167179107666016,49.06493892364753,47.71511496519043,48.29451934074814,26052700
2016-01-14,50.37656021118164,50.8859259362112,48.26268055090013,48.52372945271273,33806700
2016-01-15,49.396026611328125,49.77168366365067,48.58103753847009,48.60013808584676,28342100
2016-01-19,48.64469909667969,49.81624446851275,47.87427972238828,49.61886570336455,22684500
2016-01-20,46.59450149536133,48.21174768234156,45.556664529727335,47.7978846467683,33300800
2016-01-21,47.18025207519531,47.74692409159283,46.23155468988159,46.581747445055846,22265600
2016-01-22,48.75294494628906,48.880285161072116,47.57503095753347,48.65743735634286,22530300
2016-01-25,47.10386657714844,48.606499578686254,47.05292854788469,48.23084254273126,17086600
2016-01-26,48.8357048034668,48.88027435455915,47.27576565751756,47.606853057386964,18724700
2016-01-27,47.937950134277344,49.325979682045265,47.575025222406325,48.390014157294424,18106100
2016-01-28,49.02037048339844,49.44697047524102,48.14807966552089,49.24958679439132,16157700
2016-01-29,49.56794357299805,49.56794357299805,48.54920708440992,48.854830459845736,25161900
2016-02-01,48.57465744018555,48.89301277415631,48.03345434397862,48.81024213610199,16754200
2016-02-02,47.49224090576172,48.14805689849158,46.83006616235978,47.23756055416851,21404200
2016-02-03,49.96906280517578,50.00089542868728,47.28214260875096,48.090763140163574,25873700
2016-02-04,50.828617095947266,50.93685675069035,49.38328106532479,50.03272870921773,23658700
2016-02-05,50.9878044128418,51.00053649204098,50.02636969974673,50.5548408542979,26719900
2016-02-08,51.67546081542969,52.070218478543715,50.242861239426965,50.49117811064993,26601200
2016-02-09,51.45057678222656,51.82964335552554,50.557516483910966,51.386328792051344,18418100
2016-02-10,50.98155212402344,52.33077939217128,50.9365780451454,51.25139659729161,16610900
2016-02-11,51.14217758178711,51.49554886674596,49.844350584115716,50.33263921194054,19331600
2016-02-12,52.060943603515625,52.08664378170556,51.27710532504988,51.45058030237998,16767200
2016-02-16,52.183013916015625,52.58778066002032,51.579072032935635,52.4914062252171,15912200
2016-02-17,52.68414306640625,53.1852841307977,52.144454197617385,52.459272704410886,17006700
2016-02-18,52.97328567504883,53.36520487201851,52.594219019971426,53.262409045922865,14873700
2016-02-19,53.005401611328125,53.03752805787619,51.98384531495923,52.80623136779124,13615900
2016-02-22,52.93472671508789,53.609342870040685,52.81265210183934,53.00540097519942,14595200
2016-02-23,52.1894416809082,52.921879563508014,51.96456635932136,52.677730334769734,11041600
2016-02-24,52.37576675415039,52.53638920542292,51.187161595095326,51.34136267761886,13777500
2016-02-25,52.69057846069336,52.72912627176746,51.41202050625515,52.40145517221629,13706400
2016-02-26,52.52355194091797,53.37806472691083,52.48500411357696,53.255990071252086,14343300
2016-02-29,51.495548248291016,52.94115001189478,51.431300261381175,52.6070526370721,18903600
2016-03-01,52.221561431884766,52.53638000876263,51.604771915186205,51.758968068909006,15730600
2016-03-02,53.13389587402344,53.14674841294965,51.598345893434725,52.0095389065409,14094400
2016-03-03,52.94112777709961,53.146724189946774,52.38858649848438,53.108176394352036,13216200
2016-03-04,52.870479583740234,53.30737278888965,52.52996081683698,53.10820254450644,18402700
2016-03-07,54.264686584472656,54.264686584472656,52.8190845700451,52.883332568102496,18945600
2016-03-08,53.08891296386719,54.10404769071898,52.992543446981585,53.96912546527258,14003900
2016-03-09,52.94112777709961,53.87273545054346,52.83832711977345,53.46796889138329,14139300
2016-03-10,52.79978561401367,53.10818272092515,51.99667376475075,52.95398171656655,15898300
2016-03-11,52.80623245239258,53.66716633731918,52.690584104974775,53.46799608969149,15370200
2016-03-14,52.94755554199219,53.09532536382384,52.05449073706517,52.350040184339015,13344600
2016-03-15,53.21100616455078,53.230280074668826,52.375767446174606,52.42716780769492,9213000
2016-03-16,53.24311447143555,53.429437042094335,52.64559895235966,53.3394839891844,11492100
2016-03-17,54.03337097167969,54.40601609261004,53.14673714425129,53.76352653313274,13673900
2016-03-18,54.0976448059082,54.35464173290477,53.487281393373955,54.34821546173247,19637000
2016-03-21,53.72499465942383,54.059087172626995,53.64789412477336,53.86633828690469,8385400
2016-03-22,54.04623794555664,54.52167897407131,53.33307395188082,53.37804803698616,13005100
2016-03-23,53.80851364135742,54.16188494539681,53.66073885008436,53.8791879021653,12748900
2016-03-24,53.95629119873047,53.98841274504872,53.28167500254616,53.28810127253292,9368300
2016-03-28,54.110477447509766,54.20042560360614,53.7763800947459,53.98840284917602,7490400
2016-03-29,54.30965042114258,54.36105077060875,53.42944272011811,53.75710891889897,9977900
2016-03-30,54.303218841552734,54.64374244711012,53.96912640630861,54.6308899100969,10807000
2016-03-31,53.70573043823242,54.67589159677274,53.70573043823243,54.01412775880076,13896900
2016-04-01,53.30094528198242,53.577216050911346,52.93472634659361,52.94115261614287,12235300
2016-04-04,53.42945861816406,53.904899737676885,53.18530933645616,53.365205711309194,8050200
2016-04-05,52.819068908691406,53.410158158448745,52.677720413791484,53.07606572652704,10446800
2016-04-06,53.52581024169922,53.622184667883936,52.87689923578979,53.12746980278589,9320200
2016-04-07,52.92186737060547,53.4358560828513,52.716270905345866,53.17243790945917,8267100
2016-04-08,53.461544036865234,53.615740125121924,53.23024745357757,53.51937063358979,9376200
2016-04-11,53.53225326538086,54.12334274166571,53.50655308356737,53.53867953628635,9925000
2016-04-12,54.19399642944336,54.37389273199182,53.56435937052372,53.76995584512291,9986100
2016-04-13,54.502410888671875,54.553811249085314,53.99484335865756,54.29038807832258,9235700
2016-04-14,54.88789749145508,55.18986844698191,54.45743055144378,54.61162671318665,10625800
2016-04-15,54.59233856201172,55.035657925889595,54.470263977336636,54.80436129271908,11280200
2016-04-18,55.112770080566406,55.164170437102726,53.87919093454139,54.59235495060756,9097000
2016-04-19,55.389015197753906,55.4532631627425,54.752952011297495,55.15771860235057,10354500
2016-04-20,55.76810836791992,56.17930138707263,55.23484073620994,55.401889432055555,15247100
2016-04-21,55.761680603027344,56.43629183426179,55.620332087395184,55.63317972435842,12075300
2016-04-22,56.23712158203125,56.307795839825275,55.780954491965396,56.05079898437495,9150800
2016-04-25,56.10862350463867,56.15359758502321,55.478981477448016,55.954422456057,8076400
2016-04-26,56.301368713378906,56.50054384676975,55.93514979302444,56.37846923938252,9425900
2016-04-27,56.83463668823242,57.001685378078236,56.10862511213708,56.50696557786759,10463500
2016-04-28,56.558372497558594,57.04023981507974,56.217853710799574,56.44915041535435,11276200
2016-04-29,56.79608917236328,57.68272317360589,56.372043627112056,56.97598549999448,17885900
2016-05-02,57.26511001586914,57.48998535124091,56.590498715177254,56.693294526888856,10273700
2016-05-03,56.60975646972656,56.94384888971466,56.127889291674286,56.796079033456884,10137400
2016-05-04,56.500545501708984,57.01453431803307,56.28209645587054,56.73184218468741,10601100
2016-05-05,56.5648078918457,57.16232365802681,56.29496332694034,57.02740137557412,8721100
2016-05-06,56.866764068603516,56.97598613991957,56.192147930602275,56.192147930602275,7968400
2016-05-09,56.90530776977539,57.02738237113574,56.044373996705794,56.92458167487292,11159500
2016-05-10,57.817649841308594,57.82407611116042,57.065938028297346,57.117338383496666,12509100
2016-05-11,57.5390739440918,58.10273967704173,57.48076625258253,57.76583925908668,11660200
2016-05-12,58.09623718261719,58.26468979868587,57.75933689348333,58.18046596215328,10720500
2016-05-13,57.4418830871582,58.0897725605906,57.34469867754247,57.84357139716347,9721100
2016-05-16,58.03143310546875,58.09622103425494,57.662136474085145,57.79171233165752,8638700
2016-05-17,58.00553894042969,58.25174008337699,57.76582301872288,57.837086307308475,9835600
2016-05-18,57.88890838623047,58.310037422885266,57.43538785014261,58.18046153914677,9680300
2016-05-19,58.381317138671875,58.41371358748778,57.30581830843626,57.40948299024387,14397900
2016-05-20,58.141605377197266,58.56921484213309,57.9083647495968,58.56273456275395,13191900
2016-05-23,58.050907135009766,58.24527599209007,57.5455540382074,57.66217436385451,11766100
2016-05-24,58.09623718261719,58.56919858592419,58.0184936236651,58.238773631367344,10056600
2016-05-25,58.478492736816406,58.54976095907703,58.04440312586442,58.21285573693529,9578400
2016-05-26,58.18046951293945,58.608073942283355,57.83708398226459,58.472017762810125,7867900
2016-05-27,58.316524505615234,58.342440673988015,57.869479251441135,57.92131158818671,7505900
2016-05-31,57.67511749267578,58.43962725237939,57.48723389932025,58.310051337719514,13178800
2016-06-01,57.817649841308594,57.953706024899844,57.09849219732348,57.292860998456085,7994800
2016-06-02,57.3576545715332,57.35765457153321,56.761597439392496,57.15033013674494,9837500
2016-06-03,57.25400924682617,57.55203788796422,57.03372419893808,57.29936132389054,9367100
2016-06-06,57.8824348449707,57.986099518427544,57.46131070231245,57.57793098844955,8573000
2016-06-07,58.77004623413086,58.90610241347322,58.122156841260264,58.14807301013554,12889100
2016-06-08,58.82187271118164,59.15229765266491,58.65342010177795,58.97736476593711,9983000
2016-06-09,58.744136810302734,58.97737741395731,58.38132029039754,58.42667235538569,8974300
2016-06-10,58.297080993652344,58.90609357028099,58.167500168729084,58.569193311486615,10353800
2016-06-13,58.69229507446289,59.23652471023559,58.11567393631312,58.25821038718225,11370000
2016-06-14,58.5886344909668,58.87370738854157,58.212857479255234,58.6015901031277,10161000
2016-06-15,58.413719177246094,58.89315601897463,58.310054485518535,58.45907124412575,10655800
2016-06-16,59.10049819946289,59.21063826023044,57.73345056074124,58.11570310446606,12824800
2016-06-17,58.77653884887695,59.3401995754603,58.43315818946299,59.27541161117547,17483200
2016-06-20,59.03569793701172,59.34020187525228,59.00330148211133,59.14583797486501,9388500
2016-06-21,59.301326751708984,59.37259499408135,58.47202896010843,58.776537824244045,8557500
2016-06-22,59.068084716796875,59.560482122406334,58.964424966829135,59.50216949685822,8785400
2016-06-23,59.47624969482422,59.65117766024844,59.0810367600838,59.560473538472344,9464500
2016-06-24,57.914833068847656,58.8283594954625,57.759340996893336,58.2322974907972,20010500
2016-06-27,57.57146072387695,57.726952818102895,57.08554360429191,57.5973768967487,14169400
2016-06-28,58.899635314941406,58.91259092968884,57.99906438535334,58.135125526726085,13254300
2016-06-29,59.90386199951172,60.05935409397186,59.035692450520976,59.223580996870744,13920600
2016-06-30,60.733150482177734,60.79146309806947,59.800193114944165,59.819629005906805,14073700
2016-07-01,60.79793930053711,60.88864836466339,60.299066634363896,60.48695515468998,9946300
2016-07-05,60.26667785644531,60.64245494491854,59.767805126785994,60.331470759495836,10744100
2016-07-06,60.95990753173828,60.97934836466826,59.89089404175566,60.4804707892064,13144400
2016-07-07,60.227783203125,61.21905295019979,59.83257037098369,61.12186857552522,12240700
2016-07-08,60.603572845458984,60.7590649117125,60.201879652716755,60.506388450424154,9807600
2016-07-11,60.830326080322266,61.16723128495099,60.67483403211068,60.73962197361525,8335700
2016-07-12,61.51709747314453,61.51709747314454,60.95991218536828,61.335689229311136,9870800
2016-07-13,61.471763610839844,61.49767978806049,60.972890792607195,61.32275177057785,9458200
2016-07-14,61.51709747314453,61.89287451708739,61.30329772462884,61.581890368516966,9293500
2016-07-15,61.62724304199219,61.90583568864926,61.3162539473269,61.83456745743438,10334500
2016-07-18,61.43285369873047,61.646658320885535,61.16074142126164,61.497641630079855,9865900
2016-07-19,61.206092834472656,61.51060154596791,61.03115998433603,61.39398129354424,5901800
2016-07-20,60.85624313354492,61.173707511651955,60.77201930266028,61.0635675151867,7383800
2016-07-21,60.80442428588867,61.07006133474319,60.551747794200075,60.83034045721625,6854600
2016-07-22,60.908084869384766,61.08949311345676,60.72019634716622,60.97287282183849,7139700
2016-07-25,59.73539733886719,60.655403991740975,59.450329380163076,60.558219598613036,10845900
2016-07-26,59.301326751708984,59.62527151049075,59.029214340653446,59.366114714864395,12143500
2016-07-27,58.899635314941406,59.482731895661225,58.71822210744591,59.28836801642278,10037900
2016-07-28,58.43960952758789,58.78299498899558,58.057357235175736,58.65989444730221,12439200
2016-07-29,57.62976837158203,57.66864510236899,55.79624486477973,56.761598824411166,23928100
2016-08-01,55.627784729003906,57.111452060154825,55.452851821508006,57.06609999950846,22908400
2016-08-02,56.39229202270508,56.57370025756291,55.44637412451516,56.010034719537195,18919200
2016-08-03,56.68382263183594,56.68382263183594,56.107201660558424,56.37283859539524,14632900
2016-08-04,56.677364349365234,56.78750435611313,56.385811166616335,56.6903199618635,13451400
2016-08-05,56.72919845581055,56.904131374762535,56.463566352629975,56.83934341859685,9617300
2016-08-08,57.39652633666992,57.590895156774884,57.03370981167871,57.04667036928807,10492700
2016-08-09,57.467796325683594,57.5066730566919,57.13089596264055,57.41596892268014,9654600
2016-08-10,56.461517333984375,57.44816908041086,56.20015068510255,57.35669150107534,12714800
2016-08-11,56.664085388183594,57.0234602398581,56.36351542699658,56.6444837580211,11616000
2016-08-12,57.40245819091797,57.48740525955631,56.78171646012515,56.82091973170801,9986900
2016-08-15,57.37632369995117,57.82718128488008,57.265244435163616,57.77490693021882,6432600
2016-08-16,57.448177337646484,57.61806643161158,57.08880250578963,57.38937245040178,6817900
2016-08-17,57.57233428955078,57.61807309107921,57.278299849033104,57.448183977478415,7104600
2016-08-18,58.0950813293457,58.11468296528373,57.5788833139656,57.748767482199575,10342700
2016-08-19,57.36977767944336,57.983983733094085,57.36324214058326,57.912107761099506,8615300
2016-08-22,57.493919372558594,57.565795340009764,56.74902751456934,57.049597476112794,8235400
2016-08-23,57.3175048828125,57.51352618749609,57.21295619885674,57.39591141062368,6514800
2016-08-24,57.51353073120117,57.605013329467624,57.07574429915045,57.17375745181334,7985400
2016-08-25,57.147621154785156,57.520067152488586,57.003869193363464,57.51353161283593,6935300
2016-08-26,57.02347183227539,57.572342514182196,56.847052139793036,57.258701412356,6474400
2016-08-29,57.395904541015625,57.44817887673689,56.873176139268125,56.873176139268125,7027200
2016-08-30,57.18680953979492,57.663804107180795,57.088801396291835,57.41550850171495,6441100
2016-08-31,56.93852233886719,56.98426114097161,56.33738237259319,56.93852233886719,12491400
2016-09-01,56.74250411987305,56.74250411987305,56.25244331972841,56.66409758234991,8434700
2016-09-02,57.1214714050293,57.22602007582906,56.8012998247263,57.1214714050293,7099600
2016-09-06,57.87291717529297,57.91865598702173,57.2783126228191,57.39592243713026,9851200
2016-09-07,57.657257080078125,57.938225334160684,57.48083747177225,57.92515924601551,7470400
2016-09-08,58.18653106689453,58.395623391949975,57.52658139071938,57.85982399742326,9579500
2016-09-09,56.74250411987305,57.93172311397406,56.716371930802836,57.93172311397406,12820200
2016-09-12,57.03653335571289,57.310966158108776,56.60527753610047,56.703290675571964,10889000
2016-09-13,55.67743682861328,56.500740315265624,55.592494756757404,56.49420477584412,13214300
2016-09-14,55.27886199951172,56.082563974136065,55.06323403252022,55.56636595550037,13957000
2016-09-15,55.592498779296875,55.9649447907772,55.22658332255467,55.32459648034555,9062600
2016-09-16,54.90639877319336,55.5728841016199,54.59929327726693,55.22003980748028,21538400
2016-09-19,54.775726318359375,55.291924254599294,54.76265523963357,55.26578708230357,7929100
2016-09-20,53.932838439941406,54.854150378272905,53.932838439941406,54.71040336244707,17522000
2016-09-21,54.429412841796875,54.63850521707584,53.78252909955269,54.11577178630072,15055900
2016-09-22,54.586238861083984,55.24618879230591,54.48169016557485,55.06976411492328,10738500
2016-09-23,54.527427673339844,55.08936443541136,53.96549091126833,54.02430079737892,12667100
2016-09-26,54.27259063720703,55.21350883268239,54.18764857212044,54.57316061961599,10860300
2016-09-27,54.39018249511719,54.455522901127054,53.76944116029326,53.965462378322876,9595000
2016-09-28,56.78171157836914,56.997339523849675,54.45555295636209,54.533964477943066,28117900
2016-09-29,56.49421691894531,56.97774225179325,55.98455440794924,56.827459708887744,19082900
2016-09-30,57.029991149902344,57.376299881748125,56.61834199443269,56.742487303771604,15961500
2016-10-03,56.87970733642578,56.977715476979306,56.54646470307983,56.80783137658342,7111200
2016-10-04,56.35697937011719,57.17374718707541,56.239364605069,57.09533568199157,8222000
2016-10-05,56.8470344543457,56.95811367006076,56.65100820354473,56.735955238630645,8796200
2016-10-06,56.87318801879883,57.15415640054479,56.4811403893095,57.010404439862285,7718300
2016-10-07,56.67715072631836,57.10840652477993,56.468058365439894,56.81436712078656,6614900
2016-10-10,57.787960052490234,57.93824254399148,57.18028457758387,57.19988620820096,10060000
2016-10-11,57.33056640625,57.624605817572714,57.043067518597766,57.55272984937084,9309000
2016-10-12,56.93198776245117,57.317504802553664,56.631417774232695,56.99079764338285,8172600
2016-10-13,56.55954360961914,56.76210544469039,55.8211872009307,56.42232719659682,9890300
2016-10-14,56.546485900878906,57.19990033700856,56.50728262996122,56.97120628139449,7991700
2016-10-17,56.546485900878906,56.70983950991132,56.23938031827292,56.50728262996122,7263100
2016-10-18,56.696754455566406,57.062669839519025,56.44192328709609,56.958121162631045,5429300
2016-10-19,56.95812225341797,57.40244416839033,56.76863151179611,56.97119333085693,9373400
2016-10-20,56.9842529296875,57.17374364971656,56.585669860859944,56.709820156606014,6866900
2016-10-21,56.598731994628906,56.72941282254829,55.99758722479921,56.46804618155547,10736200
2016-10-24,56.78822708129883,57.05612429482055,56.239356594204615,56.6771428852977,8354900
2016-10-25,56.664085388183594,57.271760848996855,56.58567388237844,56.63141268114265,6835900
2016-10-26,56.90584945678711,57.14107900551204,56.160957547543354,56.3569838331993,8488100
2016-10-27,56.79476547241211,57.278295607224806,56.716358952830134,57.02999500146826,9071100
2016-10-28,55.39646530151367,56.42886112447425,54.97828053515216,55.72317246180583,19072200
2016-10-31,54.442474365234375,55.14816294201018,54.22684646924926,54.80838474497515,16663800
2016-11-01,54.658103942871094,54.834523599915386,54.409803333131855,54.56009080666641,13050600
2016-11-02,54.527427673339844,54.808396054375606,54.19418993095209,54.429419505082315,11226100
2016-11-03,54.66465377807617,54.80840076559545,54.2660705757139,54.67771987324829,8836500
2016-11-04,54.60585021972656,55.10244664151934,54.07658606363666,54.64505349494594,13877100
2016-11-07,55.83423614501953,55.84730721947692,55.148154290634785,55.20695917023023,13576200
2016-11-08,56.23637390136719,56.579160861082386,55.6958298765538,55.85404156379112,9735200
2016-11-09,56.85600662231445,57.15923805411777,55.14868083751585,55.40576846511643,15901300
2016-11-10,57.38337326049805,58.00301796204422,56.46708548322323,56.631885515528744,14106100
2016-11-11,56.47367858886719,57.17243420423362,55.95950324973793,57.0405911497785,13812200
2016-11-14,56.216590881347656,56.46049675995124,55.59035271832806,56.229777701433406,12607500
2016-11-15,57.231746673583984,57.38995327332759,56.539584627097874,56.539584627097874,12883500
2016-11-16,56.52640151977539,57.205376733342895,56.414338723793705,57.17900812911832,8201200
2016-11-17,56.18363571166992,57.271312026996675,56.04519924277168,56.98126735658215,8200500
2016-11-18,56.216590881347656,56.46049675995124,55.91995281029591,56.17044706964409,8457800
2016-11-21,57.014225006103516,57.14606806626397,56.783505937445845,56.98126801303727,8861500
2016-11-22,57.13947677612305,57.50862729967285,56.671445211108484,57.14607018670034,9390200
2016-11-23,57.29767608642578,57.40315052495908,56.89556359078915,57.04718183885626,5996300
2016-11-25,57.429527282714844,57.44270907475272,57.047189932732536,57.15925276760015,5042300
2016-11-28,57.00102615356445,57.436095548625595,56.93510715786391,57.31743934464583,7449600
2016-11-29,56.625308990478516,56.74396525029113,56.08476492450978,56.308890621211745,9181100
2016-11-30,57.54819107055664,58.13487896445971,57.48226701383093,57.74594815283554,22696200
2016-12-01,57.50862503051758,58.339218705030056,57.50862503051758,57.99643680801613,13005600
2016-12-02,57.37677764892578,58.00301573593304,57.086727993824645,57.475658670373676,9706600
2016-12-05,57.66683578491211,57.890961439144334,57.297680252502545,57.60750515159872,11741100
2016-12-06,57.71955490112305,57.923910337014284,57.152642454477885,57.528386282668535,11293600
2016-12-07,58.055763244628906,58.10850046932451,57.48225724198597,57.76571353810164,11182600
2016-12-08,58.220542907714844,58.56991809767987,57.7788801215061,58.04256112332962,9086700
2016-12-09,58.66880798339844,58.66880798339843,58.128264111015426,58.43149554876223,8021700
2016-12-12,59.97404098510742,60.31682290237151,59.420310159620776,59.420310159620776,15545400
2016-12-13,61.028751373291016,61.45063906887768,60.09927674347481,60.573901658334314,18829300
2016-12-14,59.71035385131836,60.82439874193699,59.44007936191673,60.817810361194226,16325400
2016-12-15,59.9146842956543,59.97401490761886,59.16979014725358,59.39391572083913,11155100
2016-12-16,60.10588836669922,60.42889513135242,59.749919572687716,60.33001407257707,20560400
2016-12-19,59.604881286621094,60.34318732624275,59.45985643693662,60.23771287945461,9674400
2016-12-20,59.611480712890625,59.88834361970298,59.51919307728651,59.664217941606964,7221000
2016-12-21,59.512596130371094,59.92130208469061,59.44667711304179,59.776277228986956,7308000
2016-12-22,59.90153503417969,59.92131023913974,59.34121073738172,59.34121073738172,8003100
2016-12-23,59.79605484008789,59.9608549046993,59.67080518160759,59.91471108778006,4266500
2016-12-27,59.82240676879883,60.059719197994056,59.71034396315037,59.8751439817972,4960600
2016-12-28,59.52580261230469,60.05975336711988,59.499433990803894,59.77629697261175,6745900
2016-12-29,59.558738708496094,59.72353876304606,59.347794839844084,59.39393865394614,6684700
2016-12-30,59.499412536621094,59.789457209945446,59.33461248363966,59.34779427498684,9117800
2017-01-03,59.9146842956543,60.21132226758731,59.42687773074129,59.947646305556454,10360600
2017-01-04,59.2554931640625,60.08608665029081,59.16320555773684,60.06631145312065,9434200
2017-01-05,58.37217330932617,59.52577353259903,58.29966089294805,59.453261116220915,14443200
2017-01-06,58.33920669555664,58.6556249447624,57.89095044293866,58.53037532101258,16518100
2017-01-09,57.37677764892578,58.154633972726174,57.05377100620712,58.154633972726174,13762300
2017-01-10,56.64506912231445,57.554763519275326,56.63188733219821,57.46247590056762,13283100
2017-01-11,57.22515869140625,57.317446302449255,56.59892061228619,56.62528921962671,11183700
2017-01-12,56.91532897949219,57.600897623884585,56.737347181770716,57.528385217217306,10407000
2017-01-13,56.92193603515625,57.13947330731277,56.803279798461645,56.86919881233679,8415600
2017-01-17,57.58772277832031,57.60749797719584,56.85601024413887,57.07354749036531,13237300
2017-01-18,56.87578201293945,57.62068132097957,56.72416881117202,57.38995726988548,11831700
2017-01-19,55.854026794433594,56.75712771443813,55.76173415330042,56.67143351181875,16382900
2017-01-20,56.618717193603516,56.664861016552116,56.06499131822036,56.32207905026247,18739700
2017-01-23,56.01222610473633,56.612095503424975,55.86720129668279,56.48025751208375,11433900
2017-01-24,56.09135818481445,56.341857549148344,55.919969706301565,56.01885076962811,11858100
2017-01-25,56.25613021850586,56.61209885133472,56.19680462768303,56.25613021850586,9578500
2017-01-26,56.42755126953125,56.579169569144405,56.111137904955605,56.48688191870153,8779400
2017-01-27,56.36820602416992,56.52641265137558,56.05838115013943,56.229774596702725,10947900
2017-01-30,55.939720153808594,56.328645793638806,55.49146389052267,56.30887059558609,12789200
2017-01-31,55.300296783447266,56.07815311382687,54.79930329202539,56.05837791522956,19128100
2017-02-01,54.67405319213867,55.47827804952662,54.410372169000404,55.37280362855244,15111800
2017-02-02,55.0102424621582,55.06297967347847,54.416966437345714,54.85203585749469,12200100
2017-02-03,55.069580078125,55.18823630402076,54.647692392561844,55.175049484866825,12746300
2017-02-06,54.91795349121094,55.142084119099394,54.66745928761528,55.07616512123708,9938200
2017-02-07,54.56199645996094,55.12232063408122,54.35105260440564,54.86523296728877,11705200
2017-02-08,54.202781677246094,54.62852720696486,53.99655753842599,54.54204431558361,14006300
2017-02-09,54.44226837158203,54.58197074679949,54.20279091119419,54.20279091119419,9603000
2017-02-10,54.894615173339844,55.06092218196341,54.63517664591006,54.72165953857807,8739800
2017-02-13,55.213905334472656,55.333646537004604,54.78150626559144,55.060900713070936,9071600
2017-02-14,55.09419250488281,55.28045556579271,54.58861771435042,55.15406567462543,11370500
2017-02-15,55.32036590576172,55.33366823335438,54.85470323542425,54.97444448490678,11768500
2017-02-16,54.748268127441406,55.49332026235621,54.66178523657664,55.29375490134132,10615000
2017-02-17,54.389034271240234,54.67508246991666,54.17616154724518,54.60855561999826,15646000
2017-02-21,54.47551727294922,54.64847796373922,54.08303521243768,54.628521936972405,16419600
2017-02-22,53.8369026184082,54.34912594885364,53.7969905622217,54.315867593793854,12917400
2017-02-23,54.40235137939453,54.6950533576591,53.90343032114581,54.16286886541215,13847000
2017-02-24,53.93668746948242,54.415652441629675,53.723814712448856,54.282603796429406,11338700
2017-02-27,54.24271011352539,54.355797693785334,53.75709127580829,53.969964104945845,13465900
2017-02-28,54.09634017944336,54.5420417166161,53.91673085448713,54.23603744891749,16834200
2017-03-01,55.227230072021484,55.433454217201316,54.349129255485934,54.349129255485934,17482100
2017-03-02,55.41349411010742,56.045458676343145,55.074226410986334,55.08088011202823,14170300
2017-03-03,54.85470962524414,55.613069268542944,54.721666032671195,55.413503879683525,12190400
2017-03-06,55.1008186340332,55.14738437595862,54.76820474162729,54.841380203979405,9617200
2017-03-07,54.894615173339844,55.406843602061215,54.64183034733539,55.28710235284077,12711500
2017-03-08,53.903411865234375,54.80146844754029,53.89010954136212,54.781512424089044,16817700
2017-03-09,54.32918167114258,54.362445108683524,53.42447098313928,53.64399749021832,14721800
2017-03-10,54.28926467895508,54.86136124077665,53.989914069408044,54.84140521017852,11355200
2017-03-13,54.162864685058594,54.50878610090673,53.91673356350322,54.21608414523324,9571400
2017-03-14,53.8768310546875,54.036489478548035,53.51095858607279,53.88348475783714,11335700
2017-03-15,54.54868698120117,54.58859903051052,53.916722515801666,54.116287837634445,11970300
2017-03-16,54.59526062011719,54.681738431213134,54.32916841060082,54.56865089163688,9923800
2017-03-17,54.54868698120117,54.72164765368507,54.428945757987094,54.56864300585585,18834100
2017-03-20,54.54868698120117,54.57529670583608,54.1761609868845,54.362423984042834,7700300
2017-03-21,54.43560791015625,54.78152423354826,54.28260323857007,54.65513436601549,13387700
2017-03-22,54.389034271240234,54.60855561999826,54.16950784719612,54.52207782050486,11168400
2017-03-23,54.45556640625,54.69504890071765,54.189474181809615,54.30256172772849,8928000
2017-03-24,54.03648376464844,54.56866322871141,53.983264295655765,54.56866322871141,9128500
2017-03-27,54.04975509643555,54.16949629535289,53.74375093815454,53.76370695875993,8481200
2017-03-28,54.44226837158203,54.56200963941991,53.85686943731235,54.09635197298811,11028600
2017-03-29,54.56198501586914,54.73494567475378,54.24933219538525,54.342463686641835,8495500
2017-03-30,55.679588317871094,55.792680948795166,54.50879055018494,54.568658641302854,44704900
2017-03-31,54.555355072021484,55.42014851198775,54.45556984714032,55.3868901538856,21750400
2017-04-03,54.59526062011719,54.75491391571231,54.11629565804508,54.56199719069511,11438700
2017-04-04,54.794830322265625,54.828088675961624,54.10299261677658,54.615215926217815,9270900
2017-04-05,54.901275634765625,55.57981115565872,54.861363571873476,55.11414842900336,13809100
2017-04-06,55.22057342529297,55.35361698487652,54.854696023508495,55.04761273760518,9554900
2017-04-07,55.05426788330078,55.453403647814895,55.0010484279558,55.37357446479743,8909600
2017-04-10,55.300392150878906,55.52657227051016,55.16069490432106,55.29374352624709,8885300
2017-04-11,55.10747146606445,55.32699786988537,54.82807699317543,55.267129800817266,8576500
2017-04-12,55.19397735595703,55.44676221183147,55.01436292325889,55.12080185749301,9516100
2017-04-13,54.34246826171875,55.034305880217296,54.26263908736989,55.02765218020004,8667900
2017-04-17,54.26930236816406,54.52874088649189,54.17617085262519,54.44891169804988,9577200
2017-04-18,53.91672897338867,54.4289522769229,53.903421571834386,54.09633829207852,8821400
2017-04-19,53.54420852661133,54.22274403303686,53.41781863838512,53.99656383913247,10764400
2017-04-20,53.89012908935547,54.37574275377191,53.683904929887305,53.85021195268781,11649100
2017-04-21,53.67725372314453,53.88347279741306,53.530902738068555,53.83690703627864,9816700
2017-04-24,53.95665740966797,54.14957418848503,53.75708692805358,54.06974498078164,8729700
2017-04-25,54.369083404541016,54.5021269664279,54.06972777736569,54.16951298642414,10733800
2017-04-26,54.149559020996094,54.768221250365336,54.14290532006249,54.22938313105228,9445900
2017-04-27,54.056419372558594,54.083029097000974,53.843546652305534,53.930024450278786,12385300
2017-04-28,54.315853118896484,54.87464205774075,54.25597997528572,54.854686034965674,12072200
2017-05-01,54.5886116027832,54.68839682432409,54.20278319493217,54.2227392241829,8664100
2017-05-02,54.58195114135742,54.94116974055443,54.482165941453324,54.641819216128226,9102900
2017-05-03,55.01435089111328,55.260487066231626,54.48882526295474,54.52873731691954,10289000
2017-05-04,54.309207916259766,54.78817283893816,54.14955463379575,54.74160708674923,16164500
2017-05-05,54.56198501586914,54.7083359522111,54.28924424155647,54.302546565185,10213000
2017-05-08,55.1407470703125,55.17401049955636,54.54869457183624,54.54869457183624,8097100
2017-05-09,54.754913330078125,55.213922259702336,54.655133193452606,55.18731253150663,8647100
2017-05-10,55.00337600708008,55.312269933034884,54.828782006074746,55.14439246524116,9520300
2017-05-11,55.47343826293945,55.54058823436615,55.13096674848454,55.46000519472546,10047300
2017-05-12,55.433143615722656,55.54058253433623,55.231688598903105,55.32569957389519,7480200
2017-05-15,55.60102844238281,55.85620039065089,55.50030092065096,55.735328389215574,10881500
2017-05-16,55.433143615722656,55.8897705470616,55.36598852797354,55.66817105320287,9574200
2017-05-17,55.05709457397461,55.76218200939138,55.03695009694223,55.43314359703004,11151100
2017-05-18,54.895931243896484,55.16453621346348,54.67433175976269,54.90935918692868,9905800
2017-05-19,55.01680374145508,55.124242656364096,54.855642807484685,55.063809227330346,13028500
2017-05-22,55.258548736572266,55.28540974660487,55.016804769492616,55.13767675303244,9218700
2017-05-23,55.45326614379883,55.66143248842783,55.22495020689216,55.27867220654218,6857200
2017-05-24,55.258548736572266,55.4264262068657,55.07052678955783,55.34584317676788,8136000
2017-05-25,54.895931243896484,55.54058009692908,54.741481721351015,55.28540819360795,12370900
2017-05-26,54.761627197265625,54.92950465020242,54.278139313093554,54.801916146542204,8227100
2017-05-30,54.45945358276367,54.62061452934606,54.41916462692161,54.58032557350399,8973600
2017-05-31,54.056541442871094,54.35871881780052,54.036396967637586,54.35200740819832,13572300
2017-06-01,54.19084548950195,54.32515053998239,53.848379138007964,53.96925112183344,9884100
2017-06-02,53.385032653808594,54.17741447548549,53.22387172557991,54.11697592539127,21687300
2017-06-05,53.80136489868164,53.982670283317994,53.317877042034034,53.344738047760345,11527100
2017-06-06,54.533321380615234,54.60718788355813,53.86852797734343,53.92225000188631,12208600
2017-06-07,54.331871032714844,54.6609094647462,53.949105453362144,54.42588201329523,13096500
2017-06-08,54.137115478515625,54.446009334974384,54.049815936047054,54.33185391212904,11720700
2017-06-09,55.15110397338867,55.157820506612225,54.184133240961266,54.493027167465804,13553900
2017-06-12,55.68830490112305,56.19865375596642,55.15109504094971,55.15109504094971,18172900
2017-06-13,55.708457946777344,55.91662436610119,55.44656950852681,55.63459145155656,12175500
2017-06-14,55.11081314086914,55.614445527969764,54.76834168314091,55.60772899497529,13714000
2017-06-15,55.23841094970703,55.3324219345998,54.78178397027881,54.91608391349293,11862600
2017-06-16,56.06435012817383,56.09792766647729,55.19810189671742,55.473423365809325,39726100
2017-06-19,55.57415008544922,56.06434934930632,55.43313364831719,56.06434934930632,10445700
2017-06-20,55.271976470947266,55.37942051067135,54.66762167874758,55.11081553457494,13232600
2017-06-21,54.68775177001953,55.48684483161085,54.48629681013561,55.090656566574914,11422300
2017-06-22,54.44602584838867,54.781780810270874,54.32515385718252,54.69448124132445,8139900
2017-06-23,54.801918029785156,54.85564004614225,54.231135694828055,54.29156912081969,10611200
2017-06-26,54.553462982177734,54.895934466560774,54.33186860824891,54.775062479320525,7718700
2017-06-27,54.466156005859375,54.88249389348464,54.466156005859375,54.69446686076779,9221600
2017-06-28,54.748199462890625,54.902648988845144,54.51988856380822,54.66762155649156,9189700
2017-06-29,54.19084548950195,54.95636634599203,53.99611213192952,54.640761004594125,20525100
2017-06-30,54.21098709106445,54.55345339203015,54.19083749405494,54.44601449071142,14000600
2017-07-03,55.13095474243164,55.392843160213545,54.204273042835176,54.25127852491877,8422300
2017-07-05,54.29158401489258,54.8489385602689,54.06998447903719,54.8489385602689,9830800
2017-07-06,53.80136489868164,54.44601366647411,53.78121530197716,54.2982806965859,9822400
2017-07-07,53.868526458740234,54.123698383304,53.593204933130245,53.85509339137609,10777800
2017-07-10,53.82823944091797,53.99611692651482,53.69393437851192,53.72079539099313,6338300
2017-07-11,54.12370681762695,54.22443434569848,53.74766284425583,53.94240136567013,9681100
2017-07-12,54.36542892456055,54.74147274637297,54.22441249138088,54.519878421783694,7974000
2017-07-13,54.37215042114258,54.452728319909525,54.210989500395385,54.37215042114258,5582300
2017-07-14,54.580318450927734,54.66761800814536,54.23784700131936,54.39229651724892,7497200
2017-07-17,54.29829025268555,54.68105068602575,54.27814577564878,54.39230122766637,7914700
2017-07-18,54.12370681762695,54.44603388281284,53.996123397070264,54.40573979765529,8046100
2017-07-19,54.29158401489258,54.30501708427374,53.90210697427672,54.01626757115714,9393200
2017-07-20,54.29829025268555,54.72133964009928,54.22442375474148,54.37215675062961,9681000
2017-07-21,53.80136489868164,54.28484763211625,53.7207818815027,54.157264258932514,12268600
2017-07-24,53.633480072021484,53.86850743575617,53.55961359724596,53.761063427641865,9403000
2017-07-25,53.902099609375,54.42588165616131,53.902099609375,54.23785457302013,11465300
2017-07-26,53.96925735473633,54.325156813988066,53.85509676784011,54.11027383161639,10465100
2017-07-27,54.27812957763672,54.31170198827447,53.653625359795925,53.88193619569719,11149700
2017-07-28,53.45217514038086,53.667058055713746,52.559065942223334,53.485752677206825,22800800
2017-07-31,53.74763870239258,53.98266608018212,53.45217278562138,53.60662227571885,12820200
2017-08-01,53.83493423461914,54.08339468096836,53.70063433688117,53.828222825981136,10421200
2017-08-02,54.12370681762695,54.15056783332702,53.586501873270336,53.65365185091305,10410100
2017-08-03,54.0498161315918,54.27141556959629,53.92223276809649,53.94908864857043,10136700
2017-08-04,53.861785888671875,54.0968132305201,53.75434701377489,54.016235355150314,8292200
2017-08-07,53.82823944091797,53.83495085162756,53.62678440891604,53.83495085162756,7893800
2017-08-08,53.69395065307617,53.868544725516124,53.60665617846411,53.73423962240238,9028400
2017-08-09,53.861785888671875,53.95579682541116,53.57303654776925,53.88864688819907,8087100
2017-08-10,53.543148040771484,54.09234163988565,53.502468566132855,54.07878353929717,12580300
2017-08-11,53.02784729003906,53.73298743037482,53.02106565394634,53.7058660588766,10192400
2017-08-14,53.041419982910156,53.42110890557646,52.96683749126162,53.30584693589185,8862500
2017-08-15,52.91260528564453,53.05498866002552,52.668518023027225,52.96684804908719,10350900
2017-08-16,52.52610778808594,53.00071879331817,52.41762231667743,52.91257822745275,9117100
2017-08-17,51.70571517944336,52.39729207995493,51.67181217026597,52.38373398000773,13400400
2017-08-18,51.96335220336914,52.282021816650854,51.563323657588,51.65146422541975,14324300
2017-08-21,51.78705978393555,51.94978797547662,51.583657303816466,51.84808414898132,10084900
2017-08-22,52.031158447265625,52.43119220750661,51.88877512771726,51.90233839979195,9503600
2017-08-23,51.943016052246094,52.21422458264837,51.848093842536166,52.00403525582856,7054300
2017-08-24,51.75315856933594,51.97012430431695,51.6650128448032,51.86842048447903,8678300
2017-08-25,52.01760482788086,52.29558985488063,51.82097874884537,51.909119333431036,6844900
2017-08-28,51.848087310791016,52.16675690590274,51.705704014163366,52.13963553899197,8229700
2017-08-29,51.834537506103516,51.86165888005968,51.58367384953706,51.67181443523971,7060400
2017-08-30,51.59722137451172,51.83452688189762,51.57010000611446,51.69214357746608,8218000
2017-08-31,51.75315856933594,51.86163885039086,51.56331419783645,51.71247393767808,15641700
2017-09-01,51.91590118408203,52.10574562727879,51.74639647796019,51.7802994883338,7361100
2017-09-05,52.3294792175293,52.45152278051971,51.9430087968716,51.96334852855805,12784800
2017-09-06,53.414310455322266,53.71264032801261,52.60069011345839,52.810874247650965,18574400
2017-09-07,53.583824157714844,53.787231863908296,53.29905750734228,53.57704252140897,9836400
2017-09-08,53.44143295288086,53.590597892379456,53.31260774642806,53.57025815933366,8436000
2017-09-11,53.73299026489258,53.8482522201858,53.49568471785565,53.84147575660829,12955800
2017-09-12,53.902488708496094,54.03131392173492,53.72620239135964,53.83468787048126,7644400
2017-09-13,54.0855598449707,54.0855598449707,53.82113291484664,53.90249703675911,8369700
2017-09-14,54.30252456665039,54.39745196006678,54.08555875214089,54.13980149898653,9072600
2017-09-15,54.28895568847656,54.38387789017515,53.93638824972068,54.322858691742645,16043700
2017-09-18,54.30252456665039,54.336427576647175,54.03809764186923,54.09912202528883,8594400
2017-09-19,54.390655517578125,54.50591744359437,54.23470895606607,54.28217005341815,9277100
2017-09-20,54.61439895629883,54.688981414294716,54.417772946388865,54.43133104199208,10606900
2017-09-21,54.16691207885742,54.60084362140918,54.078771512451354,54.57372225339069,11984200
2017-09-22,54.18726348876953,54.44491395403169,54.01775878178048,54.05166179232754,10205800
2017-09-25,54.90596389770508,54.91952199744286,54.22794510761319,54.26184294339407,10496600
2017-09-26,54.84493637084961,54.919518847311565,54.62118894146374,54.72289278871846,8755100
2017-09-27,55.21107864379883,55.22463674558949,54.77714696626675,54.84494782096733,9724500
2017-09-28,55.72637176513672,55.902652944288185,55.29921657264857,55.3466776859391,15581700
2017-09-29,55.5839729309082,55.63821049321164,55.31276442790325,55.556851563320514,9944000
2017-10-02,55.3466796875,55.47550493089316,55.089034373587246,55.122937386966576,6777900
2017-10-03,55.43479919433594,55.577182471911435,55.122911275903256,55.19749373171011,6082000
2017-10-04,55.45515823364258,55.50940097909383,55.22462915191121,55.461939870042215,6357100
2017-10-05,55.6110954284668,55.76026038066915,55.3195471599456,55.407692907813825,7375900
2017-10-06,55.400901794433594,55.522945355096255,55.16359630783167,55.441581257030606,6070600
2017-10-09,55.61787414550781,55.71957798693311,55.43481136924007,55.48904893484428,7489900
2017-10-10,55.77381896972656,56.099265044596216,55.65855186087447,55.82805653362344,7218500
2017-10-11,56.00434875488281,56.099270967814796,55.69246074483878,55.70602401689915,7023700
2017-10-12,55.88908004760742,55.93654114833355,55.71279374225094,55.807715943703194,6647500
2017-10-13,55.87551498413086,56.3297862020007,55.841611985179405,56.092480727954616,7180000
2017-10-16,56.146732330322266,56.24165454368711,55.96366953965368,56.072149852268076,5734000
2017-10-17,56.24843215942383,56.255213795000216,55.963665539682815,56.02468474125347,6444100
2017-10-18,56.11282730102539,56.53997720639842,55.963662364042804,56.248428967624825,6367100
2017-10-19,56.09926223754883,56.309451538793304,55.821277278043574,55.83483537512136,7945500
2017-10-20,56.35013961791992,56.36369771707052,56.01791187356762,56.17385329172635,9574100
2017-10-23,56.43827438354492,56.79084699963025,56.302672714510315,56.377255184340974,9829900
2017-10-24,56.594207763671875,56.82473158185887,56.48572231543972,56.648450487787954,7551200
2017-10-25,56.39081573486328,56.77050973584507,56.2416507887139,56.580660148918014,9153300
2017-10-26,56.594207763671875,56.716251306497604,56.35012067802042,56.526406944962226,9154500
2017-10-27,56.7569580078125,57.11630717505343,55.60432801784648,56.275565239162056,14866200
2017-10-30,56.64168930053711,56.9196743094548,56.55354872168471,56.75695125123779,7811100
2017-10-31,56.51286697387695,56.73661442343833,56.39082338074102,56.71627468672784,9754200
2017-11-01,56.86542892456055,56.912890025555086,56.45183711323443,56.53997767997513,9430000
2017-11-02,56.63490676879883,56.75695035374992,56.214538443979365,56.68236787556466,7775500
2017-11-03,56.397586822509766,56.70947475482091,56.384028726701175,56.56030983656964,6903500
2017-11-06,56.784053802490234,56.86541789106767,56.316219345694265,56.47894752284915,9276700
2017-11-07,56.66880798339844,56.83153103389409,56.29589560427037,56.77728829277137,8471800
2017-11-08,56.594207763671875,56.61454749199768,56.18061604481085,56.519625311229994,8691600
2017-11-09,56.9332389831543,57.048500936692,56.329802670077015,56.478967632477755,10528800
2017-11-10,56.75532531738281,56.85112602475975,56.399489643628165,56.80322567107128,8693700
2017-11-13,56.72111129760742,56.85796796601082,56.522665473899416,56.55688225137389,6720400
2017-11-14,56.27630615234375,56.62529736224624,56.173661064637606,56.39947921344193,9251700
2017-11-15,55.57148742675781,56.17366396727262,55.530431477852304,55.94100662914632,9663600
2017-11-16,55.126686096191406,55.32513184994477,54.846128458640386,55.04457421239375,10527200
2017-11-17,54.90772247314453,55.19512978154837,54.85298294745718,54.96246721957825,9536400
2017-11-20,55.11984634399414,55.18143025619916,54.75032720852796,54.90087262157848,8468600
2017-11-21,55.33883285522461,55.5988625792032,55.181443008641146,55.2156597816039,8838400
2017-11-22,55.4962272644043,55.70836189682642,55.46201570615701,55.53728844334752,7941600
2017-11-24,55.71519088745117,55.90679228499,55.57833423799387,55.72887968484481,3851300
2017-11-27,55.50305938720703,55.70150517583651,55.44147024278931,55.64676042985327,9127500
2017-11-28,55.88623809814453,56.112056162508814,55.639892068064235,55.70832558144304,9794600
2017-11-29,56.29684829711914,56.32422067544753,55.756260792562465,55.87258948489758,9725000
2017-11-30,56.99481201171875,57.070084721999066,56.39263555022185,56.42000269873686,18592700
2017-12-01,57.11115264892578,57.56962818356373,56.3926473828693,57.09746907179711,13779300
2017-12-04,57.18642044067383,57.603839987162026,56.79637326682787,56.94007430763994,12597700
2017-12-05,56.72111129760742,57.32328794762852,56.597938207745464,57.076946988651855,9357200
2017-12-06,56.30368423461914,56.93323317931065,56.25578388493059,56.69373143086786,13398900
2017-12-07,56.48845291137695,56.53635326653998,56.228417936994354,56.38580780152841,11359600
2017-12-08,56.563724517822266,56.72795355786219,56.290005970591004,56.447390611244714,11988600
2017-12-11,56.81691360473633,56.967459076654876,56.61846777545709,56.823758004572824,8760700
2017-12-12,56.63214111328125,57.05639981385875,56.59107994622029,56.72109740387906,11307000
2017-12-13,56.878501892089844,57.00167498352647,56.44055428270347,56.52951059622818,10172700
2017-12-14,56.727928161621094,57.02217455453427,56.721083765299,56.81688443082937,9492400
2017-12-15,56.81691360473633,56.98798705541697,56.707429311089356,56.90587514036859,26582300
2017-12-18,56.75532531738281,57.25485683145587,56.73479734019446,56.91955435563657,9363500
2017-12-19,56.41318130493164,56.91271284435337,56.33790857092334,56.816912132115036,10285100
2017-12-20,56.707435607910156,56.89219265803191,56.467928573764354,56.52267333704042,10620300
2017-12-21,57.378013610839844,57.66541565130273,56.76899276382518,57.03586683293293,13578100
2017-12-22,57.460140228271484,57.49435177927784,57.206949691241846,57.39855108326584,10161400
2017-12-26,57.46698760986328,57.72701733814442,57.41224286051568,57.45329881215306,4777200
2017-12-27,57.4122428894043,57.54909954209552,57.302753390654004,57.47382681689135,7000600
2017-12-28,57.494346618652344,57.51487981230878,57.34380641039322,57.46697946860226,7495300
2017-12-29,57.23431396484375,57.61751669466189,57.23431396484375,57.480660068511305,8523400
2018-01-02,58.18549346923828,58.30182214724549,57.248014425508,57.35749870458929,11469300
2018-01-03,59.32826614379883,59.513028380250674,58.04179577094545,58.27445836115388,13957700
2018-01-04,59.41038513183594,59.684103685041656,59.143510978165835,59.389857153976266,10863000
2018-01-05,59.36246871948242,59.451425006394736,58.65080276194669,59.36246871948243,11047600
2018-01-08,59.62934875488281,59.636193153250474,59.25982955422327,59.32825787566105,10927100
2018-01-09,59.37614059448242,59.63617544778869,59.2940287214339,59.49247444920904,8131600
2018-01-10,58.90401077270508,59.66357729825166,58.83558243776564,59.53355980734361,10822300
2018-01-11,59.48566436767578,59.78675533119314,58.80137052022558,59.095617083459075,14366000
2018-01-12,59.88938522338867,60.21100411326305,59.656727860094705,59.67041143762799,9834500
2018-01-16,59.513031005859375,60.05362371967486,59.259840427263086,60.03993492042791,10882800
2018-01-17,60.21782302856445,60.36152402521144,59.48562925284237,59.67038618546145,10546000
2018-01-18,59.827796936035156,60.34786159711989,59.76620778975381,60.060454282384406,9223700
2018-01-19,59.63618087768555,60.05360033950417,59.26666175308815,59.9235829010129,13090000
2018-01-22,60.3889045715332,60.416276939471494,59.56775441636574,59.64986629943527,10270400
2018-01-23,60.42311477661133,60.532599015732636,60.039906887824735,60.38889801521697,10281800
2018-01-24,60.58051681518555,60.847390924620576,60.22468640952094,60.5531444423273,10316100
2018-01-25,60.471031188964844,60.813178010903826,60.35469730173849,60.59420425369272,11271900
2018-01-26,60.902130126953125,60.902130126953125,60.53945535589847,60.655784014397916,10514400
2018-01-29,60.22467803955078,61.10741736374832,60.1836168755969,60.621564338970714,9315700
2018-01-30,59.38302230834961,60.47789147657464,59.38302230834961,59.903087121037004,12408000
2018-01-31,59.738834381103516,59.855163042096734,59.075068742530775,59.23245334958138,14404700
2018-02-01,60.950035095214844,61.07320816083966,59.77304918385461,59.875694275333,17971000
2018-02-02,57.84334182739258,58.85609873401832,56.7963733704613,58.2539169762828,29822100
2018-02-05,54.55189895629883,57.4738309915407,53.46386917161126,56.98798305222633,30452700
2018-02-06,53.61439514160156,54.982982153362904,52.62217164637264,53.72388460850013,36262800
2018-02-07,52.64955139160156,54.33975742331781,52.635862595948275,53.67599179427175,21994500
2018-02-08,52.054229736328125,53.08751484763378,52.0268573575339,52.991714132227685,25650800
2018-02-09,52.386043548583984,52.86995052772086,51.086418059335784,52.71095123942929,29491600
2018-02-12,52.82848358154297,53.658036364144564,52.427533333658914,53.2640005065025,19340400
2018-02-13,52.74550247192383,53.05658129494518,52.35146683483543,52.60724111514541,11926600
2018-02-14,52.856109619140625,52.99437098464518,51.96434358963054,52.39294591149694,17188400
2018-02-15,52.683292388916016,53.02202354016955,52.157909693203734,52.96672426230434,14432400
2018-02-16,52.911399841308594,53.31234978152998,52.43440748917865,52.64179684422568,13722400
2018-02-20,52.36530303955078,53.55432462569621,52.1648279791767,52.86303349646122,13387300
2018-02-21,51.770782470703125,52.84228562834063,51.7569589713471,52.41368331045928,11715000
2018-02-22,52.44133377075195,53.11879597254865,51.97817008342318,52.05421251258242,14020200
2018-02-23,53.595794677734375,53.65801361526498,52.50355354448333,52.600333870302315,13378800
2018-02-26,54.50139617919922,54.56361513032251,53.61654427889766,53.740976907010904,16940400
2018-02-27,53.575050354003906,55.213411857065324,53.575050354003906,54.611986812468494,14629500
2018-02-28,52.3583869934082,54.09352914959648,52.33073471621857,54.03131548151924,17087800
2018-03-01,51.98509216308594,53.008205381625345,51.750055704606815,52.21321950746831,15696700
2018-03-02,52.227046966552734,52.44825991712558,51.487365668624825,51.77079228929655,15630300
2018-03-05,52.724761962890625,52.925236984697115,51.92978153651575,52.00582396803309,14891000
2018-03-06,52.66254806518555,53.21558296931679,52.4413351583594,53.00127917504678,10754300
2018-03-07,51.33526611328125,52.01272827347356,50.85135929615548,51.84681992646562,27255500
2018-03-08,51.23849105834961,51.6878259911459,50.941235715993955,51.50117974089086,19299800
2018-03-09,51.542667388916016,51.888312970170304,51.30071653686463,51.72240456792549,19714100
2018-03-12,52.01274490356445,52.24778663826283,51.63253793368514,51.756970552258885,14226700
2018-03-13,51.52193069458008,52.41369694782477,51.328370008443216,52.07496574708525,13739700
2018-03-14,50.87901306152344,51.70165098292017,50.83062290580195,51.59795628519372,14820700
2018-03-15,51.44587707519531,51.846827137517124,51.224664157040515,51.397486914165576,15640600
2018-03-16,51.92979431152344,51.92979431152344,51.40441154837435,51.40441154837435,32109700
2018-03-19,51.25923156738281,51.85374228251363,51.058756533291536,51.8468278953706,12744800
2018-03-20,51.14863967895508,51.63945584860741,51.12098739521122,51.3076389919488,13003200
2018-03-21,51.87449264526367,52.289266313350396,51.14172565583936,51.31454845705327,15418500
2018-03-22,50.80989074707031,51.63943787410437,50.73384831177679,51.44587722940522,17737000
2018-03-23,50.38821029663086,51.30071438184474,50.23612540340641,51.024196873630544,20157300
2018-03-26,51.15553283691406,51.259227539382785,50.29141910656079,50.913582047241476,15032700
2018-03-27,50.94813919067383,51.77077708120977,50.65779826723687,51.15552857834664,15821900
2018-03-28,50.33290481567383,51.162457325079636,50.31216692591191,50.97580576895693,18163900
2018-03-29,51.57722473144531,51.77078537809034,50.643982885617056,50.692373047278316,14882900
2018-04-02,50.616336822509766,51.432060557850996,49.883569920538605,51.34218933650024,17891100
2018-04-03,51.86065673828125,51.94361357014771,50.533379073213474,50.7753299068249,15999200
2018-04-04,51.7569694519043,51.8883111818438,50.76842291262191,51.190110929149334,13122200
2018-04-05,52.551963806152344,52.759353311728574,51.86067248641055,51.888324772096325,14200000
2018-04-06,51.7569694519043,52.62108337525839,51.30762915693361,52.28926130807197,14299600
2018-04-09,51.7569694519043,52.39295603370103,51.70857928316178,51.99892029561688,11103100
2018-04-10,53.277801513671875,53.76170314357064,52.57959606984747,52.59342484449155,19006100
2018-04-11,53.526649475097656,53.94833730566972,53.0565714971221,53.305436619234484,13734000
2018-04-12,53.38149642944336,54.01748293804602,53.23632593992311,53.82392228535236,13270400
2018-04-13,53.810081481933594,54.05203751784597,53.64417314158797,53.782434486985196,10925000
2018-04-16,54.294002532958984,54.66730035233354,53.72022966572778,54.003661542600696,10743600
2018-04-17,54.14883804321289,54.44609345415639,53.94836297312234,54.29400855449232,10478100
2018-04-18,54.76408386230469,55.137381703354606,54.57052319082682,54.63965124862138,12061400
2018-04-19,54.90233612060547,55.17885360648909,54.48064814131273,54.833208067667655,11291500
2018-04-20,54.61199188232422,54.88850935174467,54.148828153670884,54.83320480303417,12072200
2018-04-23,55.00603103637695,55.026768924920205,54.43917256162124,54.556690779454556,11729800
2018-04-24,54.16265106201172,55.25489215351628,53.899962369705,55.16502621844261,14102000
2018-04-25,54.9576301574707,55.04058696960323,53.568133880506174,54.058949818828076,13867500
2018-04-26,55.89780044555664,55.925452723282454,54.9783819891709,55.0267721566579,14554400
2018-04-27,53.775543212890625,54.370054068280545,52.86995342639047,53.194855860915986,16346800
2018-04-30,53.74787139892578,54.307815381083216,53.7409570126643,53.85848048258381,15028800
2018-05-01,53.19486999511719,53.40917391099571,52.52432178157452,53.40917391099571,16231000
2018-05-02,53.091156005859375,53.38841137535812,52.74551047268095,52.849199913328654,13883700
2018-05-03,52.911399841308594,52.95978998760218,52.12332873073849,52.80770516378507,12243100
2018-05-04,53.1602897644043,53.38150271842032,52.49665090235623,52.62799263265356,9887200
2018-05-07,53.74097442626953,54.66730734260387,53.50593795853481,53.74097442626953,15071500
2018-05-08,53.98293685913086,54.03133231488969,52.793920214336,53.78246701678201,17430400
2018-05-09,55.2548942565918,55.469192795995035,54.57742670183484,54.5981698637632,17142100
2018-05-10,56.492313385009766,56.54070355434157,55.648937341684466,55.745717680348065,17710300
2018-05-11,56.757667541503906,57.23949492536624,56.49930065950714,56.687838798466714,14751000
2018-05-14,57.141719818115234,57.483884305668354,56.988093423983955,57.05093767926113,11852100
2018-05-15,57.11378860473633,57.2813786170054,56.841452836952655,57.15568477590599,12595700
2018-05-16,57.27440643310547,57.295359850775895,56.68085412797444,57.092852767361016,9570000
2018-05-17,57.1766357421875,57.455955995102414,56.86938825881272,57.40009087900129,11224100
2018-05-18,56.771644592285156,57.12079368491276,56.743712025563866,56.946219138598956,10030900
2018-05-21,57.45595169067383,57.504832331702644,56.92524378265361,57.07189103333036,8822400
2018-05-22,57.00904083251953,57.7143232119385,56.80653379971248,57.567681290441726,10753400
2018-05-23,57.36517333984375,57.421038450260234,56.26186138327404,56.52721266636706,15140900
2018-05-24,56.05238342285156,56.813531085263655,55.828928254798655,56.80654661287691,13360500
2018-05-25,54.96302795410156,55.39597457700059,54.53008133120253,55.36105755040266,14562000
2018-05-29,54.760528564453125,54.97700456991526,54.13904376290809,54.571990446241344,14644800
2018-05-30,56.911285400390625,57.02301563449387,55.31916685755496,55.34011494455162,16627500
2018-05-31,56.72972106933594,56.94619704554303,56.34566041300257,56.4294527530657,15803100
2018-06-01,57.141719818115234,57.50483239076075,56.94619725379917,57.169652374101865,9906100
2018-06-04,56.54119110107422,57.63053429914627,56.42946086148167,57.29535423555074,10954700
2018-06-05,56.33867645263672,57.0160262880996,56.150138358195974,56.27582686942958,12059300
2018-06-06,57.30233383178711,57.323281919978164,56.47136281052549,56.89732502904738,11603300
2018-06-07,57.87495040893555,58.16125521586631,57.65149520764978,57.77020994551428,13502500
2018-06-08,58.377708435058594,58.41960993545222,57.609581743990184,58.0355439261227,14350400
2018-06-11,58.02855682373047,58.51038409948096,57.909847454443955,58.461503457563545,10831600
2018-06-12,57.553707122802734,58.48244453554093,57.48387840380064,58.035534340819794,12351800
2018-06-13,56.918270111083984,57.67941235564509,56.890337552440805,57.567687448663186,12049300
2018-06-14,57.183616638183594,57.46992134460758,56.91128087370682,57.21853366546128,11477300
2018-06-15,56.3247184753418,57.13474137403736,56.219972711240494,57.06491264050012,23797500
2018-06-18,56.43645095825195,56.827496180618375,56.07333829856764,56.14316704147713,9192600
2018-06-19,56.352622985839844,56.53418188190654,55.66130974564763,55.78700354637246,8759700
2018-06-20,56.17806625366211,56.652909058457396,56.05237241334599,56.457386490763525,8917700
2018-06-21,55.64738082885742,56.129202925703055,55.39599307068055,55.87781516752618,10990700
2018-06-22,56.827491760253906,57.218542279793795,56.506275305783014,56.67387066883918,16012200
2018-06-25,55.68227005004883,56.729716843535925,55.375022613387074,56.40850046617734,10557200
2018-06-26,56.310752868652344,56.56912505839938,55.842894465880924,55.968588324732025,10382800
2018-06-27,57.05792999267578,57.59562244604024,56.60403521878906,56.60403521878906,12725900
2018-06-28,57.23948669433594,57.30931542733176,56.58308488347532,57.071896669627776,9390700
2018-06-29,57.77021026611328,58.33583008209602,57.46295736479315,57.57468230225994,17323200
2018-07-02,57.092830657958984,57.35119743900016,56.78557791554297,57.18360745567757,9998300
2018-07-03,57.42803192138672,58.27297194878131,57.31630700026909,57.665456036097844,7197300
2018-07-05,57.476905822753906,57.798122258679165,57.295352181311934,57.67242840743964,9035700
2018-07-06,57.49087142944336,57.74923826095878,57.023013082156545,57.232499270337385,7637100
2018-07-09,57.8889045715332,58.049510126156896,57.6514804840322,57.826054981939365,7158600
2018-07-10,58.41961669921875,58.74083315894329,58.31487092749328,58.44754393259371,8806200
2018-07-11,57.67243576049805,58.32883765928154,57.281390541269516,57.9796886199442,10405300
2018-07-12,57.74226760864258,58.12632834058091,57.47691093929796,57.965722772116756,9762200
2018-07-13,58.175193786621094,58.48244655394223,57.65147038464549,57.73526804689397,8720000
2018-07-16,57.60258483886719,57.81207631284367,57.26042040378911,57.62353292074694,8306900
2018-07-17,57.476905822753906,57.78415864302627,57.28836770969006,57.441994119826234,7373300
2018-07-18,57.41404724121094,57.48387595724107,56.904287491770866,57.120763437330666,8711900
2018-07-19,57.26742172241211,57.69338393792215,57.06491465867857,57.40009472254777,8659100
2018-07-20,56.84145736694336,57.21155444867815,56.736711603081034,57.064912510307245,9196300
2018-07-23,56.84145736694336,57.260435094801785,56.6878309569574,57.22551806431739,8425900
2018-07-24,57.965721130371094,57.97270027482572,56.89732599378282,56.925253226783695,11121000
2018-07-25,58.37070846557617,58.47545419736298,57.61655091740743,57.96569980497065,9523600
2018-07-26,58.82462692260742,58.936357169147264,58.21711102171902,58.538327489134,13210100
2018-07-27,57.20457458496094,57.52579104644647,56.42946332857081,56.54119357304819,18220800
2018-07-30,57.07887268066406,57.35120845371338,56.359626647862484,57.35120845371338,11282800
2018-07-31,56.918270111083984,57.36518039419324,56.86938946535612,57.00904693098121,11716800
2018-08-01,56.13618087768555,56.51326247114632,56.017471485556634,56.48532990930573,8936300
2018-08-02,55.800994873046875,56.04539810374359,55.47977310974165,55.78702592981229,8364300
2018-08-03,56.00348663330078,56.073320681861915,55.605457063415955,55.84288110782598,7811100
2018-08-06,55.989505767822266,56.16408018025279,55.68225309711629,56.03838639019928,10041800
2018-08-07,56.75067901611328,56.97413417442936,56.080313541165054,56.49929662465001,10698100
2018-08-08,56.373600006103516,56.7227490068589,56.10824335587122,56.5761017382616,7275000
2018-08-09,56.087310791015625,56.49930949627941,55.940668809424515,56.37361560811668,9828500
2018-08-10,56.03086471557617,56.10141370958804,55.635786043075164,56.094362577967104,12954300
2018-08-13,55.424129486083984,56.26367698418649,55.33241633906028,56.05202463561756,10308500
2018-08-14,55.24773406982422,55.78391587577489,55.085471993608905,55.727474552508326,8005900
2018-08-15,54.28121566772461,54.95849557013639,53.97785020682266,54.8738335638816,16307800
2018-08-16,55.02904510498047,55.099594086298914,54.464642489348385,54.52108382742004,11519900
2018-08-17,55.21247482299805,55.37473693607648,54.887945214299116,55.268910776545034,10178400
2018-08-20,55.600494384765625,55.73454120628273,55.14897448154592,55.21247232741153,8152100
2018-08-21,55.614601135253906,56.14372646675947,55.50171848091294,55.769812093702136,9192200
2018-08-22,56.41183090209961,56.47532875904236,55.748658573693874,55.81215643063663,10098200
2018-08-23,55.79097366333008,56.17899565894885,55.663983374345165,56.129610845595884,7203900
2018-08-24,56.17197799682617,56.47534356889028,56.0308746013637,56.10142360782285,6545200
2018-08-27,56.72224044799805,56.77162526697504,56.34126953765768,56.376546715159066,6671900
2018-08-28,56.637577056884766,57.01854795784417,56.58113572728898,56.84922935159825,8823400
2018-08-29,57.046775817871094,57.17376613420801,56.510593884166134,56.75046687393235,8004800
2018-08-30,56.79985809326172,56.9903408979433,56.524713273975706,56.75752439468813,7450900
2018-08-31,56.55998611450195,56.76458194997714,56.277784776517464,56.60937094495853,10700000
2018-09-04,56.64461898803711,56.926820180834234,56.305976480172546,56.72928096063826,8855000
2018-09-05,57.39952850341797,57.44891332947685,56.15784595638288,56.369498286659464,13878400
2018-09-06,56.76457595825195,57.59706685703494,56.679913951030166,57.22315241125434,13320600
2018-09-07,57.73109817504883,57.801647137503444,56.313040884785615,56.545857305172575,16417800
2018-09-10,57.64645004272461,58.37311475744846,57.61117824429208,58.02036447787051,10817900
2018-09-11,58.45777893066406,58.69059541563159,57.59001084239524,57.822827327362766,11891900
2018-09-12,58.648250579833984,59.106826949694906,58.46482433792265,58.732912571706265,11556300
2018-09-13,58.076812744140625,58.732928557745076,57.85810926712006,58.66237956992,11162700
2018-09-14,58.500099182128906,58.6623666627121,58.041522788350214,58.147348938074764,9442600
2018-09-17,58.845794677734375,58.98689261366192,58.54948040022053,58.55653691177928,8403300
2018-09-18,59.00101089477539,59.35376118075226,58.87402057652203,59.191499063426534,9219900
2018-09-19,59.706512451171875,59.80528210227053,59.00806838053353,59.00806838053353,10413600
2018-09-20,59.84055709838867,60.207415020132856,59.643017803407794,59.86877776660624,11198200
2018-09-21,60.08748245239258,60.270914108306705,59.62890600387836,59.974605159743874,26639400
2018-09-24,61.09634017944336,61.44203390576611,60.47550169792922,60.524886515975325,13549500
2018-09-25,61.02577590942383,61.632506597623625,60.93406280819926,61.39969020696879,12200700
2018-09-26,60.51784133911133,61.02580263846489,60.454348867963375,60.687159978048356,10275500
2018-09-27,60.51078414916992,60.94113994616795,60.38379382575177,60.736544126075245,7895400
2018-09-28,59.981658935546875,60.6236670682912,59.960494778650684,60.14392644265512,9884900
2018-10-01,60.53898620605469,60.69419715168334,60.15096422452383,60.21445667544059,8566900
2018-10-02,60.9975700378418,61.14572449075231,60.40495222619975,60.53194252620039,8453100
2018-10-03,60.77887725830078,61.30094619082358,60.6589434491138,61.0328579027805,10206700
2018-10-04,60.37672805786133,60.72947827266649,60.14391162428006,60.320286731682636,10204600
2018-10-05,60.2074089050293,60.461389510649184,59.91815650462648,60.18624475165123,9217400
2018-10-08,60.76475524902344,60.89174555248966,59.72061753833818,59.81938717630729,13242400
2018-10-09,61.03284454345703,61.29387626131068,60.489606190683666,60.94112604147282,10177900
2018-10-10,59.62889862060547,61.25155188903293,59.61479097922452,61.18805942900636,16573400
2018-10-11,57.5688591003418,59.38199578031586,57.26549356793166,59.21973362492408,20320100
2018-10-12,57.41362762451172,58.02035847319707,56.6305216542909,57.94275298911814,15216300
2018-10-15,57.01856231689453,57.667621623075114,57.01856231689453,57.41364095847527,10558800
2018-10-16,57.28664779663086,57.336032624389205,56.44710572473908,56.79985603231081,9781800
2018-10-17,57.498294830322266,57.512402473005075,56.679911608626334,57.10321624469915,12247700
2018-10-18,57.74520492553711,58.18261709808706,57.28662860283068,57.28662860283068,17448600
2018-10-19,57.82988357543945,58.1755773535536,57.505353953581356,57.61118011740389,12098700
2018-10-22,57.25137710571289,57.97804189219652,56.89157027789985,57.85105156370619,9474100
2018-10-23,56.32715606689453,56.76456830475125,55.53699896952953,56.482367034603094,15465100
2018-10-24,54.76096725463867,56.623488705466244,54.71158242005397,56.53177016799232,16085700
2018-10-25,55.24773406982422,55.76980823622867,54.84559906099643,55.37472435590357,12315500
2018-10-26,54.69745635986328,55.31830028391809,54.295321264755955,54.937329343941364,18160100
2018-10-29,54.35881805419922,55.33240684904263,53.77325132179239,55.07842622733706,15707000
2018-10-30,55.579322814941406,55.755697921809094,54.61984180297785,54.76094511799667,17758200
2018-10-31,56.21430206298828,56.686986291232365,55.66401231875859,55.97442900015722,16629100
2018-11-01,56.912742614746094,56.96918396497383,55.94621005917742,56.320124584985166,14159300
2018-11-02,57.815765380859375,58.168515640370515,56.602309009476166,57.681723942373566,19350400
2018-11-05,57.59706115722656,58.464829152113154,57.45596320836224,58.20379202591826,15815000
2018-11-06,57.843990325927734,57.92159581936359,57.39247039096037,57.667615183126664,9063200
2018-11-07,58.577720642089844,58.65532614755011,57.611188154609586,57.99921029936792,12699800
2018-11-08,57.64645004272461,59.08567182930773,57.52651623947821,58.6482595449159,16865500
2018-11-09,57.63219451904297,58.0098993750575,56.79126457208195,57.1974761730738,15070100
2018-11-12,56.89104461669922,58.245085316952895,56.81978046133988,58.195199864490704,11906600
2018-11-13,55.58689498901367,56.905301026331685,55.330339654095816,56.86967166360298,15530200
2018-11-14,55.15216827392578,56.363675167504525,54.696071177253344,56.19976816185057,18552100
2018-11-15,55.7222900390625,55.7222900390625,54.097443520303344,54.639055401819036,18976000
2018-11-16,56.27103042602539,56.43494286328684,55.658148953474694,55.850568137960146,13704900
2018-11-19,56.45633316040039,56.556104077624,55.89333702057734,55.91471572610994,9430800
2018-11-20,54.85285568237305,56.228275021437156,54.42526533303373,55.88619947970193,15533700
2018-11-21,55.27330780029297,55.85768243870015,55.05951538357148,55.180664963424185,9685300
2018-11-23,53.798126220703125,54.30410875407098,53.235130192478195,54.1972152475966,10875400
2018-11-26,54.859989166259766,55.10228839462902,54.24710761118753,54.33262242726759,13741100
2018-11-27,54.90986633300781,55.19492292638941,54.44664121310371,54.56779080900149,10344500
2018-11-28,55.90757369995117,55.90757369995117,54.760203001650424,54.90273673140862,11482100
2018-11-29,56.34227752685547,56.67722490900268,55.72227363293605,55.74365232760852,10255200
2018-11-30,56.65584945678711,56.727113588808656,55.814919649881425,55.90756247779896,14040100
2018-12-03,57.88163375854492,58.0526688268133,57.11196779567701,57.18323195436327,19415100
2018-12-04,56.605979919433594,58.40186156146302,56.54896642296122,57.99564991403337,18540700
2018-12-06,55.864810943603516,55.90044573190308,54.817211238017975,55.58687699360392,23218100
2018-12-07,55.3303337097168,57.26874917101839,55.10941319836918,56.577475450484435,16224700
2018-12-10,54.54640197753906,55.48710269746163,53.30638862789226,55.48710269746163,17946200
2018-12-11,54.646183013916016,55.44435561201497,53.93353065611174,55.373086026549736,15742400
2018-12-12,54.175838470458984,55.72942107522126,54.175838470458984,55.61539950712028,14559800
2018-12-13,54.859989166259766,55.0310242355267,54.12595255989608,54.18296606202066,13749700
2018-12-14,53.862266540527344,54.781588735106986,53.51306297027444,54.674689793950094,12669300
2018-12-17,52.76477813720703,53.87651401046418,52.365694580059476,53.634214832797646,15464100
2018-12-18,51.310970306396484,52.636504140946876,51.04016436491535,52.47259170458589,18681200
2018-12-19,50.441532135009766,52.21603495257938,50.09946205401379,51.63166024686418,21679600
2018-12-20,48.90932846069336,50.356017287641485,48.49599423295694,49.9498002315301,28723700
2018-12-21,48.54589080810547,50.14935895129661,48.22519391720295,48.56014146594002,47287300
2018-12-24,46.68586730957031,48.125422983036245,46.63598185150731,47.65507515517184,14262800
2018-12-26,48.91645431518555,48.930710406220584,46.07297310952859,47.16333027816592,24887700
2018-12-27,49.13026809692383,49.13026809692383,47.09208138720673,48.27508178231735,22077000
2018-12-28,48.581520080566406,49.586362724902045,48.33209279062366,49.30130063477871,19710600
2018-12-31,48.59576416015625,49.27990974503265,48.21805929490107,48.68840700576981,15807000
2019-01-02,49.66474914550781,49.79302679925286,47.93300353850296,47.997139646822234,16727200
2019-01-03,48.9022102355957,50.06383170425791,48.71691908696951,49.88566860210752,13866100
2019-01-04,50.70521545410156,50.790730255787395,49.42956710359744,49.62910889033893,16043600
2019-01-07,50.96889114379883,51.38223079113921,50.41302320839208,50.77647741119867,10844200
2019-01-08,51.33946990966797,51.73142539381607,51.268205770468796,51.69579604276913,11439000
2019-01-09,51.61028289794922,51.73856054095837,51.06154296997489,51.73856054095837,13473500
2019-01-10,51.34660339355469,51.36798209386843,50.68383649829943,51.36085404806189,13151100
2019-01-11,51.11143112182617,51.232580725214305,50.648205973282096,51.20407397669245,9790100
2019-01-14,51.04728317260742,51.15418210687338,50.68383440805109,50.74797050634727,11012400
2019-01-15,51.07579803466797,51.567529948175455,50.826370773144795,51.275339843886506,10298300
2019-01-16,51.05441665649414,51.58177790138081,50.819240063478894,50.89763226115065,12595600
2019-01-17,51.40361785888672,51.55327421685139,50.527058414078404,50.733728271393396,10141700
2019-01-18,52.01649856567383,52.23029646632021,51.40361705006776,52.21604037315367,15759200
2019-01-22,51.23257064819336,51.816945285183934,51.082914325719514,51.588896778970664,15035600
2019-01-23,50.8121223449707,51.52477480177475,50.54843897859478,51.31810493684876,13187200
2019-01-24,50.883392333984375,51.289604063426424,50.34177488235919,50.669594397601244,11272500
2019-01-25,51.11143112182617,51.50338668051244,50.983153472030985,51.36085837500949,8996200
2019-01-28,50.76935958862305,50.79786633939759,50.14935542987361,50.61257517791641,13678400
2019-01-29,50.96176528930664,51.446369049812866,50.940386591168995,51.097165523213526,10513200
2019-01-30,51.51763916015625,51.71718094870812,50.96177119573149,51.1470568924691,11524700
2019-01-31,52.22315979003906,52.37281612091875,51.32521636765537,51.51763553386181,19876700
2019-02-01,54.104557037353516,54.51076859878247,52.96431453484285,53.391904793646205,22968700
2019-02-04,53.32063674926758,53.990531549135035,53.02132413374989,53.990531549135035,15483800
2019-02-05,53.8693962097168,53.90503100714153,53.456061919966245,53.577211531839566,12786700
2019-02-06,53.634212493896484,53.997661244546876,53.541564217094844,53.86226100762251,10866900
2019-02-07,53.22087478637695,53.584328987263255,52.6650068539071,53.4132885179605,14418900
2019-02-08,53.30734634399414,53.372194488572894,52.40664101949584,53.1488213272874,11959500
2019-02-11,53.39381790161133,53.48028760377916,52.889425049306745,53.235292863038524,10434800
2019-02-12,54.33054733276367,54.36657224796473,53.91261873465362,54.09996698509418,12599200
2019-02-13,54.94302749633789,55.15199180159405,54.40981145730418,54.46025073805779,13214600
2019-02-14,54.95745086669922,55.23126888945342,54.55393651418239,54.95024918002623,12772900
2019-02-15,55.99504852294922,56.031078935283034,55.303307486398694,55.44021645630431,14330300
2019-02-19,56.3697509765625,56.54989206232779,55.80770617110027,55.886968688634575,13551500
2019-02-20,56.58591079711914,56.787667911532495,56.20401261662685,56.42018409490919,12633100
2019-02-21,56.07432174682617,56.679598705382766,55.92300388155456,56.355341424826335,10266000
2019-02-22,56.50664138793945,56.888539521796254,55.930193345361246,56.71560565876963,9519300
2019-02-25,56.56429672241211,56.81649312422837,56.348125236587165,56.51385744204885,9274400
2019-02-26,56.67959213256836,57.018252745587425,56.48503668730198,56.69400100010278,10990600
2019-02-27,57.263240814208984,57.464997921045224,56.679585541222885,56.838105055545036,12398200
2019-02-28,56.946197509765625,57.46500470139845,56.71561714653653,57.24883320572827,14597900
2019-03-01,57.64513397216797,57.64513397216797,56.94618584316049,57.19838220479505,15419400
2019-03-04,57.8685302734375,58.0414697027635,56.93179976987257,57.81809098091839,18089900
2019-03-05,57.78204345703125,57.933361275406455,57.464993458072676,57.731604184239515,13745500
2019-03-06,57.1263427734375,57.19839811144735,56.10314268027596,56.81649987227226,18633600
2019-03-07,57.76045608520508,57.83251143961107,57.1551790137582,57.32091127661602,16541700
2019-03-08,56.931785583496094,57.155158752210056,56.384155188697875,56.84531589037978,16211300
2019-03-11,57.486610412597656,57.8540996901568,57.39293904663762,57.63072654961522,11060900
2019-03-12,57.64513397216797,58.0630625128586,57.56587147315877,57.72439647117717,11320000
2019-03-13,58.15674591064453,58.192776325820134,57.78925656623755,58.0702762127048,10260200
2019-03-14,57.962196350097656,58.30086246412499,57.897342701841374,58.22159994818372,9976700
2019-03-15,57.753211975097656,58.04143870591048,57.71718157219569,57.77482801785178,25316400
2019-03-18,58.423362731933594,58.54585736024838,57.96220195683202,57.96220195683202,9840600
2019-03-19,58.27202606201172,59.08626159020275,58.10629388500681,58.78362595998679,13936500
2019-03-20,58.596282958984375,59.02862039745582,58.0486526049372,58.185561567816194,13133600
2019-03-21,58.93494415283203,59.00699947037362,58.22158716347413,58.22878884700045,10117000
2019-03-22,57.99102020263672,58.682761305768395,57.86131840220768,58.53144345484612,12497700
2019-03-25,57.58750915527344,57.962205745453815,57.34972156890556,57.64515563029664,11320400
2019-03-26,58.336883544921875,58.56025671289863,57.774844285193794,57.88293002686516,9472800
2019-03-27,57.8901252746582,58.58907342928479,57.515434308991345,58.34408423970811,7258700
2019-03-28,58.1783447265625,58.21437513106479,57.65953768754957,57.666744867943606,7412300
2019-03-29,58.22159194946289,58.7115758454795,57.991011615894415,58.603490111547984,10889200
2019-04-01,58.89171600341797,58.92774091586574,58.42334816184732,58.53143389412804,10816400
2019-04-02,58.6395263671875,59.05024783759809,58.444976406454,58.90613716279327,7646000
2019-04-03,58.293663024902344,58.9205505556574,58.084698682160564,58.9205505556574,8562900
2019-04-04,59.122291564941406,59.14390761016037,58.19996482167598,58.452166675812485,9360600
2019-04-05,59.439353942871094,59.46817717765885,59.05024851944131,59.194364693380074,10059100
2019-04-08,59.80684280395508,59.95095347919353,59.51140877300543,59.56905524208875,9108200
2019-04-09,59.03582763671875,59.50419548613236,58.898918673706014,59.46095789401482,8561600
2019-04-10,58.769229888916016,59.14392645029736,58.66114962839257,59.028633509112325,10324300
2019-04-11,59.05024337768555,59.13671307451953,58.380118345263206,58.75481486740766,9115100
2019-04-12,58.308048248291016,59.66991401811939,58.063059082169445,59.66991401811939,16638700
2019-04-15,58.1135139465332,58.40894246128099,58.019837065845024,58.28644784534824,8536100
2019-04-16,58.50981521606445,58.61790095364024,58.14233140476334,58.22879559684879,7005700
2019-04-17,58.675559997558594,58.87010996894519,58.42336355410554,58.76202970565828,8311400
2019-04-18,58.459373474121094,58.96377172905799,58.4161413799006,58.769216310128314,9493900
2019-04-22,59.734779357910156,59.96535970547452,58.82686683423274,58.992599035983275,10770600
2019-04-23,60.08064651489258,60.15990902394338,59.576253727723014,59.94374304264316,10595100
2019-04-24,58.913326263427734,59.86447071862515,58.89171021858864,59.81403144817787,11684000
2019-04-25,59.24480056762695,59.69154693743152,58.65393803218414,58.83407911612975,11135000
2019-04-26,57.99821853637695,58.09909709782917,57.328093522461884,57.83969351196081,18053500
2019-04-29,57.623538970947266,57.918967531763165,57.400165754417905,57.73162473611226,10023700
2019-04-30,57.846885681152344,58.0270267080605,57.5946893429745,57.91173930952257,13721500
2019-05-01,56.68678283691406,57.832482744136186,56.65075792632158,57.601902425964276,13909800
2019-05-02,55.69240951538086,56.56429156645416,55.656379105204536,56.40576655762833,15360400
2019-05-03,55.82211685180664,56.35533289118358,55.800500802536796,56.05269720646715,12180700
2019-05-06,55.577110290527344,55.95901390364102,55.27447467029518,55.42579248041126,13367100
2019-05-07,55.28168869018555,55.332127966464334,54.59714937215185,55.12316367974682,13498800
2019-05-08,55.3681640625,55.69242133047152,55.06552834370252,55.151998047988904,11352900
2019-05-09,55.317726135253906,55.39698865842985,54.734070735021966,55.01509040902031,13221600
2019-05-10,55.79875946044922,55.966391414444665,54.785694621545524,55.52180836307134,11056000
2019-05-13,55.17923355102539,55.55822493320251,54.92414640560774,55.135505914806004,12176100
2019-05-14,55.25212097167969,55.973660412815406,55.21568312425315,55.48534432504628,10548400
2019-05-15,55.660274505615234,55.79146300943687,54.81483624532374,55.07721325296702,8918000
2019-05-16,55.652992248535156,56.08299567122816,55.55095734957462,55.68214587116459,8105200
2019-05-17,55.325016021728516,55.60925685218357,55.09178707316624,55.13552028126375,9279400
2019-05-20,55.317726135253906,55.65298440753009,55.150094218873726,55.42705081459018,7154300
2019-05-21,55.57280349731445,55.72585579706546,55.33958015095816,55.58737752375033,8489900
2019-05-22,55.06991958618164,55.55094591986784,54.946020885862644,55.40517783671272,7858300
2019-05-23,53.779903411865234,54.516016932102666,53.23328561733406,54.49414754951507,14657200
2019-05-24,54.00584030151367,54.115164979225085,53.524819504261174,54.03499391960232,7056400
2019-05-28,52.91989517211914,54.115165727869034,52.83243431664324,54.107875933124994,14912900
2019-05-29,52.59192657470703,52.788706548472774,52.19836106669139,52.39514104045713,13645200
2019-05-30,52.45344161987305,52.57005051829009,52.132757418380145,52.489879467916865,9362100
2019-05-31,51.5788459777832,52.147333081414,51.47681111416606,51.88495612911764,13983300
2019-06-03,52.38784408569336,52.48259472274679,51.72461742873633,51.81207271157532,11831000
2019-06-04,53.63414764404297,53.68517065464447,52.59921904997441,52.80328885044032,10423000
2019-06-05,53.18955993652344,53.67058072201534,52.89802932324873,53.67058072201534,10617800
2019-06-06,54.158897399902344,54.384836569883554,53.63414334902086,53.72160421099597,11738900
2019-06-07,54.35567092895508,54.63262192323747,54.24634626578351,54.30465349420612,9095500
2019-06-10,54.59619140625,54.90229605584317,54.26092757804709,54.80026117264545,7760400
2019-06-11,54.545166015625,55.25212593288282,54.53059198744242,55.03348214724105,9415100
2019-06-12,53.954833984375,54.377553193090435,53.794491832070165,54.28280808513087,7920800
2019-06-13,54.42855453491211,54.78567659357822,54.209905199125906,54.44312856240551,8986400
2019-06-14,54.18804931640625,54.52330760270712,54.100594017666104,54.42856250891049,8575900
2019-06-17,54.72736740112305,54.80025421742847,53.96210587426669,54.04956671754316,9355700
2019-06-18,55.201114654541016,55.55095253529082,54.91687380914375,54.967891254202634,10091500
2019-06-19,54.89502716064453,55.28130301702388,54.785702441172624,54.953334419094375,9757400
2019-06-20,55.8351936340332,56.09757065566494,55.4489178967655,55.56552681722155,16229700
2019-06-21,56.62232208251953,56.67333952545248,56.02468679652604,56.221466773414775,23108100
2019-06-24,56.08298873901367,56.673339793439894,55.98095385266529,56.505707874162255,10011800
2019-06-25,55.5873908996582,56.27977687235848,55.52908921940248,56.17774198130531,9740000
2019-06-26,55.82789993286133,56.214175643103296,55.73315484408934,55.886207169252145,11365500
2019-06-27,55.25941848754883,55.9372248218156,55.21569084033295,55.820610348594414,8147800
2019-06-28,55.84975814819336,55.922644966604956,55.34687357615139,55.52907950121327,14781300
2019-07-01,55.79875946044922,56.79725026706374,55.60197944187541,56.214188886758755,11437900
2019-07-02,55.186553955078125,55.58740381722787,54.96062029531217,55.492658699371205,10475400
2019-07-03,55.7112922668457,55.755019914874964,55.120941216029514,55.25941951543448,5246100
2019-07-05,55.48534393310547,55.64568603000299,55.091778484488806,55.52907713438508,6880800
2019-07-08,55.74042892456055,55.90076543870747,55.332283945372126,55.49262602000159,7876100
2019-07-09,55.704010009765625,55.951807462775186,55.1938355121077,55.718584040919424,7863000
2019-07-10,56.491119384765625,56.57857465897287,55.92992209301587,55.97365529060234,8077400
2019-07-11,56.53486633300781,56.56401995452945,56.15588037419604,56.41825740740602,6404000
2019-07-12,56.57857894897461,56.76078486469903,56.483833874571886,56.66603979029631,6139000
2019-07-15,56.177734375,56.6587551447669,56.0392560871126,56.57858408972512,7116400
2019-07-16,55.33958435058594,56.17044293256287,55.23754947634201,56.061118264306195,10197400
2019-07-17,55.011619567871094,55.361451856996936,54.916868920849694,55.20110974094593,7419300
2019-07-18,54.545166015625,54.85856044614701,54.064145238826015,54.683644305536816,11424500
2019-07-19,54.65447998046875,54.843975672618285,54.32651158602162,54.58888852577243,11243100
2019-07-22,54.71279525756836,54.88042715616458,54.297365968550466,54.836693952779186,8368800
2019-07-23,54.93143081665039,55.22295577686157,54.47955823155156,54.77108875224493,8551200
2019-07-24,54.92414474487305,55.4270347881211,54.552443166799165,54.94600856232165,8260200
2019-07-25,54.61076736450195,55.230266480227996,54.51602227260926,55.230266480227996,9083900
2019-07-26,54.5233039855957,54.72008951567498,54.37025166246962,54.567037192548895,7677300
2019-07-29,54.909576416015625,54.93873003208442,54.443129679882325,54.57431817195005,7091900
2019-07-30,54.9168586730957,55.06991096608846,54.5816004750426,54.705499155967736,6961200
2019-07-31,54.19533157348633,55.14280462160719,54.12245031451172,54.69093191919078,13104600
2019-08-01,52.81056594848633,54.12973509894796,52.67208766268673,53.74345941801612,17132800
2019-08-02,52.29310989379883,53.393635435955915,51.87768053239291,52.9198988335319,21376700
2019-08-05,51.22173309326172,51.688179856008105,50.73342250733723,51.58614497418758,19080900
2019-08-06,51.717342376708984,51.7537857952688,51.22174191091448,51.22903170672344,12282400
2019-08-07,51.38207244873047,51.6590234615736,50.58036746588248,50.91562571105587,15231100
2019-08-08,52.75226593017578,52.774135315516546,51.46954001440665,51.637166378628045,14304100
2019-08-09,51.62986373901367,52.65750773547841,51.36020255222627,52.57004689732724,13686600
2019-08-12,51.37898635864258,51.77007056252443,51.15762399584998,51.696277478638336,9542600
2019-08-13,52.01357650756836,52.109505279358,50.855095847639575,51.11335479164483,12403300
2019-08-14,49.91797637939453,50.98052812205715,49.91797637939453,50.96577288282964,18114400
2019-08-15,49.62282943725586,49.851572277048625,49.091550660013226,49.77778480901447,12874400
2019-08-16,50.397605895996094,50.515664704801345,49.637578740269,50.0139021007289,12649000
2019-08-19,51.24617004394531,51.39375059175696,50.81082009455107,50.891987988441905,10032800
2019-08-20,50.936256408691406,51.135488729373954,50.70013317539421,51.135488729373954,9743500
2019-08-21,51.44540786743164,51.63725978525415,51.18714891822222,51.622498914086265,10134200
2019-08-22,51.334720611572266,51.62249565532831,51.09859735439749,51.58560473898312,8972000
2019-08-23,49.7999153137207,51.30520314967887,49.460488492321666,50.781304862544104,15371900
2019-08-26,50.065555572509766,50.36809148396006,49.82943231731885,50.26478791166544,7343900
2019-08-27,49.578548431396484,50.50090567633467,49.41621265554786,50.27215725144713,9490900
2019-08-28,49.94011306762695,50.16148106789087,49.55641491407454,49.82942906749499,9647400
2019-08-29,50.49352264404297,50.670613649665135,50.24263855892513,50.39759952216879,9004100
2019-08-30,50.530418395996094,50.97314871795991,50.2205021039621,50.62634151637479,9180800
2019-09-03,50.589454650878906,50.678002984052405,49.903220550246324,50.095072457310955,9849700
2019-09-04,51.128116607666016,51.36423987935331,50.98053604434717,51.28307197693366,6959200
2019-09-05,51.85124206542969,52.05785485567467,51.430647308556765,51.53395088886781,9901500
2019-09-06,52.33823776245117,52.35299300078132,51.74055209170134,51.91026266579546,10418500
2019-09-09,52.751461029052734,53.17943619903335,52.375143276132206,52.5079629623461,12840200
2019-09-10,53.1794319152832,53.75498196597373,52.84738554130703,53.23108369855999,13810800
2019-09-11,53.07612228393555,53.74759538980725,52.79572772527571,53.703324046235046,10525700
2019-09-12,53.113014221191406,53.24583387002099,52.16851581305825,52.37512853427618,9100700
2019-09-13,53.60002517700195,53.659057393339616,53.1720500529869,53.31963059383106,7337200
2019-09-16,54.40432357788086,55.47425575701305,54.30839481904172,55.370952193357056,19830200
2019-09-17,53.99111557006836,54.66259451115962,53.59265646705101,54.47074258090166,14452200
2019-09-18,53.73285675048828,53.843540773231815,53.37129419717444,53.60741748520313,7292200
2019-09-19,53.37128829956055,54.00587062156962,53.26798472431466,53.843534823433906,8050200
2019-09-20,53.18681335449219,53.49672406000633,53.02447756694985,53.48934362522106,19736600
2019-09-23,53.22370147705078,53.393417690475054,52.72931933519612,52.773590682340725,7495200
2019-09-24,52.49319839477539,53.03185753693366,52.25707515031667,52.987580558232374,13307100
2019-09-25,52.648162841796875,52.73671118487505,52.257084178375514,52.37514863581308,8035200
2019-09-26,52.36774826049805,52.648142795715664,52.15376073508682,52.552219682788305,8420200
2019-09-27,52.744075775146484,52.884270239206465,52.11686838527979,52.16852016248536,8224000
2019-09-30,52.10212707519531,52.72194856735176,52.079991397564434,52.566993194312644,9768900
2019-10-01,50.877235412597656,52.32349686880262,50.84772492784695,52.26446464005483,10279100
2019-10-02,49.549041748046875,50.61159366816622,49.44573816733559,50.37547039373715,14503700
2019-10-03,50.1614875793457,50.17624282078836,48.9292138080277,49.43835689695324,10788400
2019-10-04,50.89198303222656,50.96577048413531,50.0434132612216,50.257400812492186,10534800
2019-10-07,50.190982818603516,50.93624895162476,50.190982818603516,50.69274531960478,10993000
2019-10-08,49.216976165771484,50.11719766125598,49.17270482324647,49.83680310922859,9748700
2019-10-09,49.76301574707031,49.95486198475498,49.58591911742408,49.65971219458737,8580900
2019-10-10,50.3607063293457,50.44187421848803,49.71874365057146,49.75564019277141,7100100
2019-10-11,50.899375915527344,51.27569370119018,50.83296325183072,50.89937591552734,10101900
2019-10-14,51.04693603515625,51.18713612810512,50.61158051845151,50.61896095219131,6234600
2019-10-15,51.224037170410156,51.65201233803472,50.921506882691126,50.95839779944475,6645700
2019-10-16,50.345947265625,51.30519536411134,50.33118639801758,51.06907214898624,9765800
2019-10-17,50.27954864501953,50.82558267674661,50.23527728909176,50.53043279773073,9757200
2019-10-18,49.888450622558594,50.28690956010071,49.8884506225586,50.08030247314278,13472700
2019-10-21,50.72227478027344,50.74441045635513,50.04342110886261,50.04342110886261,10199300
2019-10-22,50.98053741455078,51.474925277928016,50.65587142576899,50.751794572287224,9536000
2019-10-23,51.467533111572266,51.47491354566013,50.75178300483673,50.88460267030953,8641800
2019-10-24,50.98053741455078,51.68891287827454,50.92888562340666,51.62250021559037,9003600
2019-10-25,51.09859848022461,51.268314713943795,50.84033954162815,50.84033954162815,7607200
2019-10-28,50.64848327636719,51.40850478586277,50.60421192773549,51.25354943602969,11209600
2019-10-29,50.50090026855469,50.936250139328514,50.353319747394806,50.53041637278666,13894400
2019-10-30,49.969635009765625,50.44926197991444,49.63758297060595,50.44926197991444,12840600
2019-10-31,49.858951568603516,49.96963558292631,49.54166039667702,49.777783666741655,16169100
2019-11-01,51.356849670410156,51.364230104577295,50.404976329233826,50.464008543327346,14108700
2019-11-04,52.884281158447266,53.031861716378685,51.607741702670765,51.703664843109195,15858200
2019-11-05,53.93207550048828,53.954216805456504,53.01709859858641,53.15729871527305,14930400
2019-11-06,52.751461029052734,53.76974716656679,52.53747344406242,53.66644359169183,13996500
2019-11-07,53.873046875,53.887802114799186,53.12778059864151,53.14991627315138,13073800
2019-11-08,52.84994125366211,53.619134142914135,52.7678001930766,53.477243252103186,12106000
2019-11-11,52.52882766723633,52.73046270613209,52.252521003029244,52.43174771731418,8674000
2019-11-12,51.80445098876953,52.58110767499644,51.513205443623754,52.476552586789346,13918600
2019-11-13,51.378787994384766,51.64016149151525,51.22942764065669,51.543075837213266,11773700
2019-11-14,51.154747009277344,51.50573669597983,50.91577615625867,51.423589931112666,11279800
2019-11-15,51.67002868652344,51.75217544894354,51.28169750098944,51.31156956891624,11252800
2019-11-18,51.169681549072266,51.39371922236878,51.005393712504834,51.304103013547234,10095600
2019-11-19,50.646934509277344,51.19955355250923,50.61706243970877,51.08007097174963,12605500
2019-11-20,50.80376434326172,51.184626151413006,50.27354786790207,50.534921384274384,16930700
2019-11-21,52.02848815917969,52.088232301983425,50.721614947301966,50.79629227704911,14080900
2019-11-22,51.80445098876953,52.409344705993156,51.77457892035529,52.05835502401889,12143600
2019-11-25,51.4609260559082,51.85672095565677,51.31156572745613,51.80444626507703,10670000
2019-11-26,51.33397674560547,51.558014426157435,51.10994476256839,51.46839821443367,15457000
2019-11-27,51.304100036621094,51.595345576498175,51.08753751518583,51.34891098718906,8393900
2019-11-29,50.8784294128418,51.17714437276994,50.78134947230859,51.02778974156285,7980800
2019-12-02,51.095001220703125,51.43852145472325,51.057665409024594,51.154745356406025,11116900
2019-12-03,50.691734313964844,50.96804665462613,50.42289141427118,50.78135051303409,12245800
2019-12-04,51.266761779785156,51.34890853814173,50.88590005445143,50.968046812808005,11049700
2019-12-05,51.08753967285156,51.50573724571917,50.93817932717412,51.44599310744819,13109000
2019-12-06,51.90899658203125,52.17783948057762,51.348908159645326,51.348908159645326,13710800
2019-12-09,52.021018981933594,52.25252038922867,51.54307158693059,51.58788253811132,12397700
2019-12-10,51.57294845581055,52.38694672410952,51.304105513759055,52.0210238242397,14281800
2019-12-11,51.498268127441406,52.09569811887353,51.281699897985135,51.33397459492185,13748400
2019-12-12,52.52882766723633,52.558699735869574,51.4534616840122,51.4982669382048,17068500
2019-12-13,51.69990539550781,52.67819149349426,51.61775862571346,52.63338623633912,12274500
2019-12-16,52.27492141723633,52.46161756515503,52.050883760728176,52.050883760728176,15208700
2019-12-17,52.03594970703125,52.55869663347034,51.75963736161962,52.25998735979896,14450700
2019-12-18,52.177852630615234,52.49150085879465,51.737246664588,51.99862018807085,13652300
2019-12-19,51.819393157958984,52.31227382597122,51.70737430636389,52.267462866823905,13273200
2019-12-20,52.23011779785156,52.44668601990971,51.81938398058361,52.17037366124632,35092000
2019-12-23,52.49148178100586,52.49895122110935,51.923923980922595,52.17036422671692,14172500
2019-12-24,52.289859771728516,52.64831891807727,52.20771870023666,52.53630007874861,3979400
2019-12-26,52.37200164794922,52.64831399947715,52.282391142869905,52.41681259800318,8840200
2019-12-27,52.192779541015625,52.50642773146961,52.18531009909582,52.424280962896205,10516100
2019-12-30,51.886600494384766,52.603513081667145,51.826856354399204,52.34213389360902,12689400
2019-12-31,52.11063766479492,52.125576550037046,51.53561592831065,51.54307967341636,13151800
2020-01-02,52.94705581665039,53.03666636715416,52.45417499881086,52.45417499881086,12456400
2020-01-03,52.521358489990234,53.2980151015675,52.39440648456776,53.27560677927477,17386900
2020-01-06,52.92462158203125,53.29054440566564,52.446679939627295,52.51388781238076,20081900
2020-01-07,52.49148178100586,52.66323902079213,51.90899079822904,52.64830583809858,17387700
2020-01-08,51.69990539550781,52.491495325327996,51.65509444083778,52.35707385634769,15137700
2020-01-09,52.095699310302734,52.2002487065672,51.25182900079195,51.6326907714781,14811800
2020-01-10,51.632686614990234,52.24504975703541,51.617753429946646,52.22264713071286,11995600
2020-01-13,52.12557601928711,52.1778507220716,51.61029273647199,51.677500626831204,9953900
2020-01-14,51.677494049072266,51.96127585450861,51.4459926372812,51.81191551019617,16261000
2020-01-15,51.59536361694336,51.96875604965251,51.44600892286624,51.67751040794068,11390300
2020-01-16,51.393733978271484,51.96129206873286,51.378800787937706,51.75219321896192,13340300
2020-01-17,51.19955825805664,51.5878895006234,50.99792889183119,51.34144917716933,18144100
2020-01-21,50.46771240234375,51.09500882807728,50.41543770019929,51.065136755778276,17982600
2020-01-22,50.17646026611328,50.557316318775364,50.03456936560321,50.45276692814093,17033100
2020-01-23,49.86280822753906,49.982296505516864,49.325128069183,49.81800297205473,19605900
2020-01-24,49.526763916015625,49.795606879232565,49.317665099628094,49.6910574710388,18238600
2020-01-27,48.34684753417969,49.08616860639723,48.31697545775025,48.8546614384481,21231000
2020-01-28,48.27962875366211,48.69035689258232,48.26468987005645,48.623149008900995,19664700
2020-01-29,47.87635803222656,48.6380757675284,47.71953396017953,48.56339845191276,14202800
2020-01-30,48.384185791015625,48.451393685312276,47.3685580509738,47.62993158020906,18544700
2020-01-31,46.390254974365234,47.196783647528044,46.196092246802124,47.196783647528044,34282900
2020-02-03,45.352230072021484,45.8675104392825,45.08338715040451,45.83764121924739,27389300
2020-02-04,44.78466796875,46.23342889235323,44.7249238405568,45.8899087015128,31922100
2020-02-05,46.84580993652344,46.99516746555567,45.25515752253235,45.367176381496,32099200
2020-02-06,46.21104049682617,47.05490520170101,46.13636031359098,46.99516390387057,16055400
2020-02-07,45.90485763549805,46.04674570670046,45.598676014345095,45.860049526759454,15112500
2020-02-10,45.4200439453125,45.84424820436327,45.16249187547009,45.81394728093355,20934500
2020-02-11,45.851837158203125,46.124539779970554,45.579134536435696,45.88971476984776,14908700
2020-02-12,46.41238784790039,46.60933811472992,45.874559340735374,46.465413030879716,17862100
2020-02-13,46.15483093261719,46.526007174966644,45.87455458170866,46.25330750064387,16949400
2020-02-14,45.942726135253906,46.32905280674857,45.66244691962591,46.32147902049209,10855300
2020-02-18,45.35945510864258,45.745781854775295,45.03372733323496,45.56398205294428,18948500
2020-02-19,45.7078971862793,45.91999787212652,45.3215705242497,45.53367121009693,12804900
2020-02-20,45.34429931640625,45.85940351050487,45.23824896285455,45.62457566360081,14817200
2020-02-21,44.791316986083984,45.0791670981122,44.53376490871572,45.0791670981122,20315700
2020-02-24,42.693023681640625,43.78383089962929,42.693023681640625,43.64747963617382,32096600
2020-02-25,41.056819915771484,42.98845936203764,40.88259390740649,42.98845936203764,36414500
2020-02-26,40.1553840637207,41.52647070023619,40.09478509799949,41.32194377282302,29801000
2020-02-27,37.73893356323242,39.72359767868426,37.72378310254593,39.17061886707441,48141300
2020-02-28,38.96609878540039,38.96609878540039,36.36785356196377,36.94355960994363,62446700
2020-03-02,40.814414978027344,40.82198876488796,38.73127394305072,39.83723176264828,38127600
2020-03-03,38.86003875732422,41.018931565297876,38.61763718367629,40.867429859354246,50580700
2020-03-04,39.708457946777344,39.75390934111727,38.72370085332436,39.56453286585109,24079600
2020-03-05,37.9586181640625,38.40554672594713,37.148087145168326,38.19344312544997,40788200
2020-03-06,36.125450134277344,37.12535754727373,35.75427391487618,36.996582949831975,55640500
2020-03-09,31.70919418334961,33.76203426823468,30.90623697144765,31.59556715414415,72896300
2020-03-10,32.883331298828125,35.042221977360704,31.398620415007276,34.974046330162004,60445900
2020-03-11,31.80008888244629,32.93634743041692,31.625862918516045,32.1106661033054,51986100
2020-03-12,28.164066314697266,30.792612406407716,28.02771503739696,30.22448304754156,65725300
2020-03-13,28.87611961364746,30.406281640730246,26.51270238185421,30.30780507992275,79891500
2020-03-16,26.126379013061523,28.694323478059864,25.187070452555353,26.05820336843079,48924700
2020-03-17,27.883787155151367,28.315565193076466,25.906696723781153,26.67177624494429,41204400
2020-03-18,25.088592529296875,27.80803860155149,23.656906958743896,26.171826108111595,54036400
2020-03-19,26.080923080444336,26.4369517059518,24.505309740854397,25.550668480018683,49412400
2020-03-20,24.800745010375977,26.649058408798222,23.906886351726452,26.391506281262227,76534600
2020-03-23,23.823558807373047,24.77044108994228,22.80850088487261,24.641663596892055,56952500
2020-03-24,26.846004486083984,27.39898337279721,25.24766967692098,26.0733482240633,61835600
2020-03-25,28.247392654418945,29.232149640155665,26.64905491565943,27.656536151252613,56607700
2020-03-26,29.406373977661133,29.96692952305422,27.81561300476097,28.40646658504014,46722000
2020-03-27,27.989835739135742,28.542814544411783,27.42170647334674,28.12618699409749,51558600
2020-03-30,28.406465530395508,28.898845422117738,27.164156566877693,27.444432884340834,45835000
2020-03-31,28.76249885559082,29.883607198264166,28.307993599054768,29.042775218845264,41491600
2020-04-01,28.42919921875,29.31548274023139,27.527768120185428,27.921671586437594,36045900
2020-04-02,30.603233337402344,31.78494045344889,28.709468969732768,29.34577391285595,62000200
2020-04-03,29.701801300048828,31.951594418589348,29.17912334579372,31.39861553924996,48425700
2020-04-06,30.65626335144043,30.928965925809784,29.716954805241034,30.20933477448077,41301900
2020-04-07,31.239545822143555,32.815156653796194,31.178943960713628,32.49700555025649,48921800
2020-04-08,33.216636657714844,33.36056464585366,31.413774473813056,31.77737700391903,33355600
2020-04-09,32.671226501464844,35.38309580753067,31.61829388445931,34.436213541927806,60107300
2020-04-13,32.39094924926758,33.85293578785307,31.792521816982823,33.67113599995699,29651900
2020-04-14,32.14097595214844,33.1408835209215,31.74707253268394,32.57275408913427,30769000
2020-04-15,30.66383171081543,31.10318642278545,29.83057656076511,31.057735038550778,33125000
2020-04-16,29.656360626220703,30.663842089003822,29.48970838394511,30.663842089003822,30934000
2020-04-17,32.73940658569336,32.815156021365084,30.20176003551024,30.209336712870858,40829100
2020-04-20,31.194091796875,32.37580198825581,30.709288504920483,30.868364043282643,39260800
2020-04-21,31.02743911743164,31.91372247012112,30.019957833222378,30.60323768814585,44381600
2020-04-22,31.913724899291992,32.519729051295585,31.70919795618033,32.26975071316276,27074200
2020-04-23,32.91362762451172,33.830208950013144,32.42882437431775,32.67122599941473,35271000
2020-04-24,33.12572479248047,34.004431312190796,32.67122251629254,33.63325512755682,28653800
2020-04-27,33.28480529785156,33.572658323807346,31.98947101553368,33.019679411876126,28274400
2020-04-28,34.065040588378906,34.38319167318653,33.413585064642575,33.6105353233822,26545100
2020-04-29,35.95122528076172,36.05727563250028,34.96646829934676,35.04221772497277,29502500
2020-04-30,35.201297760009766,36.117879144623224,34.67104308729226,36.117879144623224,37076300
2020-05-01,32.67880630493164,35.14070064878071,32.572755934003084,34.564997396744594,35399300
2020-05-04,33.996864318847656,34.04231282175384,31.981898816432114,32.201573323008354,27465600
2020-05-05,33.958980560302734,35.7163934828663,33.830203093830896,35.04221100951101,29276200
2020-05-06,33.322689056396484,34.29229577809742,33.25451340317339,34.034743631438616,22659000
2020-05-07,33.51205825805664,34.29228831655424,33.307531342889675,34.05746047551321,22160300
2020-05-08,34.98162078857422,35.011921716441826,34.07261318013462,34.322591500559106,19977400
2020-05-11,34.648319244384766,34.996771245829194,34.474090354007025,34.928595602967846,22258000
2020-05-12,34.06916809082031,35.26606713493829,34.06916809082031,35.07301880699398,25439100
2020-05-13,32.37806701660156,33.87612103736304,32.123241800199864,33.77573802394767,30827900
2020-05-14,32.66377258300781,32.85682088780772,31.04216800096193,31.71397527687427,24856500
2020-05-15,32.4321174621582,33.21203137169505,32.3162872929485,32.72555173065484,22445600
2020-05-18,35.01124572753906,35.19657342298556,34.02283920698119,34.285385057214846,32026100
2020-05-19,33.93018341064453,36.00738593828675,33.92246277127214,35.17341549320706,21771600
2020-05-20,35.03440856933594,35.196571398153935,34.41665452952618,34.45526360469861,19352400
2020-05-21,34.408935546875,35.358732981056946,34.277661150157755,35.08846355049027,19130700
2020-05-22,34.439823150634766,34.493876450922286,33.5518025418513,34.015117385939725,15406400
2020-05-26,35.45139694213867,35.752551880399864,35.111632925120595,35.320125485228466,20356500
2020-05-27,35.70623016357422,36.401202573947344,35.06530811902274,36.03055003261144,20788300
2020-05-28,34.779598236083984,35.876111664325656,34.69465647418379,35.852946800420014,19698000
2020-05-29,35.111637115478516,35.28151767141981,34.26222255303508,34.609710194685384,25874700
2020-06-01,35.73710632324219,35.8683807209268,34.594260549812525,34.99580143437167,19031000
2020-06-02,36.532470703125,36.64057730748613,36.10004133999644,36.18498308504705,22319000
2020-06-03,38.022804260253906,38.146355086258076,37.026674068648035,37.06528314945858,23418000
2020-06-04,37.91468811035156,37.95330013012509,37.18882750213557,37.74480759521886,18731400
2020-06-05,40.98801803588867,41.27372870601302,39.84516946402447,39.88378148204629,41328900
2020-06-08,42.269866943359375,42.74862601446301,41.28145741328494,42.254422722267776,33579400
2020-06-09,41.327789306640625,41.67527691051809,40.501542640578606,40.83358602365219,27276900
2020-06-10,39.111610412597656,41.31236118531716,39.07299837269884,41.31236118531716,31156800
2020-06-11,35.659889221191406,37.713923419118224,35.59811233912017,36.70234906783069,39183000
2020-06-12,36.424354553222656,37.54403536606868,35.45139234458289,37.096164808340376,30978100
2020-06-15,36.40119552612305,36.87995459777634,34.555653815975894,35.01896866651986,27929300
2020-06-16,37.2197151184082,38.41661406288916,36.478410307776784,38.27761904268534,26203400
2020-06-17,36.00737380981445,37.16566374070732,35.98420600813173,37.06527778857186,19279400
2020-06-18,36.23131561279297,36.547917758232046,35.343294904058396,35.60584079744172,21478700
2020-06-19,35.50544738769531,37.26604715951509,35.50544738769531,37.23516166640241,48899900
2020-06-22,35.84521484375,35.86065906464167,35.05758019806234,35.28151403678173,17565400
2020-06-23,36.061431884765625,36.46297280085428,35.90699261770322,36.21587115182803,18916600
2020-06-24,34.362606048583984,35.49000769737111,34.16955769999643,35.45139861679041,27626900
2020-06-25,34.879974365234375,34.93403061311053,33.73712848995488,34.015118584476596,19353600
2020-06-26,33.683074951171875,34.70236999346928,33.59041256887684,34.656040275163775,31518600
2020-06-29,34.223602294921875,34.42437417595645,33.62129254318471,33.829785060097564,17052100
2020-06-30,34.53248977661133,34.72553812653302,33.327867012653705,33.53635958405122,22153600
2020-07-01,33.7525749206543,35.042139511163775,33.72168647575586,34.35488781343686,17290100
2020-07-02,34.03828811645508,34.89542035713944,33.92245792263288,34.455270333709784,18216600
2020-07-06,34.27766418457031,34.81047951005492,33.85295840829297,34.493877391616806,22692000
2020-07-07,33.389644622802734,33.976510323193246,33.28925865387448,33.89929215982327,17407600
2020-07-08,33.31242370605469,33.922457215525085,33.080766268923334,33.32014728984674,18291400
2020-07-09,31.93791961669922,33.28153448822297,31.8838663141485,33.127098164183224,25882000
2020-07-10,32.93405532836914,32.98038505506551,31.737152996847342,31.752597220974316,18951000
2020-07-13,32.9417724609375,33.42825515925515,32.60972904176497,33.188874129296,20028300
2020-07-14,34.03055953979492,34.123221913847445,32.632888563452155,32.841381114333146,21444100
2020-07-15,34.46299362182617,34.81820189282827,34.138670849318565,34.77186922656028,17332400
2020-07-16,34.192726135253906,34.601990680127585,33.81435298203321,34.215893942572556,14673700
2020-07-17,33.605865478515625,34.50933056725901,33.505479486760315,34.23134334850436,17958900
2020-07-20,32.81822204589844,33.59813614429988,32.80277782321826,33.36647869546569,18553900
2020-07-21,34.478431701660156,34.895413841050974,33.28925332378868,33.32014176246464,28821800
2020-07-22,33.67535400390625,34.092339138928246,33.49002629533514,34.092339138928246,21345400
2020-07-23,33.74485778808594,33.83752018672387,33.219765952996724,33.51320031864882,17934400
2020-07-24,33.53636169433594,34.30083155854725,33.35103397064833,33.88384933519755,16415300
2020-07-27,34.03055953979492,34.04600375975097,33.18114806199866,33.38191703005975,18547900
2020-07-28,33.629024505615234,34.16956051533364,33.55952697657024,33.907014621795234,19190500
2020-07-29,33.999671936035156,34.04600459704275,33.46685959002503,33.75257030202897,14143200
2020-07-30,32.33173370361328,33.34330802014279,32.300848209322766,33.304698943016824,29901100
2020-07-31,32.493900299072266,32.56339487852691,31.590432472268567,31.783480825911294,32116200
2020-08-03,32.62517166137695,32.818220014402854,32.02286174255506,32.47073238981941,23033600
2020-08-04,33.5672492980957,33.66763232296368,32.61745173399703,32.694669898616105,17724000
2020-08-05,33.860679626464844,34.21589083143741,33.61357797255249,34.09234000448124,17175100
2020-08-06,33.698509216308594,33.899281088594655,33.39735435356265,33.51318450647255,14434900
2020-08-07,33.54407501220703,33.60585188851573,33.057595366852176,33.38191513042208,18757900
2020-08-10,34.370330810546875,34.43982834220481,33.66763485519857,33.96879278950588,24367800
2020-08-11,34.72554016113281,35.84521829973431,34.54021243824849,35.1348017443269,28987500
2020-08-12,34.717655181884766,35.38696690398809,34.355439497071096,35.00900231933963,22503200
2020-08-13,33.86724853515625,34.54443652743246,33.796379954480905,34.253089253010224,17338700
2020-08-14,34.016845703125,34.07983829874831,33.394777675943956,33.54438771887039,13595700
2020-08-17,33.575889587402344,33.99322497084163,33.44202842810894,33.99322497084163,15554600
2020-08-18,33.41054153442383,34.00898497786118,33.30030218987986,33.53652978587363,13014000
2020-08-19,33.04044723510742,33.59164691997573,32.9695786612844,33.347543387074964,14473100
2020-08-20,32.53648376464844,32.985316919379216,32.52073486401631,32.827830916853614,15678500
2020-08-21,32.29238510131836,32.55223749460565,32.05615756438198,32.520739688668506,25517700
2020-08-24,33.24517059326172,33.473522151999234,32.355377196911995,32.50498725316013,18208900
2020-08-25,32.19001388549805,33.12705085508274,32.0482767971514,32.80420593246991,31285600
2020-08-26,31.504962921142578,32.15852897984908,31.497089970320488,32.00104292923817,26795000
2020-08-27,31.2923526763916,31.733309907425873,30.95375880039266,31.497082390258107,32034300
2020-08-28,32.0404052734375,32.22151313273145,31.30809788371217,31.371093488925254,33477100
2020-08-31,31.44983673095703,32.064031900569134,31.418341930404473,32.00103629187212,25259600
2020-09-01,31.048254013061523,31.300230470888238,30.74903084296868,31.300230470888238,22464100
2020-09-02,30.859264373779297,31.276602744281494,30.670283567789713,30.890762176042813,26413400
2020-09-03,30.796279907226562,31.52071152785601,30.6151720020692,30.867148479140013,28817200
2020-09-04,30.772655487060547,31.331728061239488,30.434061560998078,31.07187565127682,24632500
2020-09-08,30.06397819519043,30.45769189287098,29.4104120152181,30.119097872561937,38496400
2020-09-09,29.882858276367188,30.58366789671613,29.859233421394173,30.1978273059801,25886100
2020-09-10,29.13479995727539,30.21357414165765,29.056058456206447,30.13483264058871,34381200
2020-09-11,29.056068420410156,29.3789134915793,28.73322334924101,29.237176338012677,26838600
2020-09-14,28.867080688476562,29.14267900367979,28.733219507891096,29.063937486134964,26129900
2020-09-15,28.559986114501953,29.434030824141416,28.512739399133476,28.977321586969023,23724200
2020-09-16,29.77261734008789,30.04034265272756,28.55997898261433,28.709589038226355,30890900
2020-09-17,29.764739990234375,29.906477090495137,29.11117714240586,29.410397239582473,24696200
2020-09-18,29.284414291381836,29.78049423125712,28.89857667443141,29.552139639464162,46853800
2020-09-21,28.685977935791016,28.906456627464742,28.09540743698192,28.685977935791016,35351800
2020-09-22,27.977283477783203,29.008814044516686,27.930039774928638,28.7095909099886,27303200
2020-09-23,27.07961654663086,28.18201564981056,27.048118742815234,28.07177634025177,31251400
2020-09-24,27.024499893188477,27.418213473221872,26.583539602184434,27.087495507816012,26796000
2020-09-25,27.276473999023438,27.51270152597467,26.678030730493916,26.772521140515213,23486000
2020-09-28,27.804052352905273,28.2686344682485,27.638690376816566,27.67018818214737,23396500
2020-09-29,26.99300193786621,27.64656791896019,26.76465034558408,27.55995045122039,20770500
2020-09-30,27.032377243041992,27.49695640783089,26.87489120213579,27.276477752840037,22223700
2020-10-01,26.087461471557617,26.851263739618584,25.93784839549715,26.6071632534923,36890200
2020-10-02,25.969345092773438,26.260692275291365,25.36302587243356,25.39452367697495,32694300
2020-10-05,26.567794799804688,26.575667750060234,26.118958536533246,26.237073816940942,22965200
2020-10-06,26.292186737060547,27.103235576211272,26.229194139782578,26.86700807977661,26731800
2020-10-07,26.378812789916992,26.567796650977932,26.150458167242356,26.48905212395397,23779300
2020-10-08,27.764673233032227,27.827668831529497,26.583532795367642,26.678026193113542,34413700
2020-10-09,27.3552188873291,28.30800496130715,27.28435032788799,28.095399282983816,29228600
2020-10-12,27.26860809326172,27.347349621319104,26.953635973438672,27.19773951649137,17912800
2020-10-13,26.945756912231445,27.45758273614202,26.851263495432754,27.347343420339623,20995100
2020-10-14,26.89063835144043,27.426089053294547,26.796144930786507,26.819769787848085,17743000
2020-10-15,27.12686538696289,27.13473833663837,26.19770112785745,26.536295036029575,23251600
2020-10-16,26.85126304626465,27.276474403357593,26.67803112595702,27.063868724811122,22627200
2020-10-19,26.315814971923828,27.063871395335955,26.292193117686452,26.851265695810635,23645800
2020-10-20,26.536293029785156,26.71740089659006,26.244945853081255,26.504795225872325,23040600
2020-10-21,26.111087799072266,26.47330361745068,26.09533889343017,26.386686138317447,28619300
2020-10-22,27.44971466064453,27.528456184828805,26.00084838755898,26.126836628531787,31831500
2020-10-23,26.898509979248047,27.622944483009107,26.662282446815805,27.536327020231543,27429100
2020-10-26,26.26068687438965,26.59140774646462,25.94571790514173,26.46541955800638,30888700
2020-10-27,25.84335708618164,26.142580224138623,25.748866675593753,26.103209470043335,27100700
2020-10-28,24.859073638916016,25.49689067980644,24.819702884149063,25.276409046278616,42136400
2020-10-29,25.961471557617188,26.087459769143376,24.496856721252833,24.733084242389943,38622800
2020-10-30,25.685874938964844,26.09533745164649,25.2055438567076,25.520515944553924,47885700
2020-11-02,26.7646484375,27.134737131736603,25.64650039407629,26.09533360055175,40130300
2020-11-03,26.307939529418945,27.158362246952997,26.08746090063428,27.158362246952997,36773000
2020-11-04,26.16620445251465,26.88276305579954,25.615004833727134,26.197702260170225,35410100
2020-11-05,26.118955612182617,26.709525940506513,26.09533376026439,26.276441633828195,30824100
2020-11-06,25.811859130859375,26.50479581332021,25.685870916211584,26.063835560154956,33985600
2020-11-09,29.07968521118164,29.930104980606146,28.394624424173536,28.67809567811755,76879400
2020-11-10,29.724821090698242,30.184483018800446,29.015166346362655,29.878040707976734,49055400
2020-11-11,29.418380737304688,29.93449219433806,29.184516772003022,29.91030043112304,34124500
2020-11-12,28.410350799560547,29.265162359438925,28.1200373235163,28.918399382637975,30933700
2020-11-13,29.09581756591797,29.23290834915389,28.53131941012909,28.547448280439337,29241500
2020-11-16,30.773181915283203,30.7812448127837,29.91837019565091,30.31351985106359,38596800
2020-11-17,31.184446334838867,31.216704065965647,30.14416065426599,30.490923573212466,26521100
2020-11-18,30.007070541381836,31.55540798777531,29.999007645737546,31.466700754353425,31068000
2020-11-19,30.16029167175293,30.240932929057035,29.48289465109138,29.72482149927048,26954400
2020-11-20,29.78934097290039,30.168361740136735,29.660313084774668,30.119975128489273,18351000
2020-11-23,31.740886688232422,31.797336188922774,30.063521306955995,30.24093578127829,29367600
2020-11-24,33.85371780395508,33.934362141790295,32.434411296991605,32.66827218604639,46979300
2020-11-25,32.91020584106445,33.63598650596929,32.781177962219104,33.603728767191136,28178200
2020-11-27,32.410221099853516,33.01503987704889,32.152165334351544,32.8214995910561,14971900
2020-11-30,30.748985290527344,32.16022900285496,30.619957417022363,32.09571352796889,45614300
2020-12-01,31.047359466552734,31.97474935645005,31.02316770332188,31.418314192004885,32472900
2020-12-02,32.20861053466797,32.59569413116991,30.918331879661526,30.95865251083042,29369500
2020-12-03,32.42634582519531,32.77310879256762,32.039262226416994,32.31344682675168,27038900
2020-12-04,33.61178970336914,33.67630209499114,32.781173050034944,32.87794317560135,28723600
2020-12-07,32.98278045654297,33.49889191310953,32.797300017839106,33.4021187078031,24899400
2020-12-08,34.06339645385742,34.34564399903945,32.61182886072836,32.684407240384814,32573800
2020-12-09,34.51498794555664,35.264963410385896,34.17629093628775,34.44240957553229,37824800
2020-12-10,35.49076843261719,35.8617263284457,34.48273702537522,34.83756604953574,38058700
2020-12-11,35.3214111328125,35.426247234515394,34.84562030356641,35.24076987074379,25478800
2020-12-14,34.04725646972656,35.85364632179514,34.01499873901585,35.75687620592952,30595000
2020-12-15,34.708534240722656,34.8536909931074,33.9182380756654,34.22467737401774,27138400
2020-12-16,35.240779876708984,35.57141406709527,34.64402390865509,35.28110051919164,34273000
2020-12-17,35.0633544921875,35.51495354633976,34.99884209946111,35.48269581184312,21204600
2020-12-18,34.45853805541992,35.305283645310446,34.20854521120699,34.89400827065519,46596800
2020-12-21,33.82952880859375,33.934364918223515,32.68440372777764,33.15213169668952,27869500
2020-12-22,33.2569694519043,33.78920984643141,33.24890347892825,33.531154084010225,21792900
2020-12-23,33.68437194824219,34.18435457692893,33.43437909576522,33.47469972970869,19085900
2020-12-24,33.54728317260742,33.74888944906845,33.36987174118372,33.58760688891375,8039000
2020-12-28,33.66018295288086,34.313385274808844,33.48276845741033,33.61985923935215,23877500
2020-12-29,33.281150817871094,33.96661064579467,33.22470132974875,33.90209826348329,20287700
2020-12-30,33.54728317260742,34.20855151329817,33.281164487338046,33.32955110114504,23807300
2020-12-31,33.24082946777344,33.611784117687606,33.03922327852448,33.44243565702239,22786500
2021-01-04,33.466636657714844,34.07145539249282,33.063424167862856,33.42631602398308,27764700
2021-01-05,35.07948684692383,36.12783871215317,33.73275859860419,33.7408214948965,44035100
2021-01-06,35.974613189697266,36.36975964501465,35.24076669641258,35.813327603820774,36484800
2021-01-07,36.25686264038086,36.748782319883325,35.91009968847803,36.28912037457341,29528100
2021-01-08,36.66007614135742,36.95038960489049,36.2488007855302,36.450407015620726,28628200
2021-01-11,37.77294158935547,38.01486843866,36.08751346321819,36.32137741726151,38246200
2021-01-12,38.611629486083984,38.84549039584796,37.82939625928108,38.272929389716886,36915100
2021-01-13,39.04709243774414,39.28095639858355,38.458402626031294,39.13579966952922,29000300
2021-01-14,40.57124328613281,41.19219091184583,39.11161291325412,39.11161291325412,35474800
2021-01-15,38.619693756103516,39.57934149972113,38.13583997410296,39.44224764651833,42411300
2021-01-19,39.385799407958984,39.86965320552214,38.99064978147738,39.07129413191619,24932600
2021-01-20,39.94223403930664,40.11158564750987,39.5067668252247,39.6035369754354,22342400
2021-01-21,38.79710388183594,39.82932680802561,38.45034091576903,39.78094328102733,29044500
2021-01-22,38.24873733520508,38.41808584397478,37.61166085790892,37.91003724139848,23264800
2021-01-25,37.821327209472656,37.94228909285645,37.22457145880582,37.821327209472656,26395800
2021-01-26,36.9907112121582,38.595498199600385,36.97458234417315,38.11164138884981,23976800
2021-01-27,36.571372985839844,37.62779085676716,35.91010472350894,36.289125462747606,32410300
2021-01-28,37.1439323425293,37.57133655904853,36.8455529118773,37.04715913872854,24967200
2021-01-29,36.160099029541016,37.12780969581565,35.893977288901844,36.732660071424355,38961100
2021-02-01,36.224605560302734,36.75684895529014,35.71656008079697,36.75684895529014,24412400
2021-02-02,36.79718017578125,37.893918863636515,36.51492952966885,36.94233694777785,31940400
2021-02-03,38.24066925048828,38.44227548586943,36.62781936743909,36.79717094312219,28459300
2021-02-04,38.97452163696289,39.0148422716167,38.10358116235786,38.61162977254413,25280300
2021-02-05,40.28092575073242,40.4180165118226,39.54707918963323,39.65997818729973,34980100
2021-02-08,42.014739990234375,42.22441220655996,40.89380976656705,41.063158273106616,36998700
2021-02-09,41.52267074584961,41.79330868167659,40.817367142620064,41.555473163655634,28977000
2021-02-10,41.92452621459961,42.17056154600217,41.32583909440009,41.52266923662752,25723800
2021-02-11,40.8747673034668,41.76869793070135,40.00543926691028,41.73589239079164,26972200
2021-02-12,41.43246078491211,41.588282451162655,40.522127128085074,40.53852990271819,19756700
2021-02-16,42.67903518676758,43.08089213721627,42.33458324358851,42.61342410101585,28060100
2021-02-17,43.34333801269531,43.6877900177779,42.482212692752825,42.933278038578955,25509700
2021-02-18,42.66263198852539,43.4171406960695,42.53141294684343,43.31052737555266,20627600
2021-02-19,42.949668884277344,43.105493633409324,42.580614384370634,42.736439133502614,22607200
2021-02-22,44.532508850097656,44.950771740785704,43.13010460639808,43.13010460639808,36435100
2021-02-23,45.14759826660156,45.319822688645566,44.07324323798599,45.09019012592023,33527900
2021-02-24,46.50078582763672,46.74682110247441,44.99996533266279,45.262403376290756,28728600
2021-02-25,45.72988510131836,46.95186515167903,45.39363606118033,46.73043239912337,29670900
2021-02-26,44.58992385864258,45.15580866513536,43.56477385094934,44.62272940973106,35291000
2021-03-01,46.254764556884766,47.24710890532681,46.03333180393742,46.312172700777495,36998300
2021-03-02,45.984107971191406,46.71401395033601,45.94310261488709,46.45977886414434,30302600
2021-03-03,46.353179931640625,47.53415153292426,45.82830366440346,46.27116605956649,35358900
2021-03-04,48.14923095703125,48.77252373434073,46.82883762646346,46.8452403972883,52137500
2021-03-05,49.96990966796875,50.068323187688115,48.47729158343591,49.06777895877088,51429800
2021-03-08,49.920692443847656,50.527582485689294,49.059567260680986,50.502979892273025,38154600
2021-03-09,49.1497802734375,50.347154440563166,48.77252591313908,49.70746199236073,35645900
2021-03-10,50.6588134765625,50.78182960115939,49.23180328026783,49.63366346237395,31579100
2021-03-11,50.28155517578125,51.29850216009726,50.240546675543094,50.66700942424344,24802600
2021-03-12,50.82282638549805,51.15087243728979,50.43736906792119,50.47837443333155,20422700
2021-03-15,49.527034759521484,50.732611879742194,49.10057208346716,50.42916842642791,31243600
2021-03-16,48.4772834777832,48.92834875696168,47.92780156683173,48.82993525369756,30624800
2021-03-17,48.69050598144531,48.985749575634316,48.07541620305436,48.13282433209018,25575500
2021-03-18,46.59101486206055,48.36247380520607,46.35317932890215,48.23125474010305,38622800
2021-03-19,46.32856750488281,47.13228450963122,45.7708858071376,46.5089917281472,84439400
2021-03-22,45.85289764404297,46.632012075516926,45.84469782263132,46.33676844855764,29315100
2021-03-23,45.287017822265625,46.164545786375044,44.65552518041429,45.05738214345041,33493300
2021-03-24,46.20554733276367,46.976458779719714,45.99231757203408,45.99231757203408,29781800
2021-03-25,46.07433319091797,46.336771291313724,44.6965315995858,45.27881593930707,31495900
2021-03-26,47.32910919189453,47.38651732310738,46.3531678327676,46.992860225429915,34226500
2021-03-29,47.07487869262695,47.41932751368338,46.53359973917484,47.02567037740083,21144400
2021-03-30,46.49259567260742,47.04207762850684,46.32857419658645,46.63201768143618,20303400
2021-03-31,45.787288665771484,46.4433838618729,45.76268294506797,46.2137481968559,23686500
2021-04-01,47.06667709350586,47.115885410144465,46.04152729401842,46.18914911542532,23194500
2021-04-05,46.33677291870117,47.009270965647616,46.041529263259505,46.99286819273319,23264800
2021-04-06,46.20554733276367,47.189691668957906,46.139936250380046,46.61560721213555,18926300
2021-04-07,46.41058349609375,46.55820532274436,46.12354279344481,46.246558896647635,22385000
2021-04-08,45.92671585083008,45.99232694658713,45.36903405093212,45.869307706297285,21999300
2021-04-09,45.82009506225586,46.287563125646095,45.541254188610026,45.92671151854928,20020700
2021-04-12,45.51665115356445,46.57460649878674,45.36082951011276,46.550000776182536,20238800
2021-04-13,45.68887710571289,45.91030984554377,45.18040366342107,45.35262808489763,19370600
2021-04-14,47.00926971435547,47.57515128655,46.13174172210023,46.262960773413845,28051100
2021-04-15,46.73043441772461,47.0912860697867,46.56640980187481,47.0912860697867,23250300
2021-04-16,46.46799087524414,47.30451350305477,46.28756350595882,47.04207539964465,22752000
2021-04-19,46.32037353515625,46.86165256690293,45.89391079370291,46.54180629294025,21123300
2021-04-20,45.344417572021484,46.31215903859789,44.92615478589512,46.31215903859789,21782100
2021-04-21,45.92671585083008,46.033332317180665,44.532511351085176,44.696535961968564,16625600
2021-04-22,45.32802200317383,45.91850926396702,45.12299205189939,45.91850926396702,21600100
2021-04-23,45.57405090332031,45.87749431250682,45.2542047249199,45.32801562212833,15337900
2021-04-26,45.664276123046875,46.164549760863856,45.467445971189214,45.49205169548963,16083800
2021-04-27,46.26295471191406,46.443382057021054,45.77088411608769,45.93490556235745,19278600
2021-04-28,47.657169342041016,47.94421006438569,46.5746112913279,46.673024806344756,24729800
2021-04-29,48.337867736816406,48.78073325158912,47.68997536725181,48.321464962731206,27318400
2021-04-30,46.94365692138672,48.29685266218843,46.878045838228296,47.83758759411404,30518400
2021-05-03,48.23944091796875,48.37886289499038,47.353713261187046,47.55054023891258,20509600
2021-05-04,48.54290008544922,48.79713840339416,47.98521825341539,48.387078416811015,23522200
2021-05-05,50.00270462036133,50.06831257676689,48.71511679975135,49.01856024620811,31526200
2021-05-06,50.47837829589844,50.55218921068858,49.23179569528104,49.91249670151338,26836800
2021-05-07,51.2000846862793,51.232890232531375,49.90429376590396,50.08472114178131,33610600
2021-05-10,51.32310104370117,52.504069357489364,51.282092548930144,51.86438001248429,31956600
2021-05-11,49.69105911254883,51.1672741359201,49.52703452583896,50.54398446063313,34563800
2021-05-12,49.957313537597656,51.32190318551265,49.71601329705347,49.93234936417575,34426500
2021-05-13,49.34158706665039,50.2984656694493,48.88395071604056,49.09196752759818,24268200
2021-05-14,50.56473922729492,50.656267154485505,49.86580244357686,49.86580244357686,20735400
2021-05-17,51.74626541137695,51.79619059317348,50.28182832694644,50.37335623986427,25282500
2021-05-18,50.281837463378906,51.837802743453025,50.25687645498758,51.588183137283266,25170800
2021-05-19,49.07533264160156,49.807552809080434,48.609373776099545,49.17517983632161,28889800
2021-05-20,48.958839416503906,49.21678141878962,48.45960031268908,49.05036732615641,20692500
2021-05-21,49.02540969848633,49.78259407982511,48.967165234396454,49.441443398605536,20792700
2021-05-24,49.59953308105469,49.75762472799842,48.83402950187184,49.15853842046935,18400300
2021-05-25,48.47625732421875,49.54130601817303,48.35976836724391,49.508022552155644,25616100
2021-05-26,49.04204559326172,49.191817961414294,48.176698012261674,48.46792029806676,21698700
2021-05-27,48.725868225097656,49.6744245559388,48.27655106604072,49.283351861120515,33556000
2021-05-28,48.567771911621094,48.92556113769382,48.35143579017684,48.867316675224785,19246800
2021-06-01,50.306785583496094,50.50648312172198,49.46639905073958,49.46639905073958,28474200
2021-06-02,50.706180572509766,51.01404776160239,50.065488364893476,50.54808892676739,22978300
2021-06-03,50.905879974365234,51.09725508114586,50.215262560514084,50.38167666287093,20272800
2021-06-04,51.130531311035156,51.33854811606452,50.57304462303249,51.13885058663913,20427800
2021-06-07,50.79771423339844,51.36352032041922,50.77275322705745,51.03069526422686,15477900
2021-06-08,51.69634246826172,51.98756475492636,50.48152179254025,51.172139178180494,28953400
2021-06-09,52.1290168762207,52.769705894950604,51.74626351133796,52.14565542879035,29133000
2021-06-10,52.212223052978516,53.235665450656676,51.79618940315399,52.92780143853028,27488700
2021-06-11,51.72962951660156,52.57833865832444,51.70466850993142,52.42856627013304,17631700
2021-06-14,51.646419525146484,52.23718657459762,51.23038585526511,51.83779463240171,16997200
2021-06-15,53.526893615722656,53.58513807571551,51.87939748594335,51.98756712910937,30717100
2021-06-16,53.33551788330078,53.91796885923971,52.88620390960575,53.518573722933866,24803200
2021-06-17,51.579856872558594,53.63506108658959,50.98076735963098,53.13582194187329,28491800
2021-06-18,50.25687026977539,51.21374583800913,50.123739617930475,50.75610942067255,39590700
2021-06-21,52.0791015625,52.17062948939679,50.67290872169006,50.69786972935812,33145400
2021-06-22,53.07757568359375,53.26063151169785,51.77954950756325,52.29543036284712,25140400
2021-06-23,53.46865463256836,53.83475998366533,52.902848528323226,53.293921234691716,20701600
2021-06-24,53.68498611450195,53.71826957244342,53.09422219350987,53.3771252378418,19568400
2021-06-25,53.801475524902344,54.0261309062978,53.55185279164533,53.75986961996957,18438300
2021-06-28,52.428565979003906,53.718269826525884,52.21222984953165,53.718269826525884,20570000
2021-06-29,52.10405731201172,53.06093604780463,52.07909630686263,52.59497718248272,19579300
2021-06-30,52.4868049621582,52.611613148319115,51.9626016928451,52.170618510531355,17875500
2021-07-01,52.636573791503906,53.60177169201756,52.22886260910881,53.52688868528291,22530300
2021-07-02,52.56169128417969,52.686502652296504,51.93764079176548,52.42856063942805,14555300
2021-07-06,51.063968658447266,52.220541682785246,50.67289919083211,52.2122224064891,22110800
2021-07-07,50.26519012451172,51.43008572210581,49.60785613481098,50.905882385779954,21671400
2021-07-08,50.040531158447266,50.514809305747455,49.34991689139538,49.46640581542207,18935900
2021-07-09,50.947479248046875,51.130535065621814,50.12373441712919,50.50648460470882,20086000
2021-07-12,50.897560119628906,51.17214387863613,50.05717346228455,50.27350958452359,21809400
2021-07-13,50.6562614440918,51.18046159222409,50.34839423750419,50.756108637914366,17147300
2021-07-14,49.53296661376953,51.36351535516889,49.391516692730754,50.89755651264098,21573600
2021-07-15,49.05036544799805,49.674415890913835,48.90059308777148,49.233418086209085,15851100
2021-07-16,47.6941032409668,49.30831285859084,47.55265330615138,49.24174911693806,27049500
2021-07-19,46.054935455322266,46.76219474398709,45.43088482219277,46.29623579524623,37969100
2021-07-20,46.56248474121094,47.09500729843804,45.7886619083388,46.179734549964564,26756100
2021-07-21,48.06021499633789,48.50953218561468,47.28639518025292,47.31135618829536,20908700
2021-07-22,47.51936340332031,48.043566684362155,47.14493248829043,48.03524423398104,13493800
2021-07-23,47.46112060546875,47.669137435078184,46.98684248788604,47.669137435078184,14088200
2021-07-26,48.659305572509766,48.800758693829,47.427846090010284,47.560976759089,18387600
2021-07-27,48.11845397949219,48.26822317488082,47.602569962823424,48.26822317488082,16861400
2021-07-28,48.44295883178711,48.7841062950778,47.943716551354626,48.259903011553384,16855300
2021-07-29,49.03373336791992,49.366561605916466,48.72586931092857,49.09197783345652,18607800
2021-07-30,47.9021110534668,48.99212028737725,47.694094242161455,48.99212028737725,28652800
2021-08-02,47.910438537597656,49.141897809030745,47.7606661637937,47.88547435924035,20873800
2021-08-03,48.42632293701172,48.60105632786805,47.3695969663657,47.9021195903575,18208200
2021-08-04,47.294715881347656,48.160066825826284,47.26975487255413,47.58593823089068,20868300
2021-08-05,47.5942497253418,48.01028337123799,47.28638571612236,47.53600526884311,15180200
2021-08-06,48.143409729003906,48.31814308295886,47.86882602357365,47.97699565062962,14888500
2021-08-09,47.5942497253418,47.86051100478858,47.28638571612236,47.53600526884311,17828200
2021-08-10,48.4096794128418,48.55945179204541,47.677459244966904,47.777306439740954,16340200
2021-08-11,48.55113983154297,48.67595123254277,48.026939565149654,48.41800915171654,18278600
2021-08-12,48.441322326660156,48.812975345941325,48.03588530554826,48.48355796767085,19225500
2021-08-13,47.951419830322266,48.204817562382686,47.55442800941384,48.171030338874104,20063000
2021-08-16,47.2503547668457,47.37705525821759,46.684433208873266,47.317929221477996,16959500
2021-08-17,46.929378509521484,47.55442600748235,46.45636706669493,46.87869767639216,16243700
2021-08-18,45.941131591796875,47.1405524177429,45.87356035741921,46.8111317754717,21890500
2021-08-19,44.53900146484375,45.36676936596516,44.00686380621999,45.164052406003336,30923500
2021-08-20,44.54743576049805,44.88529832735659,44.01529827059032,44.15044394175913,16918300
2021-08-23,46.380348205566406,46.50704867945027,45.569474194665,45.569474194665,21632600
2021-08-24,46.76044845581055,47.17433067401212,46.46481507782525,46.701322424638896,17915600
2021-08-25,46.844913482666016,47.1067596375714,46.34656320212161,46.65909019343266,13270300
2021-08-26,46.21141815185547,46.91248856537261,46.1438469245282,46.625303599445736,11842600
2021-08-27,47.10676193237305,47.47841175107169,46.79423814796447,46.79423814796447,15822500
2021-08-30,46.59151077270508,47.58821122742729,46.557723552040365,47.5037463978922,14086100
2021-08-31,46.05093765258789,46.71822089912089,46.00025681111147,46.39724868069165,27104100
2021-09-01,45.41743850708008,46.253651390046514,45.273844410512545,46.02559567442087,21644100
2021-09-02,46.5239372253418,46.99694540247064,45.83976054068916,45.856654150176134,23293300
2021-09-03,46.34656524658203,46.72666348107399,46.118506305886854,46.557730574396764,13840000
2021-09-07,46.076271057128906,46.684428194994496,46.00869983188106,46.17762950606417,14354400
2021-09-08,45.65393829345703,46.608406374187375,45.6201510713489,46.27898901395017,18756700
2021-09-09,45.687721252441406,46.45636276198186,45.02043817764075,45.29072948503124,19110800
2021-09-10,45.59481430053711,46.65064087258213,45.56947549388866,46.61685364896621,15123700
2021-09-13,46.768890380859375,47.24190181928829,46.135394472203224,46.1607364995957,22052300
2021-09-14,46.10161590576172,47.106761705989726,45.95802180737075,47.039187254481696,19940300
2021-09-15,47.655784606933594,47.748697856910105,46.71821335693657,46.76889096810423,23240900
2021-09-16,47.14899444580078,47.68957717301007,46.87870308219613,47.68957717301007,17907200
2021-09-17,46.59151077270508,47.934522183923875,46.540829941708004,46.7435500435696,30000400
2021-09-20,45.34986114501953,45.75529815650907,44.73325882199625,45.42588078605675,27555100
2021-09-21,45.307640075683594,46.042494641690006,44.978222622719606,45.924242553151934,19696800
2021-09-22,46.633750915527344,47.22501448663612,45.92423527462226,45.974916114018065,25690600
2021-09-23,48.21326446533203,48.348410132995554,46.69287167645884,46.81112373289856,23069400
2021-09-24,48.6440544128418,48.83832616519167,47.87541260044542,47.89230621657948,22328600
2021-09-27,50.088409423828125,50.51074003148625,49.682972427131546,49.70831123251045,32972200
2021-09-28,50.61210250854492,51.08511398678325,50.26579151155187,50.59521211836417,37619300
2021-09-29,50.57831954956055,50.84016249041659,49.877249123892874,50.54453232424778,23422800
2021-09-30,49.6829719543457,50.823263295320835,49.67452676000871,50.78103087938227,31289600
2021-10-01,51.4652214050293,51.515902251009294,50.181335639351595,50.181335639351595,24407300
2021-10-04,52.132503509521484,52.42813371560652,51.48211383400682,51.79463765502923,33946700
2021-10-05,52.048038482666016,52.96027440993731,51.541242893378254,52.808235088725425,29641600
2021-10-06,51.09355926513672,51.62569352057092,50.46850853665404,51.07666565386671,25284900
2021-10-07,51.23714828491211,51.59190766456895,50.797924074070046,51.194915869319495,19513600
2021-10-08,52.52104187011719,52.72375878536186,51.735506573757704,51.735506573757704,22186900
2021-10-11,51.99735641479492,53.26434850190089,51.946675571344784,53.23900646911207,22121500
2021-10-12,51.727054595947266,52.352102095146634,51.39763401314415,52.005791123393784,20198600
2021-10-13,51.58345413208008,51.853745431617185,50.85704505627668,51.33850163496006,14991700
2021-10-14,52.36899948120117,52.554825994311905,51.66792907055764,52.12404693612376,18594500
2021-10-15,52.86735153198242,53.272788574205364,52.74065104660711,52.98560359986488,16092600
2021-10-18,52.84200668334961,53.33190851173693,52.59705415809254,53.28967609548184,18282800
2021-10-19,53.63599395751953,53.728907218498115,52.93492351350096,53.10385642235954,18933200
2021-10-20,53.931617736816406,53.94851134791193,52.97715287587062,53.12074373699231,14305200
2021-10-21,52.95181655883789,53.75424545071689,52.66463158349573,53.61065457410941,16564600
2021-10-22,53.31501388549805,53.39948193852646,52.664624376749614,53.019383755215465,14266800
2021-10-25,54.35395431518555,54.41308034944773,53.7035679383015,53.82182000682587,17939800
2021-10-26,55.61248016357422,55.696951423558154,54.36238542454135,54.47218904056715,25585100
2021-10-27,54.168128967285156,55.11415198021045,54.04143170060702,55.03813555347993,21764500
2021-10-28,54.32017135620117,54.455320270419094,53.74580458141232,53.90628908385491,16626400
2021-10-29,54.455318450927734,55.20706653944605,54.337066377065625,54.94522358221633,23966300
2021-11-01,55.435115814208984,55.81521724529531,54.919871933411535,54.962107573839106,19656400
2021-11-02,54.750946044921875,55.28308035212229,54.615803585868896,54.928324147322016,16300000
2021-11-03,53.99919891357422,54.438419968310555,53.77113996854155,54.092112175120185,17372800
2021-11-04,54.404632568359375,54.810066347375084,53.9147275114828,54.632688263523995,17720100
2021-11-05,54.91987228393555,55.181721656600644,54.53132887768701,54.94521753490623,18565100
2021-11-08,55.51114273071289,56.06861584838222,55.22395453219792,55.36755185358262,17696000
2021-11-09,56.05172348022461,56.06017189747966,55.1648265518159,55.553369970243715,18781300
2021-11-10,54.94746780395508,56.1972458010987,54.58794070322216,55.914759988706415,20177200
2021-11-11,55.0501823425293,55.4953126660344,54.80193784112444,54.947464983920064,13319300
2021-11-12,54.63074493408203,55.10155465794959,54.42530365951272,54.75058622181916,18158900
2021-11-15,55.10154724121094,55.4439471424522,54.11713119799357,54.579375636270925,18849200
2021-11-16,55.6579475402832,55.957557235054374,55.07585859431451,55.07585859431451,17028700
2021-11-17,55.0501823425293,55.84627452604849,54.93890302708279,55.11010297867119,15497000
2021-11-18,54.45098114013672,55.23851144143418,54.02297468975417,54.92179084790158,16948200
2021-11-19,51.934303283691406,53.098481399657736,51.71174135701794,52.97864011103124,32035500
2021-11-22,52.65335464477539,53.535050195848534,51.6347004189799,51.6347004189799,21994400
2021-11-23,54.040096282958984,54.254099511885954,53.00431817322555,53.23544205231829,21185900
2021-11-24,54.33970642089844,54.65643032574483,53.56929665785879,53.56929665785879,15869700
2021-11-26,52.430782318115234,52.576302922040945,50.96700126077381,51.8058933860121,24979600
2021-11-29,52.721832275390625,54.04865155775518,52.46502907000231,53.56072448788841,18946400
2021-11-30,51.223812103271484,52.37942821292638,51.06972951992682,51.754539187330835,34979800
2021-12-01,51.18101119995117,53.098478234538256,51.146769900833185,52.13118602518023,30630600
2021-12-02,52.45646667480469,52.713273143478936,50.62459968878378,51.138209360702376,29216000
2021-12-03,52.12261962890625,53.26967692823493,51.660371926468635,53.004311780814135,22014700
2021-12-06,52.7132682800293,53.20975399177079,52.576303101143814,52.8331095461245,19210500
2021-12-07,53.303932189941406,53.95450066107789,53.15840827567091,53.36385284127908,19800400
2021-12-08,53.45800018310547,54.09144782847948,53.363838252337246,53.59496210092388,18214400
2021-12-09,53.594970703125,53.73193264292634,52.91016100411833,53.11560228110522,16910300
2021-12-10,53.937374114990234,54.22841864629948,53.26968506422266,54.15993930886625,17942400
2021-12-13,52.756072998046875,53.68912713760877,52.51638717892656,53.47512392454806,17793700
2021-12-14,52.67902755737305,53.47511970842726,52.40510372748661,52.439341757150196,22551100
2021-12-15,52.44791793823242,52.644800540271206,51.36933970827846,52.37943532947258,19961900
2021-12-16,52.53350830078125,53.45800375693309,52.47358766181918,52.593428939743326,21187800
2021-12-17,51.38645553588867,52.45647170657055,51.09541100684599,52.17398913553424,44338100
2021-12-20,50.64171600341797,50.71875728434048,49.61450001292768,50.324992188705245,21819300
2021-12-21,51.78878402709961,51.942866620976645,51.121094963919326,51.1467743077554,19798900
2021-12-22,52.208221435546875,52.533503944242874,51.335087998954656,51.65181181655009,14058300
2021-12-23,52.23391342163086,52.93584381730267,52.21679276985466,52.36231341180667,13543300
2021-12-27,52.9786376953125,53.029999644709086,51.72029769125162,52.156866097547464,12593700
2021-12-28,52.80743408203125,53.33816442567943,52.55919282531262,52.995757963030925,12781000
2021-12-29,52.34519577026367,52.73039900434356,52.14830990851252,52.62767835961762,12733600
2021-12-30,52.037025451660156,52.73039381714013,52.01990480165163,52.40511126326833,11940300
2021-12-31,52.379432678222656,52.6191185313196,51.95998814980611,51.99422945245286,14072000
2022-01-03,54.39105987548828,54.44241855907084,52.39654827213822,52.42223087935953,24282400
2022-01-04,56.43693161010742,56.65949679610771,54.87042641205577,54.89610575450576,38584000
2022-01-05,57.13884735107422,57.875018790725285,56.9077267971645,56.92484417747469,34033300
2022-01-06,58.48280334472656,58.619768548874355,57.41278717804841,58.20887946729137,30668500
2022-01-07,58.96217346191406,59.21897997588311,58.19176698172881,58.65400825749558,23985400
2022-01-10,58.6112060546875,59.210412490201186,58.16607567613991,59.03921251744309,22760300
2022-01-11,61.0765266418457,61.119329904469,58.70537348997238,58.970735431826185,32936100
2022-01-12,60.896751403808594,61.4702784249686,60.468744994430764,60.896751403808594,23045100
2022-01-13,60.46018600463867,61.2734021408802,60.18626215042865,60.879637008632024,21043200
2022-01-14,61.521636962890625,61.76131948121047,60.434497143692866,60.477300392332324,23012900
2022-01-18,62.55739974975586,63.24220588249857,61.64146656743359,62.33483465445713,32841200
2022-01-19,62.58311080932617,63.22512055785774,62.103745620298085,63.13095860560424,26431600
2022-01-20,62.720062255859375,63.66168166974336,61.85549392981701,62.060935197000724,26774600
2022-01-21,61.778446197509766,62.64302100997433,60.81115402216294,62.64302100997433,35995200
2022-01-24,62.309173583984375,62.5574180840233,59.758252521852306,60.67418597261547,41507000
2022-01-25,64.14103698730469,64.4063988555918,61.11075100394473,62.13796371351866,39278400
2022-01-26,63.490474700927734,65.05697986238904,62.908385672503535,64.56905277465553,35252400
2022-01-27,64.3036880493164,65.06553896816024,63.33638934295573,64.59472928534223,29174700
2022-01-28,64.44062805175781,64.73167573437242,63.30212971630456,64.17526623329047,30595700
2022-01-31,65.0227279663086,65.41649304918009,63.57606432314883,64.17527716906034,36085500
2022-02-01,69.19151306152344,69.77360200042698,65.28809042911065,65.44217298737509,61033100
2022-02-02,69.01176452636719,69.17440254151337,67.7534244787301,68.53239284625856,30299300
2022-02-03,68.20710754394531,68.74639331517639,67.64213590001363,68.55806943386584,28529400
2022-02-04,69.68800354003906,70.64673367368866,69.22575585523262,69.22575585523262,32197500
2022-02-07,70.52689361572266,71.11754453379709,69.02887122536175,69.45687762260772,34949200
2022-02-08,68.7035903930664,70.62105727093352,68.41254263978168,70.42417144981214,34356300
2022-02-09,68.37470245361328,69.26616903667669,68.12370591803787,68.87669552476412,40106100
2022-02-10,67.71693420410156,68.96326029358127,67.32746060277017,68.13237843501547,28527700
2022-02-11,69.42196655273438,69.5171723722054,67.70827500877844,68.0458205129898,42002100
2022-02-14,68.3573989868164,69.10172515580207,66.68697868676465,68.87669923173563,34652800
2022-02-15,67.50053405761719,67.67363850913966,66.14169547864908,66.55713955904336,25075100
2022-02-16,67.81214141845703,69.00653947964337,67.54383766999328,68.19296475428597,21733800
2022-02-17,67.7082748413086,68.47857166729706,67.46592855390651,67.9246505026146,23738800
2022-02-18,66.95529174804688,67.65634684658566,66.54850440826104,66.78219384328183,23394800
2022-02-22,66.17632293701172,69.05844795913282,65.18099370256404,68.95458527791088,35947800
2022-02-23,66.44462585449219,67.05048158317945,65.89070476745597,66.17632218512595,25385000
2022-02-24,65.60509490966797,68.4006644048081,64.07315172219833,68.37470038523408,46199900
2022-02-25,67.37071228027344,67.50053897756312,66.00322333150108,66.37538967532612,28310300
2022-02-28,67.87271118164062,68.3141193492335,65.95129438498299,66.21960467675078,32204600
2022-03-01,68.52183532714844,69.8027820071145,67.79481635441178,68.17563298635271,40002300
2022-03-02,69.69892883300781,71.10104553305582,69.08442273080628,69.75951375566821,44321400
2022-03-03,70.14033508300781,70.77214831548945,68.91997318503958,69.11904169865367,30196600
2022-03-04,72.78011322021484,72.94456083348503,69.81144552893821,70.14899102745832,42802200
2022-03-07,75.40259552001953,75.49780134265272,72.61567584641826,73.4984856706171,55207900
2022-03-08,75.97380828857422,79.20213551455097,73.93987873703466,77.07300015988208,72082300
2022-03-09,71.65496063232422,74.92655938489716,70.62501043123245,72.72818200120946,65466700
2022-03-10,73.87930297851562,74.15626354831304,71.75016736008655,72.71087578103466,44644200
2022-03-11,73.49848175048828,74.632294685939,72.67625689334112,72.76280583568382,35303400
2022-03-14,70.86734771728516,72.22618648159026,69.6729565535411,71.88864100915693,37462600
2022-03-15,66.83411407470703,68.52184156012447,66.09843816063433,68.21891696059583,47957900
2022-03-16,66.58311462402344,68.04581611660956,65.99457259771015,67.3447545273215,37812300
2022-03-17,68.3573989868164,68.50453284561236,66.70428583351557,67.66499425808352,34041900
2022-03-18,68.08908081054688,68.71224367366106,67.59574464445816,68.42662626085703,41461500
2022-03-21,71.1443099975586,71.42127056121936,69.01517442630508,69.34406963539398,33089300
2022-03-22,70.83273315429688,71.144314634129,69.92395934083743,70.65097839160498,23132200
2022-03-23,71.94921875,72.93589104845613,71.8799835701114,72.13097347831982,27716300
2022-03-24,72.16560363769531,73.2647956257454,71.62033938271078,72.2348454297361,19871600
2022-03-25,73.7408218383789,73.99181839484427,71.65496392235592,71.76747688769788,22398300
2022-03-28,71.6722640991211,72.10501537440285,70.98851629178466,71.98384554558478,21552400
2022-03-29,71.29143524169922,71.39529130387044,69.03247344384502,69.94124700413968,27036300
2022-03-30,72.51181030273438,72.71087881586358,71.58572273976523,71.8886473438652,22079000
2022-03-31,71.48186492919922,73.04842930873498,71.44725063201818,71.7242112322975,27861500
2022-04-01,71.9405746459961,72.82338434540026,70.96255253415664,70.96255253415664,18671100
2022-04-04,71.9751968383789,72.40794812306393,71.0144884581173,72.32139258351847,20869400
2022-04-05,71.60302734375,73.62830009810212,71.45588689490214,72.26946138763861,21753100
2022-04-06,72.39928436279297,73.30805801224463,71.78477838937519,72.20021588533596,24768200
2022-04-07,73.61100006103516,73.9485455526884,71.58572050785483,72.55508581401287,26122000
2022-04-08,75.16024780273438,75.48048616401427,73.71485994574208,73.71485994574208,24866500
2022-04-11,72.57240295410156,74.37265022632016,72.26947831773349,74.24282349551618,21800100
2022-04-12,74.08702087402344,75.14293509733844,73.89660924644063,74.18222668781483,22444200
2022-04-13,75.13427734375,75.39393076073725,73.73216738114884,74.96117946793231,19306800
2022-04-14,76.01709747314453,76.56236175212072,74.63229458770111,75.01311125415991,24566400
2022-04-18,76.64025115966797,76.9345188483328,75.94784649899978,76.59697339215361,19032300
2022-04-19,75.95651245117188,76.73546613670594,75.53241140927715,76.1728881080835,20382600
2022-04-20,76.12962341308594,76.59699570469247,75.55839501440828,76.13828028976258,20689400
2022-04-21,75.3246841430664,77.72212984942782,75.11696538474153,76.98644741618591,29010900
2022-04-22,73.68022918701172,76.26808654768968,73.56771623347542,75.00445362595299,23591600
2022-04-25,71.19625091552734,71.54245330141964,68.62570694959824,71.29145673672926,37698300
2022-04-26,71.22221374511719,73.32538544532885,71.12700792551105,71.60303702354172,28941500
2022-04-27,73.25614166259766,73.98316730140114,71.21355493903401,72.17426338118729,32773000
2022-04-28,75.47181701660156,76.28539149751674,72.76279650926554,73.46385143662255,33683800
2022-04-29,73.78410339355469,76.28540560790226,73.30807427874332,76.28540560790226,34656500
2022-05-02,74.7880859375,75.33335022094167,73.24748569886249,73.57638092659077,36335200
2022-05-03,76.32868957519531,76.83933302772584,74.53709914824229,74.65826900488554,33908100
2022-05-04,79.36659240722656,79.5223831523683,76.9518457624215,77.46248916950418,46188400
2022-05-05,78.16353607177734,79.66951531888981,76.50177269902635,79.66085844415633,41013400
2022-05-06,79.35794830322266,79.47046128219108,77.33266845895807,78.74344215052709,29619300
2022-05-09,73.10035705566406,77.51441949330068,72.71953375563074,77.41056339566363,45851600
2022-05-10,73.58503723144531,75.20352967043985,72.28678317116162,74.12165128687009,34483200
2022-05-11,75.11697387695312,76.97780584781627,74.67556568775744,74.80539240261041,33020600
2022-05-12,75.4579849243164,75.52792931654643,72.92231558848772,75.15195069084528,29491500
2022-05-13,77.69636535644531,77.77505529906813,75.50169912099064,76.38481294552747,25798400
2022-05-16,79.5237808227539,80.4243856236251,77.79253561604531,77.80128116542453,26101200
2022-05-17,80.53804016113281,80.83532209071946,79.67241767515547,80.20578270967148,23120700
2022-05-18,79.26146697998047,81.24627956619659,78.54448542850913,80.88779212591041,25451200
2022-05-19,79.68992614746094,80.70419657519126,77.81877852337982,77.81877852337982,24387400
2022-05-20,80.3194808959961,81.83213447606335,79.04290384619952,80.38068641650341,28795000
2022-05-23,82.09442138671875,82.86386292267444,80.92277132031582,81.0189523461727,27239300
2022-05-24,82.54035186767578,82.88135490082654,80.72166457693884,81.15884863696795,24293300
2022-05-25,84.20166015625,84.40276110613496,82.60156475250464,82.69774578798004,29947800
2022-05-26,84.49893951416016,85.18969116977767,84.11421538422135,84.4639639868112,24314800
2022-05-27,85.32958984375,85.62687850203869,83.32729252657317,83.89562652256922,25588800
2022-05-31,83.9393539428711,87.24446493702757,83.68578634399395,86.17773457999283,44888100
2022-06-01,85.54816436767578,86.30886695098225,84.48144098068441,84.83118285398066,25815400
2022-06-02,85.39955139160156,85.77553003241962,84.63010967893005,85.06729383472312,19089100
2022-06-03,86.64114379882812,87.13954008875854,85.60065015226674,85.60065015226674,21038200
2022-06-06,86.42254638671875,87.24445459802973,86.27390539940923,86.7198350322375,20682100
2022-06-07,90.38346862792969,90.43592859997985,86.99091478944685,87.17453136252425,37810200
2022-06-08,91.45018005371094,92.30706394875656,90.04245318547324,90.48837622887672,31613200
2022-06-09,89.4740982055664,91.43268107722575,89.32545721474446,90.42715632767167,26607000
2022-06-10,87.83902740478516,90.36595093554973,87.25320231958227,89.1330952587929,30950500
2022-06-13,83.80818939208984,85.48697471016035,82.12065852429714,85.2683826634043,33421000
2022-06-14,84.02678680419922,86.27391292150092,83.30105956161339,85.17221373855165,31264000
2022-06-15,82.96879577636719,84.43773458046596,81.552316928197,83.93059943682357,29620800
2022-06-16,79.90850067138672,81.42989930793149,78.9379515400825,80.80035987518484,35696700
2022-06-17,75.30058288574219,79.87352429556191,74.89837436178723,79.53252127153708,64610200
2022-06-21,79.98721313476562,80.90529582559594,77.39907715734728,77.4515437903237,35951500
2022-06-22,76.82199096679688,78.48329188921882,76.53344785834938,76.54219340824476,29727200
2022-06-23,74.50491333007812,77.86249067832,73.02722894118652,77.5214876148681,35757200
2022-06-24,75.98259735107422,77.29414964135432,75.02953255126938,76.02631175821027,26639000
2022-06-27,77.84498596191406,78.72809955502183,76.65584488730326,76.77825587990448,25478700
2022-06-28,80.00469207763672,81.52609091158892,78.99916729111482,79.67243455577822,33096900
2022-06-29,77.04932403564453,81.49110918252585,76.73455096692622,81.29875379244208,25400900
2022-06-30,74.88089752197266,76.59465851722668,74.03275923937899,75.31808165354461,39948100
2022-07-01,76.55093383789062,76.83947025613884,74.06772483479708,75.84269110353706,26327900
2022-07-05,74.15516662597656,75.80772202860518,72.58130783203984,75.49294893563781,34591100
2022-07-06,72.8173828125,74.52240480934469,70.83256992868488,73.2370824847556,33375700
2022-07-07,75.14320373535156,75.86018537813327,74.58360863224877,74.65355301696175,23817400
2022-07-08,75.26561737060547,76.33234765773223,74.26009259154827,76.02631344648434,17673800
2022-07-11,74.88089752197266,75.30059722347794,73.76170721249252,74.46994337095094,15603800
2022-07-12,73.88410949707031,74.36501465328094,72.45014624878732,73.25456335472175,21013000
2022-07-13,74.181396484375,75.46671883341419,72.8348752977531,72.90481968537624,19928600
2022-07-14,72.69498443603516,72.843625455236,70.55278463656084,71.56704845858545,26343000
2022-07-15,73.91908264160156,74.21636460429625,72.4851194395343,74.14642022365597,17243700
2022-07-18,75.28309631347656,76.89193717690517,74.97706879543023,75.70279596029694,19395800
2022-07-19,77.18048095703125,77.39907301518302,75.41426006236102,75.56290106088818,18248900
2022-07-20,78.02861785888672,78.38711203008016,76.28862697397977,76.57717008675985,16584400
2022-07-21,76.7258071899414,76.76952826695654,74.50491122974738,76.0088255548315,21375700
2022-07-22,76.13998413085938,77.35535538998116,75.74651444000487,76.55093825044298,15479500
2022-07-25,78.67565155029297,78.80680144020421,76.43726447957735,77.0843017340052,17536400
2022-07-26,78.36962127685547,79.81233017624052,77.8187716989376,79.68117360886004,15141200
2022-07-27,80.06588745117188,80.44186600476927,78.16851025620564,78.9379517903797,18047000
2022-07-28,81.00148010253906,81.53484530793057,79.57626215176388,80.59927147847185,20353100
2022-07-29,84.75250244140625,85.26837643201868,82.27803905194477,82.58406656085889,29825800
2022-08-01,82.61031341552734,83.3710095072635,81.51735312657293,82.88136543249998,20793200
2022-08-02,82.25181579589844,83.23984945423297,82.03322374725717,82.79392647805274,16722500
2022-08-03,79.5849838256836,82.5578367857368,79.38388289257819,82.5578367857368,23580800
2022-08-04,76.23617553710938,78.99043039327351,75.57165374970397,78.9642004111616,31821500
2022-08-05,77.33786010742188,78.42208141518375,75.44048282518796,75.5104338781209,17408000
2022-08-08,77.77503967285156,78.3433802709076,77.13675469681723,77.47775772147101,14458500
2022-08-09,79.20901489257812,80.1008742244463,78.64941975806877,78.73686191794228,19083400
2022-08-10,79.96096801757812,80.2582566699695,77.98490071838195,79.28770744891214,18302000
2022-08-11,82.27408599853516,83.25406543068414,80.72907422983214,81.08221438839084,18797900
2022-08-12,82.98920440673828,83.00685872055622,81.32059221869419,81.64725427791919,15058200
2022-08-15,81.5059814453125,81.86795881735392,79.15756736381618,79.92565451842405,20755200
2022-08-16,80.74671173095703,82.00920706851507,80.5966265212476,81.24994376141217,14038200
2022-08-17,81.4000244140625,82.29171857098929,80.26996003951349,80.57896096447378,13678000
2022-08-18,83.32467651367188,84.14574005299701,82.18578149230373,82.23875789645471,17770400
2022-08-19,83.05982208251953,84.04862515816082,82.81262131360921,83.13045279812698,16128600
2022-08-22,82.99801635742188,83.42178715138537,81.09985810023142,82.47712328418574,16019900
2022-08-23,86.5206527709961,86.88263016369203,84.2693473770561,84.3576391460077,23764700
2022-08-24,87.03269958496094,87.37701586703771,85.95560486227356,86.52946757763988,17050300
2022-08-25,87.48297119140625,88.16278009315712,86.6089379105857,87.33288596115028,15305700
2022-08-26,86.40587615966797,88.20691898715293,86.00858343753283,87.20044813250672,15531400
2022-08-29,88.39231872558594,89.66363791151029,86.64424558333086,86.67956094067816,23059200
2022-08-30,85.02860260009766,87.06802237076188,84.59600126389672,86.83847591787918,17086800
2022-08-31,84.3929443359375,85.49652404575392,82.62721680023122,83.01567901351572,18340900
2022-09-01,82.8744125366211,83.93384621321093,81.47948636506294,83.35998349851018,16423000
2022-09-02,84.3929443359375,85.45238489879085,83.96917349936895,85.06392268550636,18206800
2022-09-06,83.8279037475586,85.27579964434776,83.43944830852526,84.89617472811743,19201500
2022-09-07,83.11280059814453,83.51008662822218,81.4883343805546,82.27408265210659,16274700
2022-09-08,83.7926025390625,84.24285820611047,82.74199251118536,83.57188659947258,18759200
2022-09-09,85.19636535644531,85.63779730129735,84.1545856971658,85.21401967052394,17158000
2022-09-12,86.17633056640625,87.57125689810485,85.53183706975295,86.2116459244422,16118900
2022-09-13,84.16341400146484,86.32642777988335,83.79261279414455,85.29347867275533,18229100
2022-09-14,86.22930908203125,87.01505735572391,84.88735901757126,84.92267437923027,22655700
2022-09-15,83.72198486328125,85.23168131695738,83.03335210220621,84.94916513970308,21092300
2022-09-16,82.29173278808594,84.17223022976896,81.22346841397074,83.9338599709648,37874700
2022-09-19,82.28290557861328,82.53893689547373,80.34060786302453,80.34943838725184,15342100
2022-09-20,81.61193084716797,82.04453221797134,80.90563712136493,81.86796215437866,14712500
2022-09-21,80.29645538330078,82.88324644071545,80.22583140243158,82.60956083359311,17332400
2022-09-22,79.96098327636719,81.80617233277368,79.91683738701259,81.40004901071903,16139400
2022-09-23,75.70556640625,77.25057796556122,74.91098768574676,77.25057796556122,27738800
2022-09-26,74.14289855957031,76.12051141677921,74.06343732177993,74.9551315696738,22043400
2022-09-27,75.69673919677734,76.77383409442415,74.87567560559708,75.58196932934729,17307300
2022-09-28,78.45128631591797,78.83974858548095,75.85566430695987,76.03224112754165,19543300
2022-09-29,78.29236602783203,78.8927137117365,76.9239243740785,77.85093410542335,17896000
2022-09-30,77.08283996582031,78.61019737770606,77.08283996582031,77.8421034095485,21357600
2022-10-03,81.15283203125,81.54129422589835,79.21053452943958,79.49305065217047,23881300
2022-10-04,84.11044311523438,84.1899043710046,81.85031362416328,82.31823042638811,22133700
2022-10-05,87.50945281982422,88.27753993192454,84.45474521036812,84.53419971063414,34857700
2022-10-06,90.10507202148438,90.21101809616796,86.81199401139739,86.93559439733698,29124700
2022-10-07,89.19573974609375,91.21749890820067,88.44530676976655,90.21986511479787,24507600
2022-10-10,87.26224517822266,90.07858254644256,87.15630584471226,89.6018353384993,16786100
2022-10-11,86.5206527709961,88.07449495165943,85.417073016264,85.83202008175788,17804100
2022-10-12,86.90028381347656,87.32406139977773,85.84084995129798,86.07922021278748,12635800
2022-10-13,89.93732452392578,90.44938033358811,85.99092283972429,86.1233537374206,22019100
2022-10-14,87.57125854492188,90.26398897257138,87.43882763372561,89.27518587183333,15222000
2022-10-17,88.83374786376953,90.02561251088733,88.72780179497765,89.23103383423697,14283200
2022-10-18,88.99266815185547,90.36110291458503,87.60657234223268,89.6459854368729,14065400
2022-10-19,91.6324234008789,91.80899344499257,89.37229450478998,89.38994881491517,20921700
2022-10-20,91.75602722167969,92.70069113813491,91.29694104832953,92.10034353562122,17649000
2022-10-21,93.45994567871094,93.93669285366519,91.7383642711387,92.21510471037791,22814100
2022-10-24,94.11327362060547,95.06676807925201,92.80663905346684,93.28338628279012,17024200
2022-10-25,93.47762298583984,94.75777962309071,92.76250541532788,93.94554648921087,15719800
2022-10-26,94.59001922607422,95.19919735348198,93.58355511557528,93.81310157072708,17383800
2022-10-27,94.9520034790039,96.74421589820216,94.83722687523979,95.7112668786223,18214000
2022-10-28,97.73301696777344,98.18327937796228,95.45523355278831,96.63826777535519,28169400
2022-10-31,97.83013153076172,99.68415082368429,96.6206124849727,96.67358215538215,26401800
2022-11-01,98.80130004882812,99.38398670708416,97.68888967397241,99.20741662536217,22213100
2022-11-02,96.77069854736328,98.9690274527247,96.50583672158747,98.50994125519149,20654200
2022-11-03,98.0861587524414,98.72182171378958,95.62296814507505,95.86134512343845,17103700
2022-11-04,99.15442657470703,100.20503660288888,97.8213071489127,99.763604723581,17541500
2022-11-07,100.3286361694336,100.63763713527794,98.99551001882985,99.2427175272212,16008000
2022-11-08,100.64646911621094,101.22916243371162,99.41045849921954,100.18738292255378,14661000
2022-11-09,96.14385986328125,100.01080050821872,95.85251322090302,99.85188477016838,19522800
2022-11-10,97.55644226074219,97.73301231262919,94.96965125987487,97.28275665960261,20146700
2022-11-11,100.60231018066406,101.08788788224473,99.31333006049505,99.39279129153329,20518900
2022-11-14,100.89602661132812,102.02628692702693,100.11284769341965,100.23744310491588,20858300
2022-11-15,101.57239532470703,101.92838510911791,100.45103667023228,101.27871003326291,19373800
2022-11-16,100.48663330078125,101.68809284577944,99.55216099359369,100.95831686519283,13591000
2022-11-17,100.62012481689453,100.74472022079425,98.5642938626088,99.04487904476787,12425900
2022-11-18,99.74795532226562,100.10394509457443,97.54972577744444,98.69778922842174,15415000
2022-11-21,98.76008605957031,98.96477559363561,95.65408907315872,97.88791146459182,20973000
2022-11-22,101.61689758300781,101.87499000946916,99.16947712753068,99.863653479421,17719100
2022-11-23,101.10960388183594,101.41219075676518,99.7657457968543,99.96154049942723,11546700
2022-11-25,100.75362396240234,101.99958481767929,100.62012694399046,101.34990294937631,7136000
2022-11-28,97.72772979736328,99.19618355268086,97.55863989604283,98.4842107067282,23015500
2022-11-29,98.37738800048828,99.49875328012233,97.70990979902933,98.43968569436021,14453200
2022-11-30,99.0893783569336,99.58776678678423,97.70102562293245,99.26737664971618,23158100
2022-12-01,98.60880279541016,99.73906313004633,98.05701825672418,99.35637527691298,14398300
2022-12-02,97.772216796875,99.41866182582771,97.18483266452493,97.46072829787423,15248400
2022-12-05,95.09339141845703,99.10716216776137,94.28352141224309,98.51977810154838,19287700
2022-12-06,92.4501724243164,95.26248365985478,91.80049748530614,94.2479174014489,21197000
2022-12-07,92.24549102783203,93.31345345998754,91.10632928954892,92.36118480783469,20061700
2022-12-08,92.9307632446289,95.0488984118778,92.29888469664924,94.586109724101,21128800
2022-12-09,92.14759063720703,94.29241704145905,91.93399951581539,93.08205603700753,21298200
2022-12-12,94.41702270507812,94.55051971670585,92.1920951444162,92.40569307899659,20413200
2022-12-13,95.44939422607422,96.59745768470515,95.24469789890149,95.93888101500453,24305300
2022-12-14,94.74629974365234,96.38384970526356,94.11442122915237,96.10795411334345,17597300
2022-12-15,93.83855438232422,94.4882294789803,92.28999978904683,93.74065701872827,15365100
2022-12-16,93.17996978759766,93.96314868715334,91.78271545718371,92.2811038814302,54596600
2022-12-19,93.5982437133789,94.51491271069357,92.89516584409398,93.67834463010227,13611100
2022-12-20,94.95101165771484,95.68078763297866,93.5092561402687,93.59825188555645,14680000
2022-12-21,96.17025756835938,96.64194107999613,95.36928915460457,96.37495387205767,13565400
2022-12-22,94.23014068603516,96.28597861100809,92.64599316294196,96.01898455635471,13213000
2022-12-23,96.7220458984375,96.77544198419204,95.13789864828226,95.18239312309781,11539400
2022-12-27,98.06591796875,98.3151087910887,96.85555672601289,97.24713939399913,11962100
2022-12-28,96.45507049560547,97.8968261985446,96.02788814728787,97.81673205446293,10702100
2022-12-29,97.18482971191406,97.64761843060364,96.10796562526227,96.10796562526227,10534000
2022-12-30,98.16380310058594,98.3417945829502,96.65974995183068,96.65974995183068,11799600
