Date,AAPL,AMZN,GOOGL,JNJ,JPM,MSFT,NVDA,PG,V,XOM
2013-01-03,-0.012622292078304231,0.004546992670002581,0.0005808077022564362,-0.0014114977592619704,-0.0020153170179174618,-0.01339572452063409,0.0007855374072405219,-0.006341093266015951,0.000771889090666722,-0.001803499108544937
2013-01-04,-0.02785466124274172,0.002592128748100997,0.019760543940123165,0.011450586405468366,0.01772511131019394,-0.018716046489883564,0.032992990987279924,0.002030817208671154,0.008167478702696185,0.004630116672966755
2013-01-07,-0.0058820660350248355,0.03592512919038926,-0.004363517542376183,-0.0020964300447886552,0.0011020893800299802,-0.001870006646757516,-0.02889716052756186,-0.006803069430847297,0.007144388489054299,-0.011578349364599672
2013-01-08,0.002691573769620259,-0.0077479020302327894,-0.00197322463417382,0.00014015921123000652,0.0019817326268605218,-0.005245453981478687,-0.02192635761460615,-0.0016029194360243082,0.009310086340186485,0.006255336709765746
2013-01-09,-0.015629766670976708,-0.00011263080352952315,0.006572698569821123,0.004481125864520985,-0.0006591117510413858,0.005649988857725496,-0.022418107638896068,0.0054006137462190296,0.015248368076623997,-0.003842997699498918
2013-01-10,0.012396858487900397,-0.003791996669247233,0.004552230168791249,0.006412634992157384,0.014955338650271655,-0.00898865872589183,0.0016379691893990689,0.005662061788559658,-0.007911332253519143,0.010891716386371986
2013-01-11,-0.006131727673504672,0.009798757254631418,-0.002009447524818353,0.002216162695849677,-0.00021731607462860403,0.013983348156310527,-0.0016352906337253614,-0.0007216526087175934,0.004049766448217307,0.0057240559352391696
2013-01-14,-0.03565235535137634,0.01787713967188953,-0.022622057589427258,0.0029027033140180958,-0.005634598961156478,0.002236497929579029,-0.0008187727244124421,0.0059226335970925525,-0.0031646189986002105,-0.00033495609883460453
2013-01-15,-0.03154978162742683,-0.0030433095340783867,0.002322805542540607,-0.0026180826369172072,0.010243871460923204,0.011899985517277,-0.01803284962938434,0.003590814813885901,-0.0012453258438742676,-0.0005580331043126829
2013-01-16,0.04150874880444677,-0.010923165839505922,-0.013435599188138414,0.002901516165414897,0.010140585009934089,-0.0062477104085374435,0.009181678577979913,0.00031722264207045825,-0.00155773419794758,-0.0006700721109903496
2013-01-17,-0.0067375586057097925,0.005763607208874255,-0.005411325691470514,0.004408890359071105,-0.008116037803866716,0.007766731646039915,0.013234459149993327,0.004759153015069906,-0.0019972791267861556,0.008159229956941516
2013-01-18,-0.005331666063510543,0.006063278447933751,-0.009573636292192322,0.004526888760440606,0.0004302793023014395,0.0,-0.006530692406499394,0.0038757493483363437,-0.010070392579133225,0.006651600669101088
2013-01-22,0.009539562682311598,-0.007092488395362029,-0.0023278368820257578,-0.007374081563425006,0.0017218979745321494,-0.0036702769378081923,-0.004930163894177997,0.00014259215871748054,0.0049286906516374795,0.001321760556510787
2013-01-23,0.018305728136906563,-0.007698222831611257,0.05496024101104213,0.0022010709864090927,-0.00666095828611224,0.01694322530354686,0.0016514946763810379,0.010579448905900124,0.0,-0.002419992986988473
2013-01-24,-0.12355782427099027,0.01995448998433913,0.017141080022332833,0.0034313441431359504,0.0030281074404925334,0.000724036343643153,0.004946635117281106,-0.0038198238394147044,0.003206178346351507,0.0071667270546220685
2013-01-25,-0.023573831489560715,0.03850652638803442,-0.000715909451218022,0.011217584485705867,0.017037174671073574,0.009048598720838852,0.01804721613186544,0.04018758532896194,0.0017546291244843193,0.00415997988842598
2013-01-28,0.0226198153889976,-0.027993945969761458,-0.00390104311787165,-0.004058206372893114,-0.011026034785048267,0.0010759206250630093,0.016116133216167228,0.007099217955747639,-0.021833784294116754,-0.006758965738649425
2013-01-29,0.018762665524025834,-0.05683959712131592,0.003929636099473166,0.010731001739999524,0.010291279335390868,0.003582632784614459,-0.021412280355339597,0.016672811394297105,0.0019825081409663436,0.007133898736805699
2013-01-30,-0.003142087469238053,0.04766657303918187,0.00019874283931486936,-0.004301056190239239,0.0002127271762428773,-0.005711783328319453,-0.0016198759003576146,0.001067033736538603,-0.010532468541079254,-0.011878547578078047
2013-01-31,-0.0029336329568339092,-0.026616800737933377,0.002467369248249529,-0.0022944014104833155,-0.001697995345910308,-0.014362940194022955,-0.004870452166731765,0.0010653047175308572,0.01870864988987031,-0.007720348221068707
2013-02-01,-0.004105208018188922,-0.0018832104895413204,0.026347032911303803,0.0035176575165596358,0.017003173241713743,0.017486393828529456,0.008972618037677904,0.010111767512462455,0.004115913033298835,0.0007776850379961342
2013-02-04,-0.024911265884360434,-0.018943426743993186,-0.021377004128216637,-0.0009438224127199524,-0.0035524436725071773,-0.017543958274933935,-0.01697631992006221,-0.008825152489141397,-0.012045836859071679,-0.009884149683718424
2013-02-05,0.035087989829468924,0.026578967852759483,0.008853459158426391,0.007421555648605693,0.023280314823103554,0.0021865200432449328,0.023025528856397193,0.0059801684299853886,0.018384699216957623,0.006617813036097431
2013-02-06,-0.00106986511643814,-0.01749781064756384,0.005785237662487619,0.009777953326561617,-0.0036896685381472283,-0.005818056616488709,-0.00803894795681892,0.005944325196553635,0.008086613682195987,0.0005576947430649959
2013-02-07,0.02973353424224734,-0.007589024635071051,0.004908016743506494,-0.004377739904488087,-0.00781728928622305,-0.0021947784755604882,-0.004050947581281217,0.0,-0.023380063016576136,-0.010872449057335865
2013-02-08,0.014437958884437219,0.006609498248512757,0.014755562744225958,0.0055958047280249,0.008293641759217651,0.009897486302714364,0.006509331596080248,-0.005252191913445947,0.004711474356361212,0.004079536890818858
2013-02-11,0.01042130440897937,-0.018095019238773102,-0.0037562150354537582,-0.0009274198260296185,0.0006172476567056773,0.011252403599553373,0.011317476903444534,0.0007918381876244052,-0.009315822649535122,-0.0037243939656214087
2013-02-12,-0.02506633509422318,0.005792938220029464,-0.0021982484378461065,0.005171345366335123,0.009864173103441454,0.0007180516336251497,-0.006394860537571989,0.0022425965454768715,0.0030069842269042635,0.00203892789426674
2013-02-13,-0.0019023797964085043,0.041631218761821964,0.002766668314782894,-0.001846570835553507,-0.009361183957192876,0.005379944443619555,-0.004826831375892016,0.0076330683957102075,-0.010864731917361814,0.0023739212365245788
2013-02-14,-0.0008987193870557686,-0.0008535538922064267,0.006335761886539615,0.001982181264556182,0.011092904766350165,0.0003569756877150887,0.029102292595791113,0.002873826866419016,0.00781719125469671,-0.001691254437763856
2013-02-15,-0.013781164376141852,-0.015413720527092445,0.006435347228532562,0.004617061989382387,-0.006907569048356654,-0.0010702903766089955,0.0,-0.003125804123796372,0.012887170680695004,-0.0018078741657265862
2013-02-19,-0.00036936915854857144,0.017578919974031493,0.017606496026052465,0.010504367095785394,0.01166104825326153,0.00971928941848188,-0.0133542212025759,0.010974727764722747,-0.002405509224320701,0.010864608809740828
2013-02-20,-0.024217907592057886,-0.012381821281400307,-0.017834697803362887,-0.004028223005481779,-0.016986996946361632,-0.006416875695008706,-0.014330926823481138,-0.0038770120247867412,-0.013895327477087882,-0.003918295138518935
2013-02-21,-0.006215776439082221,-0.0017642312109411584,0.0038739779684422437,0.002870494890601538,-0.007405546958642151,-0.013634800518182555,-0.007269748630522654,-0.0005188316361084411,0.012997044679397884,-0.004271052794736829
2013-02-22,0.010648846096999565,-0.001955330000935951,0.00525436770946941,-0.00013155671866227348,0.013678618319288072,0.009821732883163126,0.018714446739966695,-0.0006491284733076697,0.012639736306819138,0.006885524032699264
2013-02-25,-0.01776804120337039,-0.020910267086299617,-0.011178983541710097,-0.008918236304644944,-0.024739274370484732,-0.014048952898627065,-0.017572150855935664,-0.013898035633802874,-0.022203698162068464,-0.01681613671216653
2013-02-26,0.013933961314364307,-0.0019624692616453387,-0.0008095125946546711,0.0023823615236888696,-0.0020967327822957182,0.0,0.011860891405578,0.0021078407888659445,0.012444410594982136,0.009236114175855015
2013-02-27,-0.009800229928121795,0.014998454912341863,0.012213349999284695,0.007524592125506935,0.035294304395203646,0.01607575425813823,0.01859363873280162,0.00880607869263672,0.012925870813542018,0.011524095321219452
2013-02-28,-0.0071305808314451324,0.0038746165196892335,0.0017755744297669462,-0.0027515065396052085,-0.007305303051277745,-0.0003595602166218681,0.0047618522892214354,-0.007426696909806796,-0.00769421192858788,0.00022334414186264695
2013-03-01,-0.024761692201410446,0.0055624686448036975,0.00622806479590543,0.00775191051896984,-0.00020423322812390676,0.00539585243494467,0.003949454536998465,0.004069871311594753,-0.0035298975227187057,-0.0013396929827269588
2013-03-04,-0.024206304724638028,0.027733929238038746,0.018990599745166703,0.006518721377182901,0.0038845582031894477,0.007155857959663781,-0.003933917707859003,0.0024834224347369815,0.008982931909569114,-0.005367706360945856
2013-03-05,0.02640150190507229,0.009080560353045497,0.02081552958222921,0.005958607895485191,0.007942870231911536,0.007104596392156104,0.011058330538261218,0.004825350957491814,0.00495261758234955,0.0074199515764845625
2013-03-06,-0.012710282796528749,-0.006531452704238827,-0.008609668352131061,-0.003476802795558398,0.010911568439521568,-0.009171078333051752,-0.0007811913077050425,0.0019468448091404245,0.004803921978900227,-0.0005580796658722909
2013-03-07,0.011558208159116123,0.0003287475179354349,0.0014676152583892321,0.004651887133585664,0.011992763358543046,0.0017799642931990434,-0.0023457076776016716,-0.00388598008214025,-0.0034154287043444143,-0.009490763555787485
2013-03-08,0.0026476435112392505,0.0011318875703381082,-0.0012972888906374047,0.005658810004217196,-0.008492934632940763,-0.004975061388576618,0.004701942164368367,0.003641044589293152,0.0009972256336614471,0.002930972521041797
2013-03-11,0.01424561692344306,-0.0107589653000848,0.003968681474310953,0.00319781438810951,0.005577482425267011,-0.004642816123263338,-0.009360075297764503,0.002202645231951239,0.003174687666343212,0.00213563606714251
2013-03-12,-0.021559173602414217,0.010654754152864099,-0.00863658620246266,0.0015297549761061902,-0.003961880575230725,0.0014350594739915845,0.003149572184967475,-0.0023273824513927455,-0.008562332043942744,0.0
2013-03-13,-0.00018641825749932117,0.003538471589842773,-0.002779225629862103,-0.00012742497110518336,-0.0023866701939856405,0.00035844096777370993,0.0,-0.004794136914321734,-0.0026907763699441922,0.001121281855195111
2013-03-14,0.009688227690794138,-0.03402402094464296,-0.004567901131046548,0.007002190391423246,0.016746443372085418,0.007879579946160176,0.0007847695177234382,0.007682148624306162,0.008094213769360037,0.006386239676525296
2013-03-15,0.025803302697313235,-0.014751268425627684,-0.008812697787531354,0.0011376735244335023,-0.019215722262706847,-0.0035536032994127886,-0.008627006300759632,-0.013567538417118885,-0.013133339658679688,-0.005120917388475532
2013-03-18,0.027183132118847597,-0.015010299478950384,-0.007994543517721886,-0.004798553727623389,-0.010195855714639102,0.0021395807374287035,-0.007120021667729626,-0.0023575921457238413,-0.0030273899304249507,-0.006713484039535311
2013-03-19,-0.002698952879581107,-0.005738834865792186,0.004369980098637649,0.0006345451047606865,-0.006261380722887622,0.0028467115959478484,-0.0063752493308836256,0.012473248357534938,-0.013095402785640142,-0.002140740301616151
2013-03-20,-0.005302959447867739,0.0033929991284114003,0.004178190216694411,0.007481446423210469,-0.0016263349591526532,0.0049685040332621,0.012028999910514537,0.006095376906785521,0.02134603398742163,0.0005642752796830575
2013-03-21,0.0014379114742084642,-0.015119711181401096,-0.0042344230991390175,-0.005538004714067957,-0.01567554263877302,-0.007415368529360866,-0.015847589158415,-0.004769227972275081,-0.009602689851967994,-0.0051898874368437875
2013-03-22,0.02027750552363483,0.017206634221893724,-0.0011711361015404043,0.009239082396770293,0.008893316515746541,0.004980707198477097,0.004830968378749079,0.0007767931796969219,0.014511759089177456,0.012702998088153894
2013-03-25,0.003614991325801453,-0.0067119432882157826,-0.0008269056146169573,-0.0007521318396428445,-0.005330095745818886,-0.003185972832954298,-0.005609376086447071,-0.0076355675793220446,0.02442431841583992,-0.0030241967796879043
2013-03-26,-0.005263516818596381,0.01675653724354964,0.0034337290297263845,0.01468341204384438,0.002473355994653259,0.0,0.00725250152254886,0.00938986039040346,0.021097220286518725,0.012469320665938532
2013-03-27,-0.01964701973770211,0.019169472808723498,-0.012013412680715096,0.005194750209955856,-0.01788633132342554,0.007457249762734985,0.011999920602524083,-0.004392697027301495,0.007166031727815714,0.004992872274272697
2013-03-28,-0.020836799756000834,0.004485468455380559,-0.010552568563818365,0.003199323920543007,-0.006489675247688398,0.00845985496464774,0.014229603139622515,0.0,0.006996229006217325,-0.00518903790697145
2013-04-01,-0.031062267300548396,-0.018312164309255197,0.008814107684392392,0.004906666947467997,0.007795620351009669,0.0,-0.03273631159827117,0.008304613164766161,-0.014660849615212412,0.0073242893520566454
2013-04-02,0.0020515263369120795,0.006536502385771525,0.01479047222903107,0.009275810630066994,0.009408465129695065,0.006640943860825699,-0.010475052834696297,0.01621694129767537,0.0035854710113050192,-0.0020928561969010273
2013-04-03,0.00511882680349407,-0.016291996147636878,-0.008412849868261407,-0.007497708066773079,-0.023551258216825133,-0.00833346168328064,-0.012215529920479251,-0.01063871907234415,-0.019053195320763217,-0.007176121219119813
2013-04-04,-0.009884283053180898,0.00019306907071769963,-0.013805538066997691,0.0041427980184629565,0.013660956767400423,0.0014008848946325259,0.00989336032665844,0.005376772482195369,0.010500385723261951,-0.001779529193660312
2013-04-05,-0.010567875985228792,-0.013895344959315326,-0.015118153612317053,-0.00448965448205163,0.00884362833896879,0.003496281673915469,0.017143141394893924,-0.003947011196172023,-0.00792923861157846,-0.008465694806158885
2013-04-08,0.00711246269605037,0.013582281098748705,-0.010471871005513056,-0.011336034181103627,0.013984611256063317,-0.0038329213605353685,-0.0024080386953525545,0.007158283831831147,0.006842225020746051,-0.004606253059782017
2013-04-09,0.0018069363196189236,0.00845722567289009,0.0036136020052146556,0.005054609966178791,0.002057968961331147,0.0356769539116526,0.01608992902000783,-0.00672683427418197,-0.009260574909963237,0.0019190130672470662
2013-04-10,0.02039880890102297,0.01390054981803357,0.016112777776679188,0.0061334953180074425,0.01170978301374026,0.02262757489116507,0.015835753425340826,0.012522338893006912,0.013596248768754426,-0.0010139461748978063
2013-04-11,-0.0031212746750536313,0.019186514381331232,0.00026556266295996167,0.0036579984177167457,0.0012182902584492172,-0.04425379375003313,-0.004676887917116068,0.005426631298738549,0.0037727546240320375,0.006089191660962223
2013-04-12,-0.010429886024723278,0.011191404074325506,-0.00043000195641162975,0.00510178397982064,-0.0060842582730772365,-0.005182891980511917,0.025058460210211075,0.005146289788311886,-0.011156470207477454,-0.002577965051691611
2013-04-15,-0.023150136230766005,-0.01887350330243842,-0.010277964024498099,-0.012448409872393817,-0.02203584590482499,-0.00347361800036472,-0.020626460151299875,-0.005369291794759978,-0.026907951513704398,-0.028092617681023002
2013-04-16,0.015219570672883709,0.017256831923197602,0.014630345694724545,0.021172316816068237,0.011683482246205967,0.009759539589739408,0.010920823229352283,0.0056490432042002325,0.021204355842247447,0.0013868648108399384
2013-04-17,-0.05499265410849563,-0.018139072290644265,-0.013625318709640677,0.005512534816920489,-0.03505909189959033,-0.004832605787366329,-0.013117289614589578,-0.012983454063111854,-0.015056888524718315,-0.006119364905502023
2013-04-18,-0.026687984880840676,-0.029842944746591882,-0.021276296786717386,-0.008581479947805892,-0.0032049909189999504,-0.0013872741352226603,-0.01954645832014079,0.010245217560480802,-0.005054409560676598,0.006273189885393826
2013-04-19,-0.0038771847401093407,0.003469283576692739,0.04433942687136927,0.015749183849931292,0.012649455953631206,0.034039325600978554,0.0023921644772493256,0.019531851269296796,0.015798064046261828,0.009582045987152066
2013-04-22,0.020843266402235106,0.012407804215407658,0.00030012561631731494,0.004024594396142556,0.0025407920422220176,0.035606367183147025,0.001590970455159102,-0.0003684389582976344,-0.002622505827279298,0.007318865643886507
2013-04-23,0.01871272922166045,0.02029974793035838,0.009736067686947791,0.0073079760335650334,0.0173178871753239,-0.00745987147821936,0.026211050157475935,0.01400461281232146,0.013024874049506918,0.013735713764062352
2013-04-24,-0.0016499157649358942,-0.00044623021648870775,0.006869780077380705,-0.01240448999967092,0.011417691989111578,0.03790809295692288,0.034055968764748146,-0.05880029595412306,0.008451042413330612,0.0014561316838375138
2013-04-25,0.007201662181726576,0.022025412911738096,-0.00534780487989317,0.00983498967095886,0.00574713026022855,0.00566744557393517,0.008233974234682195,-0.00700200015281871,0.010176118644292353,-0.015207434545346676
2013-04-26,0.021597415883845672,-0.07240620541693965,-0.009491989714080828,-0.0011729227714015744,-0.0024490127107441584,-0.00469593542924418,-0.004454866099191435,0.0067903691712127845,-0.009065909715125664,-0.0007951801711638673
2013-04-29,0.030968637654003928,-0.0198971763890593,0.022011101401318678,0.005403927113609264,0.0008179364703957415,0.02579389981353719,0.011931747425170558,0.00752273303302653,0.004006101307332699,0.0023864780093647564
2013-04-30,0.02943337823658121,0.016296931722741048,0.00672726443168048,-0.00408972784963324,0.0018401505071732327,0.015026347606068802,0.014738137508834237,-0.011714853735701802,0.0033355176599358938,0.00884246252135501
2013-05-01,-0.007882047859083863,-0.021984971166203793,-0.00502110497880548,-0.011733207120520506,-0.020403650835028486,-0.011480704263533537,-0.008714503792277672,0.002865741198819105,-0.014484002255706119,-0.016631192811840667
2013-05-02,0.014182226318021796,0.017403182828007235,0.01118935766843121,0.01104136283786139,0.0014579175262232624,0.013447811122464515,0.011721579499719637,0.010001253682917266,0.05649933627160997,0.012798358727344805
2013-05-03,0.010010709527702666,0.021777911807005834,0.019418895718531726,0.006928110513728214,-0.010606956559060854,0.009951402790032926,0.0043447241465082165,0.005530061067441361,0.023602882933528857,0.01568342251766608
2013-05-06,0.023845466092101697,-0.009029250101927344,0.01871767029067639,-0.012477700399260439,0.01282267338005516,0.007763867397935664,-0.0028841690567783518,-0.005627603846298901,-0.0036203717809201175,0.006221041647999304
2013-05-07,-0.004449897123982582,0.007860167748519276,-0.005014164450064085,0.01003695619749867,0.01992509979760726,-0.013037259028966242,-0.013014954109021981,0.0024440754584280633,0.005031029478238747,0.006292526239984442
2013-05-08,0.011294046590047069,0.003686001269197492,0.019131474834050533,-0.0008181281498175208,0.012617477759874651,-0.00960668438913792,0.01831524462723655,0.006415076164530742,-0.0029477859286594077,0.006034231444586702
2013-05-09,-0.00872420225838233,0.005721382286550281,-0.0024610174605408375,-0.003627439490084927,-0.014469752533957214,-0.010002899432600909,0.0007191853228480927,-0.002932206747526034,-0.0037933843190379735,-0.00043952271068326
2013-05-10,-0.00831934235661147,0.01333795018826045,0.010040322580645133,0.007163792863869034,-0.001631306634865215,0.0009184966101811742,0.04529136294698444,0.007032266031170131,0.0009519102670805246,-0.009776654658455786
2013-05-13,0.003907695354128604,0.0033379866088401045,-0.003067335942777527,0.0010495161124306485,0.014501737247039959,0.010400725404061006,-0.020633041566611943,-0.002158882588240263,0.0010071065037409177,-0.00044412903980406426
2013-05-14,-0.023926007195421373,0.014441796771287319,0.010905533337772999,0.01304593343204008,0.011274416718816793,0.022255732552325158,0.014747711006398934,0.011197718245806065,0.007768520761744169,0.011210117190454838
2013-05-15,-0.033816654585743344,-0.00659635689518645,0.03245415059734835,0.007703926536583694,0.017121757708893792,0.009544072285651017,0.017300711437610028,0.015225763813031978,0.00983337014519381,0.0014267580741020858
2013-05-16,0.01336115577200947,-0.009153641954686043,-0.01312383554504215,-0.0021682278296365487,-0.0023492493620663746,0.006794840141013392,-0.004761809394868255,-0.005949268166567712,-0.010782961947622738,-0.005918678076930917
2013-05-17,-0.0030374785017210915,0.02188395807328325,0.005874775581650171,0.007318605920609622,0.02609389809789242,0.023180332072789023,0.016404556386735658,-0.002244387810473758,0.02652882402906709,0.011686891979904024
2013-05-20,0.022319073015772517,-0.008410495915595506,-0.000715077754874005,-0.0009082416085109957,-0.0001914997654283157,0.00602252179913676,-0.0020176791157070495,-0.01162192742409085,-0.016036571585285042,0.00828264660008493
2013-05-21,-0.00738262996334671,0.004595867019396405,-0.001717076156491637,0.006590081074442811,0.013960568700011056,-0.006556528476299284,0.010497931418400608,-0.0036670391972575267,-0.0003307938674927957,0.003026346291884474
2013-05-22,0.0038437591973461416,-0.021944512371482205,-0.019350078413611804,-0.0014671746842356281,0.011505332839247151,-0.00688654347353268,-0.034852805484354876,0.00025386141824790265,-0.007766593386654086,-0.006573313204642828
2013-05-23,0.0017903626395920913,-0.004411287796181829,-0.0074542818656220255,-0.0067204852958705485,-0.005221363511597632,-0.013290859665281207,0.015972741295010584,-0.0015224322549467484,-0.011324095314263927,-0.00433874775173948
2013-05-24,0.006807527782110023,-0.00022920239606116777,-0.010727320649654537,-0.004471387037537244,0.005810949327950787,0.0035137818890593753,-0.006152015798036592,0.040406495426474676,0.013194594755639555,-0.002832658423326584
2013-05-28,-0.008334099923303584,0.0212042603234317,0.009103300550674431,0.00909958386425358,0.017517670742851266,0.021885300087314707,-0.0006874855894135612,-0.012457362342817024,-0.002327289282642253,0.00928677959048474
2013-05-29,0.00795134282633736,-0.006584630719066675,-0.014706236497593617,-0.022371679597376626,0.0012822499211950777,-0.003998127721708156,-0.006194003783199786,-0.024239639956790238,-0.010498394088699237,-0.00324750727120926
2013-05-30,0.014900161620460706,0.004895908958705952,0.002821638994744413,0.003968780609504341,0.01737674198735717,0.004300673525657439,0.013157817812813333,0.002408802363837337,0.016223201057736114,0.00010825447758189277
2013-05-31,-0.004096666041637942,0.008882041251140116,0.0005282475568328948,-0.021048345525822798,-0.01851846096318488,-0.003711449872016548,-0.010936470115914032,-0.02946072276510392,-0.015964210461688277,-0.01759109701546724
2013-06-03,0.002201453562679312,-0.008618140798463458,-0.004120750368616033,0.006295527185676386,-0.001831795984377882,0.019770703079473817,-0.0013821527798587585,0.011725286636709242,0.011507983527323962,0.010942619210732918
2013-06-04,-0.00312813045716287,-0.004421464018733889,-0.009831321388902303,-0.007200669113488489,-0.008258556269971518,-0.01685859199110562,0.001384065770210663,-0.0037342794359669362,5.517972752544509e-05,-0.007325810947812261
2013-06-05,-0.009347827475213344,0.005532531457254519,0.0006984052141145725,-0.004994280884280333,-0.018689929564138508,-0.006001399252856809,-0.021423456483358194,-0.009176829737476688,-0.01653702778071675,-0.012556210927721745
2013-06-06,-0.01494007169059508,0.0024704081456361493,0.005746127151085911,0.009321452173134182,0.00886335120203996,0.005175537880099057,0.006355309839872536,0.002087297170197955,0.012018921756818512,0.006469414079107505
2013-06-07,0.007640200209650061,0.03375272735248802,0.01745248671278521,0.005328110208182135,0.014392427166212363,0.020308645189793362,0.01403554722899214,0.012106192820784845,0.003289798498091967,0.013521153100168881
2013-06-10,-0.0066090294318665865,0.015169576773485627,0.011924071298293093,0.002708347378665099,0.0016581479787078912,-0.005606838190714503,-0.000691944367212538,0.004115785354122492,0.013282186129026208,-0.0036085233261624605
2013-06-11,-0.0029390759960064017,-0.02237875626104302,-0.01169373238850846,-0.005285236002683047,-0.016004184121208298,-0.017761738374977964,-0.018698091490605195,0.0006401995315605813,-0.014644069327728548,-0.007243183850204171
2013-06-12,-0.012363116479190195,-0.011318175148160026,-0.008899634161401604,-0.011217750265985149,-0.005795434932318599,0.004592773273641271,-0.008468669902137016,-0.006656158032842474,-0.002838494101828015,-0.007959403208656513
2013-06-13,0.008722925188751729,0.015165482346406023,0.005757091073784082,0.013972424084828017,0.018615911991966216,-0.008000290267250687,0.022775607685316723,0.010695855353386685,0.017303967507234175,0.01771808543951825
2013-06-14,-0.013556103047100643,-0.006526716055277437,-0.002234908623888976,0.0,-0.019198642631224394,-0.009216416021918583,-0.0013917713521545139,-0.005099985381021188,-0.007243185524760554,-0.008212002300854504
2013-06-17,0.004534191620904959,0.014854541608066318,0.012810747512851162,0.008479627793134048,0.013551335779465434,0.01744197965968519,0.009756244959429505,0.011918391959827357,0.007848903314692679,0.010267051605918454
2013-06-18,-0.0005324321957524969,0.013306510914265157,0.016214483775061295,0.008524679175534011,0.004828157944736899,-0.0005716310087362508,-0.006211632457580385,0.0010131086994704663,0.009103105279898438,0.004589904976393999
2013-06-19,-0.020311750360477054,-0.012776852738080269,6.650976395783381e-05,-0.017368929912908948,-0.010349295718965257,-0.011149194754330405,0.030555722102974192,-0.018091966239711432,-0.007499568135563628,-0.010116348051620205
2013-06-20,-0.014562313301194285,-0.016968655533837862,-0.017697677307378923,-0.026396603086211057,-0.019981311150976233,-0.031801125627312854,-0.02695376413122752,-0.030408846333815465,-0.022832862384160713,-0.021428658646188703
2013-06-21,-0.008012975548068124,-0.00029254754996310695,-0.004306170860085223,0.007020190460474529,-0.009908396382382278,-0.006568725102737316,-0.001385467025778464,0.028970445649125987,0.005827620393810573,0.004828202494612466
2013-06-24,-0.026505485222520164,-0.010059980029217264,-0.012645922633083617,0.016947325415578307,-0.020015630242158577,0.013525452373690294,-0.020804185460789104,-0.010977620388150422,-0.006852642130194875,-0.011174949353764174
2013-06-25,0.00022391070348182218,0.005469081161378675,-0.004127348326115277,0.008745781628409999,0.022781108277816653,-0.0014826647803883874,0.00708206508234821,0.0014362456784142719,0.012340710655170284,0.007120152194083573
2013-06-26,-0.011325563692943574,0.020140407330993204,0.008600671783784986,0.019214673698441098,0.008064105405940047,0.02019558789134579,-0.005626079564226449,0.00925827226501097,0.012079992980598586,0.007743309181029279
2013-06-27,-0.01077728009552159,-7.208303195660459e-05,0.003914689724005438,-0.0032182588988911576,0.012381551827336246,0.00786015025100717,-0.00919348416152066,0.0034880140113100477,0.008814779833953956,0.002672201422047049
2013-06-28,0.006983813548065987,0.0005044114353507378,0.0037623951259206923,-0.009802992093137952,-0.006773575817671684,-0.002310133727059016,0.0021414836311075547,-0.00875466387853574,-0.008195242502433642,0.003443186948979715
2013-07-01,0.03200248603317024,0.01588101836718625,0.008530542666993712,0.008967974826612268,-0.0056824594969984155,-0.005211701769288313,0.0042734505462069805,0.013378035375051223,0.013515960555641415,-0.0005537815558065429
2013-07-02,0.02265271907470079,0.005778096848689351,-0.006273295793037148,-0.0006925061041168634,0.013240884432664801,-0.012223687938571315,-0.000709664555362477,0.005383681353099412,0.0001078142951633776,0.0037653687095227095
2013-07-03,0.005519681373570062,0.0010573674796678922,0.004669507298131315,0.0024258611295930876,-0.0005682912381375083,0.002062538611762532,0.0028390401150357736,0.0016570745382065155,0.009717240728699172,0.0005521524251443921
2013-07-05,-0.008032070173961459,0.006513377697337397,0.007964417839518623,0.012560384892239318,0.02311958615849319,0.005880572279528318,0.007785212396268948,-0.0029270051089990146,0.020049128105006142,0.009702889090575262
2013-07-08,-0.005677583151275645,0.016475468105384472,0.0129829692978507,0.008193673298148463,0.013150231757611985,0.0035080310418968974,-0.0049157583437737795,0.005361054231366236,-0.014099389704337995,0.007425938330827053
2013-07-09,0.017588150210725795,0.0032347934416716573,0.00016575057825796158,0.0032735230363731826,0.003473572699281391,0.0005822412130274124,0.004940042398412281,0.010284262672586975,-0.004784657913021739,0.01181595158015214
2013-07-10,-0.0038354422481273742,0.0027441403643204687,0.0008283607198344978,0.004050466994728996,-0.001093208079637198,0.010189328710673129,0.013342528841355117,0.0028907047979866984,-0.0026711413104660853,-0.005571238467568906
2013-07-11,0.015591865932057969,0.025074395601190735,0.015728882423879487,0.00481881929868333,0.005653852643213275,0.02853021101066422,0.01386010778340574,0.012155051439856734,0.01746132416976698,0.004848205355276747
2013-07-12,-0.0018255522129392299,0.026329826067573503,0.002999149796640621,0.0035687613682464647,-0.003082877236671333,-0.0005603171388440797,0.000683693311267497,0.009657549022598744,0.004000971053871094,0.0013941321222781244
2013-07-15,0.00218046856199261,-0.0031864599391348003,0.0018309479691873687,0.004555953695937642,-0.0014554242896440694,0.01401735822137673,-0.0020495038441084024,-0.0004908041976500188,-0.0024644766059032097,-0.0016064702585126822
2013-07-16,0.006457054632799553,0.000978591742462509,-0.005493781763498462,0.0,0.002186025343980935,0.0027646010065613957,0.0054752837863050186,-0.006625086411377268,-0.004572657318169693,0.000536074606510395
2013-07-17,0.0002556217945781647,0.005930824287614378,-0.0011526372691903486,-0.0029869513476900034,0.004726544418520495,-0.014612415372183496,-0.005445468302002099,-0.0034591515666768657,0.0013724773392749245,0.0017149627732322426
2013-07-18,0.003369779483613611,-0.01483689756075135,-0.008567988015816486,0.00044386396551243656,0.019902249882833845,-0.00839378444185701,-0.004107163227805022,0.002622138698656018,0.007224404945161966,0.009843877099043663
2013-07-19,-0.01577265145296436,0.003682924653988451,-0.015460770789184286,0.022846005315644735,-0.0037254375900248604,-0.11399566963621643,-0.021305235559842428,0.013325035223133996,-0.005706837408502419,0.008370594537408405
2013-07-22,0.003200180367931127,-0.005733418743157026,0.01572602936154399,0.0005415453016504035,0.007122542762854511,0.019426585720383027,-0.0007025976531693789,-0.001843464475990375,0.006845610941978109,-0.0035724841135814644
2013-07-23,-0.017170496988606287,-0.007974122706348452,-0.007576545620710307,0.0015179211654110514,0.0019447379619677019,-0.005935371006435819,-0.0014051046502743247,-0.0033245799713322866,-0.013806471819774457,0.003901796134200497
2013-07-24,0.05136165186918551,-0.007041845286572701,-0.0009958378148161584,-0.0006498894017790136,-0.0007055983589538961,0.004399687586910783,0.0,-0.008399463881264446,-0.00970402140022264,-0.002206303678263022
2013-07-25,-0.004562886348461137,0.014919417484710262,-0.016834810666503608,0.00227419960936337,-0.0022957609014550018,-0.017834699169120616,0.0035184244717008095,0.0017435807532133474,0.042088336855125474,-0.0002102843606311966
2013-07-26,0.00567868508731717,0.028378380247361834,-0.0026472256709427766,0.002808359581430775,-0.00796442789044749,0.007327269684577642,-0.004207970036792075,-0.0002478815078762464,-0.007245215650422687,-0.0018955421971051933
2013-07-29,0.015419468482799736,-0.018941687741582114,-0.0034788150541888996,0.004093592095583798,-0.006423116406522267,-0.0025303476100967393,-0.0021121102880434783,-0.003732688486509983,-0.006366628897550131,-0.008017479249729176
2013-07-30,0.012349929289380057,-0.012054929147078064,0.00980423173486522,-0.00042943142997386996,-0.006464158037276513,0.00982859591370211,0.0169370690032582,0.004370117305917187,-0.0027607617128336814,-0.002339697406463781
2013-07-31,-0.0017428117100820595,-0.0039350380034857135,-0.0035581322127566928,0.0035419862794932033,0.007229386516970138,-0.0003138256300642128,0.002082039233870736,-0.0017403729732122786,-0.07537620294708924,-0.0006395456698412572
2013-08-01,0.009170628873545583,0.014441254554426575,0.018552747940917325,0.0028876860141824334,0.01453446634622968,-0.00533913889414217,0.013850507036110349,0.01668763679242513,0.012203114921538694,-0.010879923241238432
2013-08-02,0.012831710187862777,-0.004450688323358265,0.0025986903226655755,0.006612243461881606,-0.0008844050199374731,0.006946880214608431,0.008196355363941477,-0.004287011851274336,0.02695730999402368,-0.008411760566863657
2013-08-05,0.014938818366532658,-0.010584747417843876,-0.0017316452054394471,-0.00625053022333788,-0.006903971829683497,-0.005958070664556336,0.004742402407034607,0.0013530648503932152,0.002935018492263186,-0.003915247643787034
2013-08-06,-0.008946200424227224,-0.0007973742351737867,-0.009315071938313935,0.00010656609001791217,-0.01087324048683469,-0.0037853520460924273,-0.014834613926662743,0.004176848719850801,-0.008941015889959103,-0.0013102358650265433
2013-08-07,-0.0005802522126304721,-0.012768105351852022,-0.0066028902149539714,-0.0015993691028067802,-0.0034244092961617234,0.015199238301961904,-0.0006842791505238255,0.002691031401390598,-0.008201717607869474,-0.0014209312732289536
2013-08-08,-0.0019918847648684457,-0.003940607587959777,0.002256774099416381,-0.0034164967419001435,-0.00849898879518729,0.02588896269408969,0.0068492292602087,0.0025627130031131706,-0.0033631667308477997,0.004817134000122403
2013-08-09,-0.014229636371285825,0.005139664242397757,-0.002520362355387551,-0.010499395431543435,-0.005653559210960668,-0.0057766354334596315,-0.014285710556607545,-0.006450033316205195,-0.005365521772640713,-0.004717669736934216
2013-08-12,0.028408112018002196,-0.0019174866064998186,-0.0055032105083807625,-0.00389761405979816,-0.007886957575547693,0.005198719633920712,-0.008281735242407495,-0.00024508507910381283,-0.0002783435671915857,-0.00914880420707509
2013-08-13,0.047522021149345894,-0.009167860755131096,-0.00481084676529997,0.010978749386536757,0.003697360012968609,-0.012561376977029415,0.003479339369683254,0.0004900892175545568,-0.002948190402760731,-0.005451076918333242
2013-08-14,0.018240585154827738,-0.008946443061064624,-0.012981540850446782,-0.02483642059557134,-0.0025786475653394314,0.0037231854632333583,0.04230281949313319,-0.005020836511724691,-0.0030747695837363143,-0.005033567282006435
2013-08-15,-0.0011832705752840011,-0.016715912887316886,-0.011668969997120748,-0.012679264790779299,-0.015881894798392193,-0.017310415607336815,0.006653105942997728,-0.009476320881245837,-0.024782224930221863,-0.008881634989441056
2013-08-16,0.008876953250182673,-0.0057597309271457675,-0.0031991390249790363,-0.0020100195384170627,0.0,0.00031426697411252036,0.003965920407683621,-0.007207527895705446,-0.004599804783992911,-0.002835460474501894
2013-08-19,0.010769743465721016,0.0026332018350780917,0.010199372458131961,0.012084407124933971,-0.02739740226908971,-0.012892750542221942,-0.015800342413730517,-0.0038800067792780224,0.010685841115763539,-0.011261700468018776
2013-08-20,-0.013136757034159507,0.00532270306647864,-0.00026568293215889494,-0.007959655858794101,0.005595465352183693,0.0073273632076800155,0.00504198646617926,-0.0007536435845360012,-0.01005819714230638,-0.00103574715368826
2013-08-21,0.002574286040947449,-0.00877769704906739,0.004518076704947527,-0.010364740997440336,-0.009401544063853406,-0.0003167659003605605,-0.0046819681274757885,-0.0018861147460311756,0.029846502242148132,-0.004721481436381403
2013-08-22,0.0011947785733990024,0.01813257992941386,0.005038282223587709,-0.006081295249947716,0.011233968630977698,0.024675749381374734,0.005376675164796563,0.004913123777207318,0.002970699395623111,0.006479914255447694
2013-08-23,-0.003857513480814534,0.0009664128099466929,-0.0040059493425800285,0.009246575066936602,0.0021066651108154755,0.07286180966283462,0.0,0.0030090744813666692,0.0010062878986316637,0.006208425720620747
2013-08-26,0.0038921786312040574,-0.013102967758500617,-0.004389647437387123,-0.009953269047997093,-0.009939112124160765,-0.01726567415843927,0.002004959996079858,-0.018372766949384056,-0.022892145215408166,-0.004913120724908349
2013-08-27,-0.028590192153619354,-0.018447988280678618,-0.0187445129330589,-0.015537593526484761,-0.023165625426746494,-0.026061586797989866,-0.012675558411249899,-0.007257729907645949,-0.004743055456103429,-0.003100659950153961
2013-08-28,0.004727938248714203,0.0023137626136182643,-0.0018818397131311615,0.004177500123628164,-0.00039554496812110873,-0.007215979286141594,0.0,-0.01436439679196233,0.005971199605232735,0.023266498267307423
2013-08-29,0.0016298904128437819,0.008523324208207894,0.008107819601580246,0.00046244453531962826,0.0023727245043976275,0.01605085666058015,-0.0020263789566844492,0.005985527428683746,0.0009133546118829106,-0.017672106150641076
2013-08-30,-0.009111500473161893,-0.010564164266249398,-0.009971623036639787,-0.001848422121597304,-0.0033533853833355165,-0.004470666052057259,-0.0013545239938157483,0.007501936312310109,-0.0054176775488641304,-0.0012601584236969776
2013-09-03,0.0027915002356722063,0.027831148120985194,0.01591692561133451,0.00011556778351651253,0.011874513639738682,-0.04550907622232325,0.0006780943262945094,-0.0017970695887328247,0.01490670378271397,-0.00011497876683730368
2013-09-04,0.02069283073457484,0.01675904341179768,0.013075503581832626,0.005554579706835483,0.014472551135892742,-0.021330185426089554,0.009485335530552197,-0.0033440365490809976,-0.004688556222938733,0.006999345900244869
2013-09-05,-0.006858215316995708,0.0015665279415464362,0.009097750801483118,0.00161069725573193,0.004627327233870604,0.0009614499796195553,0.002684301784295906,-0.004516887171940209,0.00011360542559790687,-0.004671812552001775
2013-09-06,0.005956251010709623,0.00598437932696072,2.299216946166638e-05,0.0013791427303102566,0.008635490953925018,-0.00256175161647898,-0.00401588636020378,0.0001298684810331352,0.0026101626999519567,-0.0011444959564741453
2013-09-09,0.015956825589825474,0.013012919053726701,0.0096293887370682,0.004589027969882364,0.005707841179982465,0.016372606231590092,0.016801083545786577,0.013091468443787502,0.010641576690441745,0.009054025087606554
2013-09-10,-0.022779168770294622,0.002168717268457465,0.0006984965915064478,0.011078569937714056,0.015323198626529644,0.023057372444133417,0.02114998946033375,-0.0026866762210043804,0.03382794082377227,-0.002498784457850678
2013-09-11,-0.054443185835563845,-0.0023970767703397344,0.008461942673271716,0.00790661264909831,-0.007639050850330009,0.010805936347594303,0.016828774495130094,0.004104744257516835,0.009317865348590804,0.011614567317916658
2013-09-12,0.010647842747788072,-0.0026031578064243943,-0.0034925923768204248,-0.002465662571324745,-0.01915149594031984,-0.001527232797151945,-0.0006369003126255324,-0.00012778383337375132,-0.0067087449268978805,-0.009680100972321526
2013-09-13,-0.016480687527976157,-0.0031452808565467505,-0.004467788570365339,-0.004943331457375577,0.006699803292986806,0.010400868589534928,0.006369333298422708,0.010094884630639012,0.021290051903371854,0.00477374517453355
2013-09-16,-0.031791727033271266,-0.006243250462176109,-0.0014734884937387394,0.005194000239577168,0.010458034222418755,-0.006963828622278179,0.0006327893970401455,0.014041691935492207,0.002010524956260973,0.003054349257913813
2013-09-17,0.011552320627386647,0.02739305856802221,-0.0018586752034590592,0.0003368657141948894,-0.0009407895971801361,0.003964138959722252,0.0031625096224832117,-0.0041164852710232624,0.011722307241276653,0.0030450486159334655
2013-09-18,0.02055751611344503,0.025840789782927143,0.019421962829992534,0.00954417548226738,0.0060277536685140465,0.011843057601767626,0.008827544435828116,0.005887102997846894,0.010699464743355147,0.007195932812664507
2013-09-19,0.016398123105507922,9.615291749232036e-05,-0.005457589615376679,0.0017793342170209225,-0.01235700564521891,0.009603701380022311,-0.004375190154330744,-0.0022412801365780943,0.00547415593065903,-0.00334915999196983
2013-09-20,-0.010353793648886,0.013715356418287028,0.005253876749755193,-0.004329954094794197,0.0009476429554626797,-0.025267726703424698,-0.008788353777496538,-0.009111662890257444,0.021158982014938266,-0.0069445357691704235
2013-09-23,0.04969939396221279,-0.015331624151878387,-0.018392079589631183,-0.006578943788986269,-0.025378799882664893,-0.0015246205247398947,-0.009499544451300745,-0.0013852407627700236,-0.013025881346936607,-0.01026376324381062
2013-09-24,-0.0031383685989859744,0.008475390463330346,0.0003835567437160403,-0.009765389075677255,-0.022153122284518045,-0.008857751244754075,0.0038362279587165204,-0.008325182316951674,-0.014777831056790758,-0.0044446641145613475
2013-09-25,-0.01547746542202999,-0.004711448020241593,-0.01083604900742241,-0.012922058616215426,0.027424649145309843,0.001848971812357325,0.001273963933591471,-0.011447326784640222,-0.009206232501530076,-0.0025182347841745667
2013-09-26,0.009739671457081212,0.01749563075925953,0.0010713178445420635,-0.00011517662459892275,0.003674718198127813,0.007997782007999943,-0.003180695619297791,0.004245721015791126,0.010440468778809997,-0.0008029748207093457
2013-09-27,-0.007136893595995453,-0.0066327310663633066,-0.002026775998916319,-0.0039048128017936667,0.006745097471789974,0.015257918634279166,-0.005743406801758888,-0.010762134425034375,-0.002635068972565713,-0.0019524593789046474
2013-09-30,-0.012428756810474395,-0.010664216163362883,-0.0005475784328675681,-0.0004613156221472403,-0.010528203654637913,0.0003002170122134995,-0.0012836127400647213,-0.020981349061585552,-0.010100594848580613,-0.009896791280239348
2013-10-01,0.023513205133762538,0.026580133167880104,0.012661074812664763,0.008997805175423368,0.005223519554063749,0.009014713349439374,-0.0006424676778641336,0.007540392400066098,0.011093437531775496,-0.0004648580997161922
2013-10-02,0.003279231672431715,-0.0013710089199373554,0.0011159524241732832,-0.002057737894024303,0.009887420106464484,0.010124579995905103,-0.0006434536124535484,-0.003019949540829292,-0.007245766500474815,0.0009305216008881345
2013-10-03,-0.012562369622577063,-0.017940122902026512,-0.01340109389156563,-0.008133955720326269,-0.0028794607291492413,-0.0017686371554964664,-0.010295826266715102,-0.0011854963044394262,-0.016525833847817584,-0.006737978843363579
2013-10-04,-0.0007862319486157121,0.013597645785432766,-0.004268906155771801,0.008431654314070336,0.014054615188529018,0.0005907963980797959,0.013653942730495583,0.002373518174367817,0.009700803904127975,0.00959067581813855
2013-10-07,0.009772162268900653,-0.028240944338467355,-0.007577140521042303,-0.008246717373568524,-0.01594817888014033,-0.0171192023532748,0.0,-0.0048674337024566805,-0.021787097207109696,-0.004865919092862492
2013-10-08,-0.013962403445941018,-0.021933370947530118,-0.013941884994436826,-0.01131775180160155,-0.018522261925158268,-0.008708582147637145,-0.008338784412924682,0.00898908194820236,-0.020394326844013322,-0.004540164136639491
2013-10-09,0.011747557391680541,-0.016489133685809843,0.0025653982442770396,0.004088560074279712,-0.0023592117890471886,0.0018173224434951951,-0.015523409417307898,0.008122737277664882,0.007231849870143137,-0.004092606687187028
2013-10-10,0.006268744948232152,0.023270638272671063,0.014464989365669645,0.02117238996179105,0.03487686209051377,0.020864884488123847,0.01116936128538959,0.012215164249434585,0.028175433159740804,0.010333004605455054
2013-10-11,0.00647413446821532,0.01874366745820244,0.004319103733501972,0.019025285027854277,-0.00019016263162374702,0.010959833447470979,-0.008446982978188577,0.007575396773549459,0.016769830038970257,0.01057660300730534
2013-10-14,0.006554018723270882,-0.0006111810174366239,0.004724771062884825,0.003912555609442814,0.0038087411151002115,0.009375711307577417,0.015071673388753037,0.0033126514548413866,0.006451167036119365,0.007475512422834507
2013-10-15,0.005321954712166566,-0.01383972672672451,0.00673444497767739,0.0014475367394628513,-0.007588680296832684,0.0011614241057265051,-0.0051646123652782094,-0.014478178606774805,-0.01070099262280777,-0.009246436110728395
2013-10-16,0.004873218954501102,0.013348577182631827,0.018163045986576254,0.01312167161060862,0.03230710265102177,0.004348820653832242,0.012329590844594174,0.01742930403844678,0.02226052483110874,0.00599137531145022
2013-10-17,0.0067646884610215174,0.0009017964547113344,-0.010289083296750157,0.00943897405870886,0.0038890930204837915,0.008083091860381142,0.0019229509428464464,0.01378620266785835,0.013546152436298753,0.0019473868267412264
2013-10-18,0.008702044561321953,0.0584355604371809,0.13796253183095208,-0.0036974185977255436,0.0016603672488411103,0.0011457254732230027,0.01151629461846615,-0.00012598187077816903,0.01094410357117126,0.0008001470334346727
2013-10-21,0.024503779380382618,-0.007570016037894423,-0.00801831436889111,-0.004692352367334007,-0.0005527671003374701,0.0008577117557422298,0.002530603380303864,-0.005540824294607449,-0.0020454648318830593,-0.0036550161865421815
2013-10-22,-0.0028574118107939084,0.018686453606568065,0.003687714210387494,0.012719831061697162,-0.011976998919752013,-0.011717467649760671,-0.005047628239418067,0.01785511115309224,-0.00029968095003873874,0.008597731631620587
2013-10-23,0.00979067090513075,-0.017381454909911165,0.02424038661466832,-0.002815884188339557,-0.016225200839209197,-0.023713058269303366,-0.017121283945787158,0.006593374827087883,-0.005450598183913691,-0.0042054491226998225
2013-10-24,0.01323897004316521,0.01667896944331182,-0.005681668231012238,0.002714819192570772,-0.0051182602315499315,-0.0011846103070400904,-0.007096309782614552,-0.003707775814933645,0.020212021163473537,0.009244939713314748
2013-10-25,-0.011185589805554952,0.09385629473837964,-0.010092013520898835,-0.002815720696286772,0.005525916663783992,0.05960828997697387,-0.009747021348381457,-0.0075672038892034,0.0007393465424865298,-0.0050889250339730685
2013-10-28,0.00745258162983875,-0.014392217719598643,-0.0001970812135930755,0.0032582544290149507,-0.0017060786884531831,-0.004478030341261818,-0.001968542074674451,0.016249879121941868,9.840797130888923e-05,0.0029555048611871193
2013-10-29,-0.02491120099477806,0.012675858322815703,0.02092624156662115,0.008117949444370165,0.0009495423733283381,-0.0014053970753664657,0.0013155077377073887,0.014268216997736616,0.005712283899135917,0.007933965716850455
2013-10-30,0.015909501949859628,-0.004466466686923409,-0.005616598911942106,-0.003758304818730296,-0.002465498916725206,0.0005626617898277786,-0.0006565554728373835,-0.011399919968682726,-0.002056836184610167,-0.00134932602957627
2013-10-31,-0.004191748251913374,0.008169883543345247,0.00015536601531840333,-0.001939760163846671,-0.02015198169199639,-0.0036576017115200754,-0.0019711276994407445,-0.009445188100613344,-0.035080171925976344,0.009120166596700008
2013-11-01,-0.0051078915537458025,-0.013817497286967795,-0.003434905932358734,0.008206497502271093,0.01882026145208604,0.0033890211064941944,0.004608242035508914,0.004953519117024685,0.012661339972911412,0.002232016456987118
2013-11-04,0.01292227675633395,-0.0007242611548012867,-0.0009054659552213407,-0.0036420952493319003,-0.008951002923546114,0.011539178331136712,-0.028834151628950533,0.002218059425795893,-0.013758229191012883,0.02538380608231039
2013-11-05,-0.0024680779178550827,0.0004181131019334039,-0.004473506629852686,-0.0023642497006662877,-0.001728886636903182,0.01947714519487076,-0.0013496970974685718,0.0012294984028335953,0.004836906764821958,-0.001194141808623983
2013-11-06,-0.0028330472729605205,-0.007551057675280637,0.0012041519720029648,0.0024778015431554667,0.0028868096981640168,0.04203002000050682,0.006757348235695959,0.01694689594365073,0.00836024593390472,0.013371240227935122
2013-11-07,-0.016183119727790296,-0.03543155248796592,-0.014470637811901721,-0.00376141514795858,-0.008636828430465426,-0.01780993947956344,-0.02349043791692651,-0.005916799384692695,-0.014672142632333629,-0.006804498359320732
2013-11-08,0.015747408670246932,0.019647201561498795,0.00801631443305073,0.014672803077298457,0.044723651964826416,0.0074669309883717006,0.06941635124779566,0.0023079462107928883,0.011167411140862393,0.008373209886141986
2013-11-11,-0.002901168088807915,0.01161832422500031,-0.005354458638205162,0.002551542731077605,0.0025950782997763433,-0.005029596166000627,0.008354533539838949,-0.0030300177105788695,0.004942707231805787,0.002480823781932706
2013-11-12,0.0018499294852363235,-0.013685891249802573,0.0011777620208537343,-0.007741976288221153,-0.0024033588571100717,-0.006118066313238413,0.0019121639143180325,0.006565048926856276,-0.005018508969408808,-0.0031195420695684373
2013-11-13,0.0011921895295832208,0.019140060936060577,0.020448994475080973,-0.0023509710242762827,0.003149757758365901,0.021412709746919223,0.027353674683847196,0.00845362332096422,0.009652647605975506,-0.0008634175367143726
2013-11-14,0.014463422845198082,0.031385098500829045,0.002673215724949163,0.006213401678273556,0.004802480663817832,-0.003668649789816736,0.00433439601673391,0.009820152208458222,0.0018521297530778025,0.006803946824614826
2013-11-15,-0.006002288796897903,0.004817586563461429,-0.0016131418697292732,0.005004169371495726,0.008639827761263374,-0.00473422106327237,-0.0030824116110526045,0.006167146235588339,0.00924311200710659,0.021990750393375613
2013-11-18,-0.012114267206705831,-0.008099243921769639,-0.001944730665218386,-0.0009532098923842325,0.015855767047714853,-0.01691319678688985,-0.024119195888806844,-0.0031825424031302063,-0.010396233995293103,0.001889606069642058
2013-11-19,0.0017732644744137271,-0.003386327740812267,-0.006155877128445009,0.005938352482601772,0.007355531189828568,-0.0048752895309052136,-0.016247072280801023,-0.0027193987716293,-0.012555826240030266,-0.0003141845861815984
2013-11-20,-0.008757307341135778,-0.006494204940207582,-0.0028188531873486466,0.0030569214455544724,-0.0008907667733658586,0.009254191669530565,-0.014896078418673242,0.004149955849068299,0.003698002671394418,-0.007755371900826424
2013-11-21,0.011922558992239596,0.0175138131138175,0.01150337296083448,0.0005255591900781287,0.01996470196811484,0.008630356071078538,0.00788930833856738,-0.00023615661645259856,0.017615444946884606,0.00010566966196412508
2013-11-22,-0.00257178264435054,0.009189003513177862,-0.0021082558755771696,0.007510113579377364,0.004194051402669041,0.004544884001794758,-0.009784897075810095,0.0033067812386571305,0.0025297963161639014,0.0033793894459812623
2013-11-25,0.007579979420098137,0.011630159910728466,0.01360615946772703,0.003989389061635595,0.0033067245008364665,0.0018636428310874198,0.021739525615761535,0.005414979039100043,-0.0009399687172074733,0.0008423540357873627
2013-11-26,0.01844444499337916,0.012558399382907037,0.011931786352359586,-0.005960305614431061,-0.008326185758632865,-0.007704989145496222,0.008381450077862507,-0.009015068103239932,0.007873967633794887,-0.008623594999238371
2013-11-27,0.0235472732806159,0.014002160164667155,0.004440804840118329,-0.0008412698178963396,0.005422544752919034,0.00669310209433549,0.0038362023579545657,-0.004253522104235907,0.0023094237894245584,-0.004985910500209356
2013-11-29,0.018517849828311617,0.017868636750100197,-0.003311068594625044,-0.0033692730011266603,-0.004523143460595569,0.01409612269573346,-0.00636921003993518,-0.0007120452627346063,-0.002598205140990184,-0.0034109789389985545
2013-12-02,-0.00870398549982021,-0.0033534874020595407,-0.004822652008676376,-0.004014822138658669,-0.00419442356216182,0.008392215422178717,0.009615379934129198,-0.01044894554586917,0.008207805184115013,0.0004271499974095594
2013-12-03,0.027374811288744194,-0.019474890335960726,-0.0011568880157193373,-0.0032881907116349973,-0.0021062322911766795,-0.0036413193811780653,-0.0006349149708207991,0.005879757618048487,-0.016477139528584983,0.009303137878105883
2013-12-04,-0.0023309298078677543,0.003379635768107736,0.004671166562962847,-0.0036177015746833296,0.005803685329885289,0.016445007998131977,0.01397700356687026,-0.005726098481718345,0.004907231221544794,0.002966490605831762
2013-12-05,0.0051328954768716795,-0.0038086681670062017,-0.000793583145256127,-0.0070490353878941425,-0.02395479761071062,-0.02413953048177664,-0.01629082133489035,-0.007918460156119522,-0.005080819214555055,-0.005704340755335102
2013-12-06,-0.013875177964781549,0.006398043490662753,0.011850295461064198,0.015811270061306004,0.004299431155120104,0.00947339669024494,-0.014649150841869685,0.022130908012276906,0.000793166025313985,0.016148329691250796
2013-12-09,0.01144593641535141,-0.005323718396768373,0.007729956355127854,0.0,0.00802711214652585,0.009124386813612384,-0.016806894587393484,0.003076340440805625,-0.001386754622487829,0.001986229969227482
2013-12-10,-0.001553904452767707,0.0075086772002228575,0.006047336557305272,-0.0031764712186738153,0.003362313543039175,-0.015500135946220905,0.023011467451464096,-0.013328558863020312,-0.010714650540802895,-0.0013565469848512146
2013-12-11,-0.007408737194405379,-0.014415341422194028,-0.0067946239916971685,-0.010941361535485084,-0.011111032866825243,-0.013119618849527281,-0.009640500743745228,0.004423150510038498,0.031238785868915597,-0.01514988693845909
2013-12-12,-0.0014604980706676152,-0.002459555866612617,-0.006804133571636561,-0.02094268446969083,0.00428016606045456,-0.010369661356085969,-0.019467867980054843,-0.02047103845396614,-0.010794728677670506,0.011670249979143676
2013-12-13,-0.010900405906281496,0.007842617347592284,-0.008570494521924932,0.002084188703118439,-0.0024864928132320996,-0.014239536369932249,-0.005956518246156728,0.0008504191705009934,0.01926867172517044,-0.0005247810176955969
2013-12-16,0.0055371020058618825,0.012310003523412716,0.011491365057899827,0.0002188885623830572,0.004451301397887741,0.005450686913555769,0.001331714802344619,-0.008255541696394308,0.0018810005037819266,0.020040137775696465
2013-12-17,-0.004502224701479762,-0.003393577182231544,-0.002907674629961998,-0.007770316532922816,-0.012407278030597269,-0.01002935878566813,0.004654297960242415,-0.00954821017413321,0.02647422288539336,-0.004834489080973836
2013-12-18,-0.0076036552781676425,0.021436896551588314,0.0139176738156781,0.0218394026383395,0.02727921040457182,0.0016427482537777482,0.013897956162713054,0.018168094783361566,0.009847388158957582,0.02883716194044461
2013-12-19,-0.0114568531053022,-0.0019446323618810268,0.001355267702054519,-0.007124483542938154,-0.00017466785902131576,-0.009021402007922119,0.003916414461418327,-0.00582662292520264,0.0033898257840152546,-0.0011051020414042378
2013-12-20,0.008375653271196049,0.017738308048259155,0.013256908481664942,0.0011960514031683633,0.008212404942643081,0.015172016833562285,0.020156280824838335,-0.0007325384276096747,-0.0005089938974749408,-0.007542901163653304
2013-12-23,0.038377249580886064,0.0017901191945848272,0.013156190428017744,-0.0006511552422381328,0.009358715068129131,-0.004890813210014722,0.00573584380807679,-0.006475886620938787,0.00953830446510584,-0.0017227280309232151
2013-12-24,-0.004245236887222559,-0.00923264294747761,-0.0029234144708706333,0.0003256142590730704,0.0001720344083442349,0.012561547560060005,0.0025348320822145,0.0,0.003210729402191692,0.007207228886669581
2013-12-26,-0.006640815047695536,0.01300102782779744,0.005054606724182342,0.005214214383512106,-0.000858744562244107,0.00970856676194165,-0.009481746106488664,0.005534470206227882,0.006720701018491759,0.01693217624081078
2013-12-27,-0.006756770044104798,-0.015603762003410848,0.0008412139077946801,-0.0020533410221628134,-0.0010306290853095978,-0.004006602447627516,0.005743166857669291,0.003058077577760887,-0.0024070139691922954,0.006045588221826881
2013-12-30,-0.009944734243913733,-0.011831714041819819,-0.007993649962065419,-0.0005413542531054194,-0.0032679567994955416,0.0,0.013325243700977873,-0.00012273130780338093,0.005644820080943136,-0.011821711764879783
2013-12-31,0.011722118140419457,0.01377837130655779,0.010140118926884378,-0.007692607416055708,0.009145994718334105,0.0032183369100200476,0.0031309223463726887,-0.0071948309344163075,0.00801233763528253,0.008872629407361776
2014-01-02,-0.014063888611612674,-0.0020562383484051816,-0.00677249472995789,-0.006113997616991607,0.0018928045570052454,-0.00668255169728138,-0.009987586037860097,-0.010686570759253167,-0.0074995956485797155,-0.014327893777953182
2014-01-03,-0.021966011429021992,-0.003844507739961811,-0.007294768324789591,0.0090082278917476,0.007730826719246187,-0.0067280678800797356,-0.01197987886037677,-0.0011175303704499262,0.000678709561573676,-0.0024061483017597807
2014-01-06,0.005453270823691403,-0.007088135343038426,0.011149207600444466,0.005225900198178035,0.005796062839340532,-0.02113196191801292,0.013401934357598844,0.0023616603004343872,-0.006013694210777909,0.001507405846050247
2014-01-07,-0.007151515261345609,0.01117807212368449,0.01927836061846233,0.021227942444724368,-0.011525234528925954,0.0077493770722052435,0.016372327040014456,0.009672737814253596,0.0076421832312660865,0.014148249375859567
2014-01-08,0.0063330655151434545,0.009773130800322605,0.0020809706271951445,-0.001378470328457615,0.009430590410191009,-0.017852503014187837,0.013631083003920352,-0.014492628964614451,0.0032052268834679154,-0.0032652445648507777
2014-01-09,-0.01277074463815997,-0.0022641222191301935,-0.009629962825008276,0.00605358400143996,-0.001868407207114009,-0.006431565385751847,-0.03728619026923796,0.002243281572635425,-0.0013950489418915746,-0.009727498714938831
2014-01-10,-0.006671905838216197,-0.008353978320694289,-5.2997620957895286e-05,0.00010525509356229534,-0.004594789703263991,0.01435389875627413,-0.0012700710485926692,-0.0014924437105088284,-0.003515261893134891,0.007618170724291273
2014-01-13,0.005234518739165583,-0.016798251950372656,-0.006370665275819309,-0.0025333575796149255,-0.01350690247695574,-0.029411589452917775,-0.023521567243977692,-0.0036111382857122454,-0.010084486549141736,-0.019598430817058032
2014-01-14,0.01989838009350109,0.01677840431342381,0.0235266076057572,0.002328199436893108,0.0006930893101630975,0.022869967767412014,0.031249881536213664,0.010748371123768585,0.01713129887542819,0.0057836696492876705
2014-01-15,0.02007707998528363,-0.004200830359208485,-0.0006786884274223581,0.0008447444696293438,0.030308457078881634,0.027390025990808864,0.010732147263737613,-0.0009888444516796824,0.00498520248532941,-0.00343003372815065
2014-01-16,-0.005579730457458298,-0.0001768249466754801,0.006616769104749176,-0.0016879493749214491,-0.008404758473328888,0.0035361026323432743,0.003123257878254515,-0.0028475729339455524,-0.008893113260307728,0.0016200875633038958
2014-01-17,-0.02450183136828421,0.009625990057499978,-0.004921310898894693,0.004438117063301661,-0.01491756854463866,-0.013824662393995157,-0.004358773515442005,-0.008440758648672664,0.046940394028816446,0.002223349068315672
2014-01-21,0.015536820371644833,0.018618235859243937,0.011447041044350126,-0.010835242624277042,0.0010321619478479427,-0.005772666688543371,0.003752311946632947,0.0037559257231434273,-0.0010766666824661986,-0.006656021436640791
2014-01-22,0.00444366002567409,-0.006166398577320931,0.0011342069821689282,0.0030837096217144477,-0.00997055097714239,-0.006635410686256282,-0.001246016045285958,-0.004373258185343953,0.0045701970154712335,-0.006294269776138117
2014-01-23,0.008468090701185815,-0.011543952897435927,-0.00422306333532374,-0.016751006582155115,-0.019447606851076937,0.003618304103353953,-0.0037431854055330893,-0.012495094185851152,-0.020344041219391484,-0.009297201054389803
2014-01-24,-0.01817834611078295,-0.030685002755106883,-0.03126445149874035,-0.022967513350093505,-0.024438069119512074,0.020798902278912346,-0.025672516983832994,0.012014111936450744,-0.030667919177819303,-0.02186208946439505
2014-01-27,0.00811246047393821,-0.0034055721155459295,-0.020110003049520375,-0.007394196941311715,0.0,-0.021189994000435086,-0.006427325897100822,-0.008966730726084893,-0.022734560754229416,0.0007378241215949544
2014-01-28,-0.07992683040650861,0.0210987489949237,0.019777960362663105,0.0017787999206255733,0.011799054597090075,0.006660935850816285,0.009702454831360008,0.008156107041446203,0.021922301926145416,0.007690687148848685
2014-01-29,-0.011352763374616881,-0.025936227060123107,-0.014327533369800971,-0.01331868490915733,-0.0037676874259860993,0.010752710078170136,-0.00960922179096868,-0.01858219844622999,-0.017378997356539694,-0.005645761917696279
2014-01-30,-0.0019369740341642627,0.048958891422312245,0.02571998729880609,0.006749384767922084,0.008463876152578154,0.005455905295174146,0.016817855837803153,-0.009917487172952932,0.017317280317720174,-0.011775866709377691
2014-01-31,0.0016407602289729706,-0.10997244115170712,0.04014479726020004,-0.011508779789985768,-0.01142843380276104,0.026586796022329606,-0.001272575246527241,-0.0032516054578523024,-0.024673875068658258,-0.019469881543892287
2014-02-03,0.0018578072299788584,-0.034960490141120126,-0.04025505847993005,-0.019102094398231406,-0.018966506584588094,-0.03594071010619193,-0.013375679708666599,-0.012007579129882484,-0.00909804747167453,-0.022895308223651267
2014-02-04,0.014475596361514409,0.005199956138973283,0.004173196685349989,-0.00184351106748748,0.011783568235007591,-0.003563434237592089,0.0058104757228936155,0.005151696309431575,0.005012431683542262,-0.00033302524134604106
2014-02-05,0.007468353625699642,-0.004310898665760399,0.004428253291007822,0.007619126229474693,0.0047316475880272435,-0.014580788513644416,-0.008986203794638992,0.004731431295497801,0.004987510239738091,-0.004887743512038356
2014-02-06,0.005829278804700744,0.023495429795642453,0.014660545051868423,0.01684217097322116,0.023003346026589933,0.010050400269667747,0.01295341821212781,0.005885733049338926,0.015769046592329916,0.0095561675424507
2014-02-07,0.013989952594912536,0.018302887331792528,0.015069456441052953,0.014535439912849668,0.0024785390563515364,0.010502974696143363,0.014706076357091202,0.005331677136659385,0.012648103861726545,0.008685745547573287
2014-02-10,0.01791452581321007,-0.0005815860045791377,-0.00383017681702702,0.011439279937589975,0.002119489749353942,0.006564248200596534,0.003150570217316684,0.009313673936105049,-0.005546230681063302,-0.011702624983688348
2014-02-11,0.013176192253512742,0.0025493681759316544,0.01470654274080574,0.02086319494570965,0.01216066111191072,0.010054767520090824,0.020728615996628008,0.010380004951047184,0.008070854592916676,0.014745480189767957
2014-02-12,-7.472797133101228e-05,-0.034661035070456814,-0.00293217106900423,-0.005915878224567073,0.0015674964236307432,0.00807054257551032,0.03569206585491158,-0.017123099026209898,0.010093125486501098,0.0026416836560834156
2014-02-13,0.015879280852931554,0.022763121002418396,0.01113179778767548,0.0015147133765234244,0.008866034231044706,0.0037369266266638057,0.031491711377473974,0.0040006093915130325,-0.000535182296098391,0.003843011493741777
2014-02-14,-0.0008078694720502488,0.00041991570929011957,0.0024167714053897615,0.002160736507059058,0.0020681732464002955,0.00026566205846045854,0.03168188702721286,0.020565279234278755,0.008703746350595454,0.029312138025844314
2014-02-18,0.0036764027113764808,-0.010353964616348299,0.006717632365742077,-0.006360858981206197,0.0058471691778827495,0.002142532223148086,-0.0005582009673316124,-0.01800979340579878,0.00026483507241215065,-0.0004251392510906671
2014-02-19,-0.0157876288833243,-0.017729469427573252,-0.007052740321381923,-0.005749820091776603,-0.021029988351035867,0.002404873985742295,0.013407629150941958,0.002180276000136816,-0.009643157806538682,-0.0012752875585437806
2014-02-20,-0.011575004245125475,0.006966451351901659,0.0014722667247701882,0.008075127057673992,0.005589078965380745,0.006398528373302126,0.03528111309356463,-0.002815504825304016,-0.0018760102494363995,0.01511440450683521
2014-02-21,-0.011107893024975057,-0.008690704930545357,-0.00026584579513433404,-0.002180565205578411,0.000520739514410673,0.006092772760758924,-0.007454740663308201,0.0006417790189086059,-0.0004476505126157493,-0.0035653095697337767
2014-02-24,0.004378641556625373,0.014476950486270512,0.007243876846492414,-0.004479880720299256,0.007290414804844936,-0.00763572706564819,0.01448485066614702,-0.0014111326758413645,0.012670233676874476,0.014837496480096357
2014-02-25,-0.010405928852286639,0.018591145105317786,0.006177238752018477,0.0,-0.01723252880777304,-0.003979836355249011,-0.00451521952897882,0.0033394635723664745,0.004067427087276254,-0.001348008749295193
2014-02-26,-0.009022525521201419,0.004130352946787541,0.00013922763516660552,0.0,-0.004909180667735047,-0.0018650484678768287,-0.0016006372424390847,-0.003328348673216186,-0.0044032417275053914,-0.005399576123024996
2014-02-27,0.01994789212889425,0.0009172025143076024,-0.0007866621226000348,0.002743838332256887,-0.0010578294383774,0.010408809876729208,-0.011224107480630297,0.004238549918772927,0.0007519397505975078,0.0005222525427277525
2014-02-28,-0.0027100717621802994,0.00547020780052776,-0.0029198725591704777,0.008318752989789457,0.0022933023628664007,0.01188565455125401,-0.00648656233311895,0.006011174744286807,-0.0015029701921577265,0.004486611009934194
2014-03-03,0.0028885051668643413,-0.006407027049691316,-0.01066103664548701,-0.0060793733945684325,-0.010735521302370654,-0.013834269469663374,-0.004896650118710655,-0.01500140012428497,-0.019916392669363736,-0.007998550820944028
2014-03-04,0.006593990355131529,0.011451407566858807,0.01016054870198091,0.019441629516033565,0.018679511930413284,0.016675406499280898,0.010388737637507583,0.012519382354420072,0.01833453858376055,0.010681042959256315
2014-03-05,0.0021080909908650636,0.0232756289166427,0.002757421293682283,-0.008035882406570494,0.015717812430779743,-0.007810586825112487,0.008657537833471007,-0.008030781893727634,-0.011928949765124042,-0.0281808090041179
2014-03-06,-0.003024401354659423,-0.0005639527545890921,0.001108090308981513,0.003240461652343374,0.012724063653875683,0.0010494412522186192,-0.01394854862894146,0.0030842353166649072,0.004712473315668486,-0.000426274453693809
2014-03-07,-0.0005839613812411715,-0.00026865653589280836,-0.003952076252298875,0.0046292566534558155,0.008489037679477507,-0.0065522819411504285,-0.0010879007040365263,0.004099370298785487,0.007593783794936471,0.013118101721050213
2014-03-10,0.0009045664500171302,-0.004112236538700076,-0.00265065722702873,0.0013924703041816588,-0.003366978782771257,-0.0021111760256130596,-0.014705880334291876,0.00191390013539805,-0.0002657945770969672,0.005369028355682648
2014-03-11,0.009738226550425333,-0.00461504946556357,-0.009557978405061562,0.00042842862447756147,-0.01706089577788439,0.00528786397735459,0.009950154492027075,0.00534856003024986,0.007449910198515486,-0.015601652217931639
2014-03-12,0.0009701996877267138,0.004934634962679985,0.0060918744036699835,0.0011763305416780945,-0.004640252497506769,0.006575468843804888,0.0027364023241143176,0.0036730175607897486,-0.004753629346882393,0.002127418552891003
2014-03-13,-0.011106823834352353,0.002347339803347115,-0.015108140984434137,-0.006409962082300491,-0.008632582274719636,-0.009928909392039165,-0.03165905606532493,-0.0006313599656855295,-0.023529646465282217,-0.006050744933364993
2014-03-14,-0.011231570913875832,0.0060025185564875905,-0.01367464648076111,-0.002043071529804541,-0.010797528561590886,-0.005015208461935594,0.004509658861465038,-0.0026515499966524025,-4.5082284215292034e-05,-0.00181471180883086
2014-03-17,0.0039069917925627085,0.003478382463865337,0.016456439980787163,0.012067545912034294,0.013732511354908494,0.009284209548493072,0.0,0.010888659876243212,0.01363416082405089,0.009093304344447217
2014-03-18,0.008846914340118639,0.00994553295246714,0.016072486413183595,0.00010675896954603914,0.008336333242425109,0.03942181894406116,0.023568729523023357,-0.0008766542124180043,0.011752354799745346,0.004134990021777085
2014-03-19,-0.00026367694503526273,-0.014626212632039448,-0.0099153527961382,-0.0037261503672719742,0.004133661115946374,-0.007079546527941516,0.017543882677668154,-0.012410846790592567,-0.011439481715979638,-0.010347485972531212
2014-03-20,-0.004818676017985912,-0.011413939961780417,-0.0017427908466964848,0.005663246231042196,0.031046480085860084,0.026993075298598956,0.0005389465611196353,-0.005838599513082965,-0.008935636718774065,0.009068962351276522
2014-03-21,0.007887462289453584,-0.022630541750708,-0.011794604532525677,0.01923086315745004,0.000997731412709868,-0.004215377991698799,-0.0016154937570364014,-0.005617997625967597,0.006987481690528874,-0.0028548765723497294
2014-03-24,0.011860426656326473,-0.024319197345896493,-0.02122494148200016,-0.007609859016175724,0.014957558907821022,0.008465874550602548,-0.004854527303453593,0.01823273853608831,-0.011729296684813928,0.0034989034098960037
2014-03-25,0.010756557165718883,0.008128443567798405,0.0006823215694233831,0.02289907975828709,-0.002292253435738578,-0.003950722920270766,0.0,0.006431467887165532,-0.010645539353887568,0.0028528670381029464
2014-03-26,-0.00956030185198753,-0.03185703946116103,-0.023085830215983538,-0.0033885696758034767,-0.01690496191214219,-0.013634433464057905,-0.022764086046181298,-0.0038844501484762706,-0.012454157795190546,-0.002212784386796063
2014-03-27,-0.004297197325608404,-0.014385122358351876,-0.015627588728230224,0.0023699073539611426,0.00033386104157751006,-0.010806467406643705,-0.013311163204220544,0.0018872760884438566,0.00041741834509245734,0.016262515358132834
2014-03-28,-0.0011167651389700772,-0.0005318508680698386,0.005267881264614527,0.0016445947725074461,0.0020031155848800886,0.02388185373914964,0.00618330925832522,0.0013808947965572305,-0.0170551740438174,0.015170095172083453
2014-03-31,-0.0002234658538700085,-0.005675530941403384,-0.005035094088897463,0.00810754677918224,0.011159009632609518,0.017121925086245993,0.0005588182226552441,0.010531277847242615,0.017774956082129645,-0.00020485585447005406
2014-04-01,0.00914771793104463,0.019680670938510447,0.018286136996553903,-0.0029524288701137102,-0.0006587260024792929,0.010490211570008068,0.041317421514165176,-0.0032255368931227713,-0.005373492379886713,0.0005118882847545692
2014-04-02,0.0016616813587775336,-0.0030030217064828113,0.00018510429427731623,0.0029611715183939236,0.0031515198433289537,-0.001690008916509611,-0.006434188936927376,-0.002613795647362638,-0.00018636606636746045,0.0022511043153246035
2014-04-03,-0.006930415798986678,-0.024388807305799176,0.005952724902264173,0.00030560381404010073,0.0029762385843647987,-0.00822246334461696,0.010793319709330174,-0.00037467571420202184,0.0016306193562194427,-0.00020413921984707706
2014-04-04,-0.012936416807816875,-0.031832632641972336,-0.045931767809418766,0.001628083460493368,-0.0140124995526838,-0.027797925089556363,-0.030966497852074504,-0.004119748781696186,-0.03399860814044309,-0.005820447967728071
2014-04-07,-0.015700575992556587,-0.016222915796401893,-0.00847317358910249,-0.0053849936439152035,-0.013543323361455029,-0.0017561698183448105,0.00330582379719635,0.009025978284885161,-0.02065458818600574,-0.00595747203112984
2014-04-08,-5.767569971859565e-05,0.029298895093121002,0.03122284480613846,0.001736459222040132,-0.0025421328045240887,0.0005031884920596585,0.035694455131913605,0.010684321107207406,-0.0040314922641973006,0.0069231044841071565
2014-04-09,0.013144383238638646,0.014492280332131902,0.017093762211938035,0.009075860096043886,0.007136666534484748,0.016323011396339293,-0.0010602798032232075,0.0017210290354765512,0.024433681099962135,-0.0012313144637405848
2014-04-10,-0.012898327299602164,-0.04430244188452781,-0.03588803636876248,-0.02435544666904066,-0.031550403841018926,-0.027427629446273416,-0.024416198719344306,-0.004908645425976688,-0.02886167598231315,-0.005651148524228766
2014-04-11,-0.007392528388368902,-0.01696572480540215,-0.0163346635983046,0.0034183860199317184,-0.03658538148727064,-0.0038106850813094395,-0.014145657207067952,-0.004069253253721539,-0.024411022154571693,-0.0006201483282344267
2014-04-14,0.003983728952272614,0.013409016234459559,0.013835173779318088,0.0027872829443136293,-0.006148403405369041,-0.0007653797251413463,0.011037192159455644,0.0006189432942660389,0.022275439227932514,0.011786727891731852
2014-04-15,-0.007130895872720311,0.0005381342337296147,0.0064195931888202384,0.021206174935975763,-0.002911085929728996,0.01454843983130738,0.007096234882919106,0.0003712562824524923,0.015123245412147934,0.008379411442544837
2014-04-16,0.002027118098990144,0.024044553076797426,0.027701932264448725,-0.004536001236327025,0.008394094880185277,0.01635175826548063,0.0021680244566109064,0.010019533043876816,0.026023289731701427,0.012768582129256023
2014-04-17,0.011425651905347056,0.0038000833698974557,-0.03646036905279859,0.0021268791799249342,-0.0007238204556225813,-0.009653117265439493,0.0037858179782805923,0.001347994736571101,-0.006734898372716902,0.004802672487734805
2014-04-21,0.011868106535887435,0.01834356131464343,-0.007306767801773417,0.01050865679974633,-0.0034407803429776784,-0.0017497956108577517,0.00808216158171926,-0.0024467434429324975,0.005674495911851318,0.005078835337946508
2014-04-22,0.0009978638450236499,-0.004684697481160849,0.011365191517137552,0.0018003130021619906,0.01417415909878006,0.0012524711141461697,0.00855131607952253,-0.0038007732088165547,0.004016811234464734,-0.0055484509714945895
2014-04-23,-0.013071827672832992,-0.01439326596799273,-0.014647104552622747,0.00039911345589671576,0.004300500080050451,-0.007502446100956295,0.011658765917887948,-0.0030519143084586364,-0.005477535248652798,0.001295542822040252
2014-04-24,0.08198241715099774,0.03872696907977402,-0.005711531399389291,-0.0025944825483660283,0.0024973827743604016,0.004282891670235323,0.008905411513962846,0.009830997939450192,0.002778082654295577,-0.004875452908388533
2014-04-25,0.007344701689850908,-0.09882843592887003,-0.02121857988896858,-0.00170017990014526,-0.008720280889858767,0.0012551002102183517,-0.0275182166413388,0.0032035760113193756,-0.05000001192281933,0.003999192164195087
2014-04-28,0.03872787875108408,-0.023861978341739754,-0.00022924868965534806,0.01553240792818733,-0.0037702747219098276,0.024053612452297868,-0.004271361719912048,0.0187935568924964,0.012516952366704803,0.0075691311033248
2014-04-29,-0.0029622850611542573,0.01281270310355409,0.025526690121722373,-0.00305920052527231,0.0109928414301379,-0.00880826284255598,0.0021447746902127918,-0.006028158259182015,0.006206021878991219,0.0027674874018905893
2014-04-30,-0.003782068646081216,0.012484186652458318,-0.002703502692129267,0.0025736817182568927,-0.002138666780593934,-0.002715579305291871,-0.01177077864405629,0.0013342209552118511,-0.0002963887871908488,0.009462688827461818
2014-05-01,0.002355214843561493,0.012363116080724268,0.006823918777515425,-0.007503327054438347,-0.0046446013363510286,-0.009900691278382778,0.005414019865574327,-0.00254392587997454,0.01717584828347074,-0.009764298134922078
2014-05-02,0.0018596376828174943,0.00038978329176453386,-0.008653156256342331,-0.012135473726501589,-0.00251283418812831,-0.00775016484714075,-0.007538948246859856,-0.005100568211400702,-0.008103265001599858,0.0059163478653807555
2014-05-05,0.014142191214942423,0.006623114890180748,0.002734774718273991,0.006947603663965074,-0.02446915411339956,-0.006550454367177494,0.010851951636489776,-0.0026858366536802736,0.013257436199239692,0.00882263599883859
2014-05-06,-0.010899571574352618,-0.040864322699897704,-0.023835781018736735,-0.004899545420966933,-0.01623036456352145,-0.009384069924870286,-0.02039732992214438,-0.006976359988471681,-0.008545357460122083,-0.0023323405780468764
2014-05-07,-0.0034986991276382273,-0.01570384516932133,-0.008745176918494968,0.014068608423696505,0.01331101905243992,0.009216897579060745,0.00109585707885973,0.01183277682673034,0.016263890203686238,0.004286200555555508
2014-05-08,-0.0017831480259961063,-0.014997751269122173,0.004189094713036079,-0.004062802499954721,0.005735627091468576,0.005580636428839103,0.012588871517861921,0.0008525097562943618,0.010541389770791776,-0.0076621783044662495
2014-05-09,-0.004166453909296264,0.013596010974134431,0.012399810181846993,0.004079376199777496,-0.006438624748197341,-0.0025225122714312986,-0.02432409788898937,0.0027997213551167466,-0.00042672122468911944,0.003148745575902945
2014-05-12,0.012449626854417195,0.036339937499481945,0.02242596679507014,-0.003864477477661721,0.01184983994001465,0.010875369265216372,0.029362298210382942,-0.0080108307636092,0.004221898493947718,0.0027462885680529237
2014-05-13,0.0015685535674039297,0.005877349532256826,0.005776108620662246,0.004973957131313211,-0.0005495497904228763,0.018392325261671116,-0.016145909950360804,-0.0014679854576239437,0.0017005131337102242,0.0012720008031619212
2014-05-14,0.00018605672063243262,-0.023043643496613697,-0.013166093540843082,-0.0014850769503316208,-0.004759674084247267,-0.004453215616941231,-0.009846871782484778,-0.00539155272316838,-0.008504378594917372,-0.0006841289632830705
2014-05-15,-0.008503999731734324,-0.008164775136714542,-0.009898886707411902,-0.0017843612752904692,-0.01563675679187837,-0.01590522314492704,-0.005524833030393528,-0.007885068998140343,-0.01148358515842507,-0.014761668031007313
2014-05-16,0.014758596951244929,0.008503044333725729,-0.0015495339542427322,-0.001092427615389413,-0.0037374625566168884,0.005808658078718665,-0.00222236456929914,-0.002483145226126915,0.011376185463102706,-0.00039731809351428726
2014-05-19,0.011849299842824124,-0.003157536487252033,0.019931602219394717,0.0005967145200391766,0.009754054510781929,-0.002008575759109843,0.03229406023747261,-0.004979651323926637,0.0026211912991398467,0.0012909392187983038
2014-05-20,0.00019823614155112246,0.014927850021058786,0.0028952312820968995,-0.0038749503654104123,-0.002043335866144136,-0.0017608119545127199,-0.011650077102595358,0.003753312227988026,-0.011599153277763397,-0.0019830108816990544
2014-05-21,0.0026458474033292934,0.012683023210012356,0.017228299845671646,0.008877589759120896,0.007446486571951905,0.016884721651532875,0.0,0.003240578400403704,0.010484833250530068,0.013509656247358448
2014-05-22,0.0015829978000749811,-0.0003278656129942492,0.010460323840239427,0.0051770675925588705,0.007944629610439957,-0.006195684262524259,0.004386080130341918,0.001987689078674526,-0.0034744686137059277,-0.005194686155764128
2014-05-23,0.011296834976775028,0.024039937282877233,0.015032900731042576,0.00019811671345815185,-0.00036642809496600925,0.0004987629679507055,0.009279684452933923,-0.0016111225516926009,0.012895777435087297,-0.0017734840816475694
2014-05-27,0.0187259258319028,-0.004547789973457506,0.019634633346296004,-0.001683553366843893,0.011186563400743088,0.0017448001461279894,0.01784743944854994,-0.005464735537191734,0.011458700618209638,0.0003952006230907301
2014-05-28,-0.002589789173347623,-0.0021234149406722524,-0.007688744107081424,-0.005058966867911074,0.005622245569605333,-0.004478701055510181,0.008501148538158976,0.0002493159331504735,-0.0032636331558300036,-0.0029602604825842427
2014-05-29,0.018221074418880656,0.011671379384584846,0.00019281406665649925,0.004586350924806748,0.0048691881406752735,0.008247986581151556,-0.001580619909387182,0.0037454135801071597,0.0040694523388356,0.0020781046441828988
2014-05-30,-0.0037456629758290116,-0.003919978890176923,0.0019103664325914593,0.006947110063115325,-0.002692059570366556,0.01487375379745104,0.0026386252962768975,0.004850789360256291,0.000745013297949626,-0.007307156451780372
2014-06-02,-0.0068722944868286895,-0.011870049353066792,-0.012787545232685327,0.006998169440688429,-0.003958993015744983,-0.0036641920371505154,-0.0031577138471274857,-0.005322549024862067,-0.006097570406132458,-0.005868936809977909
2014-06-03,0.01414165760001107,-0.005342601715119133,-0.017418600776728743,0.002838254314611044,0.004516474134254711,-0.012258148460517204,-0.0042239753316661854,-0.00535083058904906,-0.01030359940908887,0.004502571981911396
2014-06-04,0.011418621130118378,-0.0013346907905279481,-0.0013524764470463913,0.0021469644854563708,0.001438883197491414,0.0007447295023146339,0.0010606727703459384,-0.000875748331798043,0.0005205080649268723,-0.003486017895376059
2014-06-05,0.003923635683286797,0.05472974035798206,0.020171177818563812,0.005259030217994898,0.017061491297923892,0.022073625488365112,0.004237132738866167,0.0031301558899829995,0.0037361852487862723,0.005098047272048101
2014-06-06,-0.00274994089663827,0.018852200132677854,0.0019471170582359143,-0.00038735219983343505,0.006004377451317877,0.006551494815521641,0.0036921129248828066,-0.0009985590456004223,0.003675622444358595,0.010442407493040928
2014-06-09,0.0160017704905413,-0.006582311407839381,0.008303462399338546,0.00038750229970174743,0.007898792130158983,-0.005062781919491943,0.001050999547038689,0.0007501521210449003,-0.0019717052497197907,-0.0007879135045788521
2014-06-10,0.0058696882232422976,0.014992400890088353,-0.004257630474222784,0.008525451178914567,0.008359563093030209,-0.0038764345272778167,0.005249348843833657,0.0007489891283114503,0.007855825548219286,-0.0005905498527402075
2014-06-11,-0.004137891564847118,0.008393228817907605,-0.0014077615825601741,-0.007492575958363723,-0.01088086998303095,-0.006081364617253282,0.013054809935717282,-0.0011229763100550905,-0.007327881626157828,0.004829338711200171
2014-06-12,-0.0167271201063951,-0.027714822249562898,-0.014096919167522759,-0.00764655066735076,-0.004016124703976054,-0.006852579966168171,0.006185404901395852,-0.0037470175589703336,-0.004278819896192276,-0.002844185359066387
2014-06-13,-0.010943807734684952,0.00110457790598395,0.0015191863830383845,0.0,0.0,0.016017384143194535,0.0010244885075818555,-0.0015045782405816999,-0.0022665102942964754,0.00973809691469496
2014-06-16,0.010078997963765657,0.00413774299740477,-0.014366010855259459,-0.0007802287649377737,-0.002980469790964446,0.006548539696733746,-0.0030705125962463553,0.0006279081864661862,-0.0049693917297206625,0.0026299639927473972
2014-06-17,-0.001301418878726479,-0.0061046565107525375,-0.0030418174115180996,-0.005075187911487866,0.009671282852791396,0.004337436455064347,0.00667358960125175,-0.0013805982413505058,0.0027110477031082603,-0.004858173159568824
2014-06-18,0.001085519552768588,0.02690250731818078,0.01823403943173929,0.008633136386806406,0.006269420594631425,-0.000719238022682922,-0.0010199144615107292,0.0026392031730353427,0.002087305757707769,0.003027502184286046
2014-06-19,-0.0034712361381551426,-0.022070667159047597,0.007722992572788856,0.009726553625642786,-0.008307116142345583,-0.003361847068416246,-0.022971152189381838,0.0056392759329415565,-0.0044021528381728015,-0.0009733086216092701
2014-06-20,-0.010341634889988072,-0.008562770258754293,0.0027080458100865457,0.014064137926097287,0.00436313909723407,0.0040953707770052805,-0.010971585092092062,-0.0038631222680296506,-0.003946659707254496,0.011691939841643517
2014-06-23,-0.0008797643575141345,0.009376954708880447,0.013715202922083947,-0.004939534621974495,0.011120751460132361,0.007437550187492148,-0.01162180391446943,-0.005129297102118957,-9.579616605981389e-05,0.005296940592632415
2014-06-24,-0.0060556334382994015,-0.009412011563928013,-0.003047174817741527,-0.0015274872191655131,-0.013232723171965999,-0.005715327601528819,-0.015499770852490435,-0.006413588175712248,-0.00801973209399709,-0.01580703233505132
2014-06-25,0.0008863855686638278,0.010118432603799077,0.023387033675618563,0.011186565240075996,0.0019155825551364636,0.006706283073787178,0.010315180314769634,0.003923260539437035,0.006111716067919382,-0.005743554805247131
2014-06-26,0.005976022734843989,-0.005344467378244899,-0.0019798615443406,-0.0010402880482618393,-0.00243313692763103,-0.007374965425957614,-0.01343368357241026,-0.008824631252364101,-0.00047829727125014987,-0.0010768919695400836
2014-06-27,0.011880948370251776,-0.0034388378789398377,0.0015734476173503431,-0.006246720906140868,0.002439071522621905,0.012703329923158035,0.0010891480152972477,0.00508761981688699,0.0015313790799242888,-0.008036764062258173
2014-06-30,0.010328332091890324,0.0006470070546686912,-0.0017417540035142842,-0.003524169649569031,0.001564746776792525,-0.013018008127865355,0.008704864666253309,-0.0054421766866756816,0.006833119705731416,-0.005236772863717376
2014-07-01,0.0063489730442247705,0.0234311767104034,0.011664777521942282,0.01194789638255922,0.006116576731138856,0.004077147507446366,0.011327261961335378,0.008780227880952562,0.01680019004147648,0.006754312461643375
2014-07-02,-0.00042783835022408567,0.001383959701627413,-0.0012003821651409563,-9.446426377790473e-05,-0.01042211218016198,0.0007164087721915902,-0.003733464061662084,0.003532118198189549,0.0027538195434420043,0.0020716428797709074
2014-07-03,0.005883782909444024,0.013940234460910528,0.003893146315347318,-0.004156719987186919,0.0014043357216264596,-0.0023863558715250255,0.009100645705414356,0.005278790312605475,0.007773031982003298,0.010042011157061381
2014-07-07,0.020631553936673708,-0.011674449633088724,-0.003911661762894703,0.009960385254806914,-0.006660874098372571,0.004544780395505654,-0.007957335516669217,0.0026258696785603775,0.0010625604730265525,0.0005850642709948062
2014-07-08,-0.0064602519047693985,-0.029200990460340304,-0.020922255290692915,-0.007044096851994142,-0.016057870041823463,-0.005001182653518899,-0.008021430907632743,0.004613650437920835,-0.006828718589894978,0.0017533705559507062
2014-07-09,0.00041962708756271283,0.019023536002007457,0.00857533982977876,0.0030264422297197058,0.004662851490056852,-0.002632564619525546,0.030188585088124942,0.013778714336124098,0.004180999823498954,0.007001939957875791
2014-07-10,-0.003669353257335417,-0.006212741183028947,-0.005691045968926556,-0.0022630079152714533,-0.008211307416609803,0.00047997109250119685,-0.005232867630890592,-0.0007344991680432456,-0.0028678251917020336,-0.009464036213244431
2014-07-11,0.0018938863419204477,0.05574527705530308,0.011395751669828647,-0.006616372136839854,0.004319736400444585,0.009594925796299947,0.0021042106184840925,-0.005514233898308629,0.0067735514097999605,-0.008092188311226378
2014-07-14,0.01291756522991272,0.026343229104973,0.012971814695446504,0.0026640750195767726,0.008781161566694173,0.0011873048892758753,0.012598292366534203,0.0019714774963546233,0.01857141796282069,0.009239208660870135
2014-07-15,-0.011715861758171187,-0.0024766758841938685,-0.0020192022056250147,-0.019927927720988503,0.035174962856376446,0.007356470725986108,0.0041474001124943705,-0.0007379233577261557,0.0033932988754694637,-0.002824026375942368
2014-07-16,-0.005664877404134239,0.004119171296738777,-0.004114323181442114,-0.010263395595445646,0.007551169925239742,0.03839856368346917,-0.0010326161251174026,0.004019080452390522,0.004012614627271649,0.013477665054853372
2014-07-17,-0.017830836305170017,-0.009693768452485929,-0.01659265927856901,-0.018098145618548167,-0.014478136060446678,0.010208395419088356,-0.002584143984478593,-0.00667169718754046,-0.021511673061902603,-0.014069325291376944
2014-07-18,0.014394440953259258,0.017619583375950265,0.04182010312202,0.01424755798383548,0.00639496644243831,0.003593154933545284,-0.04455965061887612,0.0018657075745116547,0.010648231173508327,0.00410548991559212
2014-07-21,-0.005189062375621667,0.003066988426043471,-0.01102271080889905,-0.00520635454333751,0.0001717435130745848,0.003356725949099859,0.005965619935047517,-0.003352427927835966,-0.004450466921804619,0.003406549585758034
2014-07-22,0.0083030011496934,0.0030019426580283337,0.008572166106683099,0.011849567212458334,0.007383165232534905,-0.00022291802331808608,-0.00431284821155864,-0.0022417210202763105,0.009305537315322798,0.0044623610119383095
2014-07-23,0.026077228407554998,-0.007482553500273381,0.002684153280863466,-0.002732554374713425,0.0056244094441255665,0.0008917693737988674,-0.021115229780027223,-0.001373504056722985,-0.00027089948615444115,0.006857229503732798
2014-07-24,-0.0016463725646584937,0.0013123606994782655,-0.0036022311626889847,9.765826899066354e-05,0.0028815369140520186,-0.010474102487161852,0.001659439385748751,0.0033756998537559646,0.006961780279887586,0.00028769322304600387
2014-07-25,0.006595812328956008,-0.09648361949147444,-0.00817564649010305,-0.0008802929378878277,-0.0027040659434299785,0.0022518858236681982,-0.01766990771392607,-0.0087213376232812,-0.035781504646478335,-0.010548711011437173
2014-07-28,0.013822156282390141,-0.01111078668871901,0.0015717633922753826,0.0,0.003050256120679329,-0.011910347480687533,-0.003934791578589891,-0.003771143569609281,-0.0025605019332555212,0.011533568351856704
2014-07-29,-0.006463256515863547,-0.0012796219138705434,-0.00846383341322443,-0.0014688287954075507,-0.0092919872879349,-0.001819148125634551,0.0033858095709873304,-0.007695687029749876,-0.0033614241736534822,-0.007856520155385294
2014-07-30,-0.002337989355683967,0.007843732833862305,0.0025086187603162724,0.0033342218760608056,0.004604475714172107,-0.007062940377246751,0.016873051506508085,-0.0062303899113034245,0.0026228093293796384,-0.00289741158818968
2014-07-31,-0.02598051742625518,-0.029518454637735614,-0.026686168676007038,-0.021603067988091418,-0.021048955070110176,-0.00963753215757246,-0.03207978907033093,-0.010747824201344347,-0.01424813627175503,-0.041742931261943395
2014-08-01,0.005543811930835085,-0.01894630550607601,-0.010266535201750138,-0.001898150313775493,-0.020634755567598972,-0.006951227717672537,0.010857248488317595,0.030135108544099065,0.0037914109115666506,-0.0014150454985786265
2014-08-04,-0.005617235202028392,0.021461616952879847,0.015114979314861055,0.0026027386196207924,0.003009918221159591,0.011899338094937706,-0.002261223582186611,-0.005398886346947518,0.0016525799973818867,0.013461154579517798
2014-08-05,-0.004916759038305907,-0.004240376889416919,-0.01568002009292979,-0.003394354261280319,-0.01041510994372119,-0.006686572490082088,0.0005667647448024393,0.002398636006718302,-0.007636151476752007,-0.019274983534279033
2014-08-06,-0.001682109248472785,0.00502688224412462,0.002355553472473959,0.008915812218708519,0.003032655513908189,-0.007892026711637579,-0.0011327453541140065,0.021155482031173012,0.0007125209820859624,0.007943293168639842
2014-08-07,-0.00010609344688816691,-0.007773407297958612,-0.00466506685023782,-0.007745308876238699,-0.005690897070953493,0.011464467541623558,-0.010204136052018642,-0.011715564683298707,-0.007831440583406457,-0.0071730765860509305
2014-08-08,0.0027520334902364496,0.017177711977806265,0.010720351748038759,0.011508279178558567,0.007690852775183998,-0.0006939761898043795,0.08820155206834324,0.010107817202088976,0.006793043323462866,0.014958767933221262
2014-08-11,0.01319397506328479,0.004829541554792538,-0.001193965049386736,0.0007911058361385059,-0.00035482452028279265,0.0,-0.005262900423975148,0.0065474523076616276,0.0005700755188242645,-0.0032308443044585244
2014-08-12,-0.00020851041762959266,0.003109949513651067,-0.008886971757273376,-0.005238979713449776,0.0005323330217554822,0.007407553356900687,0.0,-0.000736300006879409,-0.0013295498267198447,-0.0024304816255437123
2014-08-13,0.013233430721631745,0.021796290955850894,0.021743833328781603,0.011030163856734942,0.006566424434572005,0.012867584958598632,0.005820091703858887,0.0007368425440497095,0.007288646550172917,0.0060913883797646395
2014-08-14,0.002673743232513015,0.021239451650685526,0.00015392510667933124,0.0027523705490508643,0.0045835632752861954,0.0043103261337607,-0.011046808821743026,0.00576804135151443,0.005156091239585603,0.0
2014-08-15,0.004923019551435814,0.0012604609096842356,-0.0016078682724987026,-0.00833195620782512,-0.004036208071280245,0.011746231310780786,0.01276595687897486,-0.0020741221041351565,-0.010963902441764706,-0.0006052555379558733
2014-08-18,0.012043244920545426,0.002697603794230785,0.015401542692655479,0.015123529761768006,0.00845775903140189,0.007144591288098523,0.013655291396593938,0.00807010697523336,0.019649102600866053,0.0049479621311292465
2014-08-19,0.01381605873470626,0.0017936022144013908,0.007440499187245431,0.002531260854463424,0.005766843010282852,0.011152946755831561,0.008066605829868845,0.0030323529025806373,0.003172582057979545,-0.0003013514845809917
2014-08-20,0.00039784351591709566,0.0019395048417616412,-0.0028469311878730474,0.0024282511539064355,0.0013897592894471789,-0.008383090480137412,-0.006195360887153667,0.0014516292879340753,0.0055814081905745105,0.0021109118294688756
2014-08-21,9.993779926453783e-05,-0.008547226051095258,-0.0050218691172695396,0.00949547265204087,0.014920219665882861,0.006006843716095833,-0.009350390125066332,0.005675529614595387,-0.0020817847515556265,-0.004212993137022503
2014-08-22,0.0073572174863860695,-0.003965034634897835,0.00020268376694021484,-0.003768780343160194,-0.00017104005469004147,-0.0015478124807123406,0.0005245438040570871,0.001320993868792808,0.001576200683878426,-0.007856217711859292
2014-08-25,0.0021709920465595722,0.00732832798366112,-0.003324769081505141,0.0012610466881850524,0.014532235634103996,0.0004427316270882997,0.0015721518884608265,0.0017986839921322328,-0.0003237371622561991,0.0025380482286192496
2014-08-26,-0.0064015039292709686,0.02338178013264769,-0.004148613444786675,0.002034399795364905,0.0067408859590853965,-0.0035423886412832006,0.017791800811922664,-0.0019149864591851973,0.0032865472854610722,0.009012309347701697
2014-08-27,0.012290858480941136,0.003949394188152322,-0.008705637970001567,-0.002126812982673254,-0.002510600702391508,-0.003110470859963299,-0.011311036488664272,-0.0008399188778032141,0.0018461032341234862,-0.0011037292518318864
2014-08-28,0.0011750016740934566,-0.009208050725090344,-0.004596971522712656,-0.0026155012867048466,-0.007216337633541903,0.00022310015049420429,0.008320337507453646,-0.0033612266427562876,-0.011652318210785051,0.0004016570469647096
2014-08-29,0.002444779114765705,-0.002882170928779293,0.003515345249969881,0.007575968647631992,0.004902444305123543,0.012254870093055148,0.003094356124999198,0.0009638539134442237,-0.009692312482793897,-0.0011043171296405419
2014-09-02,0.007804956821558573,0.009851334367718234,0.01076649353071324,-0.0035668025985964302,0.0037000285867001548,-0.007483935258314367,0.0025708360353651205,-0.001564570966820611,0.01039871020072125,-0.009752605987187635
2014-09-03,-0.042207133746432035,-0.009871997393732124,0.0015119361556925615,0.003870037267932336,0.0005031466346163693,-0.0028833411082519467,0.009230381037404367,-0.0009641151805130921,0.0007918822914656509,0.006294622662948335
2014-09-04,-0.008287645223441498,0.020501465001223185,0.006140650889540078,0.000771084543063072,0.00016716491194501693,0.006672563178820257,0.017784904628314058,0.009650264047375456,-0.0029782232231506667,-0.007567346505914063
2014-09-05,0.008662703859400711,0.0012429329689513935,0.007822791193387246,0.005585268572328106,0.003349470384718334,0.014361459549015354,-0.0029955471428019242,0.0008368349821352705,-0.00023355855714679574,0.009150400124170455
2014-09-08,-0.006163357039629225,-0.011663471416312299,0.006440343450647923,-0.0035433342425796877,-0.00033394214829085556,0.012198076640940858,-0.009013892357833675,-0.005372143819065589,0.007282722575905787,-0.015011019177040286
2014-09-09,-0.003761592206404152,-0.0367763814599078,-0.016056294133315552,-0.0024025814828931846,-0.013858391733177489,0.006240518857933086,-0.012632587011054186,-0.003960570344533454,-0.006905620193655815,-0.003886887649693138
2014-09-10,0.030717263270697792,0.004791537630211673,0.002449527179752886,0.011464383312671078,0.0027088367679939385,0.0017107257882820193,0.0035823381754847006,0.007832121859759678,0.012134008645194871,-0.005955750525120096
2014-09-11,0.004257343424560078,-0.0024447313299676976,-0.0038927529190134758,-0.004190727887740775,0.009118848846801919,0.003415898127412609,-0.010198489239127584,-0.0017934985534778791,-0.008899125179427148,0.002272632909374961
2014-09-12,0.0022674724770133103,0.00202714953851868,-0.010505685183755276,0.0002866565318151437,0.0045180924145500345,-0.006382752650866408,-0.014940868271611785,-0.0027545021240269474,-0.00423352592131121,-0.012882822949905615
2014-09-15,-0.0002950659606543171,-0.022041714836545268,-0.005573417145911641,0.0013386915953441658,-0.0014991700743324232,-0.009850085287784527,-0.013598424605416604,0.007326477674268084,0.002803259391356727,0.0053246467281640175
2014-09-16,-0.007576446769552048,0.011948533092313252,0.012275453222360122,0.01107727345323295,0.0008339582723053685,0.01124554754910867,0.014846395093923714,0.0025040242569525084,0.012392918786802154,0.011839638604971725
2014-09-17,0.007138438657089852,-0.011471791538951392,0.0076599196475815035,0.0029279639983330608,0.005334556067783547,-0.005132757796576626,0.0005224948791195949,0.0009513751672665105,-0.008145497565309023,-0.003592380593880229
2014-09-18,0.0020672589962666965,0.003086372512705715,0.006708465979240019,0.01092362903733557,0.016746205887018695,0.0034395898512991074,0.015143786477449517,0.0003563950863854082,0.004222210015597305,-0.00484122766332773
2014-09-19,-0.008153577194783712,0.01944615290715146,0.013611941806484174,0.00596208911728402,-0.0034246173064852448,0.017994954768898452,-0.01851863748094007,0.0033259039421544845,-0.0008779397190961102,0.005278834541043276
2014-09-22,0.0009902008020556963,-0.020584305419870552,-0.013429145065343873,-0.0010186012147437307,-0.0032725651760630026,-0.009680303348473251,-0.009958227361438254,0.004024990449499777,-0.010959506596774582,-0.005971858538853514
2014-09-23,0.015634458925173567,-0.0026811031892631787,-0.010196423703117019,-0.0038932235447161068,0.0004924750801782452,-0.010624837734163894,-0.004234882399342665,-0.004362831127427302,-0.006639095314823873,-0.0052826620856742945
2014-09-24,-0.008671139153109908,0.014151969773800843,0.012246620027135835,0.010980785073582577,0.011322636116207985,0.011168261517287892,0.005847810727477087,0.009474198797901678,0.009178227022492935,-0.0021874883414333413
2014-09-25,-0.03813261286923464,-0.01913404126628282,-0.02200781370734617,-0.014175387821884211,-0.02401425729546869,-0.022090202492882294,-0.02167006736962751,-0.01067546448604173,-0.017256776849060795,-0.01638461268890501
2014-09-26,0.029426973549318447,0.003975968343926439,0.004527940636283034,0.0,0.006816198411335517,0.008036679255960966,0.0021612481076260792,0.0029644538458664105,0.005837397858325044,0.01251966078714406
2014-09-29,-0.00635262480984744,-0.00430060773613683,-0.00015311608916235286,-0.005228574115200502,-0.0037977796124288865,0.000646701476457956,-0.0016177433389266138,-0.0016554407307639574,-0.0047658027599503106,-0.010478469531657653
2014-09-30,0.006393238656350997,0.001926551369922258,0.0010207120078420395,0.0004690679899155281,-0.0014918884405898947,-0.0017229032361125718,-0.003779502285739089,-0.00828942152472456,0.011568290212838228,-0.004023971714281371
2014-10-01,-0.015583315518167051,-0.015444709071358309,-0.014921603046115672,-0.02148440127933493,-0.007802007077042927,-0.009922132593545463,-0.009756161945912223,-0.007165296472959937,-0.015747418372241917,-0.012652992666598584
2014-10-02,0.007259617000235252,0.002992481335819308,0.002156681496480184,-0.004314604796699206,-0.008927086870075596,-0.0030506508564340784,-0.0043789364836503974,-0.001082238725648721,-0.0013810744636157946,0.004738338153717825
2014-10-03,-0.0028032460773272927,0.013598777130793271,0.009244524030872947,0.01232564971340655,0.024813221264623486,0.007211799850930012,0.002198857662275344,0.00891012673746805,0.01082391702915464,0.006645042782831512
2014-10-06,0.0,-0.0016730818214429899,0.002609840126613694,-0.0025677828365298083,-0.001990095949519377,0.0,-0.006033591562219831,-0.0026261594825756074,-0.0009436124305920446,0.006388253609308725
2014-10-07,-0.00873257558318341,-0.016201156011877438,-0.023273944594445317,-0.023555311693773562,-0.015121496549327929,-0.012150340342025223,-0.010485953668498582,-0.00490539709171367,-0.01765855471834543,-0.01216654056400579
2014-10-08,0.020759100751933213,0.0180453184543532,0.016791316295928782,0.024611629362040643,0.019065464641262908,0.02745475382294371,0.018405022918955183,0.01226518292745915,0.020716176616858428,0.013280524969452534
2014-10-09,0.002182278013115324,-0.02271458913039448,-0.02215027054510399,-0.026975784447030415,-0.02185429861006316,-0.019880379668314796,-0.019167545662472807,-0.006177160626587241,-0.021896931951238763,-0.029489577534067557
2014-10-10,-0.002870203851058961,-0.01262011950669606,-0.02736448941920744,-0.008326589238883964,-0.009478922943723544,-0.03969461597072366,-0.059184808320727145,0.012311496200210659,-0.013143192561158368,-0.0023958000323699435
2014-10-13,-0.0091336044469299,-0.01586433354216432,-0.018804517243279584,-0.020843750572948183,-0.006151533404853415,-0.00863060552214101,-0.003560657165552983,-0.015585881648088717,-0.0034150216786776877,-0.008297199302585323
2014-10-14,-0.010619772674068995,0.006069470185922521,0.007232751056533537,-0.02128714193261405,-0.002922935294187412,0.0018332349010203863,0.02322797898441853,0.002158951113983454,-0.0076368128715017525,-0.0031920111841662324
2014-10-15,-0.012253707088728083,-0.007589739452744215,-0.014507239100527647,0.012369640854078323,-0.04242129043032816,-0.011662719855876968,0.01513384038245591,-0.007181148385836389,-0.012184188495764525,-0.0036445498904373874
2014-10-16,-0.013122670288027605,-0.010164422091506808,-0.007046028682893168,-0.014560582423296942,-0.008103311124721735,-0.011105701240623267,0.000573569406194574,-0.008559466897227419,0.013733013725478749,0.004211675887123123
2014-10-17,0.014647961398508214,0.0025754812172822383,-0.025981614508784667,0.01983876846434507,0.020333649950408317,0.0208235389495961,-0.001719220879412675,0.012523684586563721,0.014778397147369393,0.006733056873956089
2014-10-20,0.021398678046086417,0.008463969396992344,0.01799335617019504,0.005065839134446026,0.007651163689625262,0.010313947094054754,0.008610693384056622,0.010928728235603868,0.00898028222433278,0.006139626357398731
2014-10-21,0.027165231474989282,0.02978350306956612,0.010612896738449118,0.011693670936940403,0.02295599102275392,0.01814868679007353,0.042686551315102905,0.005108040306421868,0.026269400220865435,0.02048622094678887
2014-10-22,0.005074553252015113,-0.007484224588676702,0.008660981948002133,0.008569007933301398,-0.008285520663772417,-0.011141130017814804,-0.023471545172110808,0.0031443667211077386,-0.011204922933798378,-0.005552851527252489
2014-10-23,0.017865685089561767,0.0006709878855299944,0.020195866296127463,0.013930269681103002,0.010617829434278248,0.014421075634788227,0.022358274643217158,-0.011872190339923927,0.015930265594308546,0.010522854765007805
2014-10-24,0.0037203584644782683,-0.08340255932342533,-0.008579359474835235,0.004871955374676551,0.011712235830636963,0.024655882010431007,0.010388767633190632,0.023188124465105542,-0.003733261358396467,0.004037854211729419
2014-10-27,-0.0010454677692826042,0.010137266514070875,0.0017852264970183995,0.009114337153478091,-0.0017028686978168839,-0.004769333958301036,0.0005408849997667886,0.00927699070484067,-0.00032792813729054515,-0.008254804612819355
2014-10-28,0.015507433455768549,0.019381324953812618,0.01647653379271863,0.00691848294956765,0.016883116194175818,0.01263377501903351,0.023796543206140885,0.006049581327899123,0.015463208642987336,0.014833316593370505
2014-10-29,0.00562127314902483,-0.004973082954598418,-0.0008767861401965948,0.007348149990857422,-0.005702191748163554,0.002796025393857482,-0.006338901348138859,0.0008098876035220748,-0.009459530803232252,-0.005362979688684155
2014-10-30,-0.003353991291574987,0.01682982867000704,0.0032590294017640353,0.014020570069483984,0.0016865481194818788,-0.012226157077373512,-0.006379804089942098,0.004622116467896786,0.10244070379450299,-0.00148030694891077
2014-10-31,0.009534645285073973,0.021366233583022698,0.013564794687860982,0.006913208067642396,0.01835344364081193,0.01954356982201788,0.04547870911666907,0.0037958260018107204,0.02019901866077589,0.023928184915001927
2014-11-03,0.012963091808133376,0.0008512072600386222,-0.007219869432002812,-0.002968711123234824,0.006613711370404118,0.010436708881492507,0.0168886678421174,0.0012604706291710066,0.00045534425811566415,-0.014993070177561574
2014-11-04,-0.007312765144414257,-0.009518525494504049,0.0007449656792202219,0.010794626827297149,-0.010348170596592099,0.002740416219068509,0.013085147228489635,0.014419706765949503,0.005920488181471617,-0.00776861279152119
2014-11-05,0.002394138640986254,-0.020772091649231994,-0.014605000985681404,0.0018413136373807149,0.01493767849768557,0.006096214620531004,0.0,0.004061386630517916,0.026999200042911786,0.005819233893648246
2014-11-06,0.0028599970830638366,0.0004046651179054894,-0.007662641368059719,0.0017454805939325357,0.001308062994238357,0.017551286555295587,0.004470751212140245,-0.0011237375544174144,0.002244281696624828,0.012516912728580687
2014-11-07,0.0028519201237162672,0.010854925443075647,0.0002357149847971307,-0.007430228185821064,0.00391990934436981,-0.00041083020117493874,-0.021266261839706257,0.002587314616533831,0.00935675453584639,0.010672634906069511
2014-11-10,-0.0016511729835775313,0.017508157722325723,0.011616148090370482,0.005730366919499019,0.0074833035473831355,0.004313956814156139,0.011622361196020448,0.0035904319075603652,-0.008794709235768305,-0.003208994397042808
2014-11-11,0.007994053486151564,0.02261481240549923,0.005481540699698639,0.0008269035036656547,-0.009042539609719014,-0.00040932615976285724,-0.011987738107810397,0.002459502691426918,-0.0019184325857726225,0.0013501870071435107
2014-11-12,0.014129770232415462,-0.0016025494076099545,-0.005416208762200281,-0.0014689544309440805,-0.013198476772607104,-0.0018416112506378646,-0.006572529978936759,-0.002118936522051862,0.010832566339999072,-0.010683898436086414
2014-11-13,0.014111956601576603,0.015954597374066237,-0.0032421354483104237,0.002942230864954043,-0.005449140131679964,0.01701551612171226,-0.005088957938720995,-0.009834712649194555,-0.004088314315379593,-0.00754840349420971
2014-11-14,0.012054826797482043,0.03583167190663206,-0.0022463549900701985,-0.008342997749669512,0.0008299839581196178,-0.0006048958633566581,0.012275740991025241,-0.005530187077052329,-0.008289472243617202,0.004542383710577802
2014-11-17,-0.001664280513476557,-0.014550703691873168,-0.015400121516242704,0.0012941867673157414,0.0016589353467619805,-0.002420226808106163,-0.004547751517137155,-0.003064391401594313,0.00385828917655906,0.0002106214192076905
2014-11-18,0.012983534599632751,0.00581952402308672,-0.0038966784596785597,0.004893812096466776,0.0024843676235541956,-0.008342040106764093,0.023858368784201556,0.0012522910539614074,-0.0002805048716686409,-0.0025237322700233378
2014-11-19,-0.006928073740204321,0.004954891759594071,0.00494022565148744,-0.0006432066457838781,0.0011564070268366144,-0.010668734766394405,-0.003734077003466063,0.008868525500675961,0.0005210080491833136,0.00780048290072255
2014-11-20,0.014301897032414912,0.012249694803184497,-0.006286554200984451,-0.0053327042567098415,-0.007920977757883474,0.009954577764312411,0.016491270831524574,-0.0029302282546032066,0.007243751424044653,0.0021959964059856674
2014-11-21,0.0013758298888797427,0.006322975385312901,0.00391724684225192,0.00353549680119869,0.005489367250690602,-0.014784598984540098,0.005407947776932653,0.0014693008911697003,0.010132105143581649,0.010331588529916447
2014-11-24,0.01854518707077335,0.009049054003717583,0.002912635801450403,-0.009085850049136424,0.008436620836901998,-0.008128270762602807,0.006357712561290807,-0.005530187077052329,0.0015735010727617738,-0.011258927356958215
2014-11-25,-0.008682155830495808,-0.0017875569081948761,0.0031964645437554395,-0.0016843014129036549,-0.010826599629712552,-0.0025217779394020035,-0.0004867274764820406,0.00783075791260135,0.010368622784490578,-0.009820136053382389
2014-11-26,0.011904860505147719,-0.004387630334629633,-0.002731166968638732,0.0047796168136935435,0.0006631646962171889,0.005898803601458669,0.017015222612902114,0.0009009437210647508,0.0,-0.003165077938327987
2014-11-28,-0.0005884501661155284,0.015199208356219573,0.002464831187168892,0.009700905601579768,-0.0029829937478884627,0.0012566638770090677,0.002390222734757197,0.01743919870303201,0.0036150570251507474,-0.04170193128554556
2014-12-01,-0.032455929216264834,-0.03732577362974365,-0.0171741771318622,-0.0020325158006326838,-0.0026597800629132307,0.016941742410787386,-0.018597501854662135,-0.0038705373126128872,-0.00015518057962160547,0.01999066718920184
2014-12-02,-0.003824097077578137,0.000950983010086448,-0.0019641622753759913,0.0044430121046186155,0.01800007742340437,-0.0032907394617842645,0.0014575841325512595,0.010990477334448245,0.007205253136179257,0.01992451401063078
2014-12-03,0.011340825807385047,-0.030063463720746086,-0.0030080628259755438,-0.007280312952750556,0.007531339768193535,-0.00784155342457138,0.02571538627141856,-0.011749255522585766,0.006115083484335315,0.008068971293167637
2014-12-04,-0.003795135404167871,0.0013586469334925244,0.010447497187625832,-0.0014851041206898064,-0.0026001357229903377,0.015806965251714544,-0.008987379479630575,0.006444487299839929,-0.001758309775541922,-0.006108541973432802
2014-12-05,-0.004242998660376696,-0.013567674073467817,-0.026724107724610313,0.008831925066468349,0.021505203776498893,-0.00859959068764693,0.005727604367681272,-0.002208155779156118,0.008462915521927572,-0.005828202730601362
2014-12-08,-0.022608525020025527,-0.019160058901277366,0.0050182824529481085,9.230619199773749e-05,-0.00047827345268114385,-0.014870097962079387,-0.012814426164024728,0.0042045828135930385,-0.0009495397842715914,-0.02259644786241166
2014-12-09,0.01530261715880532,0.019110372128923636,0.01013698864565038,-0.004330942765692014,-0.0035105060376997566,-0.0023057186761233917,-0.003365377458260599,-0.0005510891025957143,0.003952795665228548,-0.003489658406772289
2014-12-10,-0.019015145770220898,-0.021312011718749968,-0.015052891973456384,-0.016751492204156837,-0.028342383349763023,-0.014498570177033598,-0.022190212464765158,-0.007826948936856981,-0.009161689181234722,-0.029656383231941197
2014-12-11,-0.002947677795194892,0.004969932940954047,0.007707686601500896,0.004518166599688955,0.007580556550001782,0.0057566608415082765,-0.0004931899419926555,0.004555640291769691,0.005349402661207314,0.005977407578394711
2014-12-12,-0.01693238082786863,-0.000130131119048138,-0.01992066882761412,-0.02145790443540585,-0.01799151875767646,-0.004664011890743058,-0.031095811684885954,-0.00951223637966192,-0.02409561714097308,-0.029148129882524465
2014-12-15,-0.013670141316386886,-0.004067421533662907,-0.010872330152219223,-0.004500763487442105,-0.014657036063812745,-0.005963752174688586,-0.0030563135189149992,-0.0039082196614326215,-0.0003116142999963767,0.0034643286634234993
2014-12-16,-0.013674596964465935,-0.0359721573342312,-0.034274044484970956,-0.011542889288942537,-0.012339372396634407,-0.032354938351869644,-0.011242024584942945,0.001793570639248676,-0.012816465274862798,-0.005638569090441248
2014-12-17,0.024918178446685202,0.012946518090076076,0.01664113654715149,0.012748031611668154,0.022933814283682352,0.012843517637328716,0.040826994777379166,0.014995674279424387,0.022374760022029205,0.03020464784861887
2014-12-18,0.02961316058536667,-0.003847690351960975,0.016131956654589885,0.02632824919861032,0.028609592803701345,0.038915535886373975,0.003972036379800148,0.014332452887686475,0.019608043537403086,0.02403935309582783
2014-12-19,-0.00772282074784425,0.007288450902766641,0.010532023759703524,-0.01179636977581311,0.007319158998339903,0.0029459663068405195,0.009891819087565645,0.0005434326846500692,-0.009426186680847048,0.027204992554483276
2014-12-22,0.010377518607348923,0.02214069898508564,0.023575125565051147,0.011274212308962195,0.0001613229317576348,0.006714141422810904,0.01762927739900988,0.00597542754356728,0.009706759453398828,-0.0033104858522640113
2014-12-23,-0.0035419401152708696,-0.0008155418241605483,0.012154622554483518,-0.02304675606292883,0.008718319847003109,0.00979600953143489,-0.006255848625411065,0.007451571943297708,0.00397427261522032,0.01350058594852288
2014-12-24,-0.004709145326580733,-0.010643514862019088,-0.0034150761515051586,0.0029727421607337323,0.0,-0.0063986935223701025,-0.003874599554957059,-0.001608317806757742,0.008934588099123841,-0.008563595397206636
2014-12-26,0.017676745329078702,0.019998050039216286,0.008548633825573582,0.004493679457877375,0.001119983629668031,-0.005400806231801503,0.0009725385274761411,0.003436303790138595,-0.003773964093821358,-0.0060776421309709505
2014-12-29,-0.000701651228298017,0.009544148063913793,-0.007774439829625113,0.0025702198154742284,0.006555146699848136,-0.008980998711165977,-0.0014571186399936487,-0.008773965867934885,-0.004463346057700379,-0.001502424461935381
2014-12-30,-0.01220280524606443,-0.0055762012478940415,-0.0037781865220399835,0.00028488101443113756,0.0030178732903309857,-0.009062103802951693,-0.009241158763622859,-0.002590454878195758,-0.003315428254194952,-0.0005371830475203732
2014-12-31,-0.019018725098106093,0.00016110733664120858,-0.00863085011975584,-0.007498172268924241,-0.009026215202106336,-0.01212207948074262,-0.015708996996536495,-0.014177770097609677,-0.008882812818159835,-0.006127564540746477
2015-01-02,-0.009512555612899765,-0.005896586611082388,-0.002091790308664354,-0.0004782190892677063,0.004985519483806433,0.006673621480697944,0.003989802954791122,-0.0071361222424048965,0.010755022838730977,0.00411018403328911
2015-01-05,-0.028171794587970367,-0.020517290123177045,-0.019053950108664175,-0.006984156388006091,-0.03104521202446653,-0.009195727380718832,-0.01689045141816825,-0.0047544830260545234,-0.02207372879948255,-0.027361625488306007
2015-01-06,9.434908219363436e-05,-0.022833334564125174,-0.024679490385174585,-0.004914330568704828,-0.02592858445156132,-0.014677770927847389,-0.03031811515596594,-0.00455513420830489,-0.006443708433352069,-0.00531629961498159
2015-01-07,0.01402221188058439,0.010599740338593344,-0.0029409329463337963,0.022076354701541012,0.0015257866592319758,0.012705168041223347,-0.0026054441509184567,0.005245799959237463,0.013398133266784518,0.010132469358336227
2015-01-08,0.03842210955019798,0.0068360190164749035,0.0034841267749183835,0.00786271576588704,0.02234646664303286,0.02941867121153452,0.03761754671201856,0.011435170918731918,0.013412270676420812,0.016644965642435672
2015-01-09,0.0010727309256501893,-0.011748610100441481,-0.012211246880206805,-0.013628846586205112,-0.01738710371952845,-0.008405044878258439,0.004027911289397501,-0.00932997012440806,-0.014823116690060312,-0.0014100138260099149
2015-01-12,-0.024640677784282028,-0.018590241168821242,-0.007309365633914489,-0.003430777477494429,-0.008594627146996547,-0.012502868405964485,-0.012537232674835974,-0.0036566678791803975,-0.001957622161771866,-0.019217892265637193
2015-01-13,0.00887861498245468,0.0114272047823194,0.009536061222064296,0.001721043658346355,0.00017013928566900205,-0.0051499334023746846,-0.0015240366236149994,0.004226091196903647,0.0029227807214347035,-0.003653238621111443
2015-01-14,-0.0038106238726470787,-0.00498748937494764,0.00823022480112967,-0.007254288541164389,-0.034500618893472,-0.008628526837259787,0.004069520827948869,-0.0034330614788775637,-0.020016535437468175,-0.0028890757408799317
2015-01-15,-0.027140104838764167,-0.02155010661563239,-0.003794819155609974,-0.014519394687568798,-0.032036196813690854,-0.010443490882900308,-0.007092182944049674,-0.0014446002641006483,-0.009508454009769851,-0.00869185668328254
2015-01-16,-0.0077701413800516095,0.01320786597364454,0.01279730584320915,0.015123407664880517,0.017093692817152784,0.016710713756578732,0.018367405853665586,0.015468726555414536,0.007189796479025734,0.024280566456459596
2015-01-20,0.025757207209295307,-0.004471320197683593,-0.0010187133541770255,-0.026432112001034458,-0.00393345999689787,0.0032435234278826997,0.0030059695734672154,-0.0006578247696921169,0.00741357071161497,-0.0003289489119965294
2015-01-21,0.0076341911805513085,0.0269831443733215,0.020492551175152807,0.006022310539053777,0.003230969220489488,-0.010131280778773788,0.013985982710950084,0.0020322540544952528,0.0017128656487799265,0.008563105298153628
2015-01-22,0.02601551684322212,0.043969695198313286,0.032494984029505014,0.01825324852919108,0.030417141388192848,0.026350053835053844,0.01724140254651152,0.009809263175257987,0.0012439704676174834,0.010884730093822403
2015-01-23,0.0051602535172967645,0.006670557333399607,0.008654341413750766,-0.015035033175240575,-0.01580136732469839,0.0010609805333343658,0.0029055883420441297,-0.01680867625828375,0.0026785471074286527,-0.021320067987743108
2015-01-26,0.0010618472220198516,-0.008739099022464725,-0.009650315941754362,0.0005870068504294501,0.0015878829741791112,-0.0036035486693919427,-0.004345485328425269,-0.005550637588914942,-0.006814345744191153,0.009571837323286259
2015-01-27,-0.03501316374602603,-0.009397415550576715,-0.028935195642088574,-0.0016621420434235201,-0.010040679042094713,-0.0925331109569062,-0.04801203657070874,-0.03449439924735298,-0.021595758379466257,-0.008827304079528364
2015-01-28,0.056532980019978085,-0.009258304692531638,-0.01680756038207154,-0.005975016199589622,-0.025800491148969762,-0.034458781166371244,-0.01630131013191527,-0.015492857418621941,-0.018447044612282082,-0.032984987374786945
2015-01-29,0.031133322270113117,0.02589578261385017,0.001561324397231445,0.008868707794760011,0.016803458771834867,0.01990775071849793,0.024339782850824276,0.006106803332396327,0.006657107570730014,-0.004207185866696328
2015-01-30,-0.014634101076608452,0.13711590504758542,0.04738610085194206,-0.021879081278550427,-0.023172331672440594,-0.0383242057200186,-0.02932280077736782,-0.016108255165116492,0.02786263604450845,-0.0018269107491126757
2015-02-02,0.012546822513887612,0.02803710563321249,-0.009952607076170072,0.006890070754660194,0.020044101000897818,0.02178277090215608,0.02187514734860585,0.00984670836648771,0.0016870113242379858,0.024708293448624685
2015-02-03,0.0001688606685865679,-0.0025241873816378435,0.002066935952392379,0.0161660473001759,0.02253456667570286,0.007751510849872023,0.02497414167768297,0.009751003057486773,0.017427936185475668,0.029805831475268052
2015-02-04,0.007669513227244185,0.0033007545975995978,-0.013500860379014212,-0.010735944600231195,-0.005994117775813379,0.0057691314404588745,0.0024864352647497867,-0.0018614384991468835,0.01963114842603697,-0.008563579221974704
2015-02-05,0.007137696220860024,0.02505830029005307,0.007089957849859996,0.010852455966261498,0.006917470505405365,0.01457957484333594,0.016369128855205917,0.010607455558624856,0.026086175294229852,0.009840112818496172
2015-02-06,-0.008420994912785362,0.0010431267192869687,0.0076439476982117505,-0.01327362818400446,0.01972836900625219,-0.000942445189929142,-0.004392446598946109,-0.012572234006659522,-0.01611477461466637,-0.0018545387085725507
2015-02-09,0.006642464298522999,-0.009939126696499656,-0.008616212871429885,-0.013056522753366662,-0.001208890062727952,-0.00117906179581162,-0.000980215974253018,-0.006541366220005673,-0.007329459307254815,0.0006558501470133038
2015-02-10,0.019211494467193946,0.00658461471310301,0.020556164198892057,0.005712654877208623,0.011068785127863467,0.005665413345535386,0.027968813192300823,0.0039977753477218325,-0.003428018042370806,-0.006006798986285089
2015-02-11,0.023438805566033727,0.005737284350710414,-0.003998927292580778,0.00029901864669423794,-0.0015394468495180114,-0.005163511550843047,-0.0066827393206343455,0.002927384094444374,0.007271099886478227,-0.00450524119073803
2015-02-12,0.012652028013009797,0.005411289527123664,0.014888778742587316,-0.019326340364781425,0.020558546724395166,0.016752634453937487,0.07159967900565145,0.004554234150898395,0.018496670136070703,0.019536887467503705
2015-02-13,0.00490287134523415,0.012355161199459674,0.009431949467147982,0.01198676117657671,0.0016784411502679397,0.01810201720382243,0.00044846155158784207,-0.0015109325001610996,-0.004724706557264424,0.010825701439320712
2015-02-17,0.005901763347221589,-0.01676137056164162,-0.011158453828933212,0.00823141998857202,0.007206351659290178,0.0004588388835111701,0.0031376007081200807,-0.00477289002843817,0.004598808458788239,-0.0034272630943662508
2015-02-18,0.006962464737502394,-0.005486974164552572,-0.00433010969502956,-0.0047790715989731725,-0.01214639722825539,-0.0011473904625152187,-0.011617208662675238,0.009006535387602765,-0.006460526351097395,-0.021923553011724772
2015-02-19,-0.002097735812685908,0.015078868098447495,0.007002730596854745,0.007402962547591763,-0.0023576818153421275,-0.0006892455949598641,0.00271221460159099,-0.012172391508367575,-7.433469222795086e-05,-0.017251022321099763
2015-02-20,0.00817437180437941,0.012295503549077491,-0.008509500065990827,0.002599828016819572,0.009623309271726166,0.00827603614622241,0.007213868730755912,-0.003990207048486738,0.014493089030054085,0.0053667518845315065
2015-02-23,0.027026955352514426,-0.009174820930662464,-0.012550745383193007,-0.0007980164362328956,-0.007525270163194486,0.006612034158614666,-0.008057073170840368,0.006127136182471515,3.648781927068079e-05,-0.010119708732963195
2015-02-24,-0.00624045646547311,-0.004077413046397083,0.006822460152860366,0.005190937969527187,0.02476825358358714,-0.001359132726933443,0.010645658778420497,0.0012883035779798213,-0.001977833883736735,0.004606055429934086
2015-02-25,-0.02557322947419627,0.01790849120006932,0.016114354393764296,0.005064530977090476,0.00526157400172611,-0.0022677304817355637,-0.007620179293763574,-0.0004679768347494173,0.001981753462884761,0.0020130417482449037
2015-02-26,0.012656373902078633,-0.0014790774682414964,0.021851563302024646,0.01570997798760909,0.007196460740990007,0.0015912527064130266,0.002709777816123804,-0.0033934880835970738,0.0027106495647699624,-0.010602718485948848
2015-02-27,-0.015028218230815793,-0.012058230442414719,0.00597175080090695,-0.0028207003170378497,-0.004871638372933806,-0.0047660726297278355,-0.0063059881888832825,-0.0004697288125984356,-0.0089136964603731,-0.001241127936846942
2015-03-02,0.004903999599520814,0.014467673309541018,0.022021599556862004,0.006925848920925404,0.007996200963898747,0.0006836046444400612,0.02447879955093679,0.0032894013974493763,0.025727070509045102,-0.005647137082665399
2015-03-03,0.002091723644797483,-0.0027226923140075687,0.006556182869032368,-0.008525442215736034,0.0032375738370074014,-0.01367353506847857,-0.018584221752140806,-0.002927432492175752,-0.010743733069710437,-0.004770467948911894
2015-03-04,-0.006339128753584777,-0.004914047560482082,-0.0007947192131747549,-0.006742465393283048,0.0025821328906472374,-0.005083078933598162,0.011271290892554742,-0.009511285923353263,-0.0056302637085190455,-0.005021748861595343
2015-03-05,-0.016570476507652643,0.013351839346541716,0.005360303053331794,0.008558655933392778,-0.0020925900191797187,0.001161039049616841,0.019170667275217212,0.0033191371048888474,0.001387384964901095,-0.005047164649910174
2015-03-06,0.001503127389282044,-0.019957250762314804,-0.014670562825091271,-0.023507222226168856,-0.017903247865009075,-0.017397252643604255,-0.013560553528962793,-0.023277564284674757,-0.017472764245647143,-0.012796895288305632
2015-03-09,0.004265252552078103,-0.004025359322132216,0.002094620048914919,0.005493984137774577,0.010018070310164884,0.011567177114187421,0.002660948431063348,0.0052022219900036415,0.007722896691613634,-0.005488462614198442
2015-03-10,-0.020685793877998515,-0.02390635046947598,-0.024821529041262003,-0.011226126483512622,-0.025040386639565204,-0.019136613911590605,0.017248893008561028,-0.01865455937729632,-0.02291712288339276,-0.010568345591328687
2015-03-11,-0.01823154798250315,-0.008497717902359425,-0.00743067022108812,-0.012156929934056593,0.0046693935510322415,-0.0011891737822756765,-0.005217556913122867,-0.001839452097951444,-0.0016966610696825812,-0.002848230275987129
2015-03-12,0.018079297151748275,0.021480981698574597,0.009861732545331181,0.015358095055680199,0.018758462845404278,-0.022867762261435498,-0.009178073113588536,0.008600549584601325,0.018243367951098488,0.0023802560846923893
2015-03-13,-0.006910650742941504,-0.009779850663734324,-0.014558919733505093,-0.0062108991827884985,-0.006028899736500559,0.00877573339754556,0.0013231581195263242,-0.0031673479697482687,-0.016877784250113992,-0.0041559220026303745
2015-03-16,0.011004007197853438,0.007474781080550219,0.015623889765497001,0.018647421197939495,0.013934201121228673,0.004349910662232004,0.01189377861285279,0.021141408465094935,0.01505491567757522,0.010611878290063936
2015-03-17,0.016726850253634185,-0.0038301257588269078,-0.007175380581596724,-0.011577235551388121,-0.0038802977937822947,0.0033686942231516692,0.012190386573068812,-0.008497019448720944,-0.01680201302636053,-0.0080226949654707
2015-03-18,0.011256580700073293,0.00865773780829282,0.015333217014693146,0.015717386189302518,0.002272630926493324,0.01918494566340101,-0.016344214308830707,0.010862771907523383,0.011984691761407262,0.023667878549009647
2015-03-19,-0.007550705268472013,-0.005064739217841674,-0.004398040173479889,0.0022665714904213097,-0.008907233379275237,-0.0049414357111883245,0.015303873987086769,-0.004417727063421695,-0.0016062676220709449,-0.019286237978793808
2015-03-20,-0.012548740745529252,0.014065954686622861,0.0022708655056349336,0.006982007883087116,0.008987285226231378,0.01395163230087304,0.010766675056847141,0.016311009056845904,0.008980876069201615,0.001539842822800841
2015-03-23,0.010405210672765675,-0.00893015522852103,0.000743409689789809,0.00566435316447933,-0.00987862820430363,-0.00046653156473253077,-0.03238201987908129,0.001416645376594916,-0.00489577006495634,0.010527701147326374
2015-03-24,-0.004087811926230311,-0.002719233981241631,0.02152584811032865,-0.00990480131697602,-0.011122155310122839,0.0009331862201689134,-0.013650230263972496,-0.011077713706102887,0.0002987794554494272,-0.010652581104044434
2015-03-25,-0.026126807300420607,-0.008366963084348256,-0.018249995768584326,-0.015888809862252162,-0.014058741682976272,-0.03356650428557484,-0.06071397522734523,-0.010843575002945305,-0.020418150295769766,0.004022994318950479
2015-03-26,0.006970234354080285,-0.009731508909358144,-0.0059258433695850155,-0.001993553975012441,-0.0011742674007710896,-0.006029872148753612,-0.003327415337669004,-0.010359881735526821,-0.002129511467714229,-0.006363714837561929
2015-03-27,-0.007968387118754361,0.008738237108327551,-0.010804869360591773,0.001997536171186809,0.00016785082249493044,-0.005823949959866348,0.0195516970859837,0.001947287556226307,-0.0007625001542630461,-0.008775749052571946
2015-03-30,0.025314223019452742,0.010875428556369249,0.006438916642939052,0.012059207702795671,0.023677613721041713,-0.00024381377029236706,0.004210024238058718,0.004981127140318176,0.0018313337980297995,0.024527171408652126
2015-03-31,-0.01535155213368189,-0.006647282408785982,-0.011476642549328009,-0.009355268128310112,-0.006233726856337274,-0.007324696501508798,-0.02515147591652367,-0.009429614751563786,-0.003807429147532515,-0.007356880003688948
2015-04-01,-0.0014464535495416486,-0.004944856555692212,-0.009392422468076589,-0.014413379070918109,-0.003821675332940311,0.0014761219410426296,0.003821951760569542,0.0046379469722068745,-0.003516457456547162,-0.0063531598868079575
2015-04-02,0.008611482045160379,0.005374533903473866,-0.014886455999095105,0.004941914274813053,0.009507784241194583,-0.01056008421672916,0.00237981666414111,0.001336348899546591,0.0016877353211315338,-0.0018940084913973143
2015-04-06,0.016198366879167203,0.012867699427462354,0.0048770041826760036,-0.004817056380923779,-0.0008263006455833111,0.03127336448727558,0.028965044070489165,0.007399636741071358,-0.0013788064955334578,0.009845295304139468
2015-04-07,-0.010522164246296262,-0.006975299267686141,0.0016729170820364292,0.009479395522099088,0.006284215065935239,-0.00048157257131076214,0.008767665440722494,-0.00782731367173728,0.009202834617479949,0.007283047461835723
2015-04-08,-0.003253521633455825,0.018135119400701116,0.007304678414246979,0.0005992090648223591,0.0032868574731035327,-0.0026486893259916044,0.007319388036597374,0.004612233975991087,0.010637980716153406,-0.019708305629253742
2015-04-09,0.007643331607760873,0.006138540562031336,-0.0014941390034510782,0.011681682589434583,0.0068795950165685404,0.001448713609341068,0.02316060290814681,0.0014497316610648792,-0.000901982386378064,0.007018619811187676
2015-04-10,0.004266600636669393,-0.0023205063798260595,0.0009488229707435014,0.007204157039801373,0.003741723585487744,0.005785933481187389,0.01020875526622289,0.005549711564029947,-0.0015050548285513443,0.010750016239024385
2015-04-13,-0.0019668098473972773,-0.0007578551960234492,0.00018234426245955504,-0.014795194935959932,0.005996455606878337,0.0009588996543552497,-0.009226573061637544,0.0009599085369103033,-0.011004214317698824,-0.002570969246420307
2015-04-14,-0.004335833668594469,0.007192214809078612,-0.01614887016972255,-0.0002984188457502146,0.015627969359936156,-0.0026343142761406924,-0.00842551267123004,0.002037544151435311,-0.001219376632408009,0.015115747509014454
2015-04-15,0.0038006206726464153,-0.00431046608425123,0.0023341534027461197,0.0007956416186705173,0.018559272776865088,0.014645895702807499,0.01207518352444037,-0.0010764255246801246,0.0022895321322906614,0.016737939549737346
2015-04-16,-0.004811598980685949,0.006754436369916572,0.00458381406677022,-0.008051444854273448,-0.006229166276475406,-0.0023665643024892713,-0.006186928874239772,-0.00012007935123858893,-0.00045706164006598105,-0.003973514928123589
2015-04-17,-0.011254920008375469,-0.027147454491968093,-0.019833714524881363,-0.0021045284949091636,-0.015201570986725144,-0.01280819551736978,-0.012894738958402652,-0.011616553540294339,-0.017212600463976546,-0.009119093365511532
2015-04-20,0.022845767736667577,0.03714454326424965,0.02213092187925869,0.0063267961454960275,0.006365050983928144,0.030994879657033847,-0.004954481800532373,0.004119654616119739,0.0031000698078982314,0.003566121148641521
2015-04-21,-0.005407315240362198,0.004287433338775237,-0.002956732476668944,0.0008977748328391488,-0.01470563006950476,-0.00629242215293746,-0.0013582357426185077,0.002534079098050146,0.009733840944717631,-0.0041262676827328315
2015-04-22,0.013474034946694635,-0.0035278001987215646,0.011530257889039941,0.0012961298258404863,0.010110719557213654,0.008208165310973348,0.01133293979650185,0.00012051217927777635,0.04070387935981179,0.006675766380458192
2015-04-23,0.008163432596109521,0.0004874552925402398,0.01507699078268998,0.0002988790842965994,-0.002224309819193193,0.008141547495163604,-0.004034304022032753,-0.017919309837715613,-0.004263678395719173,0.0009148370336213851
2015-04-24,0.004704230324540815,0.1413112565602248,0.029060471160688106,0.00617184731210374,-0.0031847971994841684,0.10452204317885117,-0.008550644275424735,0.0006180921700171815,-0.0035441499632327123,-0.0065115448378236795
2015-04-27,0.018191715461594038,-0.014693312812301018,-0.01314378612770084,-0.004946778819317488,-0.0041533089788513555,0.003342736245606881,0.007716244285018492,-0.004938419037767039,-0.005630917751402897,0.00045974819999128336
2015-04-28,-0.01575569905991503,-0.02109173792187191,-0.003091150286423039,0.0015905408335361582,0.00673707195540918,0.023527034967438132,0.004955486223116701,-0.0022334301779084464,-0.004918387038383432,0.009079759805186383
2015-04-29,-0.014705985829239987,0.00013977123367614475,-0.005280203254275029,-0.0034740927162824065,0.01338454588744864,-0.0020341256260515417,-0.007620179293763574,-0.007087543764146886,0.008537087949046063,0.0007973912982564002
2015-04-30,-0.027129948830130313,-0.017677035330704638,-0.022479983245533464,-0.011854006004835771,-0.0053459640988418045,-0.008561305316346468,0.002709777816123804,-0.0042578352777487005,-0.01915665647555742,-0.00569033413844211
2015-05-01,0.030363501040404195,0.0025842226123322654,0.004355282428876173,0.009375099638030848,0.0055326859482169866,0.0004116517070515968,0.02477486425786779,0.009809873715088013,-0.004239448725980144,0.01693913724420182
2015-05-04,-0.0019385927638210232,0.0004020646112508075,0.003048039013670456,0.0021974461702061188,0.01745009259840291,-0.008631314043012872,-0.006153426285431474,0.0007471359358697249,-0.0028890054032670864,0.0029266896737052406
2015-05-05,-0.02253331648657586,-0.004373141299976346,-0.017726638325077926,-0.008470565254891982,-0.004944126734364285,-0.013267087030110924,-0.025652374060924243,-0.0034843108913441556,0.005794688901902045,-0.0056108059106756425
2015-05-06,-0.00627971770344371,-0.004962122471174668,-0.014658320262547764,-0.0033167254814945313,-0.007453833505093654,-0.02773110449292837,0.0031774358307652406,0.004120990195224827,-0.004396690667247349,-0.004740264490835755
2015-05-07,0.006185406709326768,0.018563585797238602,0.013007431071022868,0.004940918283747653,0.009074027298139109,0.009074707543838878,0.01764672118227617,-0.0024873469489863353,0.013857074650834411,-0.006690281530924436
2015-05-08,0.018840911107622427,0.015952955402946722,0.012748251376366815,0.01816202241551168,0.015348698640543557,0.02248446489041811,-0.07381048564113402,0.00947604310483019,0.04340676115556685,0.0158678302878954
2015-05-11,-0.010186566351730875,-0.0019368589267426684,-0.005774712326504505,-0.004335828063079639,-0.0006107495833720389,-0.007958186477943996,-0.009601703924655092,-0.008522752193421246,-0.006478029984534062,-0.016768516988404203
2015-05-12,-0.003562475510645924,-0.004227761531053864,-0.012917281785396528,-0.005543125020403328,-0.0013747136045902941,-0.0004225938158270992,0.009694790431994615,-0.003986278254569875,-0.004781031589405349,0.0027650467332682727
2015-05-13,0.0011122399101621827,-0.00962834448674832,0.0014108084255888276,0.0007961409944161613,0.002447308332741649,0.005913818702530493,0.0057609866720016445,-0.0031270397842998454,0.001166744896573313,-0.00528590065947232
2015-05-14,0.023331563307902092,0.012673656212196072,0.017998365827737395,0.012729881587526082,0.008089822207614894,0.02288450869998715,0.016229476188612146,0.010915750034228289,0.01966495926466516,0.004736615149261603
2015-05-15,-0.0013959799040954568,-0.014527670894737499,-0.00493447665024882,0.0046154738991186495,-0.0025742971315019236,-0.008620595672918618,0.00046956371770168204,0.005957796597726883,-0.0061427137932370535,0.004369199113661404
2015-05-18,0.011027549951612814,-0.0017840426372131013,0.00032943680531660746,0.010947913682293642,0.008197009103438013,-0.006004127566248685,-0.0014089605377057834,-0.0038247941009613706,0.006180679941163225,-0.005723973935858662
2015-05-19,-0.0009215921629268653,-0.008301120322916189,0.004774556536688346,0.005221973354022635,0.008882649467148118,-0.002515614866513194,-0.006234242146626601,0.0011145218557422343,0.0022860554036270297,0.001612065826676723
2015-05-20,-7.710573595687276e-05,0.005098293739187465,0.005880192882938173,-0.00346326403102315,-0.007908869829359233,0.0,0.0,-0.0043300534970071025,-0.005416292901951003,0.0016093310063598487
2015-05-21,0.010226271180813873,0.01833144395456987,0.007782792028316887,-0.004180703945823705,0.002557107502588307,-0.0033633888778237253,-0.00712900592675314,-0.0008696867034487799,-0.005875893722986247,0.000918190134178376
2015-05-22,0.008752437486912124,-0.009267143800650524,-0.004112827425263643,-0.01044697923563287,-0.002700692080178646,-0.010965121052774363,-0.001436723430031428,-0.005720611291051392,0.003603807056068886,-0.007911993922491867
2015-05-26,-0.02203110704246991,-0.005051086238223035,-0.013218592950176244,-0.005229410952391378,-0.011132894676567973,-0.006609577121519328,-0.0062317247292159594,-0.010130784153141725,-0.015512613332275382,-0.0135225818896757
2015-05-27,0.018669952630043785,0.013984473491185367,0.012902352776184678,0.0030746193761364005,0.01125823138077453,0.02189268077616524,0.053545523783510074,0.0031583228458744728,0.013860421607422513,-0.002812231448620861
2015-05-28,-0.0019692056410544057,-0.01124187137514443,-0.00012637458398800927,0.00019753048087345348,-0.004062239320588912,-0.0033606178618889038,0.0137364194657692,-0.0007557363878647472,0.001007489547488749,0.0
2015-05-29,-0.011382693634255814,0.006235760391197553,-0.01598764150360321,-0.009985266768700485,-0.006344091598948665,-0.012433971047400627,-0.0004521292178398806,-0.011849347427905998,-0.012651116534718176,0.0010572383738181035
2015-06-01,0.001996136881857735,0.003937253149593589,0.007133586283471383,-0.0009982419883808324,0.004560347961574562,0.007895809944868937,0.011296864989581046,0.005868354596455738,0.006261074532568411,-0.0008214996643192141
2015-06-02,-0.004443586286685619,0.00016244244026974997,0.008630498173491707,-0.0005999773266183173,-0.0009081769379900573,-0.006563771309933686,-0.019659861584260252,-0.0039318382320021605,-0.0010126711552050915,0.00011751500197232367
2015-06-03,0.0012312496759869784,0.012993373070833591,0.0024190219228594767,0.00110005057050655,0.010300167700763252,-0.00149208096951714,-0.010939450397210115,0.0002545064841401601,-0.0013042042538758958,-0.0022314479765255246
2015-06-04,-0.005840701835680084,-0.013307709211359264,-0.006483210872144429,-0.0085915640776566,-0.005547023489706038,-0.010458470432489708,0.01797285473303356,-0.005218694841952809,-0.010732166166241175,-0.008593395451438113
2015-06-05,-0.005488560975995038,-0.008890835879903691,-0.003915212643308075,-0.006449914535821888,0.016432540644482074,-0.0047456311296261156,0.007696002164950588,-0.00921266526391984,0.002345805533857437,0.0007124911644793563
2015-06-08,-0.0066071899720804295,-0.008080600144492966,-0.011009396746995415,-0.00639005718709873,-0.007860926185672357,-0.008885751398295061,-0.022911567381250775,0.0036161092905482306,-0.010092445240280967,0.006763231667120673
2015-06-09,-0.002973432187716174,0.00467536880062136,-0.002428801296380345,0.002551878997789192,0.004335640100023186,-0.001749872141511899,0.005057725719690653,0.015313340829049338,0.003988983422626546,-0.0031821525119722915
2015-06-10,0.011458352345257161,0.012433000950446749,0.019256315642497412,0.006822010573196202,0.01607639029601371,0.021029640464276023,-0.017840959794042988,0.00811151180288694,0.02472461200567877,0.007448701468046215
2015-06-11,-0.0022500792937840686,0.0051071621147611435,-0.004632574342274154,0.0036411558729556592,0.0038084725168852085,-0.003647168639639542,0.010712345719995131,-0.0016349270363463786,0.0001439929481348301,-0.00140871245485652
2015-06-12,-0.01104291859704809,-0.007044374874504933,-0.004672396630422515,-0.008968125866212873,-0.003940107910082591,-0.010120236414497885,-0.027188453186648642,-0.006800112124265234,-0.004451535707596266,-0.012574569294978466
2015-06-15,-0.0019662234478314833,-0.014537588192468642,-0.008164868927242996,-0.008744820149151122,-0.003809780886986913,-0.01065944146143516,-0.0018951224604021322,-0.009509187554622933,-0.0109622124151868,-0.003570717589214567
2015-06-16,0.005357963510393082,0.008473603388360784,0.0034437547579402317,0.0089243135948196,0.005589227388554052,0.007695837400948813,0.01233946112239881,0.012544898360443923,0.0064165550535362215,0.011466776251555677
2015-06-17,-0.0023508471130559982,0.0012871901942481667,0.003175047595342262,0.0037617415281794297,-0.003364028295142596,0.0030549416332170676,0.01172114323029616,0.012389342601616393,-0.003767535429295976,0.0005905533365182514
2015-06-18,0.004555944973227755,0.02706811420855093,0.01752662317774245,0.016509636043751108,0.009392478341904598,0.016314495148366692,0.016682231584028706,0.009241150082577088,0.010909581099693977,0.008851487974091521
2015-06-19,-0.010009406467228699,-0.010173162897968435,0.0024092537264273073,-0.004981913470154975,-0.010177531857194722,-0.01327018257642032,-0.0031908322725139326,-0.003464431354896491,-0.01165534378245825,-0.003158343491727167
2015-06-22,0.00797790345837912,0.0031500284137579992,0.0038742710848014283,0.002302661962872987,0.012925768498718071,0.0028191688862719833,-0.004115115429140004,-0.001117804003974321,0.005823414678764571,-0.0004696901319398705
2015-06-23,-0.004544878336917413,0.022232858191701288,0.006628952037242453,-0.0030966327537204075,0.01145600881483766,-0.006921393383779062,-0.025711695971656123,-0.008203889519571295,0.004776376252854542,-0.001174096703655314
2015-06-24,0.008501803050738888,-0.011547330678381318,-0.00855556657625145,-0.004509742866500854,-0.010466083377672297,-0.005881131898142433,-0.009896366667979883,-0.0035090245098972073,-0.00806685711598043,-0.004584452843609865
2015-06-25,-0.004761595535608731,-0.0016786433370519216,-0.0011099721246106142,-0.002114773874551279,-0.00536042176332574,0.00021900754215731233,0.007615046180926788,-0.0015094520699417968,-0.0034850152128906853,-0.008857003394925345
2015-06-26,-0.0058820622215760565,-0.004544352553277231,-0.008764107688852496,0.005246087708442371,0.004369771853480975,-0.008543115367514509,-0.020311635584148724,-0.0006299762113460838,0.0018942331897242592,-0.0008337849183774892
2015-06-29,-0.01751504191824227,-0.018808520575811172,-0.021353853964606317,-0.019670689381180217,-0.025380620993433967,-0.01966433517375188,-0.02989363404794909,-0.012855878675609667,-0.029526946061463777,-0.01240169829042026
2015-06-30,0.007227159999997346,0.009840420953164841,-0.002235662839688568,-0.002252010996014464,0.008333217835346352,-0.004958275427652481,-0.0004971542637444148,-0.0010216134622377249,0.006444754218091431,0.004588060084053991
2015-07-01,0.009327832469972153,0.007602064395435759,0.006036673993521813,0.010363322503408323,0.011140951153880696,0.006794976036786249,0.01442065933297787,0.01891636126609253,0.010424504030872583,-0.009975679053838116
2015-07-02,-0.0012633869752211035,0.0007316467345479527,0.007436085514699986,-0.00030503385582092424,-0.008079703106108949,-0.0011245533636585758,0.000980540425139509,0.0026343230338621293,0.0057476149682491595,0.009347998783400424
2015-07-06,-0.003480044651466785,-0.0038153073323394793,-0.003142507766620062,-0.0024379725637587724,-0.0028141658117670776,-0.00022532368556438254,-0.012242635336856655,0.001501326023235272,-0.001758520484244408,-0.007337059140878788
2015-07-07,-0.002460294776659211,0.0015595081486619033,0.008082518444159081,0.007332107949480582,-0.007871893089592907,-0.002027571009690643,-0.018840012667034278,0.02086226787206602,-0.005137972757856768,0.004119978662825652
2015-07-08,-0.024823212937979733,-0.016074364583272382,-0.015144580767237459,-0.011625642572627326,-0.02050873861720781,-0.0013540932265208028,-0.0070744756482641336,-0.008933197600864307,-0.015346004445891959,-0.010860437623940178
2015-07-09,-0.02039638303843161,0.0109145436816116,0.005445833624323049,0.006443651983842447,0.010392770851785027,0.006328872843564204,-0.012213704243790646,-0.00407481848838398,0.004795666453317304,-0.004514111444726243
2015-07-10,0.026734204530379335,0.020995017858972842,0.02104099268353199,0.011483754729395335,0.014218739533649938,0.002021849682677823,0.017516786658494432,0.0035950849156369813,0.02043236359486622,0.007598127529532039
2015-07-13,0.019305875924206628,0.027192113362501047,0.028087897821170493,0.007434836216604124,0.015510620481689719,0.020846910718297584,0.00658239892413004,0.011859915672555621,0.01607679920251681,0.002432741630819857
2015-07-14,-0.00039810615506408187,0.021950523902293684,0.021775964168677442,-0.004886362079481565,0.013952371113836959,0.001756589425680355,0.0005026598671127314,0.0015867987056006339,0.008343341421244155,0.008371295075791485
2015-07-15,0.009633227542356293,-0.00940781692992454,-0.0003764988557795057,0.006413741501725134,0.0021729436954476267,0.0030691028835259093,-0.007038476193121257,0.0013409520709153355,-0.001141514781293207,-0.00421108475176879
2015-07-16,0.013325842705719237,0.030985079263800452,0.030515801970446788,0.006871419646304666,0.005347355847128643,0.01966780709343907,0.022278475638555895,0.0018253592995800538,0.00785489574143483,0.0018124669421950568
2015-07-17,0.008637484908103454,0.01583659347889599,0.1625841316768062,-0.010187089352401979,-0.0050317387214741105,-0.0008572600277801934,-0.005943640492779956,-0.0007290779201948316,0.004392757400780267,-0.003618228549793545
2015-07-20,0.01890134735316229,0.01053813998417441,-0.009690894728619726,0.0028977510925007888,0.0007221926624314534,0.006434966648038776,-0.01843512991514784,-0.0006074514251597218,0.02567755231282476,-0.010289416562132003
2015-07-21,-0.009994632542124737,-0.0002049198104703276,0.0036227798530779065,-0.0002990538024135736,-0.002310288344128386,0.007672587135326481,0.004568403368498064,-0.006813431669467684,-0.00935354263499244,-0.0012233635656411224
2015-07-22,-0.04229452186922056,0.0005532874522176101,-0.00035942056578575077,-0.0015945385869587936,0.014182547805286827,-0.03680208747100022,-0.019201774338806987,-0.0016922610997321952,-0.0006945842122966228,0.0015922384519573285
2015-07-23,-0.0004791876015363128,-0.01247263120517228,-0.029305135416396788,0.000199816082596449,-0.006278155281414621,0.012516393471357246,0.012364723317446202,-0.0016082358571203326,-0.0030565992125934915,-0.007947193825477039
2015-07-24,-0.005273317406039313,0.09797177370770194,-0.029582284737860953,-0.010478971084719624,-0.01048273129084154,-0.0036867176700760007,-0.011704658707935467,-0.005080583055204202,0.042509085581146744,-0.014789154244325364
2015-07-27,-0.013895564639383462,0.003758783055256787,0.005345507166644836,-0.008774791904577084,-0.013060562632915662,-0.012842470794774297,-0.005664356959700245,-0.003985704029295878,-0.012566954089380244,-0.008506848569762693
2015-07-28,0.004968845475368466,-0.010123976048688199,0.0021114928563186197,0.007529292522278741,0.0005883370954762324,-0.00022070131387197378,0.021750162436402265,0.003251447897331561,0.01191442352109573,0.04062648248660938
2015-07-29,-0.0031610310941789788,0.005646082569271016,0.0026832196442108103,0.007170520722023621,0.013078507279472573,0.02095266990172573,0.012164370021040538,0.004861365369787762,0.016992126522817896,0.008001628843848474
2015-07-30,-0.005041014465057336,0.014669133071491647,0.004732176718668102,0.001103015083964376,0.001450632227118609,0.012745559473864798,0.0025040105972016224,-0.04006519087093108,0.004868073230348546,-0.0015637474146954489
2015-07-31,-0.008744093974066613,-0.0011363926292679016,-0.010623512125719325,0.003706288938664759,-0.007387065951606431,-0.003839662155892154,-0.0034968463464503108,-0.008915446073938904,-0.013616215185727532,-0.04577779482641475
2015-08-03,-0.02357797106548809,-0.0020890296168917244,0.010980727652316835,-0.0018963436581229676,0.0,0.0023556364349071046,0.017042835409213808,-0.003911750973127792,0.00570743473512092,-0.01451801654440421
2015-08-04,-0.03208356647185662,-0.0058501342912083976,-0.005175057685589457,-0.0021996338074421473,-0.0010216660568275193,0.015595053259754188,0.003942269744378724,-0.006413391487159137,-0.006599139825525402,-0.011401571519811804
2015-08-05,0.006629229363087186,0.00960709908079349,0.018161762061292608,0.0072146617774755395,0.003944020705830109,0.0008414848191324875,0.01030987245879933,-0.0018446220390914148,-0.0038523859642050073,0.0
2015-08-06,0.0021764706013100987,-0.014059348338240185,-0.004663681620818871,-0.01442481734438883,-0.00698386631455139,-0.020176605177738005,-0.00631674763171397,-0.00039548798963096043,-0.0186717866835574,0.011921818104927429
2015-08-07,0.0033869918782132302,-0.01291878742396324,-0.00859510260393681,-0.002221247049067343,-0.0029302236535013737,0.0025737012948408022,0.12371630074650453,-0.00343303714081844,0.00856204064490007,-0.016135123998414214
2015-08-10,0.036357806294908146,0.002640551175642436,-0.0018813098430074948,0.009509564840858298,0.01234392925278427,0.012623136468053131,0.03481266416917039,0.011923573758737094,0.002290582424135268,0.024989876951366563
2015-08-11,-0.05203811334627595,0.006602993255993894,0.04095670217200076,-0.00781624405014636,-0.009580603306048041,-0.019437778337238365,-0.005046501843242068,-0.002094667584615184,-0.013713083559852457,-0.00679307327598766
2015-08-12,0.01541978921948206,-0.0029385884057528955,0.0016948441947572945,-0.0030299464365893813,-0.014510030508292249,0.0071102057040643984,0.0025364139147330267,0.002230475196318471,0.004095763608543024,0.01677677498432195
2015-08-13,-0.0007812766006476402,0.00713049766745022,-0.0071732014066558936,-0.002330325709844261,0.004610428821145929,-0.00021385337210899635,-0.008431728451308018,-0.007985630294415125,0.005303299882030821,-0.0017770708766555732
2015-08-14,0.007034474082366904,0.0035117023254125357,0.00416598694828596,0.0033510468586479547,0.005033640900398373,0.0057778383435136416,0.0008502588209240436,-0.0021111169161436294,0.003922699110940231,-0.0036875627016287327
2015-08-17,0.01034845278934493,0.006961147819661395,0.006875836562720394,0.0107277810276174,0.002651147457598979,0.006808941929203005,-0.006372414212162059,-0.0011899730306323963,0.0025598109022879623,0.0052324436184225664
2015-08-18,-0.0056335087449607135,-0.0003736866709606046,-0.007750607293914302,-0.005006562788004265,0.0020567671313420632,0.0055306442072180495,-0.00910170291592105,-0.005296076021363505,0.0008064720432428008,-0.011044532437411103
2015-08-19,-0.012789562613411687,-0.0039250698812168805,0.007709673021173424,-0.0006039186524693374,-0.0089431116104145,-0.0139625884830058,-0.003898998250169816,-0.013443146266178263,-0.000940015327201893,-0.02143768652660838
2015-08-20,-0.020519813163582534,-0.03216243916147665,-0.020978675088716092,-0.005236153715184377,-0.02455625331536604,-0.020381800293744923,-0.03610267340012385,-0.0028333725277187582,-0.006048356982513159,-0.021776517655128558
2015-08-21,-0.06116289099487393,-0.041316075756406945,-0.052172273460596386,-0.025296029096393058,-0.035486681025436395,-0.05672360994109482,-0.031137238126479505,-0.028007053608734234,-0.03732223920522659,-0.03272105057603558
2015-08-24,-0.02496211849290353,-0.06289556260132323,-0.040246506746463684,-0.028672745139747713,-0.05267290821162118,-0.03227274768368005,-0.035398442660688145,-0.03758372430261625,-0.039753615980746115,-0.04727567654070974
2015-08-25,0.006012090873621423,0.006474291072001703,-0.009124543995389534,-0.02251657296633014,-0.0056431874211787525,-0.029031020370198113,-0.02076288345613453,-0.010413271337835983,-0.020332992971986763,-0.00014545874116456137
2015-08-26,0.057355037938973785,0.07376114566062553,0.07717919687669372,0.04827459904388309,0.05007501577839091,0.055349637244738625,0.07544395456405661,0.03624639450120015,0.05554715621157302,0.05515957579678843
2015-08-27,0.02944655039109767,0.03514591824647484,0.012459428747430445,0.011671274268586496,0.0249565586550895,0.027862099554652353,0.037596888881231916,0.008180531260968849,0.024190264342332624,0.03241374573288369
2015-08-28,0.003276674870351215,-0.0006945446600384875,-0.012380772179825805,-0.010912878820564909,-0.005428475074439887,0.0006838077554878197,0.004419079013623373,-0.0037771864269887656,0.0008286341771122085,0.0029392244316621685
2015-08-31,-0.004677965307100407,-0.009883925713222386,-0.01799341290061529,-0.01250382094106195,-0.00046743431283391423,-0.009333103213194471,-0.010998605483398705,-0.00758323193282695,-0.016008890217806715,0.0022644347450655467
2015-09-01,-0.04469698050476867,-0.03187822124693118,-0.028186856351755774,-0.020110987108584943,-0.041341754575657697,-0.03906236318191647,-0.04092502528201869,-0.02504578427104842,-0.03281912300847212,-0.0419989251207914
2015-09-02,0.04288897564709737,0.028215269575580182,0.02438196595723663,0.013682715803812862,0.018226159460465574,0.036824564837372176,0.03014800341081947,0.013207577161114648,0.00957110171879938,0.015954447151119044
2015-09-03,-0.017536022596233214,-0.011419061396937602,-0.012187617411263951,-0.007605734300243139,0.0017581468577949622,0.003228133162220148,0.0027014101933977575,0.001718482614910144,0.01120369055514292,0.0076469931413916115
2015-09-04,-0.009966293438032348,-0.011332988484862638,-0.012699128815961025,-0.014356989931672892,-0.01882580346348195,-0.020459504072972257,-0.02334955039717801,-0.016730578880396862,-0.017613171572907982,-0.018023903832981913
2015-09-08,0.02782066919754378,0.03715430931582686,0.023721747200954768,0.02880296890465739,0.0269918273872225,0.030039569990661708,0.042758827512534126,0.017743070062005373,0.01980859845334293,0.014352483099762114
2015-09-09,-0.019232241218618884,-0.0012559887037673079,-0.000729980844652367,-0.018309282211277367,-0.015516044187947386,-0.018682726595826482,-0.01984162734240158,-0.02143487081965756,-0.01318611470457376,-0.020408399869921157
2015-09-10,0.021970021393420636,0.010350361894030602,0.011920844163989086,0.005421396475881135,0.0077192137826305185,0.0051080199226891665,0.015744692932641247,-0.00233668735804915,0.00905234257069365,0.007222555033717271
2015-09-11,0.014568622689004274,0.013786788338058908,0.006481392816737097,0.002265473670501894,-0.0015959387258195346,0.004389228164454861,0.0031004543062294054,0.0014639536411669152,0.0075461927540561025,0.002344392333873735
2015-09-14,0.00963157654688751,-0.01522362783587694,-0.004318474262816618,0.004196411562920721,-0.0028768590703143193,-0.010119399655036831,0.0017655925436568243,-0.005261837631675537,-0.010599038991303877,-0.0027514522569740407
2015-09-15,0.008411819536502607,0.001898788264036888,0.019311211931641425,0.011572861476172092,0.019236813064109404,0.021839820029221357,0.011017993884784971,0.020423382192292117,0.0071416821842666955,0.005104155689629186
2015-09-16,0.0011181735853962316,0.009610025576882064,0.0006764585928642486,0.0022246128156244716,0.00880774112674687,0.007275803790301794,0.0069750203617409134,0.009358944298763605,0.006807697489422226,0.019763836290418668
2015-09-17,-0.021390028690837948,0.02176762280390343,0.009240804849814932,0.002431057029837369,-0.023230616098108503,-0.0011284275227718688,0.009090597884247043,0.001997140717663548,-0.0004226621103420314,0.002153286366589402
2015-09-18,-0.004125582436485975,0.002579470675457829,-0.016004890026543817,-0.015288740974007342,-0.027294023968140735,-0.017401019629262104,-0.0008582225963498225,-0.004271078264621364,-0.016488240210712823,-0.023905370991787467
2015-09-21,0.015513455773446871,0.015048304717102612,0.009169446266066528,-0.0027841945208685326,0.00836860192863198,0.01448914271795454,0.01030477571512134,0.01015161104610196,0.014184964329406524,0.009769026272946624
2015-09-22,-0.01571042359056174,-0.0182169721645149,-0.02066054854453414,0.0011811325223864966,-0.008787714541420466,-0.0047610681851480985,-0.027198738374477727,-0.00651084508894495,-0.007487328447614794,-0.008856722484833046
2015-09-23,0.008112765701933533,-0.004327669173923243,0.00013763242997133496,-0.002681045316339059,-0.0044329784952797935,-0.0006829045753000695,0.004805544996610234,0.000997216540300938,0.009963891556318938,-0.006049133506988658
2015-09-24,0.00594827539994669,-0.004327764104300469,0.0024798704925101944,-0.0054843131799448,-0.0069258249638072256,0.0009118311497589016,0.019130462265583237,0.015656136545426413,-0.010007022818183997,0.005947608418282124
2015-09-25,-0.0025216892586962247,-0.01779860914172282,-0.022537346972259065,-0.016003542475343413,0.02075732403596131,0.0006827487011220601,0.0072524413681887,0.018357616018105594,0.006406692483917453,0.0068745980808926355
2015-09-28,-0.019789034889527546,-0.03851217999928547,-0.024837958033754992,0.00406598346819953,-0.024239406058747304,-0.014792654685959916,-0.013129780202977615,-0.01238484483690383,-0.04937022727201268,-0.008603238657572287
2015-09-29,-0.030060306223629207,-0.015851283863707377,-0.002627168027043325,0.018277018412092172,-0.002334434235791938,0.0034648748276187025,0.017596469175375606,0.007106174878385829,0.019791699587603295,0.005096756545903025
2015-09-30,0.011369668801999744,0.03189067635729659,0.025312812656579364,0.0033322066225913716,0.018883916915489518,0.0188769677748597,0.03964549093793823,-0.0047036192066668425,0.016488935374998404,0.018911955870060115
2015-10-01,-0.006527517394302129,0.017249788712016212,0.00568636366321873,-0.0019281168944613736,0.007380580903451506,0.00790792026285736,-0.01947256607121084,0.00013844266086660006,0.004737460884041589,-0.003900261954738138
2015-10-02,0.007300537229128157,0.02269939800863896,0.023348905664666297,0.008156885042490902,-0.0027874632528174237,0.021519447495184973,0.026064786887164848,0.006532631463553651,0.009715811799192897,0.024574108304818765
2015-10-05,0.0036238128340575493,0.02091858600765306,0.02235938090906653,0.008836245609432414,0.01989749348460057,0.023261137861274594,0.025000925886865977,0.011046808090082516,0.022074220530441613,0.012256297315284215
2015-10-06,0.004784262925861649,-0.011403747269289832,-5.935967413139842e-05,-0.014140724013031125,0.0004840253721427601,0.0025734868966538205,0.012981484887878203,0.0024582359365779016,-0.002076802842768455,0.014060918266683542
2015-10-07,-0.0047614827405140225,0.008297967113034765,-0.0024419131681440165,0.016698593163962272,0.0012889980901351628,0.0010692903340470128,0.010485475523463128,0.0043596985254039655,0.015815658674955158,0.016818404219281158
2015-10-08,-0.01155433033841502,-0.016201024986076895,-0.004477613483480081,0.0010529011603606087,0.0,0.013888938571172238,0.005764964145587026,0.009223761267191266,0.009287102173863415,0.010479722964219285
2015-10-09,0.023926863249704944,0.012454003049410911,0.006357045354070445,0.0030498352502479342,-0.0032188748797765676,-0.0071654311583913,-0.0038212173279819073,0.0010755518690988009,0.001082494116346977,-0.009621548547354752
2015-10-12,-0.00463818857245013,0.0192478968813401,0.007731675341189126,0.006501056764323554,-0.003390981568654361,-0.0023351732489824695,0.010740167508668907,-0.00201403570395009,0.013652294491213857,0.0005046913266213426
2015-10-13,0.00170282808880029,-0.002344673932102803,0.009964184827907951,-0.00562526610209324,-0.0027543698775737147,-0.0023402641094951715,0.0018979302364314776,-0.0029599817932411954,0.00013359196972850818,-0.0017652618597505665
2015-10-14,-0.014133727586111311,-0.007414787487514896,-0.004039774928113027,-0.009638539984191952,-0.025344943731210212,-0.004478607433823112,0.03636334207043057,0.001349301829272509,-0.010666722569505183,0.012632608723368799
2015-10-15,0.014971489551883987,0.032321966796598156,0.018532931307032596,0.027716001717211336,0.03167161376985428,0.007069297805105901,0.0025580631138502063,0.0008089197764984402,0.01536411533304105,0.01646721507373039
2015-10-16,-0.007330545990996362,0.014792702156608994,0.0033185190779583262,0.011219702529901232,0.008725209802888712,0.010636110539453458,0.01567647177320075,0.008482742535343757,0.008760044277148049,0.012273064314227256
2015-10-19,0.006213892948052413,0.00418737143793213,0.0066590329386067015,-0.0030537803195977986,-0.0033636616198939873,0.0023156057939848207,-0.0017946226726276437,0.003470919814001938,0.013026120912088324,-0.01806523826111217
2015-10-20,0.01825802617110961,-0.021407963096705007,-0.02850188629574002,-0.0035738836362662063,0.004821691991779176,0.0031492643621524596,-0.0014381733379477124,-0.009712611371790136,-0.009221419490868521,-0.001975717412937672
2015-10-21,-8.775560878415689e-05,-0.00911071130214225,-0.01205911782816571,0.0004102749398793293,-0.007357816381017845,-0.011931682361864038,-0.012963793756186504,-0.0023993448846191257,-0.010749962445546046,-0.007670285107042485
2015-10-22,0.015295431654078762,0.014646331772892873,0.013903148513701113,0.019460958547201868,0.01820801916438386,0.017584615209428778,0.036118309405369864,0.01712180263731744,0.01272214500625024,0.03341246398565767
2015-10-23,0.030995676099904834,0.062279461435710504,0.05606760707259384,0.007836902134194856,0.01076117894629891,0.10077027197956245,0.006689966468450992,0.02912451814865591,0.008504934318243729,0.001085771105277411
2015-10-26,-0.03191136235400305,0.01599252433196474,0.016390397423025505,-0.003688406402829858,0.00046984745092548685,0.026101927892597132,-0.004546845314145731,0.005971979882144263,0.014402871538267359,-0.021210022366281223
2015-10-27,-0.006332288276270082,0.00394343961200283,0.00232505255976867,0.0025014092735533566,-0.004068808659902334,-0.010322782249518103,-0.0007029221836839517,-0.002581052974652387,-0.00844192935822663,-0.0016008314739808238
2015-10-28,0.04120457305492686,0.009967059911179632,0.0055950159624273965,0.0028944888179893713,0.029226932802833394,0.0054017368991201575,0.008087305177728377,-0.010091416540004228,0.017414981705243138,0.014675185530333312
2015-10-29,0.010564298955187956,0.015313558723775822,0.010760843044291368,0.008857540049190149,-0.0044276496249718855,-0.011486074612761077,-0.034530709615800514,0.006665293272038131,-0.004565200170041694,-0.0006076538084682781
2015-10-30,-0.008545648113127302,-0.0010374052825049551,-0.010015511896191098,-0.00335385806426558,-0.0147216713759315,-0.013492953327664092,0.02492779355157415,-0.008309732092141253,-0.01184521337436606,0.006202307783837124
2015-11-02,0.014058526719391784,0.003914346242011257,0.014036079534304635,0.011283536665482652,0.020077898708423803,0.011398003058415096,0.011631718821456083,0.002880833221913681,-0.03042007897317467,0.0306984745498029
2015-11-03,0.011470677851030064,-0.004838081625234136,0.0014443155667387408,-0.0020553307972950297,0.00366192483881167,0.017092622398781065,-0.006968473853141588,0.005874443695131681,0.03562870296734233,0.018409880360545472
2015-11-04,-0.004650302359580416,0.025011642785078614,0.0086669633157348,-0.00019614415378832462,0.0010640430196906525,0.0046166331405836925,-0.016491092285403575,0.00012996158097577926,0.005776924426259544,-0.010016806942555245
2015-11-05,-0.004609936846300067,0.022934724903762138,0.0070965154843301015,0.003825611637823245,0.008959859394506609,-0.00036758483240839634,-0.011416570283729,-0.008694655629369441,0.01161408861874369,-0.013608237973466775
2015-11-06,0.0011577340849235895,0.005673667424738182,0.0012225499242457527,-0.004006567256277238,0.03040317491527622,0.009929655220574984,0.13857794942077573,-0.01073438032322016,-0.0064343008169868154,-0.004009037364997803
2015-11-09,-0.004047733544347398,-0.005884296824504642,-0.008967826731570039,-0.010596545481920017,-0.015629518483153748,-0.01383805921917336,-0.0044372247702458845,-0.0022495137539704224,-0.009015847742755767,-0.02137535044988803
2015-11-10,-0.03151672351590107,0.006392144735131389,0.004623815428375311,0.006049197647004512,0.004303399072550507,-0.012001115043480448,-0.01910220563911358,0.00490718209729768,0.020282588782605915,0.004880880403735244
2015-11-11,-0.005652183600923233,0.02057049753208151,0.00921846755031197,0.004041623875973954,-0.004875733424106188,0.0026162193082863716,-0.009737142817060729,0.002507553632048687,-0.0037746698572488357,-0.008864293658974343
2015-11-12,-0.0033589085419503117,-0.0113627838741166,-0.011395047699053529,-0.01560992378795556,-0.020044660443324647,-0.006151045374706565,-0.0036054214295103693,-0.017114162195132843,-0.010987406449668558,-0.027076914132899255
2015-11-13,-0.029208649880485327,-0.03493084485460596,-0.021757207237683818,-0.003889430024608731,-0.006666839515469647,-0.009002296368436191,-0.019736287779650308,-0.009375970933029443,-0.00255428846702499,-0.016496510797462394
2015-11-16,0.016378986137846052,0.008500001781597488,0.013985146313770347,0.013416360063014166,0.014491013980613587,0.017600617238454852,0.02013365131607947,0.018118316132095025,0.010113819790311451,0.035851404009368704
2015-11-17,-0.004291410328229217,-0.006961862448069844,-0.005916639024093007,0.0027658906300491726,-0.0057137006700567206,-0.00823798372017892,0.0,-0.003054725593765739,-0.0008872068397929311,-0.011619553114619263
2015-11-18,0.031665116844929786,0.03146268285700127,0.018807503686117277,0.011526992475880071,0.01996043742483744,0.01661290622386069,0.024599391164886963,0.011056313246233573,0.020677381809357742,0.0097547481229745
2015-11-19,0.012703609799861404,-0.0034210053384148287,-9.195823232777123e-05,-0.0017531899870887324,0.0031136943730036837,0.0016710118011804553,0.0029006018183064253,0.004216074648188295,-0.0038529824921529343,-0.005449565400127532
2015-11-20,0.004377873345061678,0.010857929911606723,0.022448886575091587,0.0072736143177134505,-0.0017736671235497603,0.0046348123979973455,0.008676244901835384,-0.00524825163580811,0.0004992737975473283,-0.006350881423552446
2015-11-23,-0.012992402876307652,0.01576783357385514,-0.0003861401252786001,0.0028296548383095477,-0.009772053918305823,0.0,-0.014972977030066392,0.001978696349621112,-0.0009976394187254378,0.006140904946063008
2015-11-24,0.009596506105663538,-0.01154662347699209,-0.009102573085031263,-0.007103286625303684,-0.0014952439528510553,0.001107368559438049,0.008085440794437737,0.00631818396164241,-0.0039943376453347446,0.01993010648808724
2015-11-25,-0.00715022924292974,0.006242996820356117,-0.00048064662272240266,-0.0007838092531374796,0.0011980771504238596,-0.010322716784957553,-0.0012832348727180865,-0.0071941860993723905,-0.0028826946562944267,-0.007693950666959104
2015-11-27,-0.001863996539553825,-0.0030799329764649164,0.0035227347315809343,0.004021221366275141,0.004636408372367118,0.0044703171009699005,0.008352018990091858,-0.002634987907361941,0.003519284075887752,-0.000246139216429353
2015-11-30,0.004159541958318469,-0.012565622304041901,-0.011813631301715866,-0.011038446548207959,-0.0072947704228960575,0.007787813030494473,0.01051293800238673,-0.011360867159342258,-0.010395677759410304,0.00529366482439686
2015-12-01,-0.008115048233718114,0.021449981965113052,0.02744944554743367,0.011062953774183093,0.013947150897865246,0.01600735782420193,0.03247137390008037,0.014698381300781271,0.011391062680172537,0.002816388863719377
2015-12-02,-0.009033727128035629,-0.00449150757114003,-0.007578515440984646,-0.0030286097551931457,-0.014050959234538585,-0.00018115845841604195,-0.007633345998054986,-0.0019756358157185794,-0.010887136537177544,-0.028575051147725405
2015-12-03,-0.009287653107209692,-0.014437625993189207,-0.012406112316411533,-0.012346874319157486,-0.0129012613659657,-0.018293740871577646,-0.002154006252896301,-0.0006597368300909068,-0.009489155206638178,-0.014330363863991002
2015-12-04,0.03324658034921324,0.009590993455382169,0.014332318248944764,0.021430556695539726,0.03176291131099096,0.031549937678118756,0.04070342281337447,0.027594761008788105,0.02695121197328798,0.0057392575931962675
2015-12-07,-0.006301245951803036,-0.004177542671197743,-0.007982520659369219,0.0035941119544673494,-0.013109845365983475,-0.0017888358173535623,-0.018963229683074623,0.006938162446997742,-0.010572128943507675,-0.026122431428209136
2015-12-08,-0.0004225414885297152,0.01119687056215346,0.0027815276057205907,-0.008710875515474892,-0.015522054583423261,-0.0003582514787380253,0.013590952468390372,-0.007911366271913356,-0.006034096565583957,-0.028255400984282142
2015-12-09,-0.022075638153597033,-0.018513950371146337,-0.016242401036599796,-0.0026361867549647977,-0.007580495363618933,-0.014518659519672128,-0.025327710963351735,-0.0006428432758842639,-0.015049880834282603,0.013399446151944217
2015-12-10,0.004756940812426391,-0.0037153692502526203,-0.0032914957697783853,0.004796806618186489,0.00229148090539244,0.005274538415209307,0.008254426092964895,0.0011580983262076128,0.0030813745599902465,0.0007934474046007445
2015-12-11,-0.025738330872558723,-0.03347328773190594,-0.012657227951325178,-0.009352809124215988,-0.023471910405409413,-0.021892664984562438,-0.014857407624871866,-0.00012852874287883065,-0.02572956389097092,-0.017835958950437103
2015-12-14,-0.0061844643087539675,0.027743513137480136,0.01615095573557257,0.004622131932960238,0.003121329819808505,0.019977815558622325,0.002462274652622387,0.006556660223679289,0.009986176524188206,0.02273340875729213
2015-12-15,-0.017692108308819954,0.001109544564889875,-0.0032130076390061157,0.019383166968197862,0.02847375785257711,0.0010883692500212039,0.012281133738800909,0.01775498186215474,0.022765149891485814,0.044719294319378156
2015-12-16,0.007693024003603277,0.02600821552275545,0.02170796284710841,0.01075581835655881,0.021634125430198603,0.016847815445064862,0.006066328386114428,0.016440378374098508,0.015772312807451616,-0.0035250577873688904
2015-12-17,-0.021196119194325624,-0.007576557278937912,-0.00870453445746422,-0.015296885080388845,-0.018510304440475744,-0.007660871559014293,-0.015073969190899317,-0.008642979321418887,-0.014650559457583423,-0.015035136460205933
2015-12-18,-0.027069662964688823,-0.009707014879053677,-0.016861051648581316,-0.01630651796318794,-0.028364607760430482,-0.0281865659476096,-0.016222702992533033,-0.02690240937030086,-0.030118443175062737,-0.008722059978206742
2015-12-21,0.012260692526220307,0.0005570351622559144,0.0052190625193226925,-0.003629265924524616,0.017701775868115277,0.012931676694258654,0.023646223827331392,0.010495514971607722,0.011137307222970794,-0.0002587062562956488
2015-12-22,-0.0009313788196796402,-0.0020465299978816853,0.008320155041661392,0.011124195912466606,0.002136341041916401,0.009483893582461489,0.0009121345122520275,0.008232779537100665,0.0027211823109094535,0.005047899796067901
2015-12-23,0.012869594083254166,0.0008293795242544366,0.0017990177142541697,0.00759446844268874,0.015986402922925746,0.008491445700966382,0.003947668338503796,0.004020166130503711,0.01524997923980953,0.03271063118660722
2015-12-24,-0.005340359861144561,-0.0013711528431936681,-0.003474292101341314,0.002222516975894262,-0.0019482392433252116,-0.002687149113296483,0.0033273936117268477,-0.001626214703444706,-0.003818769224590124,-0.01072449074508175
2015-12-28,-0.011200775860763734,0.018723839029316514,0.02141441965966928,-0.004820929544675279,-0.0033031996515958673,0.005029469121898833,-0.000904709579079177,0.0016288635853571876,0.0034495423324383268,-0.007437147887204287
2015-12-29,0.017974356238116274,0.027799268721593773,0.014982593482543383,0.007847167489080986,0.010394750169806066,0.010723857863891295,0.01629464635061395,0.005505563141241732,0.008658978911409099,0.005333921552753251
2015-12-30,-0.013058994071186159,-0.00706090278764171,-0.004609832201758812,-0.0024031849708064934,-0.0071565515309491845,-0.00424415457587668,-0.00861053123700184,-0.003608573318308439,-0.010856794301108863,-0.013264470725608768
2015-12-31,-0.019194747718106475,-0.0191272416128917,-0.015550896876818543,-0.01021360342396127,-0.008410011084834856,-0.014739736626165567,-0.012878207590317103,-0.008242935474560564,-0.010210681299739233,-0.0020485788080397693
2016-01-04,0.0008553292292883263,-0.05755368113308179,-0.023868645382005504,-0.021806916228676254,-0.030034891188738366,-0.012256550614440531,-0.01790039891325046,-0.013096478154867586,-0.023855466444184348,-0.006285940342749097
2016-01-05,-0.025059607887178537,-0.005023621850138049,0.002751999844323949,0.00417989794669027,0.0017288684140090993,0.004561835926747637,0.01606445978994997,0.0031897628996013783,0.007529352970618186,0.008520718681700679
2016-01-06,-0.019569596285999857,-0.001798738144714651,-0.002889083219423605,-0.005054398392564385,-0.014435479327937317,-0.01816527524464351,-0.0413498157547435,-0.009666746845868768,-0.013111324571405958,-0.008320498762098505
2016-01-07,-0.04220451231928257,-0.03905794191457823,-0.024139673835696596,-0.011654707337945935,-0.040439694028569284,-0.03478256504637767,-0.03964459502492623,-0.008733341217895152,-0.01966228750506127,-0.016006095969447798
2016-01-08,0.005287745218130135,-0.0014639090877944794,-0.013616605427882567,-0.010683208461732874,-0.022399492178010627,0.003067153259691313,-0.021466654557876774,-0.01567773064345479,-0.01233240146478376,-0.020202232962765687
2016-01-11,0.01619201758811628,0.017609692730401916,0.002955039610968102,-0.0060106901403865765,-0.0015273107968967192,-0.0005734895307638599,0.0016873093365221692,0.00921449621117576,0.01426970743739897,-0.013388681666867241
2016-01-12,0.01451336762977462,0.0002428724830541018,0.016737851429046602,0.006866859331692066,0.002209707987166132,0.009178001913063394,0.016846319804098897,-0.00208696514497686,0.01136396226670966,0.020491252147429195
2016-01-13,-0.025710284792203497,-0.05839229674292812,-0.03457485314640829,-0.01241824155288307,-0.02747617125637547,-0.02159933797648539,-0.030483625589675878,-0.00862661003378673,-0.0222044727029882,0.005983847189813929
2016-01-14,0.02187084953633156,0.019233074128955252,0.016426542869826033,0.019274191983630118,0.01499832016015934,0.028466303959031602,-0.02016411194770329,0.003955221764784911,0.009576233244092958,0.04586943366418428
2016-01-15,-0.024015397732750077,-0.038482254806470384,-0.028575650143082387,-0.019112122207111115,-0.019931113025451808,-0.03991715644507354,-0.054412278594593855,-0.015364601196058869,-0.026693995791071345,-0.019463858308309212
2016-01-19,-0.004838442138729082,0.007541483276127581,0.01209021996636439,0.005154811129079784,-0.0005260295859995656,-0.00843286287374212,0.00811508452013543,0.023339895041664782,-0.006125971414497555,-0.015210434513456494
2016-01-20,0.0013445791059685241,-0.004717374222998116,-0.0007231635515294599,-0.017949261447786302,-0.02631162794215769,0.004549030279063615,0.0054881919903979615,-0.0031158799030063244,-0.009945001676434306,-0.04214637235690699
2016-01-21,-0.005062698816529099,0.0056841172765420556,0.011286559122680728,0.0019848453755824114,-0.004683557704502128,-0.006103847429661968,0.01164526984918357,0.011736793783565291,0.012450707303689468,0.012571647609077363
2016-01-22,0.053167271180567965,0.03714656234086622,0.02585750609449633,0.008442613961659573,0.030769519785922128,0.03585611367101138,0.02338088121431281,0.008342245961134198,0.015930595076668164,0.03333296949189535
2016-01-25,-0.019522608173187406,0.00025150725251732453,-0.01588278714752367,-0.003617449960186536,-0.022651672144969104,-0.009562291388196753,-0.0010542040071791492,-0.006592631126769,-0.01320529283200822,-0.03382505934138569
2016-01-26,0.005531289383877258,0.007912428931255544,0.00023187036075666967,0.04958472332410491,0.02551212942983172,0.007337410179294235,0.009852088681366444,0.025504052608809502,0.0019520818483877989,0.036766619744065254
2016-01-27,-0.06570707769337902,-0.02977132499837576,-0.022090864138893607,0.009685688063097775,-0.0007006471147236182,-0.018209408576084662,-0.01184661047189528,-0.0001267305905081617,-0.013494827567679946,-0.01838308237751829
2016-01-28,0.007172252171371296,0.08914032475443312,0.04281065006564022,0.0010769199968565513,0.004207533439887223,0.01639963040535375,-0.010930654565107778,0.012944058053429242,-0.022281956685960225,0.022579449985389966
2016-01-29,0.03454128585809735,-0.0760997732916433,0.017439676475162535,0.02121843022599257,0.03875678964253981,0.05820217896305091,0.044206688978846165,0.023427863397263327,0.07442659676508856,0.011170239422971795
2016-02-01,-0.009348743309592566,-0.020766639764494776,0.012372593365649998,-0.0006706085419335706,-0.010756174116585027,-0.006897882927108245,0.00034121208891457755,-0.006977505280423069,-0.0014763903843567627,-0.02003888274670851
2016-02-02,-0.02022180867248602,-0.039508706324449805,0.013155689894048583,-0.009197782299165791,-0.031090940889227037,-0.03125583395362208,-0.04232058303400832,-0.011095030484305601,-0.01317558643870742,-0.02228348817619963
2016-02-03,0.019792458300412097,-0.03809093779645778,-0.04037590355840637,0.007059127064877657,0.006663303377907104,-0.01584893795751041,0.004989330188699848,0.01096987535142846,0.013351500284796147,0.052152378920603315
2016-02-04,0.008035290573273901,0.009772742242836863,-0.025821430361555042,-0.0023044016475143314,0.01724413351587284,-0.0030674892948708843,0.0003544007595019938,-0.004932252310504093,-0.009411322553137369,0.017201648999667363
2016-02-05,-0.02670808905965749,-0.06364446787796663,-0.035984951523256536,-0.03233888072591784,-0.011129892273667119,-0.035384458598983426,-0.06309810500491564,0.006195702853662999,-0.029044546435743168,0.003131693772163713
2016-02-08,0.010529459408912922,-0.02794096833428339,0.0005685070085057475,0.01452167741051369,-0.020952416013255815,-0.014952255117454905,-0.04578106171363472,0.017487844758328208,-0.05269773459393168,0.013486683933672028
2016-02-09,-0.00021080281002983092,-0.012354038596669725,-0.0044594463867903,-0.0002941933182303291,-0.006013533443312569,-0.0026310999951731917,0.010705390101249046,0.0002417117422683912,0.008263739328254083,-0.004351779644676368
2016-02-10,-0.007579231225697924,0.017445590692097612,0.008316746540929065,-0.0023535406192072283,-0.012099651176806558,0.008725834570821434,-0.0023535321890949534,-0.012342292621950302,0.026634821655874052,-0.009115874366569021
2016-02-11,-0.006046812904684229,0.02719783935448805,-0.00069331665395167,-0.0002948741018617973,-0.044127954658694346,-0.0004027412107342476,-0.00511261619002823,-0.02107321087626357,-0.02394877465392553,0.0031505829132094654
2016-02-12,0.0030951471906444095,0.006470569128270265,0.000750460906348005,0.0011800444222589412,0.08328606084564405,0.016301254496116524,0.016996280392548302,0.013641879127957113,0.028479639013647917,0.017964711008004564
2016-02-16,0.02819457923284374,0.02764850560431298,0.015207350591479818,0.004910290313144605,0.014958837489413845,0.018947106453028217,0.04897010584671957,0.005926816762457099,0.009656433262022812,0.0023446848692683098
2016-02-17,0.01531475062994092,0.024947212086624093,0.0199680873553143,0.0017596398058887797,0.007198135677273898,0.026032432472885114,0.024823965365956324,0.012029102804095304,0.015078828873078542,0.009603886468634526
2016-02-18,-0.018956808527728852,-0.01703800505545594,-0.01975488106891543,0.016975108409366335,-0.016334712817531516,-0.004387836726621908,0.08604513303642314,-0.005700545275941771,-0.01096778556682998,0.005487284696265249
2016-02-19,-0.002284954181383858,0.018857174827938916,0.006411255575185626,0.006474326723319379,0.00017268970063355482,-0.007089574728746384,0.013315380121631248,-0.002317669478271056,0.00407082590119523,0.0006065549994807018
2016-02-22,0.008746210083880213,0.04598988609609567,0.009610460929482256,0.005664237875295353,0.01297151823018683,0.01601722970468966,0.03547976756613869,0.004156666088940053,0.021389546653874936,-0.0013329211960090293
2016-02-23,-0.02260524433872635,-0.011724790629712767,-0.016130489893488198,-0.006396352006808104,-0.04183026679405388,-0.027920232575354142,0.002537815949198441,-0.0038960597997416135,-0.012455011099058222,-0.014079678743754598
2016-02-24,0.014890541801037216,0.0019893770192320748,0.005032820479472733,0.00845547454437523,0.00035622692164194447,0.0035171137764657967,0.006961946669360897,-0.0030557270026192462,-0.0041580358230778325,0.00357002230880199
2016-02-25,0.006867589309843769,0.0020034665796739848,0.011402498203595401,0.013528823680523328,0.015497185630491295,0.014407863987530689,0.0021998845621877816,0.009563581015327172,0.019763341650951727,0.006011221130621358
2016-02-26,0.001550423254136124,0.0001440947537416637,-0.005842774914293414,-0.00564004828385023,0.009296555911879612,-0.015354895094689569,-0.006584936925137619,-0.01505966493543165,-0.007370214813965048,-0.003170673453358197
2016-02-29,-0.002270323794917428,-0.004880858639777941,-0.010539876385974978,-0.0053889669575635235,-0.02155016834993362,-0.008187401463433441,-0.006494597694509663,-0.009987719047436672,-0.004674681286593874,-0.019571597318212675
2016-03-01,0.03971466973052684,0.04799827119341504,0.03478706005073984,0.01910487304562869,0.05150975628068011,0.03341208036039478,0.04432382953260583,0.011707748434072629,0.03108176937382412,0.01409848486419829
2016-03-02,0.00218882304978929,0.0020205958343220143,-0.0036244577262407596,-0.0016784478681950432,0.00945931352599172,0.007036823630797162,0.005801845264873151,0.016250027209318896,-0.004555936297317875,0.017470452507240664
2016-03-03,0.007443766593251633,-0.00468794677030826,-0.01066977873750874,-0.003644072523564801,0.003346717012997047,-0.011331488459968342,-0.008804050977933464,0.003513453059560856,-0.005248526887110971,-0.0036274653532761825
2016-03-04,0.014876775966880862,-0.004069345064264374,-0.0018724195970589719,-0.0014063718391444935,0.0015009866924053927,-0.006112461219260346,-0.0030628605388302033,0.007846078357354624,-0.0001351454211333536,-0.0013354029569235815
2016-03-07,-0.011066958531944948,-0.021455665767943777,-0.02385586533680717,0.0022536296119228805,-0.001831567132592471,-0.01921966774447914,-0.006451438482958594,-0.004671312646114645,-0.026522156191517876,0.02637009886595454
2016-03-08,-0.008245918559100729,-0.00451310959921003,0.0010240051071754852,-0.004871632350334276,-0.01935278030688592,0.012149743099672428,-0.01824397586615356,-0.00048129988539258317,-0.018348671961289087,-0.021666968010755072
2016-03-09,0.0008909204790479297,-0.0014101020775004747,0.016649948183309116,0.005836762760369263,0.0057841973275671865,0.023039571672316406,-0.0006296447432417862,-0.0012037987050527166,0.0008492293357000857,-0.0027830830627997294
2016-03-10,0.0004944967232922703,-0.0009651463197276611,0.009318557843804864,0.002808214255996644,-0.00862661122932662,-0.01495073554823212,-0.00157583345087553,-0.008196756750831757,-0.006508095815469961,-0.002670229470548402
2016-03-11,0.010774150603813482,0.019107883796187775,0.01734576629329232,0.005319901760027612,0.012455239570956955,0.019596597067192523,0.01704550875755584,-0.006441130695776676,0.02007962806446062,0.0001220274326916293
2016-03-14,0.002542601035109504,0.006601065203391654,0.0072093090783436065,-0.00046417709298707255,-0.003707385974749733,0.0018839830899992638,0.0024828983923501635,-0.00709486462292086,-0.001954091892235943,0.002676474096101167
2016-03-15,0.02009369581281173,0.006365834492694233,0.0004398224049042554,0.0009287853068378205,0.001353280394591927,0.00789945118957136,-0.004953497753092617,0.0017243850615449308,0.005874900658726645,0.004974895692609671
2016-03-16,0.013291495066499293,-0.004765892473030164,0.00904659565397914,-0.003247732128051517,-0.004730080256196478,0.01418142958104629,0.029869473171339145,0.00036893713362196046,0.006397002590368128,0.0006043469969760906
2016-03-17,-0.0016045937900661666,-0.025824053883372833,0.0014787156414577396,-0.006237852332328653,-0.002884844748649029,0.005704146390169251,-0.00845947401731928,0.017334830317037975,0.010639531108653566,0.014842194482198368
2016-03-18,0.0011339920839656958,-0.013156014189604548,-0.004047626537800775,0.007120289180353678,0.02944647097079245,-0.02140495210842175,0.03016446973110165,0.004833965672372376,0.008750342822018808,0.0011892383565481612
2016-03-21,-9.43060850822075e-05,0.003441505326742922,0.008935649304625759,-0.0020466878643597974,-0.0003305466106785504,0.0069170264673308335,0.0029579201148157708,0.002044035684562795,-0.00013571698750969308,-0.006888543161511884
2016-03-22,0.007648029549161661,0.011733303365531578,-0.002768536922056253,0.0009320750978687453,-0.0036390395237891893,0.0038991246793820267,-0.0017694748444512243,-0.006960998436343124,-0.010979894039670368,0.005979543420599365
2016-03-23,-0.005528667636516937,0.016325308843260222,-0.003276093017546944,0.010430404355392664,-0.004979618316105716,-0.0018494609796759764,0.017134595758176552,0.0009671544222618067,0.013020710101405264,-0.004398676500917742
2016-03-24,-0.0043342618995028115,0.023383545256862037,-0.003590451216428203,-0.0017513834392869354,-0.007674490896381725,0.004446818070100056,0.001452043963039884,0.0008451374524109934,0.0031118953046840314,0.002746431234508684
2016-03-28,-0.004542187903469164,-0.005283449127727047,-0.002066814528862815,-0.0007383452950681102,-0.0013447524895033869,-0.012359131991464545,0.010150913375059467,-0.0032574463185987,-0.0008091312927517302,0.00285775531913246
2016-03-29,0.023671456123147028,0.024126133219094736,0.01674032172529616,0.008407543668626616,-0.0062290369759592235,0.021852473527768757,0.016078028493064833,0.0021785852935189975,0.017548511083226526,0.0036809277914806593
2016-03-30,0.017459169069806046,0.008133194378816988,0.0031987526984984527,-0.0014655533410321553,0.011519399775513861,0.0062146571404111395,0.010454987506239632,-0.0014489481885706645,0.01857260275910022,-0.0001188456630323298
2016-03-31,-0.005202699947450595,-0.00843510117909696,-0.0070800529338517215,-0.007157387721730357,-0.00820656155433419,0.0032697037574838106,-0.0036353515408116266,-0.004475233886298446,-0.003907084447710485,-0.011002890006926447
2016-04-01,0.009174867508209283,0.008186781113585173,0.00887395015635728,0.009149718628202352,0.01097594946890701,0.006156302282096515,0.01459453057957849,0.014821795845166186,0.014513237328300788,-0.007536883380209303
2016-04-04,0.010273677860030306,-0.008872151103062609,-0.0059115660204709375,-0.005495180082937479,-0.0038699577611128744,-0.002519400785585768,-0.009682245723212857,-0.003830820005347624,0.003093249104848539,0.0024110178534697546
2016-04-05,-0.011788792454396013,-0.011884924360712312,-0.008560790637272775,0.0033153821843863174,-0.014188865723096411,-0.015695590819772454,-0.0013964093459468696,-0.00060099645564482,-0.011049558427545847,-0.011424075463669303
2016-04-06,0.010472369312625629,0.0271948990544153,0.012523465707267922,0.004313919520977372,0.0077106494961456384,0.010263601392094257,0.0013983620317570278,0.007816376568244632,0.016109914189205154,0.013380853464365128
2016-04-07,-0.02180953661562346,-0.017688656382376045,-0.010350482354424373,-0.0013710458023470373,-0.02533612071680358,-0.011973560911996195,-0.010335049724783163,-0.006801249398272868,-0.00805475518071952,-0.011283203563188904
2016-04-08,0.0011057538887582208,0.005359848498285968,-0.0008550473055630725,-0.0015557078771313293,0.007327813658932092,-0.0007345346236102834,0.006491953086648294,-0.0004802476677218115,0.005800190570139696,0.01019775168678283
2016-04-11,0.003312899455343965,0.0022367881300682235,-0.002541493476306389,-0.0011917250391245693,0.007966365327178204,-0.002021435083982337,0.006169058704151853,-0.005649279780280514,-0.002691461732036382,0.0013219755839450897
2016-04-12,0.013025211188608221,0.012149125841996566,0.008950253384591544,0.005781710104971971,0.01855664337051799,0.006260749550737854,-0.0011146773115507935,0.0012090280608823,0.00899508340714461,0.012361864663677169
2016-04-13,0.014487526946917573,0.019314572589733903,0.009930268184108693,0.002463552747791864,0.042341478585264936,0.012808668966942882,0.02511145779084334,-0.004467251691793739,0.0151552244405333,0.005690369724454136
2016-04-14,0.0005354551914589223,0.009645137346663946,0.004508482296524008,-0.0002729940979393497,0.012947208775402785,0.00018054353022267655,0.0027218943705407117,0.002689964704589931,0.007778588726180313,0.0070729782554299625
2016-04-15,-0.020071117196290844,0.008280304996334698,0.0059451852943051,0.003095176516942688,-0.011503636521379978,0.005238584448904016,0.007872027039187657,0.003535958308796383,-0.0031121865404899474,-0.00538428873554142
2016-04-18,-0.02157493876083949,0.015114463162838598,0.009846101500164295,0.006807485198796925,0.006465435406464604,0.01455494919801592,-0.0043093258080486585,0.006440092991499169,0.017108046090483997,0.009532628545003474
2016-04-19,-0.005303541749146823,-0.011725803630660003,-0.014510919247356813,0.01577551799888921,0.016861863724520365,-0.001239651327767488,-0.017852515559259707,0.005432705037988095,-0.008594798778928991,0.005012915747244495
2016-04-20,0.0020578080130329024,0.008106368266093344,-0.0017133303526799537,0.007987109738908815,0.01452946929942156,-0.014186888429434275,0.003855807023014801,-0.02077314184211021,0.0049542104695501354,0.006843915772445808
2016-04-21,-0.010827434894230992,-0.003143830280532889,0.00655548136933759,-8.796636180552486e-05,-0.009962754630955084,0.0034177841544527077,-0.0010973130342906146,-0.009196769916754444,-0.004436828750779664,-0.0001151903750096217
2016-04-22,-0.002737004914167951,-0.016640241877203477,-0.05414092720005026,-0.0022013094709144587,0.005817661719147216,-0.07171009565458786,-0.0038450823858712235,0.001856253472490632,-0.020793990571136067,0.008526506381727916
2016-04-25,-0.0056776749904562385,0.00918613540423352,0.006018086810933632,0.00167644361809427,-0.005784012292251561,0.006373072794098045,0.004962682762856607,0.005682677406864789,-0.012261624586732633,-0.0022851359665396753
2016-04-26,-0.006946917317974477,-0.014883411409137182,-0.022688972797292095,-0.005285687445971687,0.0051889241387492735,-0.0128574470671593,0.0008229178990093455,-0.02284736433665746,0.004990807401684227,0.003435078745398501
2016-04-27,-0.06257762000798439,-0.016713108458223047,-0.005390277275956423,-0.0012401789343515768,0.002815648042826746,-0.009720182303357472,0.022752461478280805,0.00427400873320849,0.0029287150037093923,0.009471872442885498
2016-04-28,-0.03056652921490488,-0.00753417942126311,-0.02273181420190551,-0.0025711401632858566,-0.007955386669182052,-0.020416133799305514,-0.029750767835410752,-0.0016271992089991194,-0.013712530002081391,-0.004861042080862132
2016-04-29,-0.01149438058924368,0.09566443185819673,0.0039996126695485135,-0.0035565671470338955,-0.006289410553431463,-0.0006013962109165938,-0.01850820449615509,0.004513299060154408,-0.005664351441050375,0.004203099611444161
2016-05-02,-0.0010670349942696333,0.03678046234647003,0.009224756420022961,0.005977942849272777,0.00933560777531528,0.014838865262117196,0.013228037773026946,0.01060950790478321,0.01579507460209717,0.00825804385537654
2016-05-03,0.016445984662968982,-0.0183227069227061,-0.008356414812426993,-0.0005322211524039222,-0.019282218698892684,-0.016399826413257546,-0.011944514884429713,0.0016051854085687989,-0.016186114922691175,-0.011444333982515542
2016-05-04,-0.010401136727349658,-0.000625743965934844,0.004135570304858227,-0.004170747856938051,-0.0158245230580929,0.0018075774063821548,-0.022771766636044632,0.0061652218662440195,-0.0015549571536846996,-0.0019288527982213033
2016-05-05,-0.004058916124235368,-0.01760321687769084,0.004695462023573516,0.0058813626915346084,-0.005359924469712785,0.0014037247145286535,0.006041262582223483,-0.003676417759549744,0.0037630979537641718,0.0011362957366629622
2016-05-06,-0.005576999370538793,0.022546240090086433,0.0146490591632491,-0.0012403296973358957,0.005878492834022309,0.009011021784480544,0.010294757721939662,0.010208858290611023,0.004653666563237735,0.005338911925082845
2016-05-09,0.0007550715442938838,0.008606007269745364,0.005447095404305102,0.008692731749353921,-0.006331041885198285,-0.006350731005749455,-0.0014151925623699935,-0.00012153478667864537,0.006432976480372776,0.0006777895982505999
2016-05-10,0.006789252448135441,0.03430674196057093,0.014057747110031826,0.00835380097633509,0.013559733572031663,0.018973424831131736,0.019274337326329993,0.0043839606569948675,0.012528527777940779,0.016032568710936834
2016-05-11,-0.009740855800876913,0.014450891828668544,-0.011942196259804527,-0.002616196579122154,-0.0037069891660060916,0.0005881092084565331,0.0027805271450505042,-0.0040009786015656745,-0.022261293472374488,-0.00481844514869445
2016-05-12,-0.02345691266969263,0.006589756930776014,-0.0033948966975563266,-0.0012239941002371024,-0.0006472675894242386,0.009010927414436987,-0.013588413412193745,0.0031648067390956935,0.007632765621260251,0.009683417356614044
2016-05-13,0.001992684771291886,-0.011157111565377131,-0.00445011424468944,-0.005865515266453181,-0.00922804643458397,-0.008347856834019174,0.15209488013371808,-0.0143185215889019,-0.013609114278786638,-0.011263345576614125
2016-05-16,0.037118735748233656,0.0010424432376223702,0.007546573538526946,0.00774934296051244,0.007516715469254587,0.014682903884054133,0.029526442909967976,0.004924628788339103,0.012625348062533126,0.010264017061447861
2016-05-17,-0.004154323909642765,-0.021655945513589514,-0.013843511657552598,-0.005330390553089259,0.0,-0.018651789943122554,0.0021332810095349153,-0.012373334138705894,-0.01298184341229447,-0.00044666926714298505
2016-05-18,0.011445096578784675,0.003135505889745094,0.002207721156599174,-0.0021082423356005853,0.03859852343597381,0.005939444674607941,0.025543955231083215,-0.009550856645908046,0.008334183520902316,-0.002010548209785412
2016-05-19,-0.003807068368628652,0.0015340830839882802,-0.008964139602557819,-0.006514717947691762,-0.010149702476693778,-0.00964378859326298,0.004382045856485828,0.004257637290243199,-0.007103164785810745,0.008505768380066225
2016-05-20,0.010828020095800639,0.006127260778355126,0.008947409877047008,0.0052652149727043795,0.0018930107004688779,0.005961956727711382,0.01791013397421004,-0.002119699602786018,0.010275495073885033,-0.004105837389054123
2016-05-23,0.012707474584434886,-0.008608362806592496,-0.006179947538808683,-0.004261101795361988,-0.0007873098751668417,-0.011655668110506001,0.0015790600666398813,0.002249192183822357,-0.005922252582929111,-0.0015601512478683466
2016-05-24,0.015244013430871783,0.010692430348859583,0.022000837258406847,0.004725335460630031,0.017018618243651362,0.031181589250909747,0.024274223576329135,0.009601500311742228,0.028105029207176724,0.0007810645661641136
2016-05-25,0.01756913475192845,0.005893225309828942,0.006916347352093677,0.005856792443475589,0.015184109935763024,0.010273177227361208,-0.004188278159816261,0.006298517824346872,-0.004030975198576092,0.006579959077001263
2016-05-26,0.007930164093589598,0.0092609336974534,-0.0015850848520948535,-0.003969991880728552,-0.007478500592726922,-0.004413152900971329,0.01062685459142032,-0.00319076878684732,-0.0007593004205818099,-0.005096287045848302
2016-05-27,-0.0005974466332463457,-0.003734712076280511,0.014479133069401628,0.0014171847803363669,0.006151030708082317,0.008287040382276123,0.005476243584507712,0.0025850196936547665,0.00835471362839546,0.0023384335203315842
2016-05-31,-0.004883288829234722,0.014812427266666317,0.0016720173280297956,-0.0032726296480177774,-0.0024454468035255417,0.012996784718121157,0.01786490680597752,-0.0047895244221870525,-0.009038250038588602,-0.010998979023672417
2016-06-01,-0.014019414556268983,-0.004634805235053108,-0.0005208109562097052,0.0007986130551516091,0.006434891411207344,-0.0028304051025443977,0.0019264429561496321,0.009255022045910222,0.0035465413159256887,0.0024716282619239305
2016-06-02,-0.007515661919196837,0.012231697576333245,-0.005598215794317407,0.015162251369664315,0.0018267311173632006,-0.007000661115948659,0.007049488633931844,0.0019559478587896084,0.00921524648616856,-0.007956295072916286
2016-06-03,0.0020465955008166503,-0.003707522964191301,-0.011299693863853544,0.00235869781867315,-0.017778398292361386,-0.013147900209113828,-0.01400059189829661,0.0063459192475294746,-0.00012512425391331128,-0.0018072006300627885
2016-06-06,0.007250874508070604,0.0016400979284734163,-0.00788197765109866,0.008800659601513772,0.009901181456594577,0.006565186914213816,-0.005163462749625758,0.0036373289450124524,0.007505527354130681,0.010976501835024743
2016-06-07,0.004055340674440799,-0.004114265077721169,0.0014109740528587267,-0.00034553465769804337,-0.003370052931942258,-0.0005757268717289099,0.0019459146361404667,-0.005436462255484109,0.0007446361497980281,0.015334859719222882
2016-06-08,-0.000908489213234609,0.004006976446323973,0.016194863933832515,0.0006048079894980241,0.0029204393343258417,-0.0011516201604583332,-0.003237522089638567,0.004008510925814335,0.01302793669675495,0.0008819166963569547
2016-06-09,0.007175783319085527,0.0013899306777587217,-0.000551898106783355,0.010362835228199918,-0.007663224250819778,-0.008070552519571783,0.025985880944666473,0.006291200976249245,-0.004776840325259046,-0.0013220012394450364
2016-06-10,-0.008228695326899182,-0.013385542934204464,-0.012565284487100814,8.51325916537693e-05,-0.014053925910255893,-0.002712406432175407,-0.02490559438334561,0.0003613104199347017,-0.013290332472893018,-0.007609702677743857
2016-06-13,-0.015076357136644236,-0.0037191053147838105,-0.0017866587329599115,-0.0018799585191824342,-0.00892843916587649,-0.026029245028103887,0.012770547369918894,-0.007572311418398758,-0.022200670200050232,0.00677911357724259
2016-06-14,0.001232751103317442,0.005676391395907032,0.0018718877460499606,0.0028257644512630353,-0.01880843834430168,-0.006182569211309552,0.0019235613768746607,0.00944667260947396,0.0021686451851514743,-0.00176591012225924
2016-06-15,-0.0032834607335698873,-0.007006781601502476,-0.0014456695102086359,-0.006062458066128484,-0.0017718838275994075,-0.002809754914906426,0.010239332667065337,-0.004799250588273463,-0.0050908987096512925,-0.0029858716877978475
2016-06-16,0.004220614979500326,0.004550120920334022,-0.010844237280830393,0.0019761599319485512,0.0040341348512802355,0.014087577930986583,0.004011507801237935,0.005545663025475989,0.0023026844579794314,0.011756435218759798
2016-06-17,-0.022757491875575853,-0.01549803515257031,-0.027614782708410335,-0.009945331506750366,0.0009642638412739046,-0.0051601010750981224,-0.017455246432241944,-0.0033566985585570253,-0.01735803209811304,-0.005480793727214106
2016-06-20,-0.0024123717900154107,0.010787256873059592,0.002669511814324732,0.009179055025079874,0.0014451622349049842,-0.0011970484853696117,0.01797923221844444,-0.0010829451212768237,0.00454591272970406,0.00440922704926483
2016-06-21,0.008517196411174544,0.0025349750477419164,0.0038944682810340137,-0.003089092739745558,0.009299597434015983,0.02236918605778415,-0.006097475565161825,0.004455774412941205,-0.0001295585641227781,0.004499202725691376
2016-06-22,-0.0037535682178788665,-0.0072923803258784226,0.0022430537323097077,0.002410120589777076,-0.003812721305419653,-0.003907113939550899,-0.0008463148937430942,0.0019181992836641015,-0.010344961556665755,-0.003933361474414254
2016-06-23,0.0057561757772721656,0.016155399154990313,0.0061932149595729236,0.00789986635169404,0.021368302181031584,0.018042544103221037,0.026678256941063294,0.007658587039618636,0.022213783572158974,0.0069107257812024425
2016-06-24,-0.028095841661640475,-0.03201856378930534,-0.041504093096271455,-0.014909020587259847,-0.06947717427785693,-0.04006906751703876,-0.05691947139249853,-0.023156853973448466,-0.04064979480307307,-0.026252900327258466
2016-06-27,-0.014561171173038012,-0.01087332745432501,-0.0059252198100744335,0.007956225319510013,-0.03338914991466335,-0.028095903992103266,-0.010714391669228496,-0.012521140553093613,-0.02278470491437956,-0.005928852973904775
2016-06-28,0.016840901936745034,0.023996131450350733,0.014857328826797911,0.014414474271369215,0.033153841461844635,0.020855054657332506,0.014588693767704441,0.015141975101113259,0.024815698898686067,0.023069750664159283
2016-06-29,0.008654614930734938,0.010805839528702954,0.005685209236366173,0.009304153407813986,0.028225664155655972,0.02224937684674777,0.016339676787264112,0.017584588643278387,0.021022277673911738,0.017049733154069546
2016-06-30,0.012711883962887693,2.7933222965126348e-05,0.011996692613939874,0.016508797376022732,0.01535988397985788,0.012464991566218053,0.0077174401827244665,0.009057183007552316,-0.033489990691446536,0.013843850969157412
2016-07-01,0.0030334153327700175,0.014057801392656222,0.009552026917399203,-8.261086042560262e-05,-0.0064874824764923344,-0.00019553752836520832,-0.007445562727004029,0.0012992629816221957,0.004179804205918236,0.0010670297968133902
2016-07-05,-0.009385965901003712,0.003334758605593846,-0.007546843062748776,0.00807999310609575,-0.027913768060792377,0.00019557577076789734,0.014787521222136668,0.007784871482891642,0.002550641600782111,-0.00873839819227451
2016-07-06,0.0056849734578341415,0.013061448430278899,0.005788318056224151,0.0030260360846967593,0.010746982503984537,0.004104264421377568,0.00633597184961876,-0.004798797016469458,-0.008169112569259562,0.011503083163280747
2016-07-07,0.004291921905895446,-0.0014100121203947102,-0.0024121324464601024,-0.0010600804977414224,0.006480013312533117,0.0,0.026023171689111058,-0.0023518019441908233,0.006076184319840916,-0.012010303449645598
2016-07-08,0.007713246063317136,0.012544681838379868,0.014874543448330613,0.0027751329290637283,0.02063381135993647,0.017905759944898847,0.04009024362855529,0.011080849145453264,0.025634365902177603,0.0062395369852115135
2016-07-11,0.003102829811292729,0.010686328376066534,0.013123623584068378,0.0006512422306743648,0.00711625888104539,0.005545180067380917,0.023008955848459856,-0.00023333803436831335,0.0013082903164021165,0.0037415819598871636
2016-07-12,0.004537126214303466,-0.0073894136050352,0.007302032858512719,-8.151549296187e-05,0.01493468479597393,0.011788919177332158,0.014994113741912063,0.0,0.012546193835501374,0.011289762738138975
2016-07-13,-0.005645684592471389,-0.007457781419643927,-0.004136488354029466,0.0006511978613290559,-0.0006326746775242587,0.005637901253167765,-0.00037879199521251294,0.0016326956120107372,-0.00025843752014087507,-0.0007370552577508072
2016-07-14,0.01982006293126859,-0.0019255583636400564,0.008663555687518532,0.0014632630693049986,0.015199356915697626,0.004298515838833561,0.010231075127539402,-0.0002331287370023194,0.008779001416595156,0.0007375989089046797
2016-07-15,-0.00010100944993862715,-0.007771235927900411,-0.00023076496598672946,-0.0014611250589665614,0.0009359345808610531,-0.00074442414513054,-0.011628034229938522,0.001630531066921126,0.00204741821851262,0.0017907974750617228
2016-07-18,0.010629710380638757,0.0008566781945107405,0.023884141385478674,0.001138120681893895,-0.003427961254941936,0.004841959978605148,0.005123257980177431,-0.0009300488386332351,0.00012786553940080658,-0.003154090066525894
2016-07-19,0.0004006678244685702,0.005271244261784824,0.00027877777609730536,0.01713483795900328,-0.001563432648538421,-0.016123450535476036,0.01038330570590218,0.0027929771576034046,0.005235440088697807,-0.0036911353698422245
2016-07-20,0.0009012673868136201,0.007797767797718347,0.0048712238080157455,-0.0008780593127304392,0.0010962789700901254,0.05311731893699689,0.01307936769836382,-0.002105180889595659,0.00812985386916032,-0.005716363465931962
2016-07-21,-0.005302488788516024,-0.001729842369290635,-0.0035266436565910553,7.999574211048355e-05,-0.0037546319694308217,-0.0019674028800296117,-0.01844331157203072,-0.0007034792854719862,-0.0071824263888460305,-0.0008518721567434273
2016-07-22,-0.007743843998354483,0.0005776133030614972,0.006455372775816315,-0.0009589103239311392,0.0054956401280832345,0.013799354906854022,0.027245372912641397,0.005395271894412135,0.014214840758395075,0.0017052596604612003
2016-07-25,-0.013379176682904115,-0.00704832485901663,-0.002318095356267147,-0.0011198025014323987,-0.002654754577298024,0.0028285807314358813,0.018474462194035368,0.0009334796832733971,-0.012138114190780591,-0.01925308371698098
2016-07-26,-0.006883075511728953,-0.005435302865131164,0.00017151513605839774,0.0020819646061198682,0.004070947664900126,0.0005288914764733921,0.017061487535835917,-0.006177564741696728,-0.005701076313430531,-0.007267191897252445
2016-07-27,0.06496292668975001,0.0014682324632255828,0.00570200190280068,-0.0030366295087580486,0.003118576609366208,-0.01004248583203804,-0.010065148646781652,-0.009498694954203857,0.0005100156540387424,-0.0067736079202948
2016-07-28,0.013501944945790045,0.02163793522176216,0.005078937224380464,-0.0024843282397181143,-0.0035749755244883774,0.00035590609853364263,0.0021404137809477586,0.00414400042384222,0.008404609650686012,-0.007810270124389063
2016-07-29,-0.0012459254079650872,0.008237933380032203,0.03329677980170631,0.006186797688854551,-0.0020283234860443144,0.00836147010381616,0.016376377010596466,0.009196589065231242,-0.014395890609921635,-0.013857811217022675
2016-08-01,0.017656709609147114,0.011768498173212238,0.012131304792965869,0.0013574282249912972,-0.0026577367206969127,-0.0017642226367363678,-0.006480312649217779,0.009580637965648009,0.0026904205986093555,-0.03473838301297483
2016-08-02,-0.014804672964387144,-0.009326118199067812,-0.0010238510985689508,-0.004386003854711218,-0.0023506051656803084,0.0,-0.0121627128314028,0.004050484796930265,0.0002557572045078782,0.013742987138275042
2016-08-03,0.012538712600540514,-0.007809852750616519,-0.0014996407942314827,-0.0076092134229706065,0.015867751793683604,0.0068929029408499876,0.0026766456398668037,-0.009105191941063295,0.005492511053572624,0.005170095527271101
2016-08-04,0.006177345524980504,0.008123166239301094,-0.0020903569484160833,-0.0003226996538143734,-0.0015464308885324574,0.007372303803473423,0.018508662570553946,0.0009303020653677052,0.00978365260107994,-0.00011400246363768574
2016-08-05,0.015207497652201862,0.0068482730644587875,0.012141782045922644,0.003067851079728623,0.02695176102270569,0.009932321250808451,0.01694929655491184,-0.003137876833538611,0.008303530725782826,0.000914142857469713
2016-08-08,0.00828041675776836,0.0007571824009773298,-0.002106903208076827,-0.004748852711126683,-0.0030167284396883653,0.0017250372636485878,0.009278117088739712,-0.00023323566493260728,-0.002370703304561017,0.011763395811075661
2016-08-09,0.004060299937144629,0.0022829661839740556,0.0027944247240727638,-0.0017790043416466839,-0.003479320436401201,0.0024114729336128793,0.002553778651158911,0.0026819082849978138,0.001376059614027536,0.0012414469825905439
2016-08-10,-0.007444364284696747,0.0003254093459907903,0.0012506220939361157,-0.0005674028600940462,-0.00895713170242185,-0.0030929747268803043,-0.006452613892825698,0.0037213853669681995,-0.0047466540746365915,-0.01750938991615636
2016-08-11,-0.0006481452975091173,0.003487011188573863,-0.0003585335312153992,0.003323573645851452,0.0027570016387217233,0.004825824788516009,0.02033816717807535,0.0048661444483475425,0.00552196529238258,0.0035871767249022746
2016-08-12,0.0023163059367616867,0.0017114796152302159,-0.001422934357117156,-0.004443604475600327,-0.0021385143768388737,-0.006174970650443035,0.055946366788630186,0.0035742932472857536,-0.001248383451736279,0.013030568092456951
2016-08-15,0.012017264051884968,-0.005268169437032899,-0.0013505713581591916,-0.00738506504099723,0.0061237511735658945,0.0031068550831310215,-0.0009517872217532641,-0.0002295166133355897,0.011122229225463354,-0.00045535176887745443
2016-08-16,-0.0009135568348125345,-0.005790572427475604,-0.005918519389351395,-0.016188664613337678,-0.0001522540360846536,-0.005540290412773485,-0.0060334969335669175,-0.005056352464870462,-0.001235587552133266,0.0012525883668181859
2016-08-17,-0.0014628598838352103,0.0007721861215197467,0.005279728482635138,0.008144289806675253,0.002739261261561987,0.0020890156252904024,-0.02316307647564786,0.004388922329719103,0.002106906404345077,0.0021611991477914483
2016-08-18,-0.0012818871429641776,-0.0002223074112381873,-0.0033150755231141638,-0.004863469693442979,0.0009105677503857823,0.0006951103963588334,0.015535541811215303,0.005519869047190262,-0.007050848334885562,0.009079896810560095
2016-08-19,0.002567141369708814,-0.009352959551613638,-0.0038618027665450194,-8.309086729774151e-08,-0.00136468394457534,0.0003470532262923598,0.002576674789673161,-0.0014870231754313679,0.0024915511949987756,-0.012484570837829612
2016-08-22,-0.0077723827768405584,0.002865342214060762,-0.003376535871903563,-0.006587693776227588,-0.0009109825743461863,0.0008680018098254916,0.004175925434890315,-0.005268366306463879,0.007332077570248785,0.0021638195304560792
2016-08-23,0.0031333370861701404,0.003910632371425082,-0.00045161416812933286,0.0026026007773842785,-0.0004558315514395783,0.003814735857833096,0.008092185047074318,0.006332440775340453,-0.003207358434755836,-0.00306880005286736
2016-08-24,-0.007533267529526877,-0.006820175142353779,-0.0037534923876457738,-0.00611228188492241,0.0027366871292426875,0.0010363143326324042,-0.015418630678880163,-0.0010296515761462066,-0.006312269577027019,0.003420200024798037
2016-08-25,-0.004258364978843576,0.0026015001671968463,-0.0028982248978681735,-0.0011794101891438036,0.001819703406093165,0.003796304784982274,-0.006619469262328037,0.006758059576569497,0.00037395007206741937,-0.006362479320085046
2016-08-26,-0.0058564706842964,0.012881700868071944,0.00242622804753867,0.003964105812237495,0.002270292057438894,-0.002406526243829532,0.008126011393076338,-0.0036406340554153704,0.003112474264932219,-0.002172366001217174
2016-08-29,-0.001122119396776644,0.002977844893519377,0.0032779551909609683,0.007392333047229194,0.011023464072980715,0.001206054954490332,-0.0006446093118267493,0.008220960189893045,0.003723461336149647,0.006531687729962599
2016-08-30,-0.007676507761190332,-0.004810053007818782,-0.004900626164792143,-0.003752383877179688,0.008215408564352877,-0.0036142492285070604,-0.005807496572863724,-0.008607198307457042,0.003709951761431185,-0.0036429627950826937
2016-08-31,0.0009434705407789234,0.0020583799042324102,-0.002613955493748321,-0.0010880864624228659,0.0,-0.007428042779908939,-0.0047054422451796585,-0.00262748904919452,-0.003326846566468644,-0.004341818787750085
2016-09-01,0.005937452850320657,0.0018981238371065245,0.0019625349648713097,-0.002178543368392738,-0.00429659138693006,0.0022624620105928805,0.02950771494573612,0.011453554541394961,0.004944499638112498,-0.0034426287279176737
2016-09-02,0.00936963089652254,0.00236182352259795,0.006911779738057344,0.002015443758274671,0.004166399980717772,0.0013893476201354282,-0.009818004368288724,-0.0012452570950884922,0.008610501774500623,0.00667844997841649
2016-09-06,-0.00027870477390412596,0.021270230329795137,0.013992170141543525,0.0036037333053635656,-0.0007408660126545508,-0.0010402675980770715,0.00943533530510221,0.004988366191130078,0.006463463467653474,0.013155159302604025
2016-09-07,0.006128417126049168,-0.005564959815286041,-3.715066585896487e-05,-0.0011692502170501662,-0.004151823164687762,0.0008675567062110812,-0.014733548322056755,-0.007784310760365232,0.008602776387919286,-0.0037258499502506037
2016-09-08,-0.02620889117105185,-0.000535384177292042,-0.0063739574445221825,-0.001170452351093032,0.0013400967417036558,-0.003988818695258134,0.007235731887529351,-0.0019326841606956968,-0.0032438207281725306,0.009179192709522166
2016-09-09,-0.022649551927437783,-0.030507848187831477,-0.01788621113115174,-0.010379357350079887,-0.008922119825990449,-0.021243292710743433,-0.04980856241891063,-0.017543839775250314,-0.019766001197503713,-0.02481700783878893
2016-09-12,0.0223984839918423,0.014931488109319435,0.013113813437439115,0.007865974110121243,0.006151608517135365,0.01494393516480752,0.020665583871489313,0.023306617408820562,0.02016457419519302,0.0051817484294987
2016-09-13,0.02380522024475895,-0.013584156919737689,-0.012643631866126381,-0.013007555476989174,-0.007903507012766098,-0.009114660549188525,-0.014485795641349997,-0.013597281850692422,-0.013016622923341159,-0.023828591447202396
2016-09-14,0.035386669151344696,0.00010516596472487372,0.0022060985557890156,0.0021257816108664063,-0.0019537204760343707,-0.004776403338703661,0.008852583706754569,-0.0004596657051458841,-0.004885021224210195,-0.007159121444641925
2016-09-15,0.03399838657487142,0.011299591339365866,0.013624897817891668,0.006532903053774852,0.003614295359306352,0.01653043041509572,0.037913978225029066,0.012067545248294786,0.006381371405683733,0.005674205706087454
2016-09-16,-0.005624343925087039,0.011472093767138869,-0.004068752835129308,-0.00320304342041422,-0.01230476611435738,0.0010491487934114474,0.002392725692704989,-0.00011348549875522806,0.0007318156661564323,-0.012341593221548486
2016-09-19,-0.011660233838448164,-0.004392889723924931,-0.0032332666873986504,-0.00498929084658517,0.005621389132026033,-0.005589570947682754,0.013208135065581939,0.003634093874114175,0.00536142921525351,-0.0023801214766535628
2016-09-20,-8.819001441051633e-05,0.006605612482086798,0.00551931814574913,0.0024644721705444628,0.004078982703235923,-0.002107805296786336,-0.009109586117099666,0.002376523458998303,-0.00036388844016355115,-0.015387845707868664
2016-09-21,-0.00017595532994596486,0.012201633012272062,0.006564210687998173,0.008139349914748406,0.005717890122845182,0.01672227145917038,0.02805498874730805,-0.008805854389473122,0.008972114552245891,0.009207345024663471
2016-09-22,0.009423192806784053,0.018942971304031886,0.0135648467828402,0.00462498628877972,0.00822833447125193,0.0010390924284482406,0.0024671313566348996,0.01355360283265128,0.0016819561204672873,0.002881203312732117
2016-09-23,-0.01666382879970152,0.001304780986036036,-0.001213208034850144,-0.005441139058375066,-0.002077195786421182,-0.006745198861558999,-0.001076601599778293,-0.01382200424816249,-0.009836665993824378,-0.001077399598894524
2016-09-26,0.0015085107421224375,-0.00817867337251732,-0.015105083047639356,-0.00866909764042234,-0.021858561986766833,-0.00922883878098335,-0.009392117466633265,0.001025767813212175,-0.008844009556274846,-0.004673277395322306
2016-09-27,0.00186030023041317,0.021209766342872083,0.0100666214232088,0.012226306550199961,0.00881704722732235,0.018453568975372425,0.034193905529628976,0.005805784663252211,0.004278360545824089,0.002166829722454189
2016-09-28,0.00760452799534761,0.015451367903480895,-0.0008264500471945047,0.0014259365497100163,0.005274148944824031,0.0013806426340581268,0.003606530590808177,0.012448895326532483,0.00985838609845513,0.04396915009154467
2016-09-29,-0.015533131267066125,0.00039816983651275173,-0.009159756703939426,-0.017757055287635937,-0.015889355242510006,-0.010856637440166517,0.009284322622688412,-0.013749272081994945,-0.012655244318628966,-0.0050630904441927305
2016-09-30,0.007755283690474846,0.009963259640341393,0.0017691007112938806,0.007333546490983611,0.014317884864107233,0.003484492867528166,0.016617289107171196,0.01722771694741243,0.009521561653027089,0.009484378258018289
2016-10-03,-0.004687949190848362,-0.0006807419549713645,-0.0045767203744467855,0.005756122791887863,-0.0012010807501703358,-0.0031250423394514337,-0.0010218212133767945,-0.012144859042699352,0.0019350284216563818,-0.0026352374395955946
2016-10-04,0.004265592136782681,-0.003238804305774279,0.0030110972362933364,8.411877033620563e-05,0.00863235383554195,-0.0031348388435649133,-0.002191309556883625,-0.0034965976140229893,-0.0015696303404663103,-0.009190124742139538
2016-10-05,0.0004425496968707421,0.01238561122333226,-0.0019432693445330385,0.003030033661449938,0.016366299067534174,0.006988090618571752,-0.001024828479273543,0.00565936440620729,0.007494605328340231,0.008695550347483483
2016-10-06,0.007430528834458938,-0.0031976485459955795,0.0023088351900528714,-0.003608050731258361,0.0026590677985869338,0.0017348804252208527,-0.01304413211107014,0.004164315013324371,0.0001199103545090896,0.0004595321482261383
2016-10-07,0.0014923688047505657,-0.002649520849079434,-0.002951039390769017,0.004126335199956754,0.0035362138627703654,0.001039303726655838,-0.007276501282485803,0.008742576689523496,-0.00575784992690076,-0.0034467190570824924
2016-10-10,0.017447101717005475,0.002716090966689011,0.01681005404110536,0.004696337099400205,0.007781729453826269,0.00415237948562952,0.003739811956608996,-0.010444649753492907,0.0028953508734563815,0.01959896009940798
2016-10-11,0.0021542342695299865,-0.012724087581184262,-0.005649908193600561,-0.018029899925750437,-0.004807783660593201,-0.014645330124439693,-0.014456113914006918,-0.005838446388868768,-0.012993037162009391,-0.007914835577047308
2016-10-12,0.008942493949940955,0.0037183888517926533,0.0027174546020505286,0.0028049668818077578,-0.0026349332908018885,-0.0013984651822132044,0.004536518134255596,0.00033861071896668093,0.0025596210613303416,-0.00695268645334346
2016-10-13,-0.0030681355916796216,-0.005766706205961869,-0.009473083662818182,0.002458419050560101,-0.0057245245809754985,-0.0033272449593346742,-0.016257799557135577,-0.0037260393317873897,-0.0046201161646239886,-0.006541714038831525
2016-10-14,0.005556694554976538,-0.007621114382127869,0.0006467172827919754,-0.005919068263666394,-0.0032476051562997377,0.008784277719587674,0.009793562670512124,0.002153629475886376,0.0070847185647056055,-0.00023073169465048782
2016-10-17,-0.000680166325851439,-0.012163403806223938,0.0027838893155991418,0.007911056051734144,-0.005183818446097721,-0.003483129378508254,-0.005758657717074289,-0.006785248749348938,-0.0036385593327015187,0.0
2016-10-18,-0.0006804165924668704,0.0057814285169965896,0.01815728022672536,-0.025994264142108814,0.007890848781969106,0.007689548844030947,0.015241825172129797,-0.004326345944417165,-0.006938409430220394,0.002657231266077753
2016-10-19,-0.002979470173588239,4.889381476447241e-05,0.006512633288655811,-0.007104746970769571,0.009601109793124785,-0.0022545399974671643,-0.0021018053782433377,-0.014289184020674917,0.01507708335420288,0.004610127370420214
2016-10-20,-0.0005127195867847822,-0.009013190047870712,-0.0063010697054439735,0.0024438033489602162,-0.0013168746834160139,-0.004867042534523192,0.018955725309457883,-0.007131132762062897,-0.003743433719423539,0.00045850201778385724
2016-10-21,-0.0039293783983496144,0.010699531288220099,0.00295739003233364,-0.012449286363686474,0.0033694008949920473,0.04209603255730898,-0.002805179549335235,-0.007064422847121721,-0.0018183750678658628,-0.006765060404691936
2016-10-24,0.009005105251455703,0.023321359043681378,0.014173864375953249,0.001498591134605043,0.005548319764943299,0.022460605931670985,0.04693539215078246,-0.00272766801526958,0.009957606093925486,0.003348044058170352
2016-10-25,0.00510006223941617,-0.003472185240017467,-0.008603111531735541,0.0030806663606319784,-0.0010163126908300235,-0.00016378436642372485,0.016404895858094903,0.03412615805314134,-0.01370682999022721,-0.0021863145455512933
2016-10-26,-0.022494891848987897,-0.015074535910763909,-0.0077846480846336386,0.005264985316361326,0.004796816100574031,-0.00590268686920381,0.004034945303414528,0.004943798654544196,-0.003413608847548155,0.004266686701473121
2016-10-27,-0.00960271971561677,-0.005142344747451566,-0.005777886551115219,0.009951210279745437,0.0014462824278707043,-0.008741465716398888,-0.020510145836861837,-0.00938181539827132,0.00207947239260986,-0.0019520661836240905
2016-10-28,-0.006638828843098743,-0.05137097153119663,0.0027038302063939756,-0.0031980353277232254,-0.0017334432443768533,-0.0038269474060318442,-0.0016974358678540913,0.0030029140164555823,0.0036624000017557723,-0.02461982668797269
2016-10-31,-0.0015829744002511248,0.017389715688315155,-0.01178693433205713,0.005722730481227067,0.0021707262425876284,0.0008348795591159863,0.008503192420352468,-0.0004603151732880395,0.0035271792684117287,-0.017221351236277882
2016-11-01,-0.018055231393203308,-0.005583574478747688,-0.005457404513002917,-0.005603831484045418,-0.00418734511077834,-0.002002340034993222,-0.029651400371560777,0.0005758010540855008,-0.01078680624109285,0.003960265337777713
2016-11-02,0.0008967879176551286,-0.02527343172478269,-0.02117987224593243,-0.004161593036942635,-0.004204597238642527,-0.006187362278486708,-0.004199943428099706,-0.0012663741864176181,-0.012741810037894985,-0.0023906549636659724
2016-11-03,-0.010718730644444174,0.0019202044816464259,-0.00790186535373738,0.0014799774064879756,-0.004368419019831871,-0.003701619617314078,-0.011634717230459835,-0.0016146096405608157,0.0008686320095510069,0.0025165039099870334
2016-11-04,-0.00901366879728549,-0.015618758464616134,-0.0013936927702051793,0.0006957568447634177,-0.009067012918026696,-0.00844475262653821,-0.0057384980958925524,-0.017551511952769383,-0.0035961465602488696,-0.001075784465716989
2016-11-07,0.014424754938292539,0.03957352587370733,0.026795695093283056,0.013465116671622424,0.03128675515521917,0.029126206501404184,0.05475789666498465,0.01739534954927624,0.026755121597224596,0.022496205270817304
2016-11-08,0.005887160934079372,0.003592744877303433,0.01240588746303728,0.0033431421385039517,0.002146878122619489,0.0008274216578807447,-0.0015434307926940338,0.01039737614078784,0.004484226763311394,0.007202006256090909
2016-11-09,-0.001620745663939882,-0.020145959442710915,-0.00786947610733324,0.02785122213019875,0.04598012358380421,-0.00496106377210892,-0.01686333658894068,-0.017494001121926672,0.004343617922541343,0.01101842901000949
2016-11-10,-0.02786807960983928,-0.038218433465590174,-0.031405595752584725,-0.0063999499095465096,0.04641652279983832,-0.024430719754261143,-0.03130363847325601,-0.03456278165040605,-0.016458750334288008,0.009275543842136358
2016-11-11,0.0059375747042518245,-0.004539427120207162,-0.010944583520673623,-0.008951158396726888,0.0005218586021622507,0.005451132254604696,0.2980668335001022,0.007473754613111172,0.00012227767473182993,-0.015853127528217992
2016-11-14,-0.025085285244505817,-0.02698208778702238,-0.024010492117198523,-0.015784603839842815,0.03677133026591761,-0.015248698131689942,-0.049221133816584994,-0.0069394522227014255,-0.04274524430437854,-0.0045524132417235075
2016-11-15,0.013243754875832403,0.03361285959439342,0.02912823355234373,-0.002401420086061812,-0.0018864229104860186,0.01974706312429131,0.03048745032083766,0.007470031836770863,0.0024238032556138656,0.018058144211503757
2016-11-16,0.026888015945198074,0.0043728080913219,0.006218128393200351,0.0003437634516831878,-0.024697617329715427,0.013249574284643684,0.06311631927041716,-0.005142446888051433,0.021363329814989562,-0.012324233862902156
2016-11-17,-0.00036339315589206667,0.013275426153116943,0.007923325193333941,0.001804801580580051,0.008010111527328778,0.01659673413344298,0.008294743890048917,-0.0014426022922692239,0.012362818791932684,-0.006064153737793343
2016-11-18,0.0010003165482337373,0.0049709076377260075,-0.012961889069766364,-0.003541299143656751,-0.003973418287289254,-0.0047825459408377125,0.010498870227756418,-0.01288101495337135,-0.003083843174548795,0.0005865617541096491
2016-11-21,0.015173556926412646,0.026099784123540415,0.01137937304138048,-0.0031207685085462566,0.004375797814429427,0.008450678580131932,-0.004070257775367292,0.007804755187666768,0.010764935406956777,0.014188726064154444
2016-11-22,0.0006267206806991332,0.006833296555739166,0.0002549009088654852,-0.01965234504244684,0.00614959632790768,0.004272301110169741,0.007205751571644825,0.0014525623755539119,-0.021545051130076764,0.0021967172619075104
2016-11-23,-0.005098426808446521,-0.006634104297313703,-0.007643117497709073,0.002926981270778173,0.0042024204783115415,-0.011779960325576377,0.00491925118169001,-0.0009666722526789906,-0.0045036538240808,0.002768651898653829
2016-11-25,0.005034737129582023,0.00032048307371135287,0.001578635139151574,0.009375133194369223,-0.0003807051208476464,0.002152136443194008,0.002021938476008067,0.009433562563544884,0.007037343476372859,0.002300961748882724
2016-11-28,-0.0019682967758423153,-0.017427637731796786,0.007126153415124792,-0.008762265033719019,-0.006469475917776912,0.0013216503467512464,-0.000530663224029726,-0.0046725237161319155,-0.013103636939850172,-0.007461008122192525
2016-11-29,-0.000985717755975779,-0.005542770856085788,0.004645125698637287,-0.0057453463009866645,0.007660653670715556,0.00791957589862946,-0.00913863936363235,-0.0021670296002725964,0.0008857247954372482,-0.006591677765896642
2016-11-30,-0.008433692102326584,-0.01567171630962705,-0.017176782152573344,-0.010490963065201031,0.015838730530715273,-0.013586660215320623,-0.011260162804447527,-0.005187618903518043,-0.02312118241055905,0.016297917903699943
2016-12-01,-0.009319494046458043,-0.009219677712789642,-0.014886365203337082,0.0007190291550451811,0.020207421458871,-0.017590137332301525,-0.04945727256030741,-0.007275971517657354,-0.02444373802646127,-0.0006872639021794358
2016-12-02,0.0037447227910156755,-0.004451035987987906,0.00017008767118165125,0.005207105659723155,-0.0023230790175985394,0.000844562085673406,0.009242049728096058,0.006596700853990889,0.003844721346355273,-0.00229265419348168
2016-12-05,-0.007188566610831892,0.0256909057332686,0.01799964598783199,-0.00017827779233225982,0.020343071511047084,0.016371210351334264,0.038778775895950135,0.007159957408734874,0.020998312677898756,0.00505538968645447
2016-12-06,0.007698806168345396,0.0070586169129704945,-0.002621596750826294,0.0010718023597862114,0.005164457489335028,-0.00448369947678029,0.016434267834225746,-0.0009640527694044776,-0.002586892816203723,0.0009143339475419232
2016-12-07,0.009822647027907694,0.007453704544334361,0.01969937702087421,-0.008566563265995253,0.004540560859451315,0.023686665128780593,0.01798986093766608,0.015317975487430635,0.028530575877194098,0.005824529072648188
2016-12-08,0.00981715445291953,-0.004010774754608537,0.004674709954324507,-0.0009902997300057503,0.012489417280283632,-0.005866262919092979,-0.01672467117890286,-0.008077904799303703,-0.00037839262924066475,0.0028386289292827716
2016-12-09,0.016321540070129537,0.0017332256331263896,0.01795845180539901,0.011442443712816885,0.004346769686529139,0.01573523527143328,-0.017757787216587273,0.010419270213836818,-0.0017659520979321774,0.007699299339386068
2016-12-12,-0.005703979077819055,-0.011110195752249585,-0.001915014037160323,0.02761456549920749,-0.008889575611291,0.003227175491198331,-0.024286991168126937,0.009007294699375334,-0.008086557782472026,0.022247347733463263
2016-12-13,0.01668126751992638,0.018707533690754286,0.009209018130599711,0.004594340840591515,0.0003542724844975975,0.013028856265367317,0.01763581571003181,0.0005877924400687906,0.008916869519544068,0.01758618094976594
2016-12-14,0.0,-0.007128578366329741,0.0031276630472902855,-0.007765728174067621,-0.00035414701995295506,-0.004763505265770407,0.057913820280410366,-0.009509090660551944,-0.0008838679478221367,-0.021602580770980984
2016-12-15,0.005469333442350566,-0.010171500111441079,-0.0027386537052805915,0.007826506697633961,0.014988816285469886,-0.001595140498751979,0.023431962438913878,0.0036743081813122025,0.004675947520393686,0.00342221780694274
2016-12-16,0.0012949341802637182,-0.004244389662962256,-0.007123294186435092,-8.650029293111317e-05,-0.012325552304860765,-0.0044743460143222835,0.01722247311406666,0.0,-0.014465393450536657,0.003190506830324402
2016-12-19,0.005777559938895838,0.010860789451083708,0.0032848171514197055,0.0012081199460629577,0.005768988543416009,0.02118763098318177,0.012150041813643542,0.0003541298898095402,-0.0031910061463662487,-0.00833515640286453
2016-12-20,0.002657667416698928,0.006814662979457875,0.00332284987901188,-0.003102589653752652,0.012875897105775636,-0.0012572575156618582,0.03483220952907429,-0.0016530695069657542,0.0033292367001254153,0.00011059156825043992
2016-12-21,0.0009407265698471168,-0.0008039740674588014,-0.00367998527061697,-0.003026428976371953,0.002542329854407388,0.0,0.006275405789881949,-0.0034288767969458123,-0.0028074107484618027,-0.0016590100499853655
2016-12-22,-0.006578117975085007,-0.005528093518598509,-0.0031026051686394718,0.001127585641669926,0.0016140210704471691,0.00015712041711446467,0.012095098983131214,0.0022545216295217774,-0.0030714229506991764,0.006535599566793282
2016-12-23,0.0019778264142560342,-0.007503256485194232,-0.002321814034141445,0.0045043195434320005,0.0018412038949915388,-0.00487794318254775,0.024927420397725664,0.005801072250387174,0.003209125032661797,-0.001760574928396652
2016-12-27,0.006350961001052369,0.014212667910831422,0.002636604678998955,-0.0004310457386379474,0.0009193606585060632,0.0006323387137237013,0.06868304187913266,-0.004237760095182619,0.0025591919444045708,0.0004406967218684166
2016-12-28,-0.004264076192124544,0.0009463060338679163,-0.006617941103574276,-0.006988325669602169,-0.007231190789131592,-0.004582551345978514,-0.06878651696161697,-0.006264662938739285,-0.0006379306109687288,-0.00495839616244953
2016-12-29,-0.0002570438536696473,-0.009039903514286185,-0.0021003599933798744,0.003388584871829581,-0.007051681532589171,-0.0014290680211359597,0.01995447454080601,0.00333060399710039,0.0003828568851593772,0.0005533720802732844
2016-12-30,-0.007795545037565077,-0.019969939098456124,-0.01299077798277537,-0.0024245702120264667,0.004657173142713855,-0.012082495498443091,-0.0420890322899411,-0.0032006917986484584,-0.003957554130976315,-0.0009960952961910463
2017-01-03,0.0028490699452004,0.005067508446695346,0.019635359420826948,0.005468112369576117,0.010893452927396075,0.007080980688751737,-0.04431321517856246,0.0014273321071562872,0.018969470779317765,0.006980004118632088
2017-01-04,-0.0011190879297751088,0.004657284610836365,-0.00029720897906426735,-0.0016401149267885051,0.0018441454284721104,-0.0044743460143222835,0.023330864086791747,0.0035623067931691565,0.008176109790015929,-0.011002412919875026
2017-01-05,0.005085342267673543,0.03073239887913859,0.006499663063016303,0.010462844562976192,-0.009204876216689306,0.0,-0.0253857478389532,0.006627545688597802,0.011728008927641254,-0.014907160181479084
2017-01-06,0.011148011721771933,0.01991160088348276,0.014993342172567647,-0.004792122323346915,0.0001166537233887599,0.008667664112889772,0.013367892915091995,-0.0003525479097992168,0.013811772152573454,-0.0005647005619884293
2017-01-09,0.009159671765537558,0.0011683855384734265,0.002387342523537228,-0.000172050344891983,0.0006965566591825567,-0.003182835461775446,0.04054281723207698,-0.007409366482744817,-0.005595202360727969,-0.01649725232151078
2017-01-10,0.0010086276121912263,-0.001279990502987438,-0.0014147571152167693,-0.001031713773340548,0.0029009593139182055,-0.0003192318309832576,-0.007550629441988477,-0.010782256364533671,-0.00538218512087274,-0.012752562549626978
2017-01-11,0.005373068504274325,0.003920142024267603,0.0046611303881827215,-0.012310715696550178,0.007520225691398208,0.00910267890087968,-0.012303707581309609,0.0031141723740326643,0.006025916797977704,0.010240911846497003
2017-01-12,-0.0041754120302046616,0.01829738902683742,-0.00039762416085720176,-0.0009588809392806485,-0.009646305851911507,-0.009178760470000769,-0.016356006574921422,0.0010747766233139,-0.00525637292223724,-0.005414087573456405
2017-01-13,-0.001760832785542621,0.004301638082535586,0.001699784110066549,-0.00017457211270066608,0.0053340076233066025,0.0014376055517302255,-9.651736305194003e-05,0.0020279017149127387,-0.0024580184558841145,0.00011581756240630625
2017-01-17,0.008064446482457965,-0.009080412088530276,-0.004187921527070815,0.002356098794326744,-0.03633230409277788,-0.0027113827331892715,-0.02243064487787738,0.014284041351248389,0.0011087635116737715,0.0116966882894729
2017-01-18,-8.352909240905149e-05,-0.002766376316502117,0.0018851463472056018,-0.0014798581893024076,0.004667765605306018,-0.0004797921935820737,0.018197677829634662,0.004613153880921761,0.004060729395835239,-0.012362847006017419
2017-01-19,-0.0017499735710944098,0.001931914448134897,-0.005609052399466186,-0.004359533007997518,-0.007624105049783059,-0.003199945591997766,0.021466889355444385,-0.0027083127044706945,0.0017163540091089668,-0.017964677500412973
2017-01-20,0.00183672385940703,-0.0008775727540912825,0.0046097126742215,-0.0004376022136952651,0.004441415024336592,0.007062794332946654,-0.01093546627771902,0.03246803383586583,0.0013456260319069102,0.013690324960045963
2017-01-23,0.0006665055041112922,0.011814504334756615,0.019633567583427824,-0.0021025372014191746,0.0004782409126651288,0.0035063590136630296,0.010383242549738991,-0.005603551057648759,0.0037881192201312253,-0.01071104376283627
2017-01-24,-0.000915998637359694,0.005575405566935476,0.006039560171917646,-0.018874613864579004,0.012065296271515757,0.00889434375506526,0.02131503023460879,0.010349568409600218,0.01314653753974615,0.0014122190042753502
2017-01-25,0.01592059199002316,0.017119754327643122,0.010499958730067593,0.009305628544320932,0.015463064849718933,0.0025190771363023945,0.004285749764629587,-0.007967306209890168,0.008050040191902141,0.002937837845741642
2017-01-26,0.0004924236549466166,0.0031439832513029398,-0.0017122777948135326,-0.008510627845009222,0.008368786141714546,0.009264840318247813,0.017255716077910987,-0.006424743151800416,-0.007866491644063944,0.0030470172356003022
2017-01-27,8.165626926026626e-05,-0.004027854767751027,-0.01394446124501214,0.013769723949866197,0.002075057545242176,0.023494677163233613,0.019334226872254945,0.0013856410865136226,0.006366838985142342,-0.00105184211294862
2017-01-30,-0.0026237327995357607,-0.0064491599651470555,-0.025087745489486113,-0.0022051443184694097,-0.010352905487582942,-0.009881304688852621,-0.015656701127574224,0.00034578981984845214,-0.000835746712186114,-0.00760128270503635
2017-01-31,-0.002302086696777228,-0.008309477885662386,-0.004418492491683357,0.0010611409079834822,-0.016273584397673346,-0.007369828824023261,-0.007634994725782551,0.009798505706719585,-0.011827352916589429,-0.011430577081809168
2017-02-01,0.06098048552862889,0.010771373223389613,-0.006035056990930654,-0.00017668391038716535,0.003781144428838923,-0.016550773830005472,0.043689371242732644,-0.003082409556687815,-0.0032647510804776347,-0.011324483882233949
2017-02-02,-0.001708437890449166,0.009130799911785559,0.0037042572522349992,0.003002671527294165,-0.004237476878766633,-0.006448469618900443,0.012637092304253139,0.004923719399674065,-0.0016979646779822222,0.006149111988744904
2017-02-03,0.004278952399750846,-0.03541884643413129,0.0022854281099944362,0.0006163899606683731,0.030618085921147564,0.008073493787361441,-0.008753069950218073,-0.003988193047686273,0.04592946272179832,0.0010785952991718695
2017-02-06,0.009374022910367374,-0.003159673101806648,0.0018167779698918807,-0.002111972970089915,-0.004703180987170152,-0.0006283707626942858,0.02561619578065244,-0.00011424143852822866,-0.002904168502594451,-0.0027534326644436113
2017-02-07,0.009517381389235968,0.006017533324283564,0.009262086180270135,0.0007057136539143638,-0.0005761346289281377,-0.00329956513763352,0.015514534206612085,0.006979381208877422,-0.0005826204657125578,-0.006481753475674812
2017-02-08,0.0038772220782619105,0.008873854417067228,0.0007837856979160396,-0.0007052159733729191,-0.00876373410105602,-0.0014190205152643243,-0.004365049563670009,0.003635919898524298,-0.008044127000122692,-0.006583538294743008
2017-02-09,0.007226259589532269,0.0020129181561270304,0.00021712521576877641,0.005996515326124774,0.014424951090130866,0.011367152843815509,-0.018801303128579194,0.0038492943089740717,0.005758801224751586,0.004417995044526224
2017-02-10,-0.002265837814836358,0.007426714212598773,0.0057706049384753655,0.010168078904666977,-0.0022930629003605763,-0.0009364664835753711,-0.023715212891800896,-0.007894635439375408,0.0037389210272642526,0.008308815713661266
2017-02-13,0.008855442312883044,0.010961226604057517,0.0049230300020217665,0.005553677823828096,0.013218077769369119,0.011250061225185126,-0.046118465958459476,0.0038650471974235323,0.006286834473179237,0.005816838993515816
2017-02-14,0.012979315700040406,-0.00016735728527694782,0.001275256734869279,0.004142467119786275,0.01599550113738335,0.0037306987014944504,0.003690983063422859,-0.005095566821390229,0.004742792294434306,-0.002168786007678891
2017-02-15,0.003629557458842747,0.007544288006336997,-0.0032259554213954766,0.007218645877964391,0.011500430999374034,-0.0006194501986102052,0.002022085309669963,0.03710454573919275,0.009863252686518775,0.004105561288977988
2017-02-16,-0.0011807649173378731,0.0017088504510958114,0.005792272600374737,0.0075088754688508175,-0.0006621867773648482,-0.00015515535315158147,-0.016054844767567134,-0.0036216273944073007,-0.0014851727265271508,-0.010341679366152046
2017-02-17,0.0027334913898284796,0.001101740442605026,0.005200946490736547,0.006605544906542304,-0.0033137741551039213,0.001549825851278941,-0.0001866291299602585,0.0033042870652630896,0.0005723993982682529,-0.006561209972793858
2017-02-21,0.0072208213263056376,0.013454428121802309,0.0032131107356212496,0.006730709270042379,0.008644609905222644,-0.0020114593500201172,0.03581073629669529,0.00636734225367408,0.005259767381606162,0.0015898710596895516
2017-02-22,0.0029989521602455937,-0.0009691301880624392,0.0024609118506324634,-0.0011701211801939948,0.0005496149373531711,-0.0020159073463802413,-0.0015326182743741201,-0.002509078509038809,-0.0013650668243954112,-0.011723037992978913
2017-02-23,-0.004230123027583188,-0.003997092731641838,-0.0004230228586038498,0.018239556156145253,0.0007688668782879216,0.004039564206982593,-0.09272282947857147,-0.003390005442124089,0.004328203295026478,0.01050335229502286
2017-02-24,0.0009523443294003897,-0.008155454539350404,-0.003748488742368661,0.015136703741909008,-0.008779045526811191,0.0,0.009652716457583477,-0.0008780203772060791,0.0028349732296117924,-0.008559697283239909
2017-02-27,0.0019753019899744206,0.004022482721395049,0.0021938773889000895,-0.0026887572986219466,0.0011068570506858055,-0.006035098697972696,0.029075358617589586,-0.0017570463299602102,-0.0048627043097477785,0.005673242719874905
2017-02-28,0.00043876047934010565,-0.004242088719402681,-0.00557863049884455,-0.0015526110748211863,0.002101371860964596,-0.00389218979638839,-0.028062217903594866,0.001980519879197562,-0.0006817743522057329,-0.002698145736861557
2017-03-01,0.02043903084535037,0.009514352875576781,0.013989378836088306,0.013501636352345248,0.032884420241543255,0.015004628505373319,0.012908841839762042,0.006478388762020781,0.01194016284892685,0.020905253067319718
2017-03-02,-0.005937014662722007,-0.00488816785598345,-0.008053890370351202,-0.001857029890347417,-0.015598129566459673,-0.014320811977705072,-0.03687114092050847,-0.008182255804144556,-0.0051695182906043025,0.003372753848785992
2017-03-03,0.005900830733269746,0.001142643194159465,-0.0009058759395564886,0.0012942365125780952,0.007162788344489135,0.0037493492871705225,-0.005757600707652966,-0.004510352714902188,0.0029372208688591694,-0.010084112172694004
2017-03-06,-0.0031481919156879368,-0.003847553226356548,-0.002131763005898235,-0.000646440645392321,-0.00948270879288915,0.00031133359035107055,-0.007721486344567818,-0.0014362694769098905,0.0016889496363174938,0.004487257186819527
2017-03-07,0.0012924487602954393,-0.0006969647787669064,0.0045796003880547165,0.0009700498017704007,-0.005548366274293559,0.002022478600748334,0.010955295981512014,-0.0008852960899422557,0.0013495038290090022,-0.0037431226602887557
2017-03-08,-0.003727501422663093,0.005295450345943475,0.0029253563438336183,0.002180516710851066,-0.0021878796142367207,0.009161734401011312,-0.0018232048207276197,-0.0016615636437210535,-0.0011229490779561813,-0.018055925210680224
2017-03-09,-0.0023019999166191685,0.002939447278418772,0.004920071603695675,0.01490736014863625,0.003947182008651184,-0.0040006005949276835,-0.0002025336149814594,0.0022186709392120196,0.0016862715173460163,0.00789846898119384
2017-03-10,0.003316618689448214,-0.0006330697838242694,0.004161576591591443,0.002064121309919731,-0.0031669718153779503,0.003089594984444055,0.005885765977755586,0.008081175221413828,0.00695797574468382,-0.0007346544943716005
2017-03-13,0.0004314355114853896,0.002498620827174447,0.0036801354178319645,0.003724278309593654,0.0008762056374820304,-0.0033880866673142718,0.027542869700040384,0.002635151064041885,0.004234290450427336,-0.0023284793016332683
2017-03-14,-0.001508424249360818,-0.002410527652102701,0.001538198294218418,0.002920687986695647,0.0016419944072700865,-0.004636217292607658,-0.0006875848728666867,-0.003395367298585805,-0.006214228846140313,-0.0052810627174706415
2017-03-15,0.010576346628779154,0.0005160958454508702,0.0028641143476830777,0.015033302147591465,0.00240438875281912,0.005278472293426484,0.007565403790824599,0.004396052224179492,0.004131912903249768,0.01247057649015093
2017-03-16,0.0016373528013367,0.0005276363750852386,0.0018540839971490364,-0.003877061053706221,-0.0009814137397285982,-0.0016986221872618001,0.012286857149438113,0.0004373383947335885,0.00133443344284645,0.0008533797383187824
2017-03-17,-0.0049756118741099975,-0.001300649824284017,0.0027238692178270796,-0.003113935208260532,-0.0104760366209522,0.003558571093714269,0.02176997739325026,-0.004812045434616774,0.002221182237376329,-0.0008526521022909073
2017-03-20,0.01050103400511726,0.005467444629579932,-0.005112394957149102,7.791882577934395e-05,-0.007167555607035303,0.0009244863181767649,0.03186598487349346,0.002418033130797692,-0.011746509195073251,0.0
2017-03-21,-0.011452340367673286,-0.01606822787173301,-0.02047440360330066,-0.006402586181485925,-0.029323932481641113,-0.011088805243697264,-0.03234352343219171,-0.00032916081485923065,-0.01255870048632457,-0.0020730630961830476
2017-03-22,0.011298832041590101,0.00576375786046146,-0.00039999938433776805,-0.0077799082399907515,0.0016020890991874648,0.012770387780260961,0.020394838590791275,-0.0021932313117721813,0.0052236513816739105,-0.0008555729868789941
2017-03-23,-0.003535696278015976,-0.0008018394176448895,-0.011944007748130314,-0.002850985106608306,-0.0015995265151936833,-0.0024598185690944963,-0.009068389870355742,-0.002417975717597498,0.0038406923232037204,0.0012232636823736875
2017-03-24,-0.001986879495565308,-0.002088814407849471,-0.005371294366988688,-0.0033362318243064237,-0.0011443174716543325,0.0016950221051819092,0.0035484031643371328,-0.002203164156599713,0.0037140638877246612,-0.007696213874676783
2017-03-27,0.001706161716050758,0.0014309457261052483,0.004035248959091353,0.0025503101002213313,-0.0005728142171438355,0.0018470817496061276,0.007257905570930978,-0.0008833412349784631,-0.002691167187563792,0.0002458819190733763
2017-03-28,0.020727592765557912,0.010840547887150054,0.0025281994477837078,-0.0011129614448962544,0.015589543653572902,0.0029184984641124068,-0.005173321194760994,0.0029836420079658588,0.0019113834745123626,0.007261720260524074
2017-03-29,0.00222481440744704,0.021401878096712013,0.010991935969006272,-0.0058888702519306335,-0.0037248727940530912,0.0027567211572172567,-0.0032497801851955055,-0.0017627685843615293,0.0006731148081786653,0.0021995964183405547
2017-03-30,-0.0013179723776817198,0.002310406725650971,-0.0004589952333508007,-0.0020812191729345786,0.008609845018812123,0.0036659975782455945,0.019190861171722196,-0.004414811619504078,-0.00190636252485743,0.020482551301287844
2017-03-31,-0.0018760439114717808,0.011639279409916048,-0.001977720897524793,-0.0008826130203243299,-0.013366360819554335,0.002282702282431659,-0.004295900440093758,-0.0038806327187460576,-0.0015729388315078863,-0.020190784297000608
2017-04-03,0.00027822923468678873,0.005606082655188249,0.010556883790934446,0.001123894644210699,-0.0036429682397164376,-0.004706964676295389,-0.005048778344055815,-0.0018918699821262042,0.005513638470175941,0.0007311892527137598
2017-04-04,0.0074462202427216795,0.017184301509601818,-0.004878853396681371,-8.010359223609154e-05,0.0033328025483030377,0.0027460453465932844,-0.0701239623320864,0.0025647550431868726,-0.006490456871471539,0.003655860304520475
2017-04-05,-0.005180591399627565,0.0027017495033232475,-0.004293199313723739,0.0009626605354124962,-0.01282813333306676,-0.002586395675965303,-0.007441920780761446,0.0006672602466315514,0.002815906082921815,0.0019426853181165882
2017-04-06,-0.0024996380368217386,-0.012097466755439101,-0.004487972382712702,0.00200302975186073,0.003364784717568181,0.0025931024649681333,0.007298161005884429,-0.006335398306258622,0.0006736125802451198,0.005815922034140719
2017-04-07,-0.002227557726532714,-0.003785055396937742,-0.003549967867494619,-0.0010394493104155522,-0.0034684313099117015,-0.0007607121878832057,-0.004268041007320367,-0.0019013923869182214,-0.003928406127648443,-0.0030121418267493594
2017-04-10,-0.001186006801369488,0.013588452441311683,-0.00047493002871246137,-0.004643197928696607,-0.0034817408884469936,-0.002283809478260568,-0.02551548095232814,0.0029136420459745516,0.0013523617901660678,0.004470992284375308
2017-04-11,-0.010756732932969415,-0.005159665583149842,-0.0021620681453372592,-0.0009649766832221518,-0.0017465012390809331,-0.0007627755209204112,0.0035800054379329094,0.0034639831736886784,-0.00011230035086073897,-0.003488318592360762
2017-04-12,0.0012003266772342425,-0.006793286071941518,0.0018810050111257581,0.009499223988662653,-0.003849070296261914,-0.003817952711513861,-0.008255963989043713,0.005679205406196264,-0.0019135344083497374,0.0015692816746388782
2017-04-13,-0.005289100508278466,-0.012898454814163851,-0.0015211880085014284,-0.0032696501410848233,-0.01170957501624259,-0.004292666920082566,-0.018702727234833016,-0.003100704100381213,0.0021424431929470966,-0.015427365283987471
2017-04-17,0.005530020479042941,0.01957786036312048,0.01779386685954032,0.005840763146908179,0.01729826001767698,0.008160281632212829,0.039166435605371364,0.003999205748190793,0.010577484938241843,-0.001346665679224146
2017-04-18,-0.00444159223561813,0.0019845104652858048,-0.0013331417915243282,-0.031021119844058087,-0.008152463006953936,-0.001374651762860557,0.0006044737103203524,0.004535759423441421,-0.0008905307829919495,-0.006496667351076346
2017-04-19,-0.0036829182537836402,-0.005067607066505442,0.0029509595958914225,-0.0036945060473417835,-0.008220155139031626,-0.00535247865974775,0.003927875524000202,-0.005659678970743154,0.00022242293503382804,-0.0069091811367341105
2017-04-20,0.012510915731433592,0.0031806396643336843,0.004168038608972635,0.004119841935702917,0.012905671606971314,0.00707259022079576,0.015850774241625176,-0.0030135848788998,0.015599063891109655,0.006460395205486247
2017-04-21,-0.0011938479969548776,-0.003913314530636147,-0.0013139246208908606,-0.0009025770919335319,-0.012039511550763105,0.013740706384576029,0.004148114920823565,-0.007947623168636508,0.0,-0.00395024468440619
2017-04-24,0.009629274442560787,0.009882814370667736,0.023260950895987564,0.009280421937330807,0.0352575601042413,0.01701768503147716,0.01248995436776612,0.010494034176653066,0.007679333424893242,0.005205253750079519
2017-04-25,0.006196494304411271,0.00023146894751158165,0.01127510113577701,0.004394311609979162,0.008686303772838189,0.005775535609021887,0.01738717177956617,0.005025120176177067,0.002831318548149442,0.007644078806527954
2017-04-26,-0.005880980147365489,0.0018399750444610952,0.00033746670146683755,0.0006480871592404736,0.0019255081266089658,-0.0013253301996958289,-0.00687421893853557,-0.025111271119382605,-0.003148515280196218,-0.004037948903538813
2017-04-27,0.0007652823788562024,0.00999677301508961,0.002586804733466508,0.001862372146974156,-0.009273056456033602,0.00648671481709906,0.015574075321850955,-0.0005699388115818493,-0.002396103473020328,-0.0017195513175007893
2017-04-28,-0.0009733240099984997,0.007197490485894464,0.03710856501938209,-0.002182022722749588,-0.006962832097007876,0.002783045596927991,-0.012684767209353076,-0.004105190464462005,-0.004148915231630967,0.0047991707886476664
2017-05-01,0.02039685074555342,0.025124568738659425,0.008977417296840873,-0.0010532283183698476,0.0006899192872453774,0.013877103459517759,0.02243520696523915,-0.0027484829386572596,0.00043873996238463775,0.005021287235103422
2017-05-02,0.0063445540334587935,-0.0013604062874136291,0.004577697919135204,0.0029187999730915237,-0.006432319691556998,-0.0015847025398301184,-0.029632410179131097,-0.0099891899610548,0.014025940573907825,-0.00012201193061445181
2017-05-03,-0.003050706395727576,-0.006241191801434343,0.01212271051289271,-0.0029909705828685684,0.005780055227827319,-0.003174924328893103,0.0074411179676336925,0.0024358972625369013,-0.0010808081785373957,0.007922028636465628
2017-05-04,-0.0036039717560520934,-0.0037193127310027885,0.00661080029150507,0.005027246595660229,0.0011500140881741672,-0.003908919671284039,-0.003836919900222835,0.00023111601720549046,0.0019475244391511382,-0.012817229836105781
2017-05-05,0.01658367785717041,-0.003605190686853832,-0.00465070156372438,-0.0035498823989426054,-0.0011486930749549096,0.0027613289423105147,9.601513869750278e-05,0.0005782184600373608,-0.005722596690423631,0.004654545761048734
2017-05-08,0.027188317887835156,0.015939607113341525,0.008850129523375605,-0.0021052175790802208,0.0011500140881741672,-0.0008688449656872876,-0.010494752064709845,0.0005783335950380053,-0.0018457692437552353,0.010607350112398661
2017-05-09,0.006405198912706744,0.003982954930507487,-0.0020653861513389993,-0.0003245567674433625,-0.004018755826683873,0.001450275780836563,0.0016542149181342225,-0.00173321217312139,0.0008701774419934694,-0.006997389590281289
2017-05-10,-0.0047411073012044724,-0.004061638578303994,-0.0019546126001270814,-0.0032463022306897793,0.00783900891140954,0.003910386650663122,0.1782594454323625,0.0010413954992058994,0.002717703362828283,0.004537584212765511
2017-05-11,0.008648890301278911,-0.00140150282073348,0.0010996126003786078,0.0031756252610097846,-0.0030883675039766745,-0.012263651870827008,0.04295469946100994,-0.0036998985412040053,-0.001626308361194373,0.008545923781195786
2017-05-12,0.01396529310668182,0.014488941596833227,-0.0007846093528752762,0.0035715727735381453,-0.002753386301355243,-0.0011685662903038185,0.010988225529186879,0.00023215174222612767,0.006840349080512231,-0.0007260336352031826
2017-05-15,-0.0025626787186648903,-0.0035159417320134168,0.004271678012438329,0.027094470099762402,0.004831757535487924,0.0007314792578423379,0.05019925433476402,0.0016244595749554946,0.00539217872073583,0.003028393277265673
2017-05-16,-0.001476824572671287,0.008455434019437602,0.005619159981842703,0.006142426255661526,0.0030912177352830916,0.02013534260297689,0.018613695735971936,-0.0010423525791923849,-0.0008579503324721571,-0.0030192498014643965
2017-05-17,-0.033575773740523784,-0.0220584873112859,-0.023263255243887504,-0.008609374604472309,-0.038123301530618825,-0.02780584280260079,-0.06644245479940125,0.00023185056746499733,-0.013174515405860898,-0.0067841734916251895
2017-05-18,0.015241444244453062,0.014532803344671885,0.008841182713037687,0.002368338214467247,-0.0036786018804376708,0.0034080262092524016,0.04188849507469494,-0.0045212770450747675,-0.0005447408248537844,-0.0029271350064200563
2017-05-19,0.0034088012283541858,0.0014084877005076102,0.00436630266099991,0.00023646006736099956,0.00976674992530513,-0.0002948597423759747,0.02309484850539456,0.00430896223186239,0.008396168009120242,0.0022019873060519224
2017-05-22,0.006076432902069717,0.01128313229309863,0.009867440534246708,0.00204736536302752,-0.0009439414525260759,0.011227501296416031,0.02132352491528655,-0.00034788850939349025,0.008974823718233216,0.004394159748861481
2017-05-23,-0.0012340846536373906,0.0008962673682750832,0.006721492160401521,0.002042950472858074,0.012515234907795936,0.0033601003700844956,-0.013462763415855283,-0.0015080039385487742,0.005894352020956672,0.003524165454494188
2017-05-24,-0.002990884840938013,0.009068122152297464,0.0072742655211599505,-7.848005261401614e-05,-0.0005828683295355797,0.0013101815824518859,0.011238404480513386,0.004879040914281818,0.010121273493742144,-0.0035117893278614476
2017-05-25,0.003456102977972275,0.013291107520177148,0.01457636724106015,0.006789365750451859,-0.004200796512018656,0.012360507487221284,-0.0022373428638086112,0.004161553317100886,0.0024259509911279675,-0.006562472408131681
2017-05-26,-0.0016896153517775847,0.002416049239541307,0.001421593555235523,-0.004783553874367685,0.00011724731924567244,0.004883074481351279,0.025893488644324725,0.00449027132115476,-0.0038932613749658174,-0.002445965387077753
2017-05-30,0.0003904723463052928,0.0009238510168030345,0.002919432678148981,0.0014973038681209694,-0.017104060359841133,0.0064324375645978815,0.021361963582529286,0.0017190845668675347,0.0005282539024273891,-0.0055186752225880875
2017-05-31,-0.005921778301057556,-0.0020868886016521815,-0.00911473102483995,0.008968701512083399,-0.020857977343325396,-0.008095511903297159,-0.0035893969171011397,0.007894351574551539,0.0053842298371666875,-0.00739831951255987
2017-06-01,0.0027493767243476075,0.0013372266549704914,0.0012156636427911316,0.004132204029220654,0.011077087530049434,0.003722840525874682,6.927165610171038e-05,0.0004542940382041838,0.0017855014416172654,0.002484863903033041
2017-06-02,0.014819709421376892,0.010823789217132784,0.007922749319482447,0.010094959368237788,-0.0050566523919808315,0.02368080992470012,-0.004987414734440643,0.005219749146008645,0.007861298831727925,-0.014869904962104608
2017-06-05,-0.009778788660527171,0.004579243496091179,0.007790234088737691,0.002152542279989067,0.0018155615674022574,0.007246228039498037,0.030422889208024273,0.0016934111052937517,0.004160305269328424,0.007798740196910625
2017-06-06,0.0033784483854393255,-0.00824648102164205,-0.007172219604266283,0.003605261206133914,0.002053431140309092,0.0033200751626347724,-0.004526630288625988,0.0006760660466711421,-0.007871426853485186,0.013604294700372499
2017-06-07,0.005956490251520785,0.007048860527522072,0.004836177508403594,-0.0006115078430807275,0.01145073010297426,-0.0017926310581398708,0.012080922173208775,-0.0003380781711130876,0.00313170011509456,-0.0036937993207550868
2017-06-08,-0.0024456134097925464,0.00019797283670675014,0.002775855117547632,-0.0015294809564421197,0.012394545822030922,-0.006078119606750421,0.07255920514070469,-0.010363794445499952,0.0,-0.0035840630483920943
2017-06-09,-0.03877690272341838,-0.031635098854680854,-0.034014520980250484,0.007506587695363276,0.023661122258168188,-0.022654616280354145,-0.06464923889201724,0.0035284882432387032,-0.015922645370969435,0.018729362536356486
2017-06-12,-0.0238959939335166,-0.013697130252466216,-0.00856591141272045,0.0022051413301875655,0.00023004155355543787,-0.007679012799432172,0.002473298480085928,0.0009077563298565128,-0.011209689040017623,0.009740530349273469
2017-06-13,0.008045983379564081,0.016457546404488266,0.009035091938248474,0.0015167690662976074,0.0033338877735671346,0.012468073965849813,0.0095350197957349,-0.0020400213250933996,0.01689822671942487,0.0003618901392505869
2017-06-14,-0.009754839143857774,-0.004404604411325286,-0.0026482436698244127,0.005681359626395155,-0.0020625754937853014,-0.005379089264890946,0.0021135998943264678,0.004315552206431539,0.0025242572758155113,-0.010728218643630938
2017-06-15,-0.005993812159452161,-0.012596427099190954,-0.008006779616269721,0.0020334614559938125,-0.005971262672092692,-0.00526543261459278,0.004284126988578718,0.010628435395747093,-0.012064685151507493,0.0023153651995420077
2017-06-16,-0.0139995861293154,0.024414822186134,-0.001624573986214406,0.00984673364805344,-0.004504173517986709,0.0014308782699627987,-0.0049221070982417015,0.0031327469451369883,0.0,0.014952472011333873
2017-06-19,0.028607974822578264,0.007552768927631126,0.017316626291342008,-0.0020843466179597536,0.021930331877057174,0.012428406473595333,0.03759382910512388,0.002230719167995776,0.0065839193025538645,-0.008743592965960945
2017-06-20,-0.009088384170908848,-0.0025924777666052057,-0.006388369049957654,0.0011189413289696137,-0.00624536604475423,-0.013546126393608637,-0.0014619571194078862,-0.0025593037085089865,-0.004325254695871417,-0.005437168276689275
2017-06-21,0.005930507029777932,0.009711934042506698,0.009907208734910355,0.0051408969873503185,-0.004570287194631373,0.005149606590311384,0.015150698073446378,-0.0025663041393970687,0.0016951757095120534,-0.010569514517622669
2017-06-22,-0.001645328234923582,-0.0009279538602157134,-0.0020130819652506293,0.008449946685179066,-0.001147762003223085,-0.00014190909970390742,-0.006897774599602724,-0.0041389298054458346,-0.006240591371512005,-0.004420736109481571
2017-06-23,0.004463379973036696,0.002436865101283159,0.009696612888543621,0.002793143500645634,-0.0018387299759118347,0.013520961912398599,-0.02866711446279735,0.004380934982865403,0.017349415803863177,0.006536956082164647
2017-06-26,-0.003144866165313509,-0.009723612882453048,-0.014197490679696445,-0.0006598514940432398,0.004375153779549779,-0.00954962730018738,-0.010921144125368931,-0.0006713594099078124,-0.003766450967280899,-0.004534387377751248
2017-06-27,-0.014332583546507127,-0.017304182934144485,-0.024689157591934352,-0.009755030445700252,0.009284726079295424,-0.018714935494798524,-0.03660857124152517,-0.008392792199214294,-0.0033606140032239606,-0.0015997642658758249
2017-06-28,0.014610545789452756,0.013872066463946231,0.013627432204423862,-0.00881404958737464,0.020102304404058247,0.008525013032198325,0.03527070983977665,-0.002708670354686249,0.014014671183484984,0.005178183831199057
2017-06-29,-0.014742905089673464,-0.014540555710960135,-0.024130751360104452,-0.008817770289151095,0.014807260975194803,-0.018768268528959853,-0.03341006908894539,-0.015616166782363106,-0.018809072550872052,-0.0101802456578437
2017-06-30,0.0023665142355329127,-0.008125575079485081,-0.008679715581425218,-0.0026386180082641486,0.0027426461530082324,0.006424283717471724,-0.01445316906471572,0.0018394837651316553,-0.006777745402951618,0.0003716085964000637
2017-07-03,-0.0036106886063920207,-0.014814108389417546,-0.010993012319512552,0.004610917522313462,0.020352272537995875,-0.01102546934899129,-0.03617885352172823,0.006769736107938629,-0.004585662025930692,0.01697006126062428
2017-07-05,0.004111533421849112,0.018602039774678225,0.013921167102056264,0.005568565130548819,0.010026655121243566,0.013348769467624422,0.02669924105533461,-0.0007980472148960693,0.007070245061965075,-0.015225035217702132
2017-07-06,-0.009439120865477935,-0.006444301571102318,-0.0049021133645296144,-0.008381240403118051,-0.003202047498599203,-0.007382632821977708,0.003005750757944403,-0.0034218099742374664,-0.008084186792362447,-0.009029165035683517
2017-07-07,0.010159077357775992,0.014111937258636909,0.014142739147624095,0.0001511484407390462,0.005033258315198408,0.012979310034925806,0.022860429286071904,0.0032048181249033636,0.007184824309920401,0.0012480405862060895
2017-07-10,0.006103890787053423,0.01809436157060018,0.010831137132362167,-0.007469332961377195,-0.0070326660349872006,0.0074865353506057275,0.04728805080249354,-0.006389160153543849,0.01245734166325807,-0.0007479476054275125
2017-07-11,0.003239663216481725,-0.0023483010247660197,0.00266029643742538,-0.0024327914451857113,-0.0038633844025569575,0.0001425572827644661,0.014183580561948572,-0.0036739629781267213,0.003365379603643026,0.005489432594218302
2017-07-12,0.0014430968159451218,0.012453089005661555,0.01481862786368926,0.007620250803859863,-0.0034467225904627474,0.016573981555356054,0.04253243234373416,0.0021896869506816685,0.008070480040658579,0.004466173599935841
2017-07-13,0.01392911927816698,-0.0058419432575773644,0.0012297328727481904,-0.0027982054911062093,0.006377610323099248,0.00871379884783896,-0.011568262448170441,-0.0029897727649800254,-0.0024952183499795666,0.0001232846194192394
2017-07-14,0.008594419952593357,0.001179219208357063,0.008319181498552153,0.0056119667050367195,-0.009130142179004985,0.014072616672690108,0.026894200779545185,0.004613305634972198,0.01031902020883635,0.0038288591046640175
2017-07-17,0.0034889632000763005,0.00821511113764739,-0.0009724226545011483,-0.0033935956735908768,-0.009322781174421646,0.007831545428897524,-0.004243557276121912,0.005166805150876419,-0.0010319579203252882,-0.005167352930610547
2017-07-18,0.003476612787083777,0.014266780755591402,0.011260545424289337,0.01748017615415587,-0.003501348316148123,-0.0006809567735343025,0.010410529956253134,0.0124500054986878,0.00774579169232581,-0.0032151250543418497
2017-07-19,0.006263588930298214,0.0023622115853150216,0.005897078951370371,0.005578115368354286,0.001427549707977649,0.00763988364047985,-0.0051815264904536695,0.0045478504742348935,0.006866005276213505,0.0031015192334367114
2017-07-20,-0.004502663960952891,0.0017821758638392193,-0.00058419615655525,0.010058150692555001,0.0,0.004873749718892206,0.014536302096420872,0.002829592785449586,-0.0014249672185592255,0.0001235928664080621
2017-07-21,-0.00046567836695410314,-0.002945478717979899,0.0016629261946561336,-0.00922580536743578,-0.0033989870925410504,-0.005793500653237693,0.003582323937969756,0.0001128295340500074,0.015187192489062307,-0.009151626826299775
2017-07-24,0.01211163718549324,0.012947588238978236,0.004497688423281243,-0.0169981804573468,0.004291129638842817,-0.0025746690534295125,-0.011600534049817979,-0.004852754487024602,0.007730722913876997,-0.0031204559822139988
2017-07-25,0.0042737985650942445,0.0008855370482221403,-0.02932951633148395,-0.008495612725701984,0.016651780611023348,0.008016180374295745,-0.00481450439438913,0.010887271821688804,-0.0037860855971054708,0.005008144556163385
2017-07-26,0.004713756798180535,0.012434239603503539,-0.0038389516455401562,-0.007051660811449367,-0.009374876271024624,-0.0018869735844123658,0.011551219005511815,0.0017944438748827007,0.008601001206043346,0.0012457793148263896
2017-07-27,-0.018897493701924728,-0.006458969538946313,-0.013259865162346784,-0.0009167192072362385,-0.004133694842369917,-0.012019356756759803,-0.033002890645976946,0.015453174183451157,-0.0126921042635052,0.0057238929200857935
2017-07-28,-0.0070401655384076944,-0.02481836242119062,0.006110137464153453,0.007796426411465607,-0.0029489439262446737,-0.0016398981194162277,0.016384297568839745,-0.005182733562398956,-0.0042180661279440645,-0.015217559672026093
2017-07-31,-0.005150473540900813,-0.03162619107383857,-0.013387846276904591,0.006598701502825266,0.005696425466079402,-0.00465518193280412,-0.01143631709246029,0.006762224767674185,0.0041350565521840466,0.005527981108990332
2017-08-01,0.008875015186721846,0.008514076201260101,0.0011209763907882309,-0.0015824221559410656,0.013398567435418673,-0.0016501583283491383,0.012184284325040151,0.0030829579455664557,0.013157859301027086,0.0016239606626917702
2017-08-02,0.047251088427234134,-0.0003012116935388054,0.0011410259996500471,-0.0026415011739391314,0.0008602946397704425,-0.004409435484385438,-0.0006082536957614515,-0.0006586109573223364,0.004064628077791177,0.005364035931813005
2017-08-03,-0.009991602165733027,-0.009006974389444977,-0.007745536453998003,0.009004343591539898,-0.0065514282038912075,-0.0015220306479931667,0.01271415666470821,-0.001976923259375707,-0.006812926976195288,-0.001364865809692084
2017-08-04,0.005270915457991077,0.0006687663761180129,0.005838474997697851,-0.0012751171194818056,0.012540477535879724,0.007346031122239083,0.004384630916568044,-0.0020913927602076443,0.0029825035986890125,-0.0034791831626619363
2017-08-07,0.015474358378595676,0.0047489228747330525,-4.2155977115321264e-05,-0.0024024308534833505,0.0038435856579859262,-0.003852585662983521,0.030739683391231898,0.008492400154546553,0.005947108377002186,-0.0006231786331388767
2017-08-08,0.007997480430264936,-0.00244889215886257,-0.001649523869671654,-0.004440668176046936,-0.0036163421699529907,0.00538645610305144,-0.011894318757328715,0.0015308690288358129,-0.002069174274894392,-0.002495048455262605
2017-08-09,0.006121278491312276,-0.00791041735602449,-0.0043529285360605074,0.007257908332839236,-0.001601178164064021,-0.004395790718401349,0.010628422034123508,0.0037128487493083284,-0.0030606988601078466,0.003126416242189123
2017-08-10,-0.03185153387197459,-0.02554958858013978,-0.01754105717460419,-0.0010510808892471024,-0.014326997364449534,-0.01462718362532367,-0.04282164471166083,-0.001958416424101883,-0.014658032224254103,-0.0059161954700104324
2017-08-11,0.0139065963040097,0.011568388608943936,0.0070376728468435346,7.521385684339243e-05,-0.00835192547966479,0.015264129266749915,-0.053296122534061574,-0.004360074274574077,0.006030713395541953,-0.0096237442926278
2017-08-14,0.015049637492077883,0.015816260219888134,0.009504353210259886,0.0028547565297776245,0.011703788422290806,0.01503475471969784,0.07976393799131021,0.0033939526471944426,0.01778423230114634,0.0002556662739352511
2017-08-15,0.010947802017658548,-0.0005695083374003262,-0.0009051057935132167,-0.0007488436274029064,0.0025949096520587744,0.00027307288563571674,-0.008431999147336278,0.006001106945165757,0.00746051342733689,-0.0024287122258654925
2017-08-16,-0.0040219611137117806,-0.004640100861969199,0.006598464184671249,0.005922824117582159,-0.006901606734981414,0.005872609391760486,-0.010959508959141995,0.0026028041780370437,0.008344363489340534,-0.0073040919727442866
2017-08-17,-0.01919878641250905,-0.018002837643680936,-0.01759014055483754,-0.00842208944916134,-0.015636767971931587,-0.016972274332060167,-0.022282878690888297,-0.00400221332470696,-0.011227336226761087,-0.015618975547599945
2017-08-18,-0.002280282502299613,-0.0021861924295710766,-0.0015955650096493024,-0.003081917007580759,0.0009927759908212597,0.0012433897928685322,0.00018560155926872213,0.004344131433376974,0.0034262418250674553,0.004983274362065915
2017-08-21,-0.0018416845876757515,-0.005404423101813327,-0.005733268389312096,0.006182668264816282,-0.0012123193410900068,-0.004690595589195157,-0.01455076140900946,0.004217651104958531,0.006926024412291287,-0.0033927020091050197
2017-08-22,0.01634790522540408,0.014276873008747692,0.021208316090545187,0.009367075138508651,0.010261411410932064,0.013998708893569134,0.022262229132285816,-0.0007535740264761337,0.008234524125939835,0.004713210860811223
2017-08-23,0.0012512361684435813,-0.009204668188810716,0.0023181990287186593,-0.014105464286861324,0.0012013568190902824,-0.006014209160053907,0.01999449580438828,-0.003772270002692868,-0.008551863949029181,-0.0016939576775250043
2017-08-24,-0.004437990823040416,-0.005793322416450586,-0.006036584852993188,0.0006774467376622351,-0.0016362863810456263,-0.00041260101700446583,-0.0036793903557058583,-0.0018389449624233167,0.0003879107695161643,-0.003655110607671541
2017-08-25,0.0037042376569285107,-0.0075489710670970656,-0.006820366588337068,-0.0028020194117449604,0.004043153524872167,0.0017884069434519478,-0.00835420959631561,0.0026010389111075227,0.0012594745477845226,0.005109907796108759
2017-08-28,0.010071785896098362,0.0008039734902636209,-0.002547180073214972,0.0004558853538980667,-0.0031559050245857367,0.00013730648152132652,0.007081893648320126,-0.0004324513132765162,0.00416047245058615,-0.003259068241329266
2017-08-29,0.008918019218714823,0.00849877250795239,0.008209972548282707,0.003567633099520462,-0.005458699640024212,0.0030212477330007204,-0.0016368742051513507,-0.0016219249052313867,-9.637792528105482e-05,-0.00026148378436341435
2017-08-30,0.0027009980030288094,0.014181544983208783,0.008421140947878047,-0.008622618958751604,0.002304964332545456,0.013141289264611222,0.005950349341765637,-0.004874619234003008,-0.00038554885952346574,-0.00457789901775163
2017-08-31,0.003978972784151047,0.013445724293737582,0.01230370749935683,0.009917930430628719,-0.004599538609773357,0.010268748031931674,0.0226941695483327,0.004354115108343937,-0.0020245994027944247,0.003021978712553608
2017-09-01,0.0003049847023308683,-0.002396498227640098,-0.003402367209576207,-0.010122943767883141,0.008912027863535732,-0.011100563394415564,0.00601985466311783,0.002818140407624181,0.0036709334103994795,0.0031443715351489043
2017-09-05,-0.012008580495456056,-0.013268556723623925,-0.011040121110080903,-0.008623766415910339,-0.02388254650830779,-0.004463044963872731,-0.026692810036659798,0.002053334394606532,-0.008565855346482576,0.007966676071903045
2017-09-06,-0.0010485647031719392,0.0026210112293032495,0.0005737548444799678,0.005927409091781799,0.006703304387099207,-0.002852945007602248,-0.0006024010784516642,0.0,0.0016501994532409636,0.02073048992619997
2017-09-07,-0.004014866263510997,0.0120582747635265,0.00835413956178277,0.011632644452438834,-0.017534310319160862,0.012806759323898742,0.004643918107050116,0.0026960225479850664,0.0133745878349798,0.0031733494069521306
2017-09-08,-0.016309042254073258,-0.013854454733169819,-0.008927177262527342,-0.009153737046735277,-0.001242365254295441,-0.004842864851042905,-0.01734912996819027,-0.001398460873891283,-0.0012431788667041088,-0.002656999087470857
2017-09-11,0.018092177432518453,0.012485778315173057,0.0019970080445288474,0.017025622377717653,0.015494185903836666,0.010543559391369861,0.032438994272298016,0.012387174455986472,0.01647048478531077,0.005455712726755602
2017-09-12,-0.003962592317245939,0.004724177128713647,0.0035619101800032915,-0.004354162439857867,0.012250924364007654,-0.0010700591338446142,0.0036099522671257933,-0.005106880175393069,0.0005650509348253951,0.0031543862346878893
2017-09-13,-0.007522276253439486,0.017321701984327253,0.004003618542640641,-0.0013570549295914835,0.0028605408862647508,0.007096441339759174,0.004480856809913503,0.0004276204017406027,-0.003577729677215369,0.0033959851283225095
2017-09-14,-0.008581032581928771,-0.007392941375093831,-0.010847648474900717,0.013061461698236299,-0.0019747663686866535,-0.005850058961548554,-0.005693451272026362,0.0,0.002362239066595828,0.004011721938488533
2017-09-15,0.010108581393310612,-0.005462551407736771,-0.0051482843773369424,0.002012465773942651,0.007145275681786467,0.007222522874458459,0.06322316420626417,-0.0029931968583128965,-0.007352575129531691,-0.0002497351613057752
2017-09-18,-0.007567975434683016,-0.012768695723707313,-0.005923324646185502,0.006916958175398946,0.014188955346293719,-0.0019918329622391484,0.04130785552974259,-0.0012862659559766954,-0.004463681110960627,0.0002497975445359124
2017-09-19,0.000377573613694393,-0.004444704451118442,0.007647292378007098,-0.0011818950706846687,0.010977251333379678,0.003724996270324299,-0.0010662008958230995,0.010949670324939431,0.005532846380945866,0.0016232434239920046
2017-09-20,-0.016757507737182875,0.0034540973363355043,0.011399821322969128,-0.014790667625760312,0.007025724821089874,-0.006627671959598347,-0.008060017699589639,0.002442813763576135,-0.004174591921826787,0.004113496337227129
2017-09-21,-0.017172076717333562,-0.008795663989611846,1.0397681251994584e-05,-0.011034538723195486,0.004545391063374593,-0.00974115985887647,-0.02733514422433536,-0.018644442347605095,0.0032394704266851537,-0.00819363884679003
2017-09-22,-0.009778893043017045,-0.009899903985017278,-0.004527330792697182,-0.002732238223419059,-0.0021047108889359345,0.002695031507483181,-0.009736891197082764,-0.0043176128050747,0.0023738258451300176,0.0003754349351396957
2017-09-25,-0.008821895847155314,-0.01602979609602828,-0.009520163925557212,-0.0016746777774159227,-0.007486872473202122,-0.015454526834325466,-0.044692803168723816,0.005204083253626868,-0.024061820909758613,0.013263346028986378
2017-09-26,0.01720370380644587,-0.0012661942691253314,0.0033715151131188392,-0.0017533934266390494,-0.004462523735302315,0.0,0.005614165778811797,-0.000755335459917128,-0.0007767898805814966,-0.0011112140913674962
2017-09-27,0.0071172481884438366,0.013072633363619968,0.023969777044863916,-0.009088007238151952,0.015795213978839984,0.008053224690489857,0.021923929767908357,-0.019211884576158633,0.009228644938465314,0.006675953546681157
2017-09-28,-0.00615966275724289,0.005815741536933761,0.005115220354522831,-0.0021578386700156216,0.002101292448356773,0.00027066947549081455,-0.00028458890593707764,0.00021991584638469952,0.0066417078168590216,0.009333077412999158
2017-09-29,0.0054802465373688936,0.005175687471152379,0.009234923324320299,0.0041706792174056595,0.0013630418005214917,0.008393131095429496,0.017588817179983618,0.0009904113166105954,0.006310731913192313,-0.0025550483717033945
2017-10-02,-0.002011400628966542,-0.0022468758846300174,-0.006418684632870653,0.009307003784023715,0.013925277619029286,0.0016108508550414236,0.0012863286504845028,0.008683219210014581,0.0019004321546491898,-0.004269505289578812
2017-10-03,0.004355992644357709,-0.002178918009798525,0.004765076873004093,0.0067061328068551695,0.0052662009720592096,-0.004690431519699834,0.0020671410612180807,0.003813883093301218,0.0014226012885039108,0.0015924130999687147
2017-10-04,-0.006473579882996128,0.008724261753839224,-0.005452258845549229,0.005980394022221169,-0.010169440147341335,0.005790137348020918,0.008362257025098518,0.0032569063146812294,-0.002651555397602312,0.0003668480560905518
2017-10-05,0.012445154225496191,0.015951120666370278,0.019042621482766142,0.0022577954297715586,0.013465473725527755,0.01713744216959756,-0.0005525757326302339,-0.004220139428675385,0.008830998805499757,0.0028122958474972037
2017-10-06,-0.0005795800021184405,0.00890045477678969,0.008576996162219519,0.00022506691715218352,-0.0017509425227515418,0.0003948397030171247,0.002931809923876205,0.003259567608164815,0.004612174984410133,-0.003779500725608176
2017-10-09,0.0034770711146516753,0.0014248351833214823,-0.0013384853542016684,0.0017263388359003429,-0.0052618432526463366,0.0038156079288484968,0.022559551705985115,-0.0022742214978143105,0.002623537428046996,0.003916059320452581
2017-10-10,0.0003854813109349653,-0.003824436235170703,-0.004544957764408886,0.003372045206392338,0.007468059664919924,0.0,0.019094902994794882,-0.005427688841807332,0.002803231125833916,0.0028038618395707093
2017-10-11,0.004168905599248651,0.007901122058873167,0.01807036976287435,0.020537519805455373,-0.0029859674337066044,0.0017041250363465377,0.010638747259740677,-0.0017463979358877113,0.010530336600964807,0.004133092570836272
2017-10-12,-0.0035130193564437695,0.005959822304883788,0.0,0.0013175590792411374,-0.008777116312409183,0.009159882583084533,0.00047131253101295734,0.007544108396531968,-0.0030431237111328002,-0.002058142386180961
2017-10-13,0.006346252431326693,0.0020080964130191337,0.0022075862807424684,-0.0029234260255129874,-0.0013545992700425558,0.0047980517219268215,0.01863614596380536,0.00965842953387619,0.005087354300386426,-0.00024244105378856684
2017-10-16,0.01840865848953821,0.0033900729019715747,0.0014683551032041997,-0.002271906847551408,0.02065520433315604,0.0020648291736684588,0.01716428811963855,0.0010744514003457883,-0.0033129617453964144,0.004853888381253446
2017-10-17,0.003690206243438965,0.0027724160936446474,0.0016348074434298088,0.034307627541263264,-0.002248262111908206,-0.0007728097782544463,-0.0009095307813099529,-0.003650145361007495,-0.0070174447773303505,0.0018112543719552843
2017-10-18,-0.004424540318103132,-0.012020305032128142,0.0017210625517085631,-0.0007813642153248201,0.0037900856309889264,0.000257514685406246,-0.0008600330215156049,-0.0003232729516524646,0.002417458260789429,-0.002410956035284184
2017-10-19,-0.023660526464705067,-0.010421202279360164,-0.010762898617254102,0.0096672169787404,0.0012246074475623647,0.0038659339134519133,0.0011135967463336005,-0.005321492507659453,-0.007235336253504476,-0.0002412024007660829
2017-10-20,0.0017312188271938478,-0.0037502431042488737,0.00322405623521127,0.002534644779772055,0.014269416767468623,0.01155131084322747,-0.004549862821225603,-0.036466682692212316,0.004952020409318747,0.004471752858849598
2017-10-23,-0.0005120322870684202,-0.016898832106748696,-0.019431505883120592,0.008567477523302669,-0.00170816860893086,0.00025395338478428897,-0.0014221724447145423,-0.010764868835484664,-0.00018569740765816967,0.0015641234423415806
2017-10-24,0.005955096985180264,0.009934793664073016,0.0029933305904688012,-0.013786065038863926,0.015905168723808094,0.00038083336325467343,0.010477009489083366,-0.003665442623870807,0.008183670288614664,0.002763036080469794
2017-10-25,-0.0043924750586772365,-0.0030637973450112765,0.003004720513415604,0.005082712173857917,0.0009904978329891012,-0.0029169119195391335,-0.02526666466954275,-0.0013795840698687112,0.009961953423735403,-0.003594269982493792
2017-10-26,0.006393806190040374,-0.000493407922726008,-4.052465610904221e-05,-0.0038631907493378304,0.007127260937891178,0.0016534106266856696,0.01048218092107156,0.007367799530286767,0.002831385496291583,0.0036072353602689677
2017-10-27,0.03582981262983487,0.13216381132847022,0.042615654253223445,-0.0002114545837639259,0.00029505608138769013,0.06411905660343264,0.03152994310202817,-0.005256887985299552,-0.0008195488971773912,0.0028753351007655414
2017-10-30,0.0225087139302651,0.008992214476522209,-0.0005224344103181844,-0.012554913673033186,-0.0035372733573610926,0.0009544116559720983,0.009808426521953129,-0.00884673338909725,0.003007896393496745,-0.002030850703034881
2017-10-31,0.013915244448779784,-0.005014171230441344,-8.701857883908204e-05,-0.004214313193383057,-0.007888910465848609,-0.008463624591876995,0.014570160223129847,0.0008112051453963431,-0.0005452233904668091,-0.0022744051532440634
2017-11-01,-0.012718682591195463,-0.0014476301234627176,0.009254277525354793,0.004088821803411413,0.0030814726267724968,0.0,0.0018856923408991921,0.00637034579264939,0.009910835816672625,0.006238884628425367
2017-11-02,0.0073100519937139286,-0.008571317573420001,0.00035480530483389394,-0.00035696233579407544,0.0066387865499020204,0.01045945218098221,-0.006080942509716358,-0.004373080885698655,-0.0008103240025200131,-0.004053885530980739
2017-11-03,0.02611410436367123,0.015883521031699654,0.006730791867286978,0.0010718935718425637,-0.0017718174010702414,0.0010705476451489115,0.013353383723920809,0.0008091756716401832,0.0034240289734075446,-0.004190145261153133
2017-11-06,0.010144866167177025,0.008150397626239814,-0.006961934519212676,-0.0022846180459192844,-0.00621246262926245,0.003922105675508325,0.004504392720449557,-0.006121599148422252,0.005028481250787253,0.006852339844725774
2017-11-07,0.003213599925560251,0.0022397466354273643,0.009312445078048182,7.179648127797478e-05,-0.020142766683384994,-0.0023678823745879596,0.011448453245696433,0.010807803742017397,0.001519189222628059,-0.002029343795345806
2017-11-08,0.008180229819927831,0.008645179801616942,0.00560637600019942,0.011089538226243256,-0.011240535756086523,0.003441553853664958,-0.0135354520571217,0.006898030355249718,0.00339012170756936,-0.0013164243663176256
2017-11-09,-0.0020426589637704273,-0.003310147529595686,-0.009987780469712604,-0.006863895979934864,-0.00010251462281740675,-0.0055582294000091625,-0.01835901720858757,0.0022835911705365586,-0.002934299686317088,0.005990292693987653
2017-11-10,-0.003309435065280364,-0.0033476955293720856,-0.0034075140890639233,-0.0056288560184016845,-0.0012290249437559853,-0.002615992879289042,0.052697921556831506,0.004329177507505166,-0.002318222413066451,-0.0031250194727441283
2017-11-13,-0.004007491787930473,0.0033944652095281302,-0.002825235874318266,0.001433050387759316,0.0035893539202274116,0.0007151968089222915,-0.01623926786861707,0.009528047498601255,-0.004290414661293762,-0.0006027664749728157
2017-11-14,-0.01511759373969035,0.006792584750386466,0.00042262786710733913,-0.0019316308633214874,-0.006029278938799898,0.0014298702091715132,0.007289415742531613,-0.0014607268005470964,0.005206537896969454,-0.007841968097730745
2017-11-15,-0.013189900334276361,-0.00892825205430392,-0.005020917781325962,-0.002795881258113142,0.00945854930732093,-0.007772106161263226,-0.01960967591727536,-0.007201483815529985,-0.015449173058063148,-0.012524524663487413
2017-11-16,0.011946729394741507,0.009408067619774974,0.011636210998619001,-0.0016537121001927169,0.0028514016657490426,0.002650791838585631,0.007762593300665754,0.011560709940071856,0.008768101173058263,-0.008003718905240431
2017-11-17,-0.005552381615479329,-0.006515465173448698,-0.011998266297980953,-0.006264662274759747,-0.0033509628224812626,-0.009615324912296108,-0.0011813090175081253,-0.009187940129048444,-0.010808571788888721,-0.003972145573094221
2017-11-20,-0.0009988994362908343,-0.0031596475871705776,-0.0011874473419004605,-0.0005072971966239015,0.00886493002926425,0.0015775639484219006,0.012868877968788217,-0.0018091400525429568,0.0011835318667301475,0.0038633488331376586
2017-11-21,0.018590330700859914,0.01170193669616193,0.01511616315660258,0.002972367960677902,-0.0008081878551617905,0.014419228303085063,0.009202245490158578,0.005098187147434707,0.013642803531977998,0.003972777161140639
2017-11-22,0.010511797791039834,0.014629350441896172,0.0015423404176733158,-0.007589915859808172,-0.002931251084827502,-0.0072860310597827604,-0.004492801598235618,-0.004396225649980878,-0.00565281016981245,0.0028438501215504175
2017-11-24,5.6989756301195627e-05,0.025809587159050906,0.004373015500190203,0.005244323720942967,-0.003244294564217376,0.001804599563367093,0.009444840467711879,0.0013587161102264211,0.01037708537290949,0.003945904030637326
2017-11-27,-0.005029549043652604,0.008288378765863635,0.01466119143781297,0.0067800214168853845,-0.0039669084940111565,0.007326586147707426,-0.01299760930360061,0.005765761594590746,0.0036616277309704515,-0.003807289932861835
2017-11-28,-0.0058587858352761035,-0.0018648099848008748,-0.008134165736256582,0.013903005822567316,0.03502550430740392,0.012042254689504261,-0.016017672708076303,0.004946140034941093,0.008720653738468975,0.00690435844628734
2017-11-29,-0.02074318868796099,-0.027086140184754637,-0.024367861588831974,-0.001499692807860109,0.023381955564711898,-0.018143333957989505,-0.0678182215091766,-0.00022336773253495146,-0.03087516824279024,0.007346358274246789
2017-11-30,0.013984125243285739,0.013330269145295226,-0.0011664507658130097,-0.0034332050012134685,0.0076157870729602894,0.009959196617674415,0.02184098943299073,0.006824568446406998,0.024849764747098657,0.012398056143301917
2017-12-01,-0.004655458115121136,-0.012237114119919568,-0.010712219568150605,0.0046648640674560315,0.002583405716332088,0.0010694213117066198,-0.015096423609641252,0.004111642743221733,-0.016519966918926987,0.0020409820139379864
2017-12-04,-0.007307550117467421,-0.02443329420890661,-0.012877440106252469,-0.006929389271818409,0.020612710509673393,-0.037740513549134325,-0.05574655468909662,0.011620058727168647,-0.029802559233436554,0.001318318779860883
2017-12-05,-0.0009424288060678743,0.00671988235950316,0.007639311433537799,0.004747902792192615,-0.011500899062425574,0.006290081180769347,0.005785553599702897,-0.0001094897463794764,0.010704918345412429,-0.008136773085964832
2017-12-06,-0.0037140132814839077,0.009443161186693416,0.012867792350950369,0.009951945646773819,-0.007472705701870641,0.014585352821728348,0.008096424742511044,-0.0016409557428740396,0.01068334206017707,-0.0073594237283644
2017-12-07,0.0018344795249722878,0.00645633412212665,0.011474690421040545,-0.007443932384155527,-0.0029543332429053937,-0.0035035060727807155,0.014424765857993238,-0.01260312152493237,0.015126545243641765,0.003281712715683227
2017-12-08,0.0002951150365544386,0.0019055232281814938,0.00460480179464362,0.004143240967458439,0.012521616249371093,0.020245658174292913,-0.0026043644251443343,0.0029969756256389424,0.010771991644148438,0.0013323781809262414
2017-12-11,0.01948408260513368,0.005955261281819668,0.00246803050388289,0.003911409889933326,-0.0029266244077851278,0.012713389750163673,0.01655431924765205,-0.001549120492161049,-0.0020426087773853796,0.004476175151090889
2017-12-12,-0.005617388168260962,-0.0032850414208537293,-0.0030418101276260545,0.010344570492883731,0.011645817126185731,0.004106484501234853,-0.019623882772356382,-0.004211415742576219,0.009700253385962032,-0.0032520019524365784
2017-12-13,0.0033197867329997077,-0.0008154051057901457,0.0024980885270671216,0.002033554150777217,-0.01254095846004355,-0.0026875802810432114,-0.024418665363906134,0.011463447283062145,-0.0013224172236688814,0.004350126844177904
2017-12-14,-0.0002906297116020973,0.008701781336744707,0.005782795701443799,-0.008678172266744943,-0.008056241117480045,-0.0077328255564954596,0.001557987504568814,0.001320275868168297,-0.0034417370938789604,-0.002646751200759523
2017-12-15,0.010161636338138047,0.004155799839922203,0.013740290437624703,0.005718454126464545,0.014141218711476,0.025504777337176154,0.027296569443487906,0.009780291476154668,0.007970225978563672,0.001568097029290394
2017-12-18,0.014082844999028676,0.009701962262080421,0.012210876099090884,-0.0046326515952025416,0.007725326928305742,-0.005411685991352666,0.03309684211184227,-0.00010860543437440917,-0.0023718836700586943,-0.00108384399038286
2017-12-19,-0.010656396585231875,-0.0026877630938977326,-0.004893638482776241,-0.0001410058375600487,-0.004206886827555323,-0.00636695749120697,-0.009045290463521094,-0.0021768226033811455,-0.01241775941627854,-0.006028471306117944
2017-12-20,-0.00108877697668186,-0.008219760593352499,-0.0057603458331747515,-0.0043729539194878875,-0.0034738309565497394,-0.0036121893552587547,0.0035186816848551405,-0.0016360481651076508,-0.00017828711359657579,0.005215988910208136
2017-12-21,0.0037859039847276676,-0.002428653642711609,-0.0025243608457286015,-0.0007084989674869258,0.01592217855249145,-0.00023373532431536503,-0.004623970267804478,0.001529173948136231,0.002586671365985005,0.011825627790393423
2017-12-22,0.0,-0.005447916178231482,-0.001858259634515247,-0.006664024122864709,-0.0035241335797336903,0.00011684625809849081,-0.003165282580506301,0.005017964993131452,0.00249081620928715,0.0014311258231916035
2017-12-26,-0.025370257611459612,0.007189598906302885,-0.0028162346407086813,-0.0002140791529789965,-0.004002105450820914,-0.0012864254152916699,0.011112826343410154,0.0037992857151758486,0.0026619725313465903,0.00011923389434564946
2017-12-27,0.0001761349654982869,0.00467381123310906,-0.005300877362941381,0.0034265506866562045,0.0018692469591030658,0.003630085984039466,-0.0013673198047569057,-0.00410916073009715,0.009115831627478865,-0.0009526289631996976
2017-12-28,0.002813549921738545,0.0032480392831288896,-0.0040087511974453705,-7.108551910439687e-05,0.005315514086684514,0.000116948831240693,0.0011662616222163358,-0.000325488976281596,0.0028943340112868032,0.0014299405539139887
2017-12-29,-0.01081388540774586,-0.01402075715034623,-0.0024148441077410654,-0.0059762056559686805,-0.007885038262644528,-0.0021000698597642975,-0.01975659122057538,-0.002063625598019647,-0.0028859810182696455,-0.004522552951051528
2018-01-02,0.017904554238103332,0.016708444028718628,0.018805812081147844,-0.0035070732385522607,0.009444311456699994,0.004793034349397596,0.030232470875274586,-0.013386891451917626,0.004297681905064632,0.01661910707765868
2018-01-03,-0.00017402802694377328,0.012775310383486449,0.017061005120725614,0.009552710708264911,0.0010189843001102705,0.004653839315645447,0.06581398646865755,-0.0012134287807236133,0.00995535858242702,0.01964016083151221
2018-01-04,0.0046449977799747355,0.004476012896857506,0.0038844864881064645,-7.129643334613522e-05,0.014325699041161766,0.008801296104738121,0.005270974629975278,0.007068545637699319,0.0037182706960443568,0.0013838243395682959
2018-01-05,0.011385220179615851,0.016162516530176196,0.013260152298615768,0.008253270674008606,-0.006419595204241402,0.012398117531556396,0.008474324961593727,0.0006579658466403515,0.0239491254001043,-0.0008062758659037605
2018-01-08,-0.00371439862867895,0.014424678832250848,0.0035306349777233237,0.0012701309389901994,0.0014768291883073825,0.001020767960659752,0.030640903762413352,0.00526079004660418,0.0040379272209774,0.004495962700808764
2018-01-09,-0.0001143783294436096,0.0046757095740346255,-0.0012744707326628468,0.015857278646158157,0.005069108624886409,-0.0006799438829212523,-0.0002704367645081085,-0.007304863806430473,-0.00192711252102018,-0.004246750515834008
2018-01-10,-0.00022953170664130607,0.0013012055442500614,-0.0023813469730720183,-0.00117919280765999,0.011003973154052549,-0.00453390264330944,0.007840350248135675,-0.006370154339391143,-0.0010910864444491075,-0.00795163641115526
2018-01-11,0.0056801540949542595,0.01781828254348916,0.0017204541433173404,0.0056956423606098205,0.005351480161207123,0.0029605919817712323,0.0017878449850599054,-0.0035371143708227137,0.0072278613227951816,0.00987447324809465
2018-01-12,0.010326294059315622,0.022339231610462695,0.016725856967347852,0.0066995902811941566,0.016510420919957802,0.01725694892473628,-0.004909199712373247,-0.00598988231555575,0.002086106119710829,0.006787054218005073
2018-01-16,-0.005082315785865266,-0.0002605871874575838,4.424959193372047e-05,0.007546476376590228,-0.003550310684988456,-0.013950643195912438,-0.01287074470323879,0.006807053196239865,0.002498210410421642,-0.006284029042447514
2018-01-17,0.016516690356236374,-0.00755630863716783,0.007429041601012765,0.0008170165903624849,0.006413396506448565,0.020260116713572973,0.020944007304920742,0.010862510229041389,0.01320713661860462,0.011842906832030486
2018-01-18,0.00089321851880797,-0.0012972916415299185,-0.0027477866347225266,-0.00040804356367052375,0.002389180573445504,-0.0004438807863030858,-0.0012461898702861296,-0.0036459266099765353,0.00926377652010446,-0.0064772996143038775
2018-01-19,-0.004462835241787255,0.0009741736041779525,0.006628781654853144,0.0029946788909998023,-0.0022068909297675576,-0.001109639893695058,0.02526334754390369,0.00986899881516834,-0.00333035917192237,-0.0032024109930591793
2018-01-22,-0.008181462216677926,0.025282411609683475,0.018067291091014903,0.005292850809273331,0.011680293521042273,0.017888760726715525,0.015557568129555444,0.00900397489956406,0.013284313586381824,0.012622118557274353
2018-01-23,0.00022643816818157525,0.02654236704761037,0.010316392374783545,-0.042594322445503874,-0.0010499873569375096,0.0031656325721536316,0.022337164044929247,-0.030906345631600884,0.002573886479355192,0.0005665611073644161
2018-01-24,-0.015928567925842407,-0.0036915667119321594,-0.004149063690853327,0.0016921198707999796,0.012783708340205813,-0.000870578473192829,-0.013017487376227543,-0.008309918765873392,-0.000802035009549229,0.0026045538498058463
2018-01-25,-0.017851268466861803,0.015056912893923968,0.00926327999875931,0.016400065881331916,0.00025933225037721996,0.005554433337816134,0.002332926181603412,0.0003395778889847545,0.005378975108050632,-0.0018076522496949243
2018-01-26,0.0023377485932212227,0.017489776074125496,0.004584799717209265,0.006440684736217062,0.005358665737324575,0.018737024588362683,0.029532330686021124,-0.006904914672664186,0.0087847492949793,0.0071294596499533736
2018-01-29,-0.0206985585092182,0.011147987016343786,-0.0009092102846279815,-0.011353772420022112,-0.0010315324209492216,-0.001488393551026923,0.014465523902156052,-0.009916651720485059,-0.01171653639816872,-0.01112361753396307
2018-01-30,-0.005893837281472081,0.014206254114237371,-0.007678362004797212,-0.008699936830502297,-0.009380303554138436,-0.012563743808818417,-0.01673049460360254,0.001035849012461565,-0.010333011325370123,-0.013975704891325713
2018-01-31,0.002754599347219333,0.009090198056924459,0.004119404413565508,-0.029768808909046984,0.0048647774814438716,0.024476872152695117,0.012689433327408794,-0.007015734400721008,0.005503784663032363,0.005992137932682606
2018-02-01,0.0020904892971100875,-0.04196737400527717,-0.0005327682764649788,0.013242745061662564,0.01037452689386753,-0.007893922630227146,-0.021562384954811553,-0.005675008614412058,0.011994087921793684,0.02027499433754798
2018-02-02,-0.043390359165575876,0.02874097206609716,-0.05280181405836604,-0.016711886148717103,-0.022161303472627125,-0.02631011349738044,-0.029022662415260747,-0.018637228309862808,-0.03825981054887695,-0.0509712701218894
2018-02-05,-0.024983985993081936,-0.027938006598856924,-0.05075944715787328,-0.05294875772775076,-0.04795256381258883,-0.04118539314316072,-0.08487479055681002,-0.037863769957219295,-0.03837563322590931,-0.05690271315897
2018-02-06,0.04179147871210964,0.03801436389950541,0.020745704712340496,0.011043486372103173,0.030422836878649218,0.03784076845209827,0.0555916708640547,0.01628435390916816,0.03182232096375137,-0.01718519106948513
2018-02-07,-0.021406932310995552,-0.018061620618718965,-0.026760689540824778,-0.0031097797466155264,0.006778850910796219,-0.01883270544267801,0.01427423592269772,-0.006555047087708821,-0.002667090550066309,-0.01799604914969344
2018-02-08,-0.02751690923247574,-0.046782076355553315,-0.04519561609444889,-0.03850280488310576,-0.04421004490889435,-0.05133341863007235,-0.0493005271956809,-0.0197945496588533,-0.048391226215208416,-0.011307755014267395
2018-02-09,0.012231335451424519,-0.008071057484337008,0.038264867707910266,0.025087302380302212,0.020022340172896724,0.037289730078026606,0.06693644709772228,-0.0037397747470210296,0.0216054383025559,0.006374608851139829
2018-02-12,0.04027883983823499,0.0348088545167482,0.007923410756723204,0.005712916436357185,0.015448950033067455,0.010773135874347917,-0.0174510195321117,0.017643028800740312,0.018483500710668288,0.00844532526266173
2018-02-13,0.01001786396377824,0.020400675986486094,-0.00039829674676883364,-0.0023797370583426014,0.006174678933852595,0.00785369509571976,0.020172877472196094,0.002090083400177134,-0.0010128393691989368,-0.0015704765145920785
2018-02-14,0.018437409972618335,0.025832207585371192,0.017606736518431143,-0.002231487327457149,0.02312582125475382,0.015658360150538675,0.0377853169625848,-0.010061483477502464,0.020954763967174106,0.00209706952686628
2018-02-15,0.033578473047562785,0.007380856462852581,0.01739545484616878,0.012030580993351192,0.004172733107847826,0.020372194008179356,0.02104227860806196,0.0214430391099536,0.013762129144184954,-0.00326943520851386
2018-02-16,-0.003237118279820428,-0.008941218962002284,0.0037935118731673434,0.01463069296830044,-0.007185485352616872,-0.0071229499165793575,-0.010791193319580006,0.0023054773639064052,-0.003516504380194463,0.004330004563882772
2018-02-20,-0.003363661838782339,0.013570904563712238,0.007384807444585029,-0.017123800698660374,0.00026157098117396416,0.00782615476077253,0.021489488126303913,-0.015254405055785125,0.0013131428389465682,-0.010321469251555637
2018-02-21,-0.004539330794616991,0.009922706887337096,0.009206268168705956,-0.007335324983242186,0.004184373869697611,-0.013266031808387257,-0.03039171305237509,-0.013523577126242192,-0.012949700249523688,-0.011352750580852167
2018-02-22,0.00835962798467893,0.001631842065593636,-0.0034568458886685693,0.0,-0.001822890402844335,0.002623683841020963,0.003272767687945599,0.007477922035195261,-0.0004152208164572846,0.01295223397667633
2018-02-23,0.017390930749272338,0.009869817359685173,0.016388764407428758,0.016242145636425898,0.02026427464415259,0.02540060308689429,0.01561007791928759,0.002597282385830235,0.02118304359997847,0.02201403574724825
2018-02-26,0.019772261157875226,0.014633382161458375,0.013837612506593544,0.006784706304978405,0.012445561694686358,0.014458753181067596,0.002643498901151231,0.007155979210895058,0.013503521023724874,0.01689666376390009
2018-02-27,-0.003240746038154829,-0.006550867172796515,-0.022899334656755976,-0.0030288637896609405,-0.011871527503118928,-0.012785578067493142,-0.0021089416354745927,-0.01335257723132155,-0.009792301423759087,-0.01699653046326055
2018-02-28,-0.0015137605986018654,0.0003108313001467522,-0.012161017039626243,-0.013594468637298074,-0.015848689994146015,-0.004564826746556894,-0.016500211488885697,-0.025080837372008724,-0.003485435591648045,-0.022709302092930095
2018-03-01,-0.017516075982897172,-0.012562358807392093,-0.029449541124484724,-0.020018512525101673,-0.017922243875602595,-0.009811492100155084,-0.040454237342201216,0.0022921675196108104,-0.02066048156963818,-0.007129826594253208
2018-03-02,0.006914299427642545,0.004553166629101657,0.011881530107280547,0.012099287254500268,-0.0009695228434044578,0.0021544676778488814,0.018646296803567886,0.010165407088968292,0.003073306225575001,0.004654385052546672
2018-03-05,0.0034620491254024888,0.01557072907976953,0.00979571099876586,0.007529701547535961,0.015354621587321704,0.006340327021764569,-0.003762490233973459,0.009937394984933734,0.009190799722466059,0.009529832246817138
2018-03-06,-0.0008484858512157745,0.00920849302913429,0.005608615494858471,-0.01209635258215025,0.0008689961200645246,-0.0034171270307209456,0.027625943233207773,-0.0033631338976954916,-0.006727720234230294,-0.001179830235257029
2018-03-07,-0.009282945431566714,0.004786506564700588,0.012843977685628616,0.00639524162928562,-0.0037337785497689735,0.005786634965213366,-0.0013213270554625067,-0.0107473525156071,0.006525559872898157,-0.025203595782537502
2018-03-08,0.010912652905376241,0.0044401594736043215,0.01286050912167358,0.023403667948405982,8.704148486948782e-05,0.006072756623646702,-0.002729301592613975,0.010232770717379491,0.0030365350118350953,-0.0018851572236283642
2018-03-09,0.017181048214239603,0.01741782666536884,0.02785604564496147,0.013175783798533569,0.028761007877607936,0.022344524887927042,0.01720720202406789,0.004001538916417635,0.018736757195923825,0.005936257246202059
2018-03-12,0.00966740531645427,0.012350428812454961,0.004384671948589158,-0.008744335260330915,-0.0032195942672880173,0.0023824074505189863,0.018057384172165847,-0.005355869973172722,-0.00216869336224923,0.009120238100612577
2018-03-13,-0.009630114452693461,-0.006387748444923624,-0.02231689996631847,0.01296864008520937,-0.01198344219953118,-0.024387411589805286,-0.00820789934878463,-0.0017530479466877358,-0.008370583169084012,-0.00943642266701128
2018-03-14,-0.00850134347000786,0.001775698923243585,0.007877873613569841,-0.015110160164744424,-0.011182865006726606,-0.0059317027577946435,0.004157740953736777,-0.009031669478001714,-0.0050326204033812605,-0.012478450580046263
2018-03-15,0.0011769684346210063,-0.005455760159082668,0.0014970144126076335,0.005592656848438793,0.0025227739594033682,0.0035161392914293543,0.002412377803207022,-0.0041770648542192035,0.006771138639785734,0.011141261399703062
2018-03-16,-0.0035268454006813776,-0.006724274466889391,-0.014070768997561767,0.004659416732355259,0.0017356086221593792,0.004459774718239329,0.004572046084082126,0.0038133367324078016,0.00907547745115278,0.009405967243912405
2018-03-19,-0.015278810072920201,-0.01702002356856136,-0.030279716612021335,-0.02573305529909453,-0.007883047663396425,-0.018076370944588027,-0.03784751909357087,-0.0039255308915129294,-0.010599794953658148,-0.012912143228162143
2018-03-20,-0.00034267096253914886,0.02691387223103381,-0.003881722967789103,0.007447753469654206,0.0009604608746480725,0.0025838722836240002,0.035602039737729685,-0.004449297701850097,0.013797659822313513,-0.0021581711746769816
2018-03-21,-0.0226544567457303,-0.0029309385697435797,-0.0016425939033741788,-0.00015207428003205514,0.0008722630500419548,-0.006979339907166593,-0.004086921033052193,-0.01621758089009806,-0.013529887345638758,0.01419143048900362
2018-03-22,-0.014129384639079312,-0.023352257063312565,-0.037339962643292424,-0.02904205807520366,-0.04174626764182332,-0.029087639649806207,-0.026995516948481346,-0.008177536254660334,-0.026213388609417132,-0.020522427846542235
2018-03-23,-0.02315708254199178,-0.03194990354365934,-0.025257697374796884,-0.017899186452598803,-0.026739402277751734,-0.02906749756507787,-0.03671685633687016,-0.006543622764012658,-0.024918578054582752,-0.008299479485356476
2018-03-26,0.04747180448905164,0.0403193371656132,0.026827757176256295,0.01830523386228866,0.030838050033896724,0.0757051428036537,0.04940532870215231,0.006586723799809402,0.0311108755894538,0.0152286723448809
2018-03-27,-0.025641126949024762,-0.037799009933227934,-0.04473040839861575,-0.0014128700423627905,-0.019399867033705998,-0.04595882471337864,-0.07755225957013956,0.018059958892020722,-0.026856676458229645,-0.004054176994687575
2018-03-28,-0.011048872433797041,-0.043839574227757305,-0.001748105550137713,0.001886642769593383,-0.0015716467311308602,-0.0008939356974366763,-0.018490627651197244,0.013498459979141675,-0.0034922595213113805,-0.012075994517119382
2018-03-29,0.007808611741395133,0.011121789958675743,0.03179544252510458,0.005492183055723743,0.018240688741389732,0.021031480514545287,0.04626153072609429,0.0055806597351910625,0.022480499798825937,0.02472202556995673
2018-04-02,-0.006556227001356052,-0.05206094449224363,-0.023632235035625393,-0.028013912089332238,-0.019277709919148678,-0.030130408147206245,-0.045511415311268455,-0.023713395616987376,-0.010282612531392177,-0.01863044733827035
2018-04-03,0.010259488535009798,0.014621073252283123,0.0059744972782938,0.030427011803745296,0.013722578522091133,0.013443229620468955,0.019452187402000387,0.013695046183430648,0.006841925005865113,0.02458344471645324
2018-04-04,0.019121974214478588,0.013304155601610468,0.01082791002159711,0.01605001575163456,0.015182956033496842,0.029205461788640363,0.003949492264414323,0.007519582314951201,0.005117070553061431,-0.001999344021559768
2018-04-05,0.006934490281343075,0.02919384373872269,0.002845345014808265,0.0023003251144779746,0.013130868002460439,0.0005414479871301836,-0.021481247817336513,-0.003162425113734879,0.0115184180056489,0.015359700018676703
2018-04-06,-0.025578640401390684,-0.032044139547784845,-0.02197285103759261,-0.01996787331869443,-0.02493743333538323,-0.02327379371725169,-0.0322073401680516,-0.004695300168781613,-0.028797677071782823,-0.015127348483886083
2018-04-09,0.009917971691729921,0.0006049309856379637,0.010040188954313578,0.010772864280703676,0.01200851434226835,0.005984988080759646,0.0054143579523928675,-0.0034425289687365357,0.009260888490913777,0.0
2018-04-10,0.018817943476685528,0.02143542524562969,0.016086764309412915,0.005946854250813205,0.01911218234972023,0.023245583098918887,0.05802898739254392,0.0026867043247507105,0.01624732838224352,0.029384325126782018
2018-04-11,-0.004675356449258206,-0.006384761566404218,-0.011037111049475357,-0.004760012335077057,-0.016798429057278352,-0.010981901127620208,-0.007327767240211336,-0.001275897199278453,-0.007786607904901932,0.004670976707193741
2018-04-12,0.009858731726001935,0.015031037769792865,0.011930999159982303,0.006171381845980539,0.024859968368275975,0.01872416362086149,0.03695212052960217,-0.0061330404443513675,0.010769493137560149,-0.002711931808666024
2018-04-13,0.0033881239637858496,-0.012226519005276604,-0.0012051376365722621,0.0014567986742588523,-0.027079624416855408,-0.0053429539412716,-0.013213856834514925,0.007456297410581181,-0.002643205690116557,0.00802878907435245
2018-04-16,0.006237869491588777,0.007485369514734552,0.009710162413296475,0.008727490016045891,-0.0008159731826679062,0.011709937609724719,-4.3015689972891735e-05,0.0030622138621807515,0.009358213591400988,0.008992985535085207
2018-04-17,0.013764290272889834,0.04323969457439136,0.03179429456220406,-0.009259483533212376,0.0,0.020176449591989165,0.02613457303882316,-0.0022895433035463597,0.01575343874005397,-0.002673814638235794
2018-04-18,-0.0022442386749471632,0.015965907361371823,-0.003678231607790128,-0.02160245454606191,-0.00807581073905106,0.0038516673840309767,-0.004925257913292125,-0.002932863238989558,0.00549259183419748,0.011361983228638906
2018-04-19,-0.028340079121663253,0.019026846696625466,0.013074436084467234,-0.0013311046953350392,0.021954122079481664,-0.0034219669761654803,-0.031011013987541247,-0.03269081420451925,-0.00417725412850134,0.0025247153225875785
2018-04-20,-0.040971930585254834,-0.018896413095091713,-0.011133992533063797,-0.0069774207805279875,-0.0022374906806614803,-0.011549328370192846,-0.0014406627351915002,-0.015343591476618013,0.0019359906252354175,-0.005288376390212068
2018-04-23,-0.002896506813175659,-0.006304443768269441,-0.003258305266873096,0.0013421686336749783,-0.004844451262712379,0.003684224999356278,-0.021118211372139095,-0.010840073850600707,0.002093335710245281,0.007215249122899614
2018-04-24,-0.013919601341059629,-0.03806011733462866,-0.04765264837087979,-0.005046146331518342,-0.004687527535823688,-0.023387402457177187,-0.011970835059510687,-0.006849389664886796,-0.025630793635700644,-0.015332499000312194
2018-04-25,0.004357645959494505,5.476104433066453e-05,0.00034231171500875845,0.004517014048274426,-0.003804281120568409,-0.008698504421880804,-0.020524420587254788,-0.0027589364513463943,-0.0004942671674351695,0.01467804681015461
2018-04-26,0.0034830481592411644,0.03957763154732241,0.019863236534703566,0.009860990466083575,0.001000322425815492,0.021124193749951115,0.039508997245663036,0.006224097574173415,0.04842819008158483,0.01710668974832763
2018-04-27,-0.011569730184454396,0.03600877473825914,-0.011367660468561414,0.0020313273015419853,-0.006358033890609072,0.01655022988214494,0.004928530861307401,0.0008250697031610965,-0.008420015986510543,-0.037966944313396755
2018-04-30,0.018112242011618207,-0.004126787422321976,-0.012477431039442655,-0.013877104428927978,-0.005667373230539785,-0.02400343225175916,-0.006318273554922649,-0.006455359588320886,0.006904114826519869,-0.0005141543908877555
2018-05-01,0.023236167493794868,0.010299216955919732,0.021765397981923007,-0.0037947639167988934,0.0,0.015825518993008325,0.009960158336930203,-0.0052531059703591065,0.004965402351642334,-0.010289655162624256
2018-05-02,0.04417475252254288,-0.007950625194139027,-0.01412433013692349,-0.019918920616831204,-0.007905514536728386,-0.01568425468057555,-0.003654213165295128,-0.014174219893920204,-0.008862335397876953,-0.001949054935324157
2018-05-03,0.001812593215036129,0.001528911821702117,0.00024350285838292685,-0.0038058525527219222,-0.006301453051180572,0.00598852846876885,0.029517358389104187,0.005920523808326861,0.006330180236190586,-0.0033855868657135524
2018-05-04,0.03923349490544803,0.005642261901468659,0.024067090230495136,0.009428562993240686,0.011096964216911864,0.01158723410933038,0.02605229227868122,0.014994112542502824,0.007705782941068495,0.004703610398222535
2018-05-07,0.007235013955824154,0.012138311349751518,0.008049602082464968,-0.004831072589639995,0.008669179850407938,0.011139283133061895,0.04024086167196739,-0.006212600986429839,0.008582878332167976,0.01092313598576311
2018-05-08,0.004806310244008349,-0.004843383195326512,-0.0008212429334529814,-0.007929760832321331,0.014811887827190562,-0.00426110200313512,0.0069165860161044534,-0.007502314633568985,0.004951398745912439,0.004502099714002172
2018-05-09,0.00704132396877899,0.009802904151798408,0.02867965690597929,0.007340617436981667,0.02180411192617271,0.011794446764724409,0.021485610402125932,0.013018243689831843,0.007236456201850983,0.023562576883417563
2018-05-10,0.014304014015409372,0.0006716524063099527,0.015170521433440998,0.014897516141730405,0.0077592425718062685,0.01000591753790725,0.01700674934120472,0.010777865462596736,0.0012228549886001971,0.022394883662713472
2018-05-11,-0.0038034588529775037,-0.003834516470754168,-0.0018905796315371592,0.015077790852784378,-0.003762399240279657,-0.002144936846208423,-0.02152770714394936,0.0030074897840270953,0.006259346256616283,0.004697240302108385
2018-05-14,-0.0023332150042431055,-0.0008546543966294617,0.0029183593930119933,-0.00927379419321872,0.0003516399766729794,0.003377920973422599,0.003260907640523225,-0.0012266009675335754,-0.004627487019016163,0.006766593521751796
2018-05-15,-0.009088275173311455,-0.015872268790349864,-0.019636787901517905,-0.007377452992856526,-0.00763871149212747,-0.00724272493693745,-0.03837726706536759,-0.004503488325661498,-0.0008381766451273087,-0.0004889394147052917
2018-05-16,0.009332542863273785,0.007080662119067549,-0.0007189264391317396,0.0017581574907772346,0.00274301790236664,0.0025800181869295447,0.0018325757591832748,0.007950968693201776,-0.0016021031372623895,0.0028121090002648508
2018-05-17,-0.006323335323643375,-0.003477659670395261,-0.002610459417285438,-0.01196660019235063,-0.003352932926688923,-0.009984805029325305,0.006910461161554693,0.005847552875545281,-0.00573916596478008,-0.0017068576688374915
2018-05-18,-0.003636872435166749,-0.004672001043388829,-0.010746791989907023,0.0031491041013569365,-0.016200476677338815,0.0018717152582010677,-0.007145764241511254,-0.006895525665283064,0.0,-0.007083624639749098
2018-05-21,0.007085391414975328,0.007044143460552821,0.013434571327026745,-0.004185470220893883,0.009178599657466702,0.012868264245840866,-0.0069118797324765335,0.008305030434036631,0.005618497131369304,0.012054085580627705
2018-05-22,-0.0025053035137153623,-0.0025608078786804045,-0.008025941927890412,-0.0065470565087116794,0.007668551635797272,-0.001024741084088454,-0.006305186281800879,-0.0004050153554558955,0.0003828384126647322,-0.00777805581867641
2018-05-23,0.0064117752442671705,0.012937936366005598,0.009904209772316763,0.004393416643254655,-0.004601837863247749,0.011897648765919921,0.02057295756392641,0.002026024391981407,0.008951211783601032,0.006246678562170649
2018-05-24,-0.0011151699645722823,0.0007553855752788774,-0.00046956546022480783,-0.009720683671212482,-0.011200804609395432,-0.0035475571521115246,0.0006056238166844974,-0.0055270384501791,7.5394253195471e-05,-0.022884989003810086
2018-05-25,0.002285578670640165,0.004416479152626884,-0.0012622885395461303,0.0009891206139964748,-0.005124763553338907,0.0005086701551224593,0.006419480111034659,0.0073200200395791,-0.004625015298005186,-0.019434192383137594
2018-05-29,-0.0036057799625127673,0.0016893033249025802,-0.014768222034606704,-0.017041456747255213,-0.0427433164472204,-0.0035586289342918187,-0.0027680646255701102,-0.003498535334149677,-0.012111394161886113,-0.0036844217725271466
2018-05-30,-0.002128783564681047,0.00745252767120097,0.00880093788271008,0.01314928132071258,0.02284500521391375,0.009590856889428512,0.01770025272442588,0.011343292912527225,0.0073247871156929545,0.039275674331398225
2018-05-31,-0.003360077464926725,0.0029110106331380337,0.020910188365356852,-0.011159708439100413,-0.01236695141803168,-0.0011116528945827042,-0.0031624698994356937,-0.0229669000140712,0.000612647813563294,-0.003190639450368904
2018-06-01,0.01803402682534405,0.007314596664868223,0.031818116297877896,0.013709875409667172,0.012989250767564853,0.0197291736425933,0.021531461641035143,0.003826680277384531,0.0009946267312817003,0.00726289042179884
2018-06-04,0.008357800960322459,0.014455850842866047,0.015894230246921826,0.005690114696669912,0.0004613613381123649,0.008730785606849256,0.028064576045359946,0.009938674614087928,0.016965867378813337,-0.010509727350852982
2018-06-05,0.007714864404774202,0.018663651200122366,-0.001751835010959768,-0.0038537016286336323,-0.005624700133103011,0.005114495434542121,0.0008306022230224475,-0.002830711767205729,0.0036820853396406505,-0.003581584371052271
2018-06-06,0.003466128300767979,-0.0003536862117876627,-0.003536032281290513,0.010783476555439764,0.023367988688199226,0.0029357368488589497,0.0003020312492838517,0.005137156625083961,0.020365435283337563,0.017104586235106023
2018-06-07,-0.0026806118241714527,-0.003803651977406841,-0.01092464478127253,0.004397797405669035,0.003986841805429409,-0.015708893477548225,-0.00848596302438176,0.01896425634155041,-0.017903880788925797,0.009992503392313168
2018-06-08,-0.009097502967377546,-0.003143258294014406,-0.001507356879972055,0.0059188951231210485,0.002797881636939392,0.007434444285828512,-0.00235850388879133,0.01874338594933156,0.006724404750131807,0.008687634886398898
2018-06-11,-0.002451691649502208,0.0030463392416790747,0.007230484300767115,-0.011284877319652664,-0.002520010187656796,-0.0057066323767679394,-0.006329018049187618,0.004534793969724227,-0.006160176324378042,-0.005980970986256051
2018-06-12,0.005490643039031795,0.005701178257960349,0.0063897151438649935,-0.0009779364385523737,-0.00577474652534371,0.0025728559084652325,0.007520823463122106,-0.0037404854087452755,0.007094498205010069,-0.008182968541804891
2018-06-13,-0.008217177537733211,0.0035967177727189714,-0.0034490197342921247,0.0007340344403834465,-0.0019964967003375245,-0.00454035701282407,-0.0006856655142197798,-0.009968894976846387,-0.0034113688036534473,-0.011040698237418711
2018-06-14,0.0005244243175988039,0.011144664310384744,0.013878402500445253,-0.0017937488295481918,-0.017641286703312664,0.005651775127047509,0.01718750401961011,-0.006277247561426891,0.004464479801962407,0.004661684712856218
2018-06-15,-0.010272463520191732,-0.004576946257703773,-0.0007241171894167842,0.0016337664760008863,-0.0012030330664113409,-0.012719240395434706,-0.0061820155684502165,0.01829236545679014,0.0007409421850477216,-0.01501987079414202
2018-06-18,-0.0005294181595829617,0.004557175708828076,0.020970064069127936,-0.010521156448112134,0.0025948915535154438,0.007290391853510991,-0.000640856872317408,-0.019902077614795344,0.008141760821326782,0.0019833813166902914
2018-06-19,-0.016159881649465135,0.006375480989251114,-0.004131477088576085,0.010303213699644376,-0.005823745808601344,0.0,-0.018559589053105507,0.0064610228027743855,-0.008002827204208418,-0.00148460837472153
2018-06-20,0.004361947855419324,0.008819555259391043,0.004564392928949168,-0.004323962342176579,-9.317799432251306e-05,0.01001386646196778,0.00822525462669188,-0.006288453069882016,0.002886449897198329,-0.0030982547989475417
2018-06-21,-0.005576160738716918,-0.011348009699612582,-0.01235562878873464,-0.00483438733064212,-0.0002785893372556636,-0.0071657876076181015,-0.0198238933298589,0.00777865105875386,-0.00715860611715724,-0.009446625020430477
2018-06-22,-0.002911745918784847,-0.008409345657574563,-0.00012834552352536388,0.011445142750567516,-0.016370559103746296,-0.007217751660356431,-0.023958561812667867,0.012951271869684033,0.005946746779702972,0.021207361884797882
2018-06-25,-0.014871521391563336,-0.030611940875939325,-0.025665158709407665,-0.0020354076674043986,-0.009077869253340531,-0.020117650938509257,-0.04714074922781786,0.004649200474950987,-0.03251313002956002,-0.020152664417800392
2018-06-26,0.012406223659704452,0.016799393006361685,-0.005845750187041587,-0.0019577655615317102,0.0006676136299317292,0.007012950892054892,0.012002454240885196,0.0026998309090513484,0.012372886903593283,0.011286603464573775
2018-06-27,-0.0014640915697189394,-0.018083004300295413,-0.013843972502608937,-0.006048103510091218,-0.015449306392117723,-0.015542801689702013,-0.02591030370036862,-0.003974638788867835,-0.011542593211952057,0.013269160185514828
2018-06-28,0.007276420641413761,0.024655133217022396,0.008809834995970656,0.003207045047811885,0.016369645785628606,0.011174447125358311,0.021805302047710695,0.004633944933406742,0.013127466782175912,0.0031817037659298553
2018-06-29,-0.002102386979025761,-0.0009698112831901806,0.00213865255871859,-0.005409891046570636,-0.006956730458778315,-0.00020235588464223575,-0.016440689298702127,0.0001277820549270281,-0.002184368030779482,0.00927191863237442
2018-07-02,0.011182272235689128,0.008224557530564391,0.011441994346178763,0.001978011914956168,0.008445428888390394,0.014197338678329396,0.022540940230698858,0.0008970118428586193,0.00037735980120645607,-0.011724954454239933
2018-07-03,-0.017416334060361804,-0.011565135656379955,-0.02261614898912545,0.009293929438718651,-0.013989594209199319,-0.00959928015100453,-0.022292137858751837,-0.002943805823701684,-0.007924612059288183,0.005870893658429965
2018-07-05,0.008046840709860836,0.0034062854005068033,0.022404853273588987,0.018661913330854096,0.006501850893865901,0.0071683031033829,0.024869315024407257,0.016816432384276547,0.013997558738817917,0.0008510461351101117
2018-07-06,0.013861952291243096,0.006412761389779309,0.012082909771799821,0.006000329085412037,0.0032778367005779074,0.014033511536523102,0.01895122923123438,0.0012626709565011218,0.006002433597400936,0.000243176829177294
2018-07-09,0.013885345490658452,0.01659616164256117,0.010561880022640358,0.0023857100394324426,0.030943834339760334,0.006820919696467698,0.007762824345834085,-0.018282792908348666,0.010664414992571869,0.006923148329206041
2018-07-10,-0.001206841874235809,0.0023289787055904565,-0.00012001082998835955,0.010551236084530125,-0.0061521379748428195,0.0026509100063198954,0.01604783771032947,0.025173346661541363,0.008633149564912346,0.009167902397769767
2018-07-11,-0.012975999941481686,0.006844206585369106,0.0037014595200388634,-0.008949467139629963,-0.002157184838375792,-0.0013705074621458424,-0.02258621421025897,-0.008268526120425612,0.010681150671628226,-0.0127900938936234
2018-07-12,0.016766148583983398,0.023715114321803732,0.02543824231969216,0.012040503417008575,0.0043236966896962326,0.021670440080055142,0.014947664357805923,-0.0034108890526234337,0.012667622249214583,0.0012106375773226485
2018-07-13,0.0015701309329523294,0.009133768896724348,0.00263065407853591,-0.014323914639405078,-0.004585722346892029,0.011901281325903179,-0.007602475660255403,0.0053240134474275,-0.003431423676811818,0.007498026496118859
2018-07-16,-0.00219470343325201,0.0052177800587500656,-0.00656749588329264,-0.009846640586135824,0.03967659328408102,-0.0049318602211704254,-0.004492306406982616,0.0027738984484106943,-0.006885204260905331,-0.009842901890516287
2018-07-17,0.002827943878043415,0.011764193682617163,0.013848456235661777,0.03544768874138682,-0.0007234698625211422,0.00991308030095639,0.022119186710180205,0.006286886256349211,0.00852211391978308,-0.0021818956764201314
2018-07-18,-0.005484504292279535,-0.0005477318654328878,-0.00013997169729129677,-0.010146063017045126,0.009321204702883668,-0.007833899965816515,-0.007844107393522481,-0.00387370287268185,0.009022973737909057,-0.0010931674545245906
2018-07-19,0.007773574675993267,-0.016251439318926697,-0.011385683434505522,-0.014554137951107382,-0.014704718717045262,-0.00684895727573176,0.0013110719296511864,-0.0034553833378221377,-0.005464992316590811,-0.002554290635538914
2018-07-20,-0.0022932931111935284,0.000402643441726136,-0.001017542792065007,-0.0007146711232453029,0.012648920082998227,0.0179115515456294,-0.0045232829538932595,-0.0006350380152325696,0.006137423597530889,-0.007437962578710433
2018-07-23,0.0008880836194029573,-0.006450891550111915,0.01095261833080241,0.0061978429480658015,0.018601736177876083,0.015997013720861597,-0.005898807477511481,-0.002160524953879528,-0.006808761530777807,0.0
2018-07-24,0.007254176187287076,0.01511653201758878,0.03893485082730219,0.021559057444090923,0.007057985546788492,-0.002871269492996764,-0.002806755328667032,0.00611354209669468,0.0,0.019779004256794464
2018-07-25,0.009430158824698998,0.01878920500125658,0.014139891625303491,-0.005720503547865352,0.009023238392276589,0.029444790701049106,0.01270542075515202,0.00607698402355572,0.01863831368637081,0.00698686553778316
2018-07-26,-0.0031314447211625573,-0.029839878546057075,0.007492243324203729,0.01290609563572942,-0.002865086491801061,-0.010917797262727569,0.011791837526378801,0.007801286713654321,-0.0009812158997487552,0.007775820167607916
2018-07-27,-0.016631176741328746,0.005127223105519718,-0.02536738356083179,0.00974839602998534,0.010274109666055464,-0.017697485819254677,-0.01106552957100837,0.00611844097457781,-0.012561274370990416,-0.027540383044176386
2018-07-30,-0.00560278231677469,-0.020938043492589764,-0.018237886501796585,0.004712988332260526,0.006033021897677182,-0.02145229845890595,-0.031307300904324986,-0.0047159238773167855,-0.030062074494670354,-0.002197210531566407
2018-07-31,0.0020008806602991314,-0.0010004034202905077,-0.0022925813651437643,0.002648071766127913,-0.015248872008946757,0.006738117682664857,0.002990466343053111,0.008478542982513382,0.0019052991798698127,-0.0028134284014651456
2018-08-01,0.058910408604218034,0.011100188511422582,0.004701569031535957,0.0009055329686793456,0.006176904975410791,0.0018850242622145963,0.006575037542105644,-0.0028435003795176383,0.011042705077923376,-0.013740898100140342
2018-08-02,0.029230423977057995,0.020676972776122904,0.006601847393604698,-0.010479516919882248,0.004236093089755366,0.012138156834089031,0.016837725620186594,0.01673911206227685,0.004846571923974974,-0.005970945029618258
2018-08-03,0.002893323621783628,-0.006018567620502124,-0.002392842409522311,0.005333412194365561,0.008093035781486346,0.004368938820885404,0.0059053931953574335,0.00402443040300704,0.00647856616844833,0.0036289571144008104
2018-08-06,0.005192677381448352,0.013415305387102894,-0.0003958679541657961,0.0005302810677114689,0.0002563383072369252,0.0008330100346412017,0.007655803285561369,0.002307784653577505,-0.000786858720532635,-0.00024909784620619213
2018-08-07,-0.009374859640400635,0.00797189690599387,0.014680838149519815,-0.004241513406226138,0.0036713066784563875,0.006936278019286313,0.011494700558794868,0.0014541149282993882,0.0040799604781989185,0.013594170216758128
2018-08-08,0.0006759587873861328,0.012907476510019888,0.0043716335305217235,-0.0022061733631377756,0.0020419589605673583,0.005602397887878308,0.005720880738060208,-0.0035092248316188623,0.0028512943012084513,-0.006644351454310193
2018-08-09,0.007864635832300682,0.006360983466085601,0.0024814495414591242,0.0002287494548705027,-0.007725939064948006,0.0016439564914900728,-0.007584625387795474,-0.011536122096636015,-0.004762855441468594,-0.005078630396535444
2018-08-10,-0.0029784085147790407,-0.006436593187619355,-0.009450652732614029,-0.0034299495365329724,-0.009838870000890676,-0.006109128243956707,-0.006511676037442848,0.00036861655047082387,-0.001999525251096368,-0.0010063287988232306
2018-08-13,0.006456766431407024,0.005248317917343259,-0.0030897325234814366,-0.004053445821851187,-0.015899171007798918,-0.0072478798703286,0.005219821894593135,0.0011053276610051288,0.0034350212522880064,-0.010828727807283056
2018-08-14,0.00421322201683294,0.012366845697121098,0.007608402443841644,-0.005529088221697176,0.00667313197719821,0.012476054913505452,0.020732613073579875,-0.0025761740218533946,0.0039230060700279346,-0.003182234712712395
2018-08-15,0.0023361060571074344,-0.019289990364543264,-0.020602047479730823,0.007181503957878643,-0.008285935363793184,-0.013560642917465393,-0.008988717791030387,0.012175631375435314,-0.005967872587531398,-0.017494400105835473
2018-08-16,0.014649915413667225,0.002071577924933621,-0.006622088403034354,0.01571717229773073,0.009410342743676026,-0.00018581860238275905,-0.006330584886220847,0.016889553254746836,0.006728511383476965,0.013777088630136713
2018-08-17,0.01997002110653856,-0.002279290398177758,-0.006707294259536756,0.015021277546076073,0.0,-0.0005574065723079613,-0.04902097325284882,0.0,0.0048344120206109675,0.003333186602784588
2018-08-20,-0.009743651421932564,-0.002927367006458015,0.0050171182286202765,0.01792231212187989,-0.0013067778099423721,-0.006599860364189358,0.012335519383718019,-0.0005977358234944274,-0.002759607708974765,0.00702809760489731
2018-08-21,-0.0019492895673696164,0.0035753524597155195,-0.0037155199016148943,-0.011177751251457368,0.006106989663029472,-0.008327822246195993,0.022111317350041126,0.003108636043991142,-0.006385508372346083,0.00025351038123289094
2018-08-22,4.636654010403696e-05,0.011404839643848641,0.0035650552884836095,-0.005467409112151711,-0.003034878513191064,0.0101905517449552,0.03750178538962001,-0.0060785345102837285,0.007854794146273658,0.014334350661755035
2018-08-23,0.0020464101545516478,-0.0010499879325082118,-0.00048295933489961307,0.0037144486667830545,-0.0020875352766206445,0.004670271200583276,0.01529557125434744,-0.0017986524530707593,0.006801937283457127,-0.011005262639694147
2018-08-24,0.0031089796766690103,0.0013085721135976947,0.012766662048623534,0.0062170085581298995,-0.00043568955605410853,0.007809803000548898,0.020161928296455578,0.0014417611822463705,0.014778529614619895,0.006828797006824594
2018-08-27,0.008234887647758038,0.0116984128662041,0.015783315916569673,-0.0009624600686485296,0.017701430468172186,0.011069970133542384,0.013518600350239662,0.0009594920530948681,0.008321377844560551,0.009796305543518402
2018-08-28,0.008075462781182097,0.0026663776936470818,-0.008286453838036612,-0.004446893188058909,-0.004883939416215899,0.006021822181746739,-0.005509349543454167,0.0004795096508161123,-0.0013755984573788904,-0.001492596033665139
2018-08-29,0.01492941317639307,0.03377448472317157,0.0150818505382051,0.004020341059894683,-0.0032718041172768997,0.015962419879040013,0.01553451084521118,0.00011940110461106102,0.012603231526105096,0.007225065519083307
2018-08-30,0.009193591590130668,0.0021420801683240676,-0.00807336286895799,0.0006669766797819943,-0.004924182847621306,-0.0006249784293956839,-0.002441836287467525,-0.0009579985001259006,-0.0019724505851471674,-0.004328604558649474
2018-08-31,0.011554100094524067,0.005158808357790701,-0.01804778348820202,-0.0019264164787916593,-0.0052955626678727885,0.0033942319512336727,0.010331010600437951,-0.005514611972244787,0.0010225523874127784,-0.004223243372735608
2018-09-04,0.003206763376103039,0.013315420436047276,-0.016634191566205048,-0.007201958579108214,0.004974812909076087,-0.0055193587640315345,0.010759541092719482,-0.003013991629661983,0.006194879996418656,0.0014970130556319905
2018-09-05,-0.006524577131805764,-0.021912171605654396,-0.01007991377448425,0.01600369985910688,-0.004863219044284106,-0.02882444691172903,-0.018611450802528573,0.007134108729116129,-0.034708702027100524,0.013326640202130147
2018-09-06,-0.016617545490542285,-0.018302408612638987,-0.012601174962798556,0.007434243988109213,-0.004276060854587871,0.0023043558862030356,-0.020472538527204653,-0.007684180194025503,0.01282638420703508,-0.011062314189820066
2018-09-07,-0.008068106864034141,-0.0031863848938521455,-0.00540539978297272,0.003287773875285449,0.0019279990344700515,-0.004874378249361766,-0.0031535219382030633,-0.008953296243974784,-0.008996189359764428,0.017027264159616307
2018-09-10,-0.01342068841629962,-0.0066903325749549936,-0.0021486676992228393,-0.0008012019267660264,-0.005335780051628158,0.010812860403024205,0.01055697661020849,0.005738086358956673,0.006145394251993341,-0.0014664465686287098
2018-09-11,0.025282841349764107,0.0248270784425193,0.012705766758644321,0.009474601844875696,0.0063316676598288435,0.01700456782676385,-0.007025129481182724,-0.00449120621144683,0.009785863620753954,0.014074421561245165
2018-09-12,-0.012419134827157285,0.00143423328566894,-0.015453858535895648,0.006136762107472604,-0.01179751096595505,0.004225095382062616,-0.016861972818245197,0.013412635726347988,0.007423415152044255,0.003258277003074239
2018-09-13,0.024155386161781145,-6.53290868404266e-05,0.008996201669436488,0.0038029277797024807,0.00389086383604198,0.010742186780902108,0.011707616203448845,0.0040910626912584735,0.007232142425152688,-0.009743865862276047
2018-09-14,-0.011351276163460211,-0.009890105002663963,-0.003518995746876308,-0.0028590898106976015,-0.00017601703465752738,0.004074087160636841,0.018758630135643273,0.0019173619245218543,0.0014220688580020013,0.007288654728045518
2018-09-17,-0.026626032433579416,-0.03155027437226787,-0.015407682788505461,0.0033695812636755917,0.0029954774701774767,-0.010849584322139894,-0.009044134234234558,0.007654436170486889,-0.01122826755275308,0.005909575911341003
2018-09-18,0.001652251091220247,0.017305818361681213,0.006276798852494325,0.00414388170933111,0.004040991451146114,0.009541794350271804,-0.010622867548655712,-0.0029672647974222643,0.00991959800324671,0.0026374823148467286
2018-09-19,0.0005958489143018664,-0.007537144683164243,0.006134699053115256,-0.0005696169250530847,0.029046263681381745,-0.013337900254716817,0.003542155901375299,0.0,-0.001422505544278141,0.011956931383371172
2018-09-20,0.007601858857704924,0.009281436034859869,0.014732521628053163,0.010821959900630507,0.00858683471310151,0.01674130303987642,-0.020957360877887354,0.01619042216912092,0.012345652018003195,0.00224518799751805
2018-09-21,-0.010771550102765315,-0.015064474134848682,-0.016322916672722565,0.006338820481379681,-0.00657509431608394,0.0060754703779806185,-0.01062806226858004,0.005388852580642478,0.005427230083453249,0.004126772019113822
2018-09-24,0.01438028654576251,0.010104372755515678,0.006347442701623018,-0.01686751099906969,-0.009588498351073338,0.0035883097256346197,0.008540664776675921,-0.018060680758263947,-0.006264632719741425,0.016789815214010684
2018-09-25,0.006341115908668593,0.020776882772626015,0.012148577081392054,-0.01302759569337597,-0.0028270427992123093,-0.0019187635897177646,0.01019957323852072,-0.013646660858431248,0.0031520628760990377,-0.001154717467908295
2018-09-26,-0.007966379874280283,0.00015192716831013975,0.000142479392870154,-0.003461813847037254,-0.0117708413836346,-0.004106521453045686,-0.005551477582410924,0.0016840155492114928,-0.002072217066461657,-0.008323402122013102
2018-09-27,0.020551689206004475,0.019307813394711104,0.011138367425213014,0.00043400764920531465,-0.004347387599827335,0.0037726404434417216,0.0017982826729061596,-0.00480423194387003,0.0050244832210764034,-0.00011661336385371257
2018-09-28,0.003511987318489007,-0.004957829079553111,-0.0002318625563136889,-0.0003620973009325068,-0.014669595162558613,-0.0003497112365872246,0.050935045347819674,0.004465527563095595,0.0004664712257513859,-0.008744563686234108
2018-10-01,0.006733379622399838,0.0006789894400496266,0.0012011569672460976,0.01100132162775469,0.005849001965838818,0.010842179745125025,0.029677735240461134,0.0052867943962287,0.004663933287273547,0.009291883720442096
2018-10-02,0.008888330730157046,-0.016489093067526883,-0.0007363760401503106,0.005655059756304093,0.004140912263054464,-0.003979081149874997,-0.009952947896145203,0.008246266685715486,-0.007427779450508543,0.007575393823313847
2018-10-03,0.012168643347309605,-0.009409964736917797,0.0032212945408933713,-0.010321396312139797,0.00938854848184123,0.00017380338015793306,0.000872503881589326,-0.01576553947983461,-0.0020044225655294623,-0.0035858314068875075
2018-10-04,-0.01758076557850674,-0.02219422567092222,-0.028443419637214196,0.002301582796994106,0.009015949654623379,-0.020665009167195825,-0.025947858632241694,-0.013368814006540775,-0.017473414279103094,-0.006616406878959369
2018-10-05,-0.016229072526872224,-0.010353955604213816,-0.007850061837538447,-0.0017939062661596061,-0.005638884068843386,-0.0058515809770633975,-0.033764164280286946,0.0028076280249695884,-0.009539299202386164,-0.002804314214862491
2018-10-08,-0.0023182429347108346,-0.013351652655319235,-0.010198422877685354,0.0020846492324932964,0.006106961990640203,-0.011415445054830609,-0.01515583994422709,0.0030433437850261313,-0.023871593514436018,0.00925697715277951
2018-10-09,0.013853527983342051,0.003164503350325587,-0.009299953807867745,-0.0013631457221489063,-0.006937288063545433,0.0127198796957666,-0.0008654250925697049,-0.0024273558512051263,0.002959876061863209,0.004411857857532286
2018-10-10,-0.046326138060041155,-0.06152425214335033,-0.04629015438520312,-0.010560231740153747,-0.026632492393697915,-0.05433814265530201,-0.07475344655066174,-0.009245511747911772,-0.04771249195197402,-0.023002746229013438
2018-10-11,-0.008828152252648214,-0.020447169250033426,-0.0013000606511733848,-0.02824361898505512,-0.029963360895765345,-0.002354777121391538,-0.042981088983029214,-0.031556985383143665,-0.013208518557323967,-0.03454823264303741
2018-10-12,0.035719517108216525,0.04027654247009993,0.027320935571376603,0.00022425531665515308,-0.01091257931084455,0.03455751287932163,0.048526392083764414,0.0024090260746305603,0.04733406616901181,-0.0026960516662284384
2018-10-15,-0.021385669526859163,-0.015464474245241777,-0.016152915503192644,0.0005974330076266021,-0.005703859745555873,-0.017979196752488047,-0.04526639895416984,0.013534053970158277,-0.02020540146309624,-0.006881434485082716
2018-10-16,0.022037016927302533,0.03351032644684038,0.027792908949012984,0.019484949557177167,0.021440782129552582,0.03159820991792439,0.04439651818991086,0.010981834794339118,0.03286444526186272,0.004701590030582015
2018-10-17,-0.004321507868101593,0.0064671857563620705,-0.004845263964549096,0.02123603544824726,0.011139740557388311,-0.0026124069767243796,-0.011268319301222296,0.01049272845469762,0.005009415039502141,0.0036949937758643525
2018-10-18,-0.023373487683668315,-0.033307298491406456,-0.02632159166166881,0.00028684468475037583,-0.015842840605114317,-0.019962304264929065,-0.014523321109028542,-0.011128710642816286,-0.022183640993178155,0.004294215388146894
2018-10-19,0.015230199534419953,-0.0037781598679350603,0.006621684565751407,-0.0032259248952060116,-0.0016649985752863472,0.0014746612395857284,-0.043250872734228674,0.08798625410236771,0.005671903429882219,0.001466286411661688
2018-10-22,0.006110169017087275,0.014325112382443717,0.00560079551507342,-0.002660916209616171,-0.014363836312546008,0.008926993166106012,0.008945191304641886,-0.008018374174772913,0.003997839714551477,-0.010003656391062155
2018-10-23,0.009426600678049013,-0.011512868959461908,0.0031853501457692612,0.0018026413981131473,-0.010436418507537848,-0.013956158838541732,-0.043940678683203505,0.006466593252671959,-0.01080792295286681,-0.016143278324830423
2018-10-24,-0.034301810061832416,-0.059082926650834144,-0.05183388116790244,-0.010508923524406133,-0.018622436280311017,-0.05346877682338114,-0.09793722694148566,0.02638817664452109,-0.03493416670924143,-0.027805356477227372
2018-10-25,0.021898298600888433,0.07088689580645524,0.043959272464833665,0.00727444564473001,0.015199960000105373,0.05844410648918852,0.042274407860751095,-0.00514178337479021,0.04662605563776179,0.008889288278055574
2018-10-26,-0.015923819344291545,-0.07819674751655215,-0.01797781255754005,-0.010832865376735334,-0.013732518152125173,-0.01237331132080699,-0.0459485631254587,-0.012809153335568202,-0.019783358654264616,-0.009960047264135574
2018-10-29,-0.01877034993610649,-0.06326358495753426,-0.04523171286634298,0.004234757216429408,0.013827023989704479,-0.02907613452104496,-0.0638966920685724,0.004324943562079575,-0.024756981302689773,-0.006191254342383101
2018-10-30,0.0049945161652260595,-0.005497459446531794,0.01428371540103024,0.02326416079800997,0.017644267635551714,-0.0011556566541703894,0.09363235010521342,0.010766059297592223,-0.011687256248037903,0.02245274490469673
2018-10-31,0.02606656167499355,0.04416426273766638,0.039132673229567816,-0.005399360370241801,0.021743272460802654,0.029692709916451454,0.03857156056142652,-0.0057179760491229414,0.03833941524537199,0.011424669420355915
2018-11-01,0.01535205505202586,0.04225254609166407,-0.0042179962428751105,0.005928901250236374,-0.0003668529016155331,-0.008332576031791272,0.03453017938061875,0.0102616642035116,0.02161771217125441,0.012424402367984921
2018-11-02,-0.06633063266075712,0.0,-0.013342855354744332,-0.0009944952783788041,-0.00550575904666839,0.0022658324029565247,-0.014625669765423122,0.002455330015955548,-0.0074557303137785524,0.01586706535299731
2018-11-05,-0.02838819364923495,-0.022653420449634698,-0.014708428269249563,0.010804565595520677,0.006551108086926938,0.012716648793399399,-0.01465682704484872,0.015477413909110505,0.00014309056479722138,-0.003782844047102718
2018-11-06,0.010813993076547401,0.00922107808904249,0.013109467957991727,0.0026023047978984692,0.004675210994091961,0.0019535115962396876,-0.0033524290410105184,0.0033990744464191813,0.007081681379098814,0.004287051011727883
2018-11-07,0.030328323532099022,0.06858973168176319,0.03615467667291483,0.015290527377896268,0.017153233828037573,0.03936098130867882,0.012934420800578383,-0.002404016106766549,0.028340001719421304,0.012684511898444217
2018-11-08,-0.003489178972865048,-0.0003303844428476088,-0.012280866613590735,0.003799664409440018,0.008073013355502923,-0.0018756464547864393,-0.036484109071472925,0.0007668219411913757,0.0031080719589904326,-0.015897907981834103
2018-11-09,-0.019281236396473278,-0.024206376188181555,-0.016087484322952705,0.0002756408780495434,-0.009699126168707939,-0.01950770854703021,-0.0015538708931206457,0.011493009805857657,-0.00895152259226828,-0.00024709381869070235
2018-11-12,-0.0503743143781572,-0.04413610380713673,-0.02568199955962569,0.0019263535517444197,-0.0210261428088242,-0.0246419205437024,-0.07842628939330587,0.003137930624068419,-0.029250130930373208,-0.01286006327138689
2018-11-13,-0.009991215540205323,-0.003470038015299326,-0.001324552664574874,-0.0064552128238265505,0.00587419176202264,0.000655172817224603,0.05154557186113107,0.008306543686375623,0.0,-0.022923636513834333
2018-11-14,-0.028247428457442436,-0.019715929862163195,0.00630735124152193,-0.0029717546141689866,-0.020622248480993033,-0.014181296355895157,-0.01063621747382315,0.0002138832264824142,-0.0016463058589893942,-0.007821012284642714
2018-11-15,0.02467868571874643,0.012776650897123432,0.01561765113749991,0.0017327068998658213,0.02552855591784131,0.022006469966776354,0.02636998925774625,0.003636819118396417,0.018672686269892713,0.010337530489586744
2018-11-16,0.011075785229503365,-0.016073437868940443,-0.0025956015053885118,0.01031148510839408,-0.0007267068072689398,0.009414820901044507,-0.18755832446144338,-0.00010677756823940232,-0.011703019006644722,0.009847772303408275
2018-11-19,-0.03963196762835752,-0.05090968010562913,-0.038239533924765645,0.011918623224238756,0.007637163615329179,-0.03389056986369543,-0.11999041287923817,-0.005648781911209322,-0.038664844769996654,0.003292972082376
2018-11-20,-0.0477779515549287,-0.011128808718927297,0.0029493035634071685,-0.008664288287269395,-0.021474357212476702,-0.0278148882863003,0.030269484300758487,-0.012756301790029512,-0.010314674607738605,-0.028402087152248567
2018-11-21,-0.0011301961223216805,0.014223040580892299,0.012596428756034284,-0.03045421526845815,-0.007468874432265626,0.013764321813607872,-0.029313183882594407,-0.007491395933571954,0.007872889730870414,0.007665370015115469
2018-11-23,-0.02539875145777093,-0.009672192531983259,-0.012775223808371594,0.0016903353775274965,-0.009197211491716484,-0.00038795629248189467,0.0020040839621267015,0.0014216214877178501,-0.0115309165207651,-0.026689201500003312
2018-11-26,0.013523559006557884,0.052774205345442304,0.025085003006787066,0.00028305222792002205,0.02447262212076784,0.03298757334913738,0.055517353896601396,0.0043698743206779245,0.0231055262874309,0.019738062929536282
2018-11-27,-0.002175667620596733,5.693110101656629e-05,-0.003466199958159555,0.013085999747849186,0.004209926539248121,0.006292808126970639,0.004442790896378224,0.008483878539787382,-0.0002204807830227251,0.000909311145872449
2018-11-28,0.03845228986572802,0.06091358215761211,0.03754705688988347,0.022483116238683376,0.011119209488975379,0.03714768024612014,0.04124121766938704,0.003127838460072363,0.040246912440356164,0.018170048365696134
2018-11-29,-0.007681804195029951,-0.0024914277024860043,0.0025555302071298414,-0.004029077123247515,-0.007932184373207307,-0.008369488416688164,-0.01594657856141013,-0.002043380522309679,-0.016126805944523648,0.007775740970936029
2018-11-30,-0.005402646477444928,0.009918938050902604,0.013767809236356232,0.0071992129058002785,0.01026738916992831,0.006352785292774721,0.038573966022387385,0.01820762082726457,0.018763648442604364,0.005565208136224964
2018-12-03,0.03494229941642191,0.04862821032044029,0.00604700008393122,-0.004696876773514491,0.00944306469774725,0.01082138212338113,0.04044600100603324,-0.012591247228990743,0.0232166783260368,0.021635207929978417
2018-12-04,-0.043988685616299206,-0.05865623540184539,-0.0482730428212792,-0.0012312860860561603,-0.044636585099442905,-0.03184930911276107,-0.07604121107300132,-0.00010716304748725758,-0.04386284630628634,-0.02203894585766686
2018-12-06,-0.011149443674335457,0.0184548674019982,0.014692101854247186,-0.0008215692538638963,-0.019024702743936417,0.006173934346870302,0.007510658070753795,0.0025724859400286793,0.0173836213293892,-0.013093071414847834
2018-12-07,-0.03565693124372882,-0.041231479123390424,-0.02921854856322581,-0.0032899445177846376,-0.0180624355605169,-0.040022050236974804,-0.06747121993532146,-0.011758751263257095,-0.02793321258976922,-0.009568080586535799
2018-12-10,0.006587839820423325,0.007304527462037358,0.0063063150521682765,-0.0011691221826954923,-0.018685159539961305,0.026426439426005643,0.028792175416491705,0.006273546920386508,0.005615879300308491,-0.014167594366689684
2018-12-11,-0.005719227643101066,0.0013467657815862122,0.00804229392106004,0.008536642995897514,-0.0097672320572052,0.009294514293057166,-0.02416707530341511,0.009459248809807308,-0.00776063667301341,0.001829146972710971
2018-12-12,0.0027869648493092924,0.01235363498916997,0.011378563286733145,0.0040956931763274085,0.006476074039916346,0.004512404133285575,0.00479111146456912,0.0012778775422470634,0.00723630202106329,-0.008607437119419914
2018-12-13,0.01094022249346871,-0.0031018578309504052,-0.00017713391166018777,0.005030299385738957,0.0009897156601743617,0.003391663895343733,-6.725066540980151e-05,0.026161876908251225,-0.0018866763639029394,0.012628550879965283
2018-12-14,-0.031997594605656765,-0.04008130390245668,-0.020334431576519485,-0.10037874745799402,-0.008207991650376223,-0.03124675178702696,-0.01638769667211626,0.0015546361203178094,-0.017813197472923425,-0.018186709663494338
2018-12-17,-0.009306250300581631,-0.04460045543160707,-0.024778733082871263,-0.02902247393625801,-0.01276285383550102,-0.029614393750198476,-0.019597267075518343,-0.040045631338722076,-0.02731491069479508,-0.02037590257958599
2018-12-18,0.012992558420517941,0.020099752835132323,0.017315858128505335,0.009911568492170453,-0.004746863603333651,0.010496977118954032,0.023401616576819606,-0.0030181555596470178,0.009588835973323162,-0.027552478432570138
2018-12-19,-0.031191737012260967,-0.03635238334743507,-0.007619367983723757,-0.02154543602773451,-0.012685417158704304,-0.0026936235416694654,-0.05737027576689269,-0.00789260516828183,-0.010553144641731849,-0.016944488989293793
2018-12-20,-0.025234397132822828,-0.022908494210543306,-0.011473094009734286,0.005171980512444163,-0.008633908188604766,-0.021024166144017364,-0.02461912365159702,-0.008500318443397492,-0.019046206027553136,-0.03037575971162254
2018-12-21,-0.038895762616211305,-0.0570771264386426,-0.03158520140997967,-0.0014034221537764235,-0.023639032176904218,-0.03231190822238106,-0.04093259876535904,-0.00010991924694137012,-0.03494873817724464,-0.00743100069197411
2018-12-24,-0.025874220530226588,-0.024313035987901577,-0.00663805682062335,-0.040986641200947416,-0.02155684617633269,-0.04173895395845306,-0.019217729070683087,-0.03968358471235178,-0.020360545527814522,-0.03831490664043802
2018-12-26,0.07042152196500662,0.09445222040160872,0.06416367605916751,0.03150430525329884,0.04145838917606404,0.06830975768160652,0.04737187722968428,0.031250152085469995,0.0698268349894704,0.04777880995556849
2018-12-27,-0.006489678413065358,-0.006295430662189294,0.00481942224962939,0.005524501971083007,0.011255140047522927,0.006165645900684469,-0.014500309507669007,0.02142286435130325,0.013667733401525384,0.004370921537712125
2018-12-28,0.000512343398574755,0.011206593086295902,-0.005907549924977773,-0.001098992053810588,-0.0021644475983749745,-0.007807804939333307,0.018906607377267015,-0.009128564356102542,-0.008105057228854129,-0.011169091752028404
2018-12-31,0.009665426667649024,0.016204139597652434,-0.0016432738285735438,0.013985858161336573,0.008158798777637033,0.011754142851956306,-0.0011220625375341076,0.008115779608090179,0.007636817482206126,0.000293199545140288
2019-01-02,0.0011410506819140576,0.024740760502233394,0.009301775367597687,-0.010073402808188248,0.017312176737288132,-0.004430278948715949,0.020374374157642983,-0.00696229069237797,0.00742779992763154,0.021997571568702634
2019-01-03,-0.09960764902169827,-0.025241497784936007,-0.027695586174684705,-0.015890365928133976,-0.014212198589860447,-0.036788261218029805,-0.06041693555786043,-0.007011711567218026,-0.0360368620255741,-0.015353800817661911
2019-01-04,0.042689413971066514,0.05006399867375011,0.05129347175360577,0.016783117434689965,0.03686563896116546,0.04650924402790668,0.0640676706599661,0.020410531467961013,0.043081518413131015,0.03686991791594951
2019-01-07,-0.0022257786484009,0.03435341415874271,-0.0019942480095717086,-0.006414567552774031,0.0006952064825118676,0.0012754543459581047,0.052940462411766864,-0.004000414911138894,0.0180323518579788,0.005199866506892192
2019-01-08,0.019063104997550706,0.01661235994563981,0.008783153948785039,0.023226489043857823,-0.001885691270188783,0.007250709221281015,-0.024895340585493808,0.0036911064891596013,0.005438458416852088,0.007270909797024716
2019-01-09,0.01698173898075228,0.0017143547179709895,-0.003427386355867812,-0.007925468055596241,-0.0016903071461146224,0.014299429536618113,0.019666745509651085,-0.016331626268190846,0.011769022611567204,0.005274871627898747
2019-01-10,0.0031962354097956336,-0.0019284287379283116,-0.002607097207857789,0.006049709131651371,-9.982696967270055e-05,-0.0064255823041590165,0.018586053919241508,0.002418919992821289,0.001878593702561604,-0.005108975109480718
2019-01-11,-0.009818032920725805,-0.009455231305329326,-0.013310709918560426,0.00030833692661569323,-0.004781151971913755,-0.007721873719500505,0.024788556881614854,0.006581310392335116,-0.004399143049996668,-0.004580390182706728
2019-01-14,-0.015036922447710155,-0.014232985793521946,-0.012175124182983832,-0.011329608134748703,0.01030924861031779,-0.007295716744215697,0.010817372231285871,-0.006755923821218146,-0.006953339560691552,-0.001254762267629772
2019-01-15,0.0204667471764155,0.035462313843586335,0.03328539957829513,0.008419220075591483,0.007331005138270896,0.029005435955963277,-0.003788671784321962,0.009434714150823975,0.001750330739285877,0.0005582980153107098
2019-01-16,0.01221657976099988,0.005505997778829874,0.0027612058826571584,-0.010204173484306245,0.008064660660278333,0.003523274695545142,-0.006872540719962794,-0.006955579938541567,0.0,-0.000418545884661059
2019-01-17,0.005937753515676825,0.005606434395265758,0.008820542919697694,0.008200603565595932,0.004097490020911421,0.007022275965108182,0.01934966474976818,-0.00014353942114464502,-0.0004365838270232736,0.006839709677711081
2019-01-18,0.0061593530152048714,0.0017598946424279838,0.007442279337229962,0.012394532627878707,0.01622596474149729,0.014983079213454209,0.03433919404430297,0.008605406901625479,0.008886902354586113,0.011922762412497345
2019-01-22,-0.02244628051724895,-0.03774908655967102,-0.025891769096413553,-0.014461702420577982,-0.015775586558647303,-0.018846937017239718,-0.051997501121881395,-0.010719373412270694,-0.0032489863034957933,-0.015070831875774182
2019-01-23,0.004044584928470263,0.004809570602366753,0.005358524554682997,0.0,-0.0025257682097139522,0.009746390481218503,0.0034954299492746532,0.048650857383884194,-0.0075338523405962254,-0.008206513819825512
2019-01-24,-0.007926016050913698,0.009091336230296898,-0.0003779637951142334,-0.013742293071999812,0.000584575359786399,-0.0047792607393097875,0.057270797108553095,-0.005694046110460871,0.005036035932365346,0.0014023928214905723
2019-01-25,0.033136386493678005,0.009450615167288179,0.0161530734998252,0.009446592099098261,0.0063263945008176226,0.00913374244976417,0.014635186938640965,-0.007423159370377297,0.007044657680529864,0.004481897170286464
2019-01-28,-0.009254437305385999,-0.019562216712664893,-0.01965485543625578,0.005926970270532683,0.004739269581275796,-0.019501636561896296,-0.13824542514760318,-0.0008544985498408764,-0.019326505794018733,-0.006692737141634875
2019-01-29,-0.010364688158265856,-0.02686994204251958,-0.009075281024934712,0.010388362378368265,0.002791913814227387,-0.020365524217717645,-0.04644590617805977,0.00021375830838343823,-0.007280053066295089,0.0037901007605372072
2019-01-30,0.06833482229397636,0.04802744720961405,0.026101378370182227,0.01005149134985106,0.002303784080487814,0.033417346333348474,0.0439969768316435,0.010476820316894564,0.01925938408010408,0.010907588655503009
2019-01-31,0.007201232195275464,0.02891472167185971,0.025410016892295717,0.010938599787036152,-0.008715682395714297,-0.018330354753342437,0.04629163912759582,0.020630349753635313,-0.01882239433024857,0.01369481218161428
2019-02-01,0.00048037833682057496,-0.05381880772938674,-0.0064571265786724785,0.008416080521151947,0.003671451324142483,-0.015800051010916527,0.006817167059776752,0.01036612566896733,0.038070708805181486,0.036025957652270124
2019-02-04,0.02840518169433337,0.004353581897566405,0.020382358706916515,-0.009836015100465723,0.0035619858299231755,0.02879934412632701,0.030747220492514327,0.005745125872315349,0.009632668560507485,-0.014488847180657904
2019-02-05,0.017109253603436736,0.015612487224473615,0.009155169965243237,0.0,-0.004412911375493933,0.013996579746453852,0.0051612874077482385,-0.006018474778419547,0.0072789921811746705,0.010291259204759706
2019-02-06,0.0003449432219027049,-0.011182689786027766,-0.025159018411581968,0.0009030143634265464,-0.00048139895575660674,-0.011098513679629107,0.020340343024488616,0.0049262599696158205,-0.007296486913460298,-0.004365460270430943
2019-02-07,-0.018939591068119266,-0.015784110453143985,-0.015121618383250879,-0.0071427552689152796,-0.01310969675004059,-0.007167706804254048,-0.03647055314186198,-0.007965625850735791,-0.009329265727387792,-0.007706604775230108
2019-02-08,0.0011750212656933545,-0.016198209157239574,-0.0031920281631775405,0.0026505479520051445,-0.009962814826882882,0.0037994913626810956,0.005087250692712653,0.005867633173664899,0.0014982826104872338,0.0016248392470676887
2019-02-11,-0.005751156849723715,0.0017503863887402549,-0.0002359287920962183,-0.0030209365449417325,-0.004735579172147397,-0.00397462114603242,-0.011608117481421765,0.005731202761428467,0.0029917384240751854,0.0016218456251135827
2019-02-12,0.00861734512712431,0.029547382710171766,0.0231009867558869,0.016363540259195064,0.017049738565145578,0.015582014715888937,0.03222935053596032,0.010074257053869662,0.008451860365654928,0.017543926080029193
2019-02-13,-0.004154807153376794,0.001214920135908626,0.0009312935662857402,0.0021615217628374594,0.004775761582730631,-0.0007484735140141918,0.011311828551457959,-0.0002012123924292064,0.010563950794095112,0.011273429732165718
2019-02-14,0.003643086461004863,-0.010579272014338836,0.0005049389425566542,-0.001041377467902227,-0.006498821700196888,0.0008426634145128897,0.010792932814120748,-0.007859766101270482,-0.0005582461272305439,0.0002621678223990731
2019-02-15,-0.002224669812041391,-0.009059262479477748,-0.008475066703302336,0.015412092781310394,0.03056041189725689,0.012348044707761296,0.018184141710218427,0.00020312662257992997,0.012223993961875346,0.018880159347373304
2019-02-19,0.0029925044601994966,0.012208075244112715,0.006145029065608654,-0.005059388495527006,-0.0035055396546501694,-0.0004622738591171238,-0.004449088222390873,0.015332992033205706,-0.003243713753011579,0.006691706918687812
2019-02-20,0.006435536923814711,-0.0033668938325457365,-0.00525526223153161,0.004864003007414519,0.004848929611274144,-0.005198897328876351,0.012193456294836258,-0.007100885620605735,0.0020079559933077196,0.003834542239719685
2019-02-21,-0.00563883693334899,-0.0016398893947140447,-0.014617305855975316,-0.006820430768688324,-0.0020816947303406996,0.021092041834111175,-0.01753380111188807,0.005036593327301331,-0.005043841495499968,-0.009040927539436527
2019-02-22,0.011166151735118035,0.0074841032295558385,0.01118445536990964,0.008713620091767016,-0.004456277624191873,0.014257985795162575,0.02195531585066446,0.00471009667870681,0.012986029509516106,0.0077100345622942434
2019-02-25,0.007284429747758114,0.0008825736547322105,0.0006896293097695683,0.003684521325704404,0.01047634269259734,0.005587009328732906,-0.003140764647692973,-0.0067829003551297395,0.0013025769135279752,0.0010201933061089186
2019-02-26,0.0005738171946136905,0.00208203509820426,0.004188519040739358,-0.0006610216472774377,-0.0076344058790586145,0.006900524053059076,-0.010019593105110358,0.0026112084416272108,0.006709368948329297,0.0020381722648739053
2019-02-27,0.0030976623173402107,0.0028660116253622636,0.0007843782906808983,-0.001763273521713793,-0.0012346532608507044,-0.001691151797114654,-0.010757425209785731,-0.009215688651972531,0.001224385254294802,0.01029753712643644
2019-02-28,-0.00983591489480129,-0.0007677325817357916,0.003259397896327787,0.005667450911787109,-0.007607340158461207,-0.001247882206550699,-0.006376817987278294,-0.0036399230610695277,0.00611334895124549,-0.005536593437866721
2019-03-01,0.010511017499038822,0.019453250691601864,0.019502076163008697,0.012514393443594507,0.0006709363914705335,0.004463060163844679,0.014196775777314041,-0.001115850851161948,0.009114196076815517,0.012273761472068934
2019-03-04,0.005029608456176282,0.014619586796095208,0.004266374400708095,0.0009397464538849487,-0.0022984039909751397,-0.002399432491129394,0.002109384270055248,0.004368063088055152,-0.0101025859886682,0.0038749735380654293
2019-03-05,-0.0018196632512323951,-0.0022050158240090045,0.013672396086012784,0.002094104273943742,-0.0007680483327006105,-0.004988398254409332,-0.0016585560978961134,0.0022251273087978696,-6.75140292416554e-05,-0.0014940126441301826
2019-03-06,-0.005754226700771969,-0.013873495481994347,-0.003634929928768127,0.0023060552975979753,-0.0037459414725445894,0.00044757348364399263,-0.02855846908125681,-0.0016146815344212362,-0.000946128633981691,-0.011348352281913665
2019-03-07,-0.011574600256665013,-0.02576471998369667,-0.012095158348925938,-0.006111097958051204,-0.0072310542711832015,-0.012170230995668163,-0.01834929649063577,-0.0038413488267674545,-0.006630259023625906,0.011100326704094998
2019-03-08,0.0023767560129559495,-0.0031673752931026256,-0.0007647219338891009,-0.0013020616301973043,0.00038861934040346213,0.001087145558410052,0.009245710984825406,-0.0014202161058443075,0.0035417947310047992,-0.014346477997373541
2019-03-11,0.03464252327211659,0.030737873720530162,0.025470325237480163,0.0036216734713956367,0.013008365337898509,0.020993846493779778,0.06970276933591779,0.011888990860994708,0.022531093183254747,0.009745564423403241
2019-03-12,0.011235020986189781,0.0014844854239022265,0.015255196759102807,0.004474550819690171,-0.0029708111544901605,0.007001560070521551,0.008563892357750902,0.00471964905230382,0.007035335605430237,0.002757506516023467
2019-03-13,0.004422274764548373,0.010585118161452245,0.0015118935043738624,0.00165225919349421,0.003363928283261597,0.0077450410024193506,0.037533725951505614,0.01129422262924984,0.004876982570788835,0.008874997030373644
2019-03-14,0.011116345342885081,-0.002714673150861824,-0.005445949283947371,-0.00997007338554834,0.009100686739757613,0.0007860737588762934,-0.018147279237213487,0.0013838437667668124,0.011346657438110919,-0.003345130957829845
2019-03-15,0.013008304064533016,0.015502120161135613,-0.0018699640477918278,-0.0030436164958053125,0.011486569082212128,0.01151943310493464,0.02567035727096134,0.011054184037348369,0.00817106345369134,-0.003605396814783113
2019-03-18,0.0102086184531327,0.017397066258948213,-0.0014701532697023456,-0.0031247040293767014,0.006006723467512298,0.014321202700424474,-0.005064236147496404,-0.009078550164007049,-0.003215840003256254,0.011603231300672423
2019-03-19,-0.007924802501497297,0.011307873960989534,0.01170329134102932,0.009258637739782527,-0.0036383914089309632,0.0006805023453051451,0.04001187817762886,0.0038419118626809023,-0.0023879732624931815,-0.0025900191122215643
2019-03-20,0.008738649171116109,0.02010391063581385,0.019934059886097755,-0.008307004593656742,-0.021348389825794234,-0.0011050469820003128,-0.007455854544435314,-0.0017663344995508812,-0.005433771392020614,0.005564537161854233
2019-03-21,0.036830136936650826,0.012235166707998735,0.00790917456215956,0.005899992043198576,-0.015786413213021877,0.02297495643556524,0.054701986974115435,0.007569606901867365,0.013333162025745748,0.005779567109915673
2019-03-22,-0.02070814121137965,-0.029951683771010984,-0.02303964365178468,-0.008616977304271689,-0.030232500758517133,-0.02636819342730956,-0.03501151258268398,-0.00809824654454916,-0.017522299351195092,-0.01601656344396596
2019-03-25,-0.01209100282681752,0.005377413721055602,-0.00850413182844767,-0.002191229562622854,-0.00831987554716529,0.0052113058295095716,-0.020957864479911104,0.002951261696397367,-0.0002611455866186052,-0.00695849367685053
2019-03-26,-0.010331713773350848,0.0053544138654035844,-0.006297104135627674,0.014347576453440869,0.010007164085180653,0.002124786977178328,0.01778135210185572,0.01039624334372058,0.014833564619666229,0.013013461520881897
2019-03-27,0.008993971879053708,-0.01012467867973188,-0.009942492743587827,0.0009381195855739932,-0.0034026053081126495,-0.00966846854424186,-0.0020918636261101353,-0.0011649023563125027,-0.006954234236917434,-0.007658375896213765
2019-03-28,0.001326537416263207,0.00437213503435796,-0.004872685531544518,0.0012976087491369803,0.011347565671825821,0.0013702591123034846,0.004249391359810728,0.006316541237398665,0.0029180368123971068,0.0049789295953734936
2019-03-29,0.006517609047288264,0.004133266392968293,0.0039412672002012705,0.00655258325305863,0.005163206265418996,0.008637649819363435,0.01303208862996752,0.004828903746130875,0.009827312835710034,0.0007430935022496588
2019-04-01,0.006791202241444916,0.018778657625842854,0.018769792558648746,-0.0057944758218272385,0.03368575022844045,0.009157268523544815,0.015148232927570504,-0.0039406032040920635,0.00685034190015088,0.011509953649619042
2019-04-02,0.014536761633791695,-0.00011581671050930886,0.005471284662800224,-0.009137991259575373,0.004777992818305821,0.001428432913983313,0.003949904067577004,0.001061667964516344,0.0033064827773270355,-0.00428251848412553
2019-04-03,0.006854774430097299,0.003704629310371743,0.004371432093974503,-0.003921286238247057,0.001997612238792801,0.006544134607495922,0.030710679988861456,-0.0005785738869611423,0.0043101057138317245,-0.00589812723108607
2019-04-04,0.0017407071593127377,-0.0010106317894359451,0.007135664719748025,-0.01166429216000675,0.009660323088041656,-0.005084737697228392,-0.0019087214034726463,-0.002507632116085956,-0.005174781388341043,0.014215122084907161
2019-04-05,0.006694261574166305,0.010127196283313822,-0.006560336399023203,0.00449947201442491,-0.0023684169812421274,0.004440495697287661,0.01428857835430386,0.00212720401626898,6.347014188268219e-05,0.005362369841116932
2019-04-08,0.01573594812500545,0.0068470544892456076,-0.0026167226014816025,-0.0002939447182531696,0.0032289953867614685,0.0003335988382815458,0.004399004242346738,0.012735158564212146,0.000633948034394427,0.006182586240612187
2019-04-09,-0.0029985066270524774,-0.007578913297284662,-0.004626330960393665,-0.004186603362603569,-0.007383030906322086,-0.0054199213271228786,-0.013191070009102468,-0.0029533334527234167,-0.0016478518419728028,-0.012891566157473333
2019-04-10,0.005614142419724022,0.006258726672734749,0.003126330970612212,7.369640960175339e-05,0.004481349398760548,0.007629212387629369,0.015005392720239374,-9.559058421360067e-05,0.006793898493203221,-0.004515928262081026
2019-04-11,-0.008324405976680715,-0.001764730856449126,0.002602685496767121,-0.0027291120305855676,0.008449196427656513,0.001164885162082685,-0.00291501308346076,0.0009556467233611254,-0.0044145998519992125,0.004781773335064354
2019-04-12,-0.0004020958228866389,-0.0005476903050044557,0.01086319494953547,0.0056949078449766155,0.0468794473528531,0.005152552059265458,-0.007987722136300834,0.0029594488278241737,0.01127583681381572,-0.012568486610953111
2019-04-15,0.001810199310293692,0.0009820611162909554,0.0031078255576317826,0.003971106180663098,-0.011419990209824982,0.0008265530539441901,-0.02794604044101756,0.006377391259871024,0.005011382600963232,-0.003336841758176168
2019-04-16,0.00010068400842233594,0.009848939749589336,0.004386361532656702,0.010987788521696906,0.010551179093424512,-0.002313083989365139,0.019003732755184632,0.006526050777002856,-0.0013092111749917201,0.006819171821546677
2019-04-17,0.01947288188962215,0.0009553942674214166,0.006680673980560492,0.0036223166010014296,0.028802980755048502,0.008280012614640953,-0.004888447882279046,0.0016656342262069135,0.001310927455866473,0.0028330957533424517
2019-04-18,0.0035938079634527664,-0.001678383384266291,0.0010724374089803312,-0.007219293706887564,-0.007349090136482772,0.013139749626309483,-0.005285619099963612,0.001889454522806533,-0.0017449475649863322,-0.0036841789777112277
2019-04-22,0.0032863751327047996,0.01376167016316665,0.009899576388749054,0.0022541615668776327,0.0012338216438112504,0.003161369390828561,0.01164791880046967,-0.0003772812788204183,0.0014980115924176918,0.0218168902675131
2019-04-23,0.014423283140027277,0.019318479950358514,0.013423540659446287,0.01501855889869086,0.0012323824259812266,0.013574468901128345,0.01167272996737645,-0.026884350394503986,0.007855525691534915,0.005789726202313883
2019-04-24,-0.001542181682072874,-0.01144625325368731,-0.008295380384953477,-0.005003484088219157,-0.001670466155132333,-0.0034279098988407863,0.002622494918556706,0.005137743080892765,-0.0010516643785896118,-0.019428971035085674
2019-04-25,-0.009074958826060464,0.00026293177839042947,0.00578550587594262,0.003232939593936779,0.0005285821987166539,0.033117331025933616,-0.022283668192965567,-0.003954140158711872,-0.0029101883243797255,0.005626602870528297
2019-04-26,-0.0047740772836368794,0.02543302552920257,0.007953646938341885,0.005298746723019443,0.007569797509317633,0.005729837553144046,-0.04718857418335043,0.0249803434548157,0.011861740856364822,-0.021041457765545668
2019-04-29,0.0015172892060737464,-0.006254395751948416,0.014701646807143476,-0.003917663287080209,0.014414142972499766,-0.0009238098311750154,0.006962485902143545,-0.010201785506001704,0.007487905157866903,-0.006460322476787961
2019-04-30,-0.019256176659334434,-0.006144196629405907,-0.07501929308795585,0.009725676951904738,-0.0006028584884453236,0.00639597529494762,0.00931263220643408,0.01622419725019797,0.0017059987915066799,0.003876294605539732
2019-05-01,0.049085643470439866,-0.007786060129541195,-0.021385275593594266,0.005311404317225543,-0.007668959446170964,-0.020827057377102443,-0.0029282969007370374,-0.014556639120784864,-0.009974577154366115,-0.02005484358341747
2019-05-02,-0.006507704196452857,-0.005597598276473326,-0.0058040104252425895,-0.004720203799769007,0.002170739524076648,-0.013059071113729614,0.015071636964055113,0.006004175300848846,-0.010257978622387531,-0.01754160351938383
2019-05-03,0.01243129392571296,0.03242811755501673,0.019751248655997866,0.005167293410444751,0.006152016938153482,0.021313434332677517,-0.0009824921907832795,0.00492604378456396,0.005710041149974421,0.002329131868221479
2019-05-06,-0.015442651957694231,-0.006068961956673058,0.0032868465122202206,0.0005632290643540205,-0.008870053125762056,-0.005818394960698026,-0.017266654094880818,-0.0037708879552705854,0.0014806317626485654,-0.004388853334845844
2019-05-07,-0.026957202891970233,-0.015149504925400126,-0.012233135389748684,-0.014919925864211758,-0.016335064027784507,-0.02052263953751665,-0.037475470906189745,-0.009273429959349766,-0.01275563852367112,-0.005315730549856124
2019-05-08,0.00019729120750433538,-0.0016814851400369646,-0.00685412165308541,-0.0012859683755083173,-0.005299902792734512,-7.985387455677895e-05,0.0046789883917082165,0.0035341992064858996,0.0034332562022707513,0.0015640606924001155
2019-05-09,-0.010744411211378369,-0.009333722778829934,-0.0024002069060005127,-0.007583002212484757,-0.0007994506347631658,-7.953535239202392e-05,-0.02144677848143617,-0.00789930926434046,-0.005909243939256181,-0.0009112310362011655
2019-05-10,-0.01385338334470676,-0.005205610992477072,-0.00028245193852249884,0.002306720225647485,-8.864380230577673e-05,0.012987908430111661,-0.00804989472075568,0.016979905497240155,0.005631530217946157,0.008695966990329485
2019-05-13,-0.058119393364177596,-0.035608819608768605,-0.026592195887970016,-0.013304632778140646,-0.027197771849989616,-0.02973322010962398,-0.06142633588016766,0.0009430438128414931,-0.021032004546509775,-0.011102317056721378
2019-05-14,0.01583019997506363,0.009568262041155462,-0.01032040336505946,-0.002769573058206909,0.00794906555296171,0.01118758213887805,0.022657336035072362,-0.004806202109178481,0.018305521228655586,0.0013208516333664821
2019-05-15,0.011979200346914576,0.01686309695084587,0.040840616614948644,0.0006577535279508329,-0.0038072362998958775,0.014082163268850367,-0.015181892683038045,0.010416604689757136,0.016103594538747767,0.007386625366887278
2019-05-16,-0.004399952922383155,0.01946395630546416,0.011701443735331774,0.009495146405055443,0.012830074181501061,0.023091842841044485,0.0038225960996862707,0.013214866908752843,0.01433520400185273,-0.00013090257531289673
2019-05-17,-0.005681495932056246,-0.020219492921261684,-0.013271345413808033,0.002894518935056878,-0.0048516467406996,-0.00667034426324864,-0.02284769661345676,-0.006105175792592621,-0.004730873401065261,-0.005892895062572068
2019-05-20,-0.03127008741469095,-0.005366456690264809,-0.020636838699153337,-0.001371204253034941,0.005236226604949046,-0.014445220531390413,-0.030537317570995426,-0.0011165038506035785,-0.0037784729164651587,-0.00013210948649533538
2019-05-21,0.019171335212539553,-0.0007800247985996211,0.008543971689053853,-0.002167191509316102,0.003412558360606388,0.005387308779024824,0.021812129883096443,-0.008944644602853602,0.0023857438049970092,0.004611685400510934
2019-05-22,-0.02047170137857679,0.0011628591845380676,0.0012213235979481318,0.004633680493526304,-0.008144679420823198,0.0060678415730131,-0.018444383088608518,0.003290638919834832,0.0023192941986525106,-0.009049441721253437
2019-05-23,-0.01706953112382814,-0.02376751975512159,-0.009092949230195546,0.007423083203811132,-0.01967115960371435,-0.011670691888120643,-0.032063018447748504,0.00037474204487986107,-0.016622396123692984,-0.023424853881701124
2019-05-24,-0.0038408757232154533,0.004296377605180091,-0.005875908158281984,7.187205412995112e-05,0.00984885300830629,0.00047550336609880617,-0.014730018648221321,-0.0006554676234816759,0.00699637433164213,0.004200997284665942
2019-05-28,-0.004134680758733245,0.007212290050219838,0.000834323791450764,-0.012819197921478787,-0.010846881457453272,-0.0006337460707067644,-0.012538668116399365,-0.02090200805358544,0.006579218503605988,-0.020107778972370927
2019-05-29,-0.004769242346247871,-0.009387773958249856,-0.017217105387581033,-0.04187683732449732,-0.002764476922178294,-0.009670337738856172,-0.02086081680209262,-0.002584496940994385,-0.0059860291703462964,-0.006197669008086826
2019-05-30,0.00518651606518139,-0.001577639243082074,0.0013124165908260377,0.005939366634526655,-0.010718960088390683,0.006323018691224203,-0.007633240389466445,0.010941412048155685,0.00018397425582317162,-0.002633125637346301
2019-05-31,-0.018115669812893587,-0.022710755340790256,-0.013295647837234248,-0.007266845524881327,-0.010274562311764046,-0.01630460071410178,-0.026238066119056436,-0.022975151740968758,-0.00878549473666368,-0.016673387705262832
2019-06-03,-0.010110007108869223,-0.04640947352034053,-0.061238087056267765,0.0022112360604702452,0.004718778150812009,-0.031048142530229028,-0.012402149930113349,0.008648031565664738,-0.01692202440488888,0.015684238474856782
2019-06-04,0.036584198732843465,0.02178187690076805,0.015162454980649498,0.017422468569806115,0.03080976539021396,0.02770374412450627,0.06891907924427265,0.008477914245190732,0.02351818185402843,0.02378964838240405
2019-06-05,0.016143329363601522,0.005169016882808464,-0.009340850646682108,0.004860865106368628,0.0035536816035472985,0.021679224666292463,-0.012027981105135144,0.019583374325756298,0.018850538742051448,-0.008288770909251286
2019-06-06,0.014681402205962701,0.009122798271355315,0.0029865986204942185,0.017114994499985547,0.0021794850419916134,0.015814943987475516,0.017695182848794788,0.0060901832395741096,0.009250885201143255,0.018223987590909152
2019-06-07,0.02661736650957014,0.02831229113708922,0.019670457179231216,0.013682169672949662,-0.01096309345176305,0.02800795314163662,0.011963066113196863,0.012944791716662962,0.018751511846826885,0.0036336156356195914
2019-06-10,0.012779366758197908,0.03137422141504986,0.013469201115051233,0.003392212102665937,0.010809906614321685,0.009132581322549349,0.02013720448616274,-0.00045968278120889217,0.004528109233621791,0.004424585920558499
2019-06-11,0.01157942740584006,0.001649933470424525,-0.0015886584515840685,0.00546686669701324,0.0030810434422525734,-0.0037709633371891815,0.01563023893762927,0.006070335250382586,-0.0029855437127194184,-0.0009345962213833658
2019-06-12,-0.003182640227563982,-0.004496418192190821,-0.0017943210142181698,0.01359222670300042,-0.012739157227536824,-0.004617290780568495,-0.03018228319395666,0.0027430489101021305,0.0075154916804305305,-0.010822951785712909
2019-06-13,-0.00020571964674365173,0.008074084887562893,0.011036782188676986,-0.006845840574568496,0.0024707320426080592,0.00631220375046726,0.01409025390754115,0.011214489904675995,-0.013054400359304164,0.008780231071513045
2019-06-14,-0.007262453137812597,-0.00033686328637261287,-0.004317079286189074,-0.004406592254638131,0.0025562032846626614,0.0009821639662377368,-0.024416507841382162,0.0026146509284610264,0.001830793925419183,-0.004419012455740501
2019-06-17,0.005966483438561099,0.008750215966301989,0.006987072958476004,-0.004639920845880274,-0.005463420322760815,0.003020285827797009,0.002696160273210957,-0.0018886251604766091,-0.0005895848020576189,0.009953207548657472
2019-06-18,0.023518426946108395,0.008133468756305495,0.010375943510667396,0.00566562223935807,0.013642218817520035,0.017388112155861668,0.05412679534793963,-0.01252367504652152,-0.0016513952171198776,0.00865621507194625
2019-06-19,-0.0029227190335627817,0.0039024725343070887,-0.0006606182191485344,0.0015688820488113375,-0.007226110140173381,0.0039211935385703445,0.0015697825500184948,0.007481923703902327,0.008329459779151005,-0.005545504169442106
2019-06-20,0.00803577055918181,0.004924598579345574,0.00786778009519451,0.012530934327858345,0.002547429878729135,0.009286018705936039,0.00640023883482943,0.011954168088495809,0.017868755095326705,0.017127397623720286
2019-06-21,-0.0034093891003488253,-0.0035919036198248655,0.010932404562027598,-0.0008435905135549815,-0.00680644874698455,0.00014595716453880136,-0.015184879063569579,-0.004832472100278373,-0.001726756736626367,0.014097350361388816
2019-06-24,-0.0010060504225412048,0.0013603018897809793,-0.007704159087284168,0.006826606439562566,-0.007127099705877993,0.005913605968420832,0.005930429320514685,0.010161923567673758,0.002364078433779948,-0.009525638162378058
2019-06-25,-0.01515751148967992,-0.01861645619625707,-0.026076836881416376,0.008248220158749486,-0.008282744723382418,-0.031572024351389616,-0.0077298230397098155,-0.0054306219862978455,-0.01478302512612506,-0.008836392570331753
2019-06-26,0.0216289218026271,0.010413885939478895,-0.006675378256336462,-0.016569802061668693,0.006681742743314567,0.0037472011544201766,0.051359976111639005,-0.017812299013388322,-0.001284294347756676,0.004326682657714631
2019-06-27,-0.0003002743175902767,0.0033985604479442877,-0.003415478763371227,-0.008177168344794095,0.0033181013053897868,0.0016426424271089868,0.024927894693978603,0.000455578181406624,0.000993847370466483,-0.010182951757064296
2019-06-28,-0.009111775358644936,-0.005592597818778633,0.005730728469321544,-0.010022369985653867,0.027196169967605988,-0.0014162008384906999,0.00612654774967325,-0.0011840468290313932,0.013548679763211835,0.010683129360612442
2019-07-01,0.01834060544246685,0.015082077541072714,0.015884788844828357,0.0005747567628049399,0.016815766284996814,0.012839401094837388,0.011812852811617702,0.007660708881934708,0.0022474542895665195,-0.0009133456173719967
2019-07-02,0.005854832438406454,0.006305337412949363,0.011454533062938532,0.0048074986074808645,0.001055955324242852,0.0066329671348417385,-0.023710660696775188,0.008960296553056857,0.007703437078348863,-0.010971944459769678
2019-07-03,0.008286716309506614,0.0024246069203848197,0.009338426970458613,0.015067956930394644,-0.0015932889705339015,0.006443562547378656,0.003204863224188559,0.02332242352858538,0.009071708128876699,0.009508864320326937
2019-07-05,-0.0008806629875633964,0.002016536782024403,0.00861980867152945,-0.011045148973439,0.0059384652665641635,-0.002909968432978305,-0.01548380066145194,-0.008152156127283261,-0.0011874025268273636,-0.004055769570498691
2019-07-08,-0.020613793430872662,0.004843221049465329,-0.01401990874338166,0.0028453014330187543,-0.005462868494775397,-0.0007295559810607255,-0.018847947220591132,0.007953914182515343,-0.002660376671721698,0.004597753147647543
2019-07-09,0.006099339828186778,0.018429393240526393,0.006715677419492749,0.003121293299893191,0.004252718859250937,-0.0036507990750549446,0.0006360050352385294,-0.009995572072150516,0.008740163414016067,-0.0006537082510751357
2019-07-10,0.009888626063201844,0.014640624938845548,0.014782799732699248,-0.00141426571828418,-0.002911620649664326,0.010186405201110471,0.01748167845757953,0.007439444232031578,0.008890083849223851,0.014130622139225668
2019-07-11,-0.0072825438038661705,-0.008099507325226352,0.002778373335711626,-0.0077897074894992535,0.009556183791185724,0.00398962052628038,0.03886061477260028,0.005538620851467835,0.007975322029751153,0.0007735258727352701
2019-07-12,0.007682902402042391,0.0049624026209122984,0.0011011925886132978,-0.04146724735586116,0.01051722525055876,0.003612579234327118,0.007998554121746881,0.005332972223867527,-0.0022685049639349364,0.0007739401203810115
2019-07-15,0.009395111222431307,0.004967642414728024,0.0045141033556350685,0.003052715833266717,-0.012142418342737216,0.0,-0.002028711030199082,0.0042612305700928665,0.0013305493435686877,-0.007084874341766301
2019-07-16,-0.003460036857944937,-0.0054873776497271765,0.002564053846334957,-0.016405773325663953,0.010711129933754782,-0.0131027776728041,-0.0011358879477785244,0.0035504403099519966,-0.006977811491902686,-0.01491954351893987
2019-07-17,-0.005623219495137666,-0.008891002112726198,-0.005826001367966183,-0.004830118615305357,-0.009815842331480584,-0.005908801858134249,0.015740875766342644,0.0004314410271737401,-0.0008924963148755349,-0.005926610859821491
2019-07-18,0.011359680392774019,-0.007093314974038978,0.0004360187168552798,0.001592792382590691,0.005965523244570781,0.001100439442349499,0.002769567165824993,0.002135540663432023,0.007703269714062877,-0.008479182911823147
2019-07-19,-0.01492803970223322,-0.006764737761974726,-0.013676339098066759,-0.013326525552539437,-0.009854521604115818,0.0014660765352227934,-0.010224323823548431,-0.0037248238569294045,-0.0071459907315565285,0.002004239969725985
2019-07-22,0.02285458922777739,0.010745666804249376,0.006769360157822257,-0.012815409890476026,0.006429432026894277,0.013248408643409926,0.01709781285025347,0.0025214222164884337,0.007420455816242066,0.0010670504549168403
2019-07-23,0.007817869739778605,0.004462067812825987,0.0077598147806194895,0.0015545144589363957,0.018290010646061505,0.006212581581221732,0.025332626577330597,-0.012575795513029564,0.001827684865604251,0.00399633735312066
2019-07-24,-0.0008141787138312706,0.003168672237739978,-0.007246976811511208,0.0072958775566296374,0.004039342269318125,0.010266221979443158,0.0170784128494037,-0.010979530998478815,0.013432878819105154,-0.00013284767427335087
2019-07-25,-0.007907300892344593,-0.013489486526910066,-0.0033255063745625257,0.010325109774568242,-0.009586691464530506,-0.00376586002881818,-0.029552879044406177,0.0015098161754012462,-0.009491275770665442,-0.005705985773895028
2019-07-26,0.0034777777657946096,-0.015589116785757695,0.09620238394750236,-0.002974192572786083,0.004407893017794207,0.008202861368373782,0.00974713245966119,0.017380875573430377,0.011564685261423957,-0.0016015079195603743
2019-07-29,0.009338556767382933,-0.015748424764873037,-0.00271432115947845,0.017517160241395047,-0.003183745538747562,-0.0021935634010880056,-0.0014277226912089436,0.011069427766375206,-0.0026130342685219965,0.007084538705639298
2019-07-30,-0.004291960068365963,-0.007278612913047322,-0.011144737858267084,-0.007066820061920387,-0.0022444234026455234,-0.004821399310869778,0.003603207516372997,0.03801711458052481,-0.009170061754004144,0.00013297008555168688
2019-07-31,0.02040408837975316,-0.01672348135049362,-0.007980419918976689,-0.014082287960018425,0.0035469214292978,-0.029069994308935088,-0.03835857741506843,-0.019682784984728197,-0.019445679414650918,-0.013138670819079157
2019-08-01,-0.02163920254897833,-0.006138892274227259,-0.005270094141273329,0.0005374750455473531,-0.02637926641424937,0.0131355678783307,-0.02252229731122546,-0.01109810532266664,0.006572991574646858,-0.02555151927752708
2019-08-02,-0.0211580365595484,-0.01729077783786115,-0.012758136831949707,0.005986775858047411,-8.850452740005732e-05,-0.008402280190106914,-0.022617250694267677,-0.00248419226122798,-0.009767404479285924,-0.00979834329350393
2019-08-05,-0.05234773076429422,-0.03187185710749196,-0.03474820728030714,-0.006942993834380018,-0.02975289068715281,-0.03425857701953605,-0.06451991293967363,-0.028856134313872683,-0.04824699869028659,-0.020487769293476732
2019-08-06,0.018930390303303346,0.01286026675758456,0.014141501264888445,0.004686745117445934,0.007848833733345106,0.018757955148175576,0.010345425190157798,0.01061185733865666,0.02143795375614088,0.009675387891332043
2019-08-07,0.010355160713969136,0.0031154615501278737,0.004124506964233943,-0.0042824948814893515,-0.021733256064106365,0.004380579072821522,0.010108322828135785,0.010850582429118072,0.01646531433490317,-0.006482443373310498
2019-08-08,0.022055882562202367,0.022019656560675394,0.025750224841629032,0.011289266480170257,0.016939919814382698,0.026685515749788058,0.0283968429569621,0.016620485815247443,0.02612388163820034,0.026666908199953543
2019-08-09,-0.008240250890451772,-0.013808825620453047,-0.014334415365835795,0.00273420404188518,-0.0010924966910276224,-0.008495869540137257,-0.025780447946551988,-0.005619735085369171,-0.004724790133373902,-0.021276631132096102
2019-08-12,-0.0025375757318503167,-0.0125360496687702,-0.012111987523132695,-0.0008332725775292982,-0.018771503875132822,-0.013942229170619935,-0.01770646040162016,-0.006422340034546226,-0.015135451639204489,-0.004859593637428605
2019-08-13,0.04234845884141847,0.022085030397553274,0.01892713076609165,0.011293991697827188,0.015415969890772985,0.02069341223787058,0.030373099873290066,0.010514453279696578,0.012872897032919273,0.012351161319067883
2019-08-14,-0.029765213264067336,-0.033645045853565536,-0.02714062184041177,-0.023684614583866503,-0.04152193813957872,-0.030114578374562995,-0.03832119776815435,-0.012452139725881328,-0.028553934496360123,-0.04028933673642632
2019-08-15,-0.004981260914873609,0.007464685662255555,0.004354772981922661,0.002149382281985579,0.0038168142474115374,-0.0022391678351918465,-0.00866246655871905,0.013818200172629913,0.01737280389722473,-0.005912943136400783
2019-08-16,0.023594573082813985,0.009261785673171152,0.008457916973904744,0.006281788222575191,0.0239544389186237,0.018327818166331333,0.07252795340198781,0.015248161222812362,0.011119237229682444,0.015613462917016596
2019-08-19,0.01864436393381097,0.013137538159314621,0.018003572124893452,0.006775313758010215,0.009004953260129955,0.01674827706748916,0.07031868877981484,0.008894128489048025,0.008472523638004992,0.016837238663793386
2019-08-20,4.735575866421371e-05,-0.008116198419710674,-0.01408645859388169,-0.012476439191957511,-0.012696678909307701,-0.008308399630769014,-0.01703940242263713,-0.011144252118586162,-0.0027819771922057424,-0.006047324844642765
2019-08-21,0.010838441962072842,0.012301698764070057,0.006801583645710929,0.00712121972082258,0.0027955464553515164,0.011146603920309861,0.02001519863475565,0.0025230862506067098,0.009484287935141777,0.00999577985918143
2019-08-22,-0.0008465861940328834,-0.010353490725939274,-5.025514173728762e-05,-0.0019769657601365065,0.010314848465782234,-0.007276990100119174,0.0014599654141935758,0.001845788783442437,-0.004697413674702999,-0.0021515478338630656
2019-08-23,-0.04622047748106406,-0.030498806969126657,-0.03184165604828093,-0.026967450154334438,-0.02483446610663409,-0.031862525252940865,-0.05271722443966842,-0.017584999556051084,-0.02698665337952888,-0.02989814513376554
2019-08-26,0.01899927910086352,0.011002318967479496,0.01525677491536337,0.008045563210823392,0.008017712092936558,0.015443393540701233,0.01852970797951481,0.017047488899063046,0.01346805746524704,0.005334304831797976
2019-08-27,-0.011283858056314933,-0.003979912470737479,-0.00030737448365913966,0.014397442168952335,-0.010573504265151135,0.002141264760245676,-0.022061080555567547,0.010308094891188446,0.004448447348784246,-0.009727312936949062
2019-08-28,0.006710514233598808,0.0013735967509673763,0.0025024833528253243,-0.007405199401965823,0.010024348423417706,-0.0013264144836443448,-0.0025984473683179354,0.0070512361558841,0.0016253787082121107,0.007292686154660499
2019-08-29,0.01693168039673454,0.012554889043934425,0.017456802765966062,-0.003419126669774064,0.022659213107576237,0.018884512415298982,0.035851618371922855,-0.001812190256651025,0.013992658366701605,0.011081616997164812
2019-08-30,-0.0012916681362277194,-0.005659435682760394,-0.0031064941834845206,0.0009358447917549029,0.005859813432197214,-0.001882045724716619,0.00305380663140542,-0.007839332872040972,-0.0019318720350872676,0.0007308536588312986
2019-09-03,-0.014563436729646995,0.007628234940805445,-0.017622397406875212,0.0029603078450772813,-0.011833323701015197,-0.013202098744574009,-0.019939146485394965,0.009398273040239324,-0.00895926484668308,0.0011680286873643198
2019-09-04,0.016966188726856846,0.006022901313268436,0.010876096346181807,0.0009319958748450485,0.012066850249105698,0.011687811629138123,0.027959212404562672,0.015243981987373534,0.014341480405058116,0.010647335240476341
2019-09-05,0.019551861726567754,0.022270161635782326,0.025307209286428156,-0.002172988993176972,0.02275422447235731,0.017583379505557772,0.06506269080608029,-0.003652276062109272,0.01628425730918326,0.014143630151152164
2019-09-06,-9.393183230610447e-05,-0.003916990505865581,-0.004842473412209336,-0.0028774270848204164,0.002135943243934957,-0.006782796575895089,-0.006064416550219165,0.0008958727064818373,0.005467661967968329,0.009392613126807614
2019-09-09,0.0042671854038420776,-0.0011780869502403535,-0.0008705690799819532,-0.009827737715919604,0.024775779682038257,-0.011358845021264163,0.01035563757686142,-0.005697056663079292,-0.022558453493243813,0.007894879352345674
2019-09-10,0.011812859441178158,-0.005897299060526495,0.0003569224662096637,0.020480580570827467,0.012738222909731034,-0.010471493397707365,0.014847227982856426,-0.01874422934910469,-0.02864242531362715,0.008113040350499867
2019-09-11,0.03179526408308342,0.0013402724765312346,0.01186029361256935,0.012504875039273555,0.002738162218707929,0.00029363884469368884,0.006278224370178664,0.011594981646058766,-0.007768359145237103,-0.0019424462341083304
2019-09-12,-0.002236176346638863,0.011278173776551048,0.012270542074544366,-0.00564150192421442,0.006143963429083188,0.010285646834391038,-0.0003253347568638043,0.012368884379522882,0.017144470845925852,0.0006953633102599888
2019-09-13,-0.019454204376466055,-0.0022835833039022146,0.004097233683238555,0.0026835403017904103,0.01967595362560637,-0.0014544689615922923,-0.012644368705070241,-0.0052942539772490305,-0.003989045621352383,0.009168754598867457
2019-09-16,0.005257126771234466,-0.01712575737502442,-0.006773919092475711,-0.009481663395288775,-0.008899668483767442,-0.0072094536056999114,-0.00950884139509145,-0.01940710106094523,-0.006543670400766866,0.015005703539496817
2019-09-17,0.00363802191309448,0.008136828085409498,-0.0014210688407517713,0.0010034090634800652,-0.004951426839473805,0.007774940765099991,0.0047722616777192695,0.011774458998479398,0.0019302795395732542,-0.007595341615429407
2019-09-18,0.009379435212531817,-0.0027928049815375555,0.0022523254075434984,0.00570690421368214,0.010036433039319004,0.00822507525623184,-0.006019977751610783,0.0020633150690025914,-0.006573900755533102,-0.004783429052078847
2019-09-19,-0.008124967372616254,0.002222836785043869,0.004948676163092802,-0.0023003992360821623,-0.003173178281775768,0.018408881444862413,-0.016890702444983696,0.004036089403966825,0.0038223490126922943,-0.006728860522302593
2019-09-20,-0.014618095610336335,-0.015009572450642827,-0.007192753350242054,0.01183605185227754,-0.004020964302343555,-0.011554778274027067,-0.024019454414970776,0.002789257639769449,-0.010797850476279125,-0.0034561597694282575
2019-09-23,0.004546971274947742,-0.004938252915601793,0.003943653297974858,0.000683598668484553,-0.00016813630537493296,-0.0021511409096611755,0.012450579682387275,0.008016775145288202,0.004883177507761793,0.0006934140795906707
2019-09-24,-0.004755197231184449,-0.024472096150627953,-0.013250346454012796,-0.0014421436122057374,-0.013038149776530727,-0.012649700520383167,-0.013212593295186092,0.0031648924766236597,-0.002458011712952235,-0.01372514518241652
2019-09-25,0.01538954238625223,0.015342109540061655,0.022662165935708467,-0.0042568990664784145,0.005710355031688152,0.014412970931065416,0.03303777424109722,-0.004772872640470549,0.004584635611083909,0.0029517953127360386
2019-09-26,-0.005157615077961197,-0.01611124135996367,-0.0029295898271534115,-0.016337384284408563,-0.008220298917560709,0.0012916112562764148,-0.004993512945997036,0.010486165603858844,0.002111163588228937,-0.005325910123446187
2019-09-27,-0.004865872587357156,-0.008270849128875435,-0.013152991045071283,-0.0019400544445711265,0.005895737765751141,-0.01297130211564701,-0.031464721312391086,0.0020913789061700605,-0.009393892985027796,0.0071865367239194455
2019-09-30,0.023535256817956096,0.006062217161457495,-0.003923518635018386,0.006065247807010454,-0.0002548881317392393,0.009438872650836538,0.013448853285064066,-0.0015253883138390822,-0.01143657022709521,-0.012171367719549409
2019-10-01,0.002768222297649281,-0.00014978297291068365,-0.012398323660917976,0.004714832627031207,-0.01818341194841866,-0.014097684796416599,-0.00040218625226595694,-0.00426099891256515,0.013255007863731905,-0.023509656427685544
2019-10-02,-0.025067626261625953,-0.01291737598591125,-0.02328350123446321,0.015462920141485093,-0.019904576018694664,-0.017655509849869966,-0.005517364788928281,-0.022365601923244105,-0.02558957513474136,-0.026105709619267503
2019-10-03,0.008494392493595626,0.0065315416415505645,0.009771337783808676,-0.006136352457571603,-0.0014240885101387546,0.012105885979355024,0.0477925025626007,0.005450789456242777,0.01790026954965729,0.012360321050539413
2019-10-04,0.028031784800616855,0.008831925999802426,0.018101192837410407,0.018827512723092132,0.021659710388303388,0.013501229999289155,0.003640090438476351,0.018564376670054505,0.017990354446801637,0.014563180998622638
2019-10-07,0.0002203817496198024,-0.00401799145160453,-0.002237874034921594,-0.0037407504701739702,-0.0021811743386813687,-0.007240053648095102,0.01296917677728171,-0.009354986114427755,-0.0061373277934118065,-0.013774348757179866
2019-10-08,-0.011714882831930118,-0.01566961490022023,-0.01499696035968856,-0.009913040499560322,-0.022296038855826983,-0.01057451471139248,-0.038517594059912175,-0.015548839003621695,-0.014179374827254176,-0.019405855289389096
2019-10-09,0.01172015103901991,0.009662859223618092,0.010309746403559972,-0.019872521611037697,0.0072439288740944185,0.018942980279694765,0.019635084762560373,0.008682900743164801,0.014267793392210404,0.011094612297780415
2019-10-10,0.013478488330106009,-0.0010046756673366408,0.005879944507519497,-0.0012381875604352555,0.014027941451441261,0.006221562858933494,0.012838335739189022,-0.0003277539022851217,0.0,0.012010505109972591
2019-10-11,0.026598055212445404,0.006778047269550891,0.00515934458612799,0.01758869756092163,0.0168987739232902,0.004169338535827016,0.016172305459167813,-0.006970856322827457,0.012465580799430942,0.010696075477220512
2019-10-14,-0.0014393400558585512,0.002604069615361304,0.001694450492611299,-0.004644685969888873,0.0026694592032521225,-0.0009305708347620012,0.002903118034227381,-0.008588717694152592,0.0016943792387176249,0.002899130740431355
2019-10-15,-0.002331724090317455,0.017823932579885904,0.020094032941994966,0.016217761672547626,0.030141401262053336,0.014474946591773952,0.05275330782963206,-0.02374027542722701,0.007836971209156607,0.0034693783605725947
2019-10-16,-0.004037292429664885,0.005686324313618707,0.0006119271137554616,0.017539856513229424,-0.002334190776737688,-0.0081941086166738,-0.010999815633533472,0.0028159694236622457,-0.004922836739993719,-0.017142071156295402
2019-10-17,0.003883106325082819,0.005654258700535264,0.007884177480871557,0.007398128856260788,0.005598395971001979,-0.005127811142618732,0.0004118768398302386,-0.0013186244737626307,0.0003930385897998878,-0.0013190745883678856
2019-10-18,0.004802965901838929,-0.016766587598934568,-0.006697007165293201,-0.06220168076874888,0.0017449510647147282,-0.016321570288047038,-0.01955851583432866,0.007202274142725784,-0.012531709244116396,-0.007777941319284221
2019-10-21,0.017342404700910974,0.01601690499181374,-0.00010453152188250048,0.0025059232746886817,0.024800809157667247,0.007422917960094866,0.02897802669108862,0.013705468381709274,0.004097443014394075,0.01671338265752853
2019-10-22,-0.0022868056880352983,-0.011161118465189634,-0.00247530540313734,0.009217354562059743,0.0100365434705747,-0.014880950988022779,-0.002040374620380092,0.02603280288982268,-0.031570759145254534,0.005091550132590994
2019-10-23,0.013418926752015059,-0.0020161792094772757,0.013237157880042982,0.005417891041282763,0.0026443684915038457,0.006379564868352006,-0.0026585774574300336,0.006711697781635273,0.002692274134759698,0.00955273176776239
2019-10-24,0.001644775954807498,0.010560886524610735,0.001176868406356002,-0.018475801099105293,-0.0007192431130347288,0.01967380278398867,0.00907276384945499,0.014552779488426815,0.028251483910898045,-0.009462340566435912
2019-10-25,0.012316280780755307,-0.010922221117825037,0.004121930604998436,0.006666761876240157,0.007997988362716146,0.005645042653221077,0.03901249235628024,-0.012340775028075401,0.009593301150539801,0.0023158817860200465
2019-10-28,0.010016976736349603,0.008942089145920873,0.019520531807861508,0.006466626747625437,0.0038086023352552623,0.024585878105302772,0.011000419512295911,0.0018662918960175023,0.0111892675225298,-0.008808833618634715
2019-10-29,-0.023127851590326487,-0.008086279290598686,-0.021970663345280528,-0.0004644463275103039,-0.000632310756345289,-0.009431845971228814,-0.018714883774728186,0.0009716314344101473,-0.01228845823726299,-0.0029133414786286504
2019-10-30,-0.00012335467780655307,0.009803069503577566,3.168789898366775e-05,0.028810405810869355,-0.005536669046731002,0.012462269867026476,0.00039429233465626545,0.010841437494358619,0.009120069923060026,-0.010520441381898449
2019-10-31,0.022609802962797687,-0.0018707552680410355,-0.0015071117541834989,-0.006022229705106685,-0.006442216000855372,-0.008574937231970226,-0.009753470565734945,-0.003441701888593718,-0.002175799061468364,-0.0022149379986835527
2019-11-01,0.02838061445262907,0.008318962677863917,0.010684757048379678,-0.0063617569958014375,0.02305473470404018,0.002441492194477979,0.007809976869443069,-0.005140057932599418,0.011573343995081142,0.030042790391350493
2019-11-04,0.006566907943491795,0.007379573116068405,0.013645112960996908,-0.007393341807740317,0.007981099686296345,0.005774827809468253,0.039044417536421294,-0.038750371760242874,-0.010943740775527844,0.02974183106301842
2019-11-05,-0.001436698547438886,-0.0016346467664720699,0.0014190125236583917,0.00145886507514148,0.0021737904890439808,-0.0006223383382603087,-0.00422799877582003,-0.0014275468986679751,-0.014417441878048831,0.019812597302763635
2019-11-06,0.00042762590635714304,-0.003296920048778351,-0.00033274956634676833,0.0041406979870561855,0.0015488869557527263,-0.002769078352236387,-0.009446170992857161,0.01194266739380967,0.0022679809050552002,-0.02189076804454726
2019-11-07,0.011541273057903645,-0.004215398090435696,0.012339083972915388,0.0035889469030656596,0.005413845373895221,0.0013883275027251063,0.003419500695207356,-0.005817778301448695,0.00939080896233424,0.021261848194718214
2019-11-08,0.0027368806667276147,-0.0012974492684962868,0.001575876034069168,0.011945354639895323,0.002923141289334019,0.011784310856909785,-0.002687782434372954,0.0006687819083333046,0.00302648363881608,-0.018990763460597693
2019-11-11,0.007918858823115382,-0.007968083918385438,-0.008189094535507535,-0.007669365146996121,-0.003528233290736482,0.0010280243157045899,0.0019251638070683086,-0.0030909833738634873,0.0031850171154743645,-0.006076236258778844
2019-11-12,-0.0009152209397718103,0.003584284648149527,-0.0008243192192777249,-0.004773226784085982,-0.005849602790324981,0.0065700934869530325,0.006868973407843537,-0.0005028618678752927,0.0011140127030089264,-0.013790150527395628
2019-11-13,0.009581436465691873,-0.013998865975055064,-0.0007940262077303917,-0.0006091944462415233,-0.0052651771793343904,0.001631939943552707,-0.004961561339072995,0.01157036055736227,-0.0018361512715687756,-0.008216652653645129
2019-11-14,-0.006919455293234789,0.0008499299602007238,0.010006195974505028,-0.002361340596374051,0.00093431246430975,0.0050911459492992694,0.005849150238634193,-0.001243512336321917,0.0035731182625835523,-0.004360573248587296
2019-11-15,0.011879266815984835,-0.00861165809356279,0.0186305999305052,0.030390953505553764,0.007231529885887378,0.012900399863823964,-0.026693244954578366,0.000332284729069654,0.00011152085093080188,0.010072848358203101
2019-11-18,0.005042278251509602,0.007496454800304697,-0.010273271278591345,-0.0008152976916777632,0.008415308568097357,0.002466995484195156,0.03961982879190429,0.011199511120494776,-0.0006122292186194755,-0.009683582568222437
2019-11-19,-0.0030326050408208127,0.00014836251405148104,-0.005493207117597154,-7.407303833484313e-05,-0.00030645093838077564,0.0003323680832694187,-0.020209011529933707,-0.00385594851340354,0.01731049729675571,-0.010215581344706903
2019-11-20,-0.011641550663375577,-0.004142042998724227,-0.00817455245553822,0.008307231339663712,-0.007274942009490748,-0.0017340941477095306,0.015337122366843703,0.00716521197298281,-0.00607305543889014,0.0030964555973720387
2019-11-21,-0.004483361969595423,-0.006198694786181735,-0.0013211725077871828,0.003678145927615173,0.0023139716362132745,-0.0009356056870843954,-0.004735331734103676,-0.01594585308285068,-0.009743472775210371,0.024106721297885825
2019-11-22,-0.0008775565575407374,0.0063469584412145785,-0.004976491612486256,0.01194659791265651,0.006618929433039877,0.0007354060769810822,0.0033782882803563563,-0.00041527314723854847,-0.0023348721125452387,-0.004305975054540445
2019-11-25,0.017533751706614975,0.016107946060534006,0.009252614241929136,0.0004378054788893859,0.005352308414940943,0.010963202762490631,0.04893562503271198,0.0018288876511296515,0.008358051977827019,-0.006630964757140312
2019-11-26,-0.00780892931919952,0.013022581087476892,0.005637135696966444,-7.276920444554413e-05,0.001368868097534559,0.005290013573004959,-0.019032018808651796,0.014521364450120089,0.008730525099961639,-0.002467128672005492
2019-11-27,0.013432401620441903,0.01200372676735717,-0.0006625439106809905,0.004228311650904537,0.002962068132399187,0.001907485923996255,0.006456649518347568,-0.004089501531844286,0.00997005961019437,-0.0005820808278641509
2019-11-29,-0.0022030284840725,-0.009738720787676458,-0.0061274614760555846,-0.0018874189441513423,-0.002271874769863347,-0.0061709679220942615,-0.006873157900426863,0.002463835602339648,0.0007591767527523885,-0.008296638702136927
2019-12-02,-0.011562156868950901,-0.01066191775556835,-0.011678752673564996,-0.0009459257933172038,-0.0022008911039367307,-0.01208896541877058,-0.03455786984898357,0.005407248650360463,-0.01474142679683832,0.004256426570568461
2019-12-03,-0.017830058057389908,-0.006533461163659049,0.004562234724629688,-0.001455870907814849,-0.0128545785487445,-0.0016049397907414997,-0.007598294634927671,0.001874205468006318,0.0006047228352206169,-0.007892417111254213
2019-12-04,0.008826439207155978,-0.005237417464897476,0.018690992076811463,0.016185353224176025,0.019725657228343962,0.003616676214772685,0.008475352042746298,0.0128509041981828,-0.007146567602560827,0.011343838027003228
2019-12-05,0.014671145715956069,-0.011478432267733929,0.006080651441344731,0.0012915955729941864,0.0054403729615255525,0.0005340884828848314,-0.003246898075630389,0.0007226152811403708,0.0071425106756166645,-0.003496392924054903
2019-12-06,0.019315764496336207,0.006389039145533015,0.009367245441668226,0.005875654748348946,0.014880636046708862,0.012139020575224313,0.016431740015138585,-0.003450539229261529,0.00153993504536043,0.016079624918516444
2019-12-09,-0.01399971469753547,-0.0011931926776630464,0.002687952371511315,0.0008548212988235271,-0.004665392139283742,-0.002570309883869637,0.0,0.00547564112791088,0.004116735071241218,0.0021579065220234117
2019-12-10,0.005844628656305195,-0.005887355634324631,-7.462120282963891e-05,-0.003630098878656729,0.000669531294958503,-0.0015194127454275508,0.00853098222018911,-0.004805302008987322,-0.003608195798979197,-0.008613039953004331
2019-12-11,0.008529155993028947,0.005467935101741261,0.001013135802038878,0.007072005764182432,-0.002378925382308661,0.003771574858674187,0.01570215558276744,0.003138343412159017,-0.0013715679008555748,-0.001447978152512741
2019-12-12,0.0025485497379613697,0.00663920342821922,0.0031537121765539133,0.0025531613859588465,0.028618226193052765,0.010151831621161511,0.030965419432938734,-0.0007217176880977005,0.003461558459260994,0.02001138521470236
2019-12-13,0.013592956095094921,0.00034646559584494696,-0.001201284779951295,0.0002834790942729537,-0.008766664980807581,0.008417993794872736,-0.00035706853156147744,0.0072246987243187455,0.01368801325126423,-0.015780256930260195
2019-12-16,0.017117889349747673,0.0046964185941400505,0.010268062517251542,0.0028996854319021104,0.0038739668906744296,0.006471305323392906,0.0051786151651185275,0.0007173450038266971,0.005941434407598534,0.011122185475467727
2019-12-17,0.0019654404859685837,0.012123992912275838,-0.0042695508808981986,0.012483540895295464,0.006116149461785181,-0.005401049094030275,0.013946459438531011,-0.001991260277593665,-0.0038659195416653747,-0.004571294216341948
2019-12-18,-0.0023897603969490477,-0.00370251419034362,-0.002199659052846803,-0.0025772574446133456,-0.001013633002101444,-0.0020687803462423604,0.0053441544015457865,-0.010374036657139096,-0.0033422121794630666,0.0027265031175325305
2019-12-19,0.0010009782158422187,0.004624344595139496,0.0033509435887297823,0.015084892744902767,-0.00499824491874179,0.008680747990508442,0.02592464748767842,0.007337935322012656,0.008869859931515567,-0.006869955990989385
2019-12-20,-0.0020711147987244605,-0.0032249589345579865,-0.0038484096569093573,0.0048847479355327295,-0.0008008512237200893,0.010917641487556029,0.016605928107291668,0.0035222771707215106,0.007826780266226852,0.007926228675499525
2019-12-23,0.016318300616694925,0.0036384504756830083,-0.00043645575596396036,0.002601301695094982,-0.00029153632690326337,0.0,-0.0022979677938322896,-0.003669257001811088,-0.0048934465823973206,0.005004232091722516
2019-12-24,0.0009504914534967934,-0.00211376350409187,-0.004590656315568875,-0.003482479302236885,0.0027697403039712576,-0.00019063843262601132,-0.0008374982008286791,0.002561967660259512,0.0026188839054890334,-0.003841114833890602
2019-12-26,0.019840735189740055,0.04446651549531899,0.013418234839204901,-0.0006850609216678683,0.010612070271999396,0.008196656575638839,0.0023891961164168585,0.0,0.008477017445268409,0.0015711138004794734
2019-12-27,-0.00037961425553156847,0.0005511476895359024,-0.005746615399338406,-0.0005486248523927095,0.0007192091601699868,0.0018276618167416547,-0.009699530132395329,0.006947556907917152,0.0012159017435107167,-0.003422315478123772
2019-12-30,0.005935228343139309,-0.012252649580489328,-0.011021348358019711,-0.003087458137342458,-0.0036654481603516365,-0.008618157933859893,-0.019208938527218056,-0.01284765200481075,-0.008237293334394602,-0.005866456600280734
2019-12-31,0.00730650095585661,0.0005143848474418178,-0.0002390047749246671,0.003922833405954007,0.005554459906500275,0.000697867585848222,0.012827420958243962,0.003454625111207088,0.0003729365193447798,0.004318044452926939
2020-01-02,0.02281580399790628,0.02715061035487687,0.021868418254905597,0.0006856556959042859,0.012123258276767412,0.018516061870675893,0.019591532409307,-0.011929578026400378,0.017136688981486126,0.016050373588301303
2020-01-03,-0.009721396882292899,-0.012139034655920922,-0.005231502388103881,-0.011577708251838015,-0.013196245546901686,-0.012451683622435095,-0.016005756776205304,-0.006725586695040087,-0.007952958739196214,-0.008039483137590064
2020-01-06,0.007968346026861362,0.01488557393050649,0.026654170669184962,-0.0012478570162094416,-0.0007955317567712727,0.0025844655465483424,0.0041936110851092945,0.0013868899262918788,-0.002162600948778959,0.00767800378874095
2020-01-07,-0.004703396291490747,0.0020916204156393725,-0.0019316812576147813,0.006106629770873839,-0.017000405726691814,-0.009117624100938304,0.01210663882277574,-0.006191458671074068,-0.0026428238519626834,-0.008184159665858282
2020-01-08,0.016086291266786734,-0.007808640261289357,0.007117688645231546,-0.00013764543405525576,0.007800985054564613,0.015928643120745933,0.0018758327140653286,0.004262664872992872,0.01711806123287518,-0.015080018441420928
2020-01-09,0.021240792368791395,0.0047991747864684076,0.01049792388369708,0.0029661161645455625,0.0036513138695517533,0.012493006028050146,0.01098231753113832,0.01093774845886264,0.006929789549226406,0.007655158460724953
2020-01-10,0.0022606168419689876,-0.009410596802031268,0.0064588850817211,-0.002269361942814019,-0.009968196393839057,-0.0046274571353226435,0.005349142676140506,0.0009688740852749067,0.002690865763932182,-0.008887662942622998
2020-01-13,0.021364384722869945,0.004322578245699482,0.0077467076842461235,0.004411792667906811,0.00830467189231876,0.012024530105447795,0.031352600498928185,0.007340666869516621,0.008051015808505424,0.009546149165479356
2020-01-14,-0.01350329591601862,-0.011558211718052602,-0.006555394645511914,0.005627984477863057,0.01166179913616694,-0.007043143281233566,-0.018652221332486563,-0.0015215176764490357,0.003686012311641118,-0.008595983506050953
2020-01-15,-0.00428554479933807,-0.003969126548924895,0.006018436667763805,0.0033441916191254695,-0.014985436907101524,0.006476504414047124,-0.006915406047388717,0.010185319565455764,0.019127531034008216,-0.0015895833643981838
2020-01-16,0.012526839520880406,0.00854991102959346,0.00761554046024604,0.008094920159432029,0.003876494623671567,0.018323272389964007,0.013682710193172687,0.0008732807908915508,0.005756076727741144,-0.003907903138181679
2020-01-17,0.011070880527225047,-0.00703966144232826,0.020245876988896017,0.0065450809746165906,0.006921530197148584,0.00559668960564963,0.0014059234185153091,0.0026969930901585837,0.018661359101118657,-0.00377805072771642
2020-01-21,-0.006776968326439481,0.014629525206926841,0.0018451850803666847,0.000670487381447149,-0.009840646830714728,-0.0035907993771864266,-0.005375637885200235,-0.002531790861743377,0.012652473713663737,-0.01429398875965826
2020-01-22,0.003569515794732192,-0.0023995494624704516,0.0010928792627535877,-0.006833520090681278,-0.0011692873610311683,-0.004804760027157684,0.008752073981429964,0.0017449752377498573,0.0029427004348847596,-0.005770908071448089
2020-01-23,0.0048157164563586985,-0.0015259112256781338,0.0005524307627891023,0.0018887196774797221,-0.0010243654672743574,0.006155477387052244,0.010995304150367868,-0.004571379930425112,-0.00663765330052668,-0.006251055330768862
2020-01-24,-0.002881933035669526,-0.012172426638861644,-0.012473790875709767,-0.001413777120299775,-0.024827988356704744,-0.010076886656810169,-0.00941237569424569,0.0012001087927040466,-0.007360068066271097,-0.006739377974661287
2020-01-27,-0.0294051200472617,-0.01788746376771211,-0.02348964820072741,0.0028991689935593534,-0.008411506292724247,-0.016722916039472957,-0.04104100478188222,0.004395052866107418,-0.016146333368891375,-0.023823890422843608
2020-01-28,0.028289397387334825,0.01362436592451366,0.013109808841809567,0.0050419637662348915,0.018177674237767727,0.01959617182179052,0.03234770972941248,0.0027052390757165146,0.005751434609075012,-0.0013901869481495188
2020-01-29,0.02093214737043847,0.0025630978623367717,0.004274474406589901,0.00695679755166867,-0.0014877285404982787,0.015592372396864729,-0.009799194488204543,-0.0076968027689060525,0.009908750415301038,-0.00835281256261744
2020-01-30,-0.0014490798743258537,0.006824489189870775,-0.001681757287359531,-0.0011956632393980149,0.012367049558018817,0.02820759034325193,0.0010993312844043146,0.007116660321119017,0.01635244664007862,0.010606668211890602
2020-01-31,-0.0443387390771256,0.07379135586484753,-0.014763612721208297,-0.009909741694108742,-0.025977129715645364,-0.014758580380963227,-0.038159499713646516,-0.010559645457477118,-0.04437817987281578,-0.041209922719223746
2020-02-03,-0.0027461355792621767,-0.0022501685803328897,0.034771488904776104,0.008732428272603787,0.007630782465657848,0.024378809277848967,0.016495365777018378,0.003931922875221705,0.009247545025573123,-0.0223758398721019
2020-02-04,0.033013683403599,0.022687342140775613,-0.02508449825604242,0.009522522490195584,0.014395975876603462,0.0329165125388744,0.028294507625491017,0.004396106448577575,0.01369474256195713,-0.012514616675938672
2020-02-05,0.008154060577109101,-0.004781236737139594,0.00044284074134814944,0.015765084077556724,0.017000689036706484,-0.0012212420660042689,0.014688439702665423,0.009151633874906251,-0.0036843862265820704,0.04602295018907099
2020-02-06,0.011697158784168105,0.0050787328892443195,0.020690819582568354,-0.0029871931344971347,0.0001452575351115204,0.02073365016597606,0.013917623640346655,0.002602346121407084,0.001133987384025703,-0.013550189347286246
2020-02-07,-0.013592760736375609,0.014169136390608683,0.0021274736130900695,-0.010681619899444827,-0.003197433023064633,0.0014159939274360767,-0.010461822462193071,-0.008337354495718152,-0.0014776234291492552,-0.006625587834977575
2020-02-10,0.00474948711977885,0.026273579599096486,0.01997836036691636,-0.000197886837951744,0.004155709091277826,0.02615709125013188,0.04523247991923096,0.0007136983659361551,0.016030486862073312,-0.010561106733583236
2020-02-11,-0.006033276195568371,0.007915025985726132,0.0009280371712814262,0.0008562960977844813,0.0018871435444702822,-0.022575756162979466,0.018709153258854805,-0.015930634560750057,-0.009952026300752759,0.009506413799480695
2020-02-12,0.023747693035478745,0.004277469597884664,0.0056751982216149965,-0.005921463142147365,0.0,0.0014639503431403966,0.017357863313145483,-0.005718272408892999,0.017162002439766733,0.012225346516267832
2020-02-13,-0.007121018779750354,-0.00468981707537619,-0.0034504748546353436,-0.006618763170504471,-0.0008692832990541133,-0.005413688302047914,-0.006457877855779559,0.012231438294339592,0.001255016095739414,-0.005549314491126944
2020-02-14,0.00024632053831741274,-0.006977166077050345,0.003528539372473549,0.00026664839518675265,-0.00304608838824294,0.00892703217038937,0.07020456253503471,0.00944305087473074,0.013934336395594826,-0.004595340968927664
2020-02-18,-0.018310375175759286,0.009742990607446878,0.00046727697837822824,-0.006594412169649733,-0.013240265702781029,0.010142819693946592,0.023396295405633483,-0.010068143515696404,0.004327443147561061,-0.01269586007053869
2020-02-19,0.01448270416464692,0.006749650094826309,0.003573657846956513,-0.0013410608912926003,0.013639174301560697,0.002999196552945671,0.061132133805452016,0.004564938822233522,0.00999057445916507,0.007681881321270456
2020-02-20,-0.010259050548065751,-0.007888626914309249,-0.005167506061247273,-0.003827024149926639,0.0,-0.015271249729231662,-0.019065513825252567,0.009087748520117733,-0.008719730526771996,-0.007954648828873201
2020-02-21,-0.022635228372572702,-0.026533823330561868,-0.02210309847463532,0.010514364154555533,-0.01221930802534088,-0.03161279064824318,-0.04739253033383295,0.0009482389731654273,-0.012485267122089638,-0.012195020382801403
2020-02-24,-0.04750008278406448,-0.04135555023463999,-0.04287279901848717,-0.020607014731688245,-0.026875870341848684,-0.04311554580111243,-0.07069736204486321,-0.026835182473287755,-0.04798612436153349,-0.04684597170888427
2020-02-25,-0.033872416396089955,-0.018190498951138112,-0.02362174844935283,-0.008635124832206742,-0.044642810772572705,-0.016501631821964957,-0.041093312539671634,-0.015166204203136857,-0.0522661641943335,-0.038325287357451554
2020-02-26,0.015863709951951632,0.003472315416060967,0.002993381625120639,-0.006706134668022834,0.003009771349506085,0.012494608612829028,0.021369854069263505,-0.01045858976908387,-0.006316426436690281,-0.021955723962832296
2020-02-27,-0.06536809402527566,-0.048136265467272676,-0.05431259217418538,-0.0317371057368957,-0.041613995522352454,-0.07045874875008395,-0.055665729840835176,-0.05542630377864732,-0.038459462591213134,-0.060177122634967106
2020-02-28,-0.0005847816722652777,-0.0002918467224900523,0.018479818279582005,-0.033352394453774914,-0.04333861546923701,0.02421271676488823,0.06916075086482065,-0.0023788799115626036,0.009721730074767398,0.03251710950670561
2020-03-02,0.09310035978005993,0.03726611425327642,0.035146692451268224,0.041195601076880806,0.04659365087760503,0.06653932605929169,0.023549721477385432,0.055903955564752916,0.05815360163193306,0.04743394613132734
2020-03-03,-0.03175917039514031,-0.023009811402324054,-0.03505711043898119,-0.031638354363802024,-0.037524631910172856,-0.04791966954188043,-0.038129026365501084,-0.011626085257510077,-0.034316267821824065,-0.047884264102102
2020-03-04,0.04638435714938005,0.03501322901563819,0.032802267847480415,0.05819012181721783,0.024709247331688333,0.036715395916223414,0.07002898263161828,0.05356701664309549,0.04608856024181973,0.02183219085632282
2020-03-05,-0.03243677072098983,-0.026216794314283476,-0.04837874010905119,-0.010245184364235937,-0.04906131552970072,-0.02509562201172366,-0.03943624693972081,-0.02305231016950049,-0.03772683340743965,-0.044067088640549756
2020-03-06,-0.013280029364440504,-0.011922924014239333,-0.014466414204303946,0.00014072009450361023,-0.051680232577489216,-0.028266979537194703,-0.026528697936417545,0.00024687274319923347,-0.013906756776601581,-0.04829365474969205
2020-03-09,-0.07909182332416909,-0.05285383245165354,-0.06170223660665175,-0.03935780858204074,-0.13545531929685528,-0.0677723782600157,-0.07743198004771601,-0.046030035675325265,-0.07176172386549351,-0.12224796178951969
2020-03-10,0.07202118083537146,0.05065506668458686,0.04884068231661076,0.03811178499122603,0.07769700022732584,0.0683836851677202,0.06372228704237282,0.03868698918054525,0.06702510371423642,0.03702840644220218
2020-03-11,-0.03473063999914938,-0.03750889642974897,-0.05040126139871015,-0.06947167260266673,-0.04707062171695087,-0.04530190432001879,-0.05595956876897701,-0.07432619516223216,-0.052847766838846955,-0.03294187155727457
2020-03-12,-0.09875459928265762,-0.07922082514747941,-0.08204629695077703,-0.048482601272667014,-0.08242998839480842,-0.09483813254386253,-0.1223680020608745,-0.08737339717575066,-0.07441497423769394,-0.1143403451774726
2020-03-13,0.11980830894649497,0.06464833687376514,0.09241149747719302,0.07080765298036829,0.18012487532775823,0.14216830927258606,0.11340211027992186,0.12009048266488964,0.09838861035629387,0.025282403996185865
2020-03-16,-0.12864711171264342,-0.053697516604298,-0.11634153668218139,-0.05331734946155464,-0.14964865684434925,-0.1473899393125112,-0.18452093875370656,-0.04882979071782878,-0.1354718969457236,-0.09522542568061798
2020-03-17,0.04397021643503285,0.07026613247879654,0.041994451670836375,0.07441183565042175,0.06111372879294441,0.08233646489642954,0.10626254470412033,0.0897698875382793,0.03868187169825266,0.06726573846529194
2020-03-18,-0.024480039756004546,0.012257741060410998,-0.024032769755786165,-0.011933344371468091,-0.10526892201945326,-0.04209632042298961,-0.06650695733517942,-0.006681546964466101,-0.05959850799005795,-0.10024450831051224
2020-03-19,-0.007661938381620659,0.027830613766863133,0.018768564303619284,-0.058609954983594226,0.016807843567030245,0.01645347557284116,0.05004447648049126,-0.056364402095032795,0.025390446733954297,0.03955313686006634
2020-03-20,-0.06348552893084092,-0.018522798541689034,-0.03909425130033528,-0.056355869671524506,-0.021101921596296203,-0.03755886391986052,-0.033901789749709366,-0.07579167286539112,-0.03559909637458414,-0.0490849182549401
2020-03-23,-0.021244338116329198,0.030735291504301987,-0.013181048268350426,-0.07298337405795918,-0.05353310789654275,-0.009974471344931457,0.03373045729430513,-0.046177841587827895,-0.07552956043380221,-0.039401411949427256
2020-03-24,0.10032560754909192,0.019586561347294085,0.07198354992174671,0.07234112221267752,0.11894202599282044,0.09089546565068596,0.17156436464586378,0.05701130984041636,0.13842646060471653,0.12686777355355772
2020-03-25,-0.005508673650306828,-0.027967604900146936,-0.025123684642697097,0.0018459621424704586,0.03731775650634184,-0.009572461800552157,-0.014286771588142733,-0.022756120913218214,0.04691597162690386,0.05220128744253305
2020-03-26,0.052622825714706334,0.03693312450375408,0.05564522237044023,0.060050138754514926,0.06966093766875603,0.06255090284234122,0.04730869572750884,0.06401125245255246,0.0438870146446273,0.04102960133549671
2020-03-27,-0.04140234955967459,-0.028325389436650084,-0.04528246464343744,-0.02694147382006562,-0.0712393196613954,-0.041060713353571865,-0.017531950170485144,0.02598260025741328,-0.04334449134179186,-0.04817099629574617
2020-03-30,0.028538232892789672,0.03360354691971379,0.03246983689896932,0.07997683885436913,0.0260069664808964,0.07034088298879992,0.05088392282887466,0.043841145941066584,0.02482060793376961,0.014885103911224773
2020-03-31,-0.002040680778450321,-0.007245622950859176,0.013643857162118467,-0.014133990885874193,-0.037112323638586964,-0.015727419394702458,-0.007492762938739461,-0.04347833520083322,-0.02687688184208159,0.012533192221697798
2020-04-01,-0.05261716848106568,-0.02155179126735396,-0.05150836788320545,-0.017692308171439297,-0.06297926381346608,-0.035508535259012874,-0.07788306086516372,-0.006090811925190898,-0.04971465873327163,-0.01158812644597107
2020-04-02,0.016686690213903344,0.005834205106051371,0.013546899778950072,0.03369277526024628,0.03734041952999134,0.02070897954967621,0.051014092238385045,0.04637336737427167,0.02795411293989991,0.0764722240765483
2020-04-03,-0.014371495232286868,-0.0063788821910731874,-0.02178095359501664,0.007660751599769755,-0.029558071174629164,-0.009210304209932962,-0.045249848718428964,0.005943884741021588,-0.0351991793940607,-0.0294553849164626
2020-04-06,0.08723740958972104,0.04772922477644714,0.08281329961106221,0.0416635467808697,0.06436665949901754,0.07436790311955321,0.10040565464274609,0.023722806147524755,0.11583779443761277,0.032134493161928956
2020-04-07,-0.01158235234337035,0.007013456003121421,-0.0005325916559208999,-0.016313599919792976,0.013190023604640944,-0.010770448491242979,-0.034910471420072864,-0.04278082370822767,-0.005016332189566652,0.019026413033422118
2020-04-08,0.025594717595483596,0.015609461784076739,0.02066693721578927,0.042042653191563195,0.040379703882565954,0.010031451120492418,0.030575469153176327,0.020661665251321182,0.03766531817526353,0.06328821630044001
2020-04-09,0.007216005635017453,-0.00011748445832981957,-0.0003560920630625297,-0.014170180261710685,0.0897136192354302,6.0442776483871086e-05,-0.014983867835750675,-0.0038228031809176555,-0.007145406792726128,-0.016419675772988085
2020-04-13,0.01962784515896221,0.0617350661426328,0.003182494443329409,-0.01033791115333893,-0.04447243725190497,0.002240244345627529,0.02624055450417262,0.011250617482746694,-0.027059570204623018,-0.008578718407914687
2020-04-14,0.0505028354250594,0.052769449861283624,0.045290551571757875,0.04478764007459657,-0.027396010786028824,0.049483539772500196,0.05225120326791588,0.043208353632505636,0.03331573899344642,-0.0077173810250341646
2020-04-15,-0.009127106111278982,0.010668695718768717,-0.006267663105883892,0.011162420536541928,-0.04931924845718527,-0.010477860542767892,-0.010952520063292948,0.002149493608592179,-0.0495937498828779,-0.04595799165492065
2020-04-16,0.007945693409504573,0.043554542393708484,0.00010333741907930794,0.013612171455378741,-0.038109764651920064,0.030020887084334147,0.04935190731440109,0.002309874210938645,-0.02133036578638947,-0.032855780458208916
2020-04-17,-0.013568285745688025,-0.013782136130354505,0.01715407547479808,0.01570093580347187,0.08988870995706799,0.008811576923552611,-0.008076041207852436,0.02625519952732147,0.04383682001583278,0.10395889705432149
2020-04-20,-0.020756702002850624,0.007835757606907912,-0.013956267297290825,-0.002302060523858729,-0.03645729641769668,-0.01982059547505588,-0.01802797389725508,-0.03280154723129958,-0.03137887267068262,-0.047200229957994444
2020-04-21,-0.030910667062904573,-0.02736033095931456,-0.03884544362184206,-0.013120703893931496,-0.029004468658476612,-0.041357502230912946,-0.06110444338820531,-0.007628457244448272,-0.022469675570645498,-0.005342382563335968
2020-04-22,0.028803659162745188,0.015192527091639096,0.03815510155045154,0.022114032429532582,0.0032566296427674057,0.03396509703703621,0.061741580690308995,-0.002339522328545618,0.0377498920127628,0.028564271362545135
2020-04-23,-0.003875506687844532,0.015214823484082762,0.010139602648682633,0.0164716155029343,0.0005596686969413511,-0.012102451402789649,-0.007478505861148621,0.00666887762552304,-0.0012603981167808032,0.031331440231905594
2020-04-24,0.028869409216492503,0.004488511186874211,0.004271683347931043,-0.0041798244221636915,0.014766429022178507,0.018259434928840745,0.01964699957468441,-0.0051927088987064884,0.005649399883778772,0.0064445183115464655
2020-04-27,0.0007069844366256461,-0.01419786171076054,-0.00449619434518489,-0.0036807261874456376,0.043104728407802106,-0.0028644838768910885,0.025864376231592434,-0.011197028037189027,0.02653586356037274,0.004802209009234781
2020-04-28,-0.01620964455770524,-0.0260606110425593,-0.03011354241805919,-0.01879589083510258,0.007080823237214373,-0.024361036696063154,-0.01925421721600984,-0.004767968467206285,-0.0029692568995492996,0.0234407242384973
2020-04-29,0.03284545042523135,0.02533616474965794,0.08891034953903842,-0.007596005266381378,0.026970399140858303,0.044873855590833234,0.02436874275452605,0.00162549302875159,0.06154757903335817,0.055370454212305686
2020-04-30,0.021096238137944923,0.042689574239964,0.0033674362718993933,-0.0013312031344826503,-0.021459206691461175,0.01003221646912289,-0.020706299148467888,0.006747477060481177,-0.016887559686775022,-0.02085958169423663
2020-05-01,-0.016099592543102004,-0.07597409237648922,-0.021816132971520075,-0.011663644714472898,-0.026211334025982413,-0.02589131914226972,-0.03250308681956737,-0.008908245649737245,-0.017625207055120162,-0.0716590471259212
2020-05-04,0.014149077032794777,0.013101236487597756,0.004235911574060447,-0.0001347606868682405,-0.011903790822709093,0.024459806704792086,0.030093912678455625,-0.008988087797163868,0.003303495049576055,0.040333375629614476
2020-05-05,0.015008492932474304,0.0007815221854263754,0.019744445721887383,0.008295754496836283,-0.001519238333969497,0.010735891207331427,0.008410865653795785,0.0020731667760531813,0.013000018486144294,-0.001113882508341768
2020-05-06,0.010317396421900549,0.014436139090531874,-0.002661118941175933,-0.009498640536476644,-0.018804320770434146,0.00984749049431688,0.013787694654979976,-0.025084108416351336,0.0019055796126061786,-0.018737396294645436
2020-05-07,0.010344810185879183,0.006953694859791026,0.01772661071720294,-0.003308587060008472,0.01041335268131438,0.0058068885245847746,0.023775159183019756,-0.008222897096166082,0.02203828856881307,0.005683006536321811
2020-05-08,0.023801781949698064,0.005068389389295991,0.010998511496552954,0.007520161318835816,0.016335875109707354,0.0058823508780914135,0.025027026333634517,0.033698904252783324,0.012970605185708584,0.043851872695499505
2020-05-11,0.015735313143677265,0.012350743942999287,0.013905436316466568,0.002757602279953142,-0.0294500781497834,0.0111542381432721,0.03238393834788056,-0.005519632774795835,-0.00826632662248572,-0.00952812265613634
2020-05-12,-0.011428227803721436,-0.021606420523622827,-0.02024070279873791,-0.013211824667067495,-0.03267707695853639,-0.022651610592883786,-0.03260788700202932,-0.006590755850558461,-0.022281480811565335,-0.016714582993636262
2020-05-13,-0.01207420472990528,0.004654320575239401,-0.019524876281292403,-6.809200586899156e-05,-0.034470901674406584,-0.015122708274622032,-0.002883818815171746,-0.005499905684460349,-0.011609246733092715,-0.04963749426018116
2020-05-14,0.006143670734409801,0.008838926123896362,0.006326588420332735,0.0034665138768805726,0.041532675653389584,0.00433967815128411,0.03219808786930489,-0.0009657490660841539,0.02151447080664881,0.008823927564974188
2020-05-15,-0.005912077537098992,0.008761547889003296,0.011939308580895203,0.01896523289583829,-0.018510185585945194,0.014568146755278732,0.057312663651525764,0.007029178246434675,0.014317505235716066,-0.007091761252290718
2020-05-18,0.023561043618849364,0.006838841203809398,0.00882682988547323,0.0005317009338487999,0.05296848040100155,0.009554360696496511,0.030562758315806127,0.013960537396338069,0.04299958104517754,0.07952327765315181
2020-05-19,-0.005778517161824648,0.009508426590011165,-0.007782175112665102,-0.009965390880706249,-0.019679658334900485,-0.006922223601638744,0.0063139533011298266,-0.03244097505347776,-0.010554910740938728,-0.030877362419162502
2020-05-20,0.019448192992039592,0.019846275173532213,0.025290929695919617,-0.008992408156673237,0.02999908167516563,0.013870728468135862,0.018681826355896547,0.00747034497743293,0.023764336151262277,0.03254414985102194
2020-05-21,-0.007455537897445685,-0.02049693045417056,-0.0017100904073475975,-0.006568053380666128,-0.012700929306452835,-0.012011190960902196,-0.021711379504018358,-0.014653970962738572,-0.01671329319174919,-0.017852995532150806
2020-05-22,0.006438591159657614,-0.004029821100215103,0.0046132475284101915,-0.009128306937465025,-0.007763138577996043,0.0004362803950030969,0.0286032272733181,0.008779935421019625,0.0012590927042011035,0.000897440360404067
2020-05-26,-0.006773584887011408,-0.0061636144559754635,0.005752578453782853,0.0013158610196555287,0.07097344347667622,-0.010571489782762344,-0.03417838237756865,-0.00506227020455563,0.012365105379553487,0.02937254442832571
2020-05-27,0.0043569125609186354,-0.004736042347035618,-0.0007665801384912907,0.002282928375452409,0.05792109640052345,0.001321452812967694,-0.022081225334447674,0.016602789971747134,-0.0020701951283238484,0.007187486482304495
2020-05-28,0.0004401226596686403,-0.003854151605534595,-0.0014363539760623434,0.014355841440189643,-0.014896093798358434,-0.0022549662368739343,-0.0044863479068244505,0.019053566071072447,0.007467865492138959,-0.025951558572119948
2020-05-29,-0.0009739446531240592,0.017187950901155657,0.010773714121720346,0.01211113829798327,-0.025535626247968568,0.010198335582215723,0.045775492557649455,-0.0012063253025871301,0.005045116968109609,0.009547386994271045
2020-06-01,0.012297802899482235,0.011738616181262485,0.0009418884568246355,-0.01048709176379492,0.013256521526668674,-0.002291999290402691,-0.007802259669180689,0.011473357300075593,-0.004558467948621692,0.017814055488165614
2020-06-02,0.0046295770372037914,0.0005543957444538172,0.005185113820382892,0.007201201716801275,0.0033468737280384353,0.01137647797012531,0.0021573371449916667,0.006908126012577176,0.010342202330217987,0.02225576096165449
2020-06-03,0.005504956146926476,0.002422733405640143,-0.0021215158875145246,0.002698233992082244,0.053977598704747276,0.002433773796643779,-0.00631720920614065,0.003981088925272935,0.002597308372424001,0.040794760738198876
2020-06-04,-0.0086121759794211,-0.0071820481181339435,-0.01733561213288559,-0.012916282924752998,0.02081138121338566,-0.013163283767636202,0.00011454917739373016,-0.02092276871958565,-0.016406762802401276,-0.0028433548356545657
2020-06-05,0.028480927248525578,0.009103493113018724,0.01818588506512797,0.0038848892935234858,0.045001661024111295,0.023397956763036687,0.01750969977235961,0.019646721455126137,0.0308303587549712,0.08105926989438683
2020-06-08,0.005912642058960138,0.016536458949464095,0.005569162388184612,-0.0035978818497011122,0.01995884029600914,0.006196651120798036,-0.012892460610278822,0.00608449421019519,-5.021582826858495e-05,0.031273363117134245
2020-06-09,0.03157779321622178,0.030427139202305886,0.0027899960293267245,-0.005519167282326265,-0.02565010019238012,0.007644694749572523,0.027370641510427562,-0.005963732310922398,-0.0026052066449175904,-0.022287215570872543
2020-06-10,0.025727771215199313,0.017913292558120908,0.008690928555094901,0.01260606397413988,-0.04052828912002704,0.03709189903147547,0.03545788836921915,0.0075206943998304965,0.007032363215200288,-0.053624793147983074
2020-06-11,-0.04801055302247048,-0.03380230045218746,-0.04287570963966447,-0.04688761702101196,-0.08344341157892232,-0.05369838698746243,-0.0609067023332881,-0.024909773688166936,-0.05786102391283543,-0.08825265511022762
2020-06-12,0.008633523138598331,-0.005058743377937103,0.007860881924913077,0.009086524186169509,0.027363440940101347,0.007891893214936774,0.015489473978295809,-0.005505143242077071,0.01789497361001402,0.021437785748800176
2020-06-15,0.012367208291767628,0.01086830941079775,0.005534778346291125,-0.006331309759035175,0.013818061400976855,0.006391659204543432,0.027008163919367778,0.009254361613821205,-0.0026006439942496407,-0.0006360209240725556
2020-06-16,0.026502372218654147,0.0165547312399128,0.01811027393059761,0.02272573265559963,0.007999881352454885,0.024505147431925778,-0.011473186325126616,0.01234070394193787,0.00584027959679978,0.02248595865486025
2020-06-17,-0.001391713067546485,0.009830663019560593,0.004196346890063207,-0.003045781808374226,-0.025279096130698453,0.003461501268807954,0.018470570771877748,-0.0016931240152093796,0.0035259739948574342,-0.03257245828705846
2020-06-18,0.0003979431386857968,0.004922484646629588,-0.012681202810857273,-0.00423584402541799,-0.005428116119437387,0.010708365758883565,-0.0019489642729993983,0.011447330079199958,0.0018079605094003526,0.0062192258025830505
2020-06-19,-0.005714516655571322,0.007923935918584757,-0.006610210645250469,0.0029289416323929895,-0.011421299275441998,-0.005959729752316623,0.004692032306975236,-0.0030179434787934722,-0.008818610870936716,-0.020033963579646374
2020-06-22,0.02616387195238734,0.014508287231048467,0.018264056653326532,-0.003059498839990904,-0.01083734829987848,0.027773408720951798,0.02866760318039474,-0.009838566733692877,0.01436007951621665,0.009569336351101132
2020-06-23,0.021344774922445353,0.018641697717608263,0.009181953385610564,-0.003695676673640791,0.01219654265921366,0.006680985751750024,-0.008056251658125402,-0.00016985881362552302,0.015439264510142658,0.006031856811324232
2020-06-24,-0.0176522047433888,-0.010855867894827953,-0.021366326495311116,-0.02128008840395801,-0.033391403779017836,-0.020157528420678306,-0.02269837096946059,-0.01112730309770149,-0.033136311965417775,-0.047109111665697645
2020-06-25,0.013275343359842262,0.007380066387785211,0.0058631216236442185,-0.001072674071196822,0.03486160895506285,0.012636566489169443,0.027556808367763752,0.01262675538619118,0.01342645069898385,0.015056030493945771
2020-06-26,-0.03072559384534368,-0.02240276315369638,-0.05451384111580082,-0.013317222610292001,-0.05481821532143505,-0.020015883663185297,-0.03530029271783375,-0.022563266742099963,-0.024280691896208184,-0.034314801998692857
2020-06-29,0.023046762891302475,-0.004638148068063508,0.0254154898300869,0.008925448000591807,0.004428214768464445,0.01074727828587152,0.00491531062538253,0.021088140207326633,0.011148030975639989,0.016047786273235998
2020-06-30,0.008347508811302973,0.029264486024190406,0.014944557703916894,0.011435646953035228,0.011397474961490905,0.025548944243559468,0.032364351600227215,0.01623320917791382,0.00935319353101094,0.00902512006054712
2020-07-01,-0.0018913995708819131,0.043453386195574595,0.01688937378211297,-0.0017775565160559337,-0.008504778937325486,0.0058476206147677345,0.003395172473692476,0.003428844224911076,0.0031577797635469196,-0.022584850743729512
2020-07-02,0.0,0.004029609482701257,0.01936912186090467,0.004202634538684746,0.0032484927296596577,0.007620844068044086,0.008630772556135868,0.007501209938207909,0.009753467204097088,0.008465043368386382
2020-07-06,0.026750338770219484,0.05768955229869066,0.0202186400107911,0.014258784431978144,0.025253313635832164,0.02152611385748493,0.023615579416864874,0.006204736550779799,0.010681107730638129,0.007032328155738954
2020-07-07,-0.003103084874084172,-0.018619371729473477,-0.006488275947021727,-0.0009096588549215578,-0.0282103082566445,-0.011628114288431024,0.003303430591977685,0.004850587766458192,-0.018001603405169098,-0.025906322312950536
2020-07-08,0.023290100871984354,0.026995584181255694,0.009181880944995946,0.002940234166351363,0.01061495720783645,0.021993012602092188,0.03487185778263657,0.005481977163863894,0.00447973247646849,-0.002312834253619167
2020-07-09,0.004300525889810558,0.032949191382365184,0.01001567973413553,-0.005444579765430557,-0.021650667858828965,0.007000711823012873,0.02868049610723422,-0.0033362106100064404,-0.014661261458795094,-0.041261286804823216
2020-07-10,0.0017492176826354733,0.005457748808544549,0.013400117503810316,-0.0008422618081899147,0.05466693108980958,-0.0030325113530977887,-0.002830880529566371,0.011512043980155262,0.0017690075873237898,0.031189575903728173
2020-07-13,-0.004613087976693242,-0.030000019073486373,-0.017400912056496298,0.019948602522268377,0.014334924651971281,-0.030888885482886486,-0.04074734350367415,0.0012913815152444386,-0.018332847522888107,0.00023443666051936596
2020-07-14,0.016548485208865538,-0.006443299095769239,0.005706756785782696,0.018662501389525632,0.005734647912144286,0.006181548387396818,0.032306507222399805,0.00838379806977696,0.022801631647156206,0.03305245356196518
2020-07-15,0.006877218722817879,-0.02436122126125273,-0.002616832041045014,0.0022982159229885113,0.015476951140403372,-0.001487928753246548,-0.014431210702711694,-0.004716562351343323,0.01665550183743658,0.012706551237485764
2020-07-16,-0.012304908151019922,-0.002981196241378159,-0.0012920085450569552,0.00667768388053136,0.0028075671083185316,-0.01980394830425769,-0.00904399482247431,0.002088302234598105,-0.01551762705562365,-0.007842144086114833
2020-07-17,-0.0020203377510329412,-0.01264375276193297,0.0012738647681176385,0.000670053852498631,-0.01849810350869263,-0.005100023294643541,0.00658608727350285,0.006973374362921225,0.00821699555512212,-0.017163434119313425
2020-07-20,0.02107407394985672,0.07929519957328535,0.030978879996914843,0.0016738922593435568,-0.00876122217935682,0.04298105320996504,0.03031417794075053,-0.003104313512557799,0.0173254336136921,-0.023437458319489513
2020-07-21,-0.013801768950994941,-0.018314900474015072,-0.005064720854156213,0.0009359168373277438,0.021685570867440163,-0.01346889322344702,-0.017339408655994815,-0.0013574887075595843,-0.010026902954892836,0.0505880497248723
2020-07-22,0.0028094152453668197,-0.012229630062539742,0.005739541693474903,0.0018030324844386936,-0.007242798852272192,0.01437151849545315,0.010674399057760908,0.008555194276303135,0.012113371856070643,-0.023292178529333962
2020-07-23,-0.04551667410715554,-0.036568799201794455,-0.030737716206878596,-0.0026663361408799657,0.002938329698728648,-0.04349482450503539,-0.029601338258736343,0.006469962411975949,-0.00719095732008368,0.002063823214663696
2020-07-24,-0.002477184198267035,0.007486874288995304,-0.005630578169246614,-0.00995957242640566,-0.007071969063489059,-0.006122523873245966,0.006391946909225288,-0.001585206159662178,-0.011548428090038865,-0.006178604817313138
2020-07-27,0.02370025383830998,0.015387648743417026,0.01406954751957934,-0.006346168987863443,-0.014041479179437766,0.01266802793524735,0.022266892572621266,0.0028579714866796557,0.009018739664530484,0.014736751585705754
2020-07-28,-0.01642746361879932,-0.017962780502695397,-0.0168557692094774,-0.0023778051272655976,0.004334116100304097,-0.008977304693320254,-0.019766680196316333,0.012349714884633878,-0.0008635130608576347,-0.011799468888263664
2020-07-29,0.019168106671624052,0.011065474265779418,0.013207805433188113,-0.0019752192512397793,0.02425041035713571,0.010098110025343887,0.024472592122401604,0.003362662668677352,0.00935254986075873,0.01102142463038458
2020-07-30,0.012100194224599736,0.006049030252796905,0.009753838620657929,0.0020473360982540267,-0.02668574660547096,-0.0007842681890390946,0.014189522534046706,0.024237904424003753,-0.022761516940132065,-0.04905726129663501
2020-07-31,0.10468895584734228,0.036960821567137314,-0.03277492307307428,-0.007355117841284287,-0.003916628110472109,0.005443797473696277,7.076919160731165e-05,-0.0022827732214127927,-0.018860112510960647,0.0050154732937757185
2020-08-03,0.02519747388266591,-0.01668096589563972,-0.003488099492205521,0.010908614009148332,-0.005587937492775197,0.056241443583503026,0.0372593284388707,0.0012965558481794481,0.001522934492892869,0.004039877531086811
2020-08-04,0.006678194580048258,0.008657119256458845,-0.006379874931569329,-0.0008826199291176451,-0.005722872727544015,-0.01500903132212561,0.019754262347164486,0.01904169966124636,0.008390646239543997,0.02887556047991624
2020-08-05,0.003624476551519873,0.021090645909052075,0.003929656751394672,0.008015550772123792,0.01737277253974656,-0.0016408050451894862,0.005254776445016596,-0.002615805489202261,0.019813806490087682,0.008742023649205288
2020-08-06,0.03488926609078358,0.0062308600392182445,0.01748387959615605,-0.005727714961792363,0.0003087876728244954,0.016013888644918595,0.004319277663775267,-0.005470569895489996,0.01361567361909799,-0.004789342496232973
2020-08-07,-0.022735869888858562,-0.017841853651889505,-0.004372169707245743,0.007115830660150202,0.02200727953189463,-0.01788781069655021,-0.011997557331913322,0.006329327230039983,-0.012124694976542116,-0.004582932744146007
2020-08-10,0.014535014804509583,-0.006093187166982039,-0.0010345808919998145,-0.0038355774554655886,0.012678770919366311,-0.019907817528420302,-0.0030805745181651245,0.004118655539142813,0.002189825390986,0.024631830907303254
2020-08-11,-0.029739877853163565,-0.021437993092404684,-0.010876303821526379,-0.007160583710955182,0.03159781654549065,-0.02338514228607602,-0.028213045361649924,-0.006488113403375517,0.004979929500193103,0.010334767854516702
2020-08-12,0.03323423135897907,0.026478049605839216,0.018033943236899663,0.01830318350096194,-0.008476362464381215,0.02856722478607776,0.054400728467809634,0.016738131011336366,0.0049047308211689344,-0.00022662631846703807
2020-08-13,0.017697496367194088,-0.0003858318082136103,0.0062430618885920275,-0.011091901782545155,-0.005537121701103986,-0.0023423792058917536,0.00024060652608981492,0.002362588959341272,-0.004334018076810886,-0.024495364699460342
2020-08-14,-0.0008911941591390748,-0.004112558082955964,-0.007925169671000876,0.0016216259337868966,0.0003906758354716988,0.0009581357889794084,0.01057384207181622,-0.005008359502053916,-0.004757641887285224,0.004417727001118976
2020-08-17,-0.002610870082620065,0.010924312234330102,0.007716024278512368,0.00505927782934168,-0.026364728851259178,0.006606007469164066,0.06684557572901473,0.002960746503564149,0.014188382798834276,-0.012963205520584942
2020-08-18,0.008332978170490613,0.04087466955935781,0.02607769009812899,0.007383091275212639,-0.013940511947849843,0.005754404094524768,-0.006180497650278616,0.007453975569741811,-0.002105707942967827,-0.004925174275615896
2020-08-19,0.0012546113757374577,-0.015701145907449088,-0.007179747691153149,0.0019989712404910875,0.0023396851549242204,-0.0060669325532536345,-0.009970736222077448,-0.005420824605372521,0.009949341017465141,-0.011076834054376983
2020-08-20,0.022189597292624708,0.011314270642265756,0.020484297896416592,0.006848889406943615,-0.011973821698427867,0.023271375714519538,0.00020561266536134326,0.00795479967259971,0.015722080452528653,-0.015252696056528792
2020-08-21,0.05153249755354361,-0.0038364352508537536,-0.00043137638659140887,0.00884918775108412,-0.0005136488779908799,-0.007269963123645917,0.044683270862554414,0.004311290100702969,-9.804996698026258e-05,-0.007502305303693335
2020-08-24,0.011960319636689976,0.006923017605080961,0.006080273761319255,0.002636095510672787,0.028154783637233116,0.003145303046945047,0.002897504790461136,0.00778490488675021,0.011169204614412731,0.029504955313814474
2020-08-25,-0.008203827394521412,0.011800549645987202,0.013058684690067102,-0.0005916209201017875,0.004397264663402511,0.013009416440872279,0.002338768566908289,0.003970849104167451,0.008187801875761735,-0.03173829833839792
2020-08-26,0.013599101891530019,0.0284955613728457,0.023837764469282208,0.0015781971858583876,-0.014029813121673729,0.021619614516581676,0.0018039185746352437,-0.004818035851698266,0.010379526974092723,-0.021281997833007438
2020-08-27,-0.011954471365188235,-0.01215915158498826,-0.009494240077376315,0.004465061484685506,0.032899388049245415,0.02455349109190874,-0.011332311508313042,-0.001300476907403314,0.003662124931494093,-0.006748347663741772
2020-08-28,-0.0016198002204448336,0.0005293902228860059,0.006699207022606624,0.004314351272399541,0.0041035899817640775,0.010283333436998277,0.04113766094364424,0.004051593800721953,0.022176985500104163,0.023905344111856186
2020-08-31,0.033912052340200116,0.014451219151166761,-0.006038648477041719,-0.001497166851238796,-0.025104562867007907,-0.014765532552761584,0.017246353397761593,-0.003170549351043106,-0.017245344774857507,-0.01843181274028327
2020-09-01,0.03983255551310405,0.01395547583299983,0.01567920189120442,-0.012319897844843664,-0.0004991913982872465,0.007715067409911569,0.033693584704107105,-0.001084593925853139,0.0064153392291415035,-0.012769412795139434
2020-09-02,-0.02071825827725593,0.009239471142122424,0.037647858719728866,0.015245554409097473,0.015078954947265188,0.019272055589860893,0.038021857179745044,0.016861986797855666,0.014670598236938837,-0.006086658711253801
2020-09-03,-0.08006078157660967,-0.04628410915968095,-0.05117055489154787,-0.027822735349005256,-0.0031479799641860318,-0.061946605930362275,-0.09277512820369027,-0.016012924455697575,-0.0347376555777793,-0.002041331603122365
2020-09-04,0.0006616890007038467,-0.021787358799564616,-0.029640931121900693,-0.006419517430741872,0.02161248345430744,-0.014035858328097617,-0.030194699708401163,-0.0021698397443791206,-0.020578210533377383,-0.0007668716406011855
2020-09-08,-0.0672948371275689,-0.04394435952982134,-0.03643407992396852,-0.008950696004901837,-0.034775784968097745,-0.05409580806186054,-0.056209011559151034,-0.014641931341715875,-0.022182761323066624,-0.023030003713956915
2020-09-09,0.03988635153080877,0.03770662418145765,0.015509376645334694,0.01656925351903915,0.00950769605032975,0.04258383229203222,0.0673210209290076,0.016257333091060033,0.01968812714082624,-0.006023724135550856
2020-09-10,-0.0326456010366033,-0.02860545100214451,-0.013689054129401024,-0.018637118786206663,-0.01031019934491284,-0.028018708446549634,-0.03171432908215244,-0.010495833396923726,-0.012349296691903655,-0.025033207850603367
2020-09-11,-0.013128963928789483,-0.018547317429499666,-0.006742815501485033,0.005921789282444356,0.012420951975936845,-0.006524775110406611,-0.011960131391305362,0.010533918551747679,-0.004267354230902742,-0.0027025155043906013
2020-09-14,0.030000122899515702,-0.004251985314208007,-0.004572037932741746,0.003857107510457425,0.013851805925825689,0.006763937232659334,0.05818161747209882,0.003546973417943411,0.021427261463207836,-0.006504112218746916
2020-09-15,0.0015603634279721668,0.017132004407634627,0.01742411790530629,0.003640350795135916,-0.03113112937572826,0.016406057645273586,0.009225023745629946,0.0,0.0020001779177936108,-0.010638359025455846
2020-09-16,-0.02951378346474387,-0.024723344317983953,-0.01500210035221139,-0.0032912452263624825,0.00423021597872153,-0.01786576414552621,-0.0366792194196498,-0.006708442876355303,-0.0012657922868867244,0.04245950070847759
2020-09-17,-0.015963605555127658,-0.02253666798925036,-0.016566295418269816,-0.00828855594187028,-0.011434218770629001,-0.01043615639035922,-0.004075065579594694,-0.001307185690199053,0.0006826053993156389,-0.0002649039545388199
2020-09-18,-0.03172011461461843,-0.01788790878106783,-0.024175731802620115,0.013657640314595154,-0.0021308290411385933,-0.012419600297834288,-0.0220040517782899,-0.0010906616856233287,-0.012958717676458287,-0.016137342092069296
2020-09-21,0.03032580344720137,0.001881613182508124,-0.01443729964255247,-0.027349351168448943,-0.030909579720477254,0.010729034068858834,0.026908678132383068,-0.004804677716626959,-0.025467653708076687,-0.02043557846344557
2020-09-22,0.01571541732885917,0.05692335984779917,0.020753078409177617,-0.0061336281275764515,-0.01091221154971389,0.024093964857825112,0.009626760172703142,0.009143516150957653,0.015750838677723866,-0.024705128974885193
2020-09-23,-0.04194563617287905,-0.04126889165142078,-0.03454544074082977,0.0015949435632727216,-0.016229827274974018,-0.032928386549980204,-0.04067184438588123,-0.011960102001594919,-0.02587759631010056,-0.03208549842642083
2020-09-24,0.010268706936531702,0.006643681788120581,0.0095575351535937,0.0015922797984211368,-0.0008621045124184157,0.012962123030869632,0.01849667873823657,0.004475346793911816,0.00076785280160796,-0.002035707931484887
2020-09-25,0.037516335118870314,0.02494874307344297,0.011385607780763918,0.006843196327686041,0.008741211977160823,0.022786548490547842,0.042577905871314714,0.00511233681541623,0.008848027840244743,0.009324269921635153
2020-09-28,0.023868788772666072,0.025498115680328004,0.013619831895844925,0.009954264853012429,0.028779288799218428,0.007795264814139502,0.012525518230538601,0.0028339674557202876,0.015564012750003187,0.01934195238172487
2020-09-29,-0.0075679411040258104,-0.009190126805558863,0.005045774592518093,-0.00033960085579420873,-0.00842342397492557,-0.010409331603491445,0.01463344559778701,-0.005434265680267947,-0.004392871956805822,-0.029170289871973787
2020-09-30,0.015075777370408439,0.0012241460404771587,-0.0002865614142377737,0.012376142082718644,0.009648576614460946,0.014812835575778838,0.02304230364376436,0.012603513296574498,0.0026576125988915233,0.0014585107362459215
2020-10-01,0.008462227880234208,0.023034752317315554,0.015215531480111233,-0.01047853363432194,0.007271411885117152,0.010126811281085057,0.006208163033581737,0.0017990732535406728,0.01690225727597383,-0.0349546890976965
2020-10-02,-0.03228008078253486,-0.02988273802333874,-0.021708373015277727,-0.007330815564094761,0.00948738455364695,-0.0295115054491204,-0.04056348475918059,-0.008044068813107486,-0.00929419545298904,-0.004527999003315242
2020-10-05,0.03079082432989555,0.0237440429687501,0.018707164820753963,0.013607599121531866,0.021136274009522227,0.020321259749559895,0.04442206527472914,0.009194969008184062,0.010324668416325844,0.023044618624495694
2020-10-06,-0.028669494040666543,-0.03102028886576813,-0.021452355586764837,-0.013289802286799324,-0.010298867927736377,-0.021247319031025946,0.0068902325664992325,0.001578729822779179,-0.015181222739000688,-0.01037340689595756
2020-10-07,0.016967275381734925,0.030881037106998743,0.0055961161163327056,0.011076188508596818,0.017445461959938013,0.019037511147226738,0.016561777431683744,0.007807212885534653,0.01007734849784403,0.003294308856744088
2020-10-08,-0.0009560615622173918,-0.0016084400175445657,0.016646813111385717,0.006829844548066566,0.020555393934192034,0.003574123859201972,-0.008969583981518814,0.006751947561428828,0.0025187412423641753,0.05253710152202151
2020-10-09,0.01739606477967337,0.030120249141207367,0.018214452159783567,0.01397015828620729,-0.005698852448124736,0.024836222145444564,-0.005491891796117643,0.008965822965181669,0.01803144396730816,-0.014747312678174085
2020-10-12,0.06352046194156546,0.04754990740220588,0.03584379344223532,0.005762475330914674,0.012253082813998839,0.02590252896449985,0.03365979443862721,0.01098517995408499,-0.0011615746933338889,-0.0031663614329200396
2020-10-13,-0.026527452004066587,0.00020333647320058823,0.0015848754006342336,-0.022919076102255187,-0.016204466729327183,0.006594290344511977,0.0015641599463962486,-0.001937627161361588,-0.010077480057195776,-0.011839386729797785
2020-10-14,0.000743234619677624,-0.023208080547411636,-0.002316378614147463,-0.0017523730025932327,-0.005556802951978135,-0.008974370306206958,-0.010738150003767877,-0.001179355798535009,-0.01037577267904255,-0.00204574973390248
2020-10-15,-0.003960757695945727,-0.007450142689235051,-0.0050976245514642304,-0.006144374482933479,0.01496724921497794,-0.005433122337704432,-0.0088863335782563,-0.0014575771196343457,-0.013105894319803357,0.008785086688326782
2020-10-16,-0.01400046603059224,-0.019750480983333984,0.007862569031042321,0.0061823612254916505,-0.002064361305132989,0.0,-0.011345370925211595,0.003893159352114095,0.0035579027542729236,-0.010159964348929962
2020-10-19,-0.02554175413163773,-0.020013957457728493,-0.024079867420506162,-0.025523595460787307,-0.01684575742143879,-0.024765608316746346,-0.02271659464950726,-0.017175546401346664,-0.016428544867848616,-0.01994140275935241
2020-10-20,0.013192018055947496,0.003055554339711275,0.013810762995377646,0.001594038698507605,0.005711378569952075,0.002007348640896245,0.010946135323857131,0.004016452223800426,0.0037060490828342285,0.00837830364646397
2020-10-21,-0.005446525388559387,-0.009968886774915697,0.022507069405423685,-0.00428940544788492,-0.009963252761111097,0.0006990120718914916,-0.008849041331043361,0.005404389315647462,0.003692606448958413,-0.016023821754874934
2020-10-22,-0.009583448587771382,-0.0026812857408547996,0.013032937643149722,0.007990109403065215,0.03532275624490566,0.0004187116698208815,-0.012107381867814127,-0.0070826060374060695,-0.002217356063504927,0.05126654461407454
2020-10-23,-0.006133921263438147,0.008814971867029398,0.01638183967556528,0.0011029155614832309,0.009039784703133158,0.006236013851945943,0.017158131317924985,0.0065749261174394835,0.00010085946732063533,-0.020080113666684496
2020-10-26,8.717490937915073e-05,0.0008238907949942309,-0.029816823165740525,-0.00874450097536128,-0.024756944300698414,-0.028442149057504085,-0.03303846762391427,-0.007585694751298111,-0.024947946093600515,-0.023712135265009926
2020-10-27,0.013472237690147049,0.024723687101579017,0.00920921008458886,-0.005695339775154018,-0.018866074194614835,0.015089373319893129,0.019442770509157103,0.0075018679232654595,-0.015590598565945801,-0.015891949588638044
2020-10-28,-0.04631208015163413,-0.037595069983728635,-0.055088605956949865,-0.03346132535506041,-0.028088145489787664,-0.04956645051461872,-0.05745788816152686,-0.033015019213717856,-0.048353086483627794,-0.03808658753920757
2020-10-29,0.03705022229072363,0.015249235849637444,0.030500642235693487,-0.008456263566284705,0.006525655549973308,0.01006553140011679,0.031440243587645966,-0.0006535504102136436,0.022115374041698388,0.04434605043659645
2020-10-30,-0.056017832443591375,-0.0544564552314909,0.038043832931296206,-0.0005830423940474949,0.008953426207548132,-0.010990560074698341,-0.03762292108958043,-0.003416563781809323,-0.01709307989161768,-0.01061596659831654
2020-11-02,-0.0008268022363183691,-0.010430948040659138,0.0050801809978198165,0.011523404812167959,0.022541924035313743,-0.0006915476160155309,0.00373012375439985,0.010211625297514626,0.016675004446183417,0.04199893768323304
2020-11-03,0.015353441477121477,0.014621516534147005,0.013137652073182293,-0.001369926861489179,0.031521135464978034,0.020264027421428743,0.034874602720949444,0.019638795700199774,0.019486864029923723,-0.017063957200715185
2020-11-04,0.04083657344097191,0.06322966294024535,0.06088153228881321,0.006498188971547414,-0.0305579152779738,0.04824875296054776,0.05950680240955464,-0.004106975689822545,0.029892579640593997,-0.00538761290562062
2020-11-05,0.035493800022402766,0.024941733698923496,0.009536779695689335,0.0025824812089472182,0.040897547298500925,0.03188674653926049,0.026514640746066576,0.012372298910609647,0.01892053006589034,-0.0018055016446618666
2020-11-06,-0.001136122967981712,-0.003199936061909714,-0.0015716386048733044,0.017816263924701703,-0.013320459069270707,0.0019259539453653218,0.02839014509944393,0.005969721795831218,0.004199803269576474,-0.01175768169316227
2020-11-09,-0.019967911831896723,-0.05062255447737596,0.0009603538665177158,0.026924579970598383,0.1353924421823851,-0.023824668990863995,-0.06395103866174023,-0.03658439031059191,0.07159760780372415,0.12660188010683338
2020-11-10,-0.0030090414350729677,-0.03458294580536425,-0.013455127130046263,0.015060231918120781,-0.003250766456273646,-0.03379269552372288,-0.06314747583939706,0.01645023296385273,0.0029620813634192444,0.022185036834260652
2020-11-11,0.030352665950051927,0.03372959332756431,0.005472871066974694,-0.0032371598636374843,-0.014932984554792084,0.026254577292258885,0.050743968150152696,0.012904518745741278,-0.0028596430414171703,-0.010309368977939992
2020-11-12,-0.0023433840618604096,-0.008640935353967705,-0.0025239638682065246,0.00338293980898019,-0.01228417906761703,-0.005125781698348764,0.002887835748559775,0.0005631136187784769,-0.019399241430711256,-0.0342652474571119
2020-11-13,0.0004195078735944602,0.005957652481424658,0.016892056314450565,0.010788897084051063,0.0062626140408315045,0.004966649396061618,-0.011871330090480359,0.014984500718354221,0.010659576557079165,0.02412709162934701
2020-11-16,0.00872051146253039,0.0007190451875813686,0.000998731997764457,0.006337575585270594,0.02822582846205468,0.0033254572115333225,0.016413432011004092,-0.012822602824562601,0.010547525838166205,0.057649687464436994
2020-11-17,-0.007564440589143073,0.001469221257177411,-0.006972781205571321,-0.00994362324459186,-0.010145013252050195,-0.012751485480049007,-0.006881190364150691,-0.0038613051800362452,-0.009355919482353703,0.013364814665371982
2020-11-18,-0.011391186360329764,-0.00963120822903818,-0.011932024676196362,-0.013257519670288542,-0.00740681933479348,-0.013183747074694607,0.0004842458815907946,-0.015365097605235412,-0.013668018355624367,-0.03775546290516352
2020-11-19,0.005167977909229515,0.003722494885254779,0.01030078726870709,-0.0015607440490329472,0.0026897920546076204,0.006348341997742146,0.0008565420152795156,-0.001216987281073112,-0.0012511897846282372,0.005106167891298696
2020-11-20,-0.010957556321255724,-0.005652814007175211,-0.012618102400919096,-0.005300768972025027,-0.008567016141604267,-0.009556436461631068,-0.0262272064874155,-0.0016483519938230717,-0.01777679872499982,-0.012299497909209256
2020-11-23,-0.02974259964872672,-0.00032591205652088284,-0.005079559222456398,-0.010182725665955794,0.02880335276522672,-0.0013308944483784169,0.00399215240171702,-0.0038765211623467133,0.020992505609960688,0.0655115605585539
2020-11-24,0.011594372420246524,0.006348492495275249,0.02103557520267585,0.0,0.046237617514925056,0.017847641447361173,-0.013869813362015981,-0.0032430480326937072,0.007302136427495887,0.06656534483175114
2020-11-25,0.007467022463177209,0.02149089105013391,0.0001302986404694284,-0.001320389376739728,-0.010460481668624677,4.683007449801657e-05,0.02137726206298085,0.0026751142445171627,0.005770598588787923,-0.02787037089204525
2020-11-27,0.004826324654195968,0.003224444340751864,0.012975285925932667,0.0022269916311601357,-0.006637961605231446,0.006358957445554703,0.002002202379194795,-0.00050450792858725,0.0005217064146685324,-0.015192623620165602
2020-11-30,0.021099778952644144,-0.008543726224847115,-0.018253897151048193,0.00472243601677147,-0.027553159476947586,-0.0053894727280257015,0.010575820937564373,0.0018755015583713508,-0.00308056654353539,-0.05125631713119705
2020-12-01,0.030827215945441466,0.01642659261366375,0.023346828609986492,0.01914541581619944,0.01577883089690202,0.009996731080278431,-0.0008579978225937701,0.0036004485146032827,0.004040858136271641,0.009703607470453512
2020-12-02,0.0029336955125931485,-0.005139620139509304,0.016492643955655417,0.004679659926420721,0.019208183670542445,-0.00388520737765341,0.011538589194521887,-0.007246950185668233,-0.0048296648332064596,0.03740263017777812
2020-12-03,-0.0011374841275350045,-0.005244192164348127,-0.0017149722960823066,0.005805507747849381,-0.006555418968356652,-0.005246760694120445,-0.010671740264956653,-0.007372009583409556,-0.010133902182014487,0.006759920149657317
2020-12-04,-0.005612464723703248,-0.007578327983446487,0.0010538527011016985,0.008523373681308177,0.009073107233766864,0.0005601439778035733,0.012111847170343859,0.0009468058270654112,0.022253993471400335,0.036558169049327294
2020-12-07,0.012269899639924642,-0.00144820943300783,-0.003690172390085955,-0.00865109557428434,-0.003760108396421158,-0.0003265987766443157,0.003576907645823635,0.0015274197499954845,-0.00014103851860547412,-0.018714060366157415
2020-12-08,0.0050909019844327386,0.006108347649924184,-0.003137140279198647,0.017319066455578236,0.000984718938086715,0.008026608718869621,-0.018869184570558195,0.002687610033633714,0.0005645325056711226,0.03276292333878894
2020-12-09,-0.02090394082108238,-0.02300385041546993,-0.018478130431782147,0.01022752313988562,-0.007787040075743823,-0.019489943236319474,-0.03140452382535441,-0.01187988440279808,-0.014992665068807032,0.013257497917299688
2020-12-10,0.01198913405741564,-0.0008730964486967085,-0.00574276072118951,-0.005552148450657768,-0.006443546118211185,-0.006043349611779658,0.0032094036467285036,-0.0065977062960161925,-0.009399908227385345,0.02827077145891166
2020-12-11,-0.006734937119157958,0.004813852496939441,0.004044797316856696,0.004597707056541278,-0.005903468916051646,0.013015440148209434,0.003160679668658517,0.007379378849786011,-0.006598913838526066,-0.004771226719041621
2020-12-14,-0.005146824032974728,0.013011701561464806,-0.012699953864556801,-0.025367796365618367,-0.01053864220157641,0.004407820049491917,0.022707708649377434,-0.004834791268507055,0.0048971302216027635,-0.03607314896584479
2020-12-15,0.050090471074370146,0.0025815971159888207,0.005033701208098762,0.010062826008483627,0.01707525801682075,-0.0003269918295293328,0.003888367554013561,0.00588870295870092,0.0053557621589002125,0.019422124895731585
2020-12-16,-0.0005473943079219445,0.023961224378619583,-0.0022091831494387426,-0.005977308407784432,0.002908848899860317,0.02405082421435134,-0.00883188465665996,0.004537210557977067,-0.00043204067312940797,0.015334611254240071
2020-12-17,0.006963671077831357,-0.0015057469987226346,-0.0094923196418093,0.026391485945950865,-0.00828694345777381,0.0006383960554059431,0.007456926306588896,0.007139240694017168,0.013972327070892687,-0.005034337476620077
2020-12-18,-0.015850894325093456,-0.01063939440891426,-0.008210165084222565,0.005793461611834472,-0.004930236819202016,-0.0037827259518673495,-0.005190521269869075,0.0057143879722318935,0.0006157838838560803,-0.017249244395646568
2020-12-21,0.01239542028620022,0.0014149045573290664,0.004831309482309809,-0.009643617403281901,0.03753782562630259,0.018299072353612278,0.004539574641235555,-0.010932126271995912,-0.01088458462159847,-0.018254419855863402
2020-12-22,0.028464206280809146,0.00010603453584812073,-0.008267171496150194,-0.001960380761748981,-0.01521662894803344,0.006065138670798831,-0.0040504343244593954,-0.007053535316160597,-0.015166677701409559,-0.016924730886946016
2020-12-23,-0.006975964638505028,-0.006627122071927394,0.0046562961344205345,-0.0051071879528071795,0.0279447539277069,-0.013039324537168495,-0.020258529150782523,-0.0015379036683920155,-0.0026234389827950455,0.012851403411334061
2020-12-24,0.007712562229801989,-0.003949415822362745,0.0034312322569503007,0.003487967495260813,-0.004397734989763036,0.0078273694580826,-0.0011919303796070757,0.010121836407325668,0.016561179132552173,-0.004069804445086644
2020-12-28,0.03576551819827989,0.03507113271672124,0.022950617393542982,0.004722398432569497,0.006585099366388958,0.00992162574659039,-0.00721464801104188,0.006970543744965196,0.01883082615986642,0.0033655071281502025
2020-12-29,-0.013314833296894646,0.011583625131030173,-0.009132009579264078,0.006201039802203878,-0.002632734084970556,-0.003600814754188053,0.003352591167662622,-0.0018747451365119794,0.008183053645791194,-0.011260210154021788
2020-12-30,-0.008526550222845652,-0.010882060864285004,-0.012237171087000176,0.012391638061260757,0.0027997176498255616,-0.011019419592783963,0.015645352190759798,-0.004696077988333935,0.01861276368168352,0.007996028634908559
2020-12-31,-0.007702872752276768,-0.008801370623195415,0.009439936134359117,0.00852284899796607,0.013640890923246385,0.003338351199935863,-0.00690345735913056,0.009944247085394098,0.001694640001594916,-0.00913463927487801
2021-01-04,-0.024719285299633187,-0.021584740620304466,-0.01512584640972603,-0.005591661061295827,-0.009443682017910016,-0.02126610775254023,0.004481177068654363,-0.009486809986056,-0.00443502980596,0.006793066468056441
2021-01-05,0.01236379628232398,0.010004358381754175,0.008064166590415534,0.011757418992402346,0.0054413272462563445,0.0009645148068615494,0.02220976371494965,0.006384944608199383,-0.014924462768734159,0.04819277245765141
2021-01-06,-0.033661450923926806,-0.024896614147709384,-0.00986741908004174,0.009410016409241218,0.04695590271174721,-0.025929207516420694,-0.058953001291626284,0.010526409668863312,-0.008810808913137569,0.025517084937403567
2021-01-07,0.03412323891576352,0.0075771277744003385,0.029868584447256374,0.0033787583930737775,0.032839140123408495,0.028456870122069988,0.057830292606727784,-0.009346164686812819,0.005596953306216568,0.007845900495518254
2021-01-08,0.008631106818448364,0.006495514374673217,0.01323881170663821,-0.002058040968986874,0.0011039536602233113,0.006092926513819652,-0.005039767261116768,-0.00043236616125386096,0.007670272575819981,0.011120812926816548
2021-01-11,-0.023248885880879255,-0.021519462280005563,-0.023105735551776196,-0.004186239023970195,0.01492423129357534,-0.00969850267378125,0.025966687502213093,-0.006772810653842387,-0.0118821485192242,0.030356540261985643
2021-01-12,-0.0013951983698374804,0.002125797051401035,-0.01073841139388454,-0.007780920659893664,0.015719133268636165,-0.011770850860081561,-0.0100395240357396,-0.0058032031568509,-0.018929922851612657,0.022203298905104862
2021-01-13,0.016226494231081023,0.014438406874172749,0.00565187451312843,-0.0015176022177346704,0.0009270577913220723,0.006560432586048215,0.003485561338906651,0.0015320366446931466,0.0023461168123055653,0.011278123434074194
2021-01-14,-0.015127006723020808,-0.012135545173177387,-0.009346145987892851,0.01748035944407933,0.005842537209902021,-0.015346243854148733,-0.024497876845955946,-0.010636841411610254,-0.03577744858015819,0.039033259498886475
2021-01-15,-0.013730469003398804,-0.007424600125642833,-0.001906430003487225,-0.002178430505022866,-0.017921740358215255,-0.0017369956835675548,-0.02581403115487524,-0.0075107877008130375,-0.0013375428863363625,-0.04810170761974086
2021-01-19,0.005426874118778402,0.005318518294228358,0.03290667408501946,0.015470893232754301,-0.004328027380000488,0.01782284790596922,0.012889457368774115,-0.00875509448353673,0.0003472464952811727,0.019837078918047535
2021-01-20,0.032856503505369394,0.04570048462239673,0.053573110778235344,-0.0024572289977273787,-0.014995202874956925,0.03649955495637491,0.02614144612765079,-0.012500035295808787,0.021570892283096832,0.01412780107293643
2021-01-21,0.03665798343386184,0.013363421550624865,0.0021701588259197546,-0.004003038335994136,-0.00838445249849884,0.0028082713637986867,0.037539947374668925,-0.0009836361434680807,-0.00422315991385247,-0.028669471659496626
2021-01-22,0.016073841939999722,-0.00446331304512726,0.00446360473338836,0.011253621727937757,-0.007713269356299235,0.0043561019827567105,-0.011177209198432458,-0.007709297211815569,-0.01520891609975783,-0.014134311751678452
2021-01-25,0.027683695055897406,0.0005376354551673845,0.000908812356399169,0.014857602007587234,-0.01248237129712626,0.01584414071408391,-0.004320915110312518,0.01723075746588787,-0.0051479856134174495,-0.011174490928000491
2021-01-26,0.001679295537554859,0.009754137082109926,0.007216437875246617,0.027111805031992953,-0.0040871671506496066,0.012199004569355187,-0.015966836221231184,0.006427646655438934,0.005124743083003924,-0.021961377692951367
2021-01-27,-0.007683748891935793,-0.02812581228312927,-0.0466520198417949,-0.01525105530389037,-0.028271738155721704,0.002453324848494365,-0.03851806608957431,-0.03538958162755024,-0.034849547315936924,-0.011336310369072788
2021-01-28,-0.03498544175558094,0.0015591193708615059,0.018835066473942286,0.007624618893517621,0.01759737124688221,0.02589082126458675,0.010315397830655382,0.015423016052698912,0.01666913575780149,0.015655837763914215
2021-01-29,-0.0374202884073902,-0.009704654514695155,-0.01394339855387583,-0.0356466760240961,-0.011067463978287617,-0.029171460253679005,-0.004693115155239513,-0.016492814918596554,-0.025073257006635208,-0.026487053226236013
2021-02-01,0.016520067043265474,0.042629902924745666,0.03595905456277482,-0.0025747011061872938,0.007383099514427949,0.03315205430438084,0.019034204558027845,0.005927750293238221,0.026442393858326474,0.0017840201545433754
2021-02-02,0.006336524287941403,0.011104214562255077,0.013760652470582668,-0.008973130009564012,0.03078250563493201,-0.0005841997463246207,0.024155653806649635,-0.001395665909996402,0.02142547459205546,0.015805706448482226
2021-02-03,-0.007778150307926834,-0.019961565909300982,0.07282497668570787,-0.0046513089767384885,0.01145118391989186,0.014571515935834611,-0.0019363405529677635,0.0012422881746989578,-0.006169335013514909,0.03922847608933555
2021-02-04,0.02575772533612919,0.005575845147329783,-0.0025500053011399126,0.009283600534613079,0.02301294269413723,-0.004073972797236092,0.009885189977733022,0.0006205424715199914,0.039183788119140806,0.01919036845507427
2021-02-05,-0.0030984024830197354,0.006349415177487883,0.017140295210547718,0.015185990093950386,-0.0019529082365550288,0.0007850212610474028,-0.005360809282417778,0.004184982696277206,-0.002294061581590512,0.03351964165378374
2021-02-08,0.0010971617003541212,-0.008713780773966562,-0.002063227045991156,0.0028581105089926506,0.015654593720024756,0.0011147474298749405,0.06237579628290124,-0.0030871251891216867,-0.009005264943080071,0.043043153102500176
2021-02-09,-0.0065736939542081485,-0.00539885256244832,-0.004379944552260762,0.008185872364138147,-0.003996117904212615,0.005361535743890089,-0.01215476127633719,-0.0038708394265275503,-0.0017880535995252744,-0.011711913831169762
2021-02-10,-0.004558457178010733,-0.005573405440383872,0.005343676219594862,0.0032476776099761295,0.000573208980839679,-0.0038970296697536932,0.03512528975077922,-0.003497333607591524,-0.0003875003779224562,0.009677885522161533
2021-02-11,-0.0019200324661298174,-0.007439273910078148,0.0010878890393020146,-0.004496061588634692,-0.002792325295421949,0.006877564524365498,0.03295121924803324,0.0008578316019367538,0.02202581874544962,-0.0250390755015667
2021-02-12,0.0017757739318986498,0.004775969497859078,0.0030066660932805966,0.0031312053202219303,0.014217059445916114,0.002045020904592798,-0.018982440148828772,-0.005532562764317572,-0.003322852295988721,0.013643673642632193
2021-02-16,-0.01610410526918138,-0.0026726192693009576,0.0074795105381146865,-0.00906410751986364,0.02407051372548974,-0.005265636471901591,0.024663487138527174,0.002350738813388764,-0.009811397619277296,0.030087276173714095
2021-02-17,-0.017643839222559965,0.012141589169594624,0.0037523601308837584,0.003574002899406681,0.003110957213065868,0.004359446139551526,-0.027673952422955006,0.004221501879821066,-0.0018758772787883515,0.015564635676174277
2021-02-18,-0.008636560428448403,0.005920814274298136,-0.006046479893665024,0.0004824080470042791,0.0033772504926044,-0.0016788597066883515,-0.005165906877492965,0.008329444109735462,0.008867173044111887,-0.015704626738869853
2021-02-19,0.0012336801076546777,-0.023535055745747435,-0.008072978385357588,-0.016652648815875137,0.01669059319569466,-0.01156730686890961,0.006575002592523971,-0.018605621878907908,-0.022068340309898793,0.006728152282319488
2021-02-22,-0.029799014235764698,-0.021280609604111933,-0.016540317733818588,-0.0006170177757857109,0.009390355219218494,-0.026808275426405515,-0.03823759367704638,-0.004247999360646015,0.01753528484929734,0.036853095301536465
2021-02-23,-0.0011112698530826304,0.004326059526709614,0.00285249224191797,-0.008834096829736682,0.008031629955906006,-0.005287638783529114,-0.014889287648812699,0.007426099828105492,0.01819309360262067,0.013812316316126338
2021-02-24,-0.004052091376379852,-0.010946968676518232,0.011499389951202144,0.0134003680350967,0.017595222123764964,0.0054872222256001635,0.02524394757200743,0.0010977849199105272,0.03451042474368915,0.02997252342656931
2021-02-25,-0.034782623380673505,-0.03240038681954516,-0.03256531431817278,0.0010456366030202613,-0.013571900972952355,-0.02370477490669054,-0.08217789239198348,-0.008459857193757858,-0.02588530723404059,-0.016578556859722315
2021-02-26,0.0022314965801777387,0.011700387973209825,0.002956334447676401,-0.02641926383073956,-0.02652470391691253,0.014804012811678868,0.03058416610632797,-0.024095831079101293,-0.006362392546358175,-0.0249279851902916
2021-03-01,0.05385131944225319,0.017203798394717307,0.023616441927273968,0.005427347882247968,0.022626908252298072,0.01962295867923558,0.009278708172137495,0.006152539406741653,0.019963078417768898,0.03733687627149673
2021-03-02,-0.020893718791622273,-0.016404262105025436,-0.0025029547376587136,-0.0018831725328576354,-0.0032559003937029374,-0.012956943919918973,-0.031463087092327036,-0.003137864460224238,-0.003969625227396745,-0.005851266060281635
2021-03-03,-0.024456529912473268,-0.02893170479822993,-0.025706257891459416,-0.017607549302749548,0.019332189844528447,-0.026980655648964236,-0.04486716744614816,-0.005972354659682377,-0.004264081633343242,0.008025742503128042
2021-03-04,-0.015811969847129403,-0.009128157985388907,0.01119621163626583,-0.0201642726546869,-0.015368131972015253,-0.0036475067515361337,-0.03393256260904143,-0.008200673095421163,-0.015592228317340195,0.038747261897521756
2021-03-05,0.010738342462627948,0.007687481916645478,0.031043170256562558,0.019795073525812334,0.002324351754675158,0.0214795414914426,0.007376413188125097,0.031354744565151416,0.018487250624587004,0.03781300524249942
2021-03-08,-0.04167340903816563,-0.016167463748385735,-0.042711862863975214,0.008327727399217055,0.01325284172053709,-0.01817819128988707,-0.06967437080039263,0.01055710091416695,0.022561403583705397,-0.0009847846947663719
2021-03-09,0.04064965656210928,0.03756837366056898,0.016368578506841258,0.0019060322507482574,-0.007062932905326447,0.02810156207238057,0.08033278084051365,-0.008875883125677553,0.00040855083281932103,-0.015442737924304728
2021-03-10,-0.00916672931012752,-0.0017010173123747085,-0.0020436579417428824,0.009194664476777747,0.021735025940850417,-0.005817182351720129,-0.004153077086624379,0.009193320063507704,0.012751831393059465,0.030702512821786376
2021-03-11,0.016502610309774512,0.018298429776605563,0.031603025548782915,-6.273954847957341e-05,-0.005221392474611508,0.02026479279889082,0.042126898665715506,-0.0033767641999032927,0.013353114672390198,-0.007447043468170378
2021-03-12,-0.007625271350759744,-0.0077402727850476305,-0.02406027832400548,0.0028907533760158532,0.011858522032505814,-0.005819410764498656,-0.010582192605791518,0.009691728213555573,-0.007915007053705847,0.010765036505183012
2021-03-15,0.024456534237418337,-0.0025279442445658162,0.0021656856125860102,0.005137886933268332,-0.0049954483411819295,-0.003987557851495294,0.026077310402810028,0.0032777609797405294,-0.0048584165570932925,-0.02549625272998013
2021-03-16,0.012743171900599704,0.0033034103914528767,0.014334795059269823,0.005921551994800156,-0.01197129570293054,0.012350657745246574,0.007580839711168741,0.0029559077489795804,0.006404788365460989,-0.02119536647894993
2021-03-17,-0.0064506296096218385,0.014188848597238346,-0.0008014363062391894,-0.00371795211574677,0.010292164787633729,-0.002818737197690546,0.003761793458346707,-0.004032958927541741,-0.0074766352501050015,0.004398399720617618
2021-03-18,-0.03390498988760071,-0.03435878370750434,-0.029237850356980233,-0.0018660783214264898,0.016506619694300895,-0.02666212367998866,-0.04637865434381461,0.0021803187728175466,-0.010581888270748796,-0.04311925656729754
2021-03-19,-0.004480221165182763,0.015511909856343209,0.002780218425279646,-0.0026795733166875557,-0.015921190328815893,-0.001603646342416054,0.009687560706190812,-0.005361287592587138,-0.06235854406940611,-0.005632839906153486
2021-03-22,0.028335527712890274,0.01167821172408301,0.001840112601615651,0.0028742759097273307,-0.02687874797919665,0.02448476984262382,0.02650675397757407,0.01695172737120254,0.0053165617149899536,-0.010267310390211115
2021-03-23,-0.0068885284851146755,0.008560288075996736,0.005239718306485175,-0.0009346087674626524,-0.010002154920810136,0.006737290444761346,-0.00875923991397487,0.01858982818320598,0.0007211620409770525,-0.012341448431555824
2021-03-24,-0.019993610797228056,-0.016073304438495972,-0.0043110063084457195,0.009728781545414122,0.007761283493446847,-0.008923272893015533,-0.032725681603479995,-0.0003017962896747495,-0.00038425112983320187,0.0202825723890534
2021-03-25,0.004163542959415789,-0.013219634289670767,-3.438531441091186e-05,0.0003704568822679999,0.012813649268757832,-0.013250702230365619,-0.00852244185735751,0.006940252477594999,-0.00048038418536533456,-0.0028400394038955445
2021-03-26,0.0051414831085245805,0.0018941122432061253,-0.003803267732128024,0.01827506962861314,0.016650051853742687,0.017818705250723488,0.024251723045455753,0.014758732726572799,0.026734356021578254,0.027234066792580336
2021-03-29,0.001485007363587254,0.007765307334585803,0.010401331504245936,0.0067299962946874015,-0.015539083585192959,-0.005243320504586868,0.00848946393358907,0.015651698162477468,0.00458948178259222,-0.005371787187987698
2021-03-30,-0.012274577476678372,-0.006645597502498379,0.00033236895919230847,-0.006203385205070466,0.011789361969822831,-0.014411096502304988,-0.005907968635035954,-0.015410497703882808,-0.01216722547370297,-0.012369295118244139
2021-03-31,0.01876573169973339,0.01269600564306872,0.007842790640645081,-0.003999648283706914,-0.014565272363659787,0.016907609548120872,0.03701904099854514,-0.0001476265538773447,-0.0008019898151111482,-0.015170227426644756
2021-04-01,0.00695871287785188,0.02162845443110406,0.03261053075631626,-0.00924844452406448,0.009722595309669124,0.0279083760681913,0.03472366935351445,-0.008491422133073745,0.024228548789449134,0.027942000171125914
2021-04-05,0.02357720125822249,0.02079404593469847,0.041873008589924376,0.003684723148678959,0.005300446642027001,0.027728587576714148,0.012724538292988807,0.016160451791012997,0.010052668854216407,-0.015507794583784928
2021-04-06,0.0024621923201495477,-0.0009018902147276409,-0.004371404323785133,-0.00024481847747992447,-0.007030488441941873,-0.004858248304923651,-0.009008043563250467,0.00036620173957979674,-0.0017806182953876704,-0.0028319964224640115
2021-04-07,0.013390455773334864,0.01723733655641202,0.01347510861347545,0.0013468313553415268,0.015668206007948493,0.008230803257987418,0.020344074087782493,0.0017583387247925852,0.002835846645469431,0.004437231331446689
2021-04-08,0.019233637376595558,0.006071242952548017,0.005091532771718921,-0.00391181284305997,0.0012261542775204859,0.01340524546151678,0.012267099945066473,0.003802653586019611,0.0065215538639329385,-0.010425476896997243
2021-04-09,0.020251640414027827,0.02209562242522667,0.008993698589712329,-0.010554195289103063,0.007478395294262086,0.010266568961736278,0.005797375272492689,-0.006483929185991388,0.008246524003018507,-0.0023217905521156768
2021-04-12,-0.013233140894085005,0.0021321218730274705,-0.011472333926407341,0.0024183735895104697,-0.0021118343821970864,0.0002343886011024754,0.056180673768989164,0.0040330769994199045,-0.004718658766282191,-0.006622257973259216
2021-04-13,0.02430698351289262,0.006098747605224553,0.004370399164723926,-0.013363101030134272,-0.011926773361885301,0.01008157900669171,0.030935515178535544,-0.013219472256712272,-0.002031829100302307,0.003783548983193663
2021-04-14,-0.017853241493156036,-0.01970591825597423,-0.0055535172856554516,0.00275926081065081,-0.018690110223986256,-0.011218918445534909,-0.02567042073422776,0.0036269529709529458,0.004343518186571416,0.02889973703071136
2021-04-15,0.018707586610044125,0.013828409714570444,0.01933176104029788,0.002938870087664469,0.006348694542098965,0.015297771859691611,0.05630993455541744,0.012094234979073581,0.019371187818197688,-0.005931577176638725
2021-04-16,-0.002527668415045481,0.006022342354579324,-0.0010939051450389314,0.011534270272652636,0.007425734406885098,0.004778498470267678,-0.013927328764441915,7.275522644634158e-05,0.0005744317041433966,-0.005616116502540125
2021-04-19,0.005068498066046256,-0.00806900981526193,0.003070860837073086,0.0027738651253423896,-0.0042400413184358055,-0.007670441939548134,-0.034611113717762265,-0.004662794209943977,-0.0027383694790771296,-0.0031767534904308947
2021-04-20,-0.012829750461498923,-0.011067567276491497,-0.00469468165110265,0.023295649827565157,-0.02214216632071009,-0.001855088966849272,-0.012400958080250435,0.008344792195364326,-0.011116479456453998,-0.021069528149926908
2021-04-21,0.002929497107315937,0.008195669633476843,-0.00028964268036202334,0.0006608104178964513,0.008507900922797074,0.00898328742373078,0.012474210933428598,-0.006533539999280857,0.018675896945134385,0.01284175816336286
2021-04-22,-0.01168517037897876,-0.015758395892332966,-0.011337242300083261,-0.008463926498089025,-0.021057539562963745,-0.013086143821476215,-0.03321829327058945,-0.009927942935500034,0.0005274689038843317,-0.013035849333211003
2021-04-23,0.018038407157032976,0.00962218974677076,0.021047449124260043,0.0020584825153628916,0.01913563726362133,0.015476132565632517,0.027945808225450675,-0.005125254389792722,0.010678210819031975,0.00542782725916191
2021-04-26,0.002978055548032321,0.020389780364207244,0.0043480935274502475,-0.008458102029579306,0.002463648191361134,0.0015313866527646436,0.013936779068602245,-0.020009059651634242,0.0014781671362036342,0.001979498227458132
2021-04-27,-0.002449862666621061,0.0024729175512423485,-0.00820376636179887,-0.005727753188883966,0.004583076747043613,0.0016061828137159395,-0.006218348816641739,-0.0006092450108285963,-0.0018666752430654965,0.013110603497764828
2021-04-28,-0.006027101948158142,0.012017786731569835,0.029707832906189946,-0.007353857753721438,0.006479001996277489,-0.02828592398424068,-0.0068264680447130965,0.0016770561491794567,0.015397391523458648,0.03013632258035792
2021-04-29,-0.0007485797000258421,0.0037039347600635875,0.014293814388252502,0.013705457318267333,0.019444158211028295,-0.008053045074101983,0.003142113531877655,0.00844747279107394,0.01460691396963032,0.014283475324416761
2021-04-30,-0.015133295788202217,-0.001120636171800582,-0.016407773761201283,-0.008952520643642936,-0.008891908108135893,-0.0013068517923282563,-0.020571381601096173,0.0068672144116488365,-0.01393223595211912,-0.028843035092501412
2021-05-03,0.008215443459200777,-0.023340170719312603,-0.0044274941177363525,0.015240129894924737,-0.0029258352763295026,-0.0012690655261717865,-0.011509202745071723,0.011842285144992415,-0.004067386886966395,0.027603206176370243
2021-05-04,-0.0353853119488301,-0.022034541333801894,-0.015470962691917833,0.01549560940440009,0.013823570087918569,-0.016159606078399613,-0.03272288641439647,-0.0034072797878956784,-0.002493730722637033,0.006290130790088666
2021-05-05,0.0019552008016305855,-0.012479432999494278,0.0034418706767660456,-0.0041726494269770376,0.01312072323720459,-0.0053270448191693465,0.007473119746197465,-0.008027414806612954,-0.012153479129869749,0.03007278613362141
2021-05-06,0.01280246688710096,0.010955401769447537,0.009754772676155543,0.004010519972366122,0.020124327674074793,0.013226740408052828,0.004461204331195345,0.012588175989952655,0.009205677033719883,0.009512882642075171
2021-05-07,0.005327468150946535,-0.0044640578502762596,0.006237790137163968,0.004530450292054455,0.0034230210312851117,0.01093174655623752,0.019916558252327743,7.399315608180856e-05,0.0034583138090271692,0.014297262602074534
2021-05-10,-0.025804730120814634,-0.03072052637375966,-0.025587485067710802,0.01050453130886475,-0.0001242382488012561,-0.020914211076359157,-0.03689503211212375,0.018645729221370644,-0.02649487130895567,0.0024028086262395387
2021-05-11,-0.00741027133602945,0.010474816917876772,-0.009464369535071904,-0.008163091190724225,-0.016623253051705977,-0.003843591560887205,0.002838816496201657,-0.004939132724723572,-0.002168551890875281,-0.031799363210003095
2021-05-12,-0.02493839903253625,-0.022323796765424953,-0.03075251524008793,-0.004026869235528974,-0.006875323120310695,-0.029362475670474897,-0.03828722696390452,-0.010584812118810016,-0.02150955892455797,0.005358426121237159
2021-05-13,0.01791982161272787,0.0030235440044839024,0.013084961540129836,0.010463796566731576,0.025722548755477526,0.01686174640187854,-0.006777881886864789,0.016083609221670736,0.015569053432611835,-0.01232527793000815
2021-05-14,0.019844544554023846,0.019430851184491837,0.022135049687354913,0.0015295563101320742,0.01554166179322447,0.02106743046593862,0.04227883131223398,0.002106043867095009,0.014302189750015959,0.024789400152350982
2021-05-17,-0.009258474545044582,0.0147351540352203,0.004626173443295523,0.0009990782690560973,0.004024180553538148,-0.011968639861900332,-0.0054412718514282865,-0.002029037773868647,-0.0022031955653822877,0.0233665292568781
2021-05-18,-0.011245681335914193,-0.011653058569779051,-0.01155579103711113,0.00035191615911256413,-0.014088426951264998,-0.0085649703295263,-0.010571314529058684,-0.010236970426494962,-0.0038420879737693925,-0.028300244799638663
2021-05-19,-0.0012815360076071647,-0.000148514828115065,0.003991290468035036,-0.002170578546534574,-0.0076379488534704665,0.0024738383108615647,0.0035674075158684815,0.0020538740207121098,-0.004344672786520176,-0.023994697247471164
2021-05-20,0.0210120327826806,0.004913709794237331,0.015606484860285041,0.005820785396114081,-0.0017381598739549808,0.01382039341691832,0.03887081976334206,0.010248828810850208,0.008237368003149559,-0.002373763515850169
2021-05-21,-0.014767053092730298,-0.013732853548741542,-0.005557207103055517,-0.0006430799739420845,0.011378427698190308,-0.005314766259236325,0.025953882748992463,0.0,0.0014573967818352074,0.0013599532189805252
2021-05-24,0.013314156956951706,0.013084215261017773,0.029165857247680282,0.0038256093576092276,0.005410354107883819,0.022882134697459033,0.04137295285155429,-0.00028971309424696834,0.011244684862295129,0.011710651314427167
2021-05-25,-0.001573531175894316,0.004332851226203749,0.0007749075229208646,-0.002755499800685013,-0.010334131483327735,0.0037483048273825315,0.002289793414613772,0.0034065285484954355,-0.0013081288625046428,-0.02264720773474005
2021-05-26,-0.0003941261267751406,0.0018747562447005706,0.007380971476101061,-0.0059385566072212015,-0.00012355609195180417,-0.0009136644855992637,0.0033390320458990264,-0.0022395229161444874,-0.008514459136039432,0.011671768668538363
2021-05-27,-0.012376675958711836,-0.010734558114025683,-0.00740643923414408,-0.0015377353374966818,0.015572238105213465,-0.008668436112009958,-0.013503118526567603,-0.022733954054800387,-0.0009249308952660185,-0.006447066792293343
2021-05-28,-0.005347958082754567,-0.0021794289420000723,-0.0024678183803993337,0.0026065132555759263,-0.0006694845769400493,0.00148409396417426,0.04884467917464663,-0.0009627305109500828,0.001939551731596989,-0.0032446854526216873
2021-06-01,-0.0026483449743974763,-0.0013714148069622345,0.010323190068146637,-0.02197931168452749,0.011020214796044092,-0.009131696059711314,0.0012308057818173346,-0.01460889720599512,-0.00294766894565468,0.03580607536277425
2021-06-02,0.006276157478871003,0.004765962837133042,-0.004447463696674148,0.004047242766130443,6.047613486592773e-05,-0.0004041736114926975,0.03158708004362554,0.004364658894013829,0.013369845113132772,0.007938958526570117
2021-06-03,-0.012154086108769224,-0.014526941142032901,-0.009706449909437698,-0.0009625830068011876,0.0006621736310803428,-0.006429273872665453,0.011413342120492498,0.017908146861555396,-0.006749119037636198,0.003938439640333691
2021-06-04,0.01902203163584848,0.006027657821926935,0.019590521233780578,-0.00042141022010755425,0.001625008035954334,0.020674451735541055,0.03585785463408753,0.0007359368326624871,0.008899240180045842,0.004413297263004878
2021-06-07,7.951980730225294e-05,-0.0025606925929613222,0.0036472028271561374,-0.00680868661512446,-0.004686319805490169,0.012042142458459804,0.0023187278851777293,0.0034572135249058,0.005127354129717432,-0.006509462221431339
2021-06-08,0.006671921146496063,0.020669153552085318,-0.0016068220763191254,-0.00879630542173715,-0.003984202820285887,-0.004885580996060956,-0.009194564534875438,-0.011581734371391428,0.003155765244482689,0.01769047968600912
2021-06-09,0.0030772001258350112,0.005220349302289318,0.0039611015527210025,0.013464779321614273,-0.012484790002346258,0.00403844784656715,-0.005429078352894856,-0.00037098166387938836,0.0011203783114746013,0.008369535548813145
2021-06-10,-0.008023287098575471,0.02087684594544914,0.011291603356788027,0.008997968891693686,-0.015588564666833893,0.014393399953340102,0.0038452581838261946,0.007419108294012711,0.007059559609214006,0.0015962316259199305
2021-06-11,0.00983264060567457,-0.0008418265339896758,-0.0020245154438446322,-0.012688178282228457,-0.0006856476207315332,0.0025267274984965837,0.02297021185546133,-0.0068489339452131315,0.004317082867733024,-0.0092432865548151
2021-06-14,0.0245778622356172,0.011067127216432215,0.007699073421562286,0.002485392304759415,-0.016969216069074977,0.007755345128302116,0.010855060562512842,0.00037092669735416806,-0.003745308252251278,-0.0016083348469084768
2021-06-15,-0.006437789737579691,-0.0002186996793457352,-0.008379244381971795,-0.005321785398517909,-0.015168145422212564,-0.0058872972165586734,-0.012778124349072328,-0.0019274870508002584,-0.004699049308855896,0.03641054128951904
2021-06-16,0.003934033811921811,0.0094941835711142,-0.005328618984471345,-0.00036452098269901256,0.007024302052240472,-0.0037931085625013683,0.0012227046045092393,-0.013887590225802215,-0.014507728972672385,-0.0035754617704957248
2021-06-17,0.012600797964339439,0.02166464377780497,0.008039826749002277,0.004804587589676057,-0.02886048259093088,0.013676568074306283,0.04755717953892713,0.009112628892839592,0.011106292540120855,-0.03291708578942132
2021-06-18,-0.010091495097768521,-0.0006706583139327593,-0.013409254600392329,-0.019610548591920907,-0.025302867745811475,-0.005634451884905967,-0.0009918898718083158,-0.014627843778418081,-0.0074952425075891504,-0.02564943399516806
2021-06-21,0.014103796855793105,-0.009446804682075038,0.014165944507270378,0.011483278075361536,0.01696836644124189,0.01233467162925006,-0.011347359404106805,0.007877011952978297,0.016969567057732338,0.03625835475344252
2021-06-22,0.012698216246058935,0.01490466106187549,0.004252466024629475,-0.0013429509546335483,-0.0014621802991231503,0.010965894726441938,0.024935801054520423,0.0003756557370750979,0.006871171284447364,0.019172262275528373
2021-06-23,-0.0020897738134726396,-0.0004621896804161141,-0.0016634813371148027,-0.006050439976376554,0.006058076526699763,-0.0009039373041781484,0.009027597691641187,-0.0014272681974742962,-0.005298344405008426,0.007368135916953067
2021-06-24,-0.002168849195082312,-0.015622946391951387,0.003054125117218476,0.004549982910025729,0.009197835671278298,0.005353069682269451,0.007779013195378104,0.0006770750358451316,0.006647543513071508,0.004045806912958971
2021-06-25,-0.0022487767839406425,-0.013806561613952328,6.949333203309926e-05,0.005141719255119304,0.010097939156703761,-0.006261885273829426,-0.009085651775678327,0.014283606517331515,0.0045715998386755,0.002170011855872067
2021-06-28,0.012546267625328067,0.012474089136242261,0.00022442398994448887,-0.0011569262361929011,0.0018173689218450306,0.013961549883461766,0.050128664100860254,0.002964616501509809,-0.013610403160653983,-0.025518135835516986
2021-06-29,0.01149962891684364,0.0012340341405479016,-0.002150393903871395,6.092756815045952e-05,-0.001231145766581787,0.009972743731075928,0.0020890118436713845,-0.006798571974594769,0.00794577076581593,-0.006189612461094396
2021-06-30,0.004621457419449637,-0.0023143032508132766,-0.0014966976464277915,0.004328484729472892,0.009082439725412783,-0.0018423378709866434,-0.0012106741164984447,0.00394310046711821,-0.009027353951908457,0.007346125901289469
2021-07-01,0.0022632954894448165,-0.0020900020900020966,0.0029077288772618726,0.007405580816876256,0.009901339473160409,0.0025838458688751675,0.01047333231013825,0.002297808017918568,0.0056882008294956155,0.002853456362671425
2021-07-02,0.019596667393090073,0.022723749230608936,0.022973618407760688,0.018197207298608964,-0.000960597217012582,0.02227559554417846,0.013605855092335695,0.00488032159762386,0.014799036700223311,-0.0014226324222205156
2021-07-06,0.014718425596538243,0.04692710742205475,0.0074448257744976765,-0.005976903497111108,-0.016791585307917245,3.596234902403239e-05,0.010323743423408471,0.0005884435276568567,0.004064874432107679,-0.028494635283618952
2021-07-07,0.017954948999876486,0.005669564076709488,0.0022504357074093484,0.008572685684363535,0.0011733060310017418,0.008175757484137014,-0.015786019766483528,0.007501126140693426,0.0016694262355503309,-0.015642777283982445
2021-07-08,-0.009199352399547611,0.009422227593882448,-0.011306638019248139,-0.0019475729049128754,-0.017253478385573118,-0.008966658851198961,-0.023022308657111856,-0.00014591391698726142,-0.014124958823956035,-0.004469550004788769
2021-07-09,0.01305477978200864,-0.003234704202571881,0.0037947241835429857,0.0039621625114028,0.03199943978683617,0.0018745725930930934,0.007411044577818826,0.0003649329137669355,0.007860942812380811,0.018124499917059333
2021-07-12,-0.004203748918129024,-0.00021234814297532711,0.011607825447661257,-0.001590446560395531,0.014315813437672853,-0.002230999776213549,0.02305460071574017,0.0008029515837522094,-0.002516138357320341,-0.0009798902001845189
2021-07-13,0.0078891950722213,-0.011076947823728367,0.002882402698147102,-0.00123898453010296,-0.014873498126648732,0.013197834737763259,-0.012797242462178504,-0.001239665348484964,0.01883400182300843,-0.0047410187497971545
2021-07-14,0.024100686212558786,0.0011747744165069296,0.007032372183031654,0.006793816317734569,-0.0034050042845963358,0.005444952135982506,-0.02017252170415129,0.0073739032867994325,0.01501964245856069,-0.022174697727293635
2021-07-15,-0.0044921746676235275,-0.013711143174944485,-0.009607366479940094,-0.012029338291066227,0.0021915667738146016,-0.005238634130352526,-0.04411234166286926,0.008551731361994053,0.010406732656078832,-0.009743028968319911
2021-07-16,-0.014075864874817934,-0.01585423166667732,-0.0002755070532775017,-0.0016034823480814975,-0.02283500429038743,-0.000996306142643233,-0.04245683435087544,0.009701201789368286,-0.0017299534120264193,-0.027650475258705343
2021-07-19,-0.026914460535588103,-0.006727030092302577,-0.018839060934936813,-0.00725745390132948,-0.032519464695655365,-0.013321229062934647,0.03407026028863158,-0.0004980953725910453,-0.031073678425901807,-0.03436851316309253
2021-07-20,0.02597392036415358,0.0066486136498793424,0.013096185390935933,0.009408006903955046,0.018643457922907336,0.008338892250450591,-0.008932375967164452,-0.005340365220392607,0.009525481821853532,0.011020686368277355
2021-07-21,-0.005131606809881117,0.003361110852517335,0.01061331750943073,0.006173788808128355,0.021040654781616874,0.007446489139014023,0.0428753856016415,-0.003507878910285367,0.0039552636588988666,0.03216594751663027
2021-07-22,0.009628731570859639,0.014735635895966048,0.006840437210110073,0.002891069775606381,-0.01262609910353174,0.016844421241050123,0.009479702509093357,-0.0038315332974324656,0.001970230645118365,-0.011253386858449455
2021-07-23,0.01198897564477397,0.005115384934792466,0.03576891078117517,0.010648556612225635,-0.0019210703885300662,0.012336829644486791,-0.001837266931373538,0.014441323161512809,0.019988425182494884,-0.0012259051556733347
2021-07-26,0.002894350516089661,0.01180863619816197,0.007668402801084939,0.0004654768602383452,0.006704290473924068,-0.0021406572059131657,-0.013498612345234418,0.0035054520904711506,0.004939428518069056,0.02524561257846325
2021-07-27,-0.014900164746030509,-0.019846876786293155,-0.015928724213590262,0.0045967062882181775,-0.0013187151988368617,-0.00868319968245912,-0.0044572115822426595,0.00406345865533031,0.0027170935669267315,-0.011114914190814784
2021-07-28,-0.012196101373046608,0.0010837371680696428,0.031796678470749296,-0.002780212560331452,0.0016508832122885675,-0.0011167557418924057,0.015358401563999369,-0.014838805994603299,-0.015900842253774528,0.0067438747451733505
2021-07-29,0.004552278482270022,-0.008373940689987869,-0.0023255043202076164,0.0,0.008569445290805167,0.000978017656090735,0.00815254725639325,0.005188983552973703,0.003968688478352744,0.012195102744839037
2021-07-30,0.0015108005146782233,-0.07564890713277761,-0.0077404982979792925,0.00011618215444153535,-0.007973892169619856,-0.005549819121980493,-0.008290066268743956,0.01971602668997474,-0.006171459517079758,-0.023078291114493
2021-08-02,-0.0023309317835142895,0.0011690369463182027,0.0009499725314654484,0.0004064373143111144,-0.004018766264956342,-0.00031586016479867585,0.012872387060120838,-0.0024609648975435494,-0.02682732692798384,0.00017392340298649778
2021-08-03,0.012644236551278887,0.01043374884144277,0.005750703241703903,0.012306326172849769,0.011377958907023533,0.008075400775117814,0.003291017847085076,0.014589797956600536,-0.011218550572065444,0.01076736248347454
2021-08-04,-0.0027824769707087693,-0.0034222398904129037,-0.0037195294762865094,-0.005906497509820308,-0.010792032352677228,-0.002124449879673196,0.02316410887866227,-0.01055891369692985,-0.0017715485402696185,-0.023367763536628172
2021-08-05,0.000748346553589796,0.006340362999381677,0.008332885230751597,0.001903704235014958,0.012628394520574071,0.010505684863416409,0.017905037708256355,0.00049145340224932,0.014957520088774823,0.006333832929156014
2021-08-06,-0.00476656965483746,-0.009197334693852421,-0.0037651555277566917,-0.003339182269926022,0.028403638028853262,-0.00020736690707534589,-0.01313191071740094,-0.0076495889778046555,0.004954083054796499,0.011538447049741052
2021-08-09,-0.00034236729497105767,-0.0009177334401756498,0.008652496248683361,0.003465826289267948,-0.0010790063959984497,-0.0039036567752569473,-0.0034862839344589336,0.005445470970488753,-0.0057994893630424205,-0.011406829946399188
2021-08-10,-0.0033541231405822547,-0.006340816609805455,-0.000774129132834811,0.0003455776824354828,0.012266932011975484,-0.006554935899266923,-0.017689126088082485,0.0006330663266733705,-0.008041761402092895,0.017132942771274307
2021-08-11,0.0017859255412042696,-0.008603643493863333,-0.0038593537962277047,0.0001725270092700626,0.011930090125848114,0.0017802392554524538,-0.011887953111386906,0.0024599702544783053,-0.012643348312921687,0.002921835867038425
2021-08-12,0.020773184375741494,0.003459810192938395,0.006714010511164936,0.008055227414430988,0.0039090910935937195,0.009966849937288247,0.01045757488961696,0.002314041802727207,-0.01256703459588604,-0.0022618937994189903
2021-08-13,0.0014104182827163747,-0.0028848279463596915,0.0038887496901691687,0.005993169480938532,-0.011186948195127222,0.010489970487459921,0.01421752597432624,0.004826601479104742,0.0037102173267682392,-0.010113162080859328
2021-08-16,0.013547782582159273,0.0015239472057770875,0.004225768030852617,0.009021247778344232,-0.006563491851697578,0.005975770727073559,-0.011789140206201365,0.00696200866014296,0.011648409210700317,-0.014620319188822894
2021-08-17,-0.0061538795702617,-0.01728702615047184,-0.011915411099212903,0.009165363976259222,-0.012081049124869958,-0.005159865372665107,-0.024661886375325404,0.001659067864377084,-0.003526509715141124,-0.006793016564865528
2021-08-18,-0.025500917760786446,-0.012566487390164305,-0.00887206438549104,-0.012703835713655187,-0.009107421990850906,-0.00611896856384786,-0.02148217220794324,-0.01090539386869216,-0.012365016567896014,-0.021058414001464465
2021-08-19,0.002322697417532993,-0.0042078187123096855,0.0017052391210312656,0.007788316385547223,-0.008355843851488909,0.020775114926655514,0.039811186794414644,0.011793339721277274,-0.0002591693182864008,-0.03052031895203844
2021-08-20,0.01015680579826328,0.003827154714335368,0.012894368698071368,0.004871842913703128,0.0028520069492563582,0.0255752262928568,0.05141928578250976,0.0006897482294245805,-0.0009066788203844212,0.0001897970713009567
2021-08-23,0.010257408770206755,0.02060035500127988,0.019006279307186125,-0.004316557043161362,0.012797198829062495,0.0009531123968742339,0.054861450863974204,-0.005100405100595062,0.012015833042125612,0.04114518056586469
2021-08-24,-0.0006011690325907759,0.012220318769066596,0.008711682135890575,-0.01249916812782903,0.0061900403693986306,-0.006663558631179511,-0.007514230387586696,-0.008105369565743925,0.0004269805496170953,0.008195368262305047
2021-08-25,-0.00842163809605001,-0.0019965141547840792,0.005787052929346892,-0.006614183104487137,0.02061265637977283,-0.0020157710486823355,0.019272424775328867,-0.0035617404223499127,-0.007043995545360171,0.0018060897996756697
2021-08-26,-0.005526762360070214,0.005098257262930783,-0.004494092280688422,-0.0053375802829093155,0.005157884320684314,-0.009668236125693896,-0.00652799084049549,-0.0017522902656482708,-0.008899914742107162,-0.013523247996435228
2021-08-27,0.0071843143071295135,0.01014175672465778,0.01812434778860883,-0.0021350041547552046,0.008037322105908462,0.002106096676066427,0.025738707496592683,-0.0007723296779982292,0.009413726141020762,0.019374948664958813
2021-08-30,0.030416991120953307,0.021476998866989616,0.004072586257434674,0.004221293467883802,-0.01600729087999131,0.01291192479520964,0.0022969719389103194,0.004356501063878415,-0.006274529745076585,-0.010937702702637053
2021-08-31,-0.008424318786855678,0.01438520002272603,0.0007401575389973658,-0.003051597054067212,-0.003053987979542816,-0.005632398691363227,-0.013180652909838941,-0.003777985316282595,-0.009211536000077736,-0.011602557032941774
2021-09-01,0.004478343178770272,0.0023654092095504176,0.0035799597576351427,0.0035232096998036866,-0.001437983736071402,-0.00016548392272175416,0.002501667621689796,0.010183124372130647,0.0044521859355362015,-0.013756487441949239
2021-09-02,0.007475040324324667,-0.004564478889317991,-0.013280227265475286,0.006849138177496439,0.004632942381329164,-0.002253225157214711,-0.0020053617867256124,0.0007648849502766009,-0.025812719853384958,0.024363028476028115
2021-09-03,0.004230589131942297,0.004311086264728647,0.003157847691461102,0.0006285845688775993,-0.0060453126485204844,-3.288192354189423e-05,0.019958826147020048,0.0006948511268300983,0.004148470829988371,-0.003812815918828316
2021-09-07,0.015489188241896601,0.008982024369138308,0.0037639299948646343,-0.015538767922307906,-0.0017553617434327151,-0.003188175945997629,-0.007923761928429585,-0.0037489689976595297,0.005153132710190356,-0.00583185837211686
2021-09-08,-0.01008373032483012,0.004619174430729789,-0.004085907008405498,-0.0024376261924196063,-0.004459536871624703,0.00010012757543043094,-0.014252678435870081,0.007595635464699324,0.012463075256636369,-0.009165949283270636
2021-09-09,-0.00670480584480504,-0.011726004336084506,-0.0010439069804315526,-0.022280489659081693,0.004353308534035705,-0.009859728650777999,-0.007251906369825423,-0.004218608755926723,-0.006984424576452208,0.0007401461876455073
2021-09-10,-0.03310194315804171,-0.004308001431212238,-0.018566085765539753,-0.006544904543952956,-0.011495748179042309,-0.005180970953441499,0.013572752537060362,0.0009723776571295417,-0.011341113296678085,-0.0020336878976658923
2021-09-13,0.0038935393771259985,-0.0034532897607970625,0.010339074118734803,-0.007007015066582856,0.015886945744717718,0.00432849462965712,-0.014503170631811613,0.010753751995888683,-0.0012448202529209418,0.02575021081527762
2021-09-14,-0.009562104766754342,-0.002073980962099431,0.0014893057142291166,-0.006031650924744669,-0.01745247004980477,0.009428234797500323,0.004062789363924901,-0.0017157898295772078,-0.007122959338239143,-0.014267648837896774
2021-09-15,0.006143866580556878,0.007475391332653958,0.013223986248350306,0.0037625305563249167,0.006939471395901675,0.01677830713379258,0.00445106231848591,-0.0021316671885013294,0.003497415362456069,0.03371197640762391
2021-09-16,-0.0016105719638604965,0.0035819053548502566,-0.005674185811998744,-0.0012093334195987238,-0.00044244902774959183,0.0013120395796351048,-0.00443133815619845,-0.0069597177401984345,0.0023234133743457175,-0.010634469246705969
2021-09-17,-0.018347971377681516,-0.007373319866162298,-0.019567038053670438,-0.0028446031319483422,-0.002593692076406251,-0.017528095822988532,-0.015376404921660924,0.0015960364805265304,-0.011501078204045778,-0.011823630188938727
2021-09-20,-0.02136104193188537,-0.03084174438431353,-0.014776144924912193,-0.005705753887343512,-0.029933900060209906,-0.018574710084038548,-0.035935820540918595,-0.01004614812644189,-0.00766609425031517,-0.026649774142730176
2021-09-21,0.0034279290706931143,-0.0036057473697842513,0.002260183309333641,0.004395559654473136,0.00013066331496314199,0.001698755223952686,0.006299235435963668,0.0015401215308170624,0.0005450408079716862,-0.0009312599599855531
2021-09-22,0.016872619119751686,0.01089234819407503,0.008993882910670159,-0.003646882995828382,0.019153009482936856,0.01282208908637239,0.032712111638866004,0.0034242491231191163,0.011718531933150311,0.029269206922484026
2021-09-23,0.006718961575084448,0.01063594079605279,0.006647563891365227,0.0056733746946124874,0.03380123968758064,0.0032823737518099527,0.024656948584543814,0.004108328478230394,0.024960496240085783,0.033870527334774136
2021-09-24,0.0006128542914172197,0.0027868730462519142,0.007074156882025173,-0.003033073848782153,0.011539978568672282,-0.0007009662654686721,-0.017836682772289336,-0.004438664984585117,0.014366536701102994,0.008934934337604616
2021-09-27,-0.010549808622941637,-0.005756835077931344,-0.00803709866464375,-0.007240018670212622,0.024165933461774758,-0.01730404343441283,-0.01906615092853925,-0.013166135588342232,-0.008592862206631247,0.029692487553075075
2021-09-28,-0.023801270146566633,-0.0263784679831095,-0.0371585224194364,-0.0022063459946420894,-0.005389979146073531,-0.036203943302617336,-0.04436718742269585,-0.007553259135792745,-0.017595657449559043,0.010455451576973251
2021-09-29,0.006482773843416778,-0.004475351789266391,-0.01086993355140975,0.007432052828324709,-0.0007825804839974859,0.0016932689146342828,-0.008792853372906584,0.010171342670150851,0.004965141827632857,-0.0006674877610285401
2021-09-30,-0.009311608726831677,-0.0048710792439015105,-0.005042622246064887,-0.015364064798230936,-0.013618540210497465,-0.0073238659686148955,0.009699272377359902,-0.01563155197598809,-0.017336904673262987,-0.017702050479217468
2021-10-01,0.008127140992358894,-0.0005418778291703674,0.02144734575277152,-0.006377540954346839,0.02101509380267852,0.025467858088525253,0.001255262862056572,-0.001573792617236669,0.034612757340782396,0.03587212777548077
2021-10-04,-0.02460562991065629,-0.028471678341373097,-0.021117874611379372,-0.007789580469157009,-0.001076987286688369,-0.02071901887717953,-0.04869367786028689,-0.005659926197513654,-0.024863386046497626,0.012965617760842374
2021-10-05,0.014158312613664181,0.00978753803838428,0.017682884692462597,0.0022607527208915457,0.016330298652067032,0.01995683233702561,0.03643827919152476,0.0038909899897046074,-0.002002359584419744,-0.0016201992943184473
2021-10-06,0.006307073007036923,0.012732016728672857,0.011336397748677784,0.0020678006675167726,0.00213463608360831,0.015064101154963927,0.012175475587994145,0.013349405134666092,0.009942876053053551,-0.018338139081292226
2021-10-07,0.00908468486715086,0.012391203105561077,0.012066957609933704,0.008942634418475537,0.006330434529068674,0.005936433256543694,0.01811595542679023,0.008003610965214847,0.017835901493547412,0.0028103899164027
2021-10-08,-0.002721638454711517,-0.004181805261295635,0.004025849469717846,-0.002541080183080746,0.00076428186980948,0.0,-0.011577807590419709,-0.00414564244086546,-0.0012145050087610798,0.025057564252068953
2021-10-11,-0.0006298181140415027,-0.01286860335091844,-0.0062343730452540935,-0.004225671469503034,-0.021031707297213154,-0.0021024760067250847,-0.006528739129332384,0.004162900337180364,-0.022408523317469897,-0.009970893532385117
2021-10-12,-0.009103312798990904,0.0003172745113595443,-0.017744969914735953,-0.015974906629827035,-0.007681114134299505,-0.004588441984637925,-0.0011596311150637861,-0.0014754999665113067,-0.004708743263975856,-0.005198303194956955
2021-10-13,-0.00423995826536161,0.011378601203982708,0.008303393889137922,0.009575510961488343,-0.026366699301059726,0.01171129386547154,0.012965065605268666,0.002321982455917082,-0.007096777746461558,-0.0027759715992781153
2021-10-14,0.02022572366848374,0.004743759227551214,0.02594098636236075,0.005716257242652345,0.01534154455532244,0.021733823721741263,0.03854067137597661,0.011303121269508942,0.01222705871017582,0.015228480076791673
2021-10-15,0.007512715632998157,0.03308023939004423,0.0015374351890418136,0.0074325265945092145,0.019208583699433124,0.004822459761641529,0.005334096922765763,0.0025683151505906388,0.025801487539292678,0.009516092364202589
2021-10-18,0.011805940082471933,0.011064772529006062,0.009973795809420372,-0.007315561495809697,-0.0003600816705489063,0.010124770094322333,0.016466907185082924,-0.014402184233790583,-0.0014718736740262361,-0.00047926026805378275
2021-10-19,0.01508025524337242,-0.0007514424560826072,0.0032149286199161242,0.023419716508727983,0.01212852046002677,0.003058783381949537,0.0030601203949325306,-0.011802945866615677,0.012443193987675683,0.01502568253339387
2021-10-20,0.0033610634022980257,-0.008446195751808605,-0.010248827632220125,-0.00054933698137416,0.013466043759236879,-0.002660229258526603,-0.00838948602228795,0.003910457274590495,-0.008992904075260877,0.005511596257704809
2021-10-21,0.0014739433004642422,0.005841756945129006,0.0008253602440659868,-0.0023198685301231148,-0.007843543792593666,0.010897470444676705,0.026648187699348735,-0.007197123345910494,-0.005098819794855158,-0.018167543155430232
2021-10-22,-0.005285001844030801,-0.028954833317208384,-0.030443598632210134,0.0019582341679220683,0.013451117557988335,-0.00514835439356065,0.0014979473744261007,0.010765967697613066,0.004299740035531352,0.006859232043800789
2021-10-25,-0.00033618049549721807,-0.004550989805058192,-0.0008685904942719036,0.0021988278250308912,-0.004889921237692274,-0.0033319388658616944,0.019361080634119787,0.0001420124211344298,0.011460461254747534,0.019486752241111294
2021-10-26,0.004574770054815325,0.01677526160393561,0.013543512920063838,0.010178244303400863,0.002691165711001142,0.006426175054867311,0.06695169521164934,0.014199529438755798,-0.008808012675400323,0.023154473671873177
2021-10-27,-0.0031476848291326354,0.004863638245470758,0.04959489933066874,-0.012126769966362416,-0.020828410259082775,0.04211392160340499,-0.010761793851151169,-0.0071407565226440095,-0.06919152073300028,-0.025972045649197195
2021-10-28,0.024991643899815896,0.01594115275917063,-0.0025203491955970714,-0.005435566091331445,0.015074770260982362,0.003651240084012519,0.02004025848703539,0.005993126353205147,-0.02752807209586905,0.0028067904102360153
2021-10-29,-0.018155250426750258,-0.021511245053778105,0.015063833416294248,0.00018418774971351581,-0.002758986443119227,0.022414073838648463,0.02509910428463047,0.00217286236635017,0.009197509407717241,0.00248818356840963
2021-11-01,-0.00560750394025733,-0.01610709978002456,-0.03072724451984743,0.0008597775769021432,-0.0005294931832662275,-0.006784780866824214,0.010169361875517424,-0.0024475864526903868,0.0032582012643485037,0.01799254311832832
2021-11-02,0.00711572184917908,-0.0016154097805501921,0.013488190069432582,0.015764613248242743,0.003945539223861871,0.01141579285697003,0.022224739749020728,0.009955177672122284,-0.015626457674583816,-0.01234174388600262
2021-11-03,0.009798666095288011,0.021507811127532195,0.008014147544698869,-0.0032004217462932028,0.0003518279040581884,0.0026115389415697354,0.007461848691913131,0.0068720320023951675,-0.0049728515298966824,-0.013730443308237805
2021-11-04,-0.0034983913858638305,0.02748232410840923,0.011388107010339654,-0.002787173838518009,-0.01313527254614344,0.007305159556387997,0.1204225882078025,0.0018617744015105853,0.0032678496500306853,0.007508355018563728
2021-11-05,0.003582220168882211,0.01207642928374364,0.003942291579236201,-0.007107906077757686,-0.0014264566477262264,-0.0011293916633500212,-0.0016441712827715005,0.004954367174847096,0.03779085845816521,0.009470581268950395
2021-11-08,-0.00555260140392011,-0.008527948857282919,0.0012024501149190403,-0.0034264677918010022,0.006010591772793061,0.0027675504147217644,0.03535904921598787,-0.007463884787602848,0.017630597764070277,0.010765985523150556
2021-11-09,0.0024592387709823083,0.025007238016599764,-0.000754773422844246,-0.002210517220937902,-0.007571363113582863,-0.0030862531903008694,-0.004772217617596164,0.0030357067792294856,-0.03220113783925327,0.009738169150807163
2021-11-10,-0.01916313435327388,-0.026334994227121156,-0.02031323136109453,0.01083018683460879,-0.000953793731906627,-0.015329675312896751,-0.03907757539425383,0.009835686932969212,0.011947790703208394,-0.01970065517537778
2021-11-11,-0.00033817662759505485,-0.0027425987825921982,-0.0008705066950406293,-0.007366104737153822,-5.961797739273411e-05,0.004927323986039678,0.031603416160667974,-0.002860880935896648,-0.02384508365374871,0.0018693919370036394
2021-11-12,0.014337206598501018,0.015162029225161966,0.01997372686777865,0.01195882077197985,-0.004474677643017899,0.012905225217518579,0.0,0.0010927580549258131,0.00793649959828957,-0.007619320970937982
2021-11-15,6.680594631203185e-05,0.0058238044631160335,-0.0015200680877851536,-0.009029478407665548,-0.0017980187029632555,-0.001930584542391478,-0.012010646941283842,0.005731564173163672,0.0009901513481962443,0.008618180099169592
2021-11-16,0.006666309420934047,-0.001404486161877938,-0.0038800473565498983,-0.005198372464289336,-0.007204515913487031,0.01023596764109791,0.005928458000547199,-0.0014245219351761707,0.013565690677260989,0.010097654179851867
2021-11-17,0.016490446354962218,0.0023441312596286235,0.0011564620609862963,0.003750189570199236,-0.005381932605235562,0.0006786869669479501,-0.03118897217186478,-0.0006115298315856332,-0.04703050510737383,-0.010919715081129766
2021-11-18,0.028535908110607355,0.04143700734081479,0.012101010166129633,-0.005389715859697386,-0.008634132435531128,0.00634001800757189,0.08249894856499651,0.0001360174577069717,-0.008436417422623466,-0.010884704647110222
2021-11-19,0.01697591983547264,-0.005273114275827329,-0.006086911317070842,0.003017524281943018,-0.013063575128098082,0.0053916302737810895,0.04135744095196747,-0.0020390536892248567,-0.012147687361302784,-0.0462190761130834
2021-11-22,0.0029276218766605133,-0.02828730052206352,-0.017622534682494084,-0.01316222018357871,0.021315261319625245,-0.009559725408233133,-0.031195850709645034,0.0066746505385149035,-0.026286968543105527,0.013845328580672112
2021-11-23,0.0024218200901244824,0.0020909577736383245,-0.0035541662598108648,0.006199132762234827,0.0239122770887219,-0.006326772101681422,-0.006571635782317897,0.01109620731356098,0.014878975259597027,0.026337266870012366
2021-11-24,0.0032838226480491617,0.00010331533981333685,0.00231837430166304,-0.002800299827029562,-0.007843995398135184,0.000681212778279594,0.02923198695375495,-0.005219441123977986,0.023981029782055296,0.005544077601697728
2021-11-26,-0.03167836819697356,-0.021184701669844985,-0.026943664807442702,-0.006490536006129366,-0.030126879470959378,-0.024355458817917452,-0.03583889892722192,-0.00800483004631447,-0.027552505500346824,-0.03512931396078034
2021-11-29,0.0218735458801409,0.016267432688752415,0.023543544128784566,0.003454961186981187,-0.004323070189287237,0.021081041188836247,0.059454649215814115,0.010510550940425079,-0.006880501597051003,0.005551345360908844
2021-11-30,0.03157749863002968,-0.015302274022490625,-0.024963670147576722,-0.023912421268785344,-0.014885475605034504,-0.017942760020666748,-0.02097332357723236,-0.029794649247978366,-0.012838538913904962,-0.02841401270382804
2021-12-01,-0.0032060721145752424,-0.0180634873037836,-0.005961925260857925,0.013788286380675752,-0.005918433461175487,-0.0015427688805912387,-0.03786094653244776,0.012587999032111163,-0.01863035002712876,-0.0008355665997965556
2021-12-02,-0.0061301220833491765,-0.0018468889124809706,0.013572956894279509,-0.006262880562960316,0.02102744941466872,-0.0017872096600116683,0.02198173824822458,0.005874378301685468,0.04275361301910041,0.02492055851792907
2021-12-03,-0.011724360954467827,-0.013839076006382012,-0.00674636887629787,0.014577879814201111,-0.01811316380755379,-0.019666524813339192,-0.04460533958077528,0.017791721433923602,-0.009934818259042077,-0.006364195920224303
2021-12-06,0.021502712322708506,0.011086219388703134,0.008123007461935838,0.022336544054868623,0.011813793435957454,0.009844766618339884,-0.0213732080782989,0.015145410881235444,0.03239588900017343,0.011331832463591596
2021-12-07,0.03544653280995069,0.027986504263362688,0.02874169860977327,0.002577678458511201,0.015047424923403385,0.026763433288818694,0.07956852284213656,-0.0026290458096973612,0.02313990233698915,0.011204933224503222
2021-12-08,0.022783065282611314,-3.689871657430732e-05,0.006226438268459367,0.0059987653348323455,-0.011440984504000329,0.0001492648422745102,-0.01853383374796569,0.004480854520432009,0.00781222277471616,0.0028906553368701626
2021-12-09,-0.002970282642643096,-0.011279643604146683,-0.003697828144070714,0.009492598713548572,-0.0015557047387185774,-0.005582598808650863,-0.04197832042349858,0.005839166736096413,0.011483825077561516,0.002562065362637478
2021-12-10,0.028013528452632608,-0.011247564604614624,0.002458658717211959,-0.0024711504813018648,-0.0039884725560968,0.028339707470656395,-0.009576723830056921,0.013957628671104283,0.009508363779026308,0.0063887237200666025
2021-12-13,-0.02067425624088981,-0.015356076499860039,-0.014695696718647233,0.017886146309886275,-0.01188838434955164,-0.009166750059052875,-0.06745495290000525,0.014215900423299566,-0.011152681257154073,-0.021901208095955194
2021-12-14,-0.008023277273414342,-0.0028071293797337082,-0.013163039613684813,0.01092336693960072,0.007662178885595283,-0.03258673579493909,0.006249839482026731,0.0036785514624866344,-0.0049284922631531725,-0.0014602643241120594
2021-12-15,0.02850896709025852,0.024977573145925636,0.017608531100546054,0.004991207505319117,-0.007478426375469804,0.019217849280908306,0.07488431942740159,0.0038546661090164136,0.011096315689297809,-0.004387489098984343
2021-12-16,-0.03926373884841228,-0.025641174633125208,-0.01362973524945954,0.01092681117299854,0.015638996472807642,-0.029134954248633327,-0.0680258310244044,0.014163433649260204,0.009702859278083453,0.00163227556174661
2021-12-17,-0.006501901688455769,0.00678920370502567,-0.018830889039679333,-0.02762857727790513,-0.022754319445226767,-0.0033858805932018843,-0.020643236690196187,-0.022655389823219574,-0.01161533917775981,-0.021835047932133866
2021-12-20,-0.008121834077503443,-0.017283556389377508,-0.0008325681092851145,-0.002853063075779594,-0.017989104954729496,-0.012013240443072726,-0.0029494497147901644,0.002540278137085794,-0.014819813082189826,-0.014492472819421898
2021-12-21,0.0190865997514702,0.019978649621920752,0.01317358187039619,-0.003218892552063757,0.013966269930813402,0.02306887656502199,0.04891946378864209,-0.0006334061573323169,0.03180980655990173,0.022650498948244557
2021-12-22,0.015319112846617688,0.0036381058820253998,0.020509508077815708,0.004305854688503974,0.003908071682513059,0.018057450746885362,0.011177921814432779,0.009888570502363692,0.011978844879138473,0.008099147620969749
2021-12-23,0.0036438103210338912,0.0001841364158221559,0.0034250442482155474,0.001905405062033294,0.0035734491548438108,0.0044717757661927315,0.008163404764887527,0.004895764645772571,-0.006147859279450274,0.0004917406926383538
2021-12-27,0.02297470368994725,-0.008178022851368039,0.006738480927825252,0.008439921718401244,0.005723231206767432,0.023185550473782346,0.04402812995450245,0.011679890562630524,0.004662506778425168,0.014257633844928064
2021-12-28,-0.005767270544916769,0.005843719029521299,-0.008245000730640828,0.004007577809176377,0.0030350991970993224,-0.00350432522358346,-0.020132321787215912,0.005371393428071469,0.001929892052876081,-0.003231487369844799
2021-12-29,0.0005022118125546093,-0.0085549217086347,-0.00021818099388526413,0.007044553870716896,-0.0005044810037068137,0.0020515950294937024,-0.010586532880665911,0.008290632724381686,0.0005503046047148352,-0.008753497125979948
2021-12-30,-0.006578378369912596,-0.0032890070546229833,-0.0030991821203276704,0.004430084860583827,-0.0005043039585540532,-0.007691418286080887,-0.013832725251343603,-0.008648503610292901,-0.0013749686511924653,-0.0058872712000610505
2021-12-31,-0.0035354967252030356,-0.011429400216389607,-0.009223578109801456,-0.007196153622367363,-0.0008203797976238381,-0.008841066302021972,-0.005915123564476321,0.004976117831038129,-0.0053243681127013165,0.006580216743522049
2022-01-03,0.025004520091134852,0.022118320898886212,0.0009630606411505926,0.0027470911839999612,0.021155578051615942,-0.004668234425285189,0.024140746182830686,-0.004157220617813762,0.021780321798771318,0.03840497899854589
2022-01-04,-0.012691636612537027,-0.016915587005979504,-0.004082964791329857,-0.002681625255004705,0.03790983010218585,-0.01714710725374391,-0.027588707071442342,0.0034994061012134647,0.004651507413016898,0.037614045049297884
2022-01-05,-0.02659991925969052,-0.018893091563845,-0.04587625623788005,0.006663587821358785,-0.018282465385063618,-0.03838795416158458,-0.05756244628638185,0.004526997972237545,-0.011058140077156442,0.012437576053916377
2022-01-06,-0.016693109491497382,-0.006710981961323137,-0.00019955614958089285,-0.003425715761374515,0.0106243203236005,-0.007901592875408814,0.020794118307591036,-0.00840417679175176,-0.0011364316605712022,0.023520270102463492
2022-01-07,0.0009881021216111563,-0.004287778294336242,-0.005303151202560197,0.01351741813685381,0.009908168371037585,0.0005094026010519226,-0.03303976094839489,-0.0005522662625543351,-0.012695980482845592,0.008196902558901709
2022-01-10,0.00011621787860671695,-0.006570176170610398,0.012060391727635178,-0.004943926618487859,0.0009571221293331877,0.0007323915074464171,0.005615124411090022,-0.013641699181333955,-0.022999862223975764,-0.005952222674888152
2022-01-11,0.01678382732428907,0.024002125643924677,0.007691190732471487,-0.010630144487070003,0.0010163891995991214,0.0022592762432949165,0.015218937154104273,-0.011587381607674696,0.011369609525852864,0.042062007820846015
2022-01-12,0.0025702808953655953,-0.0009373300985386912,0.012126139524635704,-0.008525942312871626,0.005671904351279844,0.010445060414469243,0.006542836487898329,0.002205959056045037,0.006203898528480023,-0.0029431304772646882
2022-01-13,-0.019028153568605766,-0.024169655027437842,-0.020105205847797625,-0.006066219249795224,-0.0012470423264282493,-0.04232264928253837,-0.050859098122086,-0.004528251926194327,-0.0032915272381858207,-0.007169193197500756
2022-01-14,0.0051109076477071635,0.005731487003565627,0.006447353206165074,-0.005451497103477809,-0.06146356595292224,0.017716848067179214,0.013810207937548613,0.00960265978365027,-0.0015348611339199847,0.017556387756309855
2022-01-18,-0.0188944176543413,-0.019862738846190164,-0.024967629261117175,-0.004408748668771834,-0.041927779375785734,-0.024339318816899103,-0.03856440841609032,-0.019272836826163764,0.004844694235224267,0.016836056110266062
2022-01-19,-0.021024605029176024,-0.016477101806013472,-0.006481799785815201,-0.0031119353135992123,-0.015469122475599284,0.0022466807994470095,-0.03227429378814861,0.033624956823248064,-0.0047749984480833785,0.00041038952612759694
2022-01-20,-0.010347283696016674,-0.02963230963415675,-0.013388604020933448,-0.007984213380515803,-0.008527199070769376,-0.0057031748467074594,-0.03658188164985732,0.005399346119692172,-0.001537222535525018,0.002188618355575045
2022-01-21,-0.012765382143170578,-0.05950180896147472,-0.022174101222543374,-0.0022998039550959914,-0.01747258860157197,-0.018467948892344266,-0.03213256363137651,0.003827076945063901,-0.03928144153701085,-0.015013055227291128
2022-01-24,-0.004863980472194274,0.01332698348311534,0.003471454593208634,-0.011524053315579819,-0.0008960886545069657,0.0011483003709769068,-8.570646232453072e-05,-0.008116987291049482,-0.019812320635451797,0.008590817451226807
2022-01-25,-0.011384866647828895,-0.031533745543573244,-0.02957869852596684,0.028594257243370835,0.010900240293924446,-0.026588526425778802,-0.04483986499297421,-0.010911321463034196,0.000743029579899579,0.02939975977681364
2022-01-26,-0.0005630461775035789,-0.007954330670553511,0.01810374770061851,0.00447397685601425,0.009486060478017588,0.028493318867062634,0.020068060036961377,-0.008712779711034457,0.01915832180295962,-0.01014303869017319
2022-01-27,-0.0029433879426358223,0.005508645722495764,-0.0017643890261006545,0.013125214657023765,-0.017644725837668296,0.010548909975509613,-0.03636049848224843,0.0061968897036732695,0.0013601660272359872,0.01280867261948937
2022-01-28,0.06977812222216562,0.031084056738273746,0.03368872821312996,0.007034540863592342,0.008946353717336653,0.02808187010308516,0.04083132737388917,0.008609312898179011,0.10599066480624608,0.0021298194417123106
2022-01-31,0.026125345100699526,0.03886361030218932,0.01464199797771526,0.0029103568882686837,0.013573707278266012,0.00882368719686144,0.07206668796175131,-0.00031130582132343765,-0.008026272485198271,0.009032761430508796
2022-02-01,-0.0009726538877401492,0.010830762802234384,0.01729793504954591,-0.008183824764184444,0.017159915167088036,-0.007138750933029403,0.006207408459713681,-0.004425314423953219,0.027368609046940273,0.06411273758576996
2022-02-02,0.007044483154881487,-0.0038427158906232384,0.07523772691199282,0.01106047459284265,-0.008005046057654952,0.015222138815366382,0.024515235898066257,0.017904201725091884,0.013169267889011627,-0.0025978407929369007
2022-02-03,-0.016719916173633442,-0.0781276325178123,-0.0331758247461873,-5.802957661094066e-05,-0.008270437779374307,-0.03895234325919328,-0.05126404946847063,0.009470876792122107,-0.016481086311466164,-0.011659928517021134
2022-02-04,-0.001679398464096038,0.13535901735711864,0.001418700815610352,-0.006540754588919895,0.02595850176622183,0.015568492755241747,0.015492037580055795,-0.015901000700488277,-0.013604638173297823,0.02171209524789597
2022-02-07,-0.0042344942279585185,0.0018777353189827206,-0.02855684559744509,-0.0033211669057673365,0.003343056039783132,-0.016310357175179924,0.01681816540305614,-0.00749072748985069,-0.005385407669179498,0.012037796194871886
2022-02-08,0.01846655325452118,0.022021627828944013,0.0014223950358833726,0.0026307429242760083,0.01881482023104053,0.011995417885321658,0.015367192504104343,-0.0022457234996079434,0.0034337026577273555,-0.02585248410283658
2022-02-09,0.008293997112262863,-0.0013877341505965646,0.015731792794033472,-0.00011650724625511533,0.0041680400526245,0.021834931000640267,0.06360521210805858,-0.002250352425729907,0.01285407522102644,-0.004787388151117122
2022-02-10,-0.023599035258174528,-0.013561706274733853,-0.020989878682043384,-0.012070930027324733,-0.0041507396037082644,-0.028373359339251558,-0.032990067578184123,-0.015225658524690933,-0.02128020621887694,-0.009619942316498764
2022-02-11,-0.020218260526995047,-0.03591110674363196,-0.03129069725732625,-0.010093163886370271,-0.013016863034499782,-0.024274145539893266,-0.07260700788110996,-0.00559929153987615,-0.0039894606733045235,0.025178592472966388
2022-02-14,0.0014233815585986687,0.012221683270054351,0.009260358950396341,-0.012581291775820236,-0.009290644983227403,-0.00013550960469954632,0.013278334503776135,0.0028795117770137324,0.002892923182017615,-0.015334629993557725
2022-02-15,0.02315201714011139,0.008658352201907249,0.007987490807911168,0.010326198304067224,0.014624217673234075,0.018542309695157577,0.09181192210255906,0.0005105809511924964,0.011005627204964563,-0.01253485034163937
2022-02-16,-0.0013887446727874897,0.010159039538768955,0.00826823179311087,-0.0005974707176625849,0.001809251047902416,-0.0011670753380923493,0.0006038015449261191,0.0075881526640657615,0.004389343866097795,0.0046160292179728835
2022-02-17,-0.021268922710341975,-0.021808901106176726,-0.0377455767050735,-0.006100583221938627,-0.023032024411340668,-0.029282122017796675,-0.07559124358581848,0.011455046084466014,-0.018398704673868282,-0.001531568963187513
2022-02-18,-0.00935609943583171,-0.013261957754408193,-0.01611606493674833,-0.010718718926418513,0.004688626601174306,-0.00963111482870016,-0.03529604563054689,0.0005006346342875112,-0.008548150764369766,-0.01112110461045368
2022-02-22,-0.017812116648302068,-0.015753494788264932,-0.0045204939170534475,-0.013589646851491222,-0.0017746402532639038,-0.0007293004984870732,-0.010658875909959509,-0.012320308866891838,-0.006152134465432169,-0.011633938250872111
2022-02-23,-0.025864142059164985,-0.03575624663287669,-0.01714400776787084,0.0004964926781769741,-0.02093907414200069,-0.025893130374921136,-0.042881831027877015,-0.012473992304891324,-0.024263598326955904,0.004054479532360711
2022-02-24,0.016680103782118705,0.04509522427819257,0.0399957095184742,-0.019104199535055044,-0.02784309504032534,0.051093454546151884,0.060794409017911555,-0.026929903267425948,0.0062517269888431315,-0.012635159985077582
2022-02-25,0.012965577169427256,0.01605793012842116,0.013328340063921695,0.049702899704550774,0.02365955804394604,0.00923318869596268,0.017222544009502183,0.04269893094786026,0.009065694033298044,0.026913041309148955
2022-02-28,0.0016377525798385584,-0.0014662630028149382,0.004443649129748595,-0.008614378692738733,-0.04169760823763857,0.004978173767879346,0.009438399282712284,-0.014850884928475971,-0.014365820092634984,0.0074510645931062935
2022-03-01,-0.011627722559915288,-0.015765550251120253,-0.007371113791718731,-0.003463648758598281,-0.03772927982050889,-0.01285194393825917,-0.037236210780443924,-0.01654998652430628,-0.033083587933293135,0.009563845825616646
2022-03-02,0.02058814371259765,0.0060241839623909055,0.003804386268704496,0.012439036488568922,0.020740400562059502,0.01776555072542685,0.031823856437509956,0.003130692243425104,-0.002344660136311516,0.017178370956345557
2022-03-03,-0.0019813446077777686,-0.027319556126581324,-0.004993615132325102,0.014695099343027707,-0.007108185746844353,-0.014224109876772806,-0.020891876993367475,0.0037063849712248853,-0.005996001103133586,0.006333370477489275
2022-03-04,-0.01840838852449045,-0.0152637929917393,-0.014884497896669457,0.0059353710407374916,-0.028129290382826633,-0.020478764831861618,-0.032807399658742686,0.0050534042294372306,-0.03348937664203977,0.03763532615712717
2022-03-07,-0.023717649261680518,-0.05622045424233624,-0.04190826948911275,0.016108227765459393,-0.038615839101081684,-0.037776698951824006,-0.06906198013302756,-0.01482524090947901,-0.0478805305966119,0.03603295163707276
2022-03-08,-0.01167600395364865,-0.010465446730283379,0.005744532036241701,-0.020266148005721463,-0.007042978949522549,-0.010971371623220039,0.007587147095789781,-0.03958401299878622,0.005296314082519293,0.007575606569107496
2022-03-09,0.034997280719723634,0.024001199930983708,0.04968761150027623,0.003793393804944145,0.04006237481419328,0.04585845626852891,0.06972204867789467,0.013488612184539894,0.041990549161898594,-0.05684652803162071
2022-03-10,-0.02718591486644517,0.05412515560997311,-0.0074239393226830375,0.00177132865524543,-0.011840516917209332,-0.010086803980280057,-0.01546897489321497,-0.025744282319156153,-0.008960758896774279,0.031042402224881638
2022-03-11,-0.023908820444894174,-0.008806846762653975,-0.01932365015816695,-0.0018271161674485725,-0.02252388600403643,-0.01932839474028547,-0.02462697536956293,-0.011867380940355998,-0.006364651260129084,-0.00515484624426954
2022-03-14,-0.02656240571083912,-0.025229488143872714,-0.030180047496646933,0.013817606495132972,0.009930881324641927,-0.01296098249616029,-0.034841372363791145,0.01277765013097043,0.01840271803162774,-0.03579796611689601
2022-03-15,0.02967736780914243,0.038867730338306705,0.025779920969466907,0.02591873506092779,0.01774596514666582,0.03874233124624604,0.07702748770891388,0.035987925077833216,0.029002186165616672,-0.056912738007535824
2022-03-16,0.02901558716144237,0.038933563723705156,0.03159877035995562,-0.00919714737158106,0.044686093223875734,0.025213582240668053,0.06629516019540693,-0.003394205324215638,0.02779641283123624,-0.0037556726067176083
2022-03-17,0.006453781919721235,0.027007748989816838,0.004190508574886342,0.0130644996589937,0.012644702414205344,0.0028192516267990797,0.011022363281593117,0.003138405632192809,0.007457601188882501,0.02664754785679957
2022-03-18,0.020919047579303962,0.025512151358369817,0.017083957313973164,-0.011086151143026579,-0.00035675907651167016,0.01764789097556063,0.06811743979703744,-0.0005324796133058252,0.02651691013145485,-0.003924890677631243
2022-03-21,0.008537448094775746,0.0014945523217748669,-0.00017630339835827957,0.00566219264072676,-0.003212523938372236,-0.004227413193965801,0.01062254161402465,0.0037963494999802005,-0.009447548034413389,0.04487071315672875
2022-03-22,0.02080086036383544,0.02103830044237709,0.027673995425030684,-0.0047201899250337576,0.02126770291232538,0.01637948945349499,-0.007855133848627016,0.007696359962844124,0.006588816901725636,-0.004379397977013699
2022-03-23,0.008233310874428357,-0.008981816492546923,-0.011385761244277037,-0.003771605901850217,-0.01991320224121096,-0.015030218689609187,-0.03355451001288656,-0.006979294025023952,-0.017348033861593226,0.015762606272083257
2022-03-24,0.022678154196246192,0.0014779010051912955,0.023840136676577472,0.005162489252846347,0.006510582403977283,0.015393005217774647,0.09815093140765763,0.0017239298919375923,0.012250854016524926,0.0030073598188691264
2022-03-25,0.0037340548434492415,0.006868294014676479,0.0007135312358574897,0.00958664160689393,0.008742443659928378,-0.0013812502196214327,-0.016269948709919047,0.011583288280075932,0.005153855746739211,0.021827715127733738
2022-03-28,0.005036557936029196,0.025592678900108856,-0.0015352475628800377,0.005143512563462238,-0.0073983247219501225,0.02311646117405619,0.019030725935882176,0.006870413523616836,0.010712951772554602,-0.02805193558272756
2022-03-29,0.019134406263592973,0.00192027764251268,0.007422939755773905,-0.0005059138126392027,0.0022001302255885147,0.015159374910328927,0.01548593554629285,0.010267658750111597,0.033292520356739574,-0.005313263700490012
2022-03-30,-0.00664953581465022,-0.01780118433038691,-0.003978759783242247,0.010408191108805864,-0.004533010136682503,-0.004914217944017141,-0.033710134977529504,-0.006882852221371749,-0.01827983332337013,0.01711790017285386
2022-03-31,-0.017775735664849468,-0.019864567358571672,-0.020227163383846336,-0.013141069934203942,-0.03002694320685706,-0.017683342340268804,-0.014590153763758384,-0.010298578163516758,-0.009734378276696654,-0.014203830763592773
2022-04-01,-0.0017181489413556905,0.003450973226124532,0.007787511444490303,0.005416920439448969,-0.007409019805945216,0.003600806112972199,-0.021036380590474746,0.014986880713819373,0.020697090937991325,0.006417362291832873
2022-04-04,0.023693601270001974,0.029264484561530857,0.020128459759226836,-0.009652619072214152,0.004434306747124417,0.017936471056078096,0.024258801225175874,-0.006512345729830282,0.0060966152318224776,0.0004813669931775788
2022-04-05,-0.018942118547842002,-0.025492089193307588,-0.01665025200198078,0.00646016648997394,-0.011637532161344999,-0.012985408291212641,-0.052229501734154415,0.003504732012463707,-0.007245134790436425,-0.005170906943921083
2022-04-06,-0.01845089487890872,-0.032300120131985244,-0.028757042344895956,0.026011913789939722,-0.013874228270388644,-0.03660550528689577,-0.05877124928660005,0.014293001353022694,-0.03131501823073013,0.011120436715309712
2022-04-07,0.001804277977648372,-0.0061194323502751224,-0.0048299032362110195,-0.0025791480186004856,-0.003042068583523183,0.006243532496464033,-0.008153517254622988,0.012943795051150842,-0.013058811368437673,0.016736462961245646
2022-04-08,-0.01190893709078078,-0.021066740550443774,-0.01914070133443746,0.00198065823888105,0.018308234815888502,-0.014600098400519457,-0.04498523844072988,0.007805875227946402,0.0038399312885111225,0.021046416166261128
2022-04-11,-0.025516185813971082,-0.021613947156313595,-0.03349135413035775,-0.012519309158230962,-0.003670844800243711,-0.03943153068225791,-0.05199173745817198,-0.0038100783547845296,-0.010277396934313066,-0.03443103135350045
2022-04-12,0.011523812210811446,-0.002213363562407644,-0.00860890060601971,0.0003336020869824097,-0.010977382424407045,-0.01121767573030541,-0.018843920867874564,-0.0030094893645318255,-0.01559963291353994,0.02087043915136433
2022-04-13,0.016342444286699065,0.03152445706895657,0.017065434282610425,0.004224536571327153,-0.032233564323525976,0.01971196703045064,0.032505540803112076,0.0028299329458025824,0.008845908638613231,0.014135491714632575
2022-04-14,-0.029988354765261183,-0.024652684274885983,-0.024358218004643772,-0.004206764938995411,-0.009269349365578883,-0.027084321923559473,-0.0425616426694827,-0.005581547094850703,-0.0022507423687244676,0.011749898456539398
2022-04-18,-0.0013307629078626038,0.007109164667870926,0.007468618277376438,-0.012451442163434856,0.018553705653834074,0.0024655553233194905,0.024696299802647648,-0.009522521231328462,0.0017859559965514027,0.00819764680094659
2022-04-19,0.014115006061146351,0.03488883060861969,0.018268565773444045,0.030507953018301448,0.020706543994226223,0.017040060867986373,0.019051708254080424,0.014962351869009627,0.011868383707034358,-0.008921603059392824
2022-04-20,-0.0010153595479973632,-0.026041044919075107,-0.015144905836693479,0.004424255580895764,0.003508499251227759,0.0037154667648622297,-0.03225517605895689,0.026598147500672242,0.009689507889823146,0.0022791805878219495
2022-04-21,-0.004843706029809991,-0.037026427673936824,-0.025191354613385397,-0.002882214146299189,-0.007751997171292935,-0.019381304168012647,-0.06046931753547158,-0.0007801883749227745,-0.00615265255280395,-0.010573372930617997
2022-04-22,-0.02782117394930872,-0.026608937569704394,-0.04149354435918928,-0.00992600403258892,-0.02872248392622434,-0.02414427230890548,-0.0330971698389515,-0.008363799185950871,-0.03825387235477551,-0.021831252970235027
2022-04-25,0.006737057070412611,0.011943186356370372,0.028741479868707787,0.024622760253225406,-0.00031536057657255423,0.024413295576274807,0.01983110276682787,0.008061962637309072,0.008550657916808646,-0.03371315539134323
2022-04-26,-0.03732785814950701,-0.0457507730510871,-0.03594585563483055,-0.007150098229533497,-0.029581189976348177,-0.03740384097759031,-0.05597429583113733,-0.016979351002956,-0.04215278551619883,0.0003644513646030578
2022-04-27,-0.0014669386076847646,-0.008781047317448887,-0.036708843104494626,-0.013970066103857315,-0.013005998915177397,0.04810907267447906,-0.01985311846806259,-0.0026910746712038858,0.0646940664813791,0.028557821141318662
2022-04-28,0.04515551525404282,0.04653418536434306,0.036992113616292066,0.007468495272823894,0.015812819030422087,0.02263255439404821,0.07423312634875612,0.025414244677821163,0.03059185516044094,0.03024569274815314
2022-04-29,-0.036604948273659677,-0.140494377749234,-0.03723344944250517,-0.016352288939038395,-0.032268455192489,-0.041811981709679924,-0.06243071583985671,-0.01750183210747369,-0.034124879668391284,-0.022362570110482483
2022-05-02,0.001966565713195312,0.0017580913238786078,0.021676613085023,-0.01008560954034754,0.009131987319104695,0.025043275384095676,0.053162465840632445,-0.013516098270369592,-0.007507008047354602,0.013607446902232034
2022-05-03,0.009622676718778811,-0.0019799044812061073,0.006441769231886552,-0.0019591006622312612,0.021419661096589326,-0.009456188582313008,0.0035322780441291446,-0.013701179314280498,-0.014040872992834075,0.020599276153145052
2022-05-04,0.04100823284595689,0.01348046853293483,0.04199132381660231,0.010712876428733198,0.033081587291479586,0.02910063031600174,0.037343187519921495,0.007361685014164676,0.028576972576912718,0.03980047884198323
2022-05-05,-0.055716131901115906,-0.07561036490424522,-0.047075678662505505,-0.019090093945994813,-0.025019636000851553,-0.04355498135670832,-0.07327621973994058,-0.018429257279673927,-0.043259378498359924,-0.015158123259653045
2022-05-06,0.004727298615766484,-0.014041240035030156,-0.0065147634277393784,-0.0022063442831180557,-0.0016139846788973955,-0.009446345226472364,-0.008968402727687397,0.009970705148951708,-0.011791028347305721,0.015280545644810184
2022-05-09,-0.033189436043425946,-0.05213354825727934,-0.027953195218975102,0.005443333697179975,-0.015034029262729898,-0.03694529297736948,-0.09236944253111179,-0.0025002433505083577,-0.048417178101042735,-0.07885255762981913
2022-05-10,0.016112015475429065,0.0006434445934944133,0.01674494538231297,-0.0013536847380209993,-0.024372261997503863,0.018595587305280104,0.038052839854965104,-0.005269437339583072,0.0030049261445892483,0.006630235007164975
2022-05-11,-0.05184111611758835,-0.03203225709010704,-0.006927712018831134,-0.0054208135337078245,-0.0063084926096173,-0.03320969230828785,-0.05484496532810168,-0.014083581283836466,0.01622084111286415,0.02081879850537116
2022-05-12,-0.026894147258551104,0.014790404884573283,-0.006676769721028153,0.009879221987905806,-0.0008462245856611927,-0.01995797758513329,-0.02736050076539187,-0.0040626295431838155,-0.012096061337081299,0.004539631533782229
2022-05-13,0.03191630486229058,0.05727556035084924,0.028415308448327403,-0.005734627896940014,0.008895243690155041,0.022596472182919047,0.0946525702269283,0.010724054983238807,0.027117630467183407,0.029663930654575177
2022-05-16,-0.010672316698011608,-0.01985316173972196,-0.013834460957373174,0.0069548078798156165,-0.006969434485054493,0.001455321391141906,-0.024963302448974045,0.009764714568610389,-0.0071274093528727045,0.023519960784845084
2022-05-17,0.025422527017002983,0.04113327357999652,0.017720255266586715,0.004155735508276859,0.03314715823422376,0.020344286625519015,0.05288463722725023,-0.002836697544068012,0.03129254979934859,0.012754259886537334
2022-05-18,-0.056418991045063205,-0.07156196640827217,-0.039266614010629586,-0.01856640597967929,-0.017105858026021714,-0.04552979102542187,-0.06816322320790524,-0.06232210628132895,-0.01965685712273657,-0.015850465547390113
2022-05-19,-0.024641304841615086,0.0019278532990965047,-0.01354335427228226,-0.008888836949310086,-0.014822172801857048,-0.003699699480496532,0.010981336990315338,-0.02302822397003068,-0.013100792283649132,0.005405352854823464
2022-05-20,0.0017468940360028107,0.0025345295167615856,-0.013371511753015097,0.017477256578532163,-0.008198908225103385,-0.0022911735430012348,-0.025110714713033278,0.0006349171456720981,0.008410842636482618,0.007899959378147692
2022-05-23,0.04011913144052803,-0.0003160506951839226,0.023689682984148197,0.02041554853785943,0.061871576277158,0.03203207216111359,0.012219831135192427,0.02299187482643239,0.04285778775006355,0.022098889655443044
2022-05-24,-0.019215519376325707,-0.03214110432537598,-0.049494090828158144,0.0109223991256584,0.014125228570476045,-0.0039516290592309655,-0.044029202230176256,0.017787135817716404,-0.023752146739571267,0.005431827901908104
2022-05-25,0.001139880238830271,0.025696475417555487,-0.0015568414553017718,-0.00981238834325271,0.006964042331435882,0.011170175575327734,0.05082392904974142,-0.016392307201872902,0.0059714445703906716,0.02012722380538201
2022-05-26,0.023199211598985414,0.04029499229486544,0.01878433907298649,-0.0008907603468540914,0.017290329943235205,0.012875155405809302,0.0516046159276462,0.008745909754149128,0.023106377010215562,0.003530473164408132
2022-05-27,0.04075689379174707,0.036632083603781895,0.04196952985769187,0.009082920294759766,0.014137548433281744,0.02760432909255095,0.05377884764388807,0.015291912022359577,0.020762418409562722,0.009830485366502106
2022-05-31,-0.005346055022052654,0.04397010379074828,0.012869859669811579,-0.008614577924359157,0.007313368955756294,-0.005013832076912417,-0.007389099438441904,-0.005647883378385177,-0.0033352716339741795,-0.01629298584214578
2022-06-01,-0.0008735234650802948,0.012266042992872705,0.001142763966466731,-0.010137609091282807,-0.017545204876334597,0.0020231104226384744,-0.01885200527317643,-0.015147369727285809,-0.010557545993706619,0.019166802398379312
2022-06-02,0.016811266487608556,0.03145034300738625,0.032754617622878346,-0.003151217484308688,0.0160882078837139,0.00792871095547798,0.0694323791169047,0.010780036324010256,0.02438913970510037,-0.0017376304638618834
2022-06-03,-0.038555753480426835,-0.025185068024527135,-0.026198130943866138,-0.0041208140550809125,-0.013939664881645664,-0.016606975184594086,-0.044507958845246054,-0.008966788475490706,-0.011160214186904382,0.014538901059160558
2022-06-06,0.00522776561520355,0.01994280728922404,0.019901199926376734,-0.00011337681385914511,-0.003303408014962539,-0.004703209964455168,0.0035256498692444183,-0.0039071035112643315,0.0013638029197857726,-0.002523196962935237
2022-06-07,0.017585874297419313,-0.014344105316090427,0.0028163082326282396,0.010997827151039807,0.002620847837833118,0.013953077324462493,0.007452497115559842,0.011147777865017972,0.007326026814608921,0.04583187891776297
2022-06-08,-0.005043505547217664,-0.014796745486375773,0.0003798276747923879,-0.005943702199183276,-0.015914525402223156,-0.007669538055597336,-0.014480275318800029,-0.01245426655577464,-0.004662195663450164,0.011802236193625637
2022-06-09,-0.035955418344618795,-0.04150848957443054,-0.02012486535226532,-0.02013774916321731,-0.02101575789410015,-0.020783115771365712,-0.03217544296542574,-0.018054986021046937,-0.03461342701744352,-0.021608124969340614
2022-06-10,-0.03862890989235712,-0.05596211721574329,-0.031993529508480334,-0.0066776547882371196,-0.04596596035780098,-0.04456382460047048,-0.05950773154141642,-0.0037899853523519766,-0.03202190371258884,-0.01827432142897034
2022-06-13,-0.03828494036841368,-0.05453719355874542,-0.04290152303356476,-0.010084215425947618,-0.029778319800804143,-0.042412711458102215,-0.0781785444978651,-0.026770062147363993,-0.03633896916999435,-0.0458888361187072
2022-06-14,0.006672881061070557,-0.013118555361940287,0.003035989845548981,-0.015338463097848032,-0.016639189428885204,0.009205025387527765,0.012078981056000249,-0.03119789228335701,0.006553870162675279,0.0026083971398209727
2022-06-15,0.020111403695948438,0.052389802934770247,0.028571222494901516,0.010702199067215368,0.011835707869078949,0.029735302609535275,0.04363493647699723,-0.009937031401198837,0.013641810275118571,-0.01259129654716551
2022-06-16,-0.03965140525489552,-0.037243378610853584,-0.033990855924715624,0.0005293933706047582,-0.017156297087995487,-0.026970129220358685,-0.056029739888808106,0.006112791400546325,-0.03624588164204412,-0.03688471188430953
2022-06-17,0.011533202686732302,0.02469609751257895,0.010468304361176406,-0.003645394031300375,-0.0035263437152077692,0.01094030117196687,0.01788348490576208,-0.007200932883331124,0.005078080132638885,-0.05766492059018302
2022-06-21,0.03276064524868838,0.023159471438541024,0.041071028327423376,0.020949004527913928,0.024772207887093556,0.024591073228039217,0.0431988946170514,0.030296181883375572,0.023051376947099245,0.062238653492335594
2022-06-22,-0.003827293070822746,0.0024843268523027096,-0.000506424602285227,0.015779376959294655,-0.005611612399992194,-0.002404033361238178,-0.012434957860868123,0.015619262484647178,-0.0029323414778269496,-0.03957151422508909
2022-06-23,0.02157401954543925,0.0320330939965241,0.006767463017070874,0.022305693415549444,-0.010939357366902103,0.02263625903490296,-0.008251959261621256,0.02743720157374896,0.014549603481941897,-0.03016154890388134
2022-06-24,0.024517132578189438,0.03575237064906034,0.05107712846570078,0.01463874860370118,0.029845583133375042,0.03415041535639163,0.055531631950457294,0.014405955676709548,0.045107755161222673,0.01983327441849414
2022-06-27,0.0,-0.027820692849391482,-0.018152047192634635,-0.0009325762496399381,-0.008012566926402842,-0.01049698616669481,-0.015006650028473012,-0.007620333853137873,-0.00948865412604627,0.024511029511436133
2022-06-28,-0.029789697612374155,-0.05140434227234392,-0.033030114455463555,-0.028442904173184957,-0.004811596229820969,-0.03174911539599157,-0.05258139538575235,-0.016265291253961145,-0.02672415572320752,0.027743475150196595
2022-06-29,0.01302376338517286,0.014152668728781626,-0.0027319933490983495,0.0002826090428118544,-0.0044898665482527855,0.014737977135883984,-0.027531086297854612,0.009083036201563477,0.006965292669367074,-0.03693974323824967
2022-06-30,-0.01802758699176854,-0.024880638358707907,-0.02451624337387659,0.002938013384336857,-0.02333029886321225,-0.013179290045455816,-0.02464286059301446,0.011181417344619637,-0.013082492684581282,-0.028143547917711897
2022-07-01,0.01616415574385255,0.03154127203651247,-0.002069442452814818,0.011323341289151134,0.012787500604435786,0.01070749095755441,-0.04195521455421314,0.01613463024153261,0.01163070131771149,0.02230256809392439
2022-07-05,0.018930647527408917,0.035962053023039786,0.04161858557132514,-0.007687146932739308,-0.0038037060855744542,0.012597334283381612,0.03036557667604267,-0.009650340689201453,0.0068280545574452844,-0.03129648093362314
2022-07-06,0.009607125374448522,0.007312791463036872,0.011557086799182992,0.0008983530578468013,-0.006482058720158279,0.012782731720311968,0.011093373750571178,0.009329874739049338,0.0028920823840570264,-0.018040436578832697
2022-07-07,0.023999241130715276,0.01749322109655349,0.036754180715585116,0.0011212370989059917,0.0252929622789424,0.008226585121198449,0.04811626700457983,-0.00034239970030169875,0.00835330010080848,0.03194067926068689
2022-07-08,0.004715050181096414,-0.006791033294013538,0.004802918349610552,-0.0012321329686661997,-0.0031382982681040783,-0.0027569556722424338,-0.0012611051519390015,-0.00671247473734371,0.00379697315979044,0.001628969750750553
2022-07-11,-0.01475773009591208,-0.03280250030721621,-0.030807723054294245,0.0003925827130086823,-0.013116494447277471,-0.01176866260676801,-0.043313569065455915,0.0070337952528798375,0.007319344339235867,-0.00511139444111397
2022-07-12,0.0068335130297350055,-0.022639810105564928,-0.01431575492922299,-0.014017490008288336,0.00097466038702132,-0.0409813526212196,-0.004619971538819323,-0.008833334067483545,-0.0011704985261724588,-0.013311646332896165
2022-07-13,-0.002536771285183259,0.010803884746268588,-0.023390492751901304,-0.0023313689391346593,-0.00938288848786517,-0.00374515722075508,0.005436997070161986,0.006563085817510528,-0.003271234097473985,0.004023693177441334
2022-07-14,0.02048272235681403,0.002083294604712016,-0.008854676878013223,0.0013677309400319526,-0.034939138843537054,0.0053814988169389455,0.013716699637198015,-0.0029513160085510304,0.008621328189388544,-0.020037736920226257
2022-07-15,0.01144983708912295,0.02639434033114041,0.012775279182015042,0.014515167929868733,0.04583356998079258,0.010390441970240083,0.025370839171924287,-0.0013766030847656152,0.020057123320561976,0.016839144546100915
2022-07-18,-0.020642904799578976,0.0018493974357440823,-0.02457993928850777,-0.022443162819871243,-0.010269898790176368,-0.009621354150092798,0.021507293729599253,-0.012132393483599624,-0.01347338057794023,0.01845279300481595
2022-07-19,0.026721645617754808,0.03911741266419111,0.043841184019342005,-0.014577979021911047,0.024778563122703545,0.020766802294667874,0.055338386914335125,0.00509385933733042,0.03112761456281188,0.025203225090187464
2022-07-20,0.013509989287914248,0.03857539627705431,0.000790805367602454,-0.005708114733225855,-0.00017458126063740753,0.010557632465199918,0.04796343734684605,-0.01728672689037658,-0.0013573561286090996,0.010988810027480644
2022-07-21,0.01509429932401063,0.01515028639903937,0.0038629844737947394,0.0035145712508974913,0.006809858038459904,0.009799170551243908,0.013646508481552466,0.0009457009207534117,0.013216499023758654,-0.016696382694858403
2022-07-22,-0.008110781384729204,-0.017732481209791984,-0.0563232070119728,0.004728329008528487,-0.004855987205312884,-0.01691605368461535,-0.040498461513682305,0.0159838235110501,-0.011517760249909248,-0.007635280494759367
2022-07-25,-0.007398394802274666,-0.010455798059483823,-0.0036144015368411164,0.001975457957021254,0.004008297918279613,-0.005876562862492385,-0.01703345088893371,0.0067819126103729754,0.0026675957980857312,0.033302604656196166
2022-07-26,-0.008826564729786601,-0.052253606265046715,-0.023160797374112585,0.007074093937366133,-0.015622383117736782,-0.026774081867399824,-0.028841556144368674,0.0019447780682206872,-0.00830740321994583,-0.0038897714487750035
2022-07-27,0.03423479828360909,0.0536538959419941,0.07655695895265047,-0.0027636751584757535,0.01604665127944327,0.06685192629675218,0.07602970179739699,0.00949598153219755,-0.009506416759112901,0.0216446318178376
2022-07-28,0.0035718621840954423,0.010829110898360028,0.01026002753671662,0.005773341067902393,-0.003731348702651016,0.028540520391208357,0.010904972992371587,0.016616169927733848,0.004181335494438887,0.01168490195291838
2022-07-29,0.03279323884276408,0.10361464095050721,0.018385508528309558,0.0018372457259385744,0.004790384681964577,0.015665379523804646,0.009953320809968025,-0.06179938915265437,0.0035958697714282284,0.046308555609232416
2022-08-01,-0.006153341323242745,0.0032604850044939404,-0.012551439920753249,-0.0034952474153371327,-0.009968664171580932,-0.009724380936245058,0.01530599511661368,0.028723635986299678,-0.003536027705436595,-0.025276085857890207
2022-08-02,-0.009287496347489266,-0.009084834427092181,0.002350527310606365,-0.005692756761674911,-0.015585348116858966,-0.011474274355816494,0.004608972197540417,-0.00664789955163958,-0.024129360937766187,-0.004339346380987319
2022-08-03,0.038247565455158616,0.039952299225118226,0.025623350137404355,0.009657690197888646,0.010495360565194956,0.027836215830954636,0.01981010455533716,0.020641178370597757,0.010763014867813725,-0.032423045471477785
2022-08-04,-0.001926312909669381,0.021860686341448332,0.0009314937515934041,-0.016037362379534903,-0.011002422296262582,0.004177449188847326,0.017043315368402867,-0.0015875708123336274,0.023935270734126046,-0.04207849368088268
2022-08-05,-0.0013887585095957444,-0.012414983387324718,-0.006091861404194154,-0.003958305213762281,0.030259847303206522,-0.002608842821806956,-0.011761740787804342,0.0004839470732598272,0.011242669366644975,0.01445104522165086
2022-08-08,-0.0029032084006164194,-0.009872154542052702,-0.0014472176393991454,-0.005318330184436171,-0.012180390796122431,-0.00915488914271445,-0.06298370087448402,0.0038004359692784817,-0.011812622926669958,0.005653050999094633
2022-08-09,0.0003032902228170542,-0.011333489631663474,-0.005711825209198218,-0.00011752018721122859,0.00900730014076312,0.007063449296923707,-0.03973457966388505,-0.002340518255463442,-0.014344624306492748,0.01843727533028572
2022-08-10,0.02619446403509662,0.0352608325167747,0.026322538374028426,0.00287928111053537,0.026087896855559123,0.024300352309857498,0.05917094518920174,0.009452855893299139,0.008751115526444364,0.009493374306485558
2022-08-11,-0.00443133212370006,-0.014366830308238487,-0.0071845529218553805,-0.0206831856954377,0.014781392018496486,-0.007400764826781758,-0.008564887964936818,-0.0071085857395553065,-0.003046486573425544,0.028927707114181134
2022-08-12,0.02142547638128356,0.020691152408548463,0.023897630068997477,-0.011008571591627159,0.016564036346498945,0.017037009604362607,0.04274901390947039,0.009706726728854642,0.0011845162782435636,0.008692184823103188
2022-08-15,0.006333549160149499,-0.0025775713556979163,0.003287374984676017,0.004779133303848937,0.0027022488112140586,0.005344282088194374,0.01726429672896912,0.012885809096635503,0.024085507140274354,-0.017872206634576115
2022-08-16,-0.0009239585273205231,0.0111747882760318,-0.0031126756558423896,0.008910662213294618,0.00955415383776459,-0.002589795093855929,-0.00803899414137188,0.009221994026660463,0.0033268088552425024,-0.00931560099199169
2022-08-17,0.00878451093156829,-0.01851079360669594,-0.017666331757705378,5.978453042065901e-05,-0.00841220964406908,-0.002636281985729738,-0.028815182009658935,-0.004602069052013991,-0.012065863886442041,0.008090888252560546
2022-08-18,-0.002291676703234047,0.0014074379989574837,0.005185960409955337,-0.0048337757294426575,-0.007749487968313429,-0.00394764279116,0.02388880439247809,0.0035513311095860534,0.0034029156049106835,0.023644365380370624
2022-08-19,-0.015101882054267213,-0.02860159688639219,-0.02463176421072799,0.015230802769606644,-0.024745255868240723,-0.013853611931387788,-0.049219838314191744,-0.0002672799281084881,-0.01128906475472169,-0.003178583079866182
2022-08-22,-0.023029168001832745,-0.036243902638259384,-0.025339179612186014,-0.0035080294863416572,-0.016521844757101722,-0.0293553441859411,-0.04566054007530562,-0.002671042542345403,-0.019782160938631166,-0.0007442027597044376
2022-08-23,-0.0020290873262602815,0.003002506326521548,-0.0033262235820816777,-0.008712083072136001,-0.0098570195302784,-0.004716520900360122,0.008629690757811836,-0.01928632347130621,-0.00867636035899011,0.04244241691758477
2022-08-24,0.0017938746893948476,0.001347163157822573,-0.0014931024372918378,-0.0033103862369847636,0.0024241165111642538,-0.0023513894967626126,0.0023865469021924213,-0.0043017604072431714,-0.0006285929430036585,0.005918379674148211
2022-08-25,0.014922805747265677,0.026008936084948253,0.026035634837361377,0.009360891449287312,0.023747801447324912,0.011095564604484798,0.04012275924889597,-0.0008229833706607792,0.01524164255329441,0.005173327283539919
2022-08-26,-0.037699330851321156,-0.04756700784791723,-0.05409344300068275,-0.017112433358914325,-0.03272906438017875,-0.03858699320568226,-0.0922791869110341,-0.023404330968900378,-0.03302837414764781,-0.012311793058898957
2022-08-29,-0.013689913782080398,-0.007342307563037775,-0.008337839088760068,-0.007731060413859958,-0.0024415016753214225,-0.010668143451642798,-0.028228848199003398,-0.004216765855367011,-0.0027602422918914238,0.022989489194767954
2022-08-30,-0.01530569688881478,-0.008167020675137082,-0.004386655086159874,-0.003496888825067046,0.00017484070110107552,-0.0085209752056995,-0.02107443000913234,-0.010656948707332137,-0.004695168075838141,-0.03805439402411137
2022-08-31,-0.010635039858413409,-0.015225659516225343,-0.006609256534239716,-0.006710425392963515,-0.005943617806233759,-0.005704056682215519,-0.02417902879172984,-0.01597958569666935,-0.013258561368171606,-0.007475906625730611
2022-09-01,0.004706750035962104,0.008282741023605045,0.014045437892724832,0.024792169408922815,0.006858285233705574,-0.004092256978643016,-0.07665312415813386,0.012324273613055103,0.00714623240693002,-0.017993317573638645
2022-09-02,-0.013610900449822938,-0.002425266463259912,-0.01722240431068267,-0.01572512912569224,-0.006986300128530409,-0.01666679055951037,-0.02080777617411056,-0.01776013275442978,-0.011842384918047455,0.018323009298857773
2022-09-06,-0.008215382033919583,-0.010979542799969155,-0.009643109734817745,0.0027035790306375596,0.000263755853922909,-0.010973906043466042,-0.013336370877722992,-0.011154722112964754,0.004449825624816217,-0.006695173217571404
2022-09-07,0.009254186200828851,0.026722663554652915,0.02471680693003675,0.005454083176644753,0.018990784811080186,0.01911158960305359,0.018795048432224792,0.015114896352640184,0.008960885804235597,-0.008530700181624717
2022-09-08,-0.009617816785588373,0.0026259778181887405,-0.009776127427356118,0.008045508548197411,0.023295907900265034,0.0016660596460695842,0.020125525815638534,0.0013071548894250107,0.0014470526764323033,0.00817926884939002
2022-09-09,0.018839578793815814,0.02657523304266962,0.020944799228051147,0.0019346412166207916,0.004806148844981983,0.022977037450806925,0.02837730788491344,0.015232997540266746,0.022370612182802452,0.016752734077377207
2022-09-12,0.03850793398380259,0.023861278411006825,0.0018979322319103709,-0.00042252033379108767,0.011831643656947888,0.008280856449405238,0.008201844614297515,0.008145027810047889,0.0069688195443846634,0.01150243080931368
2022-09-13,-0.05867937918796373,-0.0705752837581286,-0.05899341724172913,-0.026020118045557594,-0.034748494824795584,-0.05497831701202416,-0.09472586065165334,-0.02069453633009699,-0.033683387950975585,-0.023358116201043888
2022-09-14,0.009555254106591082,0.01364140798846103,0.006518362273376432,0.02064084804205124,-0.002319862157077801,0.0009126812481663471,-0.00022832493084001815,0.0023882462813171745,-0.001302235953449249,0.02454614826352186
2022-09-15,-0.01893003110302549,-0.0176585314552421,-0.01990470909708808,0.002550668054984939,0.015070495280484764,-0.02711924095026974,-0.015158528354441203,-0.007725198945047529,-0.020259813217797795,-0.029077406384536264
2022-09-16,-0.01095992310773053,-0.021777003694830932,-0.0010688056541838797,0.015265484377516625,-0.006702168096677452,-0.0026080444880504094,0.02080589349344142,0.0061117093664762034,-0.010595325489071161,-0.01708308098541167
2022-09-19,0.02508280242689076,0.009147615105472573,0.0026262798397158615,-0.007876052851156556,0.00922454722626398,-0.0008990142865529238,0.01394143366413636,-0.0020969697692129197,-0.000879214888732216,-0.00010735997102950812
2022-09-20,0.015665557015079212,-0.019813903001303146,-0.01872502492373529,-0.007878015163296892,-0.01971912380223939,-0.008465521085250782,-0.015393696222421482,-0.003551252799346427,-0.005488786489231012,-0.008154577869139312
2022-09-21,-0.020267681158616324,-0.02987152347123645,-0.018390338708074383,-0.010244231748611554,-0.028835405916514123,-0.014435968721981274,0.006451005747981409,-0.012872580492848229,-0.0262924179878421,-0.016118480648568356
2022-09-22,-0.006375243802593467,-0.010376272544574294,0.00866235529759174,0.017760645354461868,-0.01137865822024331,0.008495370948176095,-0.052786398812641466,0.0035365902546147243,-0.006577097999020509,-0.004178108887182397
2022-09-23,-0.015123829047081538,-0.03009120154088929,-0.013980507273301135,0.003249405041757303,-0.018613460655178216,-0.012698013192182889,-0.003582497374149507,-0.004625404929764376,-0.009849506793363827,-0.05321867117911161
2022-09-26,0.002260281983997414,0.012040804722097675,-0.005772629055906586,-0.006117896927399724,-0.02153208531896933,-0.001975510966513383,-0.023010524895827666,0.0009588927236052758,-0.018319294079776727,-0.020641388451879794
2022-09-27,0.00656637598582499,-0.006426381710496365,-0.006824943916707293,-0.004586613469971579,-0.00880233611006953,-0.004379832569029851,0.015129135481546596,-0.0274849773928888,-0.015061597757307754,0.02095748152125476
2022-09-28,-0.012651732502598434,0.0314657666190894,0.026153852347918782,0.008609076596195031,0.020217478697025282,0.019711607462147285,0.026021207668575075,0.0,0.0073650094144463996,0.036389344874877105
2022-09-29,-0.049119100982796926,-0.027201076403397084,-0.026286816479417996,-0.01100017444201562,-0.01694611464722351,-0.014809043446471604,-0.040515107440160514,-0.02485234632175093,0.004910984784730843,-0.0020258163949629093
2022-09-30,-0.030039290776180505,-0.015679468675155683,-0.018168804699827845,-0.007111016911914847,-0.015636798098958904,-0.01936861367507614,-0.00662865985704808,-0.019036470117374193,-0.013384295037034866,-0.015448837777897073
2022-10-03,0.030752638684753864,0.025486701357681163,0.03125974452888092,-0.0009796534475928764,0.030909137937068065,0.033662663592431086,0.0307276576799298,0.017900990241467296,0.022516023097628235,0.052800136033387624
2022-10-04,0.02562316147165844,0.04496029692750958,0.03041355629070086,0.01482845298534885,0.04678353942249469,0.033812494018553796,0.052349719744596124,0.012372527433191172,0.022020388358161558,0.03644495562272443
2022-10-05,0.0020531043122318238,-0.001156159830559278,-0.002065949850754256,-0.003079110935090834,-0.012346770115807426,0.001285651992242176,0.003189842458870995,-0.006917926441060707,0.010880758130046742,0.04041145362933163
2022-10-06,-0.006625526623938338,-0.00537407121029132,-9.865088839300373e-05,-0.01938107448657167,-0.020382266676654437,-0.009670994581833181,-0.005980791376971717,-0.021052293105085607,-0.011083360304372292,0.029660925332431365
2022-10-07,-0.03671882072426136,-0.04771409266460691,-0.027016389730097123,-0.01056160568933795,-0.01997403194841918,-0.050852848762863445,-0.0802742670874107,-0.017473346618661068,-0.009483074758008025,-0.01009216399446855
2022-10-10,0.0023556586291044734,-0.007768849586377025,-0.008309659013352233,0.0013110519973820178,-0.009341362090690808,-0.02130301803057133,-0.03362029777145625,-0.004103985313249292,-0.00897583968049298,-0.021676817869652698
2022-10-11,-0.010254818548201872,-0.012844190270001499,-0.0069487354380630695,0.01446281670948224,-0.028859967873067216,-0.016750100705722692,-0.007197973560270077,0.00379785232775931,-0.016686755505893824,-0.008498347036048348
2022-10-12,-0.004605118575428446,0.006149206372302096,0.003910302399358967,-0.0002457570325344882,0.016182913287193568,0.0015082529776528908,-0.0074228673593609296,0.0016098589083666237,-0.005023788378000105,0.004387750558069392
2022-10-13,0.033612807113205356,-0.00327726077574253,0.015375315424262181,0.015120857280755073,0.05559305909877987,0.0376079912458851,0.0400000465548922,0.015108729908177798,0.036018757375430255,0.03494874626367217
2022-10-14,-0.03223981636071893,-0.05003107895219994,-0.02523738771646089,-0.004178244002445708,0.016640642832929986,-0.02424874411089928,-0.06128754647095702,-0.009737852901208655,-0.011047371676174533,-0.02630819271399265
2022-10-17,0.029122898375042228,0.06445275295885255,0.03531490293559103,0.01295151384574722,0.042000172459269125,0.03924583245285462,0.05887590489147865,0.01806857218698399,0.014401418002710109,0.014416797008643956
2022-10-18,0.009409379670090479,0.022585461588422673,0.008002402198935998,-0.0034815728139974134,0.025720730746050524,0.0040837901134089805,0.006645219078874165,0.008088477609495826,0.010364482345667225,0.001788963000071142
2022-10-19,0.0007651188004804688,-0.01108629175628062,-0.011312984473919818,-0.007951181139315144,-0.0196062830946363,-0.008469762724703567,0.0070194135549361825,0.009270140919532599,-0.004060616792140426,0.0296627006835386
2022-10-20,-0.0032670964234272626,0.0015642678860967596,0.003412720375564504,0.0025503063445622143,-0.0032613655535614905,-0.0013953246011358944,0.01186626195374596,-0.012880270192799026,0.004345461995724165,0.0013487425862452884
2022-10-21,0.027059292200876328,0.03531453097461368,0.01160346778974608,0.02180363152777587,0.05252721174236563,0.025280421153534016,0.022305929763283716,0.012520766129456407,0.016824989005276736,0.01857026627126679
2022-10-24,0.014802369975025043,0.004190412347291339,0.01374462689040179,0.013454958481655233,0.001227103350072145,0.021187984940909566,0.01066918746972112,0.006143968660590193,0.0017861537932211125,0.00699054031340296
2022-10-25,0.019337704097588837,0.006509754475742646,0.01911821069951003,-0.001578892387589681,0.0026150051618989423,0.013791573658405554,0.05254375946486167,0.011517402423073975,0.019243679449361784,-0.006754181813524163
2022-10-26,-0.019627119121368497,-0.040961814879887926,-0.09140515151055273,0.008786525407852963,0.011491357130757551,-0.07715620805054157,-0.02752424537638054,0.007030418542595784,0.0460438071551692,0.011900133036246263
2022-10-27,-0.030465373681573094,-0.04063638620803933,-0.028547182948020167,0.0005808177815584958,0.003948191019469194,-0.019756398034878164,0.021712200291111206,0.0007588202958290768,0.004721516286527505,0.0038267141491956647
2022-10-28,0.07555259952244509,-0.06804249715805744,0.044133569035540665,0.014856750116022166,0.011878003540595872,0.040220530639967,0.04993926083534883,0.025326203614881138,0.024719835609621654,0.029288706290795608
2022-10-31,-0.015410564472504995,-0.009380148789788212,-0.018485780248975292,-0.005146580812174784,-0.0015863736196362055,-0.015856111173791487,-0.024360305039225927,-0.004067491268464396,-0.010413784963755335,0.0009937500692813739
2022-11-01,-0.017542653923706908,-0.05515425020719422,-0.042746823227828745,-0.005058412327534567,0.018033076145292037,-0.017059429702648066,0.0034082178879446534,0.001559108691342681,-0.0011102575269743564,0.009926621284974457
2022-11-02,-0.037305138694716855,-0.048248766657425834,-0.038686865421231786,-0.015367864560263955,-0.009207934236123538,-0.03536838460620595,-0.02392395804022629,-0.014383084719724604,-0.02889855307222322,-0.020551998176999486
2022-11-03,-0.04240506729322269,-0.030612240672440172,-0.04070362877174727,0.0017015644751505743,0.001811460362620032,-0.0265786410610378,0.015280913080969905,-0.006845043277987628,-0.03085369931576054,0.013593579718082616
2022-11-04,-0.0019469678460432016,0.01881299269611514,0.03775602386296284,0.004451944950923492,0.0273584225319492,0.03332541014962764,0.054765145591895825,0.018253414992865036,0.011450510970946404,0.010891194692987938
2022-11-07,0.0039020925429629205,-0.00494619214148917,0.022060511340653344,0.008747371101515133,0.00528016299617029,0.029269641556041393,0.010243031226225163,0.015322660741226235,0.01583944143557936,0.011842229791857228
2022-11-08,0.004175230554761322,-0.006075283660437414,0.0046334499966380616,0.0049715195994699535,0.0006090605763049428,0.004388477840545413,0.0210476064859757,0.00227109387636637,0.008395713504558033,0.003167842256694753
2022-11-09,-0.03319010271535261,-0.042676192754212194,-0.017772729531702725,-0.007995711718348009,-0.013008813162692423,-0.019050060403418834,-0.05656774733891268,-0.0024120709262870355,-0.036755679489073656,-0.0447368065971222
2022-11-10,0.08897465508439506,0.12177847617944293,0.07581289903851274,0.011713330136047695,0.04115928150143655,0.08226795097856754,0.14329256084418374,0.034437283505040384,0.060021873036984585,0.014692461034637283
2022-11-11,0.0192687791407109,0.0430508514990382,0.026293436100460088,-0.029919135285062293,0.0016285921942884585,0.016997287501522074,0.03663482888225311,-0.001487571180133096,-0.0027729963989852058,0.03122159206439079
2022-11-14,-0.009485841673828599,-0.022819754250081425,-0.007364287365762778,0.015716436975100834,-0.010273412287623906,-0.022500087886490383,-0.001959740415787281,7.096482064139487e-05,0.009073287420152898,0.002919275591324988
2022-11-15,0.011869709787003302,0.004569038353104293,0.02863115966728813,0.0027922960769917182,-0.007243614323912739,0.0017386404933710242,0.02276784079889671,-0.0034753709721881965,0.015131029470948576,0.006703697536765141
2022-11-16,-0.008331230375264287,-0.018394983322363,0.004164958536116314,0.0062069781460649676,0.001353780985076325,0.001823685275107234,-0.04536188604576108,0.008897340771539586,0.0007143131685958259,-0.010689539239569279
2022-11-17,0.012971344648295746,-0.02337318995330062,-0.004957099775045326,0.008070790815701168,-0.004356908764851397,-0.00020690102898690554,-0.01464498517901014,-0.0061380415413904155,0.004044910167136262,0.0013284505795809753
2022-11-18,0.0037817340935719646,-0.007485493894513584,-0.009454940195296468,0.007663354456725724,0.00980819278242362,-0.0019033379386509397,-0.017094948525373854,0.012067838824225685,-0.0009004142707862428,-0.00866801936235262
2022-11-21,-0.021680150646122276,-0.017845764989037338,-0.01878290777196967,0.005140943189444913,-0.005902230960759702,0.0034408949683888412,-0.005970815440844546,0.01269532645643956,-0.021252333544228952,-0.009903579288676356
2022-11-22,0.014661094488305437,0.008003437930963697,0.01516752992750292,0.004830347154728631,0.014956577246620695,0.012311419991233086,0.04707212491547996,0.008588451495729066,0.019435591232745297,0.028926861928849412
2022-11-23,0.005926364494923453,0.009978544373689724,0.014528500640905051,0.001074293632102652,0.010663487460779386,0.010406896318066794,0.029991200851575917,0.005699816543391245,0.006656121666294812,-0.00499214288020311
2022-11-25,-0.019593551094240103,-0.0076489282090407285,-0.010156489408939429,0.001299437018839944,0.0019052882383516767,-0.0003634572223399912,-0.015073324210682748,0.0018438974168557554,0.009729526635527508,-0.0035208081952583514
2022-11-28,-0.026264318910506623,0.00578089353348199,-0.014467383862532324,0.0005078859642480005,-0.01747861369881787,-0.023152412428796065,-0.027228269945548722,-0.0008182040148683178,-0.011834017625232507,-0.030032835884412634
2022-11-29,-0.021148252099637777,-0.016285245651894598,-0.008953736224751485,-0.0069926110844027445,0.016449730165407184,-0.005915193959109999,-0.011878440206676166,-0.007639748290794168,-0.010413785838491618,0.00664802613962312
2022-11-30,0.0485937830454608,0.04457912603558589,0.06093095048055397,0.010846790239654958,0.011862506075043688,0.061623832805525414,0.08237954710982387,0.02529559126633618,0.03797963693358919,0.007236871034314252
2022-12-01,0.0018916305855647408,-0.010772746070691896,0.0,0.004157403252353253,-0.014039312933318948,-0.0017638689013065312,0.012527255325597064,0.0006032789352194978,0.0,-0.004849844535337988
2022-12-02,-0.003371407011547256,-0.01434557849824114,-0.005446160733727612,0.0007830467772342864,-0.007927217290739308,0.0012957401702373694,-0.015115310440630969,0.009112434510741174,0.0030413455731526096,-0.008483580080233089
2022-12-05,-0.007983129404363964,-0.033145598727553405,-0.009557855132766413,-0.0005590704671616376,-0.028040874064132137,-0.0189003777946376,-0.015762206611511287,-0.01009246603520464,-0.018285339046541726,-0.027398633856776766
2022-12-06,-0.025369950443271727,-0.03032636052572657,-0.025130837390246685,-0.014990467701835986,0.0016745219928826494,-0.020303859476360597,-0.03750738279935495,0.0012746723423322504,-0.02152734570880732,-0.02779594999455237
2022-12-07,-0.01378497685962865,0.0023795930251859776,-0.02103520751945409,0.006076211348000626,-0.0006836773990634981,-0.003059569835582643,0.008319054525714353,0.00643069621460457,-0.006074438291733486,-0.0022139640990883613
2022-12-08,0.012132790839168184,0.021365582288144003,-0.012955586244290607,0.00016913958986375377,0.010494283032992602,0.012399202734545867,0.06507471316708702,0.007188418582372069,0.006207642598099694,0.007428704280435294
2022-12-09,-0.003434794385538953,-0.01394579034322141,-0.009390544403193535,-0.008239129230075748,-0.005418380436731152,-0.008003334516559768,-0.009785176158444875,-0.0026435554231128977,-0.0019129677975634474,-0.008427566342671167
2022-12-12,0.01638992633538594,0.01638799835988136,0.005170610238139917,0.01194928801682038,0.015511347494185479,0.02888916185960766,0.03141001920581843,0.01027081837329269,0.02822242629541405,0.02462823012710169
2022-12-13,0.006782429669867529,0.02142456926150338,0.024863332264276172,0.0077037817052767465,-0.0009685096550933192,0.017464739888704006,0.03062430223277879,-0.0015086447215617582,-0.007223131607543731,0.010934167286981822
2022-12-14,-0.015535684455290966,-0.009838858835905628,-0.005855888558549127,0.003068800683569517,-0.004997064498331705,0.001167765684559674,-0.022022914078235867,0.003941259902104255,0.0013143784855360607,-0.007365989374092385
2022-12-15,-0.04685462217107783,-0.034177820705733164,-0.04428307481258742,-0.012627842971184577,-0.024810835910406337,-0.03191832514741877,-0.040851104883847356,-0.01131907853760128,-0.025360867580941915,-0.009581040164868937
2022-12-16,-0.014578856344021007,-0.006670394101153776,-0.006603651869549365,-0.010254063316141315,-0.0062260519300493256,-0.017348658513174908,-0.022475241104981114,-0.004433820555876045,-0.004906164312105776,-0.007018192290061953
2022-12-19,-0.015909317444320115,-0.033462353983410575,-0.020163856866659113,-0.0010816150835755156,0.005955661024551473,-0.01732798806781577,-0.019130057814803925,-0.0002662126619534799,-0.010005240479530442,0.004488964271283313
2022-12-20,-0.0005289427335085639,0.0031795134041781026,0.00655806730702535,0.0010827862415065947,0.004843952959980635,0.005614303571036983,-0.010397064242108067,0.0003989811489457651,0.0026363910572513305,0.014452918990781827
2022-12-21,0.02380962434574374,0.018546709195681466,0.006290705198817692,0.01144200976820997,0.011248156393664832,0.010876846886524572,0.025862573022966684,0.009172018611102617,0.007060884772621456,0.012840788016796445
2022-12-22,-0.023772595846394684,-0.034343619255829294,-0.020317005221841655,-0.0036583575906378174,-0.011350035856388385,-0.025528796803810705,-0.07041997679358525,0.002305079093349427,-0.008461895854790291,-0.02017377074228477
2022-12-23,-0.002798079425883837,0.01742450254827599,0.016750283749629613,0.002541869140711972,0.004745091310570659,0.002267042730418334,-0.008670807295509175,0.002825203160584211,0.003754877213298702,0.026444801664392337
2022-12-27,-0.013878370915010207,-0.025923742926365456,-0.020621146301657234,-0.0002817878932340756,0.003503788626633586,-0.007414050653114845,-0.07135319321189282,0.008714688974963192,0.0022349808268142812,0.013894007297307942
2022-12-28,-0.030685322908916457,-0.01469172937442731,-0.015676734218189936,-0.0043394612247634745,0.005465521563731146,-0.010255009637044066,-0.006019581814573516,-0.01292633696542922,-0.006301851148832416,-0.016426017298995954
2022-12-29,0.028324475419782447,0.02884381103830358,0.02824919926823477,0.0050943850401423685,0.0057374919750814435,0.02762965950272278,0.040396094512141545,0.0041458000118037575,0.014976319680754635,0.00756595243099123
2022-12-30,0.00246876213728231,-0.002138278742257471,-0.002487159985450016,-0.005125105420568543,0.006605696181805287,-0.004937484445830087,0.0007533508403951839,-0.006750236330508752,-0.0014418785186841587,0.01007315626400307
